day_type,hour_of_day,category,item,qty_active
November,0,A,LED Light,1.0
November,0,A,Ceiling Fan,1.0
November,0,A,Television,0.0
November,0,A,Iron,0.0
November,0,A,Refrigerator,0.25
November,0,A,Washing Machine,0.0
November,0,B,LED Light,0.0
November,0,B,Ceiling Fan,1.0
November,0,B,Television,0.0
November,0,B,Iron,0.0
November,0,B,Refrigerator,0.25
November,0,C,LED Light,0.0
November,0,C,Ceiling Fan,0.0
November,0,Misc,Hospital,0.7
November,0,Misc,Street Light,40.0
November,0,Misc,Cold Storage,3.0
November,0,Misc,School,0.0
November,0,Misc,Others,0.2
November,1,A,LED Light,1.0
November,1,A,Ceiling Fan,1.0
November,1,A,Television,0.0
November,1,A,Iron,0.0
November,1,A,Refrigerator,0.25
November,1,A,Washing Machine,0.0
November,1,B,LED Light,0.0
November,1,B,Ceiling Fan,1.0
November,1,B,Television,0.0
November,1,B,Iron,0.0
November,1,B,Refrigerator,0.25
November,1,C,LED Light,0.0
November,1,C,Ceiling Fan,0.0
November,1,Misc,Hospital,0.7
November,1,Misc,Street Light,40.0
November,1,Misc,Cold Storage,3.0
November,1,Misc,School,0.0
November,1,Misc,Others,0.2
November,2,A,LED Light,1.0
November,2,A,Ceiling Fan,1.0
November,2,A,Television,0.0
November,2,A,Iron,0.0
November,2,A,Refrigerator,0.25
November,2,A,Washing Machine,0.0
November,2,B,LED Light,0.0
November,2,B,Ceiling Fan,1.0
November,2,B,Television,0.0
November,2,B,Iron,0.0
November,2,B,Refrigerator,0.25
November,2,C,LED Light,0.0
November,2,C,Ceiling Fan,0.0
November,2,Misc,Hospital,0.7
November,2,Misc,Street Light,40.0
November,2,Misc,Cold Storage,5.0
November,2,Misc,School,0.0
November,2,Misc,Others,0.2
November,3,A,LED Light,1.0
November,3,A,Ceiling Fan,1.0
November,3,A,Television,0.0
November,3,A,Iron,0.0
November,3,A,Refrigerator,0.25
November,3,A,Washing Machine,0.0
November,3,B,LED Light,0.0
November,3,B,Ceiling Fan,1.0
November,3,B,Television,0.0
November,3,B,Iron,0.0
November,3,B,Refrigerator,0.25
November,3,C,LED Light,0.0
November,3,C,Ceiling Fan,0.0
November,3,Misc,Hospital,0.7
November,3,Misc,Street Light,40.0
November,3,Misc,Cold Storage,5.0
November,3,Misc,School,0.0
November,3,Misc,Others,0.2
November,4,A,LED Light,1.0
November,4,A,Ceiling Fan,1.0
November,4,A,Television,0.0
November,4,A,Iron,0.0
November,4,A,Refrigerator,0.25
November,4,A,Washing Machine,0.0
November,4,B,LED Light,0.0
November,4,B,Ceiling Fan,1.0
November,4,B,Television,0.0
November,4,B,Iron,0.0
November,4,B,Refrigerator,0.25
November,4,C,LED Light,0.0
November,4,C,Ceiling Fan,0.0
November,4,Misc,Hospital,0.7
November,4,Misc,Street Light,25.0
November,4,Misc,Cold Storage,5.0
November,4,Misc,School,0.0
November,4,Misc,Others,0.2
November,5,A,LED Light,2.0
November,5,A,Ceiling Fan,2.0
November,5,A,Television,0.0
November,5,A,Iron,0.0
November,5,A,Refrigerator,0.25
November,5,A,Washing Machine,0.0
November,5,B,LED Light,1.0
November,5,B,Ceiling Fan,2.0
November,5,B,Television,0.0
November,5,B,Iron,0.0
November,5,B,Refrigerator,0.25
November,5,C,LED Light,1.0
November,5,C,Ceiling Fan,0.0
November,5,Misc,Hospital,0.7
November,5,Misc,Street Light,15.0
November,5,Misc,Cold Storage,5.0
November,5,Misc,School,0.0
November,5,Misc,Others,0.2
November,6,A,LED Light,2.0
November,6,A,Ceiling Fan,1.0
November,6,A,Television,1.0
November,6,A,Iron,0.0
November,6,A,Refrigerator,0.25
November,6,A,Washing Machine,0.0
November,6,B,LED Light,1.0
November,6,B,Ceiling Fan,1.0
November,6,B,Television,1.0
November,6,B,Iron,0.0
November,6,B,Refrigerator,0.25
November,6,C,LED Light,1.0
November,6,C,Ceiling Fan,0.0
November,6,Misc,Hospital,0.7
November,6,Misc,Street Light,5.0
November,6,Misc,Cold Storage,5.0
November,6,Misc,School,1.0
November,6,Misc,Others,0.2
November,7,A,LED Light,1.0
November,7,A,Ceiling Fan,1.0
November,7,A,Television,1.0
November,7,A,Iron,0.0
November,7,A,Refrigerator,0.25
November,7,A,Washing Machine,0.0
November,7,B,LED Light,1.0
November,7,B,Ceiling Fan,1.0
November,7,B,Television,1.0
November,7,B,Iron,0.0
November,7,B,Refrigerator,0.25
November,7,C,LED Light,1.0
November,7,C,Ceiling Fan,0.0
November,7,Misc,Hospital,1.0
November,7,Misc,Street Light,0.0
November,7,Misc,Cold Storage,5.0
November,7,Misc,School,1.0
November,7,Misc,Others,1.0
November,8,A,LED Light,1.0
November,8,A,Ceiling Fan,1.0
November,8,A,Television,1.0
November,8,A,Iron,0.0
November,8,A,Refrigerator,0.25
November,8,A,Washing Machine,0.0
November,8,B,LED Light,1.0
November,8,B,Ceiling Fan,1.0
November,8,B,Television,1.0
November,8,B,Iron,0.0
November,8,B,Refrigerator,0.25
November,8,C,LED Light,0.0
November,8,C,Ceiling Fan,0.0
November,8,Misc,Hospital,1.0
November,8,Misc,Street Light,0.0
November,8,Misc,Cold Storage,5.0
November,8,Misc,School,1.0
November,8,Misc,Others,1.0
November,9,A,LED Light,1.0
November,9,A,Ceiling Fan,1.0
November,9,A,Television,1.0
November,9,A,Iron,0.0
November,9,A,Refrigerator,0.25
November,9,A,Washing Machine,0.0
November,9,B,LED Light,1.0
November,9,B,Ceiling Fan,1.0
November,9,B,Television,1.0
November,9,B,Iron,0.0
November,9,B,Refrigerator,0.25
November,9,C,LED Light,0.0
November,9,C,Ceiling Fan,0.0
November,9,Misc,Hospital,1.0
November,9,Misc,Street Light,0.0
November,9,Misc,Cold Storage,5.0
November,9,Misc,School,1.0
November,9,Misc,Others,1.0
November,10,A,LED Light,1.0
November,10,A,Ceiling Fan,1.0
November,10,A,Television,1.0
November,10,A,Iron,0.0
November,10,A,Refrigerator,0.25
November,10,A,Washing Machine,0.0
November,10,B,LED Light,1.0
November,10,B,Ceiling Fan,1.0
November,10,B,Television,1.0
November,10,B,Iron,0.0
November,10,B,Refrigerator,0.25
November,10,C,LED Light,1.0
November,10,C,Ceiling Fan,1.0
November,10,Misc,Hospital,1.0
November,10,Misc,Street Light,0.0
November,10,Misc,Cold Storage,5.0
November,10,Misc,School,1.0
November,10,Misc,Others,1.0
November,11,A,LED Light,1.0
November,11,A,Ceiling Fan,1.0
November,11,A,Television,1.0
November,11,A,Iron,0.0
November,11,A,Refrigerator,0.25
November,11,A,Washing Machine,0.0
November,11,B,LED Light,1.0
November,11,B,Ceiling Fan,1.0
November,11,B,Television,1.0
November,11,B,Iron,0.0
November,11,B,Refrigerator,0.25
November,11,C,LED Light,1.0
November,11,C,Ceiling Fan,1.0
November,11,Misc,Hospital,1.0
November,11,Misc,Street Light,0.0
November,11,Misc,Cold Storage,5.0
November,11,Misc,School,0.35
November,11,Misc,Others,1.0
November,12,A,LED Light,1.0
November,12,A,Ceiling Fan,1.0
November,12,A,Television,0.0
November,12,A,Iron,0.0
November,12,A,Refrigerator,0.25
November,12,A,Washing Machine,0.0
November,12,B,LED Light,1.0
November,12,B,Ceiling Fan,1.0
November,12,B,Television,0.0
November,12,B,Iron,0.0
November,12,B,Refrigerator,0.25
November,12,C,LED Light,1.0
November,12,C,Ceiling Fan,1.0
November,12,Misc,Hospital,1.0
November,12,Misc,Street Light,0.0
November,12,Misc,Cold Storage,4.0
November,12,Misc,School,1.0
November,12,Misc,Others,1.0
November,13,A,LED Light,1.0
November,13,A,Ceiling Fan,1.0
November,13,A,Television,0.0
November,13,A,Iron,0.0
November,13,A,Refrigerator,0.25
November,13,A,Washing Machine,0.0
November,13,B,LED Light,1.0
November,13,B,Ceiling Fan,1.0
November,13,B,Television,0.0
November,13,B,Iron,0.0
November,13,B,Refrigerator,0.25
November,13,C,LED Light,1.0
November,13,C,Ceiling Fan,1.0
November,13,Misc,Hospital,1.0
November,13,Misc,Street Light,0.0
November,13,Misc,Cold Storage,4.0
November,13,Misc,School,1.0
November,13,Misc,Others,1.0
November,14,A,LED Light,2.0
November,14,A,Ceiling Fan,1.0
November,14,A,Television,0.0
November,14,A,Iron,0.0
November,14,A,Refrigerator,0.25
November,14,A,Washing Machine,0.0
November,14,B,LED Light,2.0
November,14,B,Ceiling Fan,1.0
November,14,B,Television,0.0
November,14,B,Iron,0.0
November,14,B,Refrigerator,0.25
November,14,C,LED Light,1.0
November,14,C,Ceiling Fan,1.0
November,14,Misc,Hospital,1.0
November,14,Misc,Street Light,0.0
November,14,Misc,Cold Storage,4.0
November,14,Misc,School,0.5
November,14,Misc,Others,1.0
November,15,A,LED Light,3.0
November,15,A,Ceiling Fan,1.0
November,15,A,Television,0.0
November,15,A,Iron,0.0
November,15,A,Refrigerator,0.25
November,15,A,Washing Machine,0.0
November,15,B,LED Light,2.0
November,15,B,Ceiling Fan,1.0
November,15,B,Television,0.0
November,15,B,Iron,0.0
November,15,B,Refrigerator,0.25
November,15,C,LED Light,1.0
November,15,C,Ceiling Fan,1.0
November,15,Misc,Hospital,1.0
November,15,Misc,Street Light,15.0
November,15,Misc,Cold Storage,3.0
November,15,Misc,School,0.35
November,15,Misc,Others,1.0
November,16,A,LED Light,5.0
November,16,A,Ceiling Fan,2.0
November,16,A,Television,1.0
November,16,A,Iron,0.0
November,16,A,Refrigerator,0.25
November,16,A,Washing Machine,0.0
November,16,B,LED Light,2.0
November,16,B,Ceiling Fan,1.0
November,16,B,Television,1.0
November,16,B,Iron,0.0
November,16,B,Refrigerator,0.25
November,16,C,LED Light,1.0
November,16,C,Ceiling Fan,1.0
November,16,Misc,Hospital,1.0
November,16,Misc,Street Light,25.0
November,16,Misc,Cold Storage,3.0
November,16,Misc,School,0.0
November,16,Misc,Others,1.0
November,17,A,LED Light,5.0
November,17,A,Ceiling Fan,2.0
November,17,A,Television,1.0
November,17,A,Iron,0.0
November,17,A,Refrigerator,0.25
November,17,A,Washing Machine,0.0
November,17,B,LED Light,3.0
November,17,B,Ceiling Fan,1.0
November,17,B,Television,1.0
November,17,B,Iron,0.0
November,17,B,Refrigerator,0.25
November,17,C,LED Light,2.0
November,17,C,Ceiling Fan,1.0
November,17,Misc,Hospital,1.0
November,17,Misc,Street Light,40.0
November,17,Misc,Cold Storage,3.0
November,17,Misc,School,0.0
November,17,Misc,Others,0.4
November,18,A,LED Light,5.0
November,18,A,Ceiling Fan,2.0
November,18,A,Television,1.0
November,18,A,Iron,0.0
November,18,A,Refrigerator,0.25
November,18,A,Washing Machine,0.0
November,18,B,LED Light,3.0
November,18,B,Ceiling Fan,1.0
November,18,B,Television,1.0
November,18,B,Iron,0.0
November,18,B,Refrigerator,0.25
November,18,C,LED Light,2.0
November,18,C,Ceiling Fan,1.0
November,18,Misc,Hospital,1.0
November,18,Misc,Street Light,45.0
November,18,Misc,Cold Storage,3.0
November,18,Misc,School,0.0
November,18,Misc,Others,0.4
November,19,A,LED Light,5.0
November,19,A,Ceiling Fan,2.0
November,19,A,Television,1.0
November,19,A,Iron,0.0
November,19,A,Refrigerator,0.25
November,19,A,Washing Machine,0.0
November,19,B,LED Light,3.0
November,19,B,Ceiling Fan,1.0
November,19,B,Television,1.0
November,19,B,Iron,0.0
November,19,B,Refrigerator,0.25
November,19,C,LED Light,1.0
November,19,C,Ceiling Fan,0.0
November,19,Misc,Hospital,1.0
November,19,Misc,Street Light,50.0
November,19,Misc,Cold Storage,2.0
November,19,Misc,School,0.0
November,19,Misc,Others,0.3
November,20,A,LED Light,5.0
November,20,A,Ceiling Fan,2.0
November,20,A,Television,1.0
November,20,A,Iron,0.0
November,20,A,Refrigerator,0.25
November,20,A,Washing Machine,0.0
November,20,B,LED Light,3.0
November,20,B,Ceiling Fan,1.0
November,20,B,Television,1.0
November,20,B,Iron,0.0
November,20,B,Refrigerator,0.25
November,20,C,LED Light,1.0
November,20,C,Ceiling Fan,0.0
November,20,Misc,Hospital,1.0
November,20,Misc,Street Light,50.0
November,20,Misc,Cold Storage,2.0
November,20,Misc,School,0.0
November,20,Misc,Others,0.3
November,21,A,LED Light,3.0
November,21,A,Ceiling Fan,1.0
November,21,A,Television,1.0
November,21,A,Iron,0.0
November,21,A,Refrigerator,0.25
November,21,A,Washing Machine,0.0
November,21,B,LED Light,2.0
November,21,B,Ceiling Fan,1.0
November,21,B,Television,1.0
November,21,B,Iron,0.0
November,21,B,Refrigerator,0.25
November,21,C,LED Light,1.0
November,21,C,Ceiling Fan,0.0
November,21,Misc,Hospital,0.7
November,21,Misc,Street Light,50.0
November,21,Misc,Cold Storage,2.0
November,21,Misc,School,0.0
November,21,Misc,Others,0.2
November,22,A,LED Light,3.0
November,22,A,Ceiling Fan,1.0
November,22,A,Television,0.0
November,22,A,Iron,0.0
November,22,A,Refrigerator,0.25
November,22,A,Washing Machine,0.0
November,22,B,LED Light,2.0
November,22,B,Ceiling Fan,1.0
November,22,B,Television,0.0
November,22,B,Iron,0.0
November,22,B,Refrigerator,0.25
November,22,C,LED Light,0.0
November,22,C,Ceiling Fan,0.0
November,22,Misc,Hospital,0.7
November,22,Misc,Street Light,50.0
November,22,Misc,Cold Storage,2.0
November,22,Misc,School,0.0
November,22,Misc,Others,0.2
November,23,A,LED Light,2.0
November,23,A,Ceiling Fan,1.0
November,23,A,Television,0.0
November,23,A,Iron,0.0
November,23,A,Refrigerator,0.25
November,23,A,Washing Machine,0.0
November,23,B,LED Light,0.0
November,23,B,Ceiling Fan,1.0
November,23,B,Television,0.0
November,23,B,Iron,0.0
November,23,B,Refrigerator,0.25
November,23,C,LED Light,0.0
November,23,C,Ceiling Fan,0.0
November,23,Misc,Hospital,0.7
November,23,Misc,Street Light,50.0
November,23,Misc,Cold Storage,2.0
November,23,Misc,School,0.0
November,23,Misc,Others,0.2
December,0,A,LED Light,1.0
December,0,A,Ceiling Fan,1.0
December,0,A,Television,0.0
December,0,A,Iron,0.0
December,0,A,Refrigerator,0.25
December,0,A,Washing Machine,0.0
December,0,B,LED Light,0.0
December,0,B,Ceiling Fan,1.0
December,0,B,Television,0.0
December,0,B,Iron,0.0
December,0,B,Refrigerator,0.25
December,0,C,LED Light,0.0
December,0,C,Ceiling Fan,0.0
December,0,Misc,Hospital,0.7
December,0,Misc,Street Light,40.0
December,0,Misc,Cold Storage,3.0
December,0,Misc,School,0.0
December,0,Misc,Others,0.2
December,1,A,LED Light,1.0
December,1,A,Ceiling Fan,1.0
December,1,A,Television,0.0
December,1,A,Iron,0.0
December,1,A,Refrigerator,0.25
December,1,A,Washing Machine,0.0
December,1,B,LED Light,0.0
December,1,B,Ceiling Fan,1.0
December,1,B,Television,0.0
December,1,B,Iron,0.0
December,1,B,Refrigerator,0.25
December,1,C,LED Light,0.0
December,1,C,Ceiling Fan,0.0
December,1,Misc,Hospital,0.7
December,1,Misc,Street Light,40.0
December,1,Misc,Cold Storage,3.0
December,1,Misc,School,0.0
December,1,Misc,Others,0.2
December,2,A,LED Light,1.0
December,2,A,Ceiling Fan,1.0
December,2,A,Television,0.0
December,2,A,Iron,0.0
December,2,A,Refrigerator,0.25
December,2,A,Washing Machine,0.0
December,2,B,LED Light,0.0
December,2,B,Ceiling Fan,1.0
December,2,B,Television,0.0
December,2,B,Iron,0.0
December,2,B,Refrigerator,0.25
December,2,C,LED Light,0.0
December,2,C,Ceiling Fan,0.0
December,2,Misc,Hospital,0.7
December,2,Misc,Street Light,40.0
December,2,Misc,Cold Storage,5.0
December,2,Misc,School,0.0
December,2,Misc,Others,0.2
December,3,A,LED Light,1.0
December,3,A,Ceiling Fan,1.0
December,3,A,Television,0.0
December,3,A,Iron,0.0
December,3,A,Refrigerator,0.25
December,3,A,Washing Machine,0.0
December,3,B,LED Light,0.0
December,3,B,Ceiling Fan,1.0
December,3,B,Television,0.0
December,3,B,Iron,0.0
December,3,B,Refrigerator,0.25
December,3,C,LED Light,0.0
December,3,C,Ceiling Fan,0.0
December,3,Misc,Hospital,0.7
December,3,Misc,Street Light,40.0
December,3,Misc,Cold Storage,5.0
December,3,Misc,School,0.0
December,3,Misc,Others,0.2
December,4,A,LED Light,1.0
December,4,A,Ceiling Fan,1.0
December,4,A,Television,0.0
December,4,A,Iron,0.0
December,4,A,Refrigerator,0.25
December,4,A,Washing Machine,0.0
December,4,B,LED Light,0.0
December,4,B,Ceiling Fan,1.0
December,4,B,Television,0.0
December,4,B,Iron,0.0
December,4,B,Refrigerator,0.25
December,4,C,LED Light,0.0
December,4,C,Ceiling Fan,0.0
December,4,Misc,Hospital,0.7
December,4,Misc,Street Light,25.0
December,4,Misc,Cold Storage,5.0
December,4,Misc,School,0.0
December,4,Misc,Others,0.2
December,5,A,LED Light,2.0
December,5,A,Ceiling Fan,2.0
December,5,A,Television,0.0
December,5,A,Iron,0.0
December,5,A,Refrigerator,0.25
December,5,A,Washing Machine,0.0
December,5,B,LED Light,1.0
December,5,B,Ceiling Fan,1.0
December,5,B,Television,0.0
December,5,B,Iron,0.0
December,5,B,Refrigerator,0.25
December,5,C,LED Light,1.0
December,5,C,Ceiling Fan,0.0
December,5,Misc,Hospital,0.7
December,5,Misc,Street Light,15.0
December,5,Misc,Cold Storage,5.0
December,5,Misc,School,0.0
December,5,Misc,Others,0.2
December,6,A,LED Light,2.0
December,6,A,Ceiling Fan,1.0
December,6,A,Television,1.0
December,6,A,Iron,0.0
December,6,A,Refrigerator,0.25
December,6,A,Washing Machine,0.0
December,6,B,LED Light,1.0
December,6,B,Ceiling Fan,1.0
December,6,B,Television,1.0
December,6,B,Iron,0.0
December,6,B,Refrigerator,0.25
December,6,C,LED Light,1.0
December,6,C,Ceiling Fan,0.0
December,6,Misc,Hospital,0.7
December,6,Misc,Street Light,5.0
December,6,Misc,Cold Storage,5.0
December,6,Misc,School,1.0
December,6,Misc,Others,0.2
December,7,A,LED Light,1.0
December,7,A,Ceiling Fan,1.0
December,7,A,Television,1.0
December,7,A,Iron,0.0
December,7,A,Refrigerator,0.25
December,7,A,Washing Machine,0.0
December,7,B,LED Light,1.0
December,7,B,Ceiling Fan,1.0
December,7,B,Television,1.0
December,7,B,Iron,0.0
December,7,B,Refrigerator,0.25
December,7,C,LED Light,1.0
December,7,C,Ceiling Fan,0.0
December,7,Misc,Hospital,1.0
December,7,Misc,Street Light,0.0
December,7,Misc,Cold Storage,5.0
December,7,Misc,School,1.0
December,7,Misc,Others,1.0
December,8,A,LED Light,1.0
December,8,A,Ceiling Fan,1.0
December,8,A,Television,1.0
December,8,A,Iron,0.0
December,8,A,Refrigerator,0.25
December,8,A,Washing Machine,0.0
December,8,B,LED Light,1.0
December,8,B,Ceiling Fan,1.0
December,8,B,Television,1.0
December,8,B,Iron,0.0
December,8,B,Refrigerator,0.25
December,8,C,LED Light,0.0
December,8,C,Ceiling Fan,0.0
December,8,Misc,Hospital,1.0
December,8,Misc,Street Light,0.0
December,8,Misc,Cold Storage,5.0
December,8,Misc,School,1.0
December,8,Misc,Others,1.0
December,9,A,LED Light,1.0
December,9,A,Ceiling Fan,1.0
December,9,A,Television,1.0
December,9,A,Iron,0.0
December,9,A,Refrigerator,0.25
December,9,A,Washing Machine,0.0
December,9,B,LED Light,1.0
December,9,B,Ceiling Fan,1.0
December,9,B,Television,1.0
December,9,B,Iron,0.0
December,9,B,Refrigerator,0.25
December,9,C,LED Light,0.0
December,9,C,Ceiling Fan,0.0
December,9,Misc,Hospital,1.0
December,9,Misc,Street Light,0.0
December,9,Misc,Cold Storage,5.0
December,9,Misc,School,1.0
December,9,Misc,Others,1.0
December,10,A,LED Light,1.0
December,10,A,Ceiling Fan,1.0
December,10,A,Television,1.0
December,10,A,Iron,0.0
December,10,A,Refrigerator,0.25
December,10,A,Washing Machine,0.0
December,10,B,LED Light,1.0
December,10,B,Ceiling Fan,1.0
December,10,B,Television,1.0
December,10,B,Iron,0.0
December,10,B,Refrigerator,0.25
December,10,C,LED Light,1.0
December,10,C,Ceiling Fan,1.0
December,10,Misc,Hospital,1.0
December,10,Misc,Street Light,0.0
December,10,Misc,Cold Storage,5.0
December,10,Misc,School,1.0
December,10,Misc,Others,1.0
December,11,A,LED Light,1.0
December,11,A,Ceiling Fan,1.0
December,11,A,Television,1.0
December,11,A,Iron,0.0
December,11,A,Refrigerator,0.25
December,11,A,Washing Machine,0.0
December,11,B,LED Light,1.0
December,11,B,Ceiling Fan,1.0
December,11,B,Television,1.0
December,11,B,Iron,0.0
December,11,B,Refrigerator,0.25
December,11,C,LED Light,1.0
December,11,C,Ceiling Fan,1.0
December,11,Misc,Hospital,1.0
December,11,Misc,Street Light,0.0
December,11,Misc,Cold Storage,5.0
December,11,Misc,School,0.35
December,11,Misc,Others,1.0
December,12,A,LED Light,1.0
December,12,A,Ceiling Fan,1.0
December,12,A,Television,0.0
December,12,A,Iron,0.0
December,12,A,Refrigerator,0.25
December,12,A,Washing Machine,0.0
December,12,B,LED Light,1.0
December,12,B,Ceiling Fan,1.0
December,12,B,Television,0.0
December,12,B,Iron,0.0
December,12,B,Refrigerator,0.25
December,12,C,LED Light,1.0
December,12,C,Ceiling Fan,1.0
December,12,Misc,Hospital,1.0
December,12,Misc,Street Light,0.0
December,12,Misc,Cold Storage,4.0
December,12,Misc,School,1.0
December,12,Misc,Others,1.0
December,13,A,LED Light,1.0
December,13,A,Ceiling Fan,1.0
December,13,A,Television,0.0
December,13,A,Iron,0.0
December,13,A,Refrigerator,0.25
December,13,A,Washing Machine,0.0
December,13,B,LED Light,1.0
December,13,B,Ceiling Fan,1.0
December,13,B,Television,0.0
December,13,B,Iron,0.0
December,13,B,Refrigerator,0.25
December,13,C,LED Light,1.0
December,13,C,Ceiling Fan,1.0
December,13,Misc,Hospital,1.0
December,13,Misc,Street Light,0.0
December,13,Misc,Cold Storage,4.0
December,13,Misc,School,1.0
December,13,Misc,Others,1.0
December,14,A,LED Light,2.0
December,14,A,Ceiling Fan,1.0
December,14,A,Television,0.0
December,14,A,Iron,0.0
December,14,A,Refrigerator,0.25
December,14,A,Washing Machine,0.0
December,14,B,LED Light,2.0
December,14,B,Ceiling Fan,1.0
December,14,B,Television,0.0
December,14,B,Iron,0.0
December,14,B,Refrigerator,0.25
December,14,C,LED Light,1.0
December,14,C,Ceiling Fan,1.0
December,14,Misc,Hospital,1.0
December,14,Misc,Street Light,0.0
December,14,Misc,Cold Storage,4.0
December,14,Misc,School,0.5
December,14,Misc,Others,1.0
December,15,A,LED Light,3.0
December,15,A,Ceiling Fan,1.0
December,15,A,Television,0.0
December,15,A,Iron,0.0
December,15,A,Refrigerator,0.25
December,15,A,Washing Machine,0.0
December,15,B,LED Light,2.0
December,15,B,Ceiling Fan,1.0
December,15,B,Television,0.0
December,15,B,Iron,0.0
December,15,B,Refrigerator,0.25
December,15,C,LED Light,1.0
December,15,C,Ceiling Fan,1.0
December,15,Misc,Hospital,1.0
December,15,Misc,Street Light,15.0
December,15,Misc,Cold Storage,3.0
December,15,Misc,School,0.35
December,15,Misc,Others,1.0
December,16,A,LED Light,5.0
December,16,A,Ceiling Fan,2.0
December,16,A,Television,1.0
December,16,A,Iron,0.0
December,16,A,Refrigerator,0.25
December,16,A,Washing Machine,0.0
December,16,B,LED Light,2.0
December,16,B,Ceiling Fan,1.0
December,16,B,Television,1.0
December,16,B,Iron,0.0
December,16,B,Refrigerator,0.25
December,16,C,LED Light,1.0
December,16,C,Ceiling Fan,1.0
December,16,Misc,Hospital,1.0
December,16,Misc,Street Light,25.0
December,16,Misc,Cold Storage,3.0
December,16,Misc,School,0.0
December,16,Misc,Others,1.0
December,17,A,LED Light,5.0
December,17,A,Ceiling Fan,2.0
December,17,A,Television,1.0
December,17,A,Iron,0.0
December,17,A,Refrigerator,0.25
December,17,A,Washing Machine,0.0
December,17,B,LED Light,3.0
December,17,B,Ceiling Fan,1.0
December,17,B,Television,1.0
December,17,B,Iron,0.0
December,17,B,Refrigerator,0.25
December,17,C,LED Light,2.0
December,17,C,Ceiling Fan,1.0
December,17,Misc,Hospital,1.0
December,17,Misc,Street Light,40.0
December,17,Misc,Cold Storage,3.0
December,17,Misc,School,0.0
December,17,Misc,Others,0.4
December,18,A,LED Light,5.0
December,18,A,Ceiling Fan,2.0
December,18,A,Television,1.0
December,18,A,Iron,0.0
December,18,A,Refrigerator,0.25
December,18,A,Washing Machine,0.0
December,18,B,LED Light,3.0
December,18,B,Ceiling Fan,1.0
December,18,B,Television,1.0
December,18,B,Iron,0.0
December,18,B,Refrigerator,0.25
December,18,C,LED Light,2.0
December,18,C,Ceiling Fan,1.0
December,18,Misc,Hospital,1.0
December,18,Misc,Street Light,45.0
December,18,Misc,Cold Storage,3.0
December,18,Misc,School,0.0
December,18,Misc,Others,0.4
December,19,A,LED Light,5.0
December,19,A,Ceiling Fan,2.0
December,19,A,Television,1.0
December,19,A,Iron,0.0
December,19,A,Refrigerator,0.25
December,19,A,Washing Machine,0.0
December,19,B,LED Light,3.0
December,19,B,Ceiling Fan,1.0
December,19,B,Television,1.0
December,19,B,Iron,0.0
December,19,B,Refrigerator,0.25
December,19,C,LED Light,1.0
December,19,C,Ceiling Fan,0.0
December,19,Misc,Hospital,1.0
December,19,Misc,Street Light,50.0
December,19,Misc,Cold Storage,2.0
December,19,Misc,School,0.0
December,19,Misc,Others,0.3
December,20,A,LED Light,5.0
December,20,A,Ceiling Fan,2.0
December,20,A,Television,1.0
December,20,A,Iron,0.0
December,20,A,Refrigerator,0.25
December,20,A,Washing Machine,0.0
December,20,B,LED Light,3.0
December,20,B,Ceiling Fan,1.0
December,20,B,Television,1.0
December,20,B,Iron,0.0
December,20,B,Refrigerator,0.25
December,20,C,LED Light,1.0
December,20,C,Ceiling Fan,0.0
December,20,Misc,Hospital,1.0
December,20,Misc,Street Light,50.0
December,20,Misc,Cold Storage,2.0
December,20,Misc,School,0.0
December,20,Misc,Others,0.3
December,21,A,LED Light,3.0
December,21,A,Ceiling Fan,1.0
December,21,A,Television,1.0
December,21,A,Iron,0.0
December,21,A,Refrigerator,0.25
December,21,A,Washing Machine,0.0
December,21,B,LED Light,2.0
December,21,B,Ceiling Fan,1.0
December,21,B,Television,1.0
December,21,B,Iron,0.0
December,21,B,Refrigerator,0.25
December,21,C,LED Light,1.0
December,21,C,Ceiling Fan,0.0
December,21,Misc,Hospital,0.7
December,21,Misc,Street Light,50.0
December,21,Misc,Cold Storage,2.0
December,21,Misc,School,0.0
December,21,Misc,Others,0.2
December,22,A,LED Light,3.0
December,22,A,Ceiling Fan,1.0
December,22,A,Television,0.0
December,22,A,Iron,0.0
December,22,A,Refrigerator,0.25
December,22,A,Washing Machine,0.0
December,22,B,LED Light,2.0
December,22,B,Ceiling Fan,1.0
December,22,B,Television,0.0
December,22,B,Iron,0.0
December,22,B,Refrigerator,0.25
December,22,C,LED Light,0.0
December,22,C,Ceiling Fan,0.0
December,22,Misc,Hospital,0.7
December,22,Misc,Street Light,50.0
December,22,Misc,Cold Storage,2.0
December,22,Misc,School,0.0
December,22,Misc,Others,0.2
December,23,A,LED Light,2.0
December,23,A,Ceiling Fan,1.0
December,23,A,Television,0.0
December,23,A,Iron,0.0
December,23,A,Refrigerator,0.25
December,23,A,Washing Machine,0.0
December,23,B,LED Light,0.0
December,23,B,Ceiling Fan,1.0
December,23,B,Television,0.0
December,23,B,Iron,0.0
December,23,B,Refrigerator,0.25
December,23,C,LED Light,0.0
December,23,C,Ceiling Fan,0.0
December,23,Misc,Hospital,0.7
December,23,Misc,Street Light,50.0
December,23,Misc,Cold Storage,2.0
December,23,Misc,School,0.0
December,23,Misc,Others,0.2
January,0,A,LED Light,1.0
January,0,A,Ceiling Fan,1.0
January,0,A,Television,0.0
January,0,A,Iron,0.0
January,0,A,Refrigerator,0.25
January,0,A,Washing Machine,0.0
January,0,B,LED Light,0.0
January,0,B,Ceiling Fan,1.0
January,0,B,Television,0.0
January,0,B,Iron,0.0
January,0,B,Refrigerator,0.25
January,0,C,LED Light,0.0
January,0,C,Ceiling Fan,0.0
January,0,Misc,Hospital,0.7
January,0,Misc,Street Light,40.0
January,0,Misc,Cold Storage,3.0
January,0,Misc,School,0.0
January,0,Misc,Others,0.2
January,1,A,LED Light,1.0
January,1,A,Ceiling Fan,1.0
January,1,A,Television,0.0
January,1,A,Iron,0.0
January,1,A,Refrigerator,0.25
January,1,A,Washing Machine,0.0
January,1,B,LED Light,0.0
January,1,B,Ceiling Fan,1.0
January,1,B,Television,0.0
January,1,B,Iron,0.0
January,1,B,Refrigerator,0.25
January,1,C,LED Light,0.0
January,1,C,Ceiling Fan,0.0
January,1,Misc,Hospital,0.7
January,1,Misc,Street Light,40.0
January,1,Misc,Cold Storage,3.0
January,1,Misc,School,0.0
January,1,Misc,Others,0.2
January,2,A,LED Light,1.0
January,2,A,Ceiling Fan,1.0
January,2,A,Television,0.0
January,2,A,Iron,0.0
January,2,A,Refrigerator,0.25
January,2,A,Washing Machine,0.0
January,2,B,LED Light,0.0
January,2,B,Ceiling Fan,1.0
January,2,B,Television,0.0
January,2,B,Iron,0.0
January,2,B,Refrigerator,0.25
January,2,C,LED Light,0.0
January,2,C,Ceiling Fan,0.0
January,2,Misc,Hospital,0.7
January,2,Misc,Street Light,40.0
January,2,Misc,Cold Storage,5.0
January,2,Misc,School,0.0
January,2,Misc,Others,0.2
January,3,A,LED Light,1.0
January,3,A,Ceiling Fan,1.0
January,3,A,Television,0.0
January,3,A,Iron,0.0
January,3,A,Refrigerator,0.25
January,3,A,Washing Machine,0.0
January,3,B,LED Light,0.0
January,3,B,Ceiling Fan,1.0
January,3,B,Television,0.0
January,3,B,Iron,0.0
January,3,B,Refrigerator,0.25
January,3,C,LED Light,0.0
January,3,C,Ceiling Fan,0.0
January,3,Misc,Hospital,0.7
January,3,Misc,Street Light,40.0
January,3,Misc,Cold Storage,5.0
January,3,Misc,School,0.0
January,3,Misc,Others,0.2
January,4,A,LED Light,1.0
January,4,A,Ceiling Fan,1.0
January,4,A,Television,0.0
January,4,A,Iron,0.0
January,4,A,Refrigerator,0.25
January,4,A,Washing Machine,0.0
January,4,B,LED Light,0.0
January,4,B,Ceiling Fan,1.0
January,4,B,Television,0.0
January,4,B,Iron,0.0
January,4,B,Refrigerator,0.25
January,4,C,LED Light,0.0
January,4,C,Ceiling Fan,0.0
January,4,Misc,Hospital,0.7
January,4,Misc,Street Light,25.0
January,4,Misc,Cold Storage,5.0
January,4,Misc,School,0.0
January,4,Misc,Others,0.2
January,5,A,LED Light,2.0
January,5,A,Ceiling Fan,1.0
January,5,A,Television,0.0
January,5,A,Iron,0.0
January,5,A,Refrigerator,0.25
January,5,A,Washing Machine,0.0
January,5,B,LED Light,1.0
January,5,B,Ceiling Fan,1.0
January,5,B,Television,0.0
January,5,B,Iron,0.0
January,5,B,Refrigerator,0.25
January,5,C,LED Light,1.0
January,5,C,Ceiling Fan,0.0
January,5,Misc,Hospital,0.7
January,5,Misc,Street Light,15.0
January,5,Misc,Cold Storage,5.0
January,5,Misc,School,0.0
January,5,Misc,Others,0.2
January,6,A,LED Light,2.0
January,6,A,Ceiling Fan,1.0
January,6,A,Television,1.0
January,6,A,Iron,0.0
January,6,A,Refrigerator,0.25
January,6,A,Washing Machine,0.0
January,6,B,LED Light,1.0
January,6,B,Ceiling Fan,1.0
January,6,B,Television,1.0
January,6,B,Iron,0.0
January,6,B,Refrigerator,0.25
January,6,C,LED Light,1.0
January,6,C,Ceiling Fan,0.0
January,6,Misc,Hospital,0.7
January,6,Misc,Street Light,5.0
January,6,Misc,Cold Storage,5.0
January,6,Misc,School,1.0
January,6,Misc,Others,0.2
January,7,A,LED Light,1.0
January,7,A,Ceiling Fan,1.0
January,7,A,Television,1.0
January,7,A,Iron,0.0
January,7,A,Refrigerator,0.25
January,7,A,Washing Machine,0.0
January,7,B,LED Light,1.0
January,7,B,Ceiling Fan,1.0
January,7,B,Television,1.0
January,7,B,Iron,0.0
January,7,B,Refrigerator,0.25
January,7,C,LED Light,1.0
January,7,C,Ceiling Fan,0.0
January,7,Misc,Hospital,1.0
January,7,Misc,Street Light,0.0
January,7,Misc,Cold Storage,5.0
January,7,Misc,School,1.0
January,7,Misc,Others,1.0
January,8,A,LED Light,1.0
January,8,A,Ceiling Fan,1.0
January,8,A,Television,1.0
January,8,A,Iron,0.0
January,8,A,Refrigerator,0.25
January,8,A,Washing Machine,0.0
January,8,B,LED Light,1.0
January,8,B,Ceiling Fan,1.0
January,8,B,Television,1.0
January,8,B,Iron,0.0
January,8,B,Refrigerator,0.25
January,8,C,LED Light,0.0
January,8,C,Ceiling Fan,0.0
January,8,Misc,Hospital,1.0
January,8,Misc,Street Light,0.0
January,8,Misc,Cold Storage,5.0
January,8,Misc,School,1.0
January,8,Misc,Others,1.0
January,9,A,LED Light,1.0
January,9,A,Ceiling Fan,1.0
January,9,A,Television,1.0
January,9,A,Iron,0.0
January,9,A,Refrigerator,0.25
January,9,A,Washing Machine,0.0
January,9,B,LED Light,1.0
January,9,B,Ceiling Fan,1.0
January,9,B,Television,1.0
January,9,B,Iron,0.0
January,9,B,Refrigerator,0.25
January,9,C,LED Light,0.0
January,9,C,Ceiling Fan,0.0
January,9,Misc,Hospital,1.0
January,9,Misc,Street Light,0.0
January,9,Misc,Cold Storage,5.0
January,9,Misc,School,1.0
January,9,Misc,Others,1.0
January,10,A,LED Light,1.0
January,10,A,Ceiling Fan,1.0
January,10,A,Television,1.0
January,10,A,Iron,0.0
January,10,A,Refrigerator,0.25
January,10,A,Washing Machine,0.0
January,10,B,LED Light,1.0
January,10,B,Ceiling Fan,1.0
January,10,B,Television,1.0
January,10,B,Iron,0.0
January,10,B,Refrigerator,0.25
January,10,C,LED Light,1.0
January,10,C,Ceiling Fan,1.0
January,10,Misc,Hospital,1.0
January,10,Misc,Street Light,0.0
January,10,Misc,Cold Storage,5.0
January,10,Misc,School,1.0
January,10,Misc,Others,1.0
January,11,A,LED Light,1.0
January,11,A,Ceiling Fan,1.0
January,11,A,Television,1.0
January,11,A,Iron,0.0
January,11,A,Refrigerator,0.25
January,11,A,Washing Machine,0.0
January,11,B,LED Light,1.0
January,11,B,Ceiling Fan,1.0
January,11,B,Television,1.0
January,11,B,Iron,0.0
January,11,B,Refrigerator,0.25
January,11,C,LED Light,1.0
January,11,C,Ceiling Fan,1.0
January,11,Misc,Hospital,1.0
January,11,Misc,Street Light,0.0
January,11,Misc,Cold Storage,5.0
January,11,Misc,School,0.35
January,11,Misc,Others,1.0
January,12,A,LED Light,1.0
January,12,A,Ceiling Fan,1.0
January,12,A,Television,0.0
January,12,A,Iron,0.0
January,12,A,Refrigerator,0.25
January,12,A,Washing Machine,0.0
January,12,B,LED Light,1.0
January,12,B,Ceiling Fan,1.0
January,12,B,Television,0.0
January,12,B,Iron,0.0
January,12,B,Refrigerator,0.25
January,12,C,LED Light,1.0
January,12,C,Ceiling Fan,1.0
January,12,Misc,Hospital,1.0
January,12,Misc,Street Light,0.0
January,12,Misc,Cold Storage,4.0
January,12,Misc,School,1.0
January,12,Misc,Others,1.0
January,13,A,LED Light,1.0
January,13,A,Ceiling Fan,1.0
January,13,A,Television,0.0
January,13,A,Iron,0.0
January,13,A,Refrigerator,0.25
January,13,A,Washing Machine,0.0
January,13,B,LED Light,1.0
January,13,B,Ceiling Fan,1.0
January,13,B,Television,0.0
January,13,B,Iron,0.0
January,13,B,Refrigerator,0.25
January,13,C,LED Light,1.0
January,13,C,Ceiling Fan,1.0
January,13,Misc,Hospital,1.0
January,13,Misc,Street Light,0.0
January,13,Misc,Cold Storage,4.0
January,13,Misc,School,1.0
January,13,Misc,Others,1.0
January,14,A,LED Light,2.0
January,14,A,Ceiling Fan,1.0
January,14,A,Television,0.0
January,14,A,Iron,0.0
January,14,A,Refrigerator,0.25
January,14,A,Washing Machine,0.0
January,14,B,LED Light,2.0
January,14,B,Ceiling Fan,1.0
January,14,B,Television,0.0
January,14,B,Iron,0.0
January,14,B,Refrigerator,0.25
January,14,C,LED Light,1.0
January,14,C,Ceiling Fan,1.0
January,14,Misc,Hospital,1.0
January,14,Misc,Street Light,0.0
January,14,Misc,Cold Storage,4.0
January,14,Misc,School,0.5
January,14,Misc,Others,1.0
January,15,A,LED Light,3.0
January,15,A,Ceiling Fan,1.0
January,15,A,Television,0.0
January,15,A,Iron,0.0
January,15,A,Refrigerator,0.25
January,15,A,Washing Machine,0.0
January,15,B,LED Light,2.0
January,15,B,Ceiling Fan,1.0
January,15,B,Television,0.0
January,15,B,Iron,0.0
January,15,B,Refrigerator,0.25
January,15,C,LED Light,1.0
January,15,C,Ceiling Fan,1.0
January,15,Misc,Hospital,1.0
January,15,Misc,Street Light,15.0
January,15,Misc,Cold Storage,3.0
January,15,Misc,School,0.35
January,15,Misc,Others,1.0
January,16,A,LED Light,5.0
January,16,A,Ceiling Fan,1.0
January,16,A,Television,1.0
January,16,A,Iron,0.0
January,16,A,Refrigerator,0.25
January,16,A,Washing Machine,0.0
January,16,B,LED Light,2.0
January,16,B,Ceiling Fan,1.0
January,16,B,Television,0.0
January,16,B,Iron,0.0
January,16,B,Refrigerator,0.25
January,16,C,LED Light,1.0
January,16,C,Ceiling Fan,1.0
January,16,Misc,Hospital,1.0
January,16,Misc,Street Light,25.0
January,16,Misc,Cold Storage,3.0
January,16,Misc,School,0.0
January,16,Misc,Others,1.0
January,17,A,LED Light,5.0
January,17,A,Ceiling Fan,1.0
January,17,A,Television,1.0
January,17,A,Iron,0.0
January,17,A,Refrigerator,0.25
January,17,A,Washing Machine,0.0
January,17,B,LED Light,3.0
January,17,B,Ceiling Fan,1.0
January,17,B,Television,0.0
January,17,B,Iron,0.0
January,17,B,Refrigerator,0.25
January,17,C,LED Light,2.0
January,17,C,Ceiling Fan,1.0
January,17,Misc,Hospital,1.0
January,17,Misc,Street Light,40.0
January,17,Misc,Cold Storage,3.0
January,17,Misc,School,0.0
January,17,Misc,Others,0.4
January,18,A,LED Light,5.0
January,18,A,Ceiling Fan,2.0
January,18,A,Television,1.0
January,18,A,Iron,0.0
January,18,A,Refrigerator,0.25
January,18,A,Washing Machine,0.0
January,18,B,LED Light,3.0
January,18,B,Ceiling Fan,1.0
January,18,B,Television,1.0
January,18,B,Iron,0.0
January,18,B,Refrigerator,0.25
January,18,C,LED Light,2.0
January,18,C,Ceiling Fan,1.0
January,18,Misc,Hospital,1.0
January,18,Misc,Street Light,45.0
January,18,Misc,Cold Storage,3.0
January,18,Misc,School,0.0
January,18,Misc,Others,0.4
January,19,A,LED Light,5.0
January,19,A,Ceiling Fan,2.0
January,19,A,Television,1.0
January,19,A,Iron,0.0
January,19,A,Refrigerator,0.25
January,19,A,Washing Machine,0.0
January,19,B,LED Light,3.0
January,19,B,Ceiling Fan,1.0
January,19,B,Television,1.0
January,19,B,Iron,0.0
January,19,B,Refrigerator,0.25
January,19,C,LED Light,1.0
January,19,C,Ceiling Fan,0.0
January,19,Misc,Hospital,1.0
January,19,Misc,Street Light,50.0
January,19,Misc,Cold Storage,2.0
January,19,Misc,School,0.0
January,19,Misc,Others,0.3
January,20,A,LED Light,5.0
January,20,A,Ceiling Fan,2.0
January,20,A,Television,1.0
January,20,A,Iron,0.0
January,20,A,Refrigerator,0.25
January,20,A,Washing Machine,0.0
January,20,B,LED Light,3.0
January,20,B,Ceiling Fan,1.0
January,20,B,Television,1.0
January,20,B,Iron,0.0
January,20,B,Refrigerator,0.25
January,20,C,LED Light,1.0
January,20,C,Ceiling Fan,0.0
January,20,Misc,Hospital,1.0
January,20,Misc,Street Light,50.0
January,20,Misc,Cold Storage,2.0
January,20,Misc,School,0.0
January,20,Misc,Others,0.3
January,21,A,LED Light,3.0
January,21,A,Ceiling Fan,1.0
January,21,A,Television,1.0
January,21,A,Iron,0.0
January,21,A,Refrigerator,0.25
January,21,A,Washing Machine,0.0
January,21,B,LED Light,2.0
January,21,B,Ceiling Fan,1.0
January,21,B,Television,1.0
January,21,B,Iron,0.0
January,21,B,Refrigerator,0.25
January,21,C,LED Light,1.0
January,21,C,Ceiling Fan,0.0
January,21,Misc,Hospital,0.7
January,21,Misc,Street Light,50.0
January,21,Misc,Cold Storage,2.0
January,21,Misc,School,0.0
January,21,Misc,Others,0.2
January,22,A,LED Light,3.0
January,22,A,Ceiling Fan,1.0
January,22,A,Television,0.0
January,22,A,Iron,0.0
January,22,A,Refrigerator,0.25
January,22,A,Washing Machine,0.0
January,22,B,LED Light,2.0
January,22,B,Ceiling Fan,1.0
January,22,B,Television,0.0
January,22,B,Iron,0.0
January,22,B,Refrigerator,0.25
January,22,C,LED Light,0.0
January,22,C,Ceiling Fan,0.0
January,22,Misc,Hospital,0.7
January,22,Misc,Street Light,50.0
January,22,Misc,Cold Storage,2.0
January,22,Misc,School,0.0
January,22,Misc,Others,0.2
January,23,A,LED Light,2.0
January,23,A,Ceiling Fan,1.0
January,23,A,Television,0.0
January,23,A,Iron,0.0
January,23,A,Refrigerator,0.25
January,23,A,Washing Machine,0.0
January,23,B,LED Light,0.0
January,23,B,Ceiling Fan,1.0
January,23,B,Television,0.0
January,23,B,Iron,0.0
January,23,B,Refrigerator,0.25
January,23,C,LED Light,0.0
January,23,C,Ceiling Fan,0.0
January,23,Misc,Hospital,0.7
January,23,Misc,Street Light,50.0
January,23,Misc,Cold Storage,2.0
January,23,Misc,School,0.0
January,23,Misc,Others,0.2
February,0,A,LED Light,1.0
February,0,A,Ceiling Fan,1.0
February,0,A,Television,0.0
February,0,A,Iron,0.0
February,0,A,Refrigerator,0.25
February,0,A,Washing Machine,0.0
February,0,B,LED Light,0.0
February,0,B,Ceiling Fan,1.0
February,0,B,Television,0.0
February,0,B,Iron,0.0
February,0,B,Refrigerator,0.25
February,0,C,LED Light,0.0
February,0,C,Ceiling Fan,1.0
February,0,Misc,Hospital,0.7
February,0,Misc,Street Light,35.0
February,0,Misc,Cold Storage,3.0
February,0,Misc,School,0.0
February,0,Misc,Others,0.2
February,1,A,LED Light,1.0
February,1,A,Ceiling Fan,1.0
February,1,A,Television,0.0
February,1,A,Iron,0.0
February,1,A,Refrigerator,0.25
February,1,A,Washing Machine,0.0
February,1,B,LED Light,0.0
February,1,B,Ceiling Fan,1.0
February,1,B,Television,0.0
February,1,B,Iron,0.0
February,1,B,Refrigerator,0.25
February,1,C,LED Light,0.0
February,1,C,Ceiling Fan,1.0
February,1,Misc,Hospital,0.7
February,1,Misc,Street Light,35.0
February,1,Misc,Cold Storage,3.0
February,1,Misc,School,0.0
February,1,Misc,Others,0.2
February,2,A,LED Light,1.0
February,2,A,Ceiling Fan,1.0
February,2,A,Television,0.0
February,2,A,Iron,0.0
February,2,A,Refrigerator,0.25
February,2,A,Washing Machine,0.0
February,2,B,LED Light,0.0
February,2,B,Ceiling Fan,1.0
February,2,B,Television,0.0
February,2,B,Iron,0.0
February,2,B,Refrigerator,0.25
February,2,C,LED Light,0.0
February,2,C,Ceiling Fan,1.0
February,2,Misc,Hospital,0.7
February,2,Misc,Street Light,35.0
February,2,Misc,Cold Storage,5.0
February,2,Misc,School,0.0
February,2,Misc,Others,0.2
February,3,A,LED Light,1.0
February,3,A,Ceiling Fan,1.0
February,3,A,Television,0.0
February,3,A,Iron,0.0
February,3,A,Refrigerator,0.25
February,3,A,Washing Machine,0.0
February,3,B,LED Light,0.0
February,3,B,Ceiling Fan,1.0
February,3,B,Television,0.0
February,3,B,Iron,0.0
February,3,B,Refrigerator,0.25
February,3,C,LED Light,0.0
February,3,C,Ceiling Fan,1.0
February,3,Misc,Hospital,0.7
February,3,Misc,Street Light,35.0
February,3,Misc,Cold Storage,5.0
February,3,Misc,School,0.0
February,3,Misc,Others,0.2
February,4,A,LED Light,1.0
February,4,A,Ceiling Fan,1.0
February,4,A,Television,0.0
February,4,A,Iron,0.0
February,4,A,Refrigerator,0.25
February,4,A,Washing Machine,0.0
February,4,B,LED Light,0.0
February,4,B,Ceiling Fan,1.0
February,4,B,Television,0.0
February,4,B,Iron,0.0
February,4,B,Refrigerator,0.25
February,4,C,LED Light,0.0
February,4,C,Ceiling Fan,1.0
February,4,Misc,Hospital,0.7
February,4,Misc,Street Light,20.0
February,4,Misc,Cold Storage,5.0
February,4,Misc,School,0.0
February,4,Misc,Others,0.2
February,5,A,LED Light,2.0
February,5,A,Ceiling Fan,1.0
February,5,A,Television,0.0
February,5,A,Iron,0.0
February,5,A,Refrigerator,0.25
February,5,A,Washing Machine,0.0
February,5,B,LED Light,1.0
February,5,B,Ceiling Fan,1.0
February,5,B,Television,0.0
February,5,B,Iron,0.0
February,5,B,Refrigerator,0.25
February,5,C,LED Light,1.0
February,5,C,Ceiling Fan,1.0
February,5,Misc,Hospital,0.7
February,5,Misc,Street Light,10.0
February,5,Misc,Cold Storage,5.0
February,5,Misc,School,0.0
February,5,Misc,Others,0.2
February,6,A,LED Light,2.0
February,6,A,Ceiling Fan,1.0
February,6,A,Television,1.0
February,6,A,Iron,0.0
February,6,A,Refrigerator,0.25
February,6,A,Washing Machine,0.0
February,6,B,LED Light,1.0
February,6,B,Ceiling Fan,1.0
February,6,B,Television,1.0
February,6,B,Iron,0.0
February,6,B,Refrigerator,0.25
February,6,C,LED Light,1.0
February,6,C,Ceiling Fan,1.0
February,6,Misc,Hospital,0.7
February,6,Misc,Street Light,0.0
February,6,Misc,Cold Storage,5.0
February,6,Misc,School,1.0
February,6,Misc,Others,0.2
February,7,A,LED Light,1.0
February,7,A,Ceiling Fan,1.0
February,7,A,Television,1.0
February,7,A,Iron,0.0
February,7,A,Refrigerator,0.25
February,7,A,Washing Machine,0.0
February,7,B,LED Light,1.0
February,7,B,Ceiling Fan,1.0
February,7,B,Television,1.0
February,7,B,Iron,0.0
February,7,B,Refrigerator,0.25
February,7,C,LED Light,1.0
February,7,C,Ceiling Fan,1.0
February,7,Misc,Hospital,1.0
February,7,Misc,Street Light,0.0
February,7,Misc,Cold Storage,5.0
February,7,Misc,School,1.0
February,7,Misc,Others,1.0
February,8,A,LED Light,1.0
February,8,A,Ceiling Fan,1.0
February,8,A,Television,1.0
February,8,A,Iron,0.0
February,8,A,Refrigerator,0.25
February,8,A,Washing Machine,0.0
February,8,B,LED Light,1.0
February,8,B,Ceiling Fan,1.0
February,8,B,Television,1.0
February,8,B,Iron,0.0
February,8,B,Refrigerator,0.25
February,8,C,LED Light,0.0
February,8,C,Ceiling Fan,1.0
February,8,Misc,Hospital,1.0
February,8,Misc,Street Light,0.0
February,8,Misc,Cold Storage,5.0
February,8,Misc,School,1.0
February,8,Misc,Others,1.0
February,9,A,LED Light,1.0
February,9,A,Ceiling Fan,1.0
February,9,A,Television,1.0
February,9,A,Iron,0.0
February,9,A,Refrigerator,0.25
February,9,A,Washing Machine,0.0
February,9,B,LED Light,1.0
February,9,B,Ceiling Fan,1.0
February,9,B,Television,1.0
February,9,B,Iron,0.0
February,9,B,Refrigerator,0.25
February,9,C,LED Light,0.0
February,9,C,Ceiling Fan,1.0
February,9,Misc,Hospital,1.0
February,9,Misc,Street Light,0.0
February,9,Misc,Cold Storage,5.0
February,9,Misc,School,1.0
February,9,Misc,Others,1.0
February,10,A,LED Light,1.0
February,10,A,Ceiling Fan,1.0
February,10,A,Television,1.0
February,10,A,Iron,0.0
February,10,A,Refrigerator,0.25
February,10,A,Washing Machine,0.0
February,10,B,LED Light,1.0
February,10,B,Ceiling Fan,1.0
February,10,B,Television,1.0
February,10,B,Iron,0.0
February,10,B,Refrigerator,0.25
February,10,C,LED Light,1.0
February,10,C,Ceiling Fan,1.0
February,10,Misc,Hospital,1.0
February,10,Misc,Street Light,0.0
February,10,Misc,Cold Storage,5.0
February,10,Misc,School,1.0
February,10,Misc,Others,1.0
February,11,A,LED Light,1.0
February,11,A,Ceiling Fan,1.0
February,11,A,Television,1.0
February,11,A,Iron,0.0
February,11,A,Refrigerator,0.25
February,11,A,Washing Machine,0.0
February,11,B,LED Light,1.0
February,11,B,Ceiling Fan,1.0
February,11,B,Television,1.0
February,11,B,Iron,0.0
February,11,B,Refrigerator,0.25
February,11,C,LED Light,1.0
February,11,C,Ceiling Fan,1.0
February,11,Misc,Hospital,1.0
February,11,Misc,Street Light,0.0
February,11,Misc,Cold Storage,5.0
February,11,Misc,School,0.35
February,11,Misc,Others,1.0
February,12,A,LED Light,1.0
February,12,A,Ceiling Fan,2.0
February,12,A,Television,0.0
February,12,A,Iron,0.0
February,12,A,Refrigerator,0.25
February,12,A,Washing Machine,0.0
February,12,B,LED Light,1.0
February,12,B,Ceiling Fan,1.0
February,12,B,Television,0.0
February,12,B,Iron,0.0
February,12,B,Refrigerator,0.25
February,12,C,LED Light,1.0
February,12,C,Ceiling Fan,1.0
February,12,Misc,Hospital,1.0
February,12,Misc,Street Light,0.0
February,12,Misc,Cold Storage,4.0
February,12,Misc,School,1.0
February,12,Misc,Others,1.0
February,13,A,LED Light,1.0
February,13,A,Ceiling Fan,2.0
February,13,A,Television,0.0
February,13,A,Iron,0.0
February,13,A,Refrigerator,0.25
February,13,A,Washing Machine,0.0
February,13,B,LED Light,1.0
February,13,B,Ceiling Fan,2.0
February,13,B,Television,0.0
February,13,B,Iron,0.0
February,13,B,Refrigerator,0.25
February,13,C,LED Light,1.0
February,13,C,Ceiling Fan,1.0
February,13,Misc,Hospital,1.0
February,13,Misc,Street Light,0.0
February,13,Misc,Cold Storage,4.0
February,13,Misc,School,1.0
February,13,Misc,Others,1.0
February,14,A,LED Light,2.0
February,14,A,Ceiling Fan,2.0
February,14,A,Television,0.0
February,14,A,Iron,0.0
February,14,A,Refrigerator,0.25
February,14,A,Washing Machine,0.0
February,14,B,LED Light,2.0
February,14,B,Ceiling Fan,2.0
February,14,B,Television,0.0
February,14,B,Iron,0.0
February,14,B,Refrigerator,0.25
February,14,C,LED Light,1.0
February,14,C,Ceiling Fan,1.0
February,14,Misc,Hospital,1.0
February,14,Misc,Street Light,0.0
February,14,Misc,Cold Storage,4.0
February,14,Misc,School,0.5
February,14,Misc,Others,1.0
February,15,A,LED Light,3.0
February,15,A,Ceiling Fan,2.0
February,15,A,Television,0.0
February,15,A,Iron,0.0
February,15,A,Refrigerator,0.25
February,15,A,Washing Machine,0.0
February,15,B,LED Light,2.0
February,15,B,Ceiling Fan,2.0
February,15,B,Television,0.0
February,15,B,Iron,0.0
February,15,B,Refrigerator,0.25
February,15,C,LED Light,1.0
February,15,C,Ceiling Fan,1.0
February,15,Misc,Hospital,1.0
February,15,Misc,Street Light,10.0
February,15,Misc,Cold Storage,3.0
February,15,Misc,School,0.35
February,15,Misc,Others,1.0
February,16,A,LED Light,5.0
February,16,A,Ceiling Fan,3.0
February,16,A,Television,1.0
February,16,A,Iron,0.0
February,16,A,Refrigerator,0.25
February,16,A,Washing Machine,0.0
February,16,B,LED Light,2.0
February,16,B,Ceiling Fan,2.0
February,16,B,Television,1.0
February,16,B,Iron,0.0
February,16,B,Refrigerator,0.25
February,16,C,LED Light,1.0
February,16,C,Ceiling Fan,1.0
February,16,Misc,Hospital,1.0
February,16,Misc,Street Light,20.0
February,16,Misc,Cold Storage,3.0
February,16,Misc,School,0.0
February,16,Misc,Others,1.0
February,17,A,LED Light,5.0
February,17,A,Ceiling Fan,3.0
February,17,A,Television,1.0
February,17,A,Iron,0.0
February,17,A,Refrigerator,0.25
February,17,A,Washing Machine,0.0
February,17,B,LED Light,3.0
February,17,B,Ceiling Fan,2.0
February,17,B,Television,1.0
February,17,B,Iron,0.0
February,17,B,Refrigerator,0.25
February,17,C,LED Light,2.0
February,17,C,Ceiling Fan,1.0
February,17,Misc,Hospital,1.0
February,17,Misc,Street Light,35.0
February,17,Misc,Cold Storage,3.0
February,17,Misc,School,0.0
February,17,Misc,Others,0.4
February,18,A,LED Light,5.0
February,18,A,Ceiling Fan,3.0
February,18,A,Television,1.0
February,18,A,Iron,0.0
February,18,A,Refrigerator,0.25
February,18,A,Washing Machine,0.0
February,18,B,LED Light,3.0
February,18,B,Ceiling Fan,2.0
February,18,B,Television,1.0
February,18,B,Iron,0.0
February,18,B,Refrigerator,0.25
February,18,C,LED Light,2.0
February,18,C,Ceiling Fan,1.0
February,18,Misc,Hospital,1.0
February,18,Misc,Street Light,40.0
February,18,Misc,Cold Storage,3.0
February,18,Misc,School,0.0
February,18,Misc,Others,0.4
February,19,A,LED Light,5.0
February,19,A,Ceiling Fan,2.0
February,19,A,Television,1.0
February,19,A,Iron,0.0
February,19,A,Refrigerator,0.25
February,19,A,Washing Machine,0.0
February,19,B,LED Light,3.0
February,19,B,Ceiling Fan,1.0
February,19,B,Television,1.0
February,19,B,Iron,0.0
February,19,B,Refrigerator,0.25
February,19,C,LED Light,1.0
February,19,C,Ceiling Fan,1.0
February,19,Misc,Hospital,1.0
February,19,Misc,Street Light,50.0
February,19,Misc,Cold Storage,2.0
February,19,Misc,School,0.0
February,19,Misc,Others,0.3
February,20,A,LED Light,5.0
February,20,A,Ceiling Fan,2.0
February,20,A,Television,1.0
February,20,A,Iron,0.0
February,20,A,Refrigerator,0.25
February,20,A,Washing Machine,0.0
February,20,B,LED Light,3.0
February,20,B,Ceiling Fan,1.0
February,20,B,Television,1.0
February,20,B,Iron,0.0
February,20,B,Refrigerator,0.25
February,20,C,LED Light,1.0
February,20,C,Ceiling Fan,1.0
February,20,Misc,Hospital,1.0
February,20,Misc,Street Light,50.0
February,20,Misc,Cold Storage,2.0
February,20,Misc,School,0.0
February,20,Misc,Others,0.3
February,21,A,LED Light,3.0
February,21,A,Ceiling Fan,1.0
February,21,A,Television,1.0
February,21,A,Iron,0.0
February,21,A,Refrigerator,0.25
February,21,A,Washing Machine,0.0
February,21,B,LED Light,2.0
February,21,B,Ceiling Fan,1.0
February,21,B,Television,1.0
February,21,B,Iron,0.0
February,21,B,Refrigerator,0.25
February,21,C,LED Light,1.0
February,21,C,Ceiling Fan,1.0
February,21,Misc,Hospital,0.7
February,21,Misc,Street Light,50.0
February,21,Misc,Cold Storage,2.0
February,21,Misc,School,0.0
February,21,Misc,Others,0.2
February,22,A,LED Light,3.0
February,22,A,Ceiling Fan,1.0
February,22,A,Television,0.0
February,22,A,Iron,0.0
February,22,A,Refrigerator,0.25
February,22,A,Washing Machine,0.0
February,22,B,LED Light,2.0
February,22,B,Ceiling Fan,1.0
February,22,B,Television,0.0
February,22,B,Iron,0.0
February,22,B,Refrigerator,0.25
February,22,C,LED Light,0.0
February,22,C,Ceiling Fan,1.0
February,22,Misc,Hospital,0.7
February,22,Misc,Street Light,50.0
February,22,Misc,Cold Storage,2.0
February,22,Misc,School,0.0
February,22,Misc,Others,0.2
February,23,A,LED Light,2.0
February,23,A,Ceiling Fan,1.0
February,23,A,Television,0.0
February,23,A,Iron,0.0
February,23,A,Refrigerator,0.25
February,23,A,Washing Machine,0.0
February,23,B,LED Light,0.0
February,23,B,Ceiling Fan,1.0
February,23,B,Television,0.0
February,23,B,Iron,0.0
February,23,B,Refrigerator,0.25
February,23,C,LED Light,0.0
February,23,C,Ceiling Fan,1.0
February,23,Misc,Hospital,0.7
February,23,Misc,Street Light,50.0
February,23,Misc,Cold Storage,2.0
February,23,Misc,School,0.0
February,23,Misc,Others,0.2
March,0,A,LED Light,1.0
March,0,A,Ceiling Fan,2.0
March,0,A,Television,0.0
March,0,A,Iron,0.0
March,0,A,Refrigerator,0.25
March,0,A,Washing Machine,0.0
March,0,B,LED Light,0.0
March,0,B,Ceiling Fan,1.0
March,0,B,Television,0.0
March,0,B,Iron,0.0
March,0,B,Refrigerator,0.25
March,0,C,LED Light,0.0
March,0,C,Ceiling Fan,1.0
March,0,Misc,Hospital,0.7
March,0,Misc,Street Light,35.0
March,0,Misc,Cold Storage,3.0
March,0,Misc,School,0.0
March,0,Misc,Others,0.2
March,1,A,LED Light,1.0
March,1,A,Ceiling Fan,2.0
March,1,A,Television,0.0
March,1,A,Iron,0.0
March,1,A,Refrigerator,0.25
March,1,A,Washing Machine,0.0
March,1,B,LED Light,0.0
March,1,B,Ceiling Fan,1.0
March,1,B,Television,0.0
March,1,B,Iron,0.0
March,1,B,Refrigerator,0.25
March,1,C,LED Light,0.0
March,1,C,Ceiling Fan,1.0
March,1,Misc,Hospital,0.7
March,1,Misc,Street Light,35.0
March,1,Misc,Cold Storage,3.0
March,1,Misc,School,0.0
March,1,Misc,Others,0.2
March,2,A,LED Light,1.0
March,2,A,Ceiling Fan,2.0
March,2,A,Television,0.0
March,2,A,Iron,0.0
March,2,A,Refrigerator,0.25
March,2,A,Washing Machine,0.0
March,2,B,LED Light,0.0
March,2,B,Ceiling Fan,1.0
March,2,B,Television,0.0
March,2,B,Iron,0.0
March,2,B,Refrigerator,0.25
March,2,C,LED Light,0.0
March,2,C,Ceiling Fan,1.0
March,2,Misc,Hospital,0.7
March,2,Misc,Street Light,35.0
March,2,Misc,Cold Storage,5.0
March,2,Misc,School,0.0
March,2,Misc,Others,0.2
March,3,A,LED Light,1.0
March,3,A,Ceiling Fan,2.0
March,3,A,Television,0.0
March,3,A,Iron,0.0
March,3,A,Refrigerator,0.25
March,3,A,Washing Machine,0.0
March,3,B,LED Light,0.0
March,3,B,Ceiling Fan,1.0
March,3,B,Television,0.0
March,3,B,Iron,0.0
March,3,B,Refrigerator,0.25
March,3,C,LED Light,0.0
March,3,C,Ceiling Fan,1.0
March,3,Misc,Hospital,0.7
March,3,Misc,Street Light,35.0
March,3,Misc,Cold Storage,5.0
March,3,Misc,School,0.0
March,3,Misc,Others,0.2
March,4,A,LED Light,1.0
March,4,A,Ceiling Fan,2.0
March,4,A,Television,0.0
March,4,A,Iron,0.0
March,4,A,Refrigerator,0.25
March,4,A,Washing Machine,0.0
March,4,B,LED Light,0.0
March,4,B,Ceiling Fan,1.0
March,4,B,Television,0.0
March,4,B,Iron,0.0
March,4,B,Refrigerator,0.25
March,4,C,LED Light,0.0
March,4,C,Ceiling Fan,1.0
March,4,Misc,Hospital,0.7
March,4,Misc,Street Light,20.0
March,4,Misc,Cold Storage,5.0
March,4,Misc,School,0.0
March,4,Misc,Others,0.2
March,5,A,LED Light,2.0
March,5,A,Ceiling Fan,3.0
March,5,A,Television,0.0
March,5,A,Iron,0.0
March,5,A,Refrigerator,0.25
March,5,A,Washing Machine,0.0
March,5,B,LED Light,1.0
March,5,B,Ceiling Fan,1.0
March,5,B,Television,0.0
March,5,B,Iron,0.0
March,5,B,Refrigerator,0.25
March,5,C,LED Light,1.0
March,5,C,Ceiling Fan,1.0
March,5,Misc,Hospital,0.7
March,5,Misc,Street Light,10.0
March,5,Misc,Cold Storage,5.0
March,5,Misc,School,0.0
March,5,Misc,Others,0.2
March,6,A,LED Light,2.0
March,6,A,Ceiling Fan,3.0
March,6,A,Television,1.0
March,6,A,Iron,0.0
March,6,A,Refrigerator,0.25
March,6,A,Washing Machine,0.0
March,6,B,LED Light,1.0
March,6,B,Ceiling Fan,1.0
March,6,B,Television,1.0
March,6,B,Iron,0.0
March,6,B,Refrigerator,0.25
March,6,C,LED Light,1.0
March,6,C,Ceiling Fan,1.0
March,6,Misc,Hospital,0.7
March,6,Misc,Street Light,0.0
March,6,Misc,Cold Storage,5.0
March,6,Misc,School,1.0
March,6,Misc,Others,0.2
March,7,A,LED Light,1.0
March,7,A,Ceiling Fan,3.0
March,7,A,Television,1.0
March,7,A,Iron,0.0
March,7,A,Refrigerator,0.25
March,7,A,Washing Machine,0.0
March,7,B,LED Light,1.0
March,7,B,Ceiling Fan,2.0
March,7,B,Television,1.0
March,7,B,Iron,0.0
March,7,B,Refrigerator,0.25
March,7,C,LED Light,1.0
March,7,C,Ceiling Fan,1.0
March,7,Misc,Hospital,1.0
March,7,Misc,Street Light,0.0
March,7,Misc,Cold Storage,5.0
March,7,Misc,School,1.0
March,7,Misc,Others,1.0
March,8,A,LED Light,1.0
March,8,A,Ceiling Fan,2.0
March,8,A,Television,1.0
March,8,A,Iron,0.0
March,8,A,Refrigerator,0.25
March,8,A,Washing Machine,0.0
March,8,B,LED Light,1.0
March,8,B,Ceiling Fan,2.0
March,8,B,Television,1.0
March,8,B,Iron,0.0
March,8,B,Refrigerator,0.25
March,8,C,LED Light,0.0
March,8,C,Ceiling Fan,1.0
March,8,Misc,Hospital,1.0
March,8,Misc,Street Light,0.0
March,8,Misc,Cold Storage,5.0
March,8,Misc,School,1.0
March,8,Misc,Others,1.0
March,9,A,LED Light,1.0
March,9,A,Ceiling Fan,2.0
March,9,A,Television,1.0
March,9,A,Iron,0.0
March,9,A,Refrigerator,0.25
March,9,A,Washing Machine,0.0
March,9,B,LED Light,1.0
March,9,B,Ceiling Fan,2.0
March,9,B,Television,1.0
March,9,B,Iron,0.0
March,9,B,Refrigerator,0.25
March,9,C,LED Light,0.0
March,9,C,Ceiling Fan,1.0
March,9,Misc,Hospital,1.0
March,9,Misc,Street Light,0.0
March,9,Misc,Cold Storage,5.0
March,9,Misc,School,1.0
March,9,Misc,Others,1.0
March,10,A,LED Light,1.0
March,10,A,Ceiling Fan,2.0
March,10,A,Television,1.0
March,10,A,Iron,0.0
March,10,A,Refrigerator,0.25
March,10,A,Washing Machine,0.0
March,10,B,LED Light,1.0
March,10,B,Ceiling Fan,2.0
March,10,B,Television,1.0
March,10,B,Iron,0.0
March,10,B,Refrigerator,0.25
March,10,C,LED Light,1.0
March,10,C,Ceiling Fan,1.0
March,10,Misc,Hospital,1.0
March,10,Misc,Street Light,0.0
March,10,Misc,Cold Storage,5.0
March,10,Misc,School,1.0
March,10,Misc,Others,1.0
March,11,A,LED Light,1.0
March,11,A,Ceiling Fan,2.0
March,11,A,Television,1.0
March,11,A,Iron,0.0
March,11,A,Refrigerator,0.25
March,11,A,Washing Machine,0.0
March,11,B,LED Light,1.0
March,11,B,Ceiling Fan,2.0
March,11,B,Television,1.0
March,11,B,Iron,0.0
March,11,B,Refrigerator,0.25
March,11,C,LED Light,1.0
March,11,C,Ceiling Fan,1.0
March,11,Misc,Hospital,1.0
March,11,Misc,Street Light,0.0
March,11,Misc,Cold Storage,5.0
March,11,Misc,School,0.35
March,11,Misc,Others,1.0
March,12,A,LED Light,1.0
March,12,A,Ceiling Fan,2.0
March,12,A,Television,0.0
March,12,A,Iron,0.0
March,12,A,Refrigerator,0.25
March,12,A,Washing Machine,0.0
March,12,B,LED Light,1.0
March,12,B,Ceiling Fan,2.0
March,12,B,Television,0.0
March,12,B,Iron,0.0
March,12,B,Refrigerator,0.25
March,12,C,LED Light,1.0
March,12,C,Ceiling Fan,1.0
March,12,Misc,Hospital,1.0
March,12,Misc,Street Light,0.0
March,12,Misc,Cold Storage,4.0
March,12,Misc,School,1.0
March,12,Misc,Others,1.0
March,13,A,LED Light,1.0
March,13,A,Ceiling Fan,2.0
March,13,A,Television,0.0
March,13,A,Iron,0.0
March,13,A,Refrigerator,0.25
March,13,A,Washing Machine,0.0
March,13,B,LED Light,1.0
March,13,B,Ceiling Fan,2.0
March,13,B,Television,0.0
March,13,B,Iron,0.0
March,13,B,Refrigerator,0.25
March,13,C,LED Light,1.0
March,13,C,Ceiling Fan,1.0
March,13,Misc,Hospital,1.0
March,13,Misc,Street Light,0.0
March,13,Misc,Cold Storage,4.0
March,13,Misc,School,1.0
March,13,Misc,Others,1.0
March,14,A,LED Light,2.0
March,14,A,Ceiling Fan,2.0
March,14,A,Television,0.0
March,14,A,Iron,0.0
March,14,A,Refrigerator,0.25
March,14,A,Washing Machine,0.0
March,14,B,LED Light,2.0
March,14,B,Ceiling Fan,2.0
March,14,B,Television,0.0
March,14,B,Iron,0.0
March,14,B,Refrigerator,0.25
March,14,C,LED Light,1.0
March,14,C,Ceiling Fan,1.0
March,14,Misc,Hospital,1.0
March,14,Misc,Street Light,0.0
March,14,Misc,Cold Storage,4.0
March,14,Misc,School,0.5
March,14,Misc,Others,1.0
March,15,A,LED Light,3.0
March,15,A,Ceiling Fan,2.0
March,15,A,Television,0.0
March,15,A,Iron,0.0
March,15,A,Refrigerator,0.25
March,15,A,Washing Machine,0.0
March,15,B,LED Light,2.0
March,15,B,Ceiling Fan,2.0
March,15,B,Television,0.0
March,15,B,Iron,0.0
March,15,B,Refrigerator,0.25
March,15,C,LED Light,1.0
March,15,C,Ceiling Fan,1.0
March,15,Misc,Hospital,1.0
March,15,Misc,Street Light,10.0
March,15,Misc,Cold Storage,3.0
March,15,Misc,School,0.35
March,15,Misc,Others,1.0
March,16,A,LED Light,5.0
March,16,A,Ceiling Fan,3.0
March,16,A,Television,1.0
March,16,A,Iron,0.0
March,16,A,Refrigerator,0.25
March,16,A,Washing Machine,0.0
March,16,B,LED Light,2.0
March,16,B,Ceiling Fan,2.0
March,16,B,Television,1.0
March,16,B,Iron,0.0
March,16,B,Refrigerator,0.25
March,16,C,LED Light,1.0
March,16,C,Ceiling Fan,1.0
March,16,Misc,Hospital,1.0
March,16,Misc,Street Light,20.0
March,16,Misc,Cold Storage,3.0
March,16,Misc,School,0.0
March,16,Misc,Others,1.0
March,17,A,LED Light,5.0
March,17,A,Ceiling Fan,3.0
March,17,A,Television,1.0
March,17,A,Iron,0.0
March,17,A,Refrigerator,0.25
March,17,A,Washing Machine,0.0
March,17,B,LED Light,3.0
March,17,B,Ceiling Fan,2.0
March,17,B,Television,1.0
March,17,B,Iron,0.0
March,17,B,Refrigerator,0.25
March,17,C,LED Light,2.0
March,17,C,Ceiling Fan,1.0
March,17,Misc,Hospital,1.0
March,17,Misc,Street Light,35.0
March,17,Misc,Cold Storage,3.0
March,17,Misc,School,0.0
March,17,Misc,Others,0.4
March,18,A,LED Light,5.0
March,18,A,Ceiling Fan,3.0
March,18,A,Television,1.0
March,18,A,Iron,0.0
March,18,A,Refrigerator,0.25
March,18,A,Washing Machine,0.0
March,18,B,LED Light,3.0
March,18,B,Ceiling Fan,2.0
March,18,B,Television,1.0
March,18,B,Iron,0.0
March,18,B,Refrigerator,0.25
March,18,C,LED Light,2.0
March,18,C,Ceiling Fan,1.0
March,18,Misc,Hospital,1.0
March,18,Misc,Street Light,40.0
March,18,Misc,Cold Storage,3.0
March,18,Misc,School,0.0
March,18,Misc,Others,0.4
March,19,A,LED Light,5.0
March,19,A,Ceiling Fan,3.0
March,19,A,Television,1.0
March,19,A,Iron,0.0
March,19,A,Refrigerator,0.25
March,19,A,Washing Machine,0.0
March,19,B,LED Light,3.0
March,19,B,Ceiling Fan,1.0
March,19,B,Television,1.0
March,19,B,Iron,0.0
March,19,B,Refrigerator,0.25
March,19,C,LED Light,1.0
March,19,C,Ceiling Fan,1.0
March,19,Misc,Hospital,1.0
March,19,Misc,Street Light,50.0
March,19,Misc,Cold Storage,2.0
March,19,Misc,School,0.0
March,19,Misc,Others,0.3
March,20,A,LED Light,5.0
March,20,A,Ceiling Fan,3.0
March,20,A,Television,1.0
March,20,A,Iron,0.0
March,20,A,Refrigerator,0.25
March,20,A,Washing Machine,0.0
March,20,B,LED Light,3.0
March,20,B,Ceiling Fan,1.0
March,20,B,Television,1.0
March,20,B,Iron,0.0
March,20,B,Refrigerator,0.25
March,20,C,LED Light,1.0
March,20,C,Ceiling Fan,1.0
March,20,Misc,Hospital,1.0
March,20,Misc,Street Light,50.0
March,20,Misc,Cold Storage,2.0
March,20,Misc,School,0.0
March,20,Misc,Others,0.3
March,21,A,LED Light,3.0
March,21,A,Ceiling Fan,2.0
March,21,A,Television,1.0
March,21,A,Iron,0.0
March,21,A,Refrigerator,0.25
March,21,A,Washing Machine,0.0
March,21,B,LED Light,2.0
March,21,B,Ceiling Fan,1.0
March,21,B,Television,1.0
March,21,B,Iron,0.0
March,21,B,Refrigerator,0.25
March,21,C,LED Light,1.0
March,21,C,Ceiling Fan,1.0
March,21,Misc,Hospital,0.7
March,21,Misc,Street Light,50.0
March,21,Misc,Cold Storage,2.0
March,21,Misc,School,0.0
March,21,Misc,Others,0.2
March,22,A,LED Light,3.0
March,22,A,Ceiling Fan,2.0
March,22,A,Television,0.0
March,22,A,Iron,0.0
March,22,A,Refrigerator,0.25
March,22,A,Washing Machine,0.0
March,22,B,LED Light,2.0
March,22,B,Ceiling Fan,1.0
March,22,B,Television,0.0
March,22,B,Iron,0.0
March,22,B,Refrigerator,0.25
March,22,C,LED Light,0.0
March,22,C,Ceiling Fan,1.0
March,22,Misc,Hospital,0.7
March,22,Misc,Street Light,50.0
March,22,Misc,Cold Storage,2.0
March,22,Misc,School,0.0
March,22,Misc,Others,0.2
March,23,A,LED Light,2.0
March,23,A,Ceiling Fan,2.0
March,23,A,Television,0.0
March,23,A,Iron,0.0
March,23,A,Refrigerator,0.25
March,23,A,Washing Machine,0.0
March,23,B,LED Light,0.0
March,23,B,Ceiling Fan,1.0
March,23,B,Television,0.0
March,23,B,Iron,0.0
March,23,B,Refrigerator,0.25
March,23,C,LED Light,0.0
March,23,C,Ceiling Fan,1.0
March,23,Misc,Hospital,0.7
March,23,Misc,Street Light,50.0
March,23,Misc,Cold Storage,2.0
March,23,Misc,School,0.0
March,23,Misc,Others,0.2
Winter_Weekend,0,A,LED Light,3.0
Winter_Weekend,0,A,Ceiling Fan,2.0
Winter_Weekend,0,A,Television,1.0
Winter_Weekend,0,A,Iron,0.0
Winter_Weekend,0,A,Refrigerator,0.25
Winter_Weekend,0,A,Washing Machine,0.0
Winter_Weekend,0,B,LED Light,2.0
Winter_Weekend,0,B,Ceiling Fan,1.0
Winter_Weekend,0,B,Television,1.0
Winter_Weekend,0,B,Iron,0.0
Winter_Weekend,0,B,Refrigerator,0.25
Winter_Weekend,0,C,LED Light,1.0
Winter_Weekend,0,C,Ceiling Fan,1.0
Winter_Weekend,0,Misc,Hospital,0.7
Winter_Weekend,0,Misc,Street Light,30.0
Winter_Weekend,0,Misc,Cold Storage,4.0
Winter_Weekend,0,Misc,School,0.0
Winter_Weekend,0,Misc,Others,0.3
Winter_Weekend,1,A,LED Light,3.0
Winter_Weekend,1,A,Ceiling Fan,2.0
Winter_Weekend,1,A,Television,1.0
Winter_Weekend,1,A,Iron,0.0
Winter_Weekend,1,A,Refrigerator,0.25
Winter_Weekend,1,A,Washing Machine,0.0
Winter_Weekend,1,B,LED Light,2.0
Winter_Weekend,1,B,Ceiling Fan,1.0
Winter_Weekend,1,B,Television,0.0
Winter_Weekend,1,B,Iron,0.0
Winter_Weekend,1,B,Refrigerator,0.25
Winter_Weekend,1,C,LED Light,1.0
Winter_Weekend,1,C,Ceiling Fan,1.0
Winter_Weekend,1,Misc,Hospital,0.7
Winter_Weekend,1,Misc,Street Light,30.0
Winter_Weekend,1,Misc,Cold Storage,4.0
Winter_Weekend,1,Misc,School,0.0
Winter_Weekend,1,Misc,Others,0.3
Winter_Weekend,2,A,LED Light,2.0
Winter_Weekend,2,A,Ceiling Fan,2.0
Winter_Weekend,2,A,Television,1.0
Winter_Weekend,2,A,Iron,0.0
Winter_Weekend,2,A,Refrigerator,0.25
Winter_Weekend,2,A,Washing Machine,0.0
Winter_Weekend,2,B,LED Light,1.0
Winter_Weekend,2,B,Ceiling Fan,1.0
Winter_Weekend,2,B,Television,0.0
Winter_Weekend,2,B,Iron,0.0
Winter_Weekend,2,B,Refrigerator,0.25
Winter_Weekend,2,C,LED Light,0.0
Winter_Weekend,2,C,Ceiling Fan,1.0
Winter_Weekend,2,Misc,Hospital,0.7
Winter_Weekend,2,Misc,Street Light,30.0
Winter_Weekend,2,Misc,Cold Storage,5.0
Winter_Weekend,2,Misc,School,0.0
Winter_Weekend,2,Misc,Others,0.3
Winter_Weekend,3,A,LED Light,1.0
Winter_Weekend,3,A,Ceiling Fan,2.0
Winter_Weekend,3,A,Television,0.0
Winter_Weekend,3,A,Iron,0.0
Winter_Weekend,3,A,Refrigerator,0.25
Winter_Weekend,3,A,Washing Machine,0.0
Winter_Weekend,3,B,LED Light,1.0
Winter_Weekend,3,B,Ceiling Fan,1.0
Winter_Weekend,3,B,Television,0.0
Winter_Weekend,3,B,Iron,0.0
Winter_Weekend,3,B,Refrigerator,0.25
Winter_Weekend,3,C,LED Light,0.0
Winter_Weekend,3,C,Ceiling Fan,1.0
Winter_Weekend,3,Misc,Hospital,0.7
Winter_Weekend,3,Misc,Street Light,30.0
Winter_Weekend,3,Misc,Cold Storage,5.0
Winter_Weekend,3,Misc,School,0.0
Winter_Weekend,3,Misc,Others,0.3
Winter_Weekend,4,A,LED Light,1.0
Winter_Weekend,4,A,Ceiling Fan,2.0
Winter_Weekend,4,A,Television,0.0
Winter_Weekend,4,A,Iron,0.0
Winter_Weekend,4,A,Refrigerator,0.25
Winter_Weekend,4,A,Washing Machine,0.0
Winter_Weekend,4,B,LED Light,1.0
Winter_Weekend,4,B,Ceiling Fan,1.0
Winter_Weekend,4,B,Television,0.0
Winter_Weekend,4,B,Iron,0.0
Winter_Weekend,4,B,Refrigerator,0.25
Winter_Weekend,4,C,LED Light,0.0
Winter_Weekend,4,C,Ceiling Fan,1.0
Winter_Weekend,4,Misc,Hospital,0.7
Winter_Weekend,4,Misc,Street Light,15.0
Winter_Weekend,4,Misc,Cold Storage,5.0
Winter_Weekend,4,Misc,School,0.0
Winter_Weekend,4,Misc,Others,0.3
Winter_Weekend,5,A,LED Light,1.0
Winter_Weekend,5,A,Ceiling Fan,3.0
Winter_Weekend,5,A,Television,0.0
Winter_Weekend,5,A,Iron,0.0
Winter_Weekend,5,A,Refrigerator,0.25
Winter_Weekend,5,A,Washing Machine,0.0
Winter_Weekend,5,B,LED Light,1.0
Winter_Weekend,5,B,Ceiling Fan,1.0
Winter_Weekend,5,B,Television,0.0
Winter_Weekend,5,B,Iron,0.0
Winter_Weekend,5,B,Refrigerator,0.25
Winter_Weekend,5,C,LED Light,0.0
Winter_Weekend,5,C,Ceiling Fan,1.0
Winter_Weekend,5,Misc,Hospital,0.7
Winter_Weekend,5,Misc,Street Light,5.0
Winter_Weekend,5,Misc,Cold Storage,5.0
Winter_Weekend,5,Misc,School,0.0
Winter_Weekend,5,Misc,Others,0.3
Winter_Weekend,6,A,LED Light,1.0
Winter_Weekend,6,A,Ceiling Fan,3.0
Winter_Weekend,6,A,Television,1.0
Winter_Weekend,6,A,Iron,0.0
Winter_Weekend,6,A,Refrigerator,0.25
Winter_Weekend,6,A,Washing Machine,0.0
Winter_Weekend,6,B,LED Light,1.0
Winter_Weekend,6,B,Ceiling Fan,1.0
Winter_Weekend,6,B,Television,0.0
Winter_Weekend,6,B,Iron,0.0
Winter_Weekend,6,B,Refrigerator,0.25
Winter_Weekend,6,C,LED Light,1.0
Winter_Weekend,6,C,Ceiling Fan,1.0
Winter_Weekend,6,Misc,Hospital,0.7
Winter_Weekend,6,Misc,Street Light,0.0
Winter_Weekend,6,Misc,Cold Storage,5.0
Winter_Weekend,6,Misc,School,0.0
Winter_Weekend,6,Misc,Others,0.2
Winter_Weekend,7,A,LED Light,2.0
Winter_Weekend,7,A,Ceiling Fan,3.0
Winter_Weekend,7,A,Television,1.0
Winter_Weekend,7,A,Iron,0.0
Winter_Weekend,7,A,Refrigerator,0.25
Winter_Weekend,7,A,Washing Machine,0.0
Winter_Weekend,7,B,LED Light,2.0
Winter_Weekend,7,B,Ceiling Fan,2.0
Winter_Weekend,7,B,Television,0.0
Winter_Weekend,7,B,Iron,0.0
Winter_Weekend,7,B,Refrigerator,0.25
Winter_Weekend,7,C,LED Light,1.0
Winter_Weekend,7,C,Ceiling Fan,1.0
Winter_Weekend,7,Misc,Hospital,1.0
Winter_Weekend,7,Misc,Street Light,0.0
Winter_Weekend,7,Misc,Cold Storage,5.0
Winter_Weekend,7,Misc,School,0.0
Winter_Weekend,7,Misc,Others,1.0
Winter_Weekend,8,A,LED Light,2.0
Winter_Weekend,8,A,Ceiling Fan,2.0
Winter_Weekend,8,A,Television,1.0
Winter_Weekend,8,A,Iron,0.0
Winter_Weekend,8,A,Refrigerator,0.25
Winter_Weekend,8,A,Washing Machine,0.0
Winter_Weekend,8,B,LED Light,2.0
Winter_Weekend,8,B,Ceiling Fan,2.0
Winter_Weekend,8,B,Television,1.0
Winter_Weekend,8,B,Iron,0.0
Winter_Weekend,8,B,Refrigerator,0.25
Winter_Weekend,8,C,LED Light,1.0
Winter_Weekend,8,C,Ceiling Fan,1.0
Winter_Weekend,8,Misc,Hospital,1.0
Winter_Weekend,8,Misc,Street Light,0.0
Winter_Weekend,8,Misc,Cold Storage,5.0
Winter_Weekend,8,Misc,School,0.0
Winter_Weekend,8,Misc,Others,1.0
Winter_Weekend,9,A,LED Light,3.0
Winter_Weekend,9,A,Ceiling Fan,2.0
Winter_Weekend,9,A,Television,1.0
Winter_Weekend,9,A,Iron,0.0
Winter_Weekend,9,A,Refrigerator,0.25
Winter_Weekend,9,A,Washing Machine,0.0
Winter_Weekend,9,B,LED Light,2.0
Winter_Weekend,9,B,Ceiling Fan,2.0
Winter_Weekend,9,B,Television,1.0
Winter_Weekend,9,B,Iron,0.0
Winter_Weekend,9,B,Refrigerator,0.25
Winter_Weekend,9,C,LED Light,1.0
Winter_Weekend,9,C,Ceiling Fan,1.0
Winter_Weekend,9,Misc,Hospital,1.0
Winter_Weekend,9,Misc,Street Light,0.0
Winter_Weekend,9,Misc,Cold Storage,5.0
Winter_Weekend,9,Misc,School,0.0
Winter_Weekend,9,Misc,Others,1.0
Winter_Weekend,10,A,LED Light,4.0
Winter_Weekend,10,A,Ceiling Fan,2.0
Winter_Weekend,10,A,Television,1.0
Winter_Weekend,10,A,Iron,0.0
Winter_Weekend,10,A,Refrigerator,0.25
Winter_Weekend,10,A,Washing Machine,1.0
Winter_Weekend,10,B,LED Light,2.0
Winter_Weekend,10,B,Ceiling Fan,2.0
Winter_Weekend,10,B,Television,1.0
Winter_Weekend,10,B,Iron,0.0
Winter_Weekend,10,B,Refrigerator,0.25
Winter_Weekend,10,C,LED Light,1.0
Winter_Weekend,10,C,Ceiling Fan,1.0
Winter_Weekend,10,Misc,Hospital,1.0
Winter_Weekend,10,Misc,Street Light,0.0
Winter_Weekend,10,Misc,Cold Storage,5.0
Winter_Weekend,10,Misc,School,0.0
Winter_Weekend,10,Misc,Others,1.0
Winter_Weekend,11,A,LED Light,4.0
Winter_Weekend,11,A,Ceiling Fan,2.0
Winter_Weekend,11,A,Television,1.0
Winter_Weekend,11,A,Iron,0.0
Winter_Weekend,11,A,Refrigerator,0.25
Winter_Weekend,11,A,Washing Machine,0.0
Winter_Weekend,11,B,LED Light,2.0
Winter_Weekend,11,B,Ceiling Fan,2.0
Winter_Weekend,11,B,Television,1.0
Winter_Weekend,11,B,Iron,0.0
Winter_Weekend,11,B,Refrigerator,0.25
Winter_Weekend,11,C,LED Light,1.0
Winter_Weekend,11,C,Ceiling Fan,1.0
Winter_Weekend,11,Misc,Hospital,1.0
Winter_Weekend,11,Misc,Street Light,0.0
Winter_Weekend,11,Misc,Cold Storage,5.0
Winter_Weekend,11,Misc,School,0.0
Winter_Weekend,11,Misc,Others,1.0
Winter_Weekend,12,A,LED Light,3.0
Winter_Weekend,12,A,Ceiling Fan,2.0
Winter_Weekend,12,A,Television,1.0
Winter_Weekend,12,A,Iron,0.0
Winter_Weekend,12,A,Refrigerator,0.25
Winter_Weekend,12,A,Washing Machine,0.0
Winter_Weekend,12,B,LED Light,2.0
Winter_Weekend,12,B,Ceiling Fan,2.0
Winter_Weekend,12,B,Television,1.0
Winter_Weekend,12,B,Iron,0.0
Winter_Weekend,12,B,Refrigerator,0.25
Winter_Weekend,12,C,LED Light,1.0
Winter_Weekend,12,C,Ceiling Fan,1.0
Winter_Weekend,12,Misc,Hospital,1.0
Winter_Weekend,12,Misc,Street Light,0.0
Winter_Weekend,12,Misc,Cold Storage,4.0
Winter_Weekend,12,Misc,School,0.0
Winter_Weekend,12,Misc,Others,1.0
Winter_Weekend,13,A,LED Light,3.0
Winter_Weekend,13,A,Ceiling Fan,2.0
Winter_Weekend,13,A,Television,1.0
Winter_Weekend,13,A,Iron,1.0
Winter_Weekend,13,A,Refrigerator,0.25
Winter_Weekend,13,A,Washing Machine,0.0
Winter_Weekend,13,B,LED Light,2.0
Winter_Weekend,13,B,Ceiling Fan,2.0
Winter_Weekend,13,B,Television,1.0
Winter_Weekend,13,B,Iron,1.0
Winter_Weekend,13,B,Refrigerator,0.25
Winter_Weekend,13,C,LED Light,1.0
Winter_Weekend,13,C,Ceiling Fan,1.0
Winter_Weekend,13,Misc,Hospital,1.0
Winter_Weekend,13,Misc,Street Light,0.0
Winter_Weekend,13,Misc,Cold Storage,4.0
Winter_Weekend,13,Misc,School,0.0
Winter_Weekend,13,Misc,Others,1.0
Winter_Weekend,14,A,LED Light,4.0
Winter_Weekend,14,A,Ceiling Fan,2.0
Winter_Weekend,14,A,Television,1.0
Winter_Weekend,14,A,Iron,1.0
Winter_Weekend,14,A,Refrigerator,0.25
Winter_Weekend,14,A,Washing Machine,0.0
Winter_Weekend,14,B,LED Light,3.0
Winter_Weekend,14,B,Ceiling Fan,2.0
Winter_Weekend,14,B,Television,1.0
Winter_Weekend,14,B,Iron,0.0
Winter_Weekend,14,B,Refrigerator,0.25
Winter_Weekend,14,C,LED Light,1.0
Winter_Weekend,14,C,Ceiling Fan,1.0
Winter_Weekend,14,Misc,Hospital,1.0
Winter_Weekend,14,Misc,Street Light,0.0
Winter_Weekend,14,Misc,Cold Storage,4.0
Winter_Weekend,14,Misc,School,0.0
Winter_Weekend,14,Misc,Others,1.0
Winter_Weekend,15,A,LED Light,5.0
Winter_Weekend,15,A,Ceiling Fan,2.0
Winter_Weekend,15,A,Television,1.0
Winter_Weekend,15,A,Iron,0.0
Winter_Weekend,15,A,Refrigerator,0.25
Winter_Weekend,15,A,Washing Machine,0.0
Winter_Weekend,15,B,LED Light,3.0
Winter_Weekend,15,B,Ceiling Fan,2.0
Winter_Weekend,15,B,Television,1.0
Winter_Weekend,15,B,Iron,0.0
Winter_Weekend,15,B,Refrigerator,0.25
Winter_Weekend,15,C,LED Light,1.0
Winter_Weekend,15,C,Ceiling Fan,1.0
Winter_Weekend,15,Misc,Hospital,1.0
Winter_Weekend,15,Misc,Street Light,7.0
Winter_Weekend,15,Misc,Cold Storage,4.0
Winter_Weekend,15,Misc,School,0.0
Winter_Weekend,15,Misc,Others,1.0
Winter_Weekend,16,A,LED Light,5.0
Winter_Weekend,16,A,Ceiling Fan,3.0
Winter_Weekend,16,A,Television,1.0
Winter_Weekend,16,A,Iron,0.0
Winter_Weekend,16,A,Refrigerator,0.25
Winter_Weekend,16,A,Washing Machine,0.0
Winter_Weekend,16,B,LED Light,3.0
Winter_Weekend,16,B,Ceiling Fan,2.0
Winter_Weekend,16,B,Television,1.0
Winter_Weekend,16,B,Iron,0.0
Winter_Weekend,16,B,Refrigerator,0.25
Winter_Weekend,16,C,LED Light,1.0
Winter_Weekend,16,C,Ceiling Fan,1.0
Winter_Weekend,16,Misc,Hospital,1.0
Winter_Weekend,16,Misc,Street Light,15.0
Winter_Weekend,16,Misc,Cold Storage,4.0
Winter_Weekend,16,Misc,School,0.0
Winter_Weekend,16,Misc,Others,1.0
Winter_Weekend,17,A,LED Light,5.0
Winter_Weekend,17,A,Ceiling Fan,3.0
Winter_Weekend,17,A,Television,1.0
Winter_Weekend,17,A,Iron,0.0
Winter_Weekend,17,A,Refrigerator,0.25
Winter_Weekend,17,A,Washing Machine,0.0
Winter_Weekend,17,B,LED Light,3.0
Winter_Weekend,17,B,Ceiling Fan,2.0
Winter_Weekend,17,B,Television,1.0
Winter_Weekend,17,B,Iron,0.0
Winter_Weekend,17,B,Refrigerator,0.25
Winter_Weekend,17,C,LED Light,2.0
Winter_Weekend,17,C,Ceiling Fan,1.0
Winter_Weekend,17,Misc,Hospital,1.0
Winter_Weekend,17,Misc,Street Light,25.0
Winter_Weekend,17,Misc,Cold Storage,4.0
Winter_Weekend,17,Misc,School,0.0
Winter_Weekend,17,Misc,Others,0.5
Winter_Weekend,18,A,LED Light,5.0
Winter_Weekend,18,A,Ceiling Fan,3.0
Winter_Weekend,18,A,Television,1.0
Winter_Weekend,18,A,Iron,0.0
Winter_Weekend,18,A,Refrigerator,0.25
Winter_Weekend,18,A,Washing Machine,0.0
Winter_Weekend,18,B,LED Light,3.0
Winter_Weekend,18,B,Ceiling Fan,2.0
Winter_Weekend,18,B,Television,1.0
Winter_Weekend,18,B,Iron,0.0
Winter_Weekend,18,B,Refrigerator,0.25
Winter_Weekend,18,C,LED Light,2.0
Winter_Weekend,18,C,Ceiling Fan,1.0
Winter_Weekend,18,Misc,Hospital,1.0
Winter_Weekend,18,Misc,Street Light,25.0
Winter_Weekend,18,Misc,Cold Storage,4.0
Winter_Weekend,18,Misc,School,0.0
Winter_Weekend,18,Misc,Others,0.5
Winter_Weekend,19,A,LED Light,5.0
Winter_Weekend,19,A,Ceiling Fan,3.0
Winter_Weekend,19,A,Television,1.0
Winter_Weekend,19,A,Iron,0.0
Winter_Weekend,19,A,Refrigerator,0.25
Winter_Weekend,19,A,Washing Machine,0.0
Winter_Weekend,19,B,LED Light,3.0
Winter_Weekend,19,B,Ceiling Fan,1.0
Winter_Weekend,19,B,Television,1.0
Winter_Weekend,19,B,Iron,0.0
Winter_Weekend,19,B,Refrigerator,0.25
Winter_Weekend,19,C,LED Light,1.0
Winter_Weekend,19,C,Ceiling Fan,1.0
Winter_Weekend,19,Misc,Hospital,1.0
Winter_Weekend,19,Misc,Street Light,25.0
Winter_Weekend,19,Misc,Cold Storage,3.0
Winter_Weekend,19,Misc,School,0.0
Winter_Weekend,19,Misc,Others,0.4
Winter_Weekend,20,A,LED Light,5.0
Winter_Weekend,20,A,Ceiling Fan,3.0
Winter_Weekend,20,A,Television,1.0
Winter_Weekend,20,A,Iron,0.0
Winter_Weekend,20,A,Refrigerator,0.25
Winter_Weekend,20,A,Washing Machine,0.0
Winter_Weekend,20,B,LED Light,3.0
Winter_Weekend,20,B,Ceiling Fan,1.0
Winter_Weekend,20,B,Television,1.0
Winter_Weekend,20,B,Iron,0.0
Winter_Weekend,20,B,Refrigerator,0.25
Winter_Weekend,20,C,LED Light,1.0
Winter_Weekend,20,C,Ceiling Fan,1.0
Winter_Weekend,20,Misc,Hospital,1.0
Winter_Weekend,20,Misc,Street Light,30.0
Winter_Weekend,20,Misc,Cold Storage,3.0
Winter_Weekend,20,Misc,School,0.0
Winter_Weekend,20,Misc,Others,0.4
Winter_Weekend,21,A,LED Light,5.0
Winter_Weekend,21,A,Ceiling Fan,2.0
Winter_Weekend,21,A,Television,1.0
Winter_Weekend,21,A,Iron,0.0
Winter_Weekend,21,A,Refrigerator,0.25
Winter_Weekend,21,A,Washing Machine,0.0
Winter_Weekend,21,B,LED Light,3.0
Winter_Weekend,21,B,Ceiling Fan,1.0
Winter_Weekend,21,B,Television,1.0
Winter_Weekend,21,B,Iron,0.0
Winter_Weekend,21,B,Refrigerator,0.25
Winter_Weekend,21,C,LED Light,1.0
Winter_Weekend,21,C,Ceiling Fan,1.0
Winter_Weekend,21,Misc,Hospital,0.7
Winter_Weekend,21,Misc,Street Light,30.0
Winter_Weekend,21,Misc,Cold Storage,2.0
Winter_Weekend,21,Misc,School,0.0
Winter_Weekend,21,Misc,Others,0.3
Winter_Weekend,22,A,LED Light,5.0
Winter_Weekend,22,A,Ceiling Fan,2.0
Winter_Weekend,22,A,Television,1.0
Winter_Weekend,22,A,Iron,0.0
Winter_Weekend,22,A,Refrigerator,0.25
Winter_Weekend,22,A,Washing Machine,0.0
Winter_Weekend,22,B,LED Light,3.0
Winter_Weekend,22,B,Ceiling Fan,1.0
Winter_Weekend,22,B,Television,1.0
Winter_Weekend,22,B,Iron,0.0
Winter_Weekend,22,B,Refrigerator,0.25
Winter_Weekend,22,C,LED Light,1.0
Winter_Weekend,22,C,Ceiling Fan,1.0
Winter_Weekend,22,Misc,Hospital,0.7
Winter_Weekend,22,Misc,Street Light,30.0
Winter_Weekend,22,Misc,Cold Storage,2.0
Winter_Weekend,22,Misc,School,0.0
Winter_Weekend,22,Misc,Others,0.3
Winter_Weekend,23,A,LED Light,5.0
Winter_Weekend,23,A,Ceiling Fan,2.0
Winter_Weekend,23,A,Television,1.0
Winter_Weekend,23,A,Iron,0.0
Winter_Weekend,23,A,Refrigerator,0.25
Winter_Weekend,23,A,Washing Machine,0.0
Winter_Weekend,23,B,LED Light,3.0
Winter_Weekend,23,B,Ceiling Fan,1.0
Winter_Weekend,23,B,Television,1.0
Winter_Weekend,23,B,Iron,0.0
Winter_Weekend,23,B,Refrigerator,0.25
Winter_Weekend,23,C,LED Light,1.0
Winter_Weekend,23,C,Ceiling Fan,1.0
Winter_Weekend,23,Misc,Hospital,0.7
Winter_Weekend,23,Misc,Street Light,30.0
Winter_Weekend,23,Misc,Cold Storage,2.0
Winter_Weekend,23,Misc,School,0.0
Winter_Weekend,23,Misc,Others,0.3
April,0,A,LED Light,2.0
April,0,A,Ceiling Fan,3.0
April,0,A,Television,0.0
April,0,A,Iron,0.0
April,0,A,Refrigerator,0.25
April,0,A,Washing Machine,0.0
April,0,B,LED Light,1.0
April,0,B,Ceiling Fan,2.0
April,0,B,Television,0.0
April,0,B,Iron,0.0
April,0,B,Refrigerator,0.25
April,0,C,LED Light,0.0
April,0,C,Ceiling Fan,1.0
April,0,Misc,Hospital,0.7
April,0,Misc,Street Light,35.0
April,0,Misc,Cold Storage,2.0
April,0,Misc,School,0.0
April,0,Misc,Others,0.2
April,1,A,LED Light,2.0
April,1,A,Ceiling Fan,3.0
April,1,A,Television,0.0
April,1,A,Iron,0.0
April,1,A,Refrigerator,0.25
April,1,A,Washing Machine,0.0
April,1,B,LED Light,1.0
April,1,B,Ceiling Fan,2.0
April,1,B,Television,0.0
April,1,B,Iron,0.0
April,1,B,Refrigerator,0.25
April,1,C,LED Light,0.0
April,1,C,Ceiling Fan,1.0
April,1,Misc,Hospital,0.7
April,1,Misc,Street Light,35.0
April,1,Misc,Cold Storage,2.0
April,1,Misc,School,0.0
April,1,Misc,Others,0.2
April,2,A,LED Light,2.0
April,2,A,Ceiling Fan,3.0
April,2,A,Television,0.0
April,2,A,Iron,0.0
April,2,A,Refrigerator,0.25
April,2,A,Washing Machine,0.0
April,2,B,LED Light,1.0
April,2,B,Ceiling Fan,2.0
April,2,B,Television,0.0
April,2,B,Iron,0.0
April,2,B,Refrigerator,0.25
April,2,C,LED Light,0.0
April,2,C,Ceiling Fan,1.0
April,2,Misc,Hospital,0.7
April,2,Misc,Street Light,35.0
April,2,Misc,Cold Storage,2.0
April,2,Misc,School,0.0
April,2,Misc,Others,0.2
April,3,A,LED Light,1.0
April,3,A,Ceiling Fan,2.0
April,3,A,Television,0.0
April,3,A,Iron,0.0
April,3,A,Refrigerator,0.25
April,3,A,Washing Machine,0.0
April,3,B,LED Light,0.0
April,3,B,Ceiling Fan,2.0
April,3,B,Television,0.0
April,3,B,Iron,0.0
April,3,B,Refrigerator,0.25
April,3,C,LED Light,0.0
April,3,C,Ceiling Fan,1.0
April,3,Misc,Hospital,0.7
April,3,Misc,Street Light,20.0
April,3,Misc,Cold Storage,4.0
April,3,Misc,School,0.0
April,3,Misc,Others,0.2
April,4,A,LED Light,1.0
April,4,A,Ceiling Fan,2.0
April,4,A,Television,0.0
April,4,A,Iron,0.0
April,4,A,Refrigerator,0.25
April,4,A,Washing Machine,0.0
April,4,B,LED Light,0.0
April,4,B,Ceiling Fan,1.0
April,4,B,Television,0.0
April,4,B,Iron,0.0
April,4,B,Refrigerator,0.25
April,4,C,LED Light,0.0
April,4,C,Ceiling Fan,1.0
April,4,Misc,Hospital,0.7
April,4,Misc,Street Light,10.0
April,4,Misc,Cold Storage,4.0
April,4,Misc,School,0.0
April,4,Misc,Others,0.2
April,5,A,LED Light,1.0
April,5,A,Ceiling Fan,3.0
April,5,A,Television,0.0
April,5,A,Iron,0.0
April,5,A,Refrigerator,0.25
April,5,A,Washing Machine,0.0
April,5,B,LED Light,0.0
April,5,B,Ceiling Fan,1.0
April,5,B,Television,0.0
April,5,B,Iron,0.0
April,5,B,Refrigerator,0.25
April,5,C,LED Light,1.0
April,5,C,Ceiling Fan,1.0
April,5,Misc,Hospital,0.7
April,5,Misc,Street Light,5.0
April,5,Misc,Cold Storage,4.0
April,5,Misc,School,0.0
April,5,Misc,Others,0.2
April,6,A,LED Light,1.0
April,6,A,Ceiling Fan,2.0
April,6,A,Television,1.0
April,6,A,Iron,0.0
April,6,A,Refrigerator,0.25
April,6,A,Washing Machine,0.0
April,6,B,LED Light,0.0
April,6,B,Ceiling Fan,1.0
April,6,B,Television,1.0
April,6,B,Iron,0.0
April,6,B,Refrigerator,0.25
April,6,C,LED Light,0.0
April,6,C,Ceiling Fan,1.0
April,6,Misc,Hospital,0.7
April,6,Misc,Street Light,0.0
April,6,Misc,Cold Storage,4.0
April,6,Misc,School,1.0
April,6,Misc,Others,0.2
April,7,A,LED Light,1.0
April,7,A,Ceiling Fan,2.0
April,7,A,Television,1.0
April,7,A,Iron,0.0
April,7,A,Refrigerator,0.25
April,7,A,Washing Machine,0.0
April,7,B,LED Light,0.0
April,7,B,Ceiling Fan,1.0
April,7,B,Television,1.0
April,7,B,Iron,0.0
April,7,B,Refrigerator,0.25
April,7,C,LED Light,0.0
April,7,C,Ceiling Fan,1.0
April,7,Misc,Hospital,1.0
April,7,Misc,Street Light,0.0
April,7,Misc,Cold Storage,4.0
April,7,Misc,School,1.0
April,7,Misc,Others,1.0
April,8,A,LED Light,2.0
April,8,A,Ceiling Fan,2.0
April,8,A,Television,1.0
April,8,A,Iron,0.0
April,8,A,Refrigerator,0.25
April,8,A,Washing Machine,0.0
April,8,B,LED Light,1.0
April,8,B,Ceiling Fan,2.0
April,8,B,Television,1.0
April,8,B,Iron,0.0
April,8,B,Refrigerator,0.25
April,8,C,LED Light,0.0
April,8,C,Ceiling Fan,1.0
April,8,Misc,Hospital,1.0
April,8,Misc,Street Light,0.0
April,8,Misc,Cold Storage,4.0
April,8,Misc,School,1.0
April,8,Misc,Others,1.0
April,9,A,LED Light,2.0
April,9,A,Ceiling Fan,2.0
April,9,A,Television,1.0
April,9,A,Iron,0.0
April,9,A,Refrigerator,0.25
April,9,A,Washing Machine,0.0
April,9,B,LED Light,1.0
April,9,B,Ceiling Fan,2.0
April,9,B,Television,1.0
April,9,B,Iron,0.0
April,9,B,Refrigerator,0.25
April,9,C,LED Light,0.0
April,9,C,Ceiling Fan,1.0
April,9,Misc,Hospital,1.0
April,9,Misc,Street Light,0.0
April,9,Misc,Cold Storage,4.0
April,9,Misc,School,1.0
April,9,Misc,Others,1.0
April,10,A,LED Light,2.0
April,10,A,Ceiling Fan,2.0
April,10,A,Television,1.0
April,10,A,Iron,0.0
April,10,A,Refrigerator,0.25
April,10,A,Washing Machine,0.0
April,10,B,LED Light,1.0
April,10,B,Ceiling Fan,2.0
April,10,B,Television,1.0
April,10,B,Iron,0.0
April,10,B,Refrigerator,0.25
April,10,C,LED Light,1.0
April,10,C,Ceiling Fan,1.0
April,10,Misc,Hospital,1.0
April,10,Misc,Street Light,0.0
April,10,Misc,Cold Storage,4.0
April,10,Misc,School,1.0
April,10,Misc,Others,1.0
April,11,A,LED Light,2.0
April,11,A,Ceiling Fan,2.0
April,11,A,Television,1.0
April,11,A,Iron,0.0
April,11,A,Refrigerator,0.25
April,11,A,Washing Machine,0.0
April,11,B,LED Light,1.0
April,11,B,Ceiling Fan,2.0
April,11,B,Television,1.0
April,11,B,Iron,0.0
April,11,B,Refrigerator,0.25
April,11,C,LED Light,1.0
April,11,C,Ceiling Fan,1.0
April,11,Misc,Hospital,1.0
April,11,Misc,Street Light,0.0
April,11,Misc,Cold Storage,4.0
April,11,Misc,School,0.75
April,11,Misc,Others,1.0
April,12,A,LED Light,2.0
April,12,A,Ceiling Fan,3.0
April,12,A,Television,0.0
April,12,A,Iron,0.0
April,12,A,Refrigerator,0.25
April,12,A,Washing Machine,0.0
April,12,B,LED Light,1.0
April,12,B,Ceiling Fan,2.0
April,12,B,Television,0.0
April,12,B,Iron,0.0
April,12,B,Refrigerator,0.25
April,12,C,LED Light,1.0
April,12,C,Ceiling Fan,1.0
April,12,Misc,Hospital,1.0
April,12,Misc,Street Light,0.0
April,12,Misc,Cold Storage,4.0
April,12,Misc,School,1.0
April,12,Misc,Others,1.0
April,13,A,LED Light,2.0
April,13,A,Ceiling Fan,3.0
April,13,A,Television,0.0
April,13,A,Iron,0.0
April,13,A,Refrigerator,0.25
April,13,A,Washing Machine,0.0
April,13,B,LED Light,1.0
April,13,B,Ceiling Fan,2.0
April,13,B,Television,0.0
April,13,B,Iron,0.0
April,13,B,Refrigerator,0.25
April,13,C,LED Light,1.0
April,13,C,Ceiling Fan,1.0
April,13,Misc,Hospital,1.0
April,13,Misc,Street Light,0.0
April,13,Misc,Cold Storage,4.0
April,13,Misc,School,1.0
April,13,Misc,Others,1.0
April,14,A,LED Light,2.0
April,14,A,Ceiling Fan,3.0
April,14,A,Television,0.0
April,14,A,Iron,0.0
April,14,A,Refrigerator,0.25
April,14,A,Washing Machine,0.0
April,14,B,LED Light,1.0
April,14,B,Ceiling Fan,2.0
April,14,B,Television,0.0
April,14,B,Iron,0.0
April,14,B,Refrigerator,0.25
April,14,C,LED Light,1.0
April,14,C,Ceiling Fan,1.0
April,14,Misc,Hospital,1.0
April,14,Misc,Street Light,0.0
April,14,Misc,Cold Storage,3.0
April,14,Misc,School,0.5
April,14,Misc,Others,1.0
April,15,A,LED Light,3.0
April,15,A,Ceiling Fan,3.0
April,15,A,Television,0.0
April,15,A,Iron,0.0
April,15,A,Refrigerator,0.25
April,15,A,Washing Machine,0.0
April,15,B,LED Light,2.0
April,15,B,Ceiling Fan,2.0
April,15,B,Television,0.0
April,15,B,Iron,1.0
April,15,B,Refrigerator,0.25
April,15,C,LED Light,1.0
April,15,C,Ceiling Fan,1.0
April,15,Misc,Hospital,1.0
April,15,Misc,Street Light,0.0
April,15,Misc,Cold Storage,3.0
April,15,Misc,School,0.5
April,15,Misc,Others,1.0
April,16,A,LED Light,3.0
April,16,A,Ceiling Fan,3.0
April,16,A,Television,1.0
April,16,A,Iron,0.0
April,16,A,Refrigerator,0.25
April,16,A,Washing Machine,0.0
April,16,B,LED Light,2.0
April,16,B,Ceiling Fan,2.0
April,16,B,Television,1.0
April,16,B,Iron,0.0
April,16,B,Refrigerator,0.25
April,16,C,LED Light,1.0
April,16,C,Ceiling Fan,1.0
April,16,Misc,Hospital,1.0
April,16,Misc,Street Light,5.0
April,16,Misc,Cold Storage,3.0
April,16,Misc,School,0.0
April,16,Misc,Others,1.0
April,17,A,LED Light,3.0
April,17,A,Ceiling Fan,3.0
April,17,A,Television,1.0
April,17,A,Iron,0.0
April,17,A,Refrigerator,0.25
April,17,A,Washing Machine,0.0
April,17,B,LED Light,2.0
April,17,B,Ceiling Fan,2.0
April,17,B,Television,1.0
April,17,B,Iron,0.0
April,17,B,Refrigerator,0.25
April,17,C,LED Light,2.0
April,17,C,Ceiling Fan,1.0
April,17,Misc,Hospital,1.0
April,17,Misc,Street Light,10.0
April,17,Misc,Cold Storage,3.0
April,17,Misc,School,0.0
April,17,Misc,Others,0.4
April,18,A,LED Light,5.0
April,18,A,Ceiling Fan,3.0
April,18,A,Television,1.0
April,18,A,Iron,0.0
April,18,A,Refrigerator,0.25
April,18,A,Washing Machine,0.0
April,18,B,LED Light,3.0
April,18,B,Ceiling Fan,2.0
April,18,B,Television,1.0
April,18,B,Iron,0.0
April,18,B,Refrigerator,0.25
April,18,C,LED Light,2.0
April,18,C,Ceiling Fan,1.0
April,18,Misc,Hospital,1.0
April,18,Misc,Street Light,25.0
April,18,Misc,Cold Storage,3.0
April,18,Misc,School,0.0
April,18,Misc,Others,0.4
April,19,A,LED Light,5.0
April,19,A,Ceiling Fan,3.0
April,19,A,Television,1.0
April,19,A,Iron,0.0
April,19,A,Refrigerator,0.25
April,19,A,Washing Machine,0.0
April,19,B,LED Light,3.0
April,19,B,Ceiling Fan,2.0
April,19,B,Television,1.0
April,19,B,Iron,0.0
April,19,B,Refrigerator,0.25
April,19,C,LED Light,1.0
April,19,C,Ceiling Fan,1.0
April,19,Misc,Hospital,1.0
April,19,Misc,Street Light,40.0
April,19,Misc,Cold Storage,3.0
April,19,Misc,School,0.0
April,19,Misc,Others,0.3
April,20,A,LED Light,5.0
April,20,A,Ceiling Fan,3.0
April,20,A,Television,1.0
April,20,A,Iron,0.0
April,20,A,Refrigerator,0.25
April,20,A,Washing Machine,0.0
April,20,B,LED Light,3.0
April,20,B,Ceiling Fan,2.0
April,20,B,Television,1.0
April,20,B,Iron,0.0
April,20,B,Refrigerator,0.25
April,20,C,LED Light,1.0
April,20,C,Ceiling Fan,1.0
April,20,Misc,Hospital,1.0
April,20,Misc,Street Light,50.0
April,20,Misc,Cold Storage,1.0
April,20,Misc,School,0.0
April,20,Misc,Others,0.3
April,21,A,LED Light,3.0
April,21,A,Ceiling Fan,3.0
April,21,A,Television,1.0
April,21,A,Iron,0.0
April,21,A,Refrigerator,0.25
April,21,A,Washing Machine,0.0
April,21,B,LED Light,3.0
April,21,B,Ceiling Fan,2.0
April,21,B,Television,1.0
April,21,B,Iron,0.0
April,21,B,Refrigerator,0.25
April,21,C,LED Light,1.0
April,21,C,Ceiling Fan,1.0
April,21,Misc,Hospital,0.7
April,21,Misc,Street Light,50.0
April,21,Misc,Cold Storage,1.0
April,21,Misc,School,0.0
April,21,Misc,Others,0.2
April,22,A,LED Light,3.0
April,22,A,Ceiling Fan,2.0
April,22,A,Television,0.0
April,22,A,Iron,0.0
April,22,A,Refrigerator,0.25
April,22,A,Washing Machine,0.0
April,22,B,LED Light,3.0
April,22,B,Ceiling Fan,2.0
April,22,B,Television,0.0
April,22,B,Iron,0.0
April,22,B,Refrigerator,0.25
April,22,C,LED Light,0.0
April,22,C,Ceiling Fan,1.0
April,22,Misc,Hospital,0.7
April,22,Misc,Street Light,50.0
April,22,Misc,Cold Storage,1.0
April,22,Misc,School,0.0
April,22,Misc,Others,0.2
April,23,A,LED Light,3.0
April,23,A,Ceiling Fan,2.0
April,23,A,Television,0.0
April,23,A,Iron,0.0
April,23,A,Refrigerator,0.25
April,23,A,Washing Machine,0.0
April,23,B,LED Light,3.0
April,23,B,Ceiling Fan,2.0
April,23,B,Television,0.0
April,23,B,Iron,0.0
April,23,B,Refrigerator,0.25
April,23,C,LED Light,0.0
April,23,C,Ceiling Fan,1.0
April,23,Misc,Hospital,0.7
April,23,Misc,Street Light,50.0
April,23,Misc,Cold Storage,1.0
April,23,Misc,School,0.0
April,23,Misc,Others,0.2
May,0,A,LED Light,2.0
May,0,A,Ceiling Fan,3.0
May,0,A,Television,0.0
May,0,A,Iron,0.0
May,0,A,Refrigerator,0.25
May,0,A,Washing Machine,0.0
May,0,B,LED Light,1.0
May,0,B,Ceiling Fan,2.0
May,0,B,Television,0.0
May,0,B,Iron,0.0
May,0,B,Refrigerator,0.25
May,0,C,LED Light,0.0
May,0,C,Ceiling Fan,1.0
May,0,Misc,Hospital,0.7
May,0,Misc,Street Light,35.0
May,0,Misc,Cold Storage,2.0
May,0,Misc,School,0.0
May,0,Misc,Others,0.2
May,1,A,LED Light,2.0
May,1,A,Ceiling Fan,3.0
May,1,A,Television,0.0
May,1,A,Iron,0.0
May,1,A,Refrigerator,0.25
May,1,A,Washing Machine,0.0
May,1,B,LED Light,1.0
May,1,B,Ceiling Fan,2.0
May,1,B,Television,0.0
May,1,B,Iron,0.0
May,1,B,Refrigerator,0.25
May,1,C,LED Light,0.0
May,1,C,Ceiling Fan,1.0
May,1,Misc,Hospital,0.7
May,1,Misc,Street Light,35.0
May,1,Misc,Cold Storage,2.0
May,1,Misc,School,0.0
May,1,Misc,Others,0.2
May,2,A,LED Light,2.0
May,2,A,Ceiling Fan,3.0
May,2,A,Television,0.0
May,2,A,Iron,0.0
May,2,A,Refrigerator,0.25
May,2,A,Washing Machine,0.0
May,2,B,LED Light,1.0
May,2,B,Ceiling Fan,2.0
May,2,B,Television,0.0
May,2,B,Iron,0.0
May,2,B,Refrigerator,0.25
May,2,C,LED Light,0.0
May,2,C,Ceiling Fan,1.0
May,2,Misc,Hospital,0.7
May,2,Misc,Street Light,35.0
May,2,Misc,Cold Storage,2.0
May,2,Misc,School,0.0
May,2,Misc,Others,0.2
May,3,A,LED Light,1.0
May,3,A,Ceiling Fan,2.0
May,3,A,Television,0.0
May,3,A,Iron,0.0
May,3,A,Refrigerator,0.25
May,3,A,Washing Machine,0.0
May,3,B,LED Light,0.0
May,3,B,Ceiling Fan,2.0
May,3,B,Television,0.0
May,3,B,Iron,0.0
May,3,B,Refrigerator,0.25
May,3,C,LED Light,0.0
May,3,C,Ceiling Fan,1.0
May,3,Misc,Hospital,0.7
May,3,Misc,Street Light,20.0
May,3,Misc,Cold Storage,4.0
May,3,Misc,School,0.0
May,3,Misc,Others,0.2
May,4,A,LED Light,1.0
May,4,A,Ceiling Fan,2.0
May,4,A,Television,0.0
May,4,A,Iron,0.0
May,4,A,Refrigerator,0.25
May,4,A,Washing Machine,0.0
May,4,B,LED Light,0.0
May,4,B,Ceiling Fan,1.0
May,4,B,Television,0.0
May,4,B,Iron,0.0
May,4,B,Refrigerator,0.25
May,4,C,LED Light,0.0
May,4,C,Ceiling Fan,1.0
May,4,Misc,Hospital,0.7
May,4,Misc,Street Light,10.0
May,4,Misc,Cold Storage,4.0
May,4,Misc,School,0.0
May,4,Misc,Others,0.2
May,5,A,LED Light,1.0
May,5,A,Ceiling Fan,3.0
May,5,A,Television,0.0
May,5,A,Iron,0.0
May,5,A,Refrigerator,0.25
May,5,A,Washing Machine,0.0
May,5,B,LED Light,0.0
May,5,B,Ceiling Fan,1.0
May,5,B,Television,0.0
May,5,B,Iron,0.0
May,5,B,Refrigerator,0.25
May,5,C,LED Light,1.0
May,5,C,Ceiling Fan,1.0
May,5,Misc,Hospital,0.7
May,5,Misc,Street Light,5.0
May,5,Misc,Cold Storage,4.0
May,5,Misc,School,0.0
May,5,Misc,Others,0.2
May,6,A,LED Light,1.0
May,6,A,Ceiling Fan,2.0
May,6,A,Television,1.0
May,6,A,Iron,0.0
May,6,A,Refrigerator,0.25
May,6,A,Washing Machine,0.0
May,6,B,LED Light,0.0
May,6,B,Ceiling Fan,1.0
May,6,B,Television,1.0
May,6,B,Iron,0.0
May,6,B,Refrigerator,0.25
May,6,C,LED Light,0.0
May,6,C,Ceiling Fan,1.0
May,6,Misc,Hospital,0.7
May,6,Misc,Street Light,0.0
May,6,Misc,Cold Storage,4.0
May,6,Misc,School,1.0
May,6,Misc,Others,0.2
May,7,A,LED Light,1.0
May,7,A,Ceiling Fan,2.0
May,7,A,Television,1.0
May,7,A,Iron,0.0
May,7,A,Refrigerator,0.25
May,7,A,Washing Machine,0.0
May,7,B,LED Light,0.0
May,7,B,Ceiling Fan,1.0
May,7,B,Television,1.0
May,7,B,Iron,0.0
May,7,B,Refrigerator,0.25
May,7,C,LED Light,0.0
May,7,C,Ceiling Fan,1.0
May,7,Misc,Hospital,1.0
May,7,Misc,Street Light,0.0
May,7,Misc,Cold Storage,4.0
May,7,Misc,School,1.0
May,7,Misc,Others,1.0
May,8,A,LED Light,2.0
May,8,A,Ceiling Fan,2.0
May,8,A,Television,1.0
May,8,A,Iron,0.0
May,8,A,Refrigerator,0.25
May,8,A,Washing Machine,0.0
May,8,B,LED Light,1.0
May,8,B,Ceiling Fan,2.0
May,8,B,Television,1.0
May,8,B,Iron,0.0
May,8,B,Refrigerator,0.25
May,8,C,LED Light,0.0
May,8,C,Ceiling Fan,1.0
May,8,Misc,Hospital,1.0
May,8,Misc,Street Light,0.0
May,8,Misc,Cold Storage,4.0
May,8,Misc,School,1.0
May,8,Misc,Others,1.0
May,9,A,LED Light,2.0
May,9,A,Ceiling Fan,2.0
May,9,A,Television,1.0
May,9,A,Iron,0.0
May,9,A,Refrigerator,0.25
May,9,A,Washing Machine,0.0
May,9,B,LED Light,1.0
May,9,B,Ceiling Fan,2.0
May,9,B,Television,1.0
May,9,B,Iron,0.0
May,9,B,Refrigerator,0.25
May,9,C,LED Light,0.0
May,9,C,Ceiling Fan,1.0
May,9,Misc,Hospital,1.0
May,9,Misc,Street Light,0.0
May,9,Misc,Cold Storage,4.0
May,9,Misc,School,1.0
May,9,Misc,Others,1.0
May,10,A,LED Light,2.0
May,10,A,Ceiling Fan,2.0
May,10,A,Television,1.0
May,10,A,Iron,0.0
May,10,A,Refrigerator,0.25
May,10,A,Washing Machine,0.0
May,10,B,LED Light,1.0
May,10,B,Ceiling Fan,2.0
May,10,B,Television,1.0
May,10,B,Iron,0.0
May,10,B,Refrigerator,0.25
May,10,C,LED Light,1.0
May,10,C,Ceiling Fan,1.0
May,10,Misc,Hospital,1.0
May,10,Misc,Street Light,0.0
May,10,Misc,Cold Storage,4.0
May,10,Misc,School,1.0
May,10,Misc,Others,1.0
May,11,A,LED Light,2.0
May,11,A,Ceiling Fan,2.0
May,11,A,Television,1.0
May,11,A,Iron,0.0
May,11,A,Refrigerator,0.25
May,11,A,Washing Machine,0.0
May,11,B,LED Light,1.0
May,11,B,Ceiling Fan,2.0
May,11,B,Television,1.0
May,11,B,Iron,0.0
May,11,B,Refrigerator,0.25
May,11,C,LED Light,1.0
May,11,C,Ceiling Fan,1.0
May,11,Misc,Hospital,1.0
May,11,Misc,Street Light,0.0
May,11,Misc,Cold Storage,4.0
May,11,Misc,School,0.75
May,11,Misc,Others,1.0
May,12,A,LED Light,2.0
May,12,A,Ceiling Fan,3.0
May,12,A,Television,0.0
May,12,A,Iron,0.0
May,12,A,Refrigerator,0.25
May,12,A,Washing Machine,0.0
May,12,B,LED Light,1.0
May,12,B,Ceiling Fan,2.0
May,12,B,Television,0.0
May,12,B,Iron,0.0
May,12,B,Refrigerator,0.25
May,12,C,LED Light,1.0
May,12,C,Ceiling Fan,1.0
May,12,Misc,Hospital,1.0
May,12,Misc,Street Light,0.0
May,12,Misc,Cold Storage,4.0
May,12,Misc,School,1.0
May,12,Misc,Others,1.0
May,13,A,LED Light,2.0
May,13,A,Ceiling Fan,3.0
May,13,A,Television,0.0
May,13,A,Iron,0.0
May,13,A,Refrigerator,0.25
May,13,A,Washing Machine,0.0
May,13,B,LED Light,1.0
May,13,B,Ceiling Fan,2.0
May,13,B,Television,0.0
May,13,B,Iron,0.0
May,13,B,Refrigerator,0.25
May,13,C,LED Light,1.0
May,13,C,Ceiling Fan,1.0
May,13,Misc,Hospital,1.0
May,13,Misc,Street Light,0.0
May,13,Misc,Cold Storage,4.0
May,13,Misc,School,1.0
May,13,Misc,Others,1.0
May,14,A,LED Light,2.0
May,14,A,Ceiling Fan,3.0
May,14,A,Television,0.0
May,14,A,Iron,0.0
May,14,A,Refrigerator,0.25
May,14,A,Washing Machine,0.0
May,14,B,LED Light,1.0
May,14,B,Ceiling Fan,2.0
May,14,B,Television,0.0
May,14,B,Iron,0.0
May,14,B,Refrigerator,0.25
May,14,C,LED Light,1.0
May,14,C,Ceiling Fan,1.0
May,14,Misc,Hospital,1.0
May,14,Misc,Street Light,0.0
May,14,Misc,Cold Storage,3.0
May,14,Misc,School,0.5
May,14,Misc,Others,1.0
May,15,A,LED Light,3.0
May,15,A,Ceiling Fan,3.0
May,15,A,Television,0.0
May,15,A,Iron,0.0
May,15,A,Refrigerator,0.25
May,15,A,Washing Machine,0.0
May,15,B,LED Light,2.0
May,15,B,Ceiling Fan,2.0
May,15,B,Television,0.0
May,15,B,Iron,1.0
May,15,B,Refrigerator,0.25
May,15,C,LED Light,1.0
May,15,C,Ceiling Fan,1.0
May,15,Misc,Hospital,1.0
May,15,Misc,Street Light,0.0
May,15,Misc,Cold Storage,3.0
May,15,Misc,School,0.5
May,15,Misc,Others,1.0
May,16,A,LED Light,3.0
May,16,A,Ceiling Fan,3.0
May,16,A,Television,1.0
May,16,A,Iron,0.0
May,16,A,Refrigerator,0.25
May,16,A,Washing Machine,0.0
May,16,B,LED Light,2.0
May,16,B,Ceiling Fan,2.0
May,16,B,Television,1.0
May,16,B,Iron,0.0
May,16,B,Refrigerator,0.25
May,16,C,LED Light,1.0
May,16,C,Ceiling Fan,1.0
May,16,Misc,Hospital,1.0
May,16,Misc,Street Light,5.0
May,16,Misc,Cold Storage,3.0
May,16,Misc,School,0.0
May,16,Misc,Others,1.0
May,17,A,LED Light,3.0
May,17,A,Ceiling Fan,3.0
May,17,A,Television,1.0
May,17,A,Iron,0.0
May,17,A,Refrigerator,0.25
May,17,A,Washing Machine,0.0
May,17,B,LED Light,2.0
May,17,B,Ceiling Fan,2.0
May,17,B,Television,1.0
May,17,B,Iron,0.0
May,17,B,Refrigerator,0.25
May,17,C,LED Light,2.0
May,17,C,Ceiling Fan,1.0
May,17,Misc,Hospital,1.0
May,17,Misc,Street Light,10.0
May,17,Misc,Cold Storage,3.0
May,17,Misc,School,0.0
May,17,Misc,Others,0.4
May,18,A,LED Light,5.0
May,18,A,Ceiling Fan,3.0
May,18,A,Television,1.0
May,18,A,Iron,0.0
May,18,A,Refrigerator,0.25
May,18,A,Washing Machine,0.0
May,18,B,LED Light,3.0
May,18,B,Ceiling Fan,2.0
May,18,B,Television,1.0
May,18,B,Iron,0.0
May,18,B,Refrigerator,0.25
May,18,C,LED Light,2.0
May,18,C,Ceiling Fan,1.0
May,18,Misc,Hospital,1.0
May,18,Misc,Street Light,25.0
May,18,Misc,Cold Storage,3.0
May,18,Misc,School,0.0
May,18,Misc,Others,0.4
May,19,A,LED Light,5.0
May,19,A,Ceiling Fan,3.0
May,19,A,Television,1.0
May,19,A,Iron,0.0
May,19,A,Refrigerator,0.25
May,19,A,Washing Machine,0.0
May,19,B,LED Light,3.0
May,19,B,Ceiling Fan,2.0
May,19,B,Television,1.0
May,19,B,Iron,0.0
May,19,B,Refrigerator,0.25
May,19,C,LED Light,1.0
May,19,C,Ceiling Fan,1.0
May,19,Misc,Hospital,1.0
May,19,Misc,Street Light,40.0
May,19,Misc,Cold Storage,3.0
May,19,Misc,School,0.0
May,19,Misc,Others,0.3
May,20,A,LED Light,5.0
May,20,A,Ceiling Fan,3.0
May,20,A,Television,1.0
May,20,A,Iron,0.0
May,20,A,Refrigerator,0.25
May,20,A,Washing Machine,0.0
May,20,B,LED Light,3.0
May,20,B,Ceiling Fan,2.0
May,20,B,Television,1.0
May,20,B,Iron,0.0
May,20,B,Refrigerator,0.25
May,20,C,LED Light,1.0
May,20,C,Ceiling Fan,1.0
May,20,Misc,Hospital,1.0
May,20,Misc,Street Light,50.0
May,20,Misc,Cold Storage,1.0
May,20,Misc,School,0.0
May,20,Misc,Others,0.3
May,21,A,LED Light,3.0
May,21,A,Ceiling Fan,3.0
May,21,A,Television,1.0
May,21,A,Iron,0.0
May,21,A,Refrigerator,0.25
May,21,A,Washing Machine,0.0
May,21,B,LED Light,3.0
May,21,B,Ceiling Fan,2.0
May,21,B,Television,1.0
May,21,B,Iron,0.0
May,21,B,Refrigerator,0.25
May,21,C,LED Light,1.0
May,21,C,Ceiling Fan,1.0
May,21,Misc,Hospital,0.7
May,21,Misc,Street Light,50.0
May,21,Misc,Cold Storage,1.0
May,21,Misc,School,0.0
May,21,Misc,Others,0.2
May,22,A,LED Light,3.0
May,22,A,Ceiling Fan,2.0
May,22,A,Television,0.0
May,22,A,Iron,0.0
May,22,A,Refrigerator,0.25
May,22,A,Washing Machine,0.0
May,22,B,LED Light,3.0
May,22,B,Ceiling Fan,2.0
May,22,B,Television,0.0
May,22,B,Iron,0.0
May,22,B,Refrigerator,0.25
May,22,C,LED Light,0.0
May,22,C,Ceiling Fan,1.0
May,22,Misc,Hospital,0.7
May,22,Misc,Street Light,50.0
May,22,Misc,Cold Storage,1.0
May,22,Misc,School,0.0
May,22,Misc,Others,0.2
May,23,A,LED Light,3.0
May,23,A,Ceiling Fan,2.0
May,23,A,Television,0.0
May,23,A,Iron,0.0
May,23,A,Refrigerator,0.25
May,23,A,Washing Machine,0.0
May,23,B,LED Light,3.0
May,23,B,Ceiling Fan,2.0
May,23,B,Television,0.0
May,23,B,Iron,0.0
May,23,B,Refrigerator,0.25
May,23,C,LED Light,0.0
May,23,C,Ceiling Fan,1.0
May,23,Misc,Hospital,0.7
May,23,Misc,Street Light,50.0
May,23,Misc,Cold Storage,1.0
May,23,Misc,School,0.0
May,23,Misc,Others,0.2
June_1_15,0,A,LED Light,2.0
June_1_15,0,A,Ceiling Fan,3.0
June_1_15,0,A,Television,0.0
June_1_15,0,A,Iron,0.0
June_1_15,0,A,Refrigerator,0.25
June_1_15,0,A,Washing Machine,0.0
June_1_15,0,B,LED Light,1.0
June_1_15,0,B,Ceiling Fan,2.0
June_1_15,0,B,Television,0.0
June_1_15,0,B,Iron,0.0
June_1_15,0,B,Refrigerator,0.25
June_1_15,0,C,LED Light,0.0
June_1_15,0,C,Ceiling Fan,1.0
June_1_15,0,Misc,Hospital,0.7
June_1_15,0,Misc,Street Light,35.0
June_1_15,0,Misc,Cold Storage,2.0
June_1_15,0,Misc,School,0.0
June_1_15,0,Misc,Others,0.2
June_1_15,1,A,LED Light,2.0
June_1_15,1,A,Ceiling Fan,3.0
June_1_15,1,A,Television,0.0
June_1_15,1,A,Iron,0.0
June_1_15,1,A,Refrigerator,0.25
June_1_15,1,A,Washing Machine,0.0
June_1_15,1,B,LED Light,1.0
June_1_15,1,B,Ceiling Fan,2.0
June_1_15,1,B,Television,0.0
June_1_15,1,B,Iron,0.0
June_1_15,1,B,Refrigerator,0.25
June_1_15,1,C,LED Light,0.0
June_1_15,1,C,Ceiling Fan,1.0
June_1_15,1,Misc,Hospital,0.7
June_1_15,1,Misc,Street Light,35.0
June_1_15,1,Misc,Cold Storage,2.0
June_1_15,1,Misc,School,0.0
June_1_15,1,Misc,Others,0.2
June_1_15,2,A,LED Light,2.0
June_1_15,2,A,Ceiling Fan,3.0
June_1_15,2,A,Television,0.0
June_1_15,2,A,Iron,0.0
June_1_15,2,A,Refrigerator,0.25
June_1_15,2,A,Washing Machine,0.0
June_1_15,2,B,LED Light,1.0
June_1_15,2,B,Ceiling Fan,2.0
June_1_15,2,B,Television,0.0
June_1_15,2,B,Iron,0.0
June_1_15,2,B,Refrigerator,0.25
June_1_15,2,C,LED Light,0.0
June_1_15,2,C,Ceiling Fan,1.0
June_1_15,2,Misc,Hospital,0.7
June_1_15,2,Misc,Street Light,35.0
June_1_15,2,Misc,Cold Storage,2.0
June_1_15,2,Misc,School,0.0
June_1_15,2,Misc,Others,0.2
June_1_15,3,A,LED Light,1.0
June_1_15,3,A,Ceiling Fan,2.0
June_1_15,3,A,Television,0.0
June_1_15,3,A,Iron,0.0
June_1_15,3,A,Refrigerator,0.25
June_1_15,3,A,Washing Machine,0.0
June_1_15,3,B,LED Light,0.0
June_1_15,3,B,Ceiling Fan,2.0
June_1_15,3,B,Television,0.0
June_1_15,3,B,Iron,0.0
June_1_15,3,B,Refrigerator,0.25
June_1_15,3,C,LED Light,0.0
June_1_15,3,C,Ceiling Fan,1.0
June_1_15,3,Misc,Hospital,0.7
June_1_15,3,Misc,Street Light,20.0
June_1_15,3,Misc,Cold Storage,4.0
June_1_15,3,Misc,School,0.0
June_1_15,3,Misc,Others,0.2
June_1_15,4,A,LED Light,1.0
June_1_15,4,A,Ceiling Fan,2.0
June_1_15,4,A,Television,0.0
June_1_15,4,A,Iron,0.0
June_1_15,4,A,Refrigerator,0.25
June_1_15,4,A,Washing Machine,0.0
June_1_15,4,B,LED Light,0.0
June_1_15,4,B,Ceiling Fan,1.0
June_1_15,4,B,Television,0.0
June_1_15,4,B,Iron,0.0
June_1_15,4,B,Refrigerator,0.25
June_1_15,4,C,LED Light,0.0
June_1_15,4,C,Ceiling Fan,1.0
June_1_15,4,Misc,Hospital,0.7
June_1_15,4,Misc,Street Light,10.0
June_1_15,4,Misc,Cold Storage,4.0
June_1_15,4,Misc,School,0.0
June_1_15,4,Misc,Others,0.2
June_1_15,5,A,LED Light,1.0
June_1_15,5,A,Ceiling Fan,3.0
June_1_15,5,A,Television,0.0
June_1_15,5,A,Iron,0.0
June_1_15,5,A,Refrigerator,0.25
June_1_15,5,A,Washing Machine,0.0
June_1_15,5,B,LED Light,0.0
June_1_15,5,B,Ceiling Fan,1.0
June_1_15,5,B,Television,0.0
June_1_15,5,B,Iron,0.0
June_1_15,5,B,Refrigerator,0.25
June_1_15,5,C,LED Light,1.0
June_1_15,5,C,Ceiling Fan,1.0
June_1_15,5,Misc,Hospital,0.7
June_1_15,5,Misc,Street Light,5.0
June_1_15,5,Misc,Cold Storage,4.0
June_1_15,5,Misc,School,0.0
June_1_15,5,Misc,Others,0.2
June_1_15,6,A,LED Light,1.0
June_1_15,6,A,Ceiling Fan,2.0
June_1_15,6,A,Television,1.0
June_1_15,6,A,Iron,0.0
June_1_15,6,A,Refrigerator,0.25
June_1_15,6,A,Washing Machine,0.0
June_1_15,6,B,LED Light,0.0
June_1_15,6,B,Ceiling Fan,1.0
June_1_15,6,B,Television,1.0
June_1_15,6,B,Iron,0.0
June_1_15,6,B,Refrigerator,0.25
June_1_15,6,C,LED Light,0.0
June_1_15,6,C,Ceiling Fan,1.0
June_1_15,6,Misc,Hospital,0.7
June_1_15,6,Misc,Street Light,0.0
June_1_15,6,Misc,Cold Storage,4.0
June_1_15,6,Misc,School,1.0
June_1_15,6,Misc,Others,0.2
June_1_15,7,A,LED Light,1.0
June_1_15,7,A,Ceiling Fan,2.0
June_1_15,7,A,Television,1.0
June_1_15,7,A,Iron,0.0
June_1_15,7,A,Refrigerator,0.25
June_1_15,7,A,Washing Machine,0.0
June_1_15,7,B,LED Light,0.0
June_1_15,7,B,Ceiling Fan,1.0
June_1_15,7,B,Television,1.0
June_1_15,7,B,Iron,0.0
June_1_15,7,B,Refrigerator,0.25
June_1_15,7,C,LED Light,0.0
June_1_15,7,C,Ceiling Fan,1.0
June_1_15,7,Misc,Hospital,1.0
June_1_15,7,Misc,Street Light,0.0
June_1_15,7,Misc,Cold Storage,4.0
June_1_15,7,Misc,School,1.0
June_1_15,7,Misc,Others,1.0
June_1_15,8,A,LED Light,2.0
June_1_15,8,A,Ceiling Fan,2.0
June_1_15,8,A,Television,1.0
June_1_15,8,A,Iron,0.0
June_1_15,8,A,Refrigerator,0.25
June_1_15,8,A,Washing Machine,0.0
June_1_15,8,B,LED Light,1.0
June_1_15,8,B,Ceiling Fan,2.0
June_1_15,8,B,Television,1.0
June_1_15,8,B,Iron,0.0
June_1_15,8,B,Refrigerator,0.25
June_1_15,8,C,LED Light,0.0
June_1_15,8,C,Ceiling Fan,1.0
June_1_15,8,Misc,Hospital,1.0
June_1_15,8,Misc,Street Light,0.0
June_1_15,8,Misc,Cold Storage,4.0
June_1_15,8,Misc,School,1.0
June_1_15,8,Misc,Others,1.0
June_1_15,9,A,LED Light,2.0
June_1_15,9,A,Ceiling Fan,2.0
June_1_15,9,A,Television,1.0
June_1_15,9,A,Iron,0.0
June_1_15,9,A,Refrigerator,0.25
June_1_15,9,A,Washing Machine,0.0
June_1_15,9,B,LED Light,1.0
June_1_15,9,B,Ceiling Fan,2.0
June_1_15,9,B,Television,1.0
June_1_15,9,B,Iron,0.0
June_1_15,9,B,Refrigerator,0.25
June_1_15,9,C,LED Light,0.0
June_1_15,9,C,Ceiling Fan,1.0
June_1_15,9,Misc,Hospital,1.0
June_1_15,9,Misc,Street Light,0.0
June_1_15,9,Misc,Cold Storage,4.0
June_1_15,9,Misc,School,1.0
June_1_15,9,Misc,Others,1.0
June_1_15,10,A,LED Light,2.0
June_1_15,10,A,Ceiling Fan,2.0
June_1_15,10,A,Television,1.0
June_1_15,10,A,Iron,0.0
June_1_15,10,A,Refrigerator,0.25
June_1_15,10,A,Washing Machine,0.0
June_1_15,10,B,LED Light,1.0
June_1_15,10,B,Ceiling Fan,2.0
June_1_15,10,B,Television,1.0
June_1_15,10,B,Iron,0.0
June_1_15,10,B,Refrigerator,0.25
June_1_15,10,C,LED Light,1.0
June_1_15,10,C,Ceiling Fan,1.0
June_1_15,10,Misc,Hospital,1.0
June_1_15,10,Misc,Street Light,0.0
June_1_15,10,Misc,Cold Storage,4.0
June_1_15,10,Misc,School,1.0
June_1_15,10,Misc,Others,1.0
June_1_15,11,A,LED Light,2.0
June_1_15,11,A,Ceiling Fan,2.0
June_1_15,11,A,Television,1.0
June_1_15,11,A,Iron,0.0
June_1_15,11,A,Refrigerator,0.25
June_1_15,11,A,Washing Machine,0.0
June_1_15,11,B,LED Light,1.0
June_1_15,11,B,Ceiling Fan,2.0
June_1_15,11,B,Television,1.0
June_1_15,11,B,Iron,0.0
June_1_15,11,B,Refrigerator,0.25
June_1_15,11,C,LED Light,1.0
June_1_15,11,C,Ceiling Fan,1.0
June_1_15,11,Misc,Hospital,1.0
June_1_15,11,Misc,Street Light,0.0
June_1_15,11,Misc,Cold Storage,4.0
June_1_15,11,Misc,School,0.75
June_1_15,11,Misc,Others,1.0
June_1_15,12,A,LED Light,2.0
June_1_15,12,A,Ceiling Fan,3.0
June_1_15,12,A,Television,0.0
June_1_15,12,A,Iron,0.0
June_1_15,12,A,Refrigerator,0.25
June_1_15,12,A,Washing Machine,0.0
June_1_15,12,B,LED Light,1.0
June_1_15,12,B,Ceiling Fan,2.0
June_1_15,12,B,Television,0.0
June_1_15,12,B,Iron,0.0
June_1_15,12,B,Refrigerator,0.25
June_1_15,12,C,LED Light,1.0
June_1_15,12,C,Ceiling Fan,1.0
June_1_15,12,Misc,Hospital,1.0
June_1_15,12,Misc,Street Light,0.0
June_1_15,12,Misc,Cold Storage,4.0
June_1_15,12,Misc,School,1.0
June_1_15,12,Misc,Others,1.0
June_1_15,13,A,LED Light,2.0
June_1_15,13,A,Ceiling Fan,3.0
June_1_15,13,A,Television,0.0
June_1_15,13,A,Iron,0.0
June_1_15,13,A,Refrigerator,0.25
June_1_15,13,A,Washing Machine,0.0
June_1_15,13,B,LED Light,1.0
June_1_15,13,B,Ceiling Fan,2.0
June_1_15,13,B,Television,0.0
June_1_15,13,B,Iron,0.0
June_1_15,13,B,Refrigerator,0.25
June_1_15,13,C,LED Light,1.0
June_1_15,13,C,Ceiling Fan,1.0
June_1_15,13,Misc,Hospital,1.0
June_1_15,13,Misc,Street Light,0.0
June_1_15,13,Misc,Cold Storage,4.0
June_1_15,13,Misc,School,1.0
June_1_15,13,Misc,Others,1.0
June_1_15,14,A,LED Light,2.0
June_1_15,14,A,Ceiling Fan,3.0
June_1_15,14,A,Television,0.0
June_1_15,14,A,Iron,0.0
June_1_15,14,A,Refrigerator,0.25
June_1_15,14,A,Washing Machine,0.0
June_1_15,14,B,LED Light,1.0
June_1_15,14,B,Ceiling Fan,2.0
June_1_15,14,B,Television,0.0
June_1_15,14,B,Iron,0.0
June_1_15,14,B,Refrigerator,0.25
June_1_15,14,C,LED Light,1.0
June_1_15,14,C,Ceiling Fan,1.0
June_1_15,14,Misc,Hospital,1.0
June_1_15,14,Misc,Street Light,0.0
June_1_15,14,Misc,Cold Storage,3.0
June_1_15,14,Misc,School,0.5
June_1_15,14,Misc,Others,1.0
June_1_15,15,A,LED Light,3.0
June_1_15,15,A,Ceiling Fan,3.0
June_1_15,15,A,Television,0.0
June_1_15,15,A,Iron,0.0
June_1_15,15,A,Refrigerator,0.25
June_1_15,15,A,Washing Machine,0.0
June_1_15,15,B,LED Light,2.0
June_1_15,15,B,Ceiling Fan,2.0
June_1_15,15,B,Television,0.0
June_1_15,15,B,Iron,1.0
June_1_15,15,B,Refrigerator,0.25
June_1_15,15,C,LED Light,1.0
June_1_15,15,C,Ceiling Fan,1.0
June_1_15,15,Misc,Hospital,1.0
June_1_15,15,Misc,Street Light,0.0
June_1_15,15,Misc,Cold Storage,3.0
June_1_15,15,Misc,School,0.5
June_1_15,15,Misc,Others,1.0
June_1_15,16,A,LED Light,3.0
June_1_15,16,A,Ceiling Fan,3.0
June_1_15,16,A,Television,1.0
June_1_15,16,A,Iron,0.0
June_1_15,16,A,Refrigerator,0.25
June_1_15,16,A,Washing Machine,0.0
June_1_15,16,B,LED Light,2.0
June_1_15,16,B,Ceiling Fan,2.0
June_1_15,16,B,Television,1.0
June_1_15,16,B,Iron,0.0
June_1_15,16,B,Refrigerator,0.25
June_1_15,16,C,LED Light,1.0
June_1_15,16,C,Ceiling Fan,1.0
June_1_15,16,Misc,Hospital,1.0
June_1_15,16,Misc,Street Light,5.0
June_1_15,16,Misc,Cold Storage,3.0
June_1_15,16,Misc,School,0.0
June_1_15,16,Misc,Others,1.0
June_1_15,17,A,LED Light,3.0
June_1_15,17,A,Ceiling Fan,3.0
June_1_15,17,A,Television,1.0
June_1_15,17,A,Iron,0.0
June_1_15,17,A,Refrigerator,0.25
June_1_15,17,A,Washing Machine,0.0
June_1_15,17,B,LED Light,2.0
June_1_15,17,B,Ceiling Fan,2.0
June_1_15,17,B,Television,1.0
June_1_15,17,B,Iron,0.0
June_1_15,17,B,Refrigerator,0.25
June_1_15,17,C,LED Light,2.0
June_1_15,17,C,Ceiling Fan,1.0
June_1_15,17,Misc,Hospital,1.0
June_1_15,17,Misc,Street Light,10.0
June_1_15,17,Misc,Cold Storage,3.0
June_1_15,17,Misc,School,0.0
June_1_15,17,Misc,Others,0.4
June_1_15,18,A,LED Light,5.0
June_1_15,18,A,Ceiling Fan,3.0
June_1_15,18,A,Television,1.0
June_1_15,18,A,Iron,0.0
June_1_15,18,A,Refrigerator,0.25
June_1_15,18,A,Washing Machine,0.0
June_1_15,18,B,LED Light,3.0
June_1_15,18,B,Ceiling Fan,2.0
June_1_15,18,B,Television,1.0
June_1_15,18,B,Iron,0.0
June_1_15,18,B,Refrigerator,0.25
June_1_15,18,C,LED Light,2.0
June_1_15,18,C,Ceiling Fan,1.0
June_1_15,18,Misc,Hospital,1.0
June_1_15,18,Misc,Street Light,25.0
June_1_15,18,Misc,Cold Storage,3.0
June_1_15,18,Misc,School,0.0
June_1_15,18,Misc,Others,0.4
June_1_15,19,A,LED Light,5.0
June_1_15,19,A,Ceiling Fan,3.0
June_1_15,19,A,Television,1.0
June_1_15,19,A,Iron,0.0
June_1_15,19,A,Refrigerator,0.25
June_1_15,19,A,Washing Machine,0.0
June_1_15,19,B,LED Light,3.0
June_1_15,19,B,Ceiling Fan,2.0
June_1_15,19,B,Television,1.0
June_1_15,19,B,Iron,0.0
June_1_15,19,B,Refrigerator,0.25
June_1_15,19,C,LED Light,1.0
June_1_15,19,C,Ceiling Fan,1.0
June_1_15,19,Misc,Hospital,1.0
June_1_15,19,Misc,Street Light,40.0
June_1_15,19,Misc,Cold Storage,3.0
June_1_15,19,Misc,School,0.0
June_1_15,19,Misc,Others,0.3
June_1_15,20,A,LED Light,5.0
June_1_15,20,A,Ceiling Fan,3.0
June_1_15,20,A,Television,1.0
June_1_15,20,A,Iron,0.0
June_1_15,20,A,Refrigerator,0.25
June_1_15,20,A,Washing Machine,0.0
June_1_15,20,B,LED Light,3.0
June_1_15,20,B,Ceiling Fan,2.0
June_1_15,20,B,Television,1.0
June_1_15,20,B,Iron,0.0
June_1_15,20,B,Refrigerator,0.25
June_1_15,20,C,LED Light,1.0
June_1_15,20,C,Ceiling Fan,1.0
June_1_15,20,Misc,Hospital,1.0
June_1_15,20,Misc,Street Light,50.0
June_1_15,20,Misc,Cold Storage,1.0
June_1_15,20,Misc,School,0.0
June_1_15,20,Misc,Others,0.3
June_1_15,21,A,LED Light,3.0
June_1_15,21,A,Ceiling Fan,3.0
June_1_15,21,A,Television,1.0
June_1_15,21,A,Iron,0.0
June_1_15,21,A,Refrigerator,0.25
June_1_15,21,A,Washing Machine,0.0
June_1_15,21,B,LED Light,3.0
June_1_15,21,B,Ceiling Fan,2.0
June_1_15,21,B,Television,1.0
June_1_15,21,B,Iron,0.0
June_1_15,21,B,Refrigerator,0.25
June_1_15,21,C,LED Light,1.0
June_1_15,21,C,Ceiling Fan,1.0
June_1_15,21,Misc,Hospital,0.7
June_1_15,21,Misc,Street Light,50.0
June_1_15,21,Misc,Cold Storage,1.0
June_1_15,21,Misc,School,0.0
June_1_15,21,Misc,Others,0.2
June_1_15,22,A,LED Light,3.0
June_1_15,22,A,Ceiling Fan,2.0
June_1_15,22,A,Television,0.0
June_1_15,22,A,Iron,0.0
June_1_15,22,A,Refrigerator,0.25
June_1_15,22,A,Washing Machine,0.0
June_1_15,22,B,LED Light,3.0
June_1_15,22,B,Ceiling Fan,2.0
June_1_15,22,B,Television,0.0
June_1_15,22,B,Iron,0.0
June_1_15,22,B,Refrigerator,0.25
June_1_15,22,C,LED Light,0.0
June_1_15,22,C,Ceiling Fan,1.0
June_1_15,22,Misc,Hospital,0.7
June_1_15,22,Misc,Street Light,50.0
June_1_15,22,Misc,Cold Storage,1.0
June_1_15,22,Misc,School,0.0
June_1_15,22,Misc,Others,0.2
June_1_15,23,A,LED Light,3.0
June_1_15,23,A,Ceiling Fan,2.0
June_1_15,23,A,Television,0.0
June_1_15,23,A,Iron,0.0
June_1_15,23,A,Refrigerator,0.25
June_1_15,23,A,Washing Machine,0.0
June_1_15,23,B,LED Light,3.0
June_1_15,23,B,Ceiling Fan,2.0
June_1_15,23,B,Television,0.0
June_1_15,23,B,Iron,0.0
June_1_15,23,B,Refrigerator,0.25
June_1_15,23,C,LED Light,0.0
June_1_15,23,C,Ceiling Fan,1.0
June_1_15,23,Misc,Hospital,0.7
June_1_15,23,Misc,Street Light,50.0
June_1_15,23,Misc,Cold Storage,1.0
June_1_15,23,Misc,School,0.0
June_1_15,23,Misc,Others,0.2
Summer_Weekend,0,A,LED Light,2.0
Summer_Weekend,0,A,Ceiling Fan,2.0
Summer_Weekend,0,A,Television,1.0
Summer_Weekend,0,A,Iron,0.0
Summer_Weekend,0,A,Refrigerator,0.25
Summer_Weekend,0,A,Washing Machine,0.0
Summer_Weekend,0,B,LED Light,2.0
Summer_Weekend,0,B,Ceiling Fan,2.0
Summer_Weekend,0,B,Television,1.0
Summer_Weekend,0,B,Iron,0.0
Summer_Weekend,0,B,Refrigerator,0.25
Summer_Weekend,0,C,LED Light,1.0
Summer_Weekend,0,C,Ceiling Fan,1.0
Summer_Weekend,0,Misc,Hospital,0.7
Summer_Weekend,0,Misc,Street Light,35.0
Summer_Weekend,0,Misc,Cold Storage,3.0
Summer_Weekend,0,Misc,School,0.0
Summer_Weekend,0,Misc,Others,0.3
Summer_Weekend,1,A,LED Light,2.0
Summer_Weekend,1,A,Ceiling Fan,2.0
Summer_Weekend,1,A,Television,1.0
Summer_Weekend,1,A,Iron,0.0
Summer_Weekend,1,A,Refrigerator,0.25
Summer_Weekend,1,A,Washing Machine,0.0
Summer_Weekend,1,B,LED Light,2.0
Summer_Weekend,1,B,Ceiling Fan,2.0
Summer_Weekend,1,B,Television,0.0
Summer_Weekend,1,B,Iron,0.0
Summer_Weekend,1,B,Refrigerator,0.25
Summer_Weekend,1,C,LED Light,1.0
Summer_Weekend,1,C,Ceiling Fan,1.0
Summer_Weekend,1,Misc,Hospital,0.7
Summer_Weekend,1,Misc,Street Light,35.0
Summer_Weekend,1,Misc,Cold Storage,3.0
Summer_Weekend,1,Misc,School,0.0
Summer_Weekend,1,Misc,Others,0.3
Summer_Weekend,2,A,LED Light,2.0
Summer_Weekend,2,A,Ceiling Fan,2.0
Summer_Weekend,2,A,Television,1.0
Summer_Weekend,2,A,Iron,0.0
Summer_Weekend,2,A,Refrigerator,0.25
Summer_Weekend,2,A,Washing Machine,0.0
Summer_Weekend,2,B,LED Light,2.0
Summer_Weekend,2,B,Ceiling Fan,2.0
Summer_Weekend,2,B,Television,0.0
Summer_Weekend,2,B,Iron,0.0
Summer_Weekend,2,B,Refrigerator,0.25
Summer_Weekend,2,C,LED Light,1.0
Summer_Weekend,2,C,Ceiling Fan,1.0
Summer_Weekend,2,Misc,Hospital,0.7
Summer_Weekend,2,Misc,Street Light,35.0
Summer_Weekend,2,Misc,Cold Storage,3.0
Summer_Weekend,2,Misc,School,0.0
Summer_Weekend,2,Misc,Others,0.3
Summer_Weekend,3,A,LED Light,1.0
Summer_Weekend,3,A,Ceiling Fan,2.0
Summer_Weekend,3,A,Television,0.0
Summer_Weekend,3,A,Iron,0.0
Summer_Weekend,3,A,Refrigerator,0.25
Summer_Weekend,3,A,Washing Machine,0.0
Summer_Weekend,3,B,LED Light,1.0
Summer_Weekend,3,B,Ceiling Fan,2.0
Summer_Weekend,3,B,Television,0.0
Summer_Weekend,3,B,Iron,0.0
Summer_Weekend,3,B,Refrigerator,0.25
Summer_Weekend,3,C,LED Light,0.0
Summer_Weekend,3,C,Ceiling Fan,1.0
Summer_Weekend,3,Misc,Hospital,0.7
Summer_Weekend,3,Misc,Street Light,20.0
Summer_Weekend,3,Misc,Cold Storage,5.0
Summer_Weekend,3,Misc,School,0.0
Summer_Weekend,3,Misc,Others,0.3
Summer_Weekend,4,A,LED Light,1.0
Summer_Weekend,4,A,Ceiling Fan,2.0
Summer_Weekend,4,A,Television,0.0
Summer_Weekend,4,A,Iron,0.0
Summer_Weekend,4,A,Refrigerator,0.25
Summer_Weekend,4,A,Washing Machine,0.0
Summer_Weekend,4,B,LED Light,1.0
Summer_Weekend,4,B,Ceiling Fan,2.0
Summer_Weekend,4,B,Television,0.0
Summer_Weekend,4,B,Iron,0.0
Summer_Weekend,4,B,Refrigerator,0.25
Summer_Weekend,4,C,LED Light,0.0
Summer_Weekend,4,C,Ceiling Fan,1.0
Summer_Weekend,4,Misc,Hospital,0.7
Summer_Weekend,4,Misc,Street Light,10.0
Summer_Weekend,4,Misc,Cold Storage,5.0
Summer_Weekend,4,Misc,School,0.0
Summer_Weekend,4,Misc,Others,0.3
Summer_Weekend,5,A,LED Light,1.0
Summer_Weekend,5,A,Ceiling Fan,3.0
Summer_Weekend,5,A,Television,0.0
Summer_Weekend,5,A,Iron,0.0
Summer_Weekend,5,A,Refrigerator,0.25
Summer_Weekend,5,A,Washing Machine,0.0
Summer_Weekend,5,B,LED Light,1.0
Summer_Weekend,5,B,Ceiling Fan,2.0
Summer_Weekend,5,B,Television,0.0
Summer_Weekend,5,B,Iron,0.0
Summer_Weekend,5,B,Refrigerator,0.25
Summer_Weekend,5,C,LED Light,1.0
Summer_Weekend,5,C,Ceiling Fan,1.0
Summer_Weekend,5,Misc,Hospital,0.7
Summer_Weekend,5,Misc,Street Light,5.0
Summer_Weekend,5,Misc,Cold Storage,5.0
Summer_Weekend,5,Misc,School,0.0
Summer_Weekend,5,Misc,Others,0.3
Summer_Weekend,6,A,LED Light,1.0
Summer_Weekend,6,A,Ceiling Fan,1.0
Summer_Weekend,6,A,Television,1.0
Summer_Weekend,6,A,Iron,0.0
Summer_Weekend,6,A,Refrigerator,0.25
Summer_Weekend,6,A,Washing Machine,0.0
Summer_Weekend,6,B,LED Light,1.0
Summer_Weekend,6,B,Ceiling Fan,1.0
Summer_Weekend,6,B,Television,0.0
Summer_Weekend,6,B,Iron,0.0
Summer_Weekend,6,B,Refrigerator,0.25
Summer_Weekend,6,C,LED Light,1.0
Summer_Weekend,6,C,Ceiling Fan,1.0
Summer_Weekend,6,Misc,Hospital,0.7
Summer_Weekend,6,Misc,Street Light,0.0
Summer_Weekend,6,Misc,Cold Storage,5.0
Summer_Weekend,6,Misc,School,0.0
Summer_Weekend,6,Misc,Others,0.2
Summer_Weekend,7,A,LED Light,2.0
Summer_Weekend,7,A,Ceiling Fan,1.0
Summer_Weekend,7,A,Television,1.0
Summer_Weekend,7,A,Iron,0.0
Summer_Weekend,7,A,Refrigerator,0.25
Summer_Weekend,7,A,Washing Machine,0.0
Summer_Weekend,7,B,LED Light,1.0
Summer_Weekend,7,B,Ceiling Fan,1.0
Summer_Weekend,7,B,Television,0.0
Summer_Weekend,7,B,Iron,0.0
Summer_Weekend,7,B,Refrigerator,0.25
Summer_Weekend,7,C,LED Light,1.0
Summer_Weekend,7,C,Ceiling Fan,1.0
Summer_Weekend,7,Misc,Hospital,1.0
Summer_Weekend,7,Misc,Street Light,0.0
Summer_Weekend,7,Misc,Cold Storage,5.0
Summer_Weekend,7,Misc,School,0.0
Summer_Weekend,7,Misc,Others,1.0
Summer_Weekend,8,A,LED Light,2.0
Summer_Weekend,8,A,Ceiling Fan,2.0
Summer_Weekend,8,A,Television,1.0
Summer_Weekend,8,A,Iron,0.0
Summer_Weekend,8,A,Refrigerator,0.25
Summer_Weekend,8,A,Washing Machine,0.0
Summer_Weekend,8,B,LED Light,2.0
Summer_Weekend,8,B,Ceiling Fan,1.0
Summer_Weekend,8,B,Television,1.0
Summer_Weekend,8,B,Iron,0.0
Summer_Weekend,8,B,Refrigerator,0.25
Summer_Weekend,8,C,LED Light,0.0
Summer_Weekend,8,C,Ceiling Fan,2.0
Summer_Weekend,8,Misc,Hospital,1.0
Summer_Weekend,8,Misc,Street Light,0.0
Summer_Weekend,8,Misc,Cold Storage,5.0
Summer_Weekend,8,Misc,School,0.0
Summer_Weekend,8,Misc,Others,1.0
Summer_Weekend,9,A,LED Light,2.0
Summer_Weekend,9,A,Ceiling Fan,2.0
Summer_Weekend,9,A,Television,1.0
Summer_Weekend,9,A,Iron,0.0
Summer_Weekend,9,A,Refrigerator,0.25
Summer_Weekend,9,A,Washing Machine,0.0
Summer_Weekend,9,B,LED Light,2.0
Summer_Weekend,9,B,Ceiling Fan,1.0
Summer_Weekend,9,B,Television,1.0
Summer_Weekend,9,B,Iron,0.0
Summer_Weekend,9,B,Refrigerator,0.25
Summer_Weekend,9,C,LED Light,1.0
Summer_Weekend,9,C,Ceiling Fan,2.0
Summer_Weekend,9,Misc,Hospital,1.0
Summer_Weekend,9,Misc,Street Light,0.0
Summer_Weekend,9,Misc,Cold Storage,5.0
Summer_Weekend,9,Misc,School,0.0
Summer_Weekend,9,Misc,Others,1.0
Summer_Weekend,10,A,LED Light,2.0
Summer_Weekend,10,A,Ceiling Fan,2.0
Summer_Weekend,10,A,Television,1.0
Summer_Weekend,10,A,Iron,0.0
Summer_Weekend,10,A,Refrigerator,0.25
Summer_Weekend,10,A,Washing Machine,1.0
Summer_Weekend,10,B,LED Light,2.0
Summer_Weekend,10,B,Ceiling Fan,1.0
Summer_Weekend,10,B,Television,1.0
Summer_Weekend,10,B,Iron,0.0
Summer_Weekend,10,B,Refrigerator,0.25
Summer_Weekend,10,C,LED Light,1.0
Summer_Weekend,10,C,Ceiling Fan,2.0
Summer_Weekend,10,Misc,Hospital,1.0
Summer_Weekend,10,Misc,Street Light,0.0
Summer_Weekend,10,Misc,Cold Storage,4.0
Summer_Weekend,10,Misc,School,0.0
Summer_Weekend,10,Misc,Others,1.0
Summer_Weekend,11,A,LED Light,2.0
Summer_Weekend,11,A,Ceiling Fan,2.0
Summer_Weekend,11,A,Television,1.0
Summer_Weekend,11,A,Iron,0.0
Summer_Weekend,11,A,Refrigerator,0.25
Summer_Weekend,11,A,Washing Machine,1.0
Summer_Weekend,11,B,LED Light,2.0
Summer_Weekend,11,B,Ceiling Fan,1.0
Summer_Weekend,11,B,Television,1.0
Summer_Weekend,11,B,Iron,0.0
Summer_Weekend,11,B,Refrigerator,0.25
Summer_Weekend,11,C,LED Light,1.0
Summer_Weekend,11,C,Ceiling Fan,2.0
Summer_Weekend,11,Misc,Hospital,1.0
Summer_Weekend,11,Misc,Street Light,0.0
Summer_Weekend,11,Misc,Cold Storage,4.0
Summer_Weekend,11,Misc,School,0.0
Summer_Weekend,11,Misc,Others,1.0
Summer_Weekend,12,A,LED Light,3.0
Summer_Weekend,12,A,Ceiling Fan,3.0
Summer_Weekend,12,A,Television,1.0
Summer_Weekend,12,A,Iron,0.0
Summer_Weekend,12,A,Refrigerator,0.25
Summer_Weekend,12,A,Washing Machine,0.0
Summer_Weekend,12,B,LED Light,3.0
Summer_Weekend,12,B,Ceiling Fan,1.0
Summer_Weekend,12,B,Television,1.0
Summer_Weekend,12,B,Iron,0.0
Summer_Weekend,12,B,Refrigerator,0.25
Summer_Weekend,12,C,LED Light,1.0
Summer_Weekend,12,C,Ceiling Fan,2.0
Summer_Weekend,12,Misc,Hospital,1.0
Summer_Weekend,12,Misc,Street Light,0.0
Summer_Weekend,12,Misc,Cold Storage,3.0
Summer_Weekend,12,Misc,School,0.0
Summer_Weekend,12,Misc,Others,1.0
Summer_Weekend,13,A,LED Light,3.0
Summer_Weekend,13,A,Ceiling Fan,3.0
Summer_Weekend,13,A,Television,1.0
Summer_Weekend,13,A,Iron,1.0
Summer_Weekend,13,A,Refrigerator,0.25
Summer_Weekend,13,A,Washing Machine,0.0
Summer_Weekend,13,B,LED Light,2.0
Summer_Weekend,13,B,Ceiling Fan,2.0
Summer_Weekend,13,B,Television,1.0
Summer_Weekend,13,B,Iron,1.0
Summer_Weekend,13,B,Refrigerator,0.25
Summer_Weekend,13,C,LED Light,1.0
Summer_Weekend,13,C,Ceiling Fan,2.0
Summer_Weekend,13,Misc,Hospital,1.0
Summer_Weekend,13,Misc,Street Light,0.0
Summer_Weekend,13,Misc,Cold Storage,3.0
Summer_Weekend,13,Misc,School,0.0
Summer_Weekend,13,Misc,Others,1.0
Summer_Weekend,14,A,LED Light,3.0
Summer_Weekend,14,A,Ceiling Fan,3.0
Summer_Weekend,14,A,Television,1.0
Summer_Weekend,14,A,Iron,1.0
Summer_Weekend,14,A,Refrigerator,0.25
Summer_Weekend,14,A,Washing Machine,0.0
Summer_Weekend,14,B,LED Light,3.0
Summer_Weekend,14,B,Ceiling Fan,2.0
Summer_Weekend,14,B,Television,1.0
Summer_Weekend,14,B,Iron,0.0
Summer_Weekend,14,B,Refrigerator,0.25
Summer_Weekend,14,C,LED Light,1.0
Summer_Weekend,14,C,Ceiling Fan,2.0
Summer_Weekend,14,Misc,Hospital,1.0
Summer_Weekend,14,Misc,Street Light,0.0
Summer_Weekend,14,Misc,Cold Storage,2.0
Summer_Weekend,14,Misc,School,0.0
Summer_Weekend,14,Misc,Others,1.0
Summer_Weekend,15,A,LED Light,3.0
Summer_Weekend,15,A,Ceiling Fan,3.0
Summer_Weekend,15,A,Television,1.0
Summer_Weekend,15,A,Iron,0.0
Summer_Weekend,15,A,Refrigerator,0.25
Summer_Weekend,15,A,Washing Machine,0.0
Summer_Weekend,15,B,LED Light,3.0
Summer_Weekend,15,B,Ceiling Fan,2.0
Summer_Weekend,15,B,Television,1.0
Summer_Weekend,15,B,Iron,0.0
Summer_Weekend,15,B,Refrigerator,0.25
Summer_Weekend,15,C,LED Light,2.0
Summer_Weekend,15,C,Ceiling Fan,2.0
Summer_Weekend,15,Misc,Hospital,1.0
Summer_Weekend,15,Misc,Street Light,0.0
Summer_Weekend,15,Misc,Cold Storage,2.0
Summer_Weekend,15,Misc,School,0.0
Summer_Weekend,15,Misc,Others,1.0
Summer_Weekend,16,A,LED Light,3.0
Summer_Weekend,16,A,Ceiling Fan,3.0
Summer_Weekend,16,A,Television,1.0
Summer_Weekend,16,A,Iron,0.0
Summer_Weekend,16,A,Refrigerator,0.25
Summer_Weekend,16,A,Washing Machine,0.0
Summer_Weekend,16,B,LED Light,3.0
Summer_Weekend,16,B,Ceiling Fan,2.0
Summer_Weekend,16,B,Television,1.0
Summer_Weekend,16,B,Iron,0.0
Summer_Weekend,16,B,Refrigerator,0.25
Summer_Weekend,16,C,LED Light,2.0
Summer_Weekend,16,C,Ceiling Fan,2.0
Summer_Weekend,16,Misc,Hospital,1.0
Summer_Weekend,16,Misc,Street Light,5.0
Summer_Weekend,16,Misc,Cold Storage,2.0
Summer_Weekend,16,Misc,School,0.0
Summer_Weekend,16,Misc,Others,1.0
Summer_Weekend,17,A,LED Light,4.0
Summer_Weekend,17,A,Ceiling Fan,3.0
Summer_Weekend,17,A,Television,1.0
Summer_Weekend,17,A,Iron,0.0
Summer_Weekend,17,A,Refrigerator,0.25
Summer_Weekend,17,A,Washing Machine,0.0
Summer_Weekend,17,B,LED Light,3.0
Summer_Weekend,17,B,Ceiling Fan,2.0
Summer_Weekend,17,B,Television,1.0
Summer_Weekend,17,B,Iron,0.0
Summer_Weekend,17,B,Refrigerator,0.25
Summer_Weekend,17,C,LED Light,2.0
Summer_Weekend,17,C,Ceiling Fan,2.0
Summer_Weekend,17,Misc,Hospital,1.0
Summer_Weekend,17,Misc,Street Light,10.0
Summer_Weekend,17,Misc,Cold Storage,2.0
Summer_Weekend,17,Misc,School,0.0
Summer_Weekend,17,Misc,Others,0.5
Summer_Weekend,18,A,LED Light,4.0
Summer_Weekend,18,A,Ceiling Fan,3.0
Summer_Weekend,18,A,Television,1.0
Summer_Weekend,18,A,Iron,0.0
Summer_Weekend,18,A,Refrigerator,0.25
Summer_Weekend,18,A,Washing Machine,0.0
Summer_Weekend,18,B,LED Light,3.0
Summer_Weekend,18,B,Ceiling Fan,2.0
Summer_Weekend,18,B,Television,1.0
Summer_Weekend,18,B,Iron,0.0
Summer_Weekend,18,B,Refrigerator,0.25
Summer_Weekend,18,C,LED Light,2.0
Summer_Weekend,18,C,Ceiling Fan,2.0
Summer_Weekend,18,Misc,Hospital,1.0
Summer_Weekend,18,Misc,Street Light,25.0
Summer_Weekend,18,Misc,Cold Storage,2.0
Summer_Weekend,18,Misc,School,0.0
Summer_Weekend,18,Misc,Others,0.5
Summer_Weekend,19,A,LED Light,5.0
Summer_Weekend,19,A,Ceiling Fan,3.0
Summer_Weekend,19,A,Television,1.0
Summer_Weekend,19,A,Iron,0.0
Summer_Weekend,19,A,Refrigerator,0.25
Summer_Weekend,19,A,Washing Machine,0.0
Summer_Weekend,19,B,LED Light,3.0
Summer_Weekend,19,B,Ceiling Fan,2.0
Summer_Weekend,19,B,Television,1.0
Summer_Weekend,19,B,Iron,0.0
Summer_Weekend,19,B,Refrigerator,0.25
Summer_Weekend,19,C,LED Light,2.0
Summer_Weekend,19,C,Ceiling Fan,2.0
Summer_Weekend,19,Misc,Hospital,1.0
Summer_Weekend,19,Misc,Street Light,40.0
Summer_Weekend,19,Misc,Cold Storage,1.0
Summer_Weekend,19,Misc,School,0.0
Summer_Weekend,19,Misc,Others,0.4
Summer_Weekend,20,A,LED Light,5.0
Summer_Weekend,20,A,Ceiling Fan,3.0
Summer_Weekend,20,A,Television,1.0
Summer_Weekend,20,A,Iron,0.0
Summer_Weekend,20,A,Refrigerator,0.25
Summer_Weekend,20,A,Washing Machine,0.0
Summer_Weekend,20,B,LED Light,3.0
Summer_Weekend,20,B,Ceiling Fan,2.0
Summer_Weekend,20,B,Television,1.0
Summer_Weekend,20,B,Iron,0.0
Summer_Weekend,20,B,Refrigerator,0.25
Summer_Weekend,20,C,LED Light,2.0
Summer_Weekend,20,C,Ceiling Fan,2.0
Summer_Weekend,20,Misc,Hospital,1.0
Summer_Weekend,20,Misc,Street Light,50.0
Summer_Weekend,20,Misc,Cold Storage,1.0
Summer_Weekend,20,Misc,School,0.0
Summer_Weekend,20,Misc,Others,0.4
Summer_Weekend,21,A,LED Light,3.0
Summer_Weekend,21,A,Ceiling Fan,2.0
Summer_Weekend,21,A,Television,1.0
Summer_Weekend,21,A,Iron,0.0
Summer_Weekend,21,A,Refrigerator,0.25
Summer_Weekend,21,A,Washing Machine,0.0
Summer_Weekend,21,B,LED Light,2.0
Summer_Weekend,21,B,Ceiling Fan,2.0
Summer_Weekend,21,B,Television,1.0
Summer_Weekend,21,B,Iron,0.0
Summer_Weekend,21,B,Refrigerator,0.25
Summer_Weekend,21,C,LED Light,2.0
Summer_Weekend,21,C,Ceiling Fan,2.0
Summer_Weekend,21,Misc,Hospital,0.7
Summer_Weekend,21,Misc,Street Light,50.0
Summer_Weekend,21,Misc,Cold Storage,1.0
Summer_Weekend,21,Misc,School,0.0
Summer_Weekend,21,Misc,Others,0.3
Summer_Weekend,22,A,LED Light,3.0
Summer_Weekend,22,A,Ceiling Fan,2.0
Summer_Weekend,22,A,Television,1.0
Summer_Weekend,22,A,Iron,0.0
Summer_Weekend,22,A,Refrigerator,0.25
Summer_Weekend,22,A,Washing Machine,0.0
Summer_Weekend,22,B,LED Light,2.0
Summer_Weekend,22,B,Ceiling Fan,2.0
Summer_Weekend,22,B,Television,1.0
Summer_Weekend,22,B,Iron,0.0
Summer_Weekend,22,B,Refrigerator,0.25
Summer_Weekend,22,C,LED Light,2.0
Summer_Weekend,22,C,Ceiling Fan,2.0
Summer_Weekend,22,Misc,Hospital,0.7
Summer_Weekend,22,Misc,Street Light,50.0
Summer_Weekend,22,Misc,Cold Storage,1.0
Summer_Weekend,22,Misc,School,0.0
Summer_Weekend,22,Misc,Others,0.3
Summer_Weekend,23,A,LED Light,3.0
Summer_Weekend,23,A,Ceiling Fan,2.0
Summer_Weekend,23,A,Television,1.0
Summer_Weekend,23,A,Iron,0.0
Summer_Weekend,23,A,Refrigerator,0.25
Summer_Weekend,23,A,Washing Machine,0.0
Summer_Weekend,23,B,LED Light,2.0
Summer_Weekend,23,B,Ceiling Fan,2.0
Summer_Weekend,23,B,Television,1.0
Summer_Weekend,23,B,Iron,0.0
Summer_Weekend,23,B,Refrigerator,0.25
Summer_Weekend,23,C,LED Light,2.0
Summer_Weekend,23,C,Ceiling Fan,2.0
Summer_Weekend,23,Misc,Hospital,0.7
Summer_Weekend,23,Misc,Street Light,50.0
Summer_Weekend,23,Misc,Cold Storage,1.0
Summer_Weekend,23,Misc,School,0.0
Summer_Weekend,23,Misc,Others,0.3
Early_Monsoon,0,A,LED Light,1.0
Early_Monsoon,0,A,Ceiling Fan,1.0
Early_Monsoon,0,A,Television,0.0
Early_Monsoon,0,A,Iron,0.0
Early_Monsoon,0,A,Refrigerator,0.25
Early_Monsoon,0,A,Washing Machine,0.0
Early_Monsoon,0,B,LED Light,1.0
Early_Monsoon,0,B,Ceiling Fan,1.0
Early_Monsoon,0,B,Television,0.0
Early_Monsoon,0,B,Iron,0.0
Early_Monsoon,0,B,Refrigerator,0.25
Early_Monsoon,0,C,LED Light,0.0
Early_Monsoon,0,C,Ceiling Fan,1.0
Early_Monsoon,0,Misc,Hospital,0.7
Early_Monsoon,0,Misc,Street Light,35.0
Early_Monsoon,0,Misc,Cold Storage,2.0
Early_Monsoon,0,Misc,School,0.0
Early_Monsoon,0,Misc,Others,0.2
Early_Monsoon,1,A,LED Light,1.0
Early_Monsoon,1,A,Ceiling Fan,1.0
Early_Monsoon,1,A,Television,0.0
Early_Monsoon,1,A,Iron,0.0
Early_Monsoon,1,A,Refrigerator,0.25
Early_Monsoon,1,A,Washing Machine,0.0
Early_Monsoon,1,B,LED Light,1.0
Early_Monsoon,1,B,Ceiling Fan,1.0
Early_Monsoon,1,B,Television,0.0
Early_Monsoon,1,B,Iron,0.0
Early_Monsoon,1,B,Refrigerator,0.25
Early_Monsoon,1,C,LED Light,0.0
Early_Monsoon,1,C,Ceiling Fan,1.0
Early_Monsoon,1,Misc,Hospital,0.7
Early_Monsoon,1,Misc,Street Light,35.0
Early_Monsoon,1,Misc,Cold Storage,2.0
Early_Monsoon,1,Misc,School,0.0
Early_Monsoon,1,Misc,Others,0.2
Early_Monsoon,2,A,LED Light,1.0
Early_Monsoon,2,A,Ceiling Fan,1.0
Early_Monsoon,2,A,Television,0.0
Early_Monsoon,2,A,Iron,0.0
Early_Monsoon,2,A,Refrigerator,0.25
Early_Monsoon,2,A,Washing Machine,0.0
Early_Monsoon,2,B,LED Light,1.0
Early_Monsoon,2,B,Ceiling Fan,1.0
Early_Monsoon,2,B,Television,0.0
Early_Monsoon,2,B,Iron,0.0
Early_Monsoon,2,B,Refrigerator,0.25
Early_Monsoon,2,C,LED Light,0.0
Early_Monsoon,2,C,Ceiling Fan,1.0
Early_Monsoon,2,Misc,Hospital,0.7
Early_Monsoon,2,Misc,Street Light,35.0
Early_Monsoon,2,Misc,Cold Storage,2.0
Early_Monsoon,2,Misc,School,0.0
Early_Monsoon,2,Misc,Others,0.2
Early_Monsoon,3,A,LED Light,1.0
Early_Monsoon,3,A,Ceiling Fan,1.0
Early_Monsoon,3,A,Television,0.0
Early_Monsoon,3,A,Iron,0.0
Early_Monsoon,3,A,Refrigerator,0.25
Early_Monsoon,3,A,Washing Machine,0.0
Early_Monsoon,3,B,LED Light,0.0
Early_Monsoon,3,B,Ceiling Fan,1.0
Early_Monsoon,3,B,Television,0.0
Early_Monsoon,3,B,Iron,0.0
Early_Monsoon,3,B,Refrigerator,0.25
Early_Monsoon,3,C,LED Light,0.0
Early_Monsoon,3,C,Ceiling Fan,1.0
Early_Monsoon,3,Misc,Hospital,0.7
Early_Monsoon,3,Misc,Street Light,20.0
Early_Monsoon,3,Misc,Cold Storage,4.0
Early_Monsoon,3,Misc,School,0.0
Early_Monsoon,3,Misc,Others,0.2
Early_Monsoon,4,A,LED Light,1.0
Early_Monsoon,4,A,Ceiling Fan,1.0
Early_Monsoon,4,A,Television,0.0
Early_Monsoon,4,A,Iron,0.0
Early_Monsoon,4,A,Refrigerator,0.25
Early_Monsoon,4,A,Washing Machine,0.0
Early_Monsoon,4,B,LED Light,0.0
Early_Monsoon,4,B,Ceiling Fan,1.0
Early_Monsoon,4,B,Television,0.0
Early_Monsoon,4,B,Iron,0.0
Early_Monsoon,4,B,Refrigerator,0.25
Early_Monsoon,4,C,LED Light,0.0
Early_Monsoon,4,C,Ceiling Fan,1.0
Early_Monsoon,4,Misc,Hospital,0.7
Early_Monsoon,4,Misc,Street Light,10.0
Early_Monsoon,4,Misc,Cold Storage,4.0
Early_Monsoon,4,Misc,School,0.0
Early_Monsoon,4,Misc,Others,0.2
Early_Monsoon,5,A,LED Light,2.0
Early_Monsoon,5,A,Ceiling Fan,2.0
Early_Monsoon,5,A,Television,0.0
Early_Monsoon,5,A,Iron,0.0
Early_Monsoon,5,A,Refrigerator,0.25
Early_Monsoon,5,A,Washing Machine,0.0
Early_Monsoon,5,B,LED Light,1.0
Early_Monsoon,5,B,Ceiling Fan,1.0
Early_Monsoon,5,B,Television,0.0
Early_Monsoon,5,B,Iron,0.0
Early_Monsoon,5,B,Refrigerator,0.25
Early_Monsoon,5,C,LED Light,1.0
Early_Monsoon,5,C,Ceiling Fan,1.0
Early_Monsoon,5,Misc,Hospital,0.7
Early_Monsoon,5,Misc,Street Light,5.0
Early_Monsoon,5,Misc,Cold Storage,3.0
Early_Monsoon,5,Misc,School,0.0
Early_Monsoon,5,Misc,Others,0.2
Early_Monsoon,6,A,LED Light,2.0
Early_Monsoon,6,A,Ceiling Fan,1.0
Early_Monsoon,6,A,Television,1.0
Early_Monsoon,6,A,Iron,0.0
Early_Monsoon,6,A,Refrigerator,0.25
Early_Monsoon,6,A,Washing Machine,0.0
Early_Monsoon,6,B,LED Light,2.0
Early_Monsoon,6,B,Ceiling Fan,1.0
Early_Monsoon,6,B,Television,1.0
Early_Monsoon,6,B,Iron,0.0
Early_Monsoon,6,B,Refrigerator,0.25
Early_Monsoon,6,C,LED Light,0.0
Early_Monsoon,6,C,Ceiling Fan,1.0
Early_Monsoon,6,Misc,Hospital,0.7
Early_Monsoon,6,Misc,Street Light,0.0
Early_Monsoon,6,Misc,Cold Storage,3.0
Early_Monsoon,6,Misc,School,0.0
Early_Monsoon,6,Misc,Others,0.2
Early_Monsoon,7,A,LED Light,2.0
Early_Monsoon,7,A,Ceiling Fan,1.0
Early_Monsoon,7,A,Television,1.0
Early_Monsoon,7,A,Iron,0.0
Early_Monsoon,7,A,Refrigerator,0.25
Early_Monsoon,7,A,Washing Machine,0.0
Early_Monsoon,7,B,LED Light,2.0
Early_Monsoon,7,B,Ceiling Fan,1.0
Early_Monsoon,7,B,Television,1.0
Early_Monsoon,7,B,Iron,0.0
Early_Monsoon,7,B,Refrigerator,0.25
Early_Monsoon,7,C,LED Light,0.0
Early_Monsoon,7,C,Ceiling Fan,1.0
Early_Monsoon,7,Misc,Hospital,1.0
Early_Monsoon,7,Misc,Street Light,0.0
Early_Monsoon,7,Misc,Cold Storage,3.0
Early_Monsoon,7,Misc,School,0.0
Early_Monsoon,7,Misc,Others,1.0
Early_Monsoon,8,A,LED Light,1.0
Early_Monsoon,8,A,Ceiling Fan,1.0
Early_Monsoon,8,A,Television,1.0
Early_Monsoon,8,A,Iron,0.0
Early_Monsoon,8,A,Refrigerator,0.25
Early_Monsoon,8,A,Washing Machine,0.0
Early_Monsoon,8,B,LED Light,0.0
Early_Monsoon,8,B,Ceiling Fan,1.0
Early_Monsoon,8,B,Television,1.0
Early_Monsoon,8,B,Iron,0.0
Early_Monsoon,8,B,Refrigerator,0.25
Early_Monsoon,8,C,LED Light,0.0
Early_Monsoon,8,C,Ceiling Fan,1.0
Early_Monsoon,8,Misc,Hospital,1.0
Early_Monsoon,8,Misc,Street Light,0.0
Early_Monsoon,8,Misc,Cold Storage,2.0
Early_Monsoon,8,Misc,School,0.0
Early_Monsoon,8,Misc,Others,1.0
Early_Monsoon,9,A,LED Light,1.0
Early_Monsoon,9,A,Ceiling Fan,1.0
Early_Monsoon,9,A,Television,1.0
Early_Monsoon,9,A,Iron,0.0
Early_Monsoon,9,A,Refrigerator,0.25
Early_Monsoon,9,A,Washing Machine,0.0
Early_Monsoon,9,B,LED Light,1.0
Early_Monsoon,9,B,Ceiling Fan,1.0
Early_Monsoon,9,B,Television,1.0
Early_Monsoon,9,B,Iron,0.0
Early_Monsoon,9,B,Refrigerator,0.25
Early_Monsoon,9,C,LED Light,0.0
Early_Monsoon,9,C,Ceiling Fan,1.0
Early_Monsoon,9,Misc,Hospital,1.0
Early_Monsoon,9,Misc,Street Light,0.0
Early_Monsoon,9,Misc,Cold Storage,2.0
Early_Monsoon,9,Misc,School,0.0
Early_Monsoon,9,Misc,Others,1.0
Early_Monsoon,10,A,LED Light,1.0
Early_Monsoon,10,A,Ceiling Fan,1.0
Early_Monsoon,10,A,Television,1.0
Early_Monsoon,10,A,Iron,0.0
Early_Monsoon,10,A,Refrigerator,0.25
Early_Monsoon,10,A,Washing Machine,0.0
Early_Monsoon,10,B,LED Light,1.0
Early_Monsoon,10,B,Ceiling Fan,0.0
Early_Monsoon,10,B,Television,1.0
Early_Monsoon,10,B,Iron,0.0
Early_Monsoon,10,B,Refrigerator,0.25
Early_Monsoon,10,C,LED Light,1.0
Early_Monsoon,10,C,Ceiling Fan,1.0
Early_Monsoon,10,Misc,Hospital,1.0
Early_Monsoon,10,Misc,Street Light,0.0
Early_Monsoon,10,Misc,Cold Storage,2.0
Early_Monsoon,10,Misc,School,0.0
Early_Monsoon,10,Misc,Others,1.0
Early_Monsoon,11,A,LED Light,1.0
Early_Monsoon,11,A,Ceiling Fan,0.0
Early_Monsoon,11,A,Television,1.0
Early_Monsoon,11,A,Iron,0.0
Early_Monsoon,11,A,Refrigerator,0.25
Early_Monsoon,11,A,Washing Machine,0.0
Early_Monsoon,11,B,LED Light,1.0
Early_Monsoon,11,B,Ceiling Fan,0.0
Early_Monsoon,11,B,Television,1.0
Early_Monsoon,11,B,Iron,0.0
Early_Monsoon,11,B,Refrigerator,0.25
Early_Monsoon,11,C,LED Light,1.0
Early_Monsoon,11,C,Ceiling Fan,1.0
Early_Monsoon,11,Misc,Hospital,1.0
Early_Monsoon,11,Misc,Street Light,0.0
Early_Monsoon,11,Misc,Cold Storage,2.0
Early_Monsoon,11,Misc,School,0.0
Early_Monsoon,11,Misc,Others,1.0
Early_Monsoon,12,A,LED Light,2.0
Early_Monsoon,12,A,Ceiling Fan,0.0
Early_Monsoon,12,A,Television,0.0
Early_Monsoon,12,A,Iron,0.0
Early_Monsoon,12,A,Refrigerator,0.25
Early_Monsoon,12,A,Washing Machine,0.0
Early_Monsoon,12,B,LED Light,1.0
Early_Monsoon,12,B,Ceiling Fan,0.0
Early_Monsoon,12,B,Television,0.0
Early_Monsoon,12,B,Iron,0.0
Early_Monsoon,12,B,Refrigerator,0.25
Early_Monsoon,12,C,LED Light,1.0
Early_Monsoon,12,C,Ceiling Fan,1.0
Early_Monsoon,12,Misc,Hospital,1.0
Early_Monsoon,12,Misc,Street Light,0.0
Early_Monsoon,12,Misc,Cold Storage,2.0
Early_Monsoon,12,Misc,School,0.0
Early_Monsoon,12,Misc,Others,1.0
Early_Monsoon,13,A,LED Light,3.0
Early_Monsoon,13,A,Ceiling Fan,0.0
Early_Monsoon,13,A,Television,0.0
Early_Monsoon,13,A,Iron,0.0
Early_Monsoon,13,A,Refrigerator,0.25
Early_Monsoon,13,A,Washing Machine,0.0
Early_Monsoon,13,B,LED Light,2.0
Early_Monsoon,13,B,Ceiling Fan,0.0
Early_Monsoon,13,B,Television,0.0
Early_Monsoon,13,B,Iron,0.0
Early_Monsoon,13,B,Refrigerator,0.25
Early_Monsoon,13,C,LED Light,1.0
Early_Monsoon,13,C,Ceiling Fan,1.0
Early_Monsoon,13,Misc,Hospital,1.0
Early_Monsoon,13,Misc,Street Light,0.0
Early_Monsoon,13,Misc,Cold Storage,2.0
Early_Monsoon,13,Misc,School,0.0
Early_Monsoon,13,Misc,Others,1.0
Early_Monsoon,14,A,LED Light,3.0
Early_Monsoon,14,A,Ceiling Fan,0.0
Early_Monsoon,14,A,Television,0.0
Early_Monsoon,14,A,Iron,0.0
Early_Monsoon,14,A,Refrigerator,0.25
Early_Monsoon,14,A,Washing Machine,0.0
Early_Monsoon,14,B,LED Light,2.0
Early_Monsoon,14,B,Ceiling Fan,0.0
Early_Monsoon,14,B,Television,0.0
Early_Monsoon,14,B,Iron,0.0
Early_Monsoon,14,B,Refrigerator,0.25
Early_Monsoon,14,C,LED Light,1.0
Early_Monsoon,14,C,Ceiling Fan,1.0
Early_Monsoon,14,Misc,Hospital,1.0
Early_Monsoon,14,Misc,Street Light,0.0
Early_Monsoon,14,Misc,Cold Storage,1.0
Early_Monsoon,14,Misc,School,0.0
Early_Monsoon,14,Misc,Others,1.0
Early_Monsoon,15,A,LED Light,3.0
Early_Monsoon,15,A,Ceiling Fan,1.0
Early_Monsoon,15,A,Television,0.0
Early_Monsoon,15,A,Iron,0.0
Early_Monsoon,15,A,Refrigerator,0.25
Early_Monsoon,15,A,Washing Machine,0.0
Early_Monsoon,15,B,LED Light,2.0
Early_Monsoon,15,B,Ceiling Fan,1.0
Early_Monsoon,15,B,Television,0.0
Early_Monsoon,15,B,Iron,1.0
Early_Monsoon,15,B,Refrigerator,0.25
Early_Monsoon,15,C,LED Light,1.0
Early_Monsoon,15,C,Ceiling Fan,1.0
Early_Monsoon,15,Misc,Hospital,1.0
Early_Monsoon,15,Misc,Street Light,0.0
Early_Monsoon,15,Misc,Cold Storage,1.0
Early_Monsoon,15,Misc,School,0.0
Early_Monsoon,15,Misc,Others,1.0
Early_Monsoon,16,A,LED Light,3.0
Early_Monsoon,16,A,Ceiling Fan,2.0
Early_Monsoon,16,A,Television,1.0
Early_Monsoon,16,A,Iron,0.0
Early_Monsoon,16,A,Refrigerator,0.25
Early_Monsoon,16,A,Washing Machine,0.0
Early_Monsoon,16,B,LED Light,3.0
Early_Monsoon,16,B,Ceiling Fan,1.0
Early_Monsoon,16,B,Television,1.0
Early_Monsoon,16,B,Iron,0.0
Early_Monsoon,16,B,Refrigerator,0.25
Early_Monsoon,16,C,LED Light,1.0
Early_Monsoon,16,C,Ceiling Fan,1.0
Early_Monsoon,16,Misc,Hospital,1.0
Early_Monsoon,16,Misc,Street Light,5.0
Early_Monsoon,16,Misc,Cold Storage,1.0
Early_Monsoon,16,Misc,School,0.0
Early_Monsoon,16,Misc,Others,1.0
Early_Monsoon,17,A,LED Light,4.0
Early_Monsoon,17,A,Ceiling Fan,2.0
Early_Monsoon,17,A,Television,1.0
Early_Monsoon,17,A,Iron,0.0
Early_Monsoon,17,A,Refrigerator,0.25
Early_Monsoon,17,A,Washing Machine,0.0
Early_Monsoon,17,B,LED Light,3.0
Early_Monsoon,17,B,Ceiling Fan,1.0
Early_Monsoon,17,B,Television,1.0
Early_Monsoon,17,B,Iron,0.0
Early_Monsoon,17,B,Refrigerator,0.25
Early_Monsoon,17,C,LED Light,2.0
Early_Monsoon,17,C,Ceiling Fan,1.0
Early_Monsoon,17,Misc,Hospital,1.0
Early_Monsoon,17,Misc,Street Light,10.0
Early_Monsoon,17,Misc,Cold Storage,1.0
Early_Monsoon,17,Misc,School,0.0
Early_Monsoon,17,Misc,Others,0.4
Early_Monsoon,18,A,LED Light,5.0
Early_Monsoon,18,A,Ceiling Fan,2.0
Early_Monsoon,18,A,Television,1.0
Early_Monsoon,18,A,Iron,0.0
Early_Monsoon,18,A,Refrigerator,0.25
Early_Monsoon,18,A,Washing Machine,0.0
Early_Monsoon,18,B,LED Light,3.0
Early_Monsoon,18,B,Ceiling Fan,1.0
Early_Monsoon,18,B,Television,1.0
Early_Monsoon,18,B,Iron,0.0
Early_Monsoon,18,B,Refrigerator,0.25
Early_Monsoon,18,C,LED Light,2.0
Early_Monsoon,18,C,Ceiling Fan,1.0
Early_Monsoon,18,Misc,Hospital,1.0
Early_Monsoon,18,Misc,Street Light,35.0
Early_Monsoon,18,Misc,Cold Storage,0.0
Early_Monsoon,18,Misc,School,0.0
Early_Monsoon,18,Misc,Others,0.4
Early_Monsoon,19,A,LED Light,5.0
Early_Monsoon,19,A,Ceiling Fan,3.0
Early_Monsoon,19,A,Television,1.0
Early_Monsoon,19,A,Iron,0.0
Early_Monsoon,19,A,Refrigerator,0.25
Early_Monsoon,19,A,Washing Machine,0.0
Early_Monsoon,19,B,LED Light,3.0
Early_Monsoon,19,B,Ceiling Fan,1.0
Early_Monsoon,19,B,Television,1.0
Early_Monsoon,19,B,Iron,0.0
Early_Monsoon,19,B,Refrigerator,0.25
Early_Monsoon,19,C,LED Light,1.0
Early_Monsoon,19,C,Ceiling Fan,1.0
Early_Monsoon,19,Misc,Hospital,1.0
Early_Monsoon,19,Misc,Street Light,40.0
Early_Monsoon,19,Misc,Cold Storage,0.0
Early_Monsoon,19,Misc,School,0.0
Early_Monsoon,19,Misc,Others,0.3
Early_Monsoon,20,A,LED Light,5.0
Early_Monsoon,20,A,Ceiling Fan,3.0
Early_Monsoon,20,A,Television,1.0
Early_Monsoon,20,A,Iron,0.0
Early_Monsoon,20,A,Refrigerator,0.25
Early_Monsoon,20,A,Washing Machine,0.0
Early_Monsoon,20,B,LED Light,3.0
Early_Monsoon,20,B,Ceiling Fan,1.0
Early_Monsoon,20,B,Television,1.0
Early_Monsoon,20,B,Iron,0.0
Early_Monsoon,20,B,Refrigerator,0.25
Early_Monsoon,20,C,LED Light,1.0
Early_Monsoon,20,C,Ceiling Fan,1.0
Early_Monsoon,20,Misc,Hospital,1.0
Early_Monsoon,20,Misc,Street Light,50.0
Early_Monsoon,20,Misc,Cold Storage,0.0
Early_Monsoon,20,Misc,School,0.0
Early_Monsoon,20,Misc,Others,0.3
Early_Monsoon,21,A,LED Light,5.0
Early_Monsoon,21,A,Ceiling Fan,1.0
Early_Monsoon,21,A,Television,1.0
Early_Monsoon,21,A,Iron,0.0
Early_Monsoon,21,A,Refrigerator,0.25
Early_Monsoon,21,A,Washing Machine,0.0
Early_Monsoon,21,B,LED Light,3.0
Early_Monsoon,21,B,Ceiling Fan,1.0
Early_Monsoon,21,B,Television,1.0
Early_Monsoon,21,B,Iron,0.0
Early_Monsoon,21,B,Refrigerator,0.25
Early_Monsoon,21,C,LED Light,1.0
Early_Monsoon,21,C,Ceiling Fan,1.0
Early_Monsoon,21,Misc,Hospital,0.7
Early_Monsoon,21,Misc,Street Light,50.0
Early_Monsoon,21,Misc,Cold Storage,0.0
Early_Monsoon,21,Misc,School,0.0
Early_Monsoon,21,Misc,Others,0.2
Early_Monsoon,22,A,LED Light,5.0
Early_Monsoon,22,A,Ceiling Fan,1.0
Early_Monsoon,22,A,Television,0.0
Early_Monsoon,22,A,Iron,0.0
Early_Monsoon,22,A,Refrigerator,0.25
Early_Monsoon,22,A,Washing Machine,0.0
Early_Monsoon,22,B,LED Light,3.0
Early_Monsoon,22,B,Ceiling Fan,2.0
Early_Monsoon,22,B,Television,0.0
Early_Monsoon,22,B,Iron,0.0
Early_Monsoon,22,B,Refrigerator,0.25
Early_Monsoon,22,C,LED Light,0.0
Early_Monsoon,22,C,Ceiling Fan,1.0
Early_Monsoon,22,Misc,Hospital,0.7
Early_Monsoon,22,Misc,Street Light,50.0
Early_Monsoon,22,Misc,Cold Storage,0.0
Early_Monsoon,22,Misc,School,0.0
Early_Monsoon,22,Misc,Others,0.2
Early_Monsoon,23,A,LED Light,3.0
Early_Monsoon,23,A,Ceiling Fan,1.0
Early_Monsoon,23,A,Television,0.0
Early_Monsoon,23,A,Iron,0.0
Early_Monsoon,23,A,Refrigerator,0.25
Early_Monsoon,23,A,Washing Machine,0.0
Early_Monsoon,23,B,LED Light,1.0
Early_Monsoon,23,B,Ceiling Fan,2.0
Early_Monsoon,23,B,Television,0.0
Early_Monsoon,23,B,Iron,0.0
Early_Monsoon,23,B,Refrigerator,0.25
Early_Monsoon,23,C,LED Light,0.0
Early_Monsoon,23,C,Ceiling Fan,1.0
Early_Monsoon,23,Misc,Hospital,0.7
Early_Monsoon,23,Misc,Street Light,50.0
Early_Monsoon,23,Misc,Cold Storage,1.0
Early_Monsoon,23,Misc,School,0.0
Early_Monsoon,23,Misc,Others,0.2
Early_Monsoon_Weekend,0,A,LED Light,2.0
Early_Monsoon_Weekend,0,A,Ceiling Fan,2.0
Early_Monsoon_Weekend,0,A,Television,1.0
Early_Monsoon_Weekend,0,A,Iron,0.0
Early_Monsoon_Weekend,0,A,Refrigerator,0.25
Early_Monsoon_Weekend,0,A,Washing Machine,0.0
Early_Monsoon_Weekend,0,B,LED Light,2.0
Early_Monsoon_Weekend,0,B,Ceiling Fan,2.0
Early_Monsoon_Weekend,0,B,Television,1.0
Early_Monsoon_Weekend,0,B,Iron,0.0
Early_Monsoon_Weekend,0,B,Refrigerator,0.25
Early_Monsoon_Weekend,0,C,LED Light,1.0
Early_Monsoon_Weekend,0,C,Ceiling Fan,1.0
Early_Monsoon_Weekend,0,Misc,Hospital,0.2
Early_Monsoon_Weekend,0,Misc,Street Light,35.0
Early_Monsoon_Weekend,0,Misc,Cold Storage,1.0
Early_Monsoon_Weekend,0,Misc,School,0.0
Early_Monsoon_Weekend,0,Misc,Others,0.3
Early_Monsoon_Weekend,1,A,LED Light,2.0
Early_Monsoon_Weekend,1,A,Ceiling Fan,2.0
Early_Monsoon_Weekend,1,A,Television,1.0
Early_Monsoon_Weekend,1,A,Iron,0.0
Early_Monsoon_Weekend,1,A,Refrigerator,0.25
Early_Monsoon_Weekend,1,A,Washing Machine,0.0
Early_Monsoon_Weekend,1,B,LED Light,2.0
Early_Monsoon_Weekend,1,B,Ceiling Fan,2.0
Early_Monsoon_Weekend,1,B,Television,1.0
Early_Monsoon_Weekend,1,B,Iron,0.0
Early_Monsoon_Weekend,1,B,Refrigerator,0.25
Early_Monsoon_Weekend,1,C,LED Light,1.0
Early_Monsoon_Weekend,1,C,Ceiling Fan,1.0
Early_Monsoon_Weekend,1,Misc,Hospital,0.2
Early_Monsoon_Weekend,1,Misc,Street Light,35.0
Early_Monsoon_Weekend,1,Misc,Cold Storage,1.0
Early_Monsoon_Weekend,1,Misc,School,0.0
Early_Monsoon_Weekend,1,Misc,Others,0.3
Early_Monsoon_Weekend,2,A,LED Light,1.0
Early_Monsoon_Weekend,2,A,Ceiling Fan,2.0
Early_Monsoon_Weekend,2,A,Television,1.0
Early_Monsoon_Weekend,2,A,Iron,0.0
Early_Monsoon_Weekend,2,A,Refrigerator,0.25
Early_Monsoon_Weekend,2,A,Washing Machine,0.0
Early_Monsoon_Weekend,2,B,LED Light,1.0
Early_Monsoon_Weekend,2,B,Ceiling Fan,2.0
Early_Monsoon_Weekend,2,B,Television,0.0
Early_Monsoon_Weekend,2,B,Iron,0.0
Early_Monsoon_Weekend,2,B,Refrigerator,0.25
Early_Monsoon_Weekend,2,C,LED Light,0.0
Early_Monsoon_Weekend,2,C,Ceiling Fan,1.0
Early_Monsoon_Weekend,2,Misc,Hospital,0.2
Early_Monsoon_Weekend,2,Misc,Street Light,35.0
Early_Monsoon_Weekend,2,Misc,Cold Storage,1.0
Early_Monsoon_Weekend,2,Misc,School,0.0
Early_Monsoon_Weekend,2,Misc,Others,0.3
Early_Monsoon_Weekend,3,A,LED Light,1.0
Early_Monsoon_Weekend,3,A,Ceiling Fan,2.0
Early_Monsoon_Weekend,3,A,Television,0.0
Early_Monsoon_Weekend,3,A,Iron,0.0
Early_Monsoon_Weekend,3,A,Refrigerator,0.25
Early_Monsoon_Weekend,3,A,Washing Machine,0.0
Early_Monsoon_Weekend,3,B,LED Light,1.0
Early_Monsoon_Weekend,3,B,Ceiling Fan,2.0
Early_Monsoon_Weekend,3,B,Television,0.0
Early_Monsoon_Weekend,3,B,Iron,0.0
Early_Monsoon_Weekend,3,B,Refrigerator,0.25
Early_Monsoon_Weekend,3,C,LED Light,0.0
Early_Monsoon_Weekend,3,C,Ceiling Fan,1.0
Early_Monsoon_Weekend,3,Misc,Hospital,0.3
Early_Monsoon_Weekend,3,Misc,Street Light,20.0
Early_Monsoon_Weekend,3,Misc,Cold Storage,3.0
Early_Monsoon_Weekend,3,Misc,School,0.0
Early_Monsoon_Weekend,3,Misc,Others,0.3
Early_Monsoon_Weekend,4,A,LED Light,1.0
Early_Monsoon_Weekend,4,A,Ceiling Fan,2.0
Early_Monsoon_Weekend,4,A,Television,0.0
Early_Monsoon_Weekend,4,A,Iron,0.0
Early_Monsoon_Weekend,4,A,Refrigerator,0.25
Early_Monsoon_Weekend,4,A,Washing Machine,0.0
Early_Monsoon_Weekend,4,B,LED Light,1.0
Early_Monsoon_Weekend,4,B,Ceiling Fan,2.0
Early_Monsoon_Weekend,4,B,Television,0.0
Early_Monsoon_Weekend,4,B,Iron,0.0
Early_Monsoon_Weekend,4,B,Refrigerator,0.25
Early_Monsoon_Weekend,4,C,LED Light,0.0
Early_Monsoon_Weekend,4,C,Ceiling Fan,1.0
Early_Monsoon_Weekend,4,Misc,Hospital,0.3
Early_Monsoon_Weekend,4,Misc,Street Light,10.0
Early_Monsoon_Weekend,4,Misc,Cold Storage,3.0
Early_Monsoon_Weekend,4,Misc,School,0.0
Early_Monsoon_Weekend,4,Misc,Others,0.3
Early_Monsoon_Weekend,5,A,LED Light,1.0
Early_Monsoon_Weekend,5,A,Ceiling Fan,3.0
Early_Monsoon_Weekend,5,A,Television,0.0
Early_Monsoon_Weekend,5,A,Iron,0.0
Early_Monsoon_Weekend,5,A,Refrigerator,0.25
Early_Monsoon_Weekend,5,A,Washing Machine,0.0
Early_Monsoon_Weekend,5,B,LED Light,1.0
Early_Monsoon_Weekend,5,B,Ceiling Fan,2.0
Early_Monsoon_Weekend,5,B,Television,0.0
Early_Monsoon_Weekend,5,B,Iron,0.0
Early_Monsoon_Weekend,5,B,Refrigerator,0.25
Early_Monsoon_Weekend,5,C,LED Light,1.0
Early_Monsoon_Weekend,5,C,Ceiling Fan,1.0
Early_Monsoon_Weekend,5,Misc,Hospital,0.5
Early_Monsoon_Weekend,5,Misc,Street Light,5.0
Early_Monsoon_Weekend,5,Misc,Cold Storage,2.0
Early_Monsoon_Weekend,5,Misc,School,0.0
Early_Monsoon_Weekend,5,Misc,Others,0.3
Early_Monsoon_Weekend,6,A,LED Light,1.0
Early_Monsoon_Weekend,6,A,Ceiling Fan,1.0
Early_Monsoon_Weekend,6,A,Television,1.0
Early_Monsoon_Weekend,6,A,Iron,0.0
Early_Monsoon_Weekend,6,A,Refrigerator,0.25
Early_Monsoon_Weekend,6,A,Washing Machine,0.0
Early_Monsoon_Weekend,6,B,LED Light,1.0
Early_Monsoon_Weekend,6,B,Ceiling Fan,1.0
Early_Monsoon_Weekend,6,B,Television,0.0
Early_Monsoon_Weekend,6,B,Iron,0.0
Early_Monsoon_Weekend,6,B,Refrigerator,0.25
Early_Monsoon_Weekend,6,C,LED Light,1.0
Early_Monsoon_Weekend,6,C,Ceiling Fan,1.0
Early_Monsoon_Weekend,6,Misc,Hospital,0.5
Early_Monsoon_Weekend,6,Misc,Street Light,0.0
Early_Monsoon_Weekend,6,Misc,Cold Storage,2.0
Early_Monsoon_Weekend,6,Misc,School,0.0
Early_Monsoon_Weekend,6,Misc,Others,0.2
Early_Monsoon_Weekend,7,A,LED Light,2.0
Early_Monsoon_Weekend,7,A,Ceiling Fan,1.0
Early_Monsoon_Weekend,7,A,Television,1.0
Early_Monsoon_Weekend,7,A,Iron,0.0
Early_Monsoon_Weekend,7,A,Refrigerator,0.25
Early_Monsoon_Weekend,7,A,Washing Machine,0.0
Early_Monsoon_Weekend,7,B,LED Light,1.0
Early_Monsoon_Weekend,7,B,Ceiling Fan,1.0
Early_Monsoon_Weekend,7,B,Television,0.0
Early_Monsoon_Weekend,7,B,Iron,0.0
Early_Monsoon_Weekend,7,B,Refrigerator,0.25
Early_Monsoon_Weekend,7,C,LED Light,1.0
Early_Monsoon_Weekend,7,C,Ceiling Fan,1.0
Early_Monsoon_Weekend,7,Misc,Hospital,0.7
Early_Monsoon_Weekend,7,Misc,Street Light,0.0
Early_Monsoon_Weekend,7,Misc,Cold Storage,2.0
Early_Monsoon_Weekend,7,Misc,School,0.0
Early_Monsoon_Weekend,7,Misc,Others,1.0
Early_Monsoon_Weekend,8,A,LED Light,2.0
Early_Monsoon_Weekend,8,A,Ceiling Fan,1.0
Early_Monsoon_Weekend,8,A,Television,1.0
Early_Monsoon_Weekend,8,A,Iron,0.0
Early_Monsoon_Weekend,8,A,Refrigerator,0.25
Early_Monsoon_Weekend,8,A,Washing Machine,0.0
Early_Monsoon_Weekend,8,B,LED Light,2.0
Early_Monsoon_Weekend,8,B,Ceiling Fan,1.0
Early_Monsoon_Weekend,8,B,Television,1.0
Early_Monsoon_Weekend,8,B,Iron,0.0
Early_Monsoon_Weekend,8,B,Refrigerator,0.25
Early_Monsoon_Weekend,8,C,LED Light,0.0
Early_Monsoon_Weekend,8,C,Ceiling Fan,2.0
Early_Monsoon_Weekend,8,Misc,Hospital,0.7
Early_Monsoon_Weekend,8,Misc,Street Light,0.0
Early_Monsoon_Weekend,8,Misc,Cold Storage,1.0
Early_Monsoon_Weekend,8,Misc,School,0.0
Early_Monsoon_Weekend,8,Misc,Others,1.0
Early_Monsoon_Weekend,9,A,LED Light,2.0
Early_Monsoon_Weekend,9,A,Ceiling Fan,1.0
Early_Monsoon_Weekend,9,A,Television,1.0
Early_Monsoon_Weekend,9,A,Iron,0.0
Early_Monsoon_Weekend,9,A,Refrigerator,0.25
Early_Monsoon_Weekend,9,A,Washing Machine,0.0
Early_Monsoon_Weekend,9,B,LED Light,2.0
Early_Monsoon_Weekend,9,B,Ceiling Fan,1.0
Early_Monsoon_Weekend,9,B,Television,1.0
Early_Monsoon_Weekend,9,B,Iron,0.0
Early_Monsoon_Weekend,9,B,Refrigerator,0.25
Early_Monsoon_Weekend,9,C,LED Light,1.0
Early_Monsoon_Weekend,9,C,Ceiling Fan,2.0
Early_Monsoon_Weekend,9,Misc,Hospital,0.7
Early_Monsoon_Weekend,9,Misc,Street Light,0.0
Early_Monsoon_Weekend,9,Misc,Cold Storage,1.0
Early_Monsoon_Weekend,9,Misc,School,0.0
Early_Monsoon_Weekend,9,Misc,Others,1.0
Early_Monsoon_Weekend,10,A,LED Light,2.0
Early_Monsoon_Weekend,10,A,Ceiling Fan,1.0
Early_Monsoon_Weekend,10,A,Television,1.0
Early_Monsoon_Weekend,10,A,Iron,0.0
Early_Monsoon_Weekend,10,A,Refrigerator,0.25
Early_Monsoon_Weekend,10,A,Washing Machine,1.0
Early_Monsoon_Weekend,10,B,LED Light,2.0
Early_Monsoon_Weekend,10,B,Ceiling Fan,1.0
Early_Monsoon_Weekend,10,B,Television,1.0
Early_Monsoon_Weekend,10,B,Iron,0.0
Early_Monsoon_Weekend,10,B,Refrigerator,0.25
Early_Monsoon_Weekend,10,C,LED Light,1.0
Early_Monsoon_Weekend,10,C,Ceiling Fan,2.0
Early_Monsoon_Weekend,10,Misc,Hospital,1.0
Early_Monsoon_Weekend,10,Misc,Street Light,0.0
Early_Monsoon_Weekend,10,Misc,Cold Storage,1.0
Early_Monsoon_Weekend,10,Misc,School,0.0
Early_Monsoon_Weekend,10,Misc,Others,1.0
Early_Monsoon_Weekend,11,A,LED Light,2.0
Early_Monsoon_Weekend,11,A,Ceiling Fan,0.0
Early_Monsoon_Weekend,11,A,Television,1.0
Early_Monsoon_Weekend,11,A,Iron,0.0
Early_Monsoon_Weekend,11,A,Refrigerator,0.25
Early_Monsoon_Weekend,11,A,Washing Machine,1.0
Early_Monsoon_Weekend,11,B,LED Light,2.0
Early_Monsoon_Weekend,11,B,Ceiling Fan,0.0
Early_Monsoon_Weekend,11,B,Television,1.0
Early_Monsoon_Weekend,11,B,Iron,0.0
Early_Monsoon_Weekend,11,B,Refrigerator,0.25
Early_Monsoon_Weekend,11,C,LED Light,1.0
Early_Monsoon_Weekend,11,C,Ceiling Fan,2.0
Early_Monsoon_Weekend,11,Misc,Hospital,1.0
Early_Monsoon_Weekend,11,Misc,Street Light,0.0
Early_Monsoon_Weekend,11,Misc,Cold Storage,1.0
Early_Monsoon_Weekend,11,Misc,School,0.0
Early_Monsoon_Weekend,11,Misc,Others,1.0
Early_Monsoon_Weekend,12,A,LED Light,3.0
Early_Monsoon_Weekend,12,A,Ceiling Fan,0.0
Early_Monsoon_Weekend,12,A,Television,1.0
Early_Monsoon_Weekend,12,A,Iron,0.0
Early_Monsoon_Weekend,12,A,Refrigerator,0.25
Early_Monsoon_Weekend,12,A,Washing Machine,0.0
Early_Monsoon_Weekend,12,B,LED Light,3.0
Early_Monsoon_Weekend,12,B,Ceiling Fan,0.0
Early_Monsoon_Weekend,12,B,Television,1.0
Early_Monsoon_Weekend,12,B,Iron,0.0
Early_Monsoon_Weekend,12,B,Refrigerator,0.25
Early_Monsoon_Weekend,12,C,LED Light,1.0
Early_Monsoon_Weekend,12,C,Ceiling Fan,2.0
Early_Monsoon_Weekend,12,Misc,Hospital,1.0
Early_Monsoon_Weekend,12,Misc,Street Light,0.0
Early_Monsoon_Weekend,12,Misc,Cold Storage,1.0
Early_Monsoon_Weekend,12,Misc,School,0.0
Early_Monsoon_Weekend,12,Misc,Others,1.0
Early_Monsoon_Weekend,13,A,LED Light,3.0
Early_Monsoon_Weekend,13,A,Ceiling Fan,1.0
Early_Monsoon_Weekend,13,A,Television,1.0
Early_Monsoon_Weekend,13,A,Iron,1.0
Early_Monsoon_Weekend,13,A,Refrigerator,0.25
Early_Monsoon_Weekend,13,A,Washing Machine,0.0
Early_Monsoon_Weekend,13,B,LED Light,2.0
Early_Monsoon_Weekend,13,B,Ceiling Fan,0.0
Early_Monsoon_Weekend,13,B,Television,1.0
Early_Monsoon_Weekend,13,B,Iron,1.0
Early_Monsoon_Weekend,13,B,Refrigerator,0.25
Early_Monsoon_Weekend,13,C,LED Light,1.0
Early_Monsoon_Weekend,13,C,Ceiling Fan,2.0
Early_Monsoon_Weekend,13,Misc,Hospital,0.5
Early_Monsoon_Weekend,13,Misc,Street Light,0.0
Early_Monsoon_Weekend,13,Misc,Cold Storage,1.0
Early_Monsoon_Weekend,13,Misc,School,0.0
Early_Monsoon_Weekend,13,Misc,Others,1.0
Early_Monsoon_Weekend,14,A,LED Light,3.0
Early_Monsoon_Weekend,14,A,Ceiling Fan,1.0
Early_Monsoon_Weekend,14,A,Television,1.0
Early_Monsoon_Weekend,14,A,Iron,1.0
Early_Monsoon_Weekend,14,A,Refrigerator,0.25
Early_Monsoon_Weekend,14,A,Washing Machine,0.0
Early_Monsoon_Weekend,14,B,LED Light,3.0
Early_Monsoon_Weekend,14,B,Ceiling Fan,0.0
Early_Monsoon_Weekend,14,B,Television,1.0
Early_Monsoon_Weekend,14,B,Iron,0.0
Early_Monsoon_Weekend,14,B,Refrigerator,0.25
Early_Monsoon_Weekend,14,C,LED Light,1.0
Early_Monsoon_Weekend,14,C,Ceiling Fan,2.0
Early_Monsoon_Weekend,14,Misc,Hospital,0.5
Early_Monsoon_Weekend,14,Misc,Street Light,0.0
Early_Monsoon_Weekend,14,Misc,Cold Storage,0.0
Early_Monsoon_Weekend,14,Misc,School,0.0
Early_Monsoon_Weekend,14,Misc,Others,1.0
Early_Monsoon_Weekend,15,A,LED Light,3.0
Early_Monsoon_Weekend,15,A,Ceiling Fan,2.0
Early_Monsoon_Weekend,15,A,Television,1.0
Early_Monsoon_Weekend,15,A,Iron,0.0
Early_Monsoon_Weekend,15,A,Refrigerator,0.25
Early_Monsoon_Weekend,15,A,Washing Machine,0.0
Early_Monsoon_Weekend,15,B,LED Light,3.0
Early_Monsoon_Weekend,15,B,Ceiling Fan,1.0
Early_Monsoon_Weekend,15,B,Television,1.0
Early_Monsoon_Weekend,15,B,Iron,0.0
Early_Monsoon_Weekend,15,B,Refrigerator,0.25
Early_Monsoon_Weekend,15,C,LED Light,2.0
Early_Monsoon_Weekend,15,C,Ceiling Fan,2.0
Early_Monsoon_Weekend,15,Misc,Hospital,0.5
Early_Monsoon_Weekend,15,Misc,Street Light,0.0
Early_Monsoon_Weekend,15,Misc,Cold Storage,0.0
Early_Monsoon_Weekend,15,Misc,School,0.0
Early_Monsoon_Weekend,15,Misc,Others,1.0
Early_Monsoon_Weekend,16,A,LED Light,3.0
Early_Monsoon_Weekend,16,A,Ceiling Fan,3.0
Early_Monsoon_Weekend,16,A,Television,1.0
Early_Monsoon_Weekend,16,A,Iron,0.0
Early_Monsoon_Weekend,16,A,Refrigerator,0.25
Early_Monsoon_Weekend,16,A,Washing Machine,0.0
Early_Monsoon_Weekend,16,B,LED Light,3.0
Early_Monsoon_Weekend,16,B,Ceiling Fan,1.0
Early_Monsoon_Weekend,16,B,Television,1.0
Early_Monsoon_Weekend,16,B,Iron,0.0
Early_Monsoon_Weekend,16,B,Refrigerator,0.25
Early_Monsoon_Weekend,16,C,LED Light,2.0
Early_Monsoon_Weekend,16,C,Ceiling Fan,2.0
Early_Monsoon_Weekend,16,Misc,Hospital,0.7
Early_Monsoon_Weekend,16,Misc,Street Light,5.0
Early_Monsoon_Weekend,16,Misc,Cold Storage,0.0
Early_Monsoon_Weekend,16,Misc,School,0.0
Early_Monsoon_Weekend,16,Misc,Others,1.0
Early_Monsoon_Weekend,17,A,LED Light,4.0
Early_Monsoon_Weekend,17,A,Ceiling Fan,3.0
Early_Monsoon_Weekend,17,A,Television,1.0
Early_Monsoon_Weekend,17,A,Iron,0.0
Early_Monsoon_Weekend,17,A,Refrigerator,0.25
Early_Monsoon_Weekend,17,A,Washing Machine,0.0
Early_Monsoon_Weekend,17,B,LED Light,3.0
Early_Monsoon_Weekend,17,B,Ceiling Fan,1.0
Early_Monsoon_Weekend,17,B,Television,1.0
Early_Monsoon_Weekend,17,B,Iron,0.0
Early_Monsoon_Weekend,17,B,Refrigerator,0.25
Early_Monsoon_Weekend,17,C,LED Light,2.0
Early_Monsoon_Weekend,17,C,Ceiling Fan,2.0
Early_Monsoon_Weekend,17,Misc,Hospital,0.7
Early_Monsoon_Weekend,17,Misc,Street Light,10.0
Early_Monsoon_Weekend,17,Misc,Cold Storage,0.0
Early_Monsoon_Weekend,17,Misc,School,0.0
Early_Monsoon_Weekend,17,Misc,Others,0.5
Early_Monsoon_Weekend,18,A,LED Light,4.0
Early_Monsoon_Weekend,18,A,Ceiling Fan,3.0
Early_Monsoon_Weekend,18,A,Television,1.0
Early_Monsoon_Weekend,18,A,Iron,0.0
Early_Monsoon_Weekend,18,A,Refrigerator,0.25
Early_Monsoon_Weekend,18,A,Washing Machine,0.0
Early_Monsoon_Weekend,18,B,LED Light,3.0
Early_Monsoon_Weekend,18,B,Ceiling Fan,2.0
Early_Monsoon_Weekend,18,B,Television,1.0
Early_Monsoon_Weekend,18,B,Iron,0.0
Early_Monsoon_Weekend,18,B,Refrigerator,0.25
Early_Monsoon_Weekend,18,C,LED Light,2.0
Early_Monsoon_Weekend,18,C,Ceiling Fan,2.0
Early_Monsoon_Weekend,18,Misc,Hospital,0.7
Early_Monsoon_Weekend,18,Misc,Street Light,35.0
Early_Monsoon_Weekend,18,Misc,Cold Storage,0.0
Early_Monsoon_Weekend,18,Misc,School,0.0
Early_Monsoon_Weekend,18,Misc,Others,0.5
Early_Monsoon_Weekend,19,A,LED Light,5.0
Early_Monsoon_Weekend,19,A,Ceiling Fan,3.0
Early_Monsoon_Weekend,19,A,Television,1.0
Early_Monsoon_Weekend,19,A,Iron,0.0
Early_Monsoon_Weekend,19,A,Refrigerator,0.25
Early_Monsoon_Weekend,19,A,Washing Machine,0.0
Early_Monsoon_Weekend,19,B,LED Light,3.0
Early_Monsoon_Weekend,19,B,Ceiling Fan,2.0
Early_Monsoon_Weekend,19,B,Television,1.0
Early_Monsoon_Weekend,19,B,Iron,0.0
Early_Monsoon_Weekend,19,B,Refrigerator,0.25
Early_Monsoon_Weekend,19,C,LED Light,2.0
Early_Monsoon_Weekend,19,C,Ceiling Fan,2.0
Early_Monsoon_Weekend,19,Misc,Hospital,0.7
Early_Monsoon_Weekend,19,Misc,Street Light,40.0
Early_Monsoon_Weekend,19,Misc,Cold Storage,0.0
Early_Monsoon_Weekend,19,Misc,School,0.0
Early_Monsoon_Weekend,19,Misc,Others,0.4
Early_Monsoon_Weekend,20,A,LED Light,5.0
Early_Monsoon_Weekend,20,A,Ceiling Fan,3.0
Early_Monsoon_Weekend,20,A,Television,1.0
Early_Monsoon_Weekend,20,A,Iron,0.0
Early_Monsoon_Weekend,20,A,Refrigerator,0.25
Early_Monsoon_Weekend,20,A,Washing Machine,0.0
Early_Monsoon_Weekend,20,B,LED Light,3.0
Early_Monsoon_Weekend,20,B,Ceiling Fan,2.0
Early_Monsoon_Weekend,20,B,Television,1.0
Early_Monsoon_Weekend,20,B,Iron,0.0
Early_Monsoon_Weekend,20,B,Refrigerator,0.25
Early_Monsoon_Weekend,20,C,LED Light,2.0
Early_Monsoon_Weekend,20,C,Ceiling Fan,2.0
Early_Monsoon_Weekend,20,Misc,Hospital,0.5
Early_Monsoon_Weekend,20,Misc,Street Light,50.0
Early_Monsoon_Weekend,20,Misc,Cold Storage,0.0
Early_Monsoon_Weekend,20,Misc,School,0.0
Early_Monsoon_Weekend,20,Misc,Others,0.4
Early_Monsoon_Weekend,21,A,LED Light,3.0
Early_Monsoon_Weekend,21,A,Ceiling Fan,2.0
Early_Monsoon_Weekend,21,A,Television,1.0
Early_Monsoon_Weekend,21,A,Iron,0.0
Early_Monsoon_Weekend,21,A,Refrigerator,0.25
Early_Monsoon_Weekend,21,A,Washing Machine,0.0
Early_Monsoon_Weekend,21,B,LED Light,2.0
Early_Monsoon_Weekend,21,B,Ceiling Fan,1.0
Early_Monsoon_Weekend,21,B,Television,1.0
Early_Monsoon_Weekend,21,B,Iron,0.0
Early_Monsoon_Weekend,21,B,Refrigerator,0.25
Early_Monsoon_Weekend,21,C,LED Light,2.0
Early_Monsoon_Weekend,21,C,Ceiling Fan,2.0
Early_Monsoon_Weekend,21,Misc,Hospital,0.5
Early_Monsoon_Weekend,21,Misc,Street Light,50.0
Early_Monsoon_Weekend,21,Misc,Cold Storage,0.0
Early_Monsoon_Weekend,21,Misc,School,0.0
Early_Monsoon_Weekend,21,Misc,Others,0.3
Early_Monsoon_Weekend,22,A,LED Light,3.0
Early_Monsoon_Weekend,22,A,Ceiling Fan,2.0
Early_Monsoon_Weekend,22,A,Television,1.0
Early_Monsoon_Weekend,22,A,Iron,0.0
Early_Monsoon_Weekend,22,A,Refrigerator,0.25
Early_Monsoon_Weekend,22,A,Washing Machine,0.0
Early_Monsoon_Weekend,22,B,LED Light,2.0
Early_Monsoon_Weekend,22,B,Ceiling Fan,1.0
Early_Monsoon_Weekend,22,B,Television,1.0
Early_Monsoon_Weekend,22,B,Iron,0.0
Early_Monsoon_Weekend,22,B,Refrigerator,0.25
Early_Monsoon_Weekend,22,C,LED Light,2.0
Early_Monsoon_Weekend,22,C,Ceiling Fan,2.0
Early_Monsoon_Weekend,22,Misc,Hospital,0.5
Early_Monsoon_Weekend,22,Misc,Street Light,50.0
Early_Monsoon_Weekend,22,Misc,Cold Storage,0.0
Early_Monsoon_Weekend,22,Misc,School,0.0
Early_Monsoon_Weekend,22,Misc,Others,0.3
Early_Monsoon_Weekend,23,A,LED Light,3.0
Early_Monsoon_Weekend,23,A,Ceiling Fan,2.0
Early_Monsoon_Weekend,23,A,Television,1.0
Early_Monsoon_Weekend,23,A,Iron,0.0
Early_Monsoon_Weekend,23,A,Refrigerator,0.25
Early_Monsoon_Weekend,23,A,Washing Machine,0.0
Early_Monsoon_Weekend,23,B,LED Light,2.0
Early_Monsoon_Weekend,23,B,Ceiling Fan,1.0
Early_Monsoon_Weekend,23,B,Television,1.0
Early_Monsoon_Weekend,23,B,Iron,0.0
Early_Monsoon_Weekend,23,B,Refrigerator,0.25
Early_Monsoon_Weekend,23,C,LED Light,2.0
Early_Monsoon_Weekend,23,C,Ceiling Fan,2.0
Early_Monsoon_Weekend,23,Misc,Hospital,0.5
Early_Monsoon_Weekend,23,Misc,Street Light,50.0
Early_Monsoon_Weekend,23,Misc,Cold Storage,0.0
Early_Monsoon_Weekend,23,Misc,School,0.0
Early_Monsoon_Weekend,23,Misc,Others,0.3
Peak_Monsoon_1,0,A,LED Light,1.0
Peak_Monsoon_1,0,A,Ceiling Fan,1.0
Peak_Monsoon_1,0,A,Television,0.0
Peak_Monsoon_1,0,A,Iron,0.0
Peak_Monsoon_1,0,A,Refrigerator,0.25
Peak_Monsoon_1,0,A,Washing Machine,0.0
Peak_Monsoon_1,0,B,LED Light,0.0
Peak_Monsoon_1,0,B,Ceiling Fan,0.0
Peak_Monsoon_1,0,B,Television,0.0
Peak_Monsoon_1,0,B,Iron,0.0
Peak_Monsoon_1,0,B,Refrigerator,0.25
Peak_Monsoon_1,0,C,LED Light,0.0
Peak_Monsoon_1,0,C,Ceiling Fan,1.0
Peak_Monsoon_1,0,Misc,Hospital,0.7
Peak_Monsoon_1,0,Misc,Street Light,35.0
Peak_Monsoon_1,0,Misc,Cold Storage,1.0
Peak_Monsoon_1,0,Misc,School,0.0
Peak_Monsoon_1,0,Misc,Others,0.2
Peak_Monsoon_1,1,A,LED Light,1.0
Peak_Monsoon_1,1,A,Ceiling Fan,1.0
Peak_Monsoon_1,1,A,Television,0.0
Peak_Monsoon_1,1,A,Iron,0.0
Peak_Monsoon_1,1,A,Refrigerator,0.25
Peak_Monsoon_1,1,A,Washing Machine,0.0
Peak_Monsoon_1,1,B,LED Light,0.0
Peak_Monsoon_1,1,B,Ceiling Fan,0.0
Peak_Monsoon_1,1,B,Television,0.0
Peak_Monsoon_1,1,B,Iron,0.0
Peak_Monsoon_1,1,B,Refrigerator,0.25
Peak_Monsoon_1,1,C,LED Light,0.0
Peak_Monsoon_1,1,C,Ceiling Fan,1.0
Peak_Monsoon_1,1,Misc,Hospital,0.7
Peak_Monsoon_1,1,Misc,Street Light,35.0
Peak_Monsoon_1,1,Misc,Cold Storage,1.0
Peak_Monsoon_1,1,Misc,School,0.0
Peak_Monsoon_1,1,Misc,Others,0.2
Peak_Monsoon_1,2,A,LED Light,1.0
Peak_Monsoon_1,2,A,Ceiling Fan,1.0
Peak_Monsoon_1,2,A,Television,0.0
Peak_Monsoon_1,2,A,Iron,0.0
Peak_Monsoon_1,2,A,Refrigerator,0.25
Peak_Monsoon_1,2,A,Washing Machine,0.0
Peak_Monsoon_1,2,B,LED Light,0.0
Peak_Monsoon_1,2,B,Ceiling Fan,0.0
Peak_Monsoon_1,2,B,Television,0.0
Peak_Monsoon_1,2,B,Iron,0.0
Peak_Monsoon_1,2,B,Refrigerator,0.25
Peak_Monsoon_1,2,C,LED Light,0.0
Peak_Monsoon_1,2,C,Ceiling Fan,1.0
Peak_Monsoon_1,2,Misc,Hospital,0.7
Peak_Monsoon_1,2,Misc,Street Light,35.0
Peak_Monsoon_1,2,Misc,Cold Storage,1.0
Peak_Monsoon_1,2,Misc,School,0.0
Peak_Monsoon_1,2,Misc,Others,0.2
Peak_Monsoon_1,3,A,LED Light,1.0
Peak_Monsoon_1,3,A,Ceiling Fan,2.0
Peak_Monsoon_1,3,A,Television,0.0
Peak_Monsoon_1,3,A,Iron,0.0
Peak_Monsoon_1,3,A,Refrigerator,0.25
Peak_Monsoon_1,3,A,Washing Machine,0.0
Peak_Monsoon_1,3,B,LED Light,0.0
Peak_Monsoon_1,3,B,Ceiling Fan,1.0
Peak_Monsoon_1,3,B,Television,0.0
Peak_Monsoon_1,3,B,Iron,0.0
Peak_Monsoon_1,3,B,Refrigerator,0.25
Peak_Monsoon_1,3,C,LED Light,0.0
Peak_Monsoon_1,3,C,Ceiling Fan,1.0
Peak_Monsoon_1,3,Misc,Hospital,0.7
Peak_Monsoon_1,3,Misc,Street Light,20.0
Peak_Monsoon_1,3,Misc,Cold Storage,2.0
Peak_Monsoon_1,3,Misc,School,0.0
Peak_Monsoon_1,3,Misc,Others,0.2
Peak_Monsoon_1,4,A,LED Light,1.0
Peak_Monsoon_1,4,A,Ceiling Fan,2.0
Peak_Monsoon_1,4,A,Television,0.0
Peak_Monsoon_1,4,A,Iron,0.0
Peak_Monsoon_1,4,A,Refrigerator,0.25
Peak_Monsoon_1,4,A,Washing Machine,0.0
Peak_Monsoon_1,4,B,LED Light,0.0
Peak_Monsoon_1,4,B,Ceiling Fan,1.0
Peak_Monsoon_1,4,B,Television,0.0
Peak_Monsoon_1,4,B,Iron,0.0
Peak_Monsoon_1,4,B,Refrigerator,0.25
Peak_Monsoon_1,4,C,LED Light,0.0
Peak_Monsoon_1,4,C,Ceiling Fan,1.0
Peak_Monsoon_1,4,Misc,Hospital,0.7
Peak_Monsoon_1,4,Misc,Street Light,10.0
Peak_Monsoon_1,4,Misc,Cold Storage,2.0
Peak_Monsoon_1,4,Misc,School,0.0
Peak_Monsoon_1,4,Misc,Others,0.2
Peak_Monsoon_1,5,A,LED Light,2.0
Peak_Monsoon_1,5,A,Ceiling Fan,2.0
Peak_Monsoon_1,5,A,Television,0.0
Peak_Monsoon_1,5,A,Iron,0.0
Peak_Monsoon_1,5,A,Refrigerator,0.25
Peak_Monsoon_1,5,A,Washing Machine,0.0
Peak_Monsoon_1,5,B,LED Light,0.0
Peak_Monsoon_1,5,B,Ceiling Fan,1.0
Peak_Monsoon_1,5,B,Television,0.0
Peak_Monsoon_1,5,B,Iron,0.0
Peak_Monsoon_1,5,B,Refrigerator,0.25
Peak_Monsoon_1,5,C,LED Light,1.0
Peak_Monsoon_1,5,C,Ceiling Fan,1.0
Peak_Monsoon_1,5,Misc,Hospital,0.7
Peak_Monsoon_1,5,Misc,Street Light,5.0
Peak_Monsoon_1,5,Misc,Cold Storage,2.0
Peak_Monsoon_1,5,Misc,School,0.0
Peak_Monsoon_1,5,Misc,Others,0.2
Peak_Monsoon_1,6,A,LED Light,1.0
Peak_Monsoon_1,6,A,Ceiling Fan,1.0
Peak_Monsoon_1,6,A,Television,1.0
Peak_Monsoon_1,6,A,Iron,0.0
Peak_Monsoon_1,6,A,Refrigerator,0.25
Peak_Monsoon_1,6,A,Washing Machine,0.0
Peak_Monsoon_1,6,B,LED Light,1.0
Peak_Monsoon_1,6,B,Ceiling Fan,1.0
Peak_Monsoon_1,6,B,Television,1.0
Peak_Monsoon_1,6,B,Iron,0.0
Peak_Monsoon_1,6,B,Refrigerator,0.25
Peak_Monsoon_1,6,C,LED Light,0.0
Peak_Monsoon_1,6,C,Ceiling Fan,1.0
Peak_Monsoon_1,6,Misc,Hospital,0.7
Peak_Monsoon_1,6,Misc,Street Light,0.0
Peak_Monsoon_1,6,Misc,Cold Storage,2.0
Peak_Monsoon_1,6,Misc,School,1.0
Peak_Monsoon_1,6,Misc,Others,0.2
Peak_Monsoon_1,7,A,LED Light,1.0
Peak_Monsoon_1,7,A,Ceiling Fan,1.0
Peak_Monsoon_1,7,A,Television,1.0
Peak_Monsoon_1,7,A,Iron,0.0
Peak_Monsoon_1,7,A,Refrigerator,0.25
Peak_Monsoon_1,7,A,Washing Machine,0.0
Peak_Monsoon_1,7,B,LED Light,1.0
Peak_Monsoon_1,7,B,Ceiling Fan,1.0
Peak_Monsoon_1,7,B,Television,1.0
Peak_Monsoon_1,7,B,Iron,0.0
Peak_Monsoon_1,7,B,Refrigerator,0.25
Peak_Monsoon_1,7,C,LED Light,0.0
Peak_Monsoon_1,7,C,Ceiling Fan,1.0
Peak_Monsoon_1,7,Misc,Hospital,1.0
Peak_Monsoon_1,7,Misc,Street Light,0.0
Peak_Monsoon_1,7,Misc,Cold Storage,2.0
Peak_Monsoon_1,7,Misc,School,1.0
Peak_Monsoon_1,7,Misc,Others,1.0
Peak_Monsoon_1,8,A,LED Light,1.0
Peak_Monsoon_1,8,A,Ceiling Fan,1.0
Peak_Monsoon_1,8,A,Television,1.0
Peak_Monsoon_1,8,A,Iron,0.0
Peak_Monsoon_1,8,A,Refrigerator,0.25
Peak_Monsoon_1,8,A,Washing Machine,0.0
Peak_Monsoon_1,8,B,LED Light,1.0
Peak_Monsoon_1,8,B,Ceiling Fan,1.0
Peak_Monsoon_1,8,B,Television,1.0
Peak_Monsoon_1,8,B,Iron,0.0
Peak_Monsoon_1,8,B,Refrigerator,0.25
Peak_Monsoon_1,8,C,LED Light,0.0
Peak_Monsoon_1,8,C,Ceiling Fan,1.0
Peak_Monsoon_1,8,Misc,Hospital,1.0
Peak_Monsoon_1,8,Misc,Street Light,0.0
Peak_Monsoon_1,8,Misc,Cold Storage,2.0
Peak_Monsoon_1,8,Misc,School,1.0
Peak_Monsoon_1,8,Misc,Others,1.0
Peak_Monsoon_1,9,A,LED Light,1.0
Peak_Monsoon_1,9,A,Ceiling Fan,0.0
Peak_Monsoon_1,9,A,Television,1.0
Peak_Monsoon_1,9,A,Iron,0.0
Peak_Monsoon_1,9,A,Refrigerator,0.25
Peak_Monsoon_1,9,A,Washing Machine,0.0
Peak_Monsoon_1,9,B,LED Light,1.0
Peak_Monsoon_1,9,B,Ceiling Fan,0.0
Peak_Monsoon_1,9,B,Television,1.0
Peak_Monsoon_1,9,B,Iron,0.0
Peak_Monsoon_1,9,B,Refrigerator,0.25
Peak_Monsoon_1,9,C,LED Light,0.0
Peak_Monsoon_1,9,C,Ceiling Fan,1.0
Peak_Monsoon_1,9,Misc,Hospital,1.0
Peak_Monsoon_1,9,Misc,Street Light,0.0
Peak_Monsoon_1,9,Misc,Cold Storage,1.0
Peak_Monsoon_1,9,Misc,School,1.0
Peak_Monsoon_1,9,Misc,Others,1.0
Peak_Monsoon_1,10,A,LED Light,1.0
Peak_Monsoon_1,10,A,Ceiling Fan,0.0
Peak_Monsoon_1,10,A,Television,1.0
Peak_Monsoon_1,10,A,Iron,0.0
Peak_Monsoon_1,10,A,Refrigerator,0.25
Peak_Monsoon_1,10,A,Washing Machine,0.0
Peak_Monsoon_1,10,B,LED Light,1.0
Peak_Monsoon_1,10,B,Ceiling Fan,0.0
Peak_Monsoon_1,10,B,Television,1.0
Peak_Monsoon_1,10,B,Iron,0.0
Peak_Monsoon_1,10,B,Refrigerator,0.25
Peak_Monsoon_1,10,C,LED Light,1.0
Peak_Monsoon_1,10,C,Ceiling Fan,1.0
Peak_Monsoon_1,10,Misc,Hospital,1.0
Peak_Monsoon_1,10,Misc,Street Light,0.0
Peak_Monsoon_1,10,Misc,Cold Storage,1.0
Peak_Monsoon_1,10,Misc,School,1.0
Peak_Monsoon_1,10,Misc,Others,1.0
Peak_Monsoon_1,11,A,LED Light,1.0
Peak_Monsoon_1,11,A,Ceiling Fan,0.0
Peak_Monsoon_1,11,A,Television,1.0
Peak_Monsoon_1,11,A,Iron,0.0
Peak_Monsoon_1,11,A,Refrigerator,0.25
Peak_Monsoon_1,11,A,Washing Machine,0.0
Peak_Monsoon_1,11,B,LED Light,1.0
Peak_Monsoon_1,11,B,Ceiling Fan,0.0
Peak_Monsoon_1,11,B,Television,1.0
Peak_Monsoon_1,11,B,Iron,0.0
Peak_Monsoon_1,11,B,Refrigerator,0.25
Peak_Monsoon_1,11,C,LED Light,1.0
Peak_Monsoon_1,11,C,Ceiling Fan,1.0
Peak_Monsoon_1,11,Misc,Hospital,1.0
Peak_Monsoon_1,11,Misc,Street Light,0.0
Peak_Monsoon_1,11,Misc,Cold Storage,1.0
Peak_Monsoon_1,11,Misc,School,0.75
Peak_Monsoon_1,11,Misc,Others,1.0
Peak_Monsoon_1,12,A,LED Light,1.0
Peak_Monsoon_1,12,A,Ceiling Fan,0.0
Peak_Monsoon_1,12,A,Television,0.0
Peak_Monsoon_1,12,A,Iron,0.0
Peak_Monsoon_1,12,A,Refrigerator,0.25
Peak_Monsoon_1,12,A,Washing Machine,0.0
Peak_Monsoon_1,12,B,LED Light,1.0
Peak_Monsoon_1,12,B,Ceiling Fan,0.0
Peak_Monsoon_1,12,B,Television,0.0
Peak_Monsoon_1,12,B,Iron,0.0
Peak_Monsoon_1,12,B,Refrigerator,0.25
Peak_Monsoon_1,12,C,LED Light,1.0
Peak_Monsoon_1,12,C,Ceiling Fan,1.0
Peak_Monsoon_1,12,Misc,Hospital,1.0
Peak_Monsoon_1,12,Misc,Street Light,0.0
Peak_Monsoon_1,12,Misc,Cold Storage,1.0
Peak_Monsoon_1,12,Misc,School,1.0
Peak_Monsoon_1,12,Misc,Others,1.0
Peak_Monsoon_1,13,A,LED Light,1.0
Peak_Monsoon_1,13,A,Ceiling Fan,0.0
Peak_Monsoon_1,13,A,Television,0.0
Peak_Monsoon_1,13,A,Iron,0.0
Peak_Monsoon_1,13,A,Refrigerator,0.25
Peak_Monsoon_1,13,A,Washing Machine,0.0
Peak_Monsoon_1,13,B,LED Light,1.0
Peak_Monsoon_1,13,B,Ceiling Fan,0.0
Peak_Monsoon_1,13,B,Television,0.0
Peak_Monsoon_1,13,B,Iron,0.0
Peak_Monsoon_1,13,B,Refrigerator,0.25
Peak_Monsoon_1,13,C,LED Light,1.0
Peak_Monsoon_1,13,C,Ceiling Fan,1.0
Peak_Monsoon_1,13,Misc,Hospital,1.0
Peak_Monsoon_1,13,Misc,Street Light,0.0
Peak_Monsoon_1,13,Misc,Cold Storage,0.0
Peak_Monsoon_1,13,Misc,School,1.0
Peak_Monsoon_1,13,Misc,Others,1.0
Peak_Monsoon_1,14,A,LED Light,1.0
Peak_Monsoon_1,14,A,Ceiling Fan,0.0
Peak_Monsoon_1,14,A,Television,0.0
Peak_Monsoon_1,14,A,Iron,0.0
Peak_Monsoon_1,14,A,Refrigerator,0.25
Peak_Monsoon_1,14,A,Washing Machine,0.0
Peak_Monsoon_1,14,B,LED Light,2.0
Peak_Monsoon_1,14,B,Ceiling Fan,0.0
Peak_Monsoon_1,14,B,Television,0.0
Peak_Monsoon_1,14,B,Iron,0.0
Peak_Monsoon_1,14,B,Refrigerator,0.25
Peak_Monsoon_1,14,C,LED Light,1.0
Peak_Monsoon_1,14,C,Ceiling Fan,1.0
Peak_Monsoon_1,14,Misc,Hospital,1.0
Peak_Monsoon_1,14,Misc,Street Light,0.0
Peak_Monsoon_1,14,Misc,Cold Storage,0.0
Peak_Monsoon_1,14,Misc,School,0.5
Peak_Monsoon_1,14,Misc,Others,1.0
Peak_Monsoon_1,15,A,LED Light,2.0
Peak_Monsoon_1,15,A,Ceiling Fan,0.0
Peak_Monsoon_1,15,A,Television,0.0
Peak_Monsoon_1,15,A,Iron,0.0
Peak_Monsoon_1,15,A,Refrigerator,0.25
Peak_Monsoon_1,15,A,Washing Machine,0.0
Peak_Monsoon_1,15,B,LED Light,2.0
Peak_Monsoon_1,15,B,Ceiling Fan,0.0
Peak_Monsoon_1,15,B,Television,0.0
Peak_Monsoon_1,15,B,Iron,1.0
Peak_Monsoon_1,15,B,Refrigerator,0.25
Peak_Monsoon_1,15,C,LED Light,1.0
Peak_Monsoon_1,15,C,Ceiling Fan,1.0
Peak_Monsoon_1,15,Misc,Hospital,1.0
Peak_Monsoon_1,15,Misc,Street Light,0.0
Peak_Monsoon_1,15,Misc,Cold Storage,0.0
Peak_Monsoon_1,15,Misc,School,0.5
Peak_Monsoon_1,15,Misc,Others,1.0
Peak_Monsoon_1,16,A,LED Light,2.0
Peak_Monsoon_1,16,A,Ceiling Fan,2.0
Peak_Monsoon_1,16,A,Television,1.0
Peak_Monsoon_1,16,A,Iron,0.0
Peak_Monsoon_1,16,A,Refrigerator,0.25
Peak_Monsoon_1,16,A,Washing Machine,0.0
Peak_Monsoon_1,16,B,LED Light,2.0
Peak_Monsoon_1,16,B,Ceiling Fan,1.0
Peak_Monsoon_1,16,B,Television,1.0
Peak_Monsoon_1,16,B,Iron,0.0
Peak_Monsoon_1,16,B,Refrigerator,0.25
Peak_Monsoon_1,16,C,LED Light,1.0
Peak_Monsoon_1,16,C,Ceiling Fan,1.0
Peak_Monsoon_1,16,Misc,Hospital,1.0
Peak_Monsoon_1,16,Misc,Street Light,5.0
Peak_Monsoon_1,16,Misc,Cold Storage,0.0
Peak_Monsoon_1,16,Misc,School,0.0
Peak_Monsoon_1,16,Misc,Others,1.0
Peak_Monsoon_1,17,A,LED Light,3.0
Peak_Monsoon_1,17,A,Ceiling Fan,2.0
Peak_Monsoon_1,17,A,Television,1.0
Peak_Monsoon_1,17,A,Iron,0.0
Peak_Monsoon_1,17,A,Refrigerator,0.25
Peak_Monsoon_1,17,A,Washing Machine,0.0
Peak_Monsoon_1,17,B,LED Light,2.0
Peak_Monsoon_1,17,B,Ceiling Fan,1.0
Peak_Monsoon_1,17,B,Television,1.0
Peak_Monsoon_1,17,B,Iron,0.0
Peak_Monsoon_1,17,B,Refrigerator,0.25
Peak_Monsoon_1,17,C,LED Light,2.0
Peak_Monsoon_1,17,C,Ceiling Fan,1.0
Peak_Monsoon_1,17,Misc,Hospital,1.0
Peak_Monsoon_1,17,Misc,Street Light,25.0
Peak_Monsoon_1,17,Misc,Cold Storage,0.0
Peak_Monsoon_1,17,Misc,School,0.0
Peak_Monsoon_1,17,Misc,Others,0.4
Peak_Monsoon_1,18,A,LED Light,4.0
Peak_Monsoon_1,18,A,Ceiling Fan,3.0
Peak_Monsoon_1,18,A,Television,1.0
Peak_Monsoon_1,18,A,Iron,0.0
Peak_Monsoon_1,18,A,Refrigerator,0.25
Peak_Monsoon_1,18,A,Washing Machine,0.0
Peak_Monsoon_1,18,B,LED Light,3.0
Peak_Monsoon_1,18,B,Ceiling Fan,1.0
Peak_Monsoon_1,18,B,Television,1.0
Peak_Monsoon_1,18,B,Iron,0.0
Peak_Monsoon_1,18,B,Refrigerator,0.25
Peak_Monsoon_1,18,C,LED Light,2.0
Peak_Monsoon_1,18,C,Ceiling Fan,1.0
Peak_Monsoon_1,18,Misc,Hospital,1.0
Peak_Monsoon_1,18,Misc,Street Light,35.0
Peak_Monsoon_1,18,Misc,Cold Storage,0.0
Peak_Monsoon_1,18,Misc,School,0.0
Peak_Monsoon_1,18,Misc,Others,0.4
Peak_Monsoon_1,19,A,LED Light,5.0
Peak_Monsoon_1,19,A,Ceiling Fan,3.0
Peak_Monsoon_1,19,A,Television,1.0
Peak_Monsoon_1,19,A,Iron,0.0
Peak_Monsoon_1,19,A,Refrigerator,0.25
Peak_Monsoon_1,19,A,Washing Machine,0.0
Peak_Monsoon_1,19,B,LED Light,3.0
Peak_Monsoon_1,19,B,Ceiling Fan,1.0
Peak_Monsoon_1,19,B,Television,1.0
Peak_Monsoon_1,19,B,Iron,0.0
Peak_Monsoon_1,19,B,Refrigerator,0.25
Peak_Monsoon_1,19,C,LED Light,1.0
Peak_Monsoon_1,19,C,Ceiling Fan,1.0
Peak_Monsoon_1,19,Misc,Hospital,1.0
Peak_Monsoon_1,19,Misc,Street Light,40.0
Peak_Monsoon_1,19,Misc,Cold Storage,0.0
Peak_Monsoon_1,19,Misc,School,0.0
Peak_Monsoon_1,19,Misc,Others,0.3
Peak_Monsoon_1,20,A,LED Light,5.0
Peak_Monsoon_1,20,A,Ceiling Fan,2.0
Peak_Monsoon_1,20,A,Television,1.0
Peak_Monsoon_1,20,A,Iron,0.0
Peak_Monsoon_1,20,A,Refrigerator,0.25
Peak_Monsoon_1,20,A,Washing Machine,0.0
Peak_Monsoon_1,20,B,LED Light,3.0
Peak_Monsoon_1,20,B,Ceiling Fan,1.0
Peak_Monsoon_1,20,B,Television,1.0
Peak_Monsoon_1,20,B,Iron,0.0
Peak_Monsoon_1,20,B,Refrigerator,0.25
Peak_Monsoon_1,20,C,LED Light,1.0
Peak_Monsoon_1,20,C,Ceiling Fan,1.0
Peak_Monsoon_1,20,Misc,Hospital,1.0
Peak_Monsoon_1,20,Misc,Street Light,50.0
Peak_Monsoon_1,20,Misc,Cold Storage,0.0
Peak_Monsoon_1,20,Misc,School,0.0
Peak_Monsoon_1,20,Misc,Others,0.3
Peak_Monsoon_1,21,A,LED Light,3.0
Peak_Monsoon_1,21,A,Ceiling Fan,2.0
Peak_Monsoon_1,21,A,Television,1.0
Peak_Monsoon_1,21,A,Iron,0.0
Peak_Monsoon_1,21,A,Refrigerator,0.25
Peak_Monsoon_1,21,A,Washing Machine,0.0
Peak_Monsoon_1,21,B,LED Light,2.0
Peak_Monsoon_1,21,B,Ceiling Fan,1.0
Peak_Monsoon_1,21,B,Television,1.0
Peak_Monsoon_1,21,B,Iron,0.0
Peak_Monsoon_1,21,B,Refrigerator,0.25
Peak_Monsoon_1,21,C,LED Light,1.0
Peak_Monsoon_1,21,C,Ceiling Fan,1.0
Peak_Monsoon_1,21,Misc,Hospital,0.7
Peak_Monsoon_1,21,Misc,Street Light,50.0
Peak_Monsoon_1,21,Misc,Cold Storage,0.0
Peak_Monsoon_1,21,Misc,School,0.0
Peak_Monsoon_1,21,Misc,Others,0.2
Peak_Monsoon_1,22,A,LED Light,3.0
Peak_Monsoon_1,22,A,Ceiling Fan,1.0
Peak_Monsoon_1,22,A,Television,0.0
Peak_Monsoon_1,22,A,Iron,0.0
Peak_Monsoon_1,22,A,Refrigerator,0.25
Peak_Monsoon_1,22,A,Washing Machine,0.0
Peak_Monsoon_1,22,B,LED Light,2.0
Peak_Monsoon_1,22,B,Ceiling Fan,1.0
Peak_Monsoon_1,22,B,Television,0.0
Peak_Monsoon_1,22,B,Iron,0.0
Peak_Monsoon_1,22,B,Refrigerator,0.25
Peak_Monsoon_1,22,C,LED Light,0.0
Peak_Monsoon_1,22,C,Ceiling Fan,1.0
Peak_Monsoon_1,22,Misc,Hospital,0.7
Peak_Monsoon_1,22,Misc,Street Light,50.0
Peak_Monsoon_1,22,Misc,Cold Storage,0.0
Peak_Monsoon_1,22,Misc,School,0.0
Peak_Monsoon_1,22,Misc,Others,0.2
Peak_Monsoon_1,23,A,LED Light,1.0
Peak_Monsoon_1,23,A,Ceiling Fan,1.0
Peak_Monsoon_1,23,A,Television,0.0
Peak_Monsoon_1,23,A,Iron,0.0
Peak_Monsoon_1,23,A,Refrigerator,0.25
Peak_Monsoon_1,23,A,Washing Machine,0.0
Peak_Monsoon_1,23,B,LED Light,0.0
Peak_Monsoon_1,23,B,Ceiling Fan,1.0
Peak_Monsoon_1,23,B,Television,0.0
Peak_Monsoon_1,23,B,Iron,0.0
Peak_Monsoon_1,23,B,Refrigerator,0.25
Peak_Monsoon_1,23,C,LED Light,0.0
Peak_Monsoon_1,23,C,Ceiling Fan,1.0
Peak_Monsoon_1,23,Misc,Hospital,0.7
Peak_Monsoon_1,23,Misc,Street Light,50.0
Peak_Monsoon_1,23,Misc,Cold Storage,1.0
Peak_Monsoon_1,23,Misc,School,0.0
Peak_Monsoon_1,23,Misc,Others,0.2
Peak_Monsoon_2,0,A,LED Light,1.0
Peak_Monsoon_2,0,A,Ceiling Fan,1.0
Peak_Monsoon_2,0,A,Television,0.0
Peak_Monsoon_2,0,A,Iron,0.0
Peak_Monsoon_2,0,A,Refrigerator,0.25
Peak_Monsoon_2,0,A,Washing Machine,0.0
Peak_Monsoon_2,0,B,LED Light,0.0
Peak_Monsoon_2,0,B,Ceiling Fan,0.0
Peak_Monsoon_2,0,B,Television,0.0
Peak_Monsoon_2,0,B,Iron,0.0
Peak_Monsoon_2,0,B,Refrigerator,0.25
Peak_Monsoon_2,0,C,LED Light,0.0
Peak_Monsoon_2,0,C,Ceiling Fan,1.0
Peak_Monsoon_2,0,Misc,Hospital,0.7
Peak_Monsoon_2,0,Misc,Street Light,35.0
Peak_Monsoon_2,0,Misc,Cold Storage,1.0
Peak_Monsoon_2,0,Misc,School,0.0
Peak_Monsoon_2,0,Misc,Others,0.2
Peak_Monsoon_2,1,A,LED Light,1.0
Peak_Monsoon_2,1,A,Ceiling Fan,1.0
Peak_Monsoon_2,1,A,Television,0.0
Peak_Monsoon_2,1,A,Iron,0.0
Peak_Monsoon_2,1,A,Refrigerator,0.25
Peak_Monsoon_2,1,A,Washing Machine,0.0
Peak_Monsoon_2,1,B,LED Light,0.0
Peak_Monsoon_2,1,B,Ceiling Fan,0.0
Peak_Monsoon_2,1,B,Television,0.0
Peak_Monsoon_2,1,B,Iron,0.0
Peak_Monsoon_2,1,B,Refrigerator,0.25
Peak_Monsoon_2,1,C,LED Light,0.0
Peak_Monsoon_2,1,C,Ceiling Fan,1.0
Peak_Monsoon_2,1,Misc,Hospital,0.7
Peak_Monsoon_2,1,Misc,Street Light,35.0
Peak_Monsoon_2,1,Misc,Cold Storage,1.0
Peak_Monsoon_2,1,Misc,School,0.0
Peak_Monsoon_2,1,Misc,Others,0.2
Peak_Monsoon_2,2,A,LED Light,1.0
Peak_Monsoon_2,2,A,Ceiling Fan,1.0
Peak_Monsoon_2,2,A,Television,0.0
Peak_Monsoon_2,2,A,Iron,0.0
Peak_Monsoon_2,2,A,Refrigerator,0.25
Peak_Monsoon_2,2,A,Washing Machine,0.0
Peak_Monsoon_2,2,B,LED Light,0.0
Peak_Monsoon_2,2,B,Ceiling Fan,0.0
Peak_Monsoon_2,2,B,Television,0.0
Peak_Monsoon_2,2,B,Iron,0.0
Peak_Monsoon_2,2,B,Refrigerator,0.25
Peak_Monsoon_2,2,C,LED Light,0.0
Peak_Monsoon_2,2,C,Ceiling Fan,1.0
Peak_Monsoon_2,2,Misc,Hospital,0.7
Peak_Monsoon_2,2,Misc,Street Light,35.0
Peak_Monsoon_2,2,Misc,Cold Storage,1.0
Peak_Monsoon_2,2,Misc,School,0.0
Peak_Monsoon_2,2,Misc,Others,0.2
Peak_Monsoon_2,3,A,LED Light,1.0
Peak_Monsoon_2,3,A,Ceiling Fan,2.0
Peak_Monsoon_2,3,A,Television,0.0
Peak_Monsoon_2,3,A,Iron,0.0
Peak_Monsoon_2,3,A,Refrigerator,0.25
Peak_Monsoon_2,3,A,Washing Machine,0.0
Peak_Monsoon_2,3,B,LED Light,0.0
Peak_Monsoon_2,3,B,Ceiling Fan,1.0
Peak_Monsoon_2,3,B,Television,0.0
Peak_Monsoon_2,3,B,Iron,0.0
Peak_Monsoon_2,3,B,Refrigerator,0.25
Peak_Monsoon_2,3,C,LED Light,0.0
Peak_Monsoon_2,3,C,Ceiling Fan,1.0
Peak_Monsoon_2,3,Misc,Hospital,0.7
Peak_Monsoon_2,3,Misc,Street Light,20.0
Peak_Monsoon_2,3,Misc,Cold Storage,2.0
Peak_Monsoon_2,3,Misc,School,0.0
Peak_Monsoon_2,3,Misc,Others,0.2
Peak_Monsoon_2,4,A,LED Light,1.0
Peak_Monsoon_2,4,A,Ceiling Fan,2.0
Peak_Monsoon_2,4,A,Television,0.0
Peak_Monsoon_2,4,A,Iron,0.0
Peak_Monsoon_2,4,A,Refrigerator,0.25
Peak_Monsoon_2,4,A,Washing Machine,0.0
Peak_Monsoon_2,4,B,LED Light,0.0
Peak_Monsoon_2,4,B,Ceiling Fan,1.0
Peak_Monsoon_2,4,B,Television,0.0
Peak_Monsoon_2,4,B,Iron,0.0
Peak_Monsoon_2,4,B,Refrigerator,0.25
Peak_Monsoon_2,4,C,LED Light,0.0
Peak_Monsoon_2,4,C,Ceiling Fan,1.0
Peak_Monsoon_2,4,Misc,Hospital,0.7
Peak_Monsoon_2,4,Misc,Street Light,10.0
Peak_Monsoon_2,4,Misc,Cold Storage,2.0
Peak_Monsoon_2,4,Misc,School,0.0
Peak_Monsoon_2,4,Misc,Others,0.2
Peak_Monsoon_2,5,A,LED Light,2.0
Peak_Monsoon_2,5,A,Ceiling Fan,2.0
Peak_Monsoon_2,5,A,Television,0.0
Peak_Monsoon_2,5,A,Iron,0.0
Peak_Monsoon_2,5,A,Refrigerator,0.25
Peak_Monsoon_2,5,A,Washing Machine,0.0
Peak_Monsoon_2,5,B,LED Light,0.0
Peak_Monsoon_2,5,B,Ceiling Fan,1.0
Peak_Monsoon_2,5,B,Television,0.0
Peak_Monsoon_2,5,B,Iron,0.0
Peak_Monsoon_2,5,B,Refrigerator,0.25
Peak_Monsoon_2,5,C,LED Light,1.0
Peak_Monsoon_2,5,C,Ceiling Fan,1.0
Peak_Monsoon_2,5,Misc,Hospital,0.7
Peak_Monsoon_2,5,Misc,Street Light,5.0
Peak_Monsoon_2,5,Misc,Cold Storage,2.0
Peak_Monsoon_2,5,Misc,School,0.0
Peak_Monsoon_2,5,Misc,Others,0.2
Peak_Monsoon_2,6,A,LED Light,1.0
Peak_Monsoon_2,6,A,Ceiling Fan,1.0
Peak_Monsoon_2,6,A,Television,1.0
Peak_Monsoon_2,6,A,Iron,0.0
Peak_Monsoon_2,6,A,Refrigerator,0.25
Peak_Monsoon_2,6,A,Washing Machine,0.0
Peak_Monsoon_2,6,B,LED Light,1.0
Peak_Monsoon_2,6,B,Ceiling Fan,1.0
Peak_Monsoon_2,6,B,Television,1.0
Peak_Monsoon_2,6,B,Iron,0.0
Peak_Monsoon_2,6,B,Refrigerator,0.25
Peak_Monsoon_2,6,C,LED Light,0.0
Peak_Monsoon_2,6,C,Ceiling Fan,1.0
Peak_Monsoon_2,6,Misc,Hospital,0.7
Peak_Monsoon_2,6,Misc,Street Light,0.0
Peak_Monsoon_2,6,Misc,Cold Storage,2.0
Peak_Monsoon_2,6,Misc,School,1.0
Peak_Monsoon_2,6,Misc,Others,0.2
Peak_Monsoon_2,7,A,LED Light,1.0
Peak_Monsoon_2,7,A,Ceiling Fan,1.0
Peak_Monsoon_2,7,A,Television,1.0
Peak_Monsoon_2,7,A,Iron,0.0
Peak_Monsoon_2,7,A,Refrigerator,0.25
Peak_Monsoon_2,7,A,Washing Machine,0.0
Peak_Monsoon_2,7,B,LED Light,1.0
Peak_Monsoon_2,7,B,Ceiling Fan,1.0
Peak_Monsoon_2,7,B,Television,1.0
Peak_Monsoon_2,7,B,Iron,0.0
Peak_Monsoon_2,7,B,Refrigerator,0.25
Peak_Monsoon_2,7,C,LED Light,0.0
Peak_Monsoon_2,7,C,Ceiling Fan,1.0
Peak_Monsoon_2,7,Misc,Hospital,1.0
Peak_Monsoon_2,7,Misc,Street Light,0.0
Peak_Monsoon_2,7,Misc,Cold Storage,2.0
Peak_Monsoon_2,7,Misc,School,1.0
Peak_Monsoon_2,7,Misc,Others,1.0
Peak_Monsoon_2,8,A,LED Light,1.0
Peak_Monsoon_2,8,A,Ceiling Fan,1.0
Peak_Monsoon_2,8,A,Television,1.0
Peak_Monsoon_2,8,A,Iron,0.0
Peak_Monsoon_2,8,A,Refrigerator,0.25
Peak_Monsoon_2,8,A,Washing Machine,0.0
Peak_Monsoon_2,8,B,LED Light,1.0
Peak_Monsoon_2,8,B,Ceiling Fan,1.0
Peak_Monsoon_2,8,B,Television,1.0
Peak_Monsoon_2,8,B,Iron,0.0
Peak_Monsoon_2,8,B,Refrigerator,0.25
Peak_Monsoon_2,8,C,LED Light,0.0
Peak_Monsoon_2,8,C,Ceiling Fan,1.0
Peak_Monsoon_2,8,Misc,Hospital,1.0
Peak_Monsoon_2,8,Misc,Street Light,0.0
Peak_Monsoon_2,8,Misc,Cold Storage,2.0
Peak_Monsoon_2,8,Misc,School,1.0
Peak_Monsoon_2,8,Misc,Others,1.0
Peak_Monsoon_2,9,A,LED Light,1.0
Peak_Monsoon_2,9,A,Ceiling Fan,0.0
Peak_Monsoon_2,9,A,Television,1.0
Peak_Monsoon_2,9,A,Iron,0.0
Peak_Monsoon_2,9,A,Refrigerator,0.25
Peak_Monsoon_2,9,A,Washing Machine,0.0
Peak_Monsoon_2,9,B,LED Light,1.0
Peak_Monsoon_2,9,B,Ceiling Fan,0.0
Peak_Monsoon_2,9,B,Television,1.0
Peak_Monsoon_2,9,B,Iron,0.0
Peak_Monsoon_2,9,B,Refrigerator,0.25
Peak_Monsoon_2,9,C,LED Light,0.0
Peak_Monsoon_2,9,C,Ceiling Fan,1.0
Peak_Monsoon_2,9,Misc,Hospital,1.0
Peak_Monsoon_2,9,Misc,Street Light,0.0
Peak_Monsoon_2,9,Misc,Cold Storage,1.0
Peak_Monsoon_2,9,Misc,School,1.0
Peak_Monsoon_2,9,Misc,Others,1.0
Peak_Monsoon_2,10,A,LED Light,1.0
Peak_Monsoon_2,10,A,Ceiling Fan,0.0
Peak_Monsoon_2,10,A,Television,1.0
Peak_Monsoon_2,10,A,Iron,0.0
Peak_Monsoon_2,10,A,Refrigerator,0.25
Peak_Monsoon_2,10,A,Washing Machine,0.0
Peak_Monsoon_2,10,B,LED Light,1.0
Peak_Monsoon_2,10,B,Ceiling Fan,0.0
Peak_Monsoon_2,10,B,Television,1.0
Peak_Monsoon_2,10,B,Iron,0.0
Peak_Monsoon_2,10,B,Refrigerator,0.25
Peak_Monsoon_2,10,C,LED Light,1.0
Peak_Monsoon_2,10,C,Ceiling Fan,1.0
Peak_Monsoon_2,10,Misc,Hospital,1.0
Peak_Monsoon_2,10,Misc,Street Light,0.0
Peak_Monsoon_2,10,Misc,Cold Storage,1.0
Peak_Monsoon_2,10,Misc,School,1.0
Peak_Monsoon_2,10,Misc,Others,1.0
Peak_Monsoon_2,11,A,LED Light,1.0
Peak_Monsoon_2,11,A,Ceiling Fan,0.0
Peak_Monsoon_2,11,A,Television,1.0
Peak_Monsoon_2,11,A,Iron,0.0
Peak_Monsoon_2,11,A,Refrigerator,0.25
Peak_Monsoon_2,11,A,Washing Machine,0.0
Peak_Monsoon_2,11,B,LED Light,1.0
Peak_Monsoon_2,11,B,Ceiling Fan,0.0
Peak_Monsoon_2,11,B,Television,1.0
Peak_Monsoon_2,11,B,Iron,0.0
Peak_Monsoon_2,11,B,Refrigerator,0.25
Peak_Monsoon_2,11,C,LED Light,1.0
Peak_Monsoon_2,11,C,Ceiling Fan,1.0
Peak_Monsoon_2,11,Misc,Hospital,1.0
Peak_Monsoon_2,11,Misc,Street Light,0.0
Peak_Monsoon_2,11,Misc,Cold Storage,1.0
Peak_Monsoon_2,11,Misc,School,0.75
Peak_Monsoon_2,11,Misc,Others,1.0
Peak_Monsoon_2,12,A,LED Light,1.0
Peak_Monsoon_2,12,A,Ceiling Fan,0.0
Peak_Monsoon_2,12,A,Television,0.0
Peak_Monsoon_2,12,A,Iron,0.0
Peak_Monsoon_2,12,A,Refrigerator,0.25
Peak_Monsoon_2,12,A,Washing Machine,0.0
Peak_Monsoon_2,12,B,LED Light,1.0
Peak_Monsoon_2,12,B,Ceiling Fan,0.0
Peak_Monsoon_2,12,B,Television,0.0
Peak_Monsoon_2,12,B,Iron,0.0
Peak_Monsoon_2,12,B,Refrigerator,0.25
Peak_Monsoon_2,12,C,LED Light,1.0
Peak_Monsoon_2,12,C,Ceiling Fan,1.0
Peak_Monsoon_2,12,Misc,Hospital,1.0
Peak_Monsoon_2,12,Misc,Street Light,0.0
Peak_Monsoon_2,12,Misc,Cold Storage,1.0
Peak_Monsoon_2,12,Misc,School,1.0
Peak_Monsoon_2,12,Misc,Others,1.0
Peak_Monsoon_2,13,A,LED Light,1.0
Peak_Monsoon_2,13,A,Ceiling Fan,0.0
Peak_Monsoon_2,13,A,Television,0.0
Peak_Monsoon_2,13,A,Iron,0.0
Peak_Monsoon_2,13,A,Refrigerator,0.25
Peak_Monsoon_2,13,A,Washing Machine,0.0
Peak_Monsoon_2,13,B,LED Light,1.0
Peak_Monsoon_2,13,B,Ceiling Fan,0.0
Peak_Monsoon_2,13,B,Television,0.0
Peak_Monsoon_2,13,B,Iron,0.0
Peak_Monsoon_2,13,B,Refrigerator,0.25
Peak_Monsoon_2,13,C,LED Light,1.0
Peak_Monsoon_2,13,C,Ceiling Fan,1.0
Peak_Monsoon_2,13,Misc,Hospital,1.0
Peak_Monsoon_2,13,Misc,Street Light,0.0
Peak_Monsoon_2,13,Misc,Cold Storage,0.0
Peak_Monsoon_2,13,Misc,School,1.0
Peak_Monsoon_2,13,Misc,Others,1.0
Peak_Monsoon_2,14,A,LED Light,1.0
Peak_Monsoon_2,14,A,Ceiling Fan,0.0
Peak_Monsoon_2,14,A,Television,0.0
Peak_Monsoon_2,14,A,Iron,0.0
Peak_Monsoon_2,14,A,Refrigerator,0.25
Peak_Monsoon_2,14,A,Washing Machine,0.0
Peak_Monsoon_2,14,B,LED Light,2.0
Peak_Monsoon_2,14,B,Ceiling Fan,0.0
Peak_Monsoon_2,14,B,Television,0.0
Peak_Monsoon_2,14,B,Iron,0.0
Peak_Monsoon_2,14,B,Refrigerator,0.25
Peak_Monsoon_2,14,C,LED Light,1.0
Peak_Monsoon_2,14,C,Ceiling Fan,1.0
Peak_Monsoon_2,14,Misc,Hospital,1.0
Peak_Monsoon_2,14,Misc,Street Light,0.0
Peak_Monsoon_2,14,Misc,Cold Storage,0.0
Peak_Monsoon_2,14,Misc,School,0.5
Peak_Monsoon_2,14,Misc,Others,1.0
Peak_Monsoon_2,15,A,LED Light,2.0
Peak_Monsoon_2,15,A,Ceiling Fan,0.0
Peak_Monsoon_2,15,A,Television,0.0
Peak_Monsoon_2,15,A,Iron,0.0
Peak_Monsoon_2,15,A,Refrigerator,0.25
Peak_Monsoon_2,15,A,Washing Machine,0.0
Peak_Monsoon_2,15,B,LED Light,2.0
Peak_Monsoon_2,15,B,Ceiling Fan,0.0
Peak_Monsoon_2,15,B,Television,0.0
Peak_Monsoon_2,15,B,Iron,1.0
Peak_Monsoon_2,15,B,Refrigerator,0.25
Peak_Monsoon_2,15,C,LED Light,1.0
Peak_Monsoon_2,15,C,Ceiling Fan,1.0
Peak_Monsoon_2,15,Misc,Hospital,1.0
Peak_Monsoon_2,15,Misc,Street Light,0.0
Peak_Monsoon_2,15,Misc,Cold Storage,0.0
Peak_Monsoon_2,15,Misc,School,0.5
Peak_Monsoon_2,15,Misc,Others,1.0
Peak_Monsoon_2,16,A,LED Light,2.0
Peak_Monsoon_2,16,A,Ceiling Fan,2.0
Peak_Monsoon_2,16,A,Television,1.0
Peak_Monsoon_2,16,A,Iron,0.0
Peak_Monsoon_2,16,A,Refrigerator,0.25
Peak_Monsoon_2,16,A,Washing Machine,0.0
Peak_Monsoon_2,16,B,LED Light,2.0
Peak_Monsoon_2,16,B,Ceiling Fan,1.0
Peak_Monsoon_2,16,B,Television,1.0
Peak_Monsoon_2,16,B,Iron,0.0
Peak_Monsoon_2,16,B,Refrigerator,0.25
Peak_Monsoon_2,16,C,LED Light,1.0
Peak_Monsoon_2,16,C,Ceiling Fan,1.0
Peak_Monsoon_2,16,Misc,Hospital,1.0
Peak_Monsoon_2,16,Misc,Street Light,5.0
Peak_Monsoon_2,16,Misc,Cold Storage,0.0
Peak_Monsoon_2,16,Misc,School,0.0
Peak_Monsoon_2,16,Misc,Others,1.0
Peak_Monsoon_2,17,A,LED Light,3.0
Peak_Monsoon_2,17,A,Ceiling Fan,2.0
Peak_Monsoon_2,17,A,Television,1.0
Peak_Monsoon_2,17,A,Iron,0.0
Peak_Monsoon_2,17,A,Refrigerator,0.25
Peak_Monsoon_2,17,A,Washing Machine,0.0
Peak_Monsoon_2,17,B,LED Light,2.0
Peak_Monsoon_2,17,B,Ceiling Fan,1.0
Peak_Monsoon_2,17,B,Television,1.0
Peak_Monsoon_2,17,B,Iron,0.0
Peak_Monsoon_2,17,B,Refrigerator,0.25
Peak_Monsoon_2,17,C,LED Light,2.0
Peak_Monsoon_2,17,C,Ceiling Fan,1.0
Peak_Monsoon_2,17,Misc,Hospital,1.0
Peak_Monsoon_2,17,Misc,Street Light,25.0
Peak_Monsoon_2,17,Misc,Cold Storage,0.0
Peak_Monsoon_2,17,Misc,School,0.0
Peak_Monsoon_2,17,Misc,Others,0.4
Peak_Monsoon_2,18,A,LED Light,4.0
Peak_Monsoon_2,18,A,Ceiling Fan,3.0
Peak_Monsoon_2,18,A,Television,1.0
Peak_Monsoon_2,18,A,Iron,0.0
Peak_Monsoon_2,18,A,Refrigerator,0.25
Peak_Monsoon_2,18,A,Washing Machine,0.0
Peak_Monsoon_2,18,B,LED Light,3.0
Peak_Monsoon_2,18,B,Ceiling Fan,1.0
Peak_Monsoon_2,18,B,Television,1.0
Peak_Monsoon_2,18,B,Iron,0.0
Peak_Monsoon_2,18,B,Refrigerator,0.25
Peak_Monsoon_2,18,C,LED Light,2.0
Peak_Monsoon_2,18,C,Ceiling Fan,1.0
Peak_Monsoon_2,18,Misc,Hospital,1.0
Peak_Monsoon_2,18,Misc,Street Light,35.0
Peak_Monsoon_2,18,Misc,Cold Storage,0.0
Peak_Monsoon_2,18,Misc,School,0.0
Peak_Monsoon_2,18,Misc,Others,0.4
Peak_Monsoon_2,19,A,LED Light,5.0
Peak_Monsoon_2,19,A,Ceiling Fan,3.0
Peak_Monsoon_2,19,A,Television,1.0
Peak_Monsoon_2,19,A,Iron,0.0
Peak_Monsoon_2,19,A,Refrigerator,0.25
Peak_Monsoon_2,19,A,Washing Machine,0.0
Peak_Monsoon_2,19,B,LED Light,3.0
Peak_Monsoon_2,19,B,Ceiling Fan,1.0
Peak_Monsoon_2,19,B,Television,1.0
Peak_Monsoon_2,19,B,Iron,0.0
Peak_Monsoon_2,19,B,Refrigerator,0.25
Peak_Monsoon_2,19,C,LED Light,1.0
Peak_Monsoon_2,19,C,Ceiling Fan,1.0
Peak_Monsoon_2,19,Misc,Hospital,1.0
Peak_Monsoon_2,19,Misc,Street Light,40.0
Peak_Monsoon_2,19,Misc,Cold Storage,0.0
Peak_Monsoon_2,19,Misc,School,0.0
Peak_Monsoon_2,19,Misc,Others,0.3
Peak_Monsoon_2,20,A,LED Light,5.0
Peak_Monsoon_2,20,A,Ceiling Fan,2.0
Peak_Monsoon_2,20,A,Television,1.0
Peak_Monsoon_2,20,A,Iron,0.0
Peak_Monsoon_2,20,A,Refrigerator,0.25
Peak_Monsoon_2,20,A,Washing Machine,0.0
Peak_Monsoon_2,20,B,LED Light,3.0
Peak_Monsoon_2,20,B,Ceiling Fan,1.0
Peak_Monsoon_2,20,B,Television,1.0
Peak_Monsoon_2,20,B,Iron,0.0
Peak_Monsoon_2,20,B,Refrigerator,0.25
Peak_Monsoon_2,20,C,LED Light,1.0
Peak_Monsoon_2,20,C,Ceiling Fan,1.0
Peak_Monsoon_2,20,Misc,Hospital,1.0
Peak_Monsoon_2,20,Misc,Street Light,50.0
Peak_Monsoon_2,20,Misc,Cold Storage,0.0
Peak_Monsoon_2,20,Misc,School,0.0
Peak_Monsoon_2,20,Misc,Others,0.3
Peak_Monsoon_2,21,A,LED Light,3.0
Peak_Monsoon_2,21,A,Ceiling Fan,2.0
Peak_Monsoon_2,21,A,Television,1.0
Peak_Monsoon_2,21,A,Iron,0.0
Peak_Monsoon_2,21,A,Refrigerator,0.25
Peak_Monsoon_2,21,A,Washing Machine,0.0
Peak_Monsoon_2,21,B,LED Light,2.0
Peak_Monsoon_2,21,B,Ceiling Fan,1.0
Peak_Monsoon_2,21,B,Television,1.0
Peak_Monsoon_2,21,B,Iron,0.0
Peak_Monsoon_2,21,B,Refrigerator,0.25
Peak_Monsoon_2,21,C,LED Light,1.0
Peak_Monsoon_2,21,C,Ceiling Fan,1.0
Peak_Monsoon_2,21,Misc,Hospital,0.7
Peak_Monsoon_2,21,Misc,Street Light,50.0
Peak_Monsoon_2,21,Misc,Cold Storage,0.0
Peak_Monsoon_2,21,Misc,School,0.0
Peak_Monsoon_2,21,Misc,Others,0.2
Peak_Monsoon_2,22,A,LED Light,3.0
Peak_Monsoon_2,22,A,Ceiling Fan,1.0
Peak_Monsoon_2,22,A,Television,0.0
Peak_Monsoon_2,22,A,Iron,0.0
Peak_Monsoon_2,22,A,Refrigerator,0.25
Peak_Monsoon_2,22,A,Washing Machine,0.0
Peak_Monsoon_2,22,B,LED Light,2.0
Peak_Monsoon_2,22,B,Ceiling Fan,1.0
Peak_Monsoon_2,22,B,Television,0.0
Peak_Monsoon_2,22,B,Iron,0.0
Peak_Monsoon_2,22,B,Refrigerator,0.25
Peak_Monsoon_2,22,C,LED Light,0.0
Peak_Monsoon_2,22,C,Ceiling Fan,1.0
Peak_Monsoon_2,22,Misc,Hospital,0.7
Peak_Monsoon_2,22,Misc,Street Light,50.0
Peak_Monsoon_2,22,Misc,Cold Storage,0.0
Peak_Monsoon_2,22,Misc,School,0.0
Peak_Monsoon_2,22,Misc,Others,0.2
Peak_Monsoon_2,23,A,LED Light,1.0
Peak_Monsoon_2,23,A,Ceiling Fan,1.0
Peak_Monsoon_2,23,A,Television,0.0
Peak_Monsoon_2,23,A,Iron,0.0
Peak_Monsoon_2,23,A,Refrigerator,0.25
Peak_Monsoon_2,23,A,Washing Machine,0.0
Peak_Monsoon_2,23,B,LED Light,0.0
Peak_Monsoon_2,23,B,Ceiling Fan,1.0
Peak_Monsoon_2,23,B,Television,0.0
Peak_Monsoon_2,23,B,Iron,0.0
Peak_Monsoon_2,23,B,Refrigerator,0.25
Peak_Monsoon_2,23,C,LED Light,0.0
Peak_Monsoon_2,23,C,Ceiling Fan,1.0
Peak_Monsoon_2,23,Misc,Hospital,0.7
Peak_Monsoon_2,23,Misc,Street Light,50.0
Peak_Monsoon_2,23,Misc,Cold Storage,1.0
Peak_Monsoon_2,23,Misc,School,0.0
Peak_Monsoon_2,23,Misc,Others,0.2
Peak_Monsoon_Weekend,0,A,LED Light,1.0
Peak_Monsoon_Weekend,0,A,Ceiling Fan,1.0
Peak_Monsoon_Weekend,0,A,Television,1.0
Peak_Monsoon_Weekend,0,A,Iron,0.0
Peak_Monsoon_Weekend,0,A,Refrigerator,0.25
Peak_Monsoon_Weekend,0,A,Washing Machine,0.0
Peak_Monsoon_Weekend,0,B,LED Light,0.0
Peak_Monsoon_Weekend,0,B,Ceiling Fan,1.0
Peak_Monsoon_Weekend,0,B,Television,1.0
Peak_Monsoon_Weekend,0,B,Iron,0.0
Peak_Monsoon_Weekend,0,B,Refrigerator,0.25
Peak_Monsoon_Weekend,0,C,LED Light,1.0
Peak_Monsoon_Weekend,0,C,Ceiling Fan,1.0
Peak_Monsoon_Weekend,0,Misc,Hospital,0.2
Peak_Monsoon_Weekend,0,Misc,Street Light,35.0
Peak_Monsoon_Weekend,0,Misc,Cold Storage,1.0
Peak_Monsoon_Weekend,0,Misc,School,0.0
Peak_Monsoon_Weekend,0,Misc,Others,0.3
Peak_Monsoon_Weekend,1,A,LED Light,1.0
Peak_Monsoon_Weekend,1,A,Ceiling Fan,1.0
Peak_Monsoon_Weekend,1,A,Television,1.0
Peak_Monsoon_Weekend,1,A,Iron,0.0
Peak_Monsoon_Weekend,1,A,Refrigerator,0.25
Peak_Monsoon_Weekend,1,A,Washing Machine,0.0
Peak_Monsoon_Weekend,1,B,LED Light,0.0
Peak_Monsoon_Weekend,1,B,Ceiling Fan,1.0
Peak_Monsoon_Weekend,1,B,Television,0.0
Peak_Monsoon_Weekend,1,B,Iron,0.0
Peak_Monsoon_Weekend,1,B,Refrigerator,0.25
Peak_Monsoon_Weekend,1,C,LED Light,1.0
Peak_Monsoon_Weekend,1,C,Ceiling Fan,1.0
Peak_Monsoon_Weekend,1,Misc,Hospital,0.2
Peak_Monsoon_Weekend,1,Misc,Street Light,35.0
Peak_Monsoon_Weekend,1,Misc,Cold Storage,1.0
Peak_Monsoon_Weekend,1,Misc,School,0.0
Peak_Monsoon_Weekend,1,Misc,Others,0.3
Peak_Monsoon_Weekend,2,A,LED Light,1.0
Peak_Monsoon_Weekend,2,A,Ceiling Fan,1.0
Peak_Monsoon_Weekend,2,A,Television,1.0
Peak_Monsoon_Weekend,2,A,Iron,0.0
Peak_Monsoon_Weekend,2,A,Refrigerator,0.25
Peak_Monsoon_Weekend,2,A,Washing Machine,0.0
Peak_Monsoon_Weekend,2,B,LED Light,0.0
Peak_Monsoon_Weekend,2,B,Ceiling Fan,1.0
Peak_Monsoon_Weekend,2,B,Television,0.0
Peak_Monsoon_Weekend,2,B,Iron,0.0
Peak_Monsoon_Weekend,2,B,Refrigerator,0.25
Peak_Monsoon_Weekend,2,C,LED Light,0.0
Peak_Monsoon_Weekend,2,C,Ceiling Fan,1.0
Peak_Monsoon_Weekend,2,Misc,Hospital,0.2
Peak_Monsoon_Weekend,2,Misc,Street Light,35.0
Peak_Monsoon_Weekend,2,Misc,Cold Storage,1.0
Peak_Monsoon_Weekend,2,Misc,School,0.0
Peak_Monsoon_Weekend,2,Misc,Others,0.3
Peak_Monsoon_Weekend,3,A,LED Light,1.0
Peak_Monsoon_Weekend,3,A,Ceiling Fan,2.0
Peak_Monsoon_Weekend,3,A,Television,0.0
Peak_Monsoon_Weekend,3,A,Iron,0.0
Peak_Monsoon_Weekend,3,A,Refrigerator,0.25
Peak_Monsoon_Weekend,3,A,Washing Machine,0.0
Peak_Monsoon_Weekend,3,B,LED Light,0.0
Peak_Monsoon_Weekend,3,B,Ceiling Fan,2.0
Peak_Monsoon_Weekend,3,B,Television,0.0
Peak_Monsoon_Weekend,3,B,Iron,0.0
Peak_Monsoon_Weekend,3,B,Refrigerator,0.25
Peak_Monsoon_Weekend,3,C,LED Light,0.0
Peak_Monsoon_Weekend,3,C,Ceiling Fan,1.0
Peak_Monsoon_Weekend,3,Misc,Hospital,0.3
Peak_Monsoon_Weekend,3,Misc,Street Light,20.0
Peak_Monsoon_Weekend,3,Misc,Cold Storage,1.0
Peak_Monsoon_Weekend,3,Misc,School,0.0
Peak_Monsoon_Weekend,3,Misc,Others,0.3
Peak_Monsoon_Weekend,4,A,LED Light,1.0
Peak_Monsoon_Weekend,4,A,Ceiling Fan,2.0
Peak_Monsoon_Weekend,4,A,Television,0.0
Peak_Monsoon_Weekend,4,A,Iron,0.0
Peak_Monsoon_Weekend,4,A,Refrigerator,0.25
Peak_Monsoon_Weekend,4,A,Washing Machine,0.0
Peak_Monsoon_Weekend,4,B,LED Light,0.0
Peak_Monsoon_Weekend,4,B,Ceiling Fan,2.0
Peak_Monsoon_Weekend,4,B,Television,0.0
Peak_Monsoon_Weekend,4,B,Iron,0.0
Peak_Monsoon_Weekend,4,B,Refrigerator,0.25
Peak_Monsoon_Weekend,4,C,LED Light,0.0
Peak_Monsoon_Weekend,4,C,Ceiling Fan,1.0
Peak_Monsoon_Weekend,4,Misc,Hospital,0.3
Peak_Monsoon_Weekend,4,Misc,Street Light,10.0
Peak_Monsoon_Weekend,4,Misc,Cold Storage,1.0
Peak_Monsoon_Weekend,4,Misc,School,0.0
Peak_Monsoon_Weekend,4,Misc,Others,0.3
Peak_Monsoon_Weekend,5,A,LED Light,2.0
Peak_Monsoon_Weekend,5,A,Ceiling Fan,2.0
Peak_Monsoon_Weekend,5,A,Television,0.0
Peak_Monsoon_Weekend,5,A,Iron,0.0
Peak_Monsoon_Weekend,5,A,Refrigerator,0.25
Peak_Monsoon_Weekend,5,A,Washing Machine,0.0
Peak_Monsoon_Weekend,5,B,LED Light,0.0
Peak_Monsoon_Weekend,5,B,Ceiling Fan,2.0
Peak_Monsoon_Weekend,5,B,Television,0.0
Peak_Monsoon_Weekend,5,B,Iron,0.0
Peak_Monsoon_Weekend,5,B,Refrigerator,0.25
Peak_Monsoon_Weekend,5,C,LED Light,1.0
Peak_Monsoon_Weekend,5,C,Ceiling Fan,1.0
Peak_Monsoon_Weekend,5,Misc,Hospital,0.5
Peak_Monsoon_Weekend,5,Misc,Street Light,5.0
Peak_Monsoon_Weekend,5,Misc,Cold Storage,1.0
Peak_Monsoon_Weekend,5,Misc,School,0.0
Peak_Monsoon_Weekend,5,Misc,Others,0.3
Peak_Monsoon_Weekend,6,A,LED Light,1.0
Peak_Monsoon_Weekend,6,A,Ceiling Fan,1.0
Peak_Monsoon_Weekend,6,A,Television,1.0
Peak_Monsoon_Weekend,6,A,Iron,0.0
Peak_Monsoon_Weekend,6,A,Refrigerator,0.25
Peak_Monsoon_Weekend,6,A,Washing Machine,0.0
Peak_Monsoon_Weekend,6,B,LED Light,1.0
Peak_Monsoon_Weekend,6,B,Ceiling Fan,1.0
Peak_Monsoon_Weekend,6,B,Television,0.0
Peak_Monsoon_Weekend,6,B,Iron,0.0
Peak_Monsoon_Weekend,6,B,Refrigerator,0.25
Peak_Monsoon_Weekend,6,C,LED Light,1.0
Peak_Monsoon_Weekend,6,C,Ceiling Fan,1.0
Peak_Monsoon_Weekend,6,Misc,Hospital,0.5
Peak_Monsoon_Weekend,6,Misc,Street Light,0.0
Peak_Monsoon_Weekend,6,Misc,Cold Storage,1.0
Peak_Monsoon_Weekend,6,Misc,School,0.0
Peak_Monsoon_Weekend,6,Misc,Others,0.2
Peak_Monsoon_Weekend,7,A,LED Light,1.0
Peak_Monsoon_Weekend,7,A,Ceiling Fan,1.0
Peak_Monsoon_Weekend,7,A,Television,1.0
Peak_Monsoon_Weekend,7,A,Iron,0.0
Peak_Monsoon_Weekend,7,A,Refrigerator,0.25
Peak_Monsoon_Weekend,7,A,Washing Machine,0.0
Peak_Monsoon_Weekend,7,B,LED Light,1.0
Peak_Monsoon_Weekend,7,B,Ceiling Fan,1.0
Peak_Monsoon_Weekend,7,B,Television,0.0
Peak_Monsoon_Weekend,7,B,Iron,0.0
Peak_Monsoon_Weekend,7,B,Refrigerator,0.25
Peak_Monsoon_Weekend,7,C,LED Light,1.0
Peak_Monsoon_Weekend,7,C,Ceiling Fan,1.0
Peak_Monsoon_Weekend,7,Misc,Hospital,0.7
Peak_Monsoon_Weekend,7,Misc,Street Light,0.0
Peak_Monsoon_Weekend,7,Misc,Cold Storage,1.0
Peak_Monsoon_Weekend,7,Misc,School,0.0
Peak_Monsoon_Weekend,7,Misc,Others,1.0
Peak_Monsoon_Weekend,8,A,LED Light,1.0
Peak_Monsoon_Weekend,8,A,Ceiling Fan,1.0
Peak_Monsoon_Weekend,8,A,Television,1.0
Peak_Monsoon_Weekend,8,A,Iron,0.0
Peak_Monsoon_Weekend,8,A,Refrigerator,0.25
Peak_Monsoon_Weekend,8,A,Washing Machine,0.0
Peak_Monsoon_Weekend,8,B,LED Light,1.0
Peak_Monsoon_Weekend,8,B,Ceiling Fan,1.0
Peak_Monsoon_Weekend,8,B,Television,1.0
Peak_Monsoon_Weekend,8,B,Iron,0.0
Peak_Monsoon_Weekend,8,B,Refrigerator,0.25
Peak_Monsoon_Weekend,8,C,LED Light,0.0
Peak_Monsoon_Weekend,8,C,Ceiling Fan,2.0
Peak_Monsoon_Weekend,8,Misc,Hospital,0.7
Peak_Monsoon_Weekend,8,Misc,Street Light,0.0
Peak_Monsoon_Weekend,8,Misc,Cold Storage,1.0
Peak_Monsoon_Weekend,8,Misc,School,0.0
Peak_Monsoon_Weekend,8,Misc,Others,1.0
Peak_Monsoon_Weekend,9,A,LED Light,1.0
Peak_Monsoon_Weekend,9,A,Ceiling Fan,1.0
Peak_Monsoon_Weekend,9,A,Television,1.0
Peak_Monsoon_Weekend,9,A,Iron,0.0
Peak_Monsoon_Weekend,9,A,Refrigerator,0.25
Peak_Monsoon_Weekend,9,A,Washing Machine,0.0
Peak_Monsoon_Weekend,9,B,LED Light,1.0
Peak_Monsoon_Weekend,9,B,Ceiling Fan,1.0
Peak_Monsoon_Weekend,9,B,Television,1.0
Peak_Monsoon_Weekend,9,B,Iron,0.0
Peak_Monsoon_Weekend,9,B,Refrigerator,0.25
Peak_Monsoon_Weekend,9,C,LED Light,1.0
Peak_Monsoon_Weekend,9,C,Ceiling Fan,2.0
Peak_Monsoon_Weekend,9,Misc,Hospital,0.7
Peak_Monsoon_Weekend,9,Misc,Street Light,0.0
Peak_Monsoon_Weekend,9,Misc,Cold Storage,0.0
Peak_Monsoon_Weekend,9,Misc,School,0.0
Peak_Monsoon_Weekend,9,Misc,Others,1.0
Peak_Monsoon_Weekend,10,A,LED Light,1.0
Peak_Monsoon_Weekend,10,A,Ceiling Fan,0.0
Peak_Monsoon_Weekend,10,A,Television,1.0
Peak_Monsoon_Weekend,10,A,Iron,0.0
Peak_Monsoon_Weekend,10,A,Refrigerator,0.25
Peak_Monsoon_Weekend,10,A,Washing Machine,1.0
Peak_Monsoon_Weekend,10,B,LED Light,1.0
Peak_Monsoon_Weekend,10,B,Ceiling Fan,0.0
Peak_Monsoon_Weekend,10,B,Television,1.0
Peak_Monsoon_Weekend,10,B,Iron,0.0
Peak_Monsoon_Weekend,10,B,Refrigerator,0.25
Peak_Monsoon_Weekend,10,C,LED Light,1.0
Peak_Monsoon_Weekend,10,C,Ceiling Fan,2.0
Peak_Monsoon_Weekend,10,Misc,Hospital,1.0
Peak_Monsoon_Weekend,10,Misc,Street Light,0.0
Peak_Monsoon_Weekend,10,Misc,Cold Storage,0.0
Peak_Monsoon_Weekend,10,Misc,School,0.0
Peak_Monsoon_Weekend,10,Misc,Others,1.0
Peak_Monsoon_Weekend,11,A,LED Light,1.0
Peak_Monsoon_Weekend,11,A,Ceiling Fan,0.0
Peak_Monsoon_Weekend,11,A,Television,1.0
Peak_Monsoon_Weekend,11,A,Iron,0.0
Peak_Monsoon_Weekend,11,A,Refrigerator,0.25
Peak_Monsoon_Weekend,11,A,Washing Machine,0.0
Peak_Monsoon_Weekend,11,B,LED Light,1.0
Peak_Monsoon_Weekend,11,B,Ceiling Fan,0.0
Peak_Monsoon_Weekend,11,B,Television,1.0
Peak_Monsoon_Weekend,11,B,Iron,0.0
Peak_Monsoon_Weekend,11,B,Refrigerator,0.25
Peak_Monsoon_Weekend,11,C,LED Light,1.0
Peak_Monsoon_Weekend,11,C,Ceiling Fan,2.0
Peak_Monsoon_Weekend,11,Misc,Hospital,1.0
Peak_Monsoon_Weekend,11,Misc,Street Light,0.0
Peak_Monsoon_Weekend,11,Misc,Cold Storage,0.0
Peak_Monsoon_Weekend,11,Misc,School,0.0
Peak_Monsoon_Weekend,11,Misc,Others,1.0
Peak_Monsoon_Weekend,12,A,LED Light,1.0
Peak_Monsoon_Weekend,12,A,Ceiling Fan,0.0
Peak_Monsoon_Weekend,12,A,Television,1.0
Peak_Monsoon_Weekend,12,A,Iron,0.0
Peak_Monsoon_Weekend,12,A,Refrigerator,0.25
Peak_Monsoon_Weekend,12,A,Washing Machine,0.0
Peak_Monsoon_Weekend,12,B,LED Light,1.0
Peak_Monsoon_Weekend,12,B,Ceiling Fan,0.0
Peak_Monsoon_Weekend,12,B,Television,1.0
Peak_Monsoon_Weekend,12,B,Iron,0.0
Peak_Monsoon_Weekend,12,B,Refrigerator,0.25
Peak_Monsoon_Weekend,12,C,LED Light,1.0
Peak_Monsoon_Weekend,12,C,Ceiling Fan,2.0
Peak_Monsoon_Weekend,12,Misc,Hospital,1.0
Peak_Monsoon_Weekend,12,Misc,Street Light,0.0
Peak_Monsoon_Weekend,12,Misc,Cold Storage,0.0
Peak_Monsoon_Weekend,12,Misc,School,0.0
Peak_Monsoon_Weekend,12,Misc,Others,1.0
Peak_Monsoon_Weekend,13,A,LED Light,1.0
Peak_Monsoon_Weekend,13,A,Ceiling Fan,0.0
Peak_Monsoon_Weekend,13,A,Television,1.0
Peak_Monsoon_Weekend,13,A,Iron,1.0
Peak_Monsoon_Weekend,13,A,Refrigerator,0.25
Peak_Monsoon_Weekend,13,A,Washing Machine,0.0
Peak_Monsoon_Weekend,13,B,LED Light,1.0
Peak_Monsoon_Weekend,13,B,Ceiling Fan,0.0
Peak_Monsoon_Weekend,13,B,Television,1.0
Peak_Monsoon_Weekend,13,B,Iron,1.0
Peak_Monsoon_Weekend,13,B,Refrigerator,0.25
Peak_Monsoon_Weekend,13,C,LED Light,1.0
Peak_Monsoon_Weekend,13,C,Ceiling Fan,2.0
Peak_Monsoon_Weekend,13,Misc,Hospital,0.5
Peak_Monsoon_Weekend,13,Misc,Street Light,0.0
Peak_Monsoon_Weekend,13,Misc,Cold Storage,0.0
Peak_Monsoon_Weekend,13,Misc,School,0.0
Peak_Monsoon_Weekend,13,Misc,Others,1.0
Peak_Monsoon_Weekend,14,A,LED Light,1.0
Peak_Monsoon_Weekend,14,A,Ceiling Fan,0.0
Peak_Monsoon_Weekend,14,A,Television,1.0
Peak_Monsoon_Weekend,14,A,Iron,1.0
Peak_Monsoon_Weekend,14,A,Refrigerator,0.25
Peak_Monsoon_Weekend,14,A,Washing Machine,0.0
Peak_Monsoon_Weekend,14,B,LED Light,2.0
Peak_Monsoon_Weekend,14,B,Ceiling Fan,0.0
Peak_Monsoon_Weekend,14,B,Television,1.0
Peak_Monsoon_Weekend,14,B,Iron,0.0
Peak_Monsoon_Weekend,14,B,Refrigerator,0.25
Peak_Monsoon_Weekend,14,C,LED Light,1.0
Peak_Monsoon_Weekend,14,C,Ceiling Fan,2.0
Peak_Monsoon_Weekend,14,Misc,Hospital,0.5
Peak_Monsoon_Weekend,14,Misc,Street Light,0.0
Peak_Monsoon_Weekend,14,Misc,Cold Storage,0.0
Peak_Monsoon_Weekend,14,Misc,School,0.0
Peak_Monsoon_Weekend,14,Misc,Others,1.0
Peak_Monsoon_Weekend,15,A,LED Light,2.0
Peak_Monsoon_Weekend,15,A,Ceiling Fan,2.0
Peak_Monsoon_Weekend,15,A,Television,1.0
Peak_Monsoon_Weekend,15,A,Iron,0.0
Peak_Monsoon_Weekend,15,A,Refrigerator,0.25
Peak_Monsoon_Weekend,15,A,Washing Machine,0.0
Peak_Monsoon_Weekend,15,B,LED Light,2.0
Peak_Monsoon_Weekend,15,B,Ceiling Fan,1.0
Peak_Monsoon_Weekend,15,B,Television,1.0
Peak_Monsoon_Weekend,15,B,Iron,0.0
Peak_Monsoon_Weekend,15,B,Refrigerator,0.25
Peak_Monsoon_Weekend,15,C,LED Light,2.0
Peak_Monsoon_Weekend,15,C,Ceiling Fan,2.0
Peak_Monsoon_Weekend,15,Misc,Hospital,0.5
Peak_Monsoon_Weekend,15,Misc,Street Light,0.0
Peak_Monsoon_Weekend,15,Misc,Cold Storage,0.0
Peak_Monsoon_Weekend,15,Misc,School,0.0
Peak_Monsoon_Weekend,15,Misc,Others,1.0
Peak_Monsoon_Weekend,16,A,LED Light,2.0
Peak_Monsoon_Weekend,16,A,Ceiling Fan,2.0
Peak_Monsoon_Weekend,16,A,Television,1.0
Peak_Monsoon_Weekend,16,A,Iron,0.0
Peak_Monsoon_Weekend,16,A,Refrigerator,0.25
Peak_Monsoon_Weekend,16,A,Washing Machine,0.0
Peak_Monsoon_Weekend,16,B,LED Light,2.0
Peak_Monsoon_Weekend,16,B,Ceiling Fan,1.0
Peak_Monsoon_Weekend,16,B,Television,1.0
Peak_Monsoon_Weekend,16,B,Iron,0.0
Peak_Monsoon_Weekend,16,B,Refrigerator,0.25
Peak_Monsoon_Weekend,16,C,LED Light,2.0
Peak_Monsoon_Weekend,16,C,Ceiling Fan,2.0
Peak_Monsoon_Weekend,16,Misc,Hospital,0.7
Peak_Monsoon_Weekend,16,Misc,Street Light,5.0
Peak_Monsoon_Weekend,16,Misc,Cold Storage,0.0
Peak_Monsoon_Weekend,16,Misc,School,0.0
Peak_Monsoon_Weekend,16,Misc,Others,1.0
Peak_Monsoon_Weekend,17,A,LED Light,3.0
Peak_Monsoon_Weekend,17,A,Ceiling Fan,2.0
Peak_Monsoon_Weekend,17,A,Television,1.0
Peak_Monsoon_Weekend,17,A,Iron,0.0
Peak_Monsoon_Weekend,17,A,Refrigerator,0.25
Peak_Monsoon_Weekend,17,A,Washing Machine,0.0
Peak_Monsoon_Weekend,17,B,LED Light,2.0
Peak_Monsoon_Weekend,17,B,Ceiling Fan,1.0
Peak_Monsoon_Weekend,17,B,Television,1.0
Peak_Monsoon_Weekend,17,B,Iron,0.0
Peak_Monsoon_Weekend,17,B,Refrigerator,0.25
Peak_Monsoon_Weekend,17,C,LED Light,2.0
Peak_Monsoon_Weekend,17,C,Ceiling Fan,2.0
Peak_Monsoon_Weekend,17,Misc,Hospital,0.7
Peak_Monsoon_Weekend,17,Misc,Street Light,25.0
Peak_Monsoon_Weekend,17,Misc,Cold Storage,0.0
Peak_Monsoon_Weekend,17,Misc,School,0.0
Peak_Monsoon_Weekend,17,Misc,Others,0.5
Peak_Monsoon_Weekend,18,A,LED Light,4.0
Peak_Monsoon_Weekend,18,A,Ceiling Fan,3.0
Peak_Monsoon_Weekend,18,A,Television,1.0
Peak_Monsoon_Weekend,18,A,Iron,0.0
Peak_Monsoon_Weekend,18,A,Refrigerator,0.25
Peak_Monsoon_Weekend,18,A,Washing Machine,0.0
Peak_Monsoon_Weekend,18,B,LED Light,3.0
Peak_Monsoon_Weekend,18,B,Ceiling Fan,2.0
Peak_Monsoon_Weekend,18,B,Television,1.0
Peak_Monsoon_Weekend,18,B,Iron,0.0
Peak_Monsoon_Weekend,18,B,Refrigerator,0.25
Peak_Monsoon_Weekend,18,C,LED Light,2.0
Peak_Monsoon_Weekend,18,C,Ceiling Fan,2.0
Peak_Monsoon_Weekend,18,Misc,Hospital,0.7
Peak_Monsoon_Weekend,18,Misc,Street Light,35.0
Peak_Monsoon_Weekend,18,Misc,Cold Storage,0.0
Peak_Monsoon_Weekend,18,Misc,School,0.0
Peak_Monsoon_Weekend,18,Misc,Others,0.5
Peak_Monsoon_Weekend,19,A,LED Light,5.0
Peak_Monsoon_Weekend,19,A,Ceiling Fan,3.0
Peak_Monsoon_Weekend,19,A,Television,1.0
Peak_Monsoon_Weekend,19,A,Iron,0.0
Peak_Monsoon_Weekend,19,A,Refrigerator,0.25
Peak_Monsoon_Weekend,19,A,Washing Machine,0.0
Peak_Monsoon_Weekend,19,B,LED Light,3.0
Peak_Monsoon_Weekend,19,B,Ceiling Fan,2.0
Peak_Monsoon_Weekend,19,B,Television,1.0
Peak_Monsoon_Weekend,19,B,Iron,0.0
Peak_Monsoon_Weekend,19,B,Refrigerator,0.25
Peak_Monsoon_Weekend,19,C,LED Light,2.0
Peak_Monsoon_Weekend,19,C,Ceiling Fan,2.0
Peak_Monsoon_Weekend,19,Misc,Hospital,0.7
Peak_Monsoon_Weekend,19,Misc,Street Light,40.0
Peak_Monsoon_Weekend,19,Misc,Cold Storage,0.0
Peak_Monsoon_Weekend,19,Misc,School,0.0
Peak_Monsoon_Weekend,19,Misc,Others,0.4
Peak_Monsoon_Weekend,20,A,LED Light,5.0
Peak_Monsoon_Weekend,20,A,Ceiling Fan,3.0
Peak_Monsoon_Weekend,20,A,Television,1.0
Peak_Monsoon_Weekend,20,A,Iron,0.0
Peak_Monsoon_Weekend,20,A,Refrigerator,0.25
Peak_Monsoon_Weekend,20,A,Washing Machine,0.0
Peak_Monsoon_Weekend,20,B,LED Light,3.0
Peak_Monsoon_Weekend,20,B,Ceiling Fan,2.0
Peak_Monsoon_Weekend,20,B,Television,1.0
Peak_Monsoon_Weekend,20,B,Iron,0.0
Peak_Monsoon_Weekend,20,B,Refrigerator,0.25
Peak_Monsoon_Weekend,20,C,LED Light,2.0
Peak_Monsoon_Weekend,20,C,Ceiling Fan,2.0
Peak_Monsoon_Weekend,20,Misc,Hospital,0.5
Peak_Monsoon_Weekend,20,Misc,Street Light,50.0
Peak_Monsoon_Weekend,20,Misc,Cold Storage,0.0
Peak_Monsoon_Weekend,20,Misc,School,0.0
Peak_Monsoon_Weekend,20,Misc,Others,0.4
Peak_Monsoon_Weekend,21,A,LED Light,3.0
Peak_Monsoon_Weekend,21,A,Ceiling Fan,2.0
Peak_Monsoon_Weekend,21,A,Television,1.0
Peak_Monsoon_Weekend,21,A,Iron,0.0
Peak_Monsoon_Weekend,21,A,Refrigerator,0.25
Peak_Monsoon_Weekend,21,A,Washing Machine,0.0
Peak_Monsoon_Weekend,21,B,LED Light,2.0
Peak_Monsoon_Weekend,21,B,Ceiling Fan,1.0
Peak_Monsoon_Weekend,21,B,Television,1.0
Peak_Monsoon_Weekend,21,B,Iron,0.0
Peak_Monsoon_Weekend,21,B,Refrigerator,0.25
Peak_Monsoon_Weekend,21,C,LED Light,2.0
Peak_Monsoon_Weekend,21,C,Ceiling Fan,2.0
Peak_Monsoon_Weekend,21,Misc,Hospital,0.5
Peak_Monsoon_Weekend,21,Misc,Street Light,50.0
Peak_Monsoon_Weekend,21,Misc,Cold Storage,0.0
Peak_Monsoon_Weekend,21,Misc,School,0.0
Peak_Monsoon_Weekend,21,Misc,Others,0.3
Peak_Monsoon_Weekend,22,A,LED Light,3.0
Peak_Monsoon_Weekend,22,A,Ceiling Fan,2.0
Peak_Monsoon_Weekend,22,A,Television,1.0
Peak_Monsoon_Weekend,22,A,Iron,0.0
Peak_Monsoon_Weekend,22,A,Refrigerator,0.25
Peak_Monsoon_Weekend,22,A,Washing Machine,0.0
Peak_Monsoon_Weekend,22,B,LED Light,2.0
Peak_Monsoon_Weekend,22,B,Ceiling Fan,1.0
Peak_Monsoon_Weekend,22,B,Television,1.0
Peak_Monsoon_Weekend,22,B,Iron,0.0
Peak_Monsoon_Weekend,22,B,Refrigerator,0.25
Peak_Monsoon_Weekend,22,C,LED Light,2.0
Peak_Monsoon_Weekend,22,C,Ceiling Fan,2.0
Peak_Monsoon_Weekend,22,Misc,Hospital,0.5
Peak_Monsoon_Weekend,22,Misc,Street Light,50.0
Peak_Monsoon_Weekend,22,Misc,Cold Storage,0.0
Peak_Monsoon_Weekend,22,Misc,School,0.0
Peak_Monsoon_Weekend,22,Misc,Others,0.3
Peak_Monsoon_Weekend,23,A,LED Light,1.0
Peak_Monsoon_Weekend,23,A,Ceiling Fan,2.0
Peak_Monsoon_Weekend,23,A,Television,1.0
Peak_Monsoon_Weekend,23,A,Iron,0.0
Peak_Monsoon_Weekend,23,A,Refrigerator,0.25
Peak_Monsoon_Weekend,23,A,Washing Machine,0.0
Peak_Monsoon_Weekend,23,B,LED Light,0.0
Peak_Monsoon_Weekend,23,B,Ceiling Fan,1.0
Peak_Monsoon_Weekend,23,B,Television,1.0
Peak_Monsoon_Weekend,23,B,Iron,0.0
Peak_Monsoon_Weekend,23,B,Refrigerator,0.25
Peak_Monsoon_Weekend,23,C,LED Light,2.0
Peak_Monsoon_Weekend,23,C,Ceiling Fan,2.0
Peak_Monsoon_Weekend,23,Misc,Hospital,0.5
Peak_Monsoon_Weekend,23,Misc,Street Light,50.0
Peak_Monsoon_Weekend,23,Misc,Cold Storage,0.0
Peak_Monsoon_Weekend,23,Misc,School,0.0
Peak_Monsoon_Weekend,23,Misc,Others,0.3
Late_Summer,0,A,LED Light,1.0
Late_Summer,0,A,Ceiling Fan,2.0
Late_Summer,0,A,Television,0.0
Late_Summer,0,A,Iron,0.0
Late_Summer,0,A,Refrigerator,0.25
Late_Summer,0,A,Washing Machine,0.0
Late_Summer,0,B,LED Light,0.0
Late_Summer,0,B,Ceiling Fan,2.0
Late_Summer,0,B,Television,0.0
Late_Summer,0,B,Iron,0.0
Late_Summer,0,B,Refrigerator,0.25
Late_Summer,0,C,LED Light,0.0
Late_Summer,0,C,Ceiling Fan,1.0
Late_Summer,0,Misc,Hospital,0.7
Late_Summer,0,Misc,Street Light,35.0
Late_Summer,0,Misc,Cold Storage,2.0
Late_Summer,0,Misc,School,0.0
Late_Summer,0,Misc,Others,0.2
Late_Summer,1,A,LED Light,1.0
Late_Summer,1,A,Ceiling Fan,2.0
Late_Summer,1,A,Television,0.0
Late_Summer,1,A,Iron,0.0
Late_Summer,1,A,Refrigerator,0.25
Late_Summer,1,A,Washing Machine,0.0
Late_Summer,1,B,LED Light,0.0
Late_Summer,1,B,Ceiling Fan,2.0
Late_Summer,1,B,Television,0.0
Late_Summer,1,B,Iron,0.0
Late_Summer,1,B,Refrigerator,0.25
Late_Summer,1,C,LED Light,0.0
Late_Summer,1,C,Ceiling Fan,1.0
Late_Summer,1,Misc,Hospital,0.7
Late_Summer,1,Misc,Street Light,35.0
Late_Summer,1,Misc,Cold Storage,2.0
Late_Summer,1,Misc,School,0.0
Late_Summer,1,Misc,Others,0.2
Late_Summer,2,A,LED Light,1.0
Late_Summer,2,A,Ceiling Fan,2.0
Late_Summer,2,A,Television,0.0
Late_Summer,2,A,Iron,0.0
Late_Summer,2,A,Refrigerator,0.25
Late_Summer,2,A,Washing Machine,0.0
Late_Summer,2,B,LED Light,0.0
Late_Summer,2,B,Ceiling Fan,2.0
Late_Summer,2,B,Television,0.0
Late_Summer,2,B,Iron,0.0
Late_Summer,2,B,Refrigerator,0.25
Late_Summer,2,C,LED Light,0.0
Late_Summer,2,C,Ceiling Fan,1.0
Late_Summer,2,Misc,Hospital,0.7
Late_Summer,2,Misc,Street Light,35.0
Late_Summer,2,Misc,Cold Storage,3.0
Late_Summer,2,Misc,School,0.0
Late_Summer,2,Misc,Others,0.2
Late_Summer,3,A,LED Light,1.0
Late_Summer,3,A,Ceiling Fan,2.0
Late_Summer,3,A,Television,0.0
Late_Summer,3,A,Iron,0.0
Late_Summer,3,A,Refrigerator,0.25
Late_Summer,3,A,Washing Machine,0.0
Late_Summer,3,B,LED Light,0.0
Late_Summer,3,B,Ceiling Fan,2.0
Late_Summer,3,B,Television,0.0
Late_Summer,3,B,Iron,0.0
Late_Summer,3,B,Refrigerator,0.25
Late_Summer,3,C,LED Light,0.0
Late_Summer,3,C,Ceiling Fan,1.0
Late_Summer,3,Misc,Hospital,0.7
Late_Summer,3,Misc,Street Light,20.0
Late_Summer,3,Misc,Cold Storage,4.0
Late_Summer,3,Misc,School,0.0
Late_Summer,3,Misc,Others,0.2
Late_Summer,4,A,LED Light,1.0
Late_Summer,4,A,Ceiling Fan,2.0
Late_Summer,4,A,Television,0.0
Late_Summer,4,A,Iron,0.0
Late_Summer,4,A,Refrigerator,0.25
Late_Summer,4,A,Washing Machine,0.0
Late_Summer,4,B,LED Light,0.0
Late_Summer,4,B,Ceiling Fan,2.0
Late_Summer,4,B,Television,0.0
Late_Summer,4,B,Iron,0.0
Late_Summer,4,B,Refrigerator,0.25
Late_Summer,4,C,LED Light,0.0
Late_Summer,4,C,Ceiling Fan,1.0
Late_Summer,4,Misc,Hospital,0.7
Late_Summer,4,Misc,Street Light,10.0
Late_Summer,4,Misc,Cold Storage,4.0
Late_Summer,4,Misc,School,0.0
Late_Summer,4,Misc,Others,0.2
Late_Summer,5,A,LED Light,2.0
Late_Summer,5,A,Ceiling Fan,3.0
Late_Summer,5,A,Television,0.0
Late_Summer,5,A,Iron,0.0
Late_Summer,5,A,Refrigerator,0.25
Late_Summer,5,A,Washing Machine,0.0
Late_Summer,5,B,LED Light,0.0
Late_Summer,5,B,Ceiling Fan,2.0
Late_Summer,5,B,Television,0.0
Late_Summer,5,B,Iron,0.0
Late_Summer,5,B,Refrigerator,0.25
Late_Summer,5,C,LED Light,1.0
Late_Summer,5,C,Ceiling Fan,1.0
Late_Summer,5,Misc,Hospital,0.7
Late_Summer,5,Misc,Street Light,5.0
Late_Summer,5,Misc,Cold Storage,4.0
Late_Summer,5,Misc,School,0.0
Late_Summer,5,Misc,Others,0.2
Late_Summer,6,A,LED Light,1.0
Late_Summer,6,A,Ceiling Fan,1.0
Late_Summer,6,A,Television,1.0
Late_Summer,6,A,Iron,0.0
Late_Summer,6,A,Refrigerator,0.25
Late_Summer,6,A,Washing Machine,0.0
Late_Summer,6,B,LED Light,1.0
Late_Summer,6,B,Ceiling Fan,1.0
Late_Summer,6,B,Television,1.0
Late_Summer,6,B,Iron,0.0
Late_Summer,6,B,Refrigerator,0.25
Late_Summer,6,C,LED Light,0.0
Late_Summer,6,C,Ceiling Fan,1.0
Late_Summer,6,Misc,Hospital,0.7
Late_Summer,6,Misc,Street Light,0.0
Late_Summer,6,Misc,Cold Storage,3.0
Late_Summer,6,Misc,School,1.0
Late_Summer,6,Misc,Others,0.2
Late_Summer,7,A,LED Light,1.0
Late_Summer,7,A,Ceiling Fan,1.0
Late_Summer,7,A,Television,1.0
Late_Summer,7,A,Iron,0.0
Late_Summer,7,A,Refrigerator,0.25
Late_Summer,7,A,Washing Machine,0.0
Late_Summer,7,B,LED Light,1.0
Late_Summer,7,B,Ceiling Fan,1.0
Late_Summer,7,B,Television,1.0
Late_Summer,7,B,Iron,0.0
Late_Summer,7,B,Refrigerator,0.25
Late_Summer,7,C,LED Light,0.0
Late_Summer,7,C,Ceiling Fan,1.0
Late_Summer,7,Misc,Hospital,1.0
Late_Summer,7,Misc,Street Light,0.0
Late_Summer,7,Misc,Cold Storage,3.0
Late_Summer,7,Misc,School,1.0
Late_Summer,7,Misc,Others,1.0
Late_Summer,8,A,LED Light,1.0
Late_Summer,8,A,Ceiling Fan,1.0
Late_Summer,8,A,Television,1.0
Late_Summer,8,A,Iron,0.0
Late_Summer,8,A,Refrigerator,0.25
Late_Summer,8,A,Washing Machine,0.0
Late_Summer,8,B,LED Light,1.0
Late_Summer,8,B,Ceiling Fan,1.0
Late_Summer,8,B,Television,1.0
Late_Summer,8,B,Iron,0.0
Late_Summer,8,B,Refrigerator,0.25
Late_Summer,8,C,LED Light,0.0
Late_Summer,8,C,Ceiling Fan,1.0
Late_Summer,8,Misc,Hospital,1.0
Late_Summer,8,Misc,Street Light,0.0
Late_Summer,8,Misc,Cold Storage,3.0
Late_Summer,8,Misc,School,1.0
Late_Summer,8,Misc,Others,1.0
Late_Summer,9,A,LED Light,1.0
Late_Summer,9,A,Ceiling Fan,1.0
Late_Summer,9,A,Television,1.0
Late_Summer,9,A,Iron,0.0
Late_Summer,9,A,Refrigerator,0.25
Late_Summer,9,A,Washing Machine,0.0
Late_Summer,9,B,LED Light,1.0
Late_Summer,9,B,Ceiling Fan,1.0
Late_Summer,9,B,Television,1.0
Late_Summer,9,B,Iron,0.0
Late_Summer,9,B,Refrigerator,0.25
Late_Summer,9,C,LED Light,0.0
Late_Summer,9,C,Ceiling Fan,1.0
Late_Summer,9,Misc,Hospital,1.0
Late_Summer,9,Misc,Street Light,0.0
Late_Summer,9,Misc,Cold Storage,3.0
Late_Summer,9,Misc,School,1.0
Late_Summer,9,Misc,Others,1.0
Late_Summer,10,A,LED Light,1.0
Late_Summer,10,A,Ceiling Fan,1.0
Late_Summer,10,A,Television,1.0
Late_Summer,10,A,Iron,0.0
Late_Summer,10,A,Refrigerator,0.25
Late_Summer,10,A,Washing Machine,0.0
Late_Summer,10,B,LED Light,1.0
Late_Summer,10,B,Ceiling Fan,1.0
Late_Summer,10,B,Television,1.0
Late_Summer,10,B,Iron,0.0
Late_Summer,10,B,Refrigerator,0.25
Late_Summer,10,C,LED Light,1.0
Late_Summer,10,C,Ceiling Fan,1.0
Late_Summer,10,Misc,Hospital,1.0
Late_Summer,10,Misc,Street Light,0.0
Late_Summer,10,Misc,Cold Storage,2.0
Late_Summer,10,Misc,School,1.0
Late_Summer,10,Misc,Others,1.0
Late_Summer,11,A,LED Light,1.0
Late_Summer,11,A,Ceiling Fan,1.0
Late_Summer,11,A,Television,1.0
Late_Summer,11,A,Iron,0.0
Late_Summer,11,A,Refrigerator,0.25
Late_Summer,11,A,Washing Machine,0.0
Late_Summer,11,B,LED Light,1.0
Late_Summer,11,B,Ceiling Fan,1.0
Late_Summer,11,B,Television,1.0
Late_Summer,11,B,Iron,0.0
Late_Summer,11,B,Refrigerator,0.25
Late_Summer,11,C,LED Light,1.0
Late_Summer,11,C,Ceiling Fan,1.0
Late_Summer,11,Misc,Hospital,1.0
Late_Summer,11,Misc,Street Light,0.0
Late_Summer,11,Misc,Cold Storage,2.0
Late_Summer,11,Misc,School,0.75
Late_Summer,11,Misc,Others,1.0
Late_Summer,12,A,LED Light,1.0
Late_Summer,12,A,Ceiling Fan,1.0
Late_Summer,12,A,Television,0.0
Late_Summer,12,A,Iron,0.0
Late_Summer,12,A,Refrigerator,0.25
Late_Summer,12,A,Washing Machine,0.0
Late_Summer,12,B,LED Light,1.0
Late_Summer,12,B,Ceiling Fan,1.0
Late_Summer,12,B,Television,0.0
Late_Summer,12,B,Iron,0.0
Late_Summer,12,B,Refrigerator,0.25
Late_Summer,12,C,LED Light,1.0
Late_Summer,12,C,Ceiling Fan,1.0
Late_Summer,12,Misc,Hospital,1.0
Late_Summer,12,Misc,Street Light,0.0
Late_Summer,12,Misc,Cold Storage,2.0
Late_Summer,12,Misc,School,1.0
Late_Summer,12,Misc,Others,1.0
Late_Summer,13,A,LED Light,1.0
Late_Summer,13,A,Ceiling Fan,2.0
Late_Summer,13,A,Television,0.0
Late_Summer,13,A,Iron,0.0
Late_Summer,13,A,Refrigerator,0.25
Late_Summer,13,A,Washing Machine,0.0
Late_Summer,13,B,LED Light,1.0
Late_Summer,13,B,Ceiling Fan,2.0
Late_Summer,13,B,Television,0.0
Late_Summer,13,B,Iron,0.0
Late_Summer,13,B,Refrigerator,0.25
Late_Summer,13,C,LED Light,1.0
Late_Summer,13,C,Ceiling Fan,1.0
Late_Summer,13,Misc,Hospital,1.0
Late_Summer,13,Misc,Street Light,0.0
Late_Summer,13,Misc,Cold Storage,2.0
Late_Summer,13,Misc,School,1.0
Late_Summer,13,Misc,Others,1.0
Late_Summer,14,A,LED Light,1.0
Late_Summer,14,A,Ceiling Fan,2.0
Late_Summer,14,A,Television,0.0
Late_Summer,14,A,Iron,0.0
Late_Summer,14,A,Refrigerator,0.25
Late_Summer,14,A,Washing Machine,0.0
Late_Summer,14,B,LED Light,2.0
Late_Summer,14,B,Ceiling Fan,2.0
Late_Summer,14,B,Television,0.0
Late_Summer,14,B,Iron,0.0
Late_Summer,14,B,Refrigerator,0.25
Late_Summer,14,C,LED Light,1.0
Late_Summer,14,C,Ceiling Fan,1.0
Late_Summer,14,Misc,Hospital,1.0
Late_Summer,14,Misc,Street Light,0.0
Late_Summer,14,Misc,Cold Storage,2.0
Late_Summer,14,Misc,School,0.5
Late_Summer,14,Misc,Others,1.0
Late_Summer,15,A,LED Light,2.0
Late_Summer,15,A,Ceiling Fan,2.0
Late_Summer,15,A,Television,0.0
Late_Summer,15,A,Iron,0.0
Late_Summer,15,A,Refrigerator,0.25
Late_Summer,15,A,Washing Machine,0.0
Late_Summer,15,B,LED Light,2.0
Late_Summer,15,B,Ceiling Fan,2.0
Late_Summer,15,B,Television,0.0
Late_Summer,15,B,Iron,1.0
Late_Summer,15,B,Refrigerator,0.25
Late_Summer,15,C,LED Light,1.0
Late_Summer,15,C,Ceiling Fan,1.0
Late_Summer,15,Misc,Hospital,1.0
Late_Summer,15,Misc,Street Light,0.0
Late_Summer,15,Misc,Cold Storage,2.0
Late_Summer,15,Misc,School,0.5
Late_Summer,15,Misc,Others,1.0
Late_Summer,16,A,LED Light,2.0
Late_Summer,16,A,Ceiling Fan,3.0
Late_Summer,16,A,Television,1.0
Late_Summer,16,A,Iron,0.0
Late_Summer,16,A,Refrigerator,0.25
Late_Summer,16,A,Washing Machine,0.0
Late_Summer,16,B,LED Light,2.0
Late_Summer,16,B,Ceiling Fan,2.0
Late_Summer,16,B,Television,1.0
Late_Summer,16,B,Iron,0.0
Late_Summer,16,B,Refrigerator,0.25
Late_Summer,16,C,LED Light,1.0
Late_Summer,16,C,Ceiling Fan,1.0
Late_Summer,16,Misc,Hospital,1.0
Late_Summer,16,Misc,Street Light,5.0
Late_Summer,16,Misc,Cold Storage,2.0
Late_Summer,16,Misc,School,0.0
Late_Summer,16,Misc,Others,1.0
Late_Summer,17,A,LED Light,3.0
Late_Summer,17,A,Ceiling Fan,3.0
Late_Summer,17,A,Television,1.0
Late_Summer,17,A,Iron,0.0
Late_Summer,17,A,Refrigerator,0.25
Late_Summer,17,A,Washing Machine,0.0
Late_Summer,17,B,LED Light,2.0
Late_Summer,17,B,Ceiling Fan,2.0
Late_Summer,17,B,Television,1.0
Late_Summer,17,B,Iron,0.0
Late_Summer,17,B,Refrigerator,0.25
Late_Summer,17,C,LED Light,2.0
Late_Summer,17,C,Ceiling Fan,1.0
Late_Summer,17,Misc,Hospital,1.0
Late_Summer,17,Misc,Street Light,25.0
Late_Summer,17,Misc,Cold Storage,2.0
Late_Summer,17,Misc,School,0.0
Late_Summer,17,Misc,Others,0.4
Late_Summer,18,A,LED Light,4.0
Late_Summer,18,A,Ceiling Fan,3.0
Late_Summer,18,A,Television,1.0
Late_Summer,18,A,Iron,0.0
Late_Summer,18,A,Refrigerator,0.25
Late_Summer,18,A,Washing Machine,0.0
Late_Summer,18,B,LED Light,3.0
Late_Summer,18,B,Ceiling Fan,2.0
Late_Summer,18,B,Television,1.0
Late_Summer,18,B,Iron,0.0
Late_Summer,18,B,Refrigerator,0.25
Late_Summer,18,C,LED Light,2.0
Late_Summer,18,C,Ceiling Fan,1.0
Late_Summer,18,Misc,Hospital,1.0
Late_Summer,18,Misc,Street Light,35.0
Late_Summer,18,Misc,Cold Storage,2.0
Late_Summer,18,Misc,School,0.0
Late_Summer,18,Misc,Others,0.4
Late_Summer,19,A,LED Light,5.0
Late_Summer,19,A,Ceiling Fan,3.0
Late_Summer,19,A,Television,1.0
Late_Summer,19,A,Iron,0.0
Late_Summer,19,A,Refrigerator,0.25
Late_Summer,19,A,Washing Machine,0.0
Late_Summer,19,B,LED Light,3.0
Late_Summer,19,B,Ceiling Fan,2.0
Late_Summer,19,B,Television,1.0
Late_Summer,19,B,Iron,0.0
Late_Summer,19,B,Refrigerator,0.25
Late_Summer,19,C,LED Light,1.0
Late_Summer,19,C,Ceiling Fan,1.0
Late_Summer,19,Misc,Hospital,1.0
Late_Summer,19,Misc,Street Light,40.0
Late_Summer,19,Misc,Cold Storage,2.0
Late_Summer,19,Misc,School,0.0
Late_Summer,19,Misc,Others,0.3
Late_Summer,20,A,LED Light,5.0
Late_Summer,20,A,Ceiling Fan,3.0
Late_Summer,20,A,Television,1.0
Late_Summer,20,A,Iron,0.0
Late_Summer,20,A,Refrigerator,0.25
Late_Summer,20,A,Washing Machine,0.0
Late_Summer,20,B,LED Light,3.0
Late_Summer,20,B,Ceiling Fan,2.0
Late_Summer,20,B,Television,1.0
Late_Summer,20,B,Iron,0.0
Late_Summer,20,B,Refrigerator,0.25
Late_Summer,20,C,LED Light,1.0
Late_Summer,20,C,Ceiling Fan,1.0
Late_Summer,20,Misc,Hospital,1.0
Late_Summer,20,Misc,Street Light,50.0
Late_Summer,20,Misc,Cold Storage,1.0
Late_Summer,20,Misc,School,0.0
Late_Summer,20,Misc,Others,0.3
Late_Summer,21,A,LED Light,3.0
Late_Summer,21,A,Ceiling Fan,2.0
Late_Summer,21,A,Television,1.0
Late_Summer,21,A,Iron,0.0
Late_Summer,21,A,Refrigerator,0.25
Late_Summer,21,A,Washing Machine,0.0
Late_Summer,21,B,LED Light,2.0
Late_Summer,21,B,Ceiling Fan,2.0
Late_Summer,21,B,Television,1.0
Late_Summer,21,B,Iron,0.0
Late_Summer,21,B,Refrigerator,0.25
Late_Summer,21,C,LED Light,1.0
Late_Summer,21,C,Ceiling Fan,1.0
Late_Summer,21,Misc,Hospital,0.7
Late_Summer,21,Misc,Street Light,50.0
Late_Summer,21,Misc,Cold Storage,1.0
Late_Summer,21,Misc,School,0.0
Late_Summer,21,Misc,Others,0.2
Late_Summer,22,A,LED Light,3.0
Late_Summer,22,A,Ceiling Fan,2.0
Late_Summer,22,A,Television,0.0
Late_Summer,22,A,Iron,0.0
Late_Summer,22,A,Refrigerator,0.25
Late_Summer,22,A,Washing Machine,0.0
Late_Summer,22,B,LED Light,2.0
Late_Summer,22,B,Ceiling Fan,2.0
Late_Summer,22,B,Television,0.0
Late_Summer,22,B,Iron,0.0
Late_Summer,22,B,Refrigerator,0.25
Late_Summer,22,C,LED Light,0.0
Late_Summer,22,C,Ceiling Fan,1.0
Late_Summer,22,Misc,Hospital,0.7
Late_Summer,22,Misc,Street Light,50.0
Late_Summer,22,Misc,Cold Storage,1.0
Late_Summer,22,Misc,School,0.0
Late_Summer,22,Misc,Others,0.2
Late_Summer,23,A,LED Light,1.0
Late_Summer,23,A,Ceiling Fan,2.0
Late_Summer,23,A,Television,0.0
Late_Summer,23,A,Iron,0.0
Late_Summer,23,A,Refrigerator,0.25
Late_Summer,23,A,Washing Machine,0.0
Late_Summer,23,B,LED Light,0.0
Late_Summer,23,B,Ceiling Fan,2.0
Late_Summer,23,B,Television,0.0
Late_Summer,23,B,Iron,0.0
Late_Summer,23,B,Refrigerator,0.25
Late_Summer,23,C,LED Light,0.0
Late_Summer,23,C,Ceiling Fan,1.0
Late_Summer,23,Misc,Hospital,0.7
Late_Summer,23,Misc,Street Light,50.0
Late_Summer,23,Misc,Cold Storage,1.0
Late_Summer,23,Misc,School,0.0
Late_Summer,23,Misc,Others,0.2
Late_Summer_Weekend,0,A,LED Light,1.0
Late_Summer_Weekend,0,A,Ceiling Fan,2.0
Late_Summer_Weekend,0,A,Television,1.0
Late_Summer_Weekend,0,A,Iron,0.0
Late_Summer_Weekend,0,A,Refrigerator,0.25
Late_Summer_Weekend,0,A,Washing Machine,0.0
Late_Summer_Weekend,0,B,LED Light,0.0
Late_Summer_Weekend,0,B,Ceiling Fan,2.0
Late_Summer_Weekend,0,B,Television,1.0
Late_Summer_Weekend,0,B,Iron,0.0
Late_Summer_Weekend,0,B,Refrigerator,0.25
Late_Summer_Weekend,0,C,LED Light,0.0
Late_Summer_Weekend,0,C,Ceiling Fan,1.0
Late_Summer_Weekend,0,Misc,Hospital,0.7
Late_Summer_Weekend,0,Misc,Street Light,35.0
Late_Summer_Weekend,0,Misc,Cold Storage,2.0
Late_Summer_Weekend,0,Misc,School,0.0
Late_Summer_Weekend,0,Misc,Others,0.3
Late_Summer_Weekend,1,A,LED Light,1.0
Late_Summer_Weekend,1,A,Ceiling Fan,2.0
Late_Summer_Weekend,1,A,Television,1.0
Late_Summer_Weekend,1,A,Iron,0.0
Late_Summer_Weekend,1,A,Refrigerator,0.25
Late_Summer_Weekend,1,A,Washing Machine,0.0
Late_Summer_Weekend,1,B,LED Light,0.0
Late_Summer_Weekend,1,B,Ceiling Fan,2.0
Late_Summer_Weekend,1,B,Television,0.0
Late_Summer_Weekend,1,B,Iron,0.0
Late_Summer_Weekend,1,B,Refrigerator,0.25
Late_Summer_Weekend,1,C,LED Light,0.0
Late_Summer_Weekend,1,C,Ceiling Fan,1.0
Late_Summer_Weekend,1,Misc,Hospital,0.7
Late_Summer_Weekend,1,Misc,Street Light,35.0
Late_Summer_Weekend,1,Misc,Cold Storage,2.0
Late_Summer_Weekend,1,Misc,School,0.0
Late_Summer_Weekend,1,Misc,Others,0.3
Late_Summer_Weekend,2,A,LED Light,1.0
Late_Summer_Weekend,2,A,Ceiling Fan,2.0
Late_Summer_Weekend,2,A,Television,1.0
Late_Summer_Weekend,2,A,Iron,0.0
Late_Summer_Weekend,2,A,Refrigerator,0.25
Late_Summer_Weekend,2,A,Washing Machine,0.0
Late_Summer_Weekend,2,B,LED Light,0.0
Late_Summer_Weekend,2,B,Ceiling Fan,2.0
Late_Summer_Weekend,2,B,Television,0.0
Late_Summer_Weekend,2,B,Iron,0.0
Late_Summer_Weekend,2,B,Refrigerator,0.25
Late_Summer_Weekend,2,C,LED Light,0.0
Late_Summer_Weekend,2,C,Ceiling Fan,1.0
Late_Summer_Weekend,2,Misc,Hospital,0.7
Late_Summer_Weekend,2,Misc,Street Light,35.0
Late_Summer_Weekend,2,Misc,Cold Storage,2.0
Late_Summer_Weekend,2,Misc,School,0.0
Late_Summer_Weekend,2,Misc,Others,0.3
Late_Summer_Weekend,3,A,LED Light,1.0
Late_Summer_Weekend,3,A,Ceiling Fan,2.0
Late_Summer_Weekend,3,A,Television,0.0
Late_Summer_Weekend,3,A,Iron,0.0
Late_Summer_Weekend,3,A,Refrigerator,0.25
Late_Summer_Weekend,3,A,Washing Machine,0.0
Late_Summer_Weekend,3,B,LED Light,0.0
Late_Summer_Weekend,3,B,Ceiling Fan,2.0
Late_Summer_Weekend,3,B,Television,0.0
Late_Summer_Weekend,3,B,Iron,0.0
Late_Summer_Weekend,3,B,Refrigerator,0.25
Late_Summer_Weekend,3,C,LED Light,0.0
Late_Summer_Weekend,3,C,Ceiling Fan,1.0
Late_Summer_Weekend,3,Misc,Hospital,0.7
Late_Summer_Weekend,3,Misc,Street Light,20.0
Late_Summer_Weekend,3,Misc,Cold Storage,3.0
Late_Summer_Weekend,3,Misc,School,0.0
Late_Summer_Weekend,3,Misc,Others,0.3
Late_Summer_Weekend,4,A,LED Light,1.0
Late_Summer_Weekend,4,A,Ceiling Fan,2.0
Late_Summer_Weekend,4,A,Television,0.0
Late_Summer_Weekend,4,A,Iron,0.0
Late_Summer_Weekend,4,A,Refrigerator,0.25
Late_Summer_Weekend,4,A,Washing Machine,0.0
Late_Summer_Weekend,4,B,LED Light,0.0
Late_Summer_Weekend,4,B,Ceiling Fan,2.0
Late_Summer_Weekend,4,B,Television,0.0
Late_Summer_Weekend,4,B,Iron,0.0
Late_Summer_Weekend,4,B,Refrigerator,0.25
Late_Summer_Weekend,4,C,LED Light,0.0
Late_Summer_Weekend,4,C,Ceiling Fan,1.0
Late_Summer_Weekend,4,Misc,Hospital,0.7
Late_Summer_Weekend,4,Misc,Street Light,10.0
Late_Summer_Weekend,4,Misc,Cold Storage,3.0
Late_Summer_Weekend,4,Misc,School,0.0
Late_Summer_Weekend,4,Misc,Others,0.3
Late_Summer_Weekend,5,A,LED Light,2.0
Late_Summer_Weekend,5,A,Ceiling Fan,3.0
Late_Summer_Weekend,5,A,Television,0.0
Late_Summer_Weekend,5,A,Iron,0.0
Late_Summer_Weekend,5,A,Refrigerator,0.25
Late_Summer_Weekend,5,A,Washing Machine,0.0
Late_Summer_Weekend,5,B,LED Light,0.0
Late_Summer_Weekend,5,B,Ceiling Fan,2.0
Late_Summer_Weekend,5,B,Television,0.0
Late_Summer_Weekend,5,B,Iron,0.0
Late_Summer_Weekend,5,B,Refrigerator,0.25
Late_Summer_Weekend,5,C,LED Light,1.0
Late_Summer_Weekend,5,C,Ceiling Fan,1.0
Late_Summer_Weekend,5,Misc,Hospital,0.7
Late_Summer_Weekend,5,Misc,Street Light,5.0
Late_Summer_Weekend,5,Misc,Cold Storage,3.0
Late_Summer_Weekend,5,Misc,School,0.0
Late_Summer_Weekend,5,Misc,Others,0.3
Late_Summer_Weekend,6,A,LED Light,1.0
Late_Summer_Weekend,6,A,Ceiling Fan,1.0
Late_Summer_Weekend,6,A,Television,1.0
Late_Summer_Weekend,6,A,Iron,0.0
Late_Summer_Weekend,6,A,Refrigerator,0.25
Late_Summer_Weekend,6,A,Washing Machine,0.0
Late_Summer_Weekend,6,B,LED Light,1.0
Late_Summer_Weekend,6,B,Ceiling Fan,1.0
Late_Summer_Weekend,6,B,Television,0.0
Late_Summer_Weekend,6,B,Iron,0.0
Late_Summer_Weekend,6,B,Refrigerator,0.25
Late_Summer_Weekend,6,C,LED Light,0.0
Late_Summer_Weekend,6,C,Ceiling Fan,1.0
Late_Summer_Weekend,6,Misc,Hospital,0.7
Late_Summer_Weekend,6,Misc,Street Light,0.0
Late_Summer_Weekend,6,Misc,Cold Storage,3.0
Late_Summer_Weekend,6,Misc,School,0.0
Late_Summer_Weekend,6,Misc,Others,0.2
Late_Summer_Weekend,7,A,LED Light,1.0
Late_Summer_Weekend,7,A,Ceiling Fan,1.0
Late_Summer_Weekend,7,A,Television,1.0
Late_Summer_Weekend,7,A,Iron,0.0
Late_Summer_Weekend,7,A,Refrigerator,0.25
Late_Summer_Weekend,7,A,Washing Machine,0.0
Late_Summer_Weekend,7,B,LED Light,1.0
Late_Summer_Weekend,7,B,Ceiling Fan,1.0
Late_Summer_Weekend,7,B,Television,0.0
Late_Summer_Weekend,7,B,Iron,0.0
Late_Summer_Weekend,7,B,Refrigerator,0.25
Late_Summer_Weekend,7,C,LED Light,0.0
Late_Summer_Weekend,7,C,Ceiling Fan,1.0
Late_Summer_Weekend,7,Misc,Hospital,0.7
Late_Summer_Weekend,7,Misc,Street Light,0.0
Late_Summer_Weekend,7,Misc,Cold Storage,3.0
Late_Summer_Weekend,7,Misc,School,0.0
Late_Summer_Weekend,7,Misc,Others,1.0
Late_Summer_Weekend,8,A,LED Light,1.0
Late_Summer_Weekend,8,A,Ceiling Fan,1.0
Late_Summer_Weekend,8,A,Television,1.0
Late_Summer_Weekend,8,A,Iron,0.0
Late_Summer_Weekend,8,A,Refrigerator,0.25
Late_Summer_Weekend,8,A,Washing Machine,0.0
Late_Summer_Weekend,8,B,LED Light,1.0
Late_Summer_Weekend,8,B,Ceiling Fan,1.0
Late_Summer_Weekend,8,B,Television,1.0
Late_Summer_Weekend,8,B,Iron,0.0
Late_Summer_Weekend,8,B,Refrigerator,0.25
Late_Summer_Weekend,8,C,LED Light,0.0
Late_Summer_Weekend,8,C,Ceiling Fan,1.0
Late_Summer_Weekend,8,Misc,Hospital,0.7
Late_Summer_Weekend,8,Misc,Street Light,0.0
Late_Summer_Weekend,8,Misc,Cold Storage,3.0
Late_Summer_Weekend,8,Misc,School,0.0
Late_Summer_Weekend,8,Misc,Others,1.0
Late_Summer_Weekend,9,A,LED Light,1.0
Late_Summer_Weekend,9,A,Ceiling Fan,1.0
Late_Summer_Weekend,9,A,Television,1.0
Late_Summer_Weekend,9,A,Iron,0.0
Late_Summer_Weekend,9,A,Refrigerator,0.25
Late_Summer_Weekend,9,A,Washing Machine,1.0
Late_Summer_Weekend,9,B,LED Light,1.0
Late_Summer_Weekend,9,B,Ceiling Fan,1.0
Late_Summer_Weekend,9,B,Television,1.0
Late_Summer_Weekend,9,B,Iron,0.0
Late_Summer_Weekend,9,B,Refrigerator,0.25
Late_Summer_Weekend,9,C,LED Light,0.0
Late_Summer_Weekend,9,C,Ceiling Fan,1.0
Late_Summer_Weekend,9,Misc,Hospital,0.7
Late_Summer_Weekend,9,Misc,Street Light,0.0
Late_Summer_Weekend,9,Misc,Cold Storage,3.0
Late_Summer_Weekend,9,Misc,School,0.0
Late_Summer_Weekend,9,Misc,Others,1.0
Late_Summer_Weekend,10,A,LED Light,1.0
Late_Summer_Weekend,10,A,Ceiling Fan,1.0
Late_Summer_Weekend,10,A,Television,1.0
Late_Summer_Weekend,10,A,Iron,0.0
Late_Summer_Weekend,10,A,Refrigerator,0.25
Late_Summer_Weekend,10,A,Washing Machine,1.0
Late_Summer_Weekend,10,B,LED Light,1.0
Late_Summer_Weekend,10,B,Ceiling Fan,1.0
Late_Summer_Weekend,10,B,Television,1.0
Late_Summer_Weekend,10,B,Iron,0.0
Late_Summer_Weekend,10,B,Refrigerator,0.25
Late_Summer_Weekend,10,C,LED Light,1.0
Late_Summer_Weekend,10,C,Ceiling Fan,1.0
Late_Summer_Weekend,10,Misc,Hospital,1.0
Late_Summer_Weekend,10,Misc,Street Light,0.0
Late_Summer_Weekend,10,Misc,Cold Storage,2.0
Late_Summer_Weekend,10,Misc,School,0.0
Late_Summer_Weekend,10,Misc,Others,1.0
Late_Summer_Weekend,11,A,LED Light,1.0
Late_Summer_Weekend,11,A,Ceiling Fan,2.0
Late_Summer_Weekend,11,A,Television,1.0
Late_Summer_Weekend,11,A,Iron,0.0
Late_Summer_Weekend,11,A,Refrigerator,0.25
Late_Summer_Weekend,11,A,Washing Machine,1.0
Late_Summer_Weekend,11,B,LED Light,1.0
Late_Summer_Weekend,11,B,Ceiling Fan,1.0
Late_Summer_Weekend,11,B,Television,1.0
Late_Summer_Weekend,11,B,Iron,0.0
Late_Summer_Weekend,11,B,Refrigerator,0.25
Late_Summer_Weekend,11,C,LED Light,1.0
Late_Summer_Weekend,11,C,Ceiling Fan,1.0
Late_Summer_Weekend,11,Misc,Hospital,1.0
Late_Summer_Weekend,11,Misc,Street Light,0.0
Late_Summer_Weekend,11,Misc,Cold Storage,2.0
Late_Summer_Weekend,11,Misc,School,0.0
Late_Summer_Weekend,11,Misc,Others,1.0
Late_Summer_Weekend,12,A,LED Light,1.0
Late_Summer_Weekend,12,A,Ceiling Fan,2.0
Late_Summer_Weekend,12,A,Television,1.0
Late_Summer_Weekend,12,A,Iron,0.0
Late_Summer_Weekend,12,A,Refrigerator,0.25
Late_Summer_Weekend,12,A,Washing Machine,0.0
Late_Summer_Weekend,12,B,LED Light,1.0
Late_Summer_Weekend,12,B,Ceiling Fan,1.0
Late_Summer_Weekend,12,B,Television,1.0
Late_Summer_Weekend,12,B,Iron,0.0
Late_Summer_Weekend,12,B,Refrigerator,0.25
Late_Summer_Weekend,12,C,LED Light,1.0
Late_Summer_Weekend,12,C,Ceiling Fan,1.0
Late_Summer_Weekend,12,Misc,Hospital,1.0
Late_Summer_Weekend,12,Misc,Street Light,0.0
Late_Summer_Weekend,12,Misc,Cold Storage,2.0
Late_Summer_Weekend,12,Misc,School,0.0
Late_Summer_Weekend,12,Misc,Others,1.0
Late_Summer_Weekend,13,A,LED Light,1.0
Late_Summer_Weekend,13,A,Ceiling Fan,2.0
Late_Summer_Weekend,13,A,Television,1.0
Late_Summer_Weekend,13,A,Iron,1.0
Late_Summer_Weekend,13,A,Refrigerator,0.25
Late_Summer_Weekend,13,A,Washing Machine,0.0
Late_Summer_Weekend,13,B,LED Light,1.0
Late_Summer_Weekend,13,B,Ceiling Fan,2.0
Late_Summer_Weekend,13,B,Television,1.0
Late_Summer_Weekend,13,B,Iron,1.0
Late_Summer_Weekend,13,B,Refrigerator,0.25
Late_Summer_Weekend,13,C,LED Light,1.0
Late_Summer_Weekend,13,C,Ceiling Fan,1.0
Late_Summer_Weekend,13,Misc,Hospital,1.0
Late_Summer_Weekend,13,Misc,Street Light,0.0
Late_Summer_Weekend,13,Misc,Cold Storage,2.0
Late_Summer_Weekend,13,Misc,School,0.0
Late_Summer_Weekend,13,Misc,Others,1.0
Late_Summer_Weekend,14,A,LED Light,1.0
Late_Summer_Weekend,14,A,Ceiling Fan,2.0
Late_Summer_Weekend,14,A,Television,1.0
Late_Summer_Weekend,14,A,Iron,1.0
Late_Summer_Weekend,14,A,Refrigerator,0.25
Late_Summer_Weekend,14,A,Washing Machine,0.0
Late_Summer_Weekend,14,B,LED Light,2.0
Late_Summer_Weekend,14,B,Ceiling Fan,2.0
Late_Summer_Weekend,14,B,Television,1.0
Late_Summer_Weekend,14,B,Iron,0.0
Late_Summer_Weekend,14,B,Refrigerator,0.25
Late_Summer_Weekend,14,C,LED Light,1.0
Late_Summer_Weekend,14,C,Ceiling Fan,1.0
Late_Summer_Weekend,14,Misc,Hospital,1.0
Late_Summer_Weekend,14,Misc,Street Light,0.0
Late_Summer_Weekend,14,Misc,Cold Storage,2.0
Late_Summer_Weekend,14,Misc,School,0.0
Late_Summer_Weekend,14,Misc,Others,1.0
Late_Summer_Weekend,15,A,LED Light,2.0
Late_Summer_Weekend,15,A,Ceiling Fan,2.0
Late_Summer_Weekend,15,A,Television,1.0
Late_Summer_Weekend,15,A,Iron,0.0
Late_Summer_Weekend,15,A,Refrigerator,0.25
Late_Summer_Weekend,15,A,Washing Machine,0.0
Late_Summer_Weekend,15,B,LED Light,2.0
Late_Summer_Weekend,15,B,Ceiling Fan,2.0
Late_Summer_Weekend,15,B,Television,1.0
Late_Summer_Weekend,15,B,Iron,0.0
Late_Summer_Weekend,15,B,Refrigerator,0.25
Late_Summer_Weekend,15,C,LED Light,1.0
Late_Summer_Weekend,15,C,Ceiling Fan,1.0
Late_Summer_Weekend,15,Misc,Hospital,1.0
Late_Summer_Weekend,15,Misc,Street Light,0.0
Late_Summer_Weekend,15,Misc,Cold Storage,1.0
Late_Summer_Weekend,15,Misc,School,0.0
Late_Summer_Weekend,15,Misc,Others,1.0
Late_Summer_Weekend,16,A,LED Light,2.0
Late_Summer_Weekend,16,A,Ceiling Fan,3.0
Late_Summer_Weekend,16,A,Television,1.0
Late_Summer_Weekend,16,A,Iron,0.0
Late_Summer_Weekend,16,A,Refrigerator,0.25
Late_Summer_Weekend,16,A,Washing Machine,0.0
Late_Summer_Weekend,16,B,LED Light,2.0
Late_Summer_Weekend,16,B,Ceiling Fan,2.0
Late_Summer_Weekend,16,B,Television,1.0
Late_Summer_Weekend,16,B,Iron,0.0
Late_Summer_Weekend,16,B,Refrigerator,0.25
Late_Summer_Weekend,16,C,LED Light,1.0
Late_Summer_Weekend,16,C,Ceiling Fan,1.0
Late_Summer_Weekend,16,Misc,Hospital,0.7
Late_Summer_Weekend,16,Misc,Street Light,5.0
Late_Summer_Weekend,16,Misc,Cold Storage,1.0
Late_Summer_Weekend,16,Misc,School,0.0
Late_Summer_Weekend,16,Misc,Others,1.0
Late_Summer_Weekend,17,A,LED Light,3.0
Late_Summer_Weekend,17,A,Ceiling Fan,3.0
Late_Summer_Weekend,17,A,Television,1.0
Late_Summer_Weekend,17,A,Iron,0.0
Late_Summer_Weekend,17,A,Refrigerator,0.25
Late_Summer_Weekend,17,A,Washing Machine,0.0
Late_Summer_Weekend,17,B,LED Light,2.0
Late_Summer_Weekend,17,B,Ceiling Fan,2.0
Late_Summer_Weekend,17,B,Television,1.0
Late_Summer_Weekend,17,B,Iron,0.0
Late_Summer_Weekend,17,B,Refrigerator,0.25
Late_Summer_Weekend,17,C,LED Light,2.0
Late_Summer_Weekend,17,C,Ceiling Fan,1.0
Late_Summer_Weekend,17,Misc,Hospital,0.7
Late_Summer_Weekend,17,Misc,Street Light,25.0
Late_Summer_Weekend,17,Misc,Cold Storage,1.0
Late_Summer_Weekend,17,Misc,School,0.0
Late_Summer_Weekend,17,Misc,Others,0.5
Late_Summer_Weekend,18,A,LED Light,4.0
Late_Summer_Weekend,18,A,Ceiling Fan,3.0
Late_Summer_Weekend,18,A,Television,1.0
Late_Summer_Weekend,18,A,Iron,0.0
Late_Summer_Weekend,18,A,Refrigerator,0.25
Late_Summer_Weekend,18,A,Washing Machine,0.0
Late_Summer_Weekend,18,B,LED Light,3.0
Late_Summer_Weekend,18,B,Ceiling Fan,2.0
Late_Summer_Weekend,18,B,Television,1.0
Late_Summer_Weekend,18,B,Iron,0.0
Late_Summer_Weekend,18,B,Refrigerator,0.25
Late_Summer_Weekend,18,C,LED Light,2.0
Late_Summer_Weekend,18,C,Ceiling Fan,1.0
Late_Summer_Weekend,18,Misc,Hospital,0.7
Late_Summer_Weekend,18,Misc,Street Light,35.0
Late_Summer_Weekend,18,Misc,Cold Storage,1.0
Late_Summer_Weekend,18,Misc,School,0.0
Late_Summer_Weekend,18,Misc,Others,0.5
Late_Summer_Weekend,19,A,LED Light,5.0
Late_Summer_Weekend,19,A,Ceiling Fan,3.0
Late_Summer_Weekend,19,A,Television,1.0
Late_Summer_Weekend,19,A,Iron,0.0
Late_Summer_Weekend,19,A,Refrigerator,0.25
Late_Summer_Weekend,19,A,Washing Machine,0.0
Late_Summer_Weekend,19,B,LED Light,3.0
Late_Summer_Weekend,19,B,Ceiling Fan,2.0
Late_Summer_Weekend,19,B,Television,1.0
Late_Summer_Weekend,19,B,Iron,0.0
Late_Summer_Weekend,19,B,Refrigerator,0.25
Late_Summer_Weekend,19,C,LED Light,1.0
Late_Summer_Weekend,19,C,Ceiling Fan,1.0
Late_Summer_Weekend,19,Misc,Hospital,0.7
Late_Summer_Weekend,19,Misc,Street Light,40.0
Late_Summer_Weekend,19,Misc,Cold Storage,1.0
Late_Summer_Weekend,19,Misc,School,0.0
Late_Summer_Weekend,19,Misc,Others,0.4
Late_Summer_Weekend,20,A,LED Light,5.0
Late_Summer_Weekend,20,A,Ceiling Fan,3.0
Late_Summer_Weekend,20,A,Television,1.0
Late_Summer_Weekend,20,A,Iron,0.0
Late_Summer_Weekend,20,A,Refrigerator,0.25
Late_Summer_Weekend,20,A,Washing Machine,0.0
Late_Summer_Weekend,20,B,LED Light,3.0
Late_Summer_Weekend,20,B,Ceiling Fan,2.0
Late_Summer_Weekend,20,B,Television,1.0
Late_Summer_Weekend,20,B,Iron,0.0
Late_Summer_Weekend,20,B,Refrigerator,0.25
Late_Summer_Weekend,20,C,LED Light,1.0
Late_Summer_Weekend,20,C,Ceiling Fan,1.0
Late_Summer_Weekend,20,Misc,Hospital,0.7
Late_Summer_Weekend,20,Misc,Street Light,50.0
Late_Summer_Weekend,20,Misc,Cold Storage,1.0
Late_Summer_Weekend,20,Misc,School,0.0
Late_Summer_Weekend,20,Misc,Others,0.4
Late_Summer_Weekend,21,A,LED Light,3.0
Late_Summer_Weekend,21,A,Ceiling Fan,3.0
Late_Summer_Weekend,21,A,Television,1.0
Late_Summer_Weekend,21,A,Iron,0.0
Late_Summer_Weekend,21,A,Refrigerator,0.25
Late_Summer_Weekend,21,A,Washing Machine,0.0
Late_Summer_Weekend,21,B,LED Light,2.0
Late_Summer_Weekend,21,B,Ceiling Fan,2.0
Late_Summer_Weekend,21,B,Television,1.0
Late_Summer_Weekend,21,B,Iron,0.0
Late_Summer_Weekend,21,B,Refrigerator,0.25
Late_Summer_Weekend,21,C,LED Light,1.0
Late_Summer_Weekend,21,C,Ceiling Fan,1.0
Late_Summer_Weekend,21,Misc,Hospital,0.7
Late_Summer_Weekend,21,Misc,Street Light,50.0
Late_Summer_Weekend,21,Misc,Cold Storage,1.0
Late_Summer_Weekend,21,Misc,School,0.0
Late_Summer_Weekend,21,Misc,Others,0.3
Late_Summer_Weekend,22,A,LED Light,3.0
Late_Summer_Weekend,22,A,Ceiling Fan,2.0
Late_Summer_Weekend,22,A,Television,1.0
Late_Summer_Weekend,22,A,Iron,0.0
Late_Summer_Weekend,22,A,Refrigerator,0.25
Late_Summer_Weekend,22,A,Washing Machine,0.0
Late_Summer_Weekend,22,B,LED Light,2.0
Late_Summer_Weekend,22,B,Ceiling Fan,2.0
Late_Summer_Weekend,22,B,Television,1.0
Late_Summer_Weekend,22,B,Iron,0.0
Late_Summer_Weekend,22,B,Refrigerator,0.25
Late_Summer_Weekend,22,C,LED Light,0.0
Late_Summer_Weekend,22,C,Ceiling Fan,1.0
Late_Summer_Weekend,22,Misc,Hospital,0.7
Late_Summer_Weekend,22,Misc,Street Light,50.0
Late_Summer_Weekend,22,Misc,Cold Storage,1.0
Late_Summer_Weekend,22,Misc,School,0.0
Late_Summer_Weekend,22,Misc,Others,0.3
Late_Summer_Weekend,23,A,LED Light,1.0
Late_Summer_Weekend,23,A,Ceiling Fan,2.0
Late_Summer_Weekend,23,A,Television,1.0
Late_Summer_Weekend,23,A,Iron,0.0
Late_Summer_Weekend,23,A,Refrigerator,0.25
Late_Summer_Weekend,23,A,Washing Machine,0.0
Late_Summer_Weekend,23,B,LED Light,0.0
Late_Summer_Weekend,23,B,Ceiling Fan,2.0
Late_Summer_Weekend,23,B,Television,1.0
Late_Summer_Weekend,23,B,Iron,0.0
Late_Summer_Weekend,23,B,Refrigerator,0.25
Late_Summer_Weekend,23,C,LED Light,0.0
Late_Summer_Weekend,23,C,Ceiling Fan,1.0
Late_Summer_Weekend,23,Misc,Hospital,0.7
Late_Summer_Weekend,23,Misc,Street Light,50.0
Late_Summer_Weekend,23,Misc,Cold Storage,1.0
Late_Summer_Weekend,23,Misc,School,0.0
Late_Summer_Weekend,23,Misc,Others,0.3
Public_Holiday,0,A,LED Light,4.0
Public_Holiday,0,A,Ceiling Fan,2.0
Public_Holiday,0,A,Television,1.0
Public_Holiday,0,A,Iron,0.0
Public_Holiday,0,A,Refrigerator,0.25
Public_Holiday,0,A,Washing Machine,0.0
Public_Holiday,0,B,LED Light,3.0
Public_Holiday,0,B,Ceiling Fan,1.0
Public_Holiday,0,B,Television,1.0
Public_Holiday,0,B,Iron,0.0
Public_Holiday,0,B,Refrigerator,0.25
Public_Holiday,0,C,LED Light,0.0
Public_Holiday,0,C,Ceiling Fan,0.0
Public_Holiday,0,Misc,Hospital,0.3
Public_Holiday,0,Misc,Street Light,35.0
Public_Holiday,0,Misc,Cold Storage,2.0
Public_Holiday,0,Misc,School,0.0
Public_Holiday,0,Misc,Others,0.8
Public_Holiday,1,A,LED Light,4.0
Public_Holiday,1,A,Ceiling Fan,2.0
Public_Holiday,1,A,Television,1.0
Public_Holiday,1,A,Iron,0.0
Public_Holiday,1,A,Refrigerator,0.25
Public_Holiday,1,A,Washing Machine,0.0
Public_Holiday,1,B,LED Light,3.0
Public_Holiday,1,B,Ceiling Fan,1.0
Public_Holiday,1,B,Television,1.0
Public_Holiday,1,B,Iron,0.0
Public_Holiday,1,B,Refrigerator,0.25
Public_Holiday,1,C,LED Light,0.0
Public_Holiday,1,C,Ceiling Fan,0.0
Public_Holiday,1,Misc,Hospital,0.3
Public_Holiday,1,Misc,Street Light,35.0
Public_Holiday,1,Misc,Cold Storage,2.0
Public_Holiday,1,Misc,School,0.0
Public_Holiday,1,Misc,Others,0.8
Public_Holiday,2,A,LED Light,3.0
Public_Holiday,2,A,Ceiling Fan,2.0
Public_Holiday,2,A,Television,0.0
Public_Holiday,2,A,Iron,0.0
Public_Holiday,2,A,Refrigerator,0.25
Public_Holiday,2,A,Washing Machine,0.0
Public_Holiday,2,B,LED Light,2.0
Public_Holiday,2,B,Ceiling Fan,1.0
Public_Holiday,2,B,Television,0.0
Public_Holiday,2,B,Iron,0.0
Public_Holiday,2,B,Refrigerator,0.25
Public_Holiday,2,C,LED Light,0.0
Public_Holiday,2,C,Ceiling Fan,0.0
Public_Holiday,2,Misc,Hospital,0.3
Public_Holiday,2,Misc,Street Light,35.0
Public_Holiday,2,Misc,Cold Storage,2.0
Public_Holiday,2,Misc,School,0.0
Public_Holiday,2,Misc,Others,0.1
Public_Holiday,3,A,LED Light,3.0
Public_Holiday,3,A,Ceiling Fan,2.0
Public_Holiday,3,A,Television,0.0
Public_Holiday,3,A,Iron,0.0
Public_Holiday,3,A,Refrigerator,0.25
Public_Holiday,3,A,Washing Machine,0.0
Public_Holiday,3,B,LED Light,2.0
Public_Holiday,3,B,Ceiling Fan,1.0
Public_Holiday,3,B,Television,0.0
Public_Holiday,3,B,Iron,0.0
Public_Holiday,3,B,Refrigerator,0.25
Public_Holiday,3,C,LED Light,0.0
Public_Holiday,3,C,Ceiling Fan,0.0
Public_Holiday,3,Misc,Hospital,0.3
Public_Holiday,3,Misc,Street Light,20.0
Public_Holiday,3,Misc,Cold Storage,3.0
Public_Holiday,3,Misc,School,0.0
Public_Holiday,3,Misc,Others,0.1
Public_Holiday,4,A,LED Light,3.0
Public_Holiday,4,A,Ceiling Fan,2.0
Public_Holiday,4,A,Television,0.0
Public_Holiday,4,A,Iron,0.0
Public_Holiday,4,A,Refrigerator,0.25
Public_Holiday,4,A,Washing Machine,0.0
Public_Holiday,4,B,LED Light,2.0
Public_Holiday,4,B,Ceiling Fan,1.0
Public_Holiday,4,B,Television,0.0
Public_Holiday,4,B,Iron,0.0
Public_Holiday,4,B,Refrigerator,0.25
Public_Holiday,4,C,LED Light,0.0
Public_Holiday,4,C,Ceiling Fan,0.0
Public_Holiday,4,Misc,Hospital,0.3
Public_Holiday,4,Misc,Street Light,10.0
Public_Holiday,4,Misc,Cold Storage,3.0
Public_Holiday,4,Misc,School,0.0
Public_Holiday,4,Misc,Others,0.1
Public_Holiday,5,A,LED Light,2.0
Public_Holiday,5,A,Ceiling Fan,3.0
Public_Holiday,5,A,Television,0.0
Public_Holiday,5,A,Iron,0.0
Public_Holiday,5,A,Refrigerator,0.25
Public_Holiday,5,A,Washing Machine,0.0
Public_Holiday,5,B,LED Light,2.0
Public_Holiday,5,B,Ceiling Fan,2.0
Public_Holiday,5,B,Television,0.0
Public_Holiday,5,B,Iron,0.0
Public_Holiday,5,B,Refrigerator,0.25
Public_Holiday,5,C,LED Light,1.0
Public_Holiday,5,C,Ceiling Fan,0.0
Public_Holiday,5,Misc,Hospital,0.3
Public_Holiday,5,Misc,Street Light,5.0
Public_Holiday,5,Misc,Cold Storage,3.0
Public_Holiday,5,Misc,School,0.0
Public_Holiday,5,Misc,Others,0.8
Public_Holiday,6,A,LED Light,2.0
Public_Holiday,6,A,Ceiling Fan,2.0
Public_Holiday,6,A,Television,1.0
Public_Holiday,6,A,Iron,0.0
Public_Holiday,6,A,Refrigerator,0.25
Public_Holiday,6,A,Washing Machine,0.0
Public_Holiday,6,B,LED Light,2.0
Public_Holiday,6,B,Ceiling Fan,1.0
Public_Holiday,6,B,Television,1.0
Public_Holiday,6,B,Iron,0.0
Public_Holiday,6,B,Refrigerator,0.25
Public_Holiday,6,C,LED Light,1.0
Public_Holiday,6,C,Ceiling Fan,0.0
Public_Holiday,6,Misc,Hospital,0.3
Public_Holiday,6,Misc,Street Light,0.0
Public_Holiday,6,Misc,Cold Storage,3.0
Public_Holiday,6,Misc,School,0.0
Public_Holiday,6,Misc,Others,0.8
Public_Holiday,7,A,LED Light,2.0
Public_Holiday,7,A,Ceiling Fan,2.0
Public_Holiday,7,A,Television,1.0
Public_Holiday,7,A,Iron,0.0
Public_Holiday,7,A,Refrigerator,0.25
Public_Holiday,7,A,Washing Machine,0.0
Public_Holiday,7,B,LED Light,2.0
Public_Holiday,7,B,Ceiling Fan,1.0
Public_Holiday,7,B,Television,1.0
Public_Holiday,7,B,Iron,0.0
Public_Holiday,7,B,Refrigerator,0.25
Public_Holiday,7,C,LED Light,1.0
Public_Holiday,7,C,Ceiling Fan,0.0
Public_Holiday,7,Misc,Hospital,0.5
Public_Holiday,7,Misc,Street Light,0.0
Public_Holiday,7,Misc,Cold Storage,3.0
Public_Holiday,7,Misc,School,0.0
Public_Holiday,7,Misc,Others,1.0
Public_Holiday,8,A,LED Light,2.0
Public_Holiday,8,A,Ceiling Fan,2.0
Public_Holiday,8,A,Television,1.0
Public_Holiday,8,A,Iron,0.0
Public_Holiday,8,A,Refrigerator,0.25
Public_Holiday,8,A,Washing Machine,0.0
Public_Holiday,8,B,LED Light,2.0
Public_Holiday,8,B,Ceiling Fan,1.0
Public_Holiday,8,B,Television,1.0
Public_Holiday,8,B,Iron,0.0
Public_Holiday,8,B,Refrigerator,0.25
Public_Holiday,8,C,LED Light,0.0
Public_Holiday,8,C,Ceiling Fan,0.0
Public_Holiday,8,Misc,Hospital,0.5
Public_Holiday,8,Misc,Street Light,0.0
Public_Holiday,8,Misc,Cold Storage,3.0
Public_Holiday,8,Misc,School,0.0
Public_Holiday,8,Misc,Others,1.0
Public_Holiday,9,A,LED Light,2.0
Public_Holiday,9,A,Ceiling Fan,2.0
Public_Holiday,9,A,Television,1.0
Public_Holiday,9,A,Iron,0.0
Public_Holiday,9,A,Refrigerator,0.25
Public_Holiday,9,A,Washing Machine,0.0
Public_Holiday,9,B,LED Light,2.0
Public_Holiday,9,B,Ceiling Fan,1.0
Public_Holiday,9,B,Television,1.0
Public_Holiday,9,B,Iron,0.0
Public_Holiday,9,B,Refrigerator,0.25
Public_Holiday,9,C,LED Light,0.0
Public_Holiday,9,C,Ceiling Fan,0.0
Public_Holiday,9,Misc,Hospital,0.5
Public_Holiday,9,Misc,Street Light,0.0
Public_Holiday,9,Misc,Cold Storage,3.0
Public_Holiday,9,Misc,School,0.0
Public_Holiday,9,Misc,Others,1.0
Public_Holiday,10,A,LED Light,2.0
Public_Holiday,10,A,Ceiling Fan,2.0
Public_Holiday,10,A,Television,1.0
Public_Holiday,10,A,Iron,0.0
Public_Holiday,10,A,Refrigerator,0.25
Public_Holiday,10,A,Washing Machine,1.0
Public_Holiday,10,B,LED Light,2.0
Public_Holiday,10,B,Ceiling Fan,1.0
Public_Holiday,10,B,Television,1.0
Public_Holiday,10,B,Iron,0.0
Public_Holiday,10,B,Refrigerator,0.25
Public_Holiday,10,C,LED Light,1.0
Public_Holiday,10,C,Ceiling Fan,1.0
Public_Holiday,10,Misc,Hospital,0.5
Public_Holiday,10,Misc,Street Light,0.0
Public_Holiday,10,Misc,Cold Storage,2.0
Public_Holiday,10,Misc,School,0.0
Public_Holiday,10,Misc,Others,1.0
Public_Holiday,11,A,LED Light,2.0
Public_Holiday,11,A,Ceiling Fan,2.0
Public_Holiday,11,A,Television,1.0
Public_Holiday,11,A,Iron,0.0
Public_Holiday,11,A,Refrigerator,0.25
Public_Holiday,11,A,Washing Machine,0.0
Public_Holiday,11,B,LED Light,2.0
Public_Holiday,11,B,Ceiling Fan,1.0
Public_Holiday,11,B,Television,1.0
Public_Holiday,11,B,Iron,0.0
Public_Holiday,11,B,Refrigerator,0.25
Public_Holiday,11,C,LED Light,1.0
Public_Holiday,11,C,Ceiling Fan,1.0
Public_Holiday,11,Misc,Hospital,0.5
Public_Holiday,11,Misc,Street Light,0.0
Public_Holiday,11,Misc,Cold Storage,2.0
Public_Holiday,11,Misc,School,0.0
Public_Holiday,11,Misc,Others,1.0
Public_Holiday,12,A,LED Light,2.0
Public_Holiday,12,A,Ceiling Fan,2.0
Public_Holiday,12,A,Television,1.0
Public_Holiday,12,A,Iron,0.0
Public_Holiday,12,A,Refrigerator,0.25
Public_Holiday,12,A,Washing Machine,0.0
Public_Holiday,12,B,LED Light,2.0
Public_Holiday,12,B,Ceiling Fan,1.0
Public_Holiday,12,B,Television,1.0
Public_Holiday,12,B,Iron,0.0
Public_Holiday,12,B,Refrigerator,0.25
Public_Holiday,12,C,LED Light,1.0
Public_Holiday,12,C,Ceiling Fan,1.0
Public_Holiday,12,Misc,Hospital,0.5
Public_Holiday,12,Misc,Street Light,0.0
Public_Holiday,12,Misc,Cold Storage,2.0
Public_Holiday,12,Misc,School,0.0
Public_Holiday,12,Misc,Others,1.0
Public_Holiday,13,A,LED Light,2.0
Public_Holiday,13,A,Ceiling Fan,2.0
Public_Holiday,13,A,Television,1.0
Public_Holiday,13,A,Iron,0.0
Public_Holiday,13,A,Refrigerator,0.25
Public_Holiday,13,A,Washing Machine,0.0
Public_Holiday,13,B,LED Light,2.0
Public_Holiday,13,B,Ceiling Fan,1.0
Public_Holiday,13,B,Television,1.0
Public_Holiday,13,B,Iron,0.0
Public_Holiday,13,B,Refrigerator,0.25
Public_Holiday,13,C,LED Light,1.0
Public_Holiday,13,C,Ceiling Fan,1.0
Public_Holiday,13,Misc,Hospital,0.5
Public_Holiday,13,Misc,Street Light,0.0
Public_Holiday,13,Misc,Cold Storage,2.0
Public_Holiday,13,Misc,School,0.0
Public_Holiday,13,Misc,Others,1.0
Public_Holiday,14,A,LED Light,5.0
Public_Holiday,14,A,Ceiling Fan,2.0
Public_Holiday,14,A,Television,1.0
Public_Holiday,14,A,Iron,0.0
Public_Holiday,14,A,Refrigerator,0.25
Public_Holiday,14,A,Washing Machine,0.0
Public_Holiday,14,B,LED Light,3.0
Public_Holiday,14,B,Ceiling Fan,1.0
Public_Holiday,14,B,Television,1.0
Public_Holiday,14,B,Iron,0.0
Public_Holiday,14,B,Refrigerator,0.25
Public_Holiday,14,C,LED Light,1.0
Public_Holiday,14,C,Ceiling Fan,1.0
Public_Holiday,14,Misc,Hospital,0.5
Public_Holiday,14,Misc,Street Light,0.0
Public_Holiday,14,Misc,Cold Storage,2.0
Public_Holiday,14,Misc,School,0.0
Public_Holiday,14,Misc,Others,1.0
Public_Holiday,15,A,LED Light,5.0
Public_Holiday,15,A,Ceiling Fan,2.0
Public_Holiday,15,A,Television,1.0
Public_Holiday,15,A,Iron,1.0
Public_Holiday,15,A,Refrigerator,0.25
Public_Holiday,15,A,Washing Machine,0.0
Public_Holiday,15,B,LED Light,3.0
Public_Holiday,15,B,Ceiling Fan,1.0
Public_Holiday,15,B,Television,1.0
Public_Holiday,15,B,Iron,1.0
Public_Holiday,15,B,Refrigerator,0.25
Public_Holiday,15,C,LED Light,1.0
Public_Holiday,15,C,Ceiling Fan,1.0
Public_Holiday,15,Misc,Hospital,0.5
Public_Holiday,15,Misc,Street Light,0.0
Public_Holiday,15,Misc,Cold Storage,1.0
Public_Holiday,15,Misc,School,0.0
Public_Holiday,15,Misc,Others,1.0
Public_Holiday,16,A,LED Light,5.0
Public_Holiday,16,A,Ceiling Fan,2.0
Public_Holiday,16,A,Television,1.0
Public_Holiday,16,A,Iron,0.0
Public_Holiday,16,A,Refrigerator,0.25
Public_Holiday,16,A,Washing Machine,0.0
Public_Holiday,16,B,LED Light,3.0
Public_Holiday,16,B,Ceiling Fan,1.0
Public_Holiday,16,B,Television,1.0
Public_Holiday,16,B,Iron,0.0
Public_Holiday,16,B,Refrigerator,0.25
Public_Holiday,16,C,LED Light,1.0
Public_Holiday,16,C,Ceiling Fan,1.0
Public_Holiday,16,Misc,Hospital,0.5
Public_Holiday,16,Misc,Street Light,5.0
Public_Holiday,16,Misc,Cold Storage,1.0
Public_Holiday,16,Misc,School,0.0
Public_Holiday,16,Misc,Others,1.0
Public_Holiday,17,A,LED Light,5.0
Public_Holiday,17,A,Ceiling Fan,2.0
Public_Holiday,17,A,Television,1.0
Public_Holiday,17,A,Iron,0.0
Public_Holiday,17,A,Refrigerator,0.25
Public_Holiday,17,A,Washing Machine,0.0
Public_Holiday,17,B,LED Light,3.0
Public_Holiday,17,B,Ceiling Fan,1.0
Public_Holiday,17,B,Television,1.0
Public_Holiday,17,B,Iron,0.0
Public_Holiday,17,B,Refrigerator,0.25
Public_Holiday,17,C,LED Light,2.0
Public_Holiday,17,C,Ceiling Fan,1.0
Public_Holiday,17,Misc,Hospital,0.5
Public_Holiday,17,Misc,Street Light,25.0
Public_Holiday,17,Misc,Cold Storage,1.0
Public_Holiday,17,Misc,School,0.0
Public_Holiday,17,Misc,Others,1.0
Public_Holiday,18,A,LED Light,5.0
Public_Holiday,18,A,Ceiling Fan,2.0
Public_Holiday,18,A,Television,1.0
Public_Holiday,18,A,Iron,0.0
Public_Holiday,18,A,Refrigerator,0.25
Public_Holiday,18,A,Washing Machine,0.0
Public_Holiday,18,B,LED Light,3.0
Public_Holiday,18,B,Ceiling Fan,1.0
Public_Holiday,18,B,Television,1.0
Public_Holiday,18,B,Iron,0.0
Public_Holiday,18,B,Refrigerator,0.25
Public_Holiday,18,C,LED Light,2.0
Public_Holiday,18,C,Ceiling Fan,1.0
Public_Holiday,18,Misc,Hospital,0.5
Public_Holiday,18,Misc,Street Light,35.0
Public_Holiday,18,Misc,Cold Storage,1.0
Public_Holiday,18,Misc,School,0.0
Public_Holiday,18,Misc,Others,1.0
Public_Holiday,19,A,LED Light,5.0
Public_Holiday,19,A,Ceiling Fan,2.0
Public_Holiday,19,A,Television,1.0
Public_Holiday,19,A,Iron,0.0
Public_Holiday,19,A,Refrigerator,0.25
Public_Holiday,19,A,Washing Machine,0.0
Public_Holiday,19,B,LED Light,3.0
Public_Holiday,19,B,Ceiling Fan,1.0
Public_Holiday,19,B,Television,1.0
Public_Holiday,19,B,Iron,0.0
Public_Holiday,19,B,Refrigerator,0.25
Public_Holiday,19,C,LED Light,1.0
Public_Holiday,19,C,Ceiling Fan,0.0
Public_Holiday,19,Misc,Hospital,0.5
Public_Holiday,19,Misc,Street Light,40.0
Public_Holiday,19,Misc,Cold Storage,1.0
Public_Holiday,19,Misc,School,0.0
Public_Holiday,19,Misc,Others,1.0
Public_Holiday,20,A,LED Light,5.0
Public_Holiday,20,A,Ceiling Fan,2.0
Public_Holiday,20,A,Television,1.0
Public_Holiday,20,A,Iron,0.0
Public_Holiday,20,A,Refrigerator,0.25
Public_Holiday,20,A,Washing Machine,0.0
Public_Holiday,20,B,LED Light,3.0
Public_Holiday,20,B,Ceiling Fan,1.0
Public_Holiday,20,B,Television,1.0
Public_Holiday,20,B,Iron,0.0
Public_Holiday,20,B,Refrigerator,0.25
Public_Holiday,20,C,LED Light,1.0
Public_Holiday,20,C,Ceiling Fan,0.0
Public_Holiday,20,Misc,Hospital,0.5
Public_Holiday,20,Misc,Street Light,50.0
Public_Holiday,20,Misc,Cold Storage,1.0
Public_Holiday,20,Misc,School,0.0
Public_Holiday,20,Misc,Others,1.0
Public_Holiday,21,A,LED Light,4.0
Public_Holiday,21,A,Ceiling Fan,2.0
Public_Holiday,21,A,Television,1.0
Public_Holiday,21,A,Iron,0.0
Public_Holiday,21,A,Refrigerator,0.25
Public_Holiday,21,A,Washing Machine,0.0
Public_Holiday,21,B,LED Light,3.0
Public_Holiday,21,B,Ceiling Fan,1.0
Public_Holiday,21,B,Television,1.0
Public_Holiday,21,B,Iron,0.0
Public_Holiday,21,B,Refrigerator,0.25
Public_Holiday,21,C,LED Light,1.0
Public_Holiday,21,C,Ceiling Fan,0.0
Public_Holiday,21,Misc,Hospital,0.3
Public_Holiday,21,Misc,Street Light,50.0
Public_Holiday,21,Misc,Cold Storage,1.0
Public_Holiday,21,Misc,School,0.0
Public_Holiday,21,Misc,Others,0.8
Public_Holiday,22,A,LED Light,4.0
Public_Holiday,22,A,Ceiling Fan,2.0
Public_Holiday,22,A,Television,1.0
Public_Holiday,22,A,Iron,0.0
Public_Holiday,22,A,Refrigerator,0.25
Public_Holiday,22,A,Washing Machine,0.0
Public_Holiday,22,B,LED Light,3.0
Public_Holiday,22,B,Ceiling Fan,1.0
Public_Holiday,22,B,Television,1.0
Public_Holiday,22,B,Iron,0.0
Public_Holiday,22,B,Refrigerator,0.25
Public_Holiday,22,C,LED Light,0.0
Public_Holiday,22,C,Ceiling Fan,0.0
Public_Holiday,22,Misc,Hospital,0.3
Public_Holiday,22,Misc,Street Light,50.0
Public_Holiday,22,Misc,Cold Storage,1.0
Public_Holiday,22,Misc,School,0.0
Public_Holiday,22,Misc,Others,0.8
Public_Holiday,23,A,LED Light,4.0
Public_Holiday,23,A,Ceiling Fan,2.0
Public_Holiday,23,A,Television,1.0
Public_Holiday,23,A,Iron,0.0
Public_Holiday,23,A,Refrigerator,0.25
Public_Holiday,23,A,Washing Machine,0.0
Public_Holiday,23,B,LED Light,3.0
Public_Holiday,23,B,Ceiling Fan,1.0
Public_Holiday,23,B,Television,1.0
Public_Holiday,23,B,Iron,0.0
Public_Holiday,23,B,Refrigerator,0.25
Public_Holiday,23,C,LED Light,0.0
Public_Holiday,23,C,Ceiling Fan,0.0
Public_Holiday,23,Misc,Hospital,0.3
Public_Holiday,23,Misc,Street Light,50.0
Public_Holiday,23,Misc,Cold Storage,1.0
Public_Holiday,23,Misc,School,0.0
Public_Holiday,23,Misc,Others,0.8
Festival_Holiday,0,A,LED Light,5.0
Festival_Holiday,0,A,Ceiling Fan,3.0
Festival_Holiday,0,A,Television,1.0
Festival_Holiday,0,A,Iron,0.0
Festival_Holiday,0,A,Refrigerator,0.25
Festival_Holiday,0,A,Washing Machine,0.0
Festival_Holiday,0,B,LED Light,2.0
Festival_Holiday,0,B,Ceiling Fan,2.0
Festival_Holiday,0,B,Television,1.0
Festival_Holiday,0,B,Iron,0.0
Festival_Holiday,0,B,Refrigerator,0.25
Festival_Holiday,0,C,LED Light,0.0
Festival_Holiday,0,C,Ceiling Fan,1.0
Festival_Holiday,0,Misc,Hospital,0.3
Festival_Holiday,0,Misc,Street Light,35.0
Festival_Holiday,0,Misc,Cold Storage,1.0
Festival_Holiday,0,Misc,School,0.0
Festival_Holiday,0,Misc,Others,0.8
Festival_Holiday,1,A,LED Light,5.0
Festival_Holiday,1,A,Ceiling Fan,3.0
Festival_Holiday,1,A,Television,1.0
Festival_Holiday,1,A,Iron,0.0
Festival_Holiday,1,A,Refrigerator,0.25
Festival_Holiday,1,A,Washing Machine,0.0
Festival_Holiday,1,B,LED Light,2.0
Festival_Holiday,1,B,Ceiling Fan,2.0
Festival_Holiday,1,B,Television,1.0
Festival_Holiday,1,B,Iron,0.0
Festival_Holiday,1,B,Refrigerator,0.25
Festival_Holiday,1,C,LED Light,0.0
Festival_Holiday,1,C,Ceiling Fan,1.0
Festival_Holiday,1,Misc,Hospital,0.3
Festival_Holiday,1,Misc,Street Light,35.0
Festival_Holiday,1,Misc,Cold Storage,1.0
Festival_Holiday,1,Misc,School,0.0
Festival_Holiday,1,Misc,Others,0.8
Festival_Holiday,2,A,LED Light,4.0
Festival_Holiday,2,A,Ceiling Fan,2.0
Festival_Holiday,2,A,Television,0.0
Festival_Holiday,2,A,Iron,0.0
Festival_Holiday,2,A,Refrigerator,0.25
Festival_Holiday,2,A,Washing Machine,0.0
Festival_Holiday,2,B,LED Light,1.0
Festival_Holiday,2,B,Ceiling Fan,2.0
Festival_Holiday,2,B,Television,0.0
Festival_Holiday,2,B,Iron,0.0
Festival_Holiday,2,B,Refrigerator,0.25
Festival_Holiday,2,C,LED Light,0.0
Festival_Holiday,2,C,Ceiling Fan,1.0
Festival_Holiday,2,Misc,Hospital,0.3
Festival_Holiday,2,Misc,Street Light,35.0
Festival_Holiday,2,Misc,Cold Storage,1.0
Festival_Holiday,2,Misc,School,0.0
Festival_Holiday,2,Misc,Others,0.7
Festival_Holiday,3,A,LED Light,3.0
Festival_Holiday,3,A,Ceiling Fan,2.0
Festival_Holiday,3,A,Television,0.0
Festival_Holiday,3,A,Iron,0.0
Festival_Holiday,3,A,Refrigerator,0.25
Festival_Holiday,3,A,Washing Machine,0.0
Festival_Holiday,3,B,LED Light,1.0
Festival_Holiday,3,B,Ceiling Fan,2.0
Festival_Holiday,3,B,Television,0.0
Festival_Holiday,3,B,Iron,0.0
Festival_Holiday,3,B,Refrigerator,0.25
Festival_Holiday,3,C,LED Light,0.0
Festival_Holiday,3,C,Ceiling Fan,1.0
Festival_Holiday,3,Misc,Hospital,0.3
Festival_Holiday,3,Misc,Street Light,20.0
Festival_Holiday,3,Misc,Cold Storage,1.0
Festival_Holiday,3,Misc,School,0.0
Festival_Holiday,3,Misc,Others,0.7
Festival_Holiday,4,A,LED Light,3.0
Festival_Holiday,4,A,Ceiling Fan,2.0
Festival_Holiday,4,A,Television,0.0
Festival_Holiday,4,A,Iron,0.0
Festival_Holiday,4,A,Refrigerator,0.25
Festival_Holiday,4,A,Washing Machine,0.0
Festival_Holiday,4,B,LED Light,1.0
Festival_Holiday,4,B,Ceiling Fan,2.0
Festival_Holiday,4,B,Television,0.0
Festival_Holiday,4,B,Iron,0.0
Festival_Holiday,4,B,Refrigerator,0.25
Festival_Holiday,4,C,LED Light,0.0
Festival_Holiday,4,C,Ceiling Fan,1.0
Festival_Holiday,4,Misc,Hospital,0.3
Festival_Holiday,4,Misc,Street Light,10.0
Festival_Holiday,4,Misc,Cold Storage,1.0
Festival_Holiday,4,Misc,School,0.0
Festival_Holiday,4,Misc,Others,0.1
Festival_Holiday,5,A,LED Light,3.0
Festival_Holiday,5,A,Ceiling Fan,2.0
Festival_Holiday,5,A,Television,0.0
Festival_Holiday,5,A,Iron,1.0
Festival_Holiday,5,A,Refrigerator,0.25
Festival_Holiday,5,A,Washing Machine,0.0
Festival_Holiday,5,B,LED Light,3.0
Festival_Holiday,5,B,Ceiling Fan,2.0
Festival_Holiday,5,B,Television,0.0
Festival_Holiday,5,B,Iron,1.0
Festival_Holiday,5,B,Refrigerator,0.25
Festival_Holiday,5,C,LED Light,1.0
Festival_Holiday,5,C,Ceiling Fan,1.0
Festival_Holiday,5,Misc,Hospital,0.3
Festival_Holiday,5,Misc,Street Light,5.0
Festival_Holiday,5,Misc,Cold Storage,1.0
Festival_Holiday,5,Misc,School,0.0
Festival_Holiday,5,Misc,Others,0.8
Festival_Holiday,6,A,LED Light,4.0
Festival_Holiday,6,A,Ceiling Fan,3.0
Festival_Holiday,6,A,Television,1.0
Festival_Holiday,6,A,Iron,0.0
Festival_Holiday,6,A,Refrigerator,0.25
Festival_Holiday,6,A,Washing Machine,0.0
Festival_Holiday,6,B,LED Light,2.0
Festival_Holiday,6,B,Ceiling Fan,2.0
Festival_Holiday,6,B,Television,1.0
Festival_Holiday,6,B,Iron,0.0
Festival_Holiday,6,B,Refrigerator,0.25
Festival_Holiday,6,C,LED Light,0.0
Festival_Holiday,6,C,Ceiling Fan,1.0
Festival_Holiday,6,Misc,Hospital,0.3
Festival_Holiday,6,Misc,Street Light,0.0
Festival_Holiday,6,Misc,Cold Storage,1.0
Festival_Holiday,6,Misc,School,0.0
Festival_Holiday,6,Misc,Others,0.8
Festival_Holiday,7,A,LED Light,4.0
Festival_Holiday,7,A,Ceiling Fan,3.0
Festival_Holiday,7,A,Television,1.0
Festival_Holiday,7,A,Iron,0.0
Festival_Holiday,7,A,Refrigerator,0.25
Festival_Holiday,7,A,Washing Machine,0.0
Festival_Holiday,7,B,LED Light,2.0
Festival_Holiday,7,B,Ceiling Fan,2.0
Festival_Holiday,7,B,Television,1.0
Festival_Holiday,7,B,Iron,0.0
Festival_Holiday,7,B,Refrigerator,0.25
Festival_Holiday,7,C,LED Light,0.0
Festival_Holiday,7,C,Ceiling Fan,1.0
Festival_Holiday,7,Misc,Hospital,0.5
Festival_Holiday,7,Misc,Street Light,0.0
Festival_Holiday,7,Misc,Cold Storage,1.0
Festival_Holiday,7,Misc,School,0.0
Festival_Holiday,7,Misc,Others,1.0
Festival_Holiday,8,A,LED Light,4.0
Festival_Holiday,8,A,Ceiling Fan,3.0
Festival_Holiday,8,A,Television,1.0
Festival_Holiday,8,A,Iron,0.0
Festival_Holiday,8,A,Refrigerator,0.25
Festival_Holiday,8,A,Washing Machine,0.0
Festival_Holiday,8,B,LED Light,2.0
Festival_Holiday,8,B,Ceiling Fan,2.0
Festival_Holiday,8,B,Television,1.0
Festival_Holiday,8,B,Iron,0.0
Festival_Holiday,8,B,Refrigerator,0.25
Festival_Holiday,8,C,LED Light,0.0
Festival_Holiday,8,C,Ceiling Fan,1.0
Festival_Holiday,8,Misc,Hospital,0.5
Festival_Holiday,8,Misc,Street Light,0.0
Festival_Holiday,8,Misc,Cold Storage,1.0
Festival_Holiday,8,Misc,School,0.0
Festival_Holiday,8,Misc,Others,1.0
Festival_Holiday,9,A,LED Light,4.0
Festival_Holiday,9,A,Ceiling Fan,3.0
Festival_Holiday,9,A,Television,1.0
Festival_Holiday,9,A,Iron,0.0
Festival_Holiday,9,A,Refrigerator,0.25
Festival_Holiday,9,A,Washing Machine,0.0
Festival_Holiday,9,B,LED Light,2.0
Festival_Holiday,9,B,Ceiling Fan,2.0
Festival_Holiday,9,B,Television,1.0
Festival_Holiday,9,B,Iron,0.0
Festival_Holiday,9,B,Refrigerator,0.25
Festival_Holiday,9,C,LED Light,0.0
Festival_Holiday,9,C,Ceiling Fan,1.0
Festival_Holiday,9,Misc,Hospital,0.5
Festival_Holiday,9,Misc,Street Light,0.0
Festival_Holiday,9,Misc,Cold Storage,1.0
Festival_Holiday,9,Misc,School,0.0
Festival_Holiday,9,Misc,Others,1.0
Festival_Holiday,10,A,LED Light,4.0
Festival_Holiday,10,A,Ceiling Fan,3.0
Festival_Holiday,10,A,Television,1.0
Festival_Holiday,10,A,Iron,0.0
Festival_Holiday,10,A,Refrigerator,0.25
Festival_Holiday,10,A,Washing Machine,1.0
Festival_Holiday,10,B,LED Light,2.0
Festival_Holiday,10,B,Ceiling Fan,2.0
Festival_Holiday,10,B,Television,1.0
Festival_Holiday,10,B,Iron,0.0
Festival_Holiday,10,B,Refrigerator,0.25
Festival_Holiday,10,C,LED Light,1.0
Festival_Holiday,10,C,Ceiling Fan,1.0
Festival_Holiday,10,Misc,Hospital,0.5
Festival_Holiday,10,Misc,Street Light,0.0
Festival_Holiday,10,Misc,Cold Storage,1.0
Festival_Holiday,10,Misc,School,0.0
Festival_Holiday,10,Misc,Others,1.0
Festival_Holiday,11,A,LED Light,4.0
Festival_Holiday,11,A,Ceiling Fan,3.0
Festival_Holiday,11,A,Television,1.0
Festival_Holiday,11,A,Iron,0.0
Festival_Holiday,11,A,Refrigerator,0.25
Festival_Holiday,11,A,Washing Machine,0.0
Festival_Holiday,11,B,LED Light,2.0
Festival_Holiday,11,B,Ceiling Fan,2.0
Festival_Holiday,11,B,Television,1.0
Festival_Holiday,11,B,Iron,0.0
Festival_Holiday,11,B,Refrigerator,0.25
Festival_Holiday,11,C,LED Light,1.0
Festival_Holiday,11,C,Ceiling Fan,1.0
Festival_Holiday,11,Misc,Hospital,0.5
Festival_Holiday,11,Misc,Street Light,0.0
Festival_Holiday,11,Misc,Cold Storage,1.0
Festival_Holiday,11,Misc,School,0.0
Festival_Holiday,11,Misc,Others,1.0
Festival_Holiday,12,A,LED Light,4.0
Festival_Holiday,12,A,Ceiling Fan,3.0
Festival_Holiday,12,A,Television,1.0
Festival_Holiday,12,A,Iron,0.0
Festival_Holiday,12,A,Refrigerator,0.25
Festival_Holiday,12,A,Washing Machine,0.0
Festival_Holiday,12,B,LED Light,2.0
Festival_Holiday,12,B,Ceiling Fan,2.0
Festival_Holiday,12,B,Television,1.0
Festival_Holiday,12,B,Iron,0.0
Festival_Holiday,12,B,Refrigerator,0.25
Festival_Holiday,12,C,LED Light,1.0
Festival_Holiday,12,C,Ceiling Fan,1.0
Festival_Holiday,12,Misc,Hospital,0.5
Festival_Holiday,12,Misc,Street Light,0.0
Festival_Holiday,12,Misc,Cold Storage,1.0
Festival_Holiday,12,Misc,School,0.0
Festival_Holiday,12,Misc,Others,1.0
Festival_Holiday,13,A,LED Light,4.0
Festival_Holiday,13,A,Ceiling Fan,3.0
Festival_Holiday,13,A,Television,1.0
Festival_Holiday,13,A,Iron,0.0
Festival_Holiday,13,A,Refrigerator,0.25
Festival_Holiday,13,A,Washing Machine,0.0
Festival_Holiday,13,B,LED Light,2.0
Festival_Holiday,13,B,Ceiling Fan,2.0
Festival_Holiday,13,B,Television,1.0
Festival_Holiday,13,B,Iron,0.0
Festival_Holiday,13,B,Refrigerator,0.25
Festival_Holiday,13,C,LED Light,1.0
Festival_Holiday,13,C,Ceiling Fan,1.0
Festival_Holiday,13,Misc,Hospital,0.5
Festival_Holiday,13,Misc,Street Light,0.0
Festival_Holiday,13,Misc,Cold Storage,1.0
Festival_Holiday,13,Misc,School,0.0
Festival_Holiday,13,Misc,Others,1.0
Festival_Holiday,14,A,LED Light,4.0
Festival_Holiday,14,A,Ceiling Fan,3.0
Festival_Holiday,14,A,Television,1.0
Festival_Holiday,14,A,Iron,0.0
Festival_Holiday,14,A,Refrigerator,0.25
Festival_Holiday,14,A,Washing Machine,0.0
Festival_Holiday,14,B,LED Light,3.0
Festival_Holiday,14,B,Ceiling Fan,2.0
Festival_Holiday,14,B,Television,1.0
Festival_Holiday,14,B,Iron,0.0
Festival_Holiday,14,B,Refrigerator,0.25
Festival_Holiday,14,C,LED Light,1.0
Festival_Holiday,14,C,Ceiling Fan,1.0
Festival_Holiday,14,Misc,Hospital,0.5
Festival_Holiday,14,Misc,Street Light,0.0
Festival_Holiday,14,Misc,Cold Storage,1.0
Festival_Holiday,14,Misc,School,0.0
Festival_Holiday,14,Misc,Others,1.0
Festival_Holiday,15,A,LED Light,5.0
Festival_Holiday,15,A,Ceiling Fan,3.0
Festival_Holiday,15,A,Television,1.0
Festival_Holiday,15,A,Iron,0.0
Festival_Holiday,15,A,Refrigerator,0.25
Festival_Holiday,15,A,Washing Machine,0.0
Festival_Holiday,15,B,LED Light,3.0
Festival_Holiday,15,B,Ceiling Fan,2.0
Festival_Holiday,15,B,Television,1.0
Festival_Holiday,15,B,Iron,0.0
Festival_Holiday,15,B,Refrigerator,0.25
Festival_Holiday,15,C,LED Light,1.0
Festival_Holiday,15,C,Ceiling Fan,1.0
Festival_Holiday,15,Misc,Hospital,0.5
Festival_Holiday,15,Misc,Street Light,0.0
Festival_Holiday,15,Misc,Cold Storage,1.0
Festival_Holiday,15,Misc,School,0.0
Festival_Holiday,15,Misc,Others,1.0
Festival_Holiday,16,A,LED Light,5.0
Festival_Holiday,16,A,Ceiling Fan,3.0
Festival_Holiday,16,A,Television,1.0
Festival_Holiday,16,A,Iron,0.0
Festival_Holiday,16,A,Refrigerator,0.25
Festival_Holiday,16,A,Washing Machine,0.0
Festival_Holiday,16,B,LED Light,3.0
Festival_Holiday,16,B,Ceiling Fan,2.0
Festival_Holiday,16,B,Television,1.0
Festival_Holiday,16,B,Iron,0.0
Festival_Holiday,16,B,Refrigerator,0.25
Festival_Holiday,16,C,LED Light,1.0
Festival_Holiday,16,C,Ceiling Fan,1.0
Festival_Holiday,16,Misc,Hospital,0.5
Festival_Holiday,16,Misc,Street Light,5.0
Festival_Holiday,16,Misc,Cold Storage,1.0
Festival_Holiday,16,Misc,School,0.0
Festival_Holiday,16,Misc,Others,1.0
Festival_Holiday,17,A,LED Light,5.0
Festival_Holiday,17,A,Ceiling Fan,3.0
Festival_Holiday,17,A,Television,1.0
Festival_Holiday,17,A,Iron,1.0
Festival_Holiday,17,A,Refrigerator,0.25
Festival_Holiday,17,A,Washing Machine,0.0
Festival_Holiday,17,B,LED Light,3.0
Festival_Holiday,17,B,Ceiling Fan,2.0
Festival_Holiday,17,B,Television,1.0
Festival_Holiday,17,B,Iron,1.0
Festival_Holiday,17,B,Refrigerator,0.25
Festival_Holiday,17,C,LED Light,2.0
Festival_Holiday,17,C,Ceiling Fan,1.0
Festival_Holiday,17,Misc,Hospital,0.5
Festival_Holiday,17,Misc,Street Light,25.0
Festival_Holiday,17,Misc,Cold Storage,1.0
Festival_Holiday,17,Misc,School,0.0
Festival_Holiday,17,Misc,Others,1.0
Festival_Holiday,18,A,LED Light,5.0
Festival_Holiday,18,A,Ceiling Fan,3.0
Festival_Holiday,18,A,Television,1.0
Festival_Holiday,18,A,Iron,0.0
Festival_Holiday,18,A,Refrigerator,0.25
Festival_Holiday,18,A,Washing Machine,0.0
Festival_Holiday,18,B,LED Light,3.0
Festival_Holiday,18,B,Ceiling Fan,2.0
Festival_Holiday,18,B,Television,1.0
Festival_Holiday,18,B,Iron,0.0
Festival_Holiday,18,B,Refrigerator,0.25
Festival_Holiday,18,C,LED Light,2.0
Festival_Holiday,18,C,Ceiling Fan,1.0
Festival_Holiday,18,Misc,Hospital,0.5
Festival_Holiday,18,Misc,Street Light,35.0
Festival_Holiday,18,Misc,Cold Storage,1.0
Festival_Holiday,18,Misc,School,0.0
Festival_Holiday,18,Misc,Others,1.0
Festival_Holiday,19,A,LED Light,5.0
Festival_Holiday,19,A,Ceiling Fan,3.0
Festival_Holiday,19,A,Television,1.0
Festival_Holiday,19,A,Iron,0.0
Festival_Holiday,19,A,Refrigerator,0.25
Festival_Holiday,19,A,Washing Machine,0.0
Festival_Holiday,19,B,LED Light,3.0
Festival_Holiday,19,B,Ceiling Fan,2.0
Festival_Holiday,19,B,Television,1.0
Festival_Holiday,19,B,Iron,0.0
Festival_Holiday,19,B,Refrigerator,0.25
Festival_Holiday,19,C,LED Light,1.0
Festival_Holiday,19,C,Ceiling Fan,1.0
Festival_Holiday,19,Misc,Hospital,0.5
Festival_Holiday,19,Misc,Street Light,40.0
Festival_Holiday,19,Misc,Cold Storage,1.0
Festival_Holiday,19,Misc,School,0.0
Festival_Holiday,19,Misc,Others,1.0
Festival_Holiday,20,A,LED Light,5.0
Festival_Holiday,20,A,Ceiling Fan,3.0
Festival_Holiday,20,A,Television,1.0
Festival_Holiday,20,A,Iron,0.0
Festival_Holiday,20,A,Refrigerator,0.25
Festival_Holiday,20,A,Washing Machine,0.0
Festival_Holiday,20,B,LED Light,3.0
Festival_Holiday,20,B,Ceiling Fan,2.0
Festival_Holiday,20,B,Television,1.0
Festival_Holiday,20,B,Iron,0.0
Festival_Holiday,20,B,Refrigerator,0.25
Festival_Holiday,20,C,LED Light,1.0
Festival_Holiday,20,C,Ceiling Fan,1.0
Festival_Holiday,20,Misc,Hospital,0.5
Festival_Holiday,20,Misc,Street Light,50.0
Festival_Holiday,20,Misc,Cold Storage,1.0
Festival_Holiday,20,Misc,School,0.0
Festival_Holiday,20,Misc,Others,1.0
Festival_Holiday,21,A,LED Light,5.0
Festival_Holiday,21,A,Ceiling Fan,3.0
Festival_Holiday,21,A,Television,1.0
Festival_Holiday,21,A,Iron,0.0
Festival_Holiday,21,A,Refrigerator,0.25
Festival_Holiday,21,A,Washing Machine,0.0
Festival_Holiday,21,B,LED Light,3.0
Festival_Holiday,21,B,Ceiling Fan,2.0
Festival_Holiday,21,B,Television,1.0
Festival_Holiday,21,B,Iron,0.0
Festival_Holiday,21,B,Refrigerator,0.25
Festival_Holiday,21,C,LED Light,1.0
Festival_Holiday,21,C,Ceiling Fan,1.0
Festival_Holiday,21,Misc,Hospital,0.3
Festival_Holiday,21,Misc,Street Light,50.0
Festival_Holiday,21,Misc,Cold Storage,1.0
Festival_Holiday,21,Misc,School,0.0
Festival_Holiday,21,Misc,Others,1.0
Festival_Holiday,22,A,LED Light,5.0
Festival_Holiday,22,A,Ceiling Fan,3.0
Festival_Holiday,22,A,Television,1.0
Festival_Holiday,22,A,Iron,0.0
Festival_Holiday,22,A,Refrigerator,0.25
Festival_Holiday,22,A,Washing Machine,0.0
Festival_Holiday,22,B,LED Light,3.0
Festival_Holiday,22,B,Ceiling Fan,2.0
Festival_Holiday,22,B,Television,1.0
Festival_Holiday,22,B,Iron,0.0
Festival_Holiday,22,B,Refrigerator,0.25
Festival_Holiday,22,C,LED Light,0.0
Festival_Holiday,22,C,Ceiling Fan,1.0
Festival_Holiday,22,Misc,Hospital,0.3
Festival_Holiday,22,Misc,Street Light,50.0
Festival_Holiday,22,Misc,Cold Storage,1.0
Festival_Holiday,22,Misc,School,0.0
Festival_Holiday,22,Misc,Others,1.0
Festival_Holiday,23,A,LED Light,5.0
Festival_Holiday,23,A,Ceiling Fan,3.0
Festival_Holiday,23,A,Television,1.0
Festival_Holiday,23,A,Iron,0.0
Festival_Holiday,23,A,Refrigerator,0.25
Festival_Holiday,23,A,Washing Machine,0.0
Festival_Holiday,23,B,LED Light,3.0
Festival_Holiday,23,B,Ceiling Fan,2.0
Festival_Holiday,23,B,Television,1.0
Festival_Holiday,23,B,Iron,0.0
Festival_Holiday,23,B,Refrigerator,0.25
Festival_Holiday,23,C,LED Light,0.0
Festival_Holiday,23,C,Ceiling Fan,1.0
Festival_Holiday,23,Misc,Hospital,0.3
Festival_Holiday,23,Misc,Street Light,50.0
Festival_Holiday,23,Misc,Cold Storage,1.0
Festival_Holiday,23,Misc,School,0.0
Festival_Holiday,23,Misc,Others,1.0
November,0,B,Others,0.0
November,1,B,Others,0.0
November,2,B,Others,0.0
November,3,B,Others,0.0
November,4,B,Others,0.0
November,5,B,Others,0.0
November,6,B,Others,0.0
November,7,B,Others,0.0
November,8,B,Others,0.0
November,9,B,Others,0.0
November,10,B,Others,0.0
November,11,B,Others,0.0
November,12,B,Others,0.0
November,13,B,Others,0.0
November,14,B,Others,0.0
November,15,B,Others,0.0
November,16,B,Others,0.0
November,17,B,Others,0.0
November,18,B,Others,0.0
November,19,B,Others,0.0
November,20,B,Others,0.0
November,21,B,Others,0.0
November,22,B,Others,0.0
November,23,B,Others,0.0
December,0,B,Others,0.0
December,1,B,Others,0.0
December,2,B,Others,0.0
December,3,B,Others,0.0
December,4,B,Others,0.0
December,5,B,Others,0.0
December,6,B,Others,0.0
December,7,B,Others,0.0
December,8,B,Others,0.0
December,9,B,Others,0.0
December,10,B,Others,0.0
December,11,B,Others,0.0
December,12,B,Others,0.0
December,13,B,Others,0.0
December,14,B,Others,0.0
December,15,B,Others,0.0
December,16,B,Others,0.0
December,17,B,Others,0.0
December,18,B,Others,0.0
December,19,B,Others,0.0
December,20,B,Others,0.0
December,21,B,Others,0.0
December,22,B,Others,0.0
December,23,B,Others,0.0
January,0,B,Others,0.0
January,1,B,Others,0.0
January,2,B,Others,0.0
January,3,B,Others,0.0
January,4,B,Others,0.0
January,5,B,Others,0.0
January,6,B,Others,0.0
January,7,B,Others,0.0
January,8,B,Others,0.0
January,9,B,Others,0.0
January,10,B,Others,0.0
January,11,B,Others,0.0
January,12,B,Others,0.0
January,13,B,Others,0.0
January,14,B,Others,0.0
January,15,B,Others,0.0
January,16,B,Others,0.0
January,17,B,Others,0.0
January,18,B,Others,0.0
January,19,B,Others,0.0
January,20,B,Others,0.0
January,21,B,Others,0.0
January,22,B,Others,0.0
January,23,B,Others,0.0
February,0,B,Others,0.0
February,1,B,Others,0.0
February,2,B,Others,0.0
February,3,B,Others,0.0
February,4,B,Others,0.0
February,5,B,Others,0.0
February,6,B,Others,0.0
February,7,B,Others,0.0
February,8,B,Others,0.0
February,9,B,Others,0.0
February,10,B,Others,0.0
February,11,B,Others,0.0
February,12,B,Others,0.0
February,13,B,Others,0.0
February,14,B,Others,0.0
February,15,B,Others,0.0
February,16,B,Others,0.0
February,17,B,Others,0.0
February,18,B,Others,0.0
February,19,B,Others,0.0
February,20,B,Others,0.0
February,21,B,Others,0.0
February,22,B,Others,0.0
February,23,B,Others,0.0
March,0,B,Others,0.0
March,1,B,Others,0.0
March,2,B,Others,0.0
March,3,B,Others,0.0
March,4,B,Others,0.0
March,5,B,Others,0.0
March,6,B,Others,0.0
March,7,B,Others,0.0
March,8,B,Others,0.0
March,9,B,Others,0.0
March,10,B,Others,0.0
March,11,B,Others,0.0
March,12,B,Others,0.0
March,13,B,Others,0.0
March,14,B,Others,0.0
March,15,B,Others,0.0
March,16,B,Others,0.0
March,17,B,Others,0.0
March,18,B,Others,0.0
March,19,B,Others,0.0
March,20,B,Others,0.0
March,21,B,Others,0.0
March,22,B,Others,0.0
March,23,B,Others,0.0
Winter_Weekend,0,B,Others,0.0
Winter_Weekend,1,B,Others,0.0
Winter_Weekend,2,B,Others,0.0
Winter_Weekend,3,B,Others,0.0
Winter_Weekend,4,B,Others,0.0
Winter_Weekend,5,B,Others,0.0
Winter_Weekend,6,B,Others,0.0
Winter_Weekend,7,B,Others,0.0
Winter_Weekend,8,B,Others,0.0
Winter_Weekend,9,B,Others,0.0
Winter_Weekend,10,B,Others,0.0
Winter_Weekend,11,B,Others,0.0
Winter_Weekend,12,B,Others,0.0
Winter_Weekend,13,B,Others,0.0
Winter_Weekend,14,B,Others,0.0
Winter_Weekend,15,B,Others,0.0
Winter_Weekend,16,B,Others,0.0
Winter_Weekend,17,B,Others,0.0
Winter_Weekend,18,B,Others,0.0
Winter_Weekend,19,B,Others,0.0
Winter_Weekend,20,B,Others,0.0
Winter_Weekend,21,B,Others,0.0
Winter_Weekend,22,B,Others,0.0
Winter_Weekend,23,B,Others,0.0
April,0,B,Others,0.0
April,1,B,Others,0.0
April,2,B,Others,0.0
April,3,B,Others,0.0
April,4,B,Others,0.0
April,5,B,Others,0.0
April,6,B,Others,0.0
April,7,B,Others,0.0
April,8,B,Others,0.0
April,9,B,Others,0.0
April,10,B,Others,0.0
April,11,B,Others,0.0
April,12,B,Others,0.0
April,13,B,Others,0.0
April,14,B,Others,0.0
April,15,B,Others,0.0
April,16,B,Others,0.0
April,17,B,Others,0.0
April,18,B,Others,0.0
April,19,B,Others,0.0
April,20,B,Others,0.0
April,21,B,Others,0.0
April,22,B,Others,0.0
April,23,B,Others,0.0
May,0,B,Others,0.0
May,1,B,Others,0.0
May,2,B,Others,0.0
May,3,B,Others,0.0
May,4,B,Others,0.0
May,5,B,Others,0.0
May,6,B,Others,0.0
May,7,B,Others,0.0
May,8,B,Others,0.0
May,9,B,Others,0.0
May,10,B,Others,0.0
May,11,B,Others,0.0
May,12,B,Others,0.0
May,13,B,Others,0.0
May,14,B,Others,0.0
May,15,B,Others,0.0
May,16,B,Others,0.0
May,17,B,Others,0.0
May,18,B,Others,0.0
May,19,B,Others,0.0
May,20,B,Others,0.0
May,21,B,Others,0.0
May,22,B,Others,0.0
May,23,B,Others,0.0
June_1_15,0,B,Others,0.0
June_1_15,1,B,Others,0.0
June_1_15,2,B,Others,0.0
June_1_15,3,B,Others,0.0
June_1_15,4,B,Others,0.0
June_1_15,5,B,Others,0.0
June_1_15,6,B,Others,0.0
June_1_15,7,B,Others,0.0
June_1_15,8,B,Others,0.0
June_1_15,9,B,Others,0.0
June_1_15,10,B,Others,0.0
June_1_15,11,B,Others,0.0
June_1_15,12,B,Others,0.0
June_1_15,13,B,Others,0.0
June_1_15,14,B,Others,0.0
June_1_15,15,B,Others,0.0
June_1_15,16,B,Others,0.0
June_1_15,17,B,Others,0.0
June_1_15,18,B,Others,0.0
June_1_15,19,B,Others,0.0
June_1_15,20,B,Others,0.0
June_1_15,21,B,Others,0.0
June_1_15,22,B,Others,0.0
June_1_15,23,B,Others,0.0
Summer_Weekend,0,B,Others,1.0
Summer_Weekend,1,B,Others,1.0
Summer_Weekend,2,B,Others,1.0
Summer_Weekend,3,B,Others,1.0
Summer_Weekend,4,B,Others,0.0
Summer_Weekend,5,B,Others,0.0
Summer_Weekend,6,B,Others,0.0
Summer_Weekend,7,B,Others,0.0
Summer_Weekend,8,B,Others,0.0
Summer_Weekend,9,B,Others,0.0
Summer_Weekend,10,B,Others,0.0
Summer_Weekend,11,B,Others,0.0
Summer_Weekend,12,B,Others,0.0
Summer_Weekend,13,B,Others,0.0
Summer_Weekend,14,B,Others,0.0
Summer_Weekend,15,B,Others,0.0
Summer_Weekend,16,B,Others,0.0
Summer_Weekend,17,B,Others,0.0
Summer_Weekend,18,B,Others,0.0
Summer_Weekend,19,B,Others,0.0
Summer_Weekend,20,B,Others,0.0
Summer_Weekend,21,B,Others,0.0
Summer_Weekend,22,B,Others,0.0
Summer_Weekend,23,B,Others,0.0
Early_Monsoon,0,B,Others,0.0
Early_Monsoon,1,B,Others,0.0
Early_Monsoon,2,B,Others,0.0
Early_Monsoon,3,B,Others,0.0
Early_Monsoon,4,B,Others,0.0
Early_Monsoon,5,B,Others,0.0
Early_Monsoon,6,B,Others,0.0
Early_Monsoon,7,B,Others,0.0
Early_Monsoon,8,B,Others,0.0
Early_Monsoon,9,B,Others,0.0
Early_Monsoon,10,B,Others,0.0
Early_Monsoon,11,B,Others,0.0
Early_Monsoon,12,B,Others,0.0
Early_Monsoon,13,B,Others,0.0
Early_Monsoon,14,B,Others,0.0
Early_Monsoon,15,B,Others,0.0
Early_Monsoon,16,B,Others,0.0
Early_Monsoon,17,B,Others,0.0
Early_Monsoon,18,B,Others,0.0
Early_Monsoon,19,B,Others,0.0
Early_Monsoon,20,B,Others,0.0
Early_Monsoon,21,B,Others,0.0
Early_Monsoon,22,B,Others,0.0
Early_Monsoon,23,B,Others,0.0
Early_Monsoon_Weekend,0,B,Others,0.0
Early_Monsoon_Weekend,1,B,Others,0.0
Early_Monsoon_Weekend,2,B,Others,0.0
Early_Monsoon_Weekend,3,B,Others,0.0
Early_Monsoon_Weekend,4,B,Others,0.0
Early_Monsoon_Weekend,5,B,Others,0.0
Early_Monsoon_Weekend,6,B,Others,0.0
Early_Monsoon_Weekend,7,B,Others,0.0
Early_Monsoon_Weekend,8,B,Others,0.0
Early_Monsoon_Weekend,9,B,Others,0.0
Early_Monsoon_Weekend,10,B,Others,0.0
Early_Monsoon_Weekend,11,B,Others,0.0
Early_Monsoon_Weekend,12,B,Others,0.0
Early_Monsoon_Weekend,13,B,Others,0.0
Early_Monsoon_Weekend,14,B,Others,0.0
Early_Monsoon_Weekend,15,B,Others,0.0
Early_Monsoon_Weekend,16,B,Others,0.0
Early_Monsoon_Weekend,17,B,Others,0.0
Early_Monsoon_Weekend,18,B,Others,0.0
Early_Monsoon_Weekend,19,B,Others,0.0
Early_Monsoon_Weekend,20,B,Others,0.0
Early_Monsoon_Weekend,21,B,Others,0.0
Early_Monsoon_Weekend,22,B,Others,0.0
Early_Monsoon_Weekend,23,B,Others,0.0
Peak_Monsoon_1,0,B,Others,0.0
Peak_Monsoon_1,1,B,Others,0.0
Peak_Monsoon_1,2,B,Others,0.0
Peak_Monsoon_1,3,B,Others,0.0
Peak_Monsoon_1,4,B,Others,0.0
Peak_Monsoon_1,5,B,Others,0.0
Peak_Monsoon_1,6,B,Others,0.0
Peak_Monsoon_1,7,B,Others,0.0
Peak_Monsoon_1,8,B,Others,0.0
Peak_Monsoon_1,9,B,Others,0.0
Peak_Monsoon_1,10,B,Others,0.0
Peak_Monsoon_1,11,B,Others,0.0
Peak_Monsoon_1,12,B,Others,0.0
Peak_Monsoon_1,13,B,Others,0.0
Peak_Monsoon_1,14,B,Others,0.0
Peak_Monsoon_1,15,B,Others,0.0
Peak_Monsoon_1,16,B,Others,0.0
Peak_Monsoon_1,17,B,Others,0.0
Peak_Monsoon_1,18,B,Others,0.0
Peak_Monsoon_1,19,B,Others,0.0
Peak_Monsoon_1,20,B,Others,0.0
Peak_Monsoon_1,21,B,Others,0.0
Peak_Monsoon_1,22,B,Others,0.0
Peak_Monsoon_1,23,B,Others,0.0
Peak_Monsoon_2,0,B,Others,0.0
Peak_Monsoon_2,1,B,Others,0.0
Peak_Monsoon_2,2,B,Others,0.0
Peak_Monsoon_2,3,B,Others,0.0
Peak_Monsoon_2,4,B,Others,0.0
Peak_Monsoon_2,5,B,Others,0.0
Peak_Monsoon_2,6,B,Others,0.0
Peak_Monsoon_2,7,B,Others,0.0
Peak_Monsoon_2,8,B,Others,0.0
Peak_Monsoon_2,9,B,Others,0.0
Peak_Monsoon_2,10,B,Others,0.0
Peak_Monsoon_2,11,B,Others,0.0
Peak_Monsoon_2,12,B,Others,0.0
Peak_Monsoon_2,13,B,Others,0.0
Peak_Monsoon_2,14,B,Others,0.0
Peak_Monsoon_2,15,B,Others,0.0
Peak_Monsoon_2,16,B,Others,0.0
Peak_Monsoon_2,17,B,Others,0.0
Peak_Monsoon_2,18,B,Others,0.0
Peak_Monsoon_2,19,B,Others,0.0
Peak_Monsoon_2,20,B,Others,0.0
Peak_Monsoon_2,21,B,Others,0.0
Peak_Monsoon_2,22,B,Others,0.0
Peak_Monsoon_2,23,B,Others,0.0
Peak_Monsoon_Weekend,0,B,Others,0.0
Peak_Monsoon_Weekend,1,B,Others,0.0
Peak_Monsoon_Weekend,2,B,Others,0.0
Peak_Monsoon_Weekend,3,B,Others,0.0
Peak_Monsoon_Weekend,4,B,Others,0.0
Peak_Monsoon_Weekend,5,B,Others,0.0
Peak_Monsoon_Weekend,6,B,Others,0.0
Peak_Monsoon_Weekend,7,B,Others,0.0
Peak_Monsoon_Weekend,8,B,Others,0.0
Peak_Monsoon_Weekend,9,B,Others,0.0
Peak_Monsoon_Weekend,10,B,Others,0.0
Peak_Monsoon_Weekend,11,B,Others,0.0
Peak_Monsoon_Weekend,12,B,Others,0.0
Peak_Monsoon_Weekend,13,B,Others,0.0
Peak_Monsoon_Weekend,14,B,Others,0.0
Peak_Monsoon_Weekend,15,B,Others,0.0
Peak_Monsoon_Weekend,16,B,Others,0.0
Peak_Monsoon_Weekend,17,B,Others,0.0
Peak_Monsoon_Weekend,18,B,Others,0.0
Peak_Monsoon_Weekend,19,B,Others,0.0
Peak_Monsoon_Weekend,20,B,Others,0.0
Peak_Monsoon_Weekend,21,B,Others,0.0
Peak_Monsoon_Weekend,22,B,Others,0.0
Peak_Monsoon_Weekend,23,B,Others,0.0
Late_Summer,0,B,Others,0.0
Late_Summer,1,B,Others,0.0
Late_Summer,2,B,Others,0.0
Late_Summer,3,B,Others,0.0
Late_Summer,4,B,Others,0.0
Late_Summer,5,B,Others,0.0
Late_Summer,6,B,Others,0.0
Late_Summer,7,B,Others,0.0
Late_Summer,8,B,Others,0.0
Late_Summer,9,B,Others,0.0
Late_Summer,10,B,Others,0.0
Late_Summer,11,B,Others,0.0
Late_Summer,12,B,Others,0.0
Late_Summer,13,B,Others,0.0
Late_Summer,14,B,Others,0.0
Late_Summer,15,B,Others,0.0
Late_Summer,16,B,Others,0.0
Late_Summer,17,B,Others,0.0
Late_Summer,18,B,Others,0.0
Late_Summer,19,B,Others,0.0
Late_Summer,20,B,Others,0.0
Late_Summer,21,B,Others,0.0
Late_Summer,22,B,Others,0.0
Late_Summer,23,B,Others,0.0
Late_Summer_Weekend,0,B,Others,0.0
Late_Summer_Weekend,1,B,Others,0.0
Late_Summer_Weekend,2,B,Others,0.0
Late_Summer_Weekend,3,B,Others,0.0
Late_Summer_Weekend,4,B,Others,0.0
Late_Summer_Weekend,5,B,Others,0.0
Late_Summer_Weekend,6,B,Others,0.0
Late_Summer_Weekend,7,B,Others,0.0
Late_Summer_Weekend,8,B,Others,0.0
Late_Summer_Weekend,9,B,Others,0.0
Late_Summer_Weekend,10,B,Others,0.0
Late_Summer_Weekend,11,B,Others,0.0
Late_Summer_Weekend,12,B,Others,0.0
Late_Summer_Weekend,13,B,Others,0.0
Late_Summer_Weekend,14,B,Others,0.0
Late_Summer_Weekend,15,B,Others,0.0
Late_Summer_Weekend,16,B,Others,0.0
Late_Summer_Weekend,17,B,Others,0.0
Late_Summer_Weekend,18,B,Others,0.0
Late_Summer_Weekend,19,B,Others,0.0
Late_Summer_Weekend,20,B,Others,0.0
Late_Summer_Weekend,21,B,Others,0.0
Late_Summer_Weekend,22,B,Others,0.0
Late_Summer_Weekend,23,B,Others,0.0
Public_Holiday,0,B,Others,0.0
Public_Holiday,1,B,Others,0.0
Public_Holiday,2,B,Others,0.0
Public_Holiday,3,B,Others,0.0
Public_Holiday,4,B,Others,0.0
Public_Holiday,5,B,Others,0.0
Public_Holiday,6,B,Others,0.0
Public_Holiday,7,B,Others,0.0
Public_Holiday,8,B,Others,0.0
Public_Holiday,9,B,Others,0.0
Public_Holiday,10,B,Others,0.0
Public_Holiday,11,B,Others,0.0
Public_Holiday,12,B,Others,0.0
Public_Holiday,13,B,Others,0.0
Public_Holiday,14,B,Others,0.0
Public_Holiday,15,B,Others,0.0
Public_Holiday,16,B,Others,0.0
Public_Holiday,17,B,Others,0.0
Public_Holiday,18,B,Others,0.0
Public_Holiday,19,B,Others,0.0
Public_Holiday,20,B,Others,0.0
Public_Holiday,21,B,Others,0.0
Public_Holiday,22,B,Others,0.0
Public_Holiday,23,B,Others,0.0
Festival_Holiday,0,B,Others,0.0
Festival_Holiday,1,B,Others,0.0
Festival_Holiday,2,B,Others,0.0
Festival_Holiday,3,B,Others,0.0
Festival_Holiday,4,B,Others,0.0
Festival_Holiday,5,B,Others,0.0
Festival_Holiday,6,B,Others,0.0
Festival_Holiday,7,B,Others,0.0
Festival_Holiday,8,B,Others,0.0
Festival_Holiday,9,B,Others,0.0
Festival_Holiday,10,B,Others,0.0
Festival_Holiday,11,B,Others,0.0
Festival_Holiday,12,B,Others,0.0
Festival_Holiday,13,B,Others,0.0
Festival_Holiday,14,B,Others,0.0
Festival_Holiday,15,B,Others,0.0
Festival_Holiday,16,B,Others,0.0
Festival_Holiday,17,B,Others,0.0
Festival_Holiday,18,B,Others,0.0
Festival_Holiday,19,B,Others,0.0
Festival_Holiday,20,B,Others,0.0
Festival_Holiday,21,B,Others,0.0
Festival_Holiday,22,B,Others,0.0
Festival_Holiday,23,B,Others,0.0
November,0,C,Others,0.0
November,1,C,Others,0.0
November,2,C,Others,0.0
November,3,C,Others,0.0
November,4,C,Others,0.0
November,5,C,Others,0.0
November,6,C,Others,0.0
November,7,C,Others,0.0
November,8,C,Others,0.0
November,9,C,Others,0.0
November,10,C,Others,0.0
November,11,C,Others,0.0
November,12,C,Others,0.0
November,13,C,Others,0.0
November,14,C,Others,0.0
November,15,C,Others,0.0
November,16,C,Others,0.0
November,17,C,Others,0.0
November,18,C,Others,0.0
November,19,C,Others,0.0
November,20,C,Others,0.0
November,21,C,Others,0.0
November,22,C,Others,0.0
November,23,C,Others,0.0
December,0,C,Others,0.0
December,1,C,Others,0.0
December,2,C,Others,0.0
December,3,C,Others,0.0
December,4,C,Others,0.0
December,5,C,Others,0.0
December,6,C,Others,0.0
December,7,C,Others,0.0
December,8,C,Others,0.0
December,9,C,Others,0.0
December,10,C,Others,0.0
December,11,C,Others,0.0
December,12,C,Others,0.0
December,13,C,Others,0.0
December,14,C,Others,0.0
December,15,C,Others,0.0
December,16,C,Others,0.0
December,17,C,Others,0.0
December,18,C,Others,0.0
December,19,C,Others,0.0
December,20,C,Others,0.0
December,21,C,Others,0.0
December,22,C,Others,0.0
December,23,C,Others,0.0
January,0,C,Others,0.0
January,1,C,Others,0.0
January,2,C,Others,0.0
January,3,C,Others,0.0
January,4,C,Others,0.0
January,5,C,Others,0.0
January,6,C,Others,0.0
January,7,C,Others,0.0
January,8,C,Others,0.0
January,9,C,Others,0.0
January,10,C,Others,0.0
January,11,C,Others,0.0
January,12,C,Others,0.0
January,13,C,Others,0.0
January,14,C,Others,0.0
January,15,C,Others,0.0
January,16,C,Others,0.0
January,17,C,Others,0.0
January,18,C,Others,0.0
January,19,C,Others,0.0
January,20,C,Others,0.0
January,21,C,Others,0.0
January,22,C,Others,0.0
January,23,C,Others,0.0
February,0,C,Others,0.0
February,1,C,Others,0.0
February,2,C,Others,0.0
February,3,C,Others,0.0
February,4,C,Others,0.0
February,5,C,Others,0.0
February,6,C,Others,0.0
February,7,C,Others,0.0
February,8,C,Others,0.0
February,9,C,Others,0.0
February,10,C,Others,0.0
February,11,C,Others,0.0
February,12,C,Others,0.0
February,13,C,Others,0.0
February,14,C,Others,0.0
February,15,C,Others,0.0
February,16,C,Others,0.0
February,17,C,Others,0.0
February,18,C,Others,0.0
February,19,C,Others,0.0
February,20,C,Others,0.0
February,21,C,Others,0.0
February,22,C,Others,0.0
February,23,C,Others,0.0
March,0,C,Others,0.0
March,1,C,Others,0.0
March,2,C,Others,0.0
March,3,C,Others,0.0
March,4,C,Others,0.0
March,5,C,Others,0.0
March,6,C,Others,0.0
March,7,C,Others,0.0
March,8,C,Others,0.0
March,9,C,Others,0.0
March,10,C,Others,0.0
March,11,C,Others,0.0
March,12,C,Others,0.0
March,13,C,Others,0.0
March,14,C,Others,0.0
March,15,C,Others,0.0
March,16,C,Others,0.0
March,17,C,Others,0.0
March,18,C,Others,0.0
March,19,C,Others,0.0
March,20,C,Others,0.0
March,21,C,Others,0.0
March,22,C,Others,0.0
March,23,C,Others,0.0
Winter_Weekend,0,C,Others,0.0
Winter_Weekend,1,C,Others,0.0
Winter_Weekend,2,C,Others,0.0
Winter_Weekend,3,C,Others,0.0
Winter_Weekend,4,C,Others,0.0
Winter_Weekend,5,C,Others,0.0
Winter_Weekend,6,C,Others,0.0
Winter_Weekend,7,C,Others,0.0
Winter_Weekend,8,C,Others,0.0
Winter_Weekend,9,C,Others,0.0
Winter_Weekend,10,C,Others,0.0
Winter_Weekend,11,C,Others,0.0
Winter_Weekend,12,C,Others,0.0
Winter_Weekend,13,C,Others,0.0
Winter_Weekend,14,C,Others,0.0
Winter_Weekend,15,C,Others,0.0
Winter_Weekend,16,C,Others,0.0
Winter_Weekend,17,C,Others,0.0
Winter_Weekend,18,C,Others,0.0
Winter_Weekend,19,C,Others,0.0
Winter_Weekend,20,C,Others,0.0
Winter_Weekend,21,C,Others,0.0
Winter_Weekend,22,C,Others,0.0
Winter_Weekend,23,C,Others,0.0
April,0,C,Others,0.0
April,1,C,Others,0.0
April,2,C,Others,0.0
April,3,C,Others,0.0
April,4,C,Others,0.0
April,5,C,Others,0.0
April,6,C,Others,0.0
April,7,C,Others,0.0
April,8,C,Others,0.0
April,9,C,Others,0.0
April,10,C,Others,0.0
April,11,C,Others,0.0
April,12,C,Others,0.0
April,13,C,Others,0.0
April,14,C,Others,0.0
April,15,C,Others,0.0
April,16,C,Others,0.0
April,17,C,Others,0.0
April,18,C,Others,0.0
April,19,C,Others,0.0
April,20,C,Others,0.0
April,21,C,Others,0.0
April,22,C,Others,0.0
April,23,C,Others,0.0
May,0,C,Others,0.0
May,1,C,Others,0.0
May,2,C,Others,0.0
May,3,C,Others,0.0
May,4,C,Others,0.0
May,5,C,Others,0.0
May,6,C,Others,0.0
May,7,C,Others,0.0
May,8,C,Others,0.0
May,9,C,Others,0.0
May,10,C,Others,0.0
May,11,C,Others,0.0
May,12,C,Others,0.0
May,13,C,Others,0.0
May,14,C,Others,0.0
May,15,C,Others,0.0
May,16,C,Others,0.0
May,17,C,Others,0.0
May,18,C,Others,0.0
May,19,C,Others,0.0
May,20,C,Others,0.0
May,21,C,Others,0.0
May,22,C,Others,0.0
May,23,C,Others,0.0
June_1_15,0,C,Others,0.0
June_1_15,1,C,Others,0.0
June_1_15,2,C,Others,0.0
June_1_15,3,C,Others,0.0
June_1_15,4,C,Others,0.0
June_1_15,5,C,Others,0.0
June_1_15,6,C,Others,0.0
June_1_15,7,C,Others,0.0
June_1_15,8,C,Others,0.0
June_1_15,9,C,Others,0.0
June_1_15,10,C,Others,0.0
June_1_15,11,C,Others,0.0
June_1_15,12,C,Others,0.0
June_1_15,13,C,Others,0.0
June_1_15,14,C,Others,0.0
June_1_15,15,C,Others,0.0
June_1_15,16,C,Others,0.0
June_1_15,17,C,Others,0.0
June_1_15,18,C,Others,0.0
June_1_15,19,C,Others,0.0
June_1_15,20,C,Others,0.0
June_1_15,21,C,Others,0.0
June_1_15,22,C,Others,0.0
June_1_15,23,C,Others,0.0
Summer_Weekend,0,C,Others,0.0
Summer_Weekend,1,C,Others,0.0
Summer_Weekend,2,C,Others,0.0
Summer_Weekend,3,C,Others,0.0
Summer_Weekend,4,C,Others,0.0
Summer_Weekend,5,C,Others,0.0
Summer_Weekend,6,C,Others,0.0
Summer_Weekend,7,C,Others,0.0
Summer_Weekend,8,C,Others,0.0
Summer_Weekend,9,C,Others,0.0
Summer_Weekend,10,C,Others,0.0
Summer_Weekend,11,C,Others,0.0
Summer_Weekend,12,C,Others,0.0
Summer_Weekend,13,C,Others,0.0
Summer_Weekend,14,C,Others,0.0
Summer_Weekend,15,C,Others,0.0
Summer_Weekend,16,C,Others,0.0
Summer_Weekend,17,C,Others,0.0
Summer_Weekend,18,C,Others,0.0
Summer_Weekend,19,C,Others,0.0
Summer_Weekend,20,C,Others,0.0
Summer_Weekend,21,C,Others,0.0
Summer_Weekend,22,C,Others,0.0
Summer_Weekend,23,C,Others,0.0
Early_Monsoon,0,C,Others,0.0
Early_Monsoon,1,C,Others,0.0
Early_Monsoon,2,C,Others,0.0
Early_Monsoon,3,C,Others,0.0
Early_Monsoon,4,C,Others,0.0
Early_Monsoon,5,C,Others,0.0
Early_Monsoon,6,C,Others,0.0
Early_Monsoon,7,C,Others,0.0
Early_Monsoon,8,C,Others,0.0
Early_Monsoon,9,C,Others,0.0
Early_Monsoon,10,C,Others,0.0
Early_Monsoon,11,C,Others,0.0
Early_Monsoon,12,C,Others,0.0
Early_Monsoon,13,C,Others,0.0
Early_Monsoon,14,C,Others,0.0
Early_Monsoon,15,C,Others,0.0
Early_Monsoon,16,C,Others,0.0
Early_Monsoon,17,C,Others,0.0
Early_Monsoon,18,C,Others,0.0
Early_Monsoon,19,C,Others,0.0
Early_Monsoon,20,C,Others,0.0
Early_Monsoon,21,C,Others,0.0
Early_Monsoon,22,C,Others,0.0
Early_Monsoon,23,C,Others,0.0
Early_Monsoon_Weekend,0,C,Others,0.0
Early_Monsoon_Weekend,1,C,Others,0.0
Early_Monsoon_Weekend,2,C,Others,0.0
Early_Monsoon_Weekend,3,C,Others,0.0
Early_Monsoon_Weekend,4,C,Others,0.0
Early_Monsoon_Weekend,5,C,Others,0.0
Early_Monsoon_Weekend,6,C,Others,0.0
Early_Monsoon_Weekend,7,C,Others,0.0
Early_Monsoon_Weekend,8,C,Others,0.0
Early_Monsoon_Weekend,9,C,Others,0.0
Early_Monsoon_Weekend,10,C,Others,0.0
Early_Monsoon_Weekend,11,C,Others,0.0
Early_Monsoon_Weekend,12,C,Others,0.0
Early_Monsoon_Weekend,13,C,Others,0.0
Early_Monsoon_Weekend,14,C,Others,0.0
Early_Monsoon_Weekend,15,C,Others,0.0
Early_Monsoon_Weekend,16,C,Others,0.0
Early_Monsoon_Weekend,17,C,Others,0.0
Early_Monsoon_Weekend,18,C,Others,0.0
Early_Monsoon_Weekend,19,C,Others,0.0
Early_Monsoon_Weekend,20,C,Others,0.0
Early_Monsoon_Weekend,21,C,Others,0.0
Early_Monsoon_Weekend,22,C,Others,0.0
Early_Monsoon_Weekend,23,C,Others,0.0
Peak_Monsoon_1,0,C,Others,0.0
Peak_Monsoon_1,1,C,Others,0.0
Peak_Monsoon_1,2,C,Others,0.0
Peak_Monsoon_1,3,C,Others,0.0
Peak_Monsoon_1,4,C,Others,0.0
Peak_Monsoon_1,5,C,Others,0.0
Peak_Monsoon_1,6,C,Others,0.0
Peak_Monsoon_1,7,C,Others,0.0
Peak_Monsoon_1,8,C,Others,0.0
Peak_Monsoon_1,9,C,Others,0.0
Peak_Monsoon_1,10,C,Others,0.0
Peak_Monsoon_1,11,C,Others,0.0
Peak_Monsoon_1,12,C,Others,0.0
Peak_Monsoon_1,13,C,Others,0.0
Peak_Monsoon_1,14,C,Others,0.0
Peak_Monsoon_1,15,C,Others,0.0
Peak_Monsoon_1,16,C,Others,0.0
Peak_Monsoon_1,17,C,Others,0.0
Peak_Monsoon_1,18,C,Others,0.0
Peak_Monsoon_1,19,C,Others,0.0
Peak_Monsoon_1,20,C,Others,0.0
Peak_Monsoon_1,21,C,Others,0.0
Peak_Monsoon_1,22,C,Others,0.0
Peak_Monsoon_1,23,C,Others,0.0
Peak_Monsoon_2,0,C,Others,0.0
Peak_Monsoon_2,1,C,Others,0.0
Peak_Monsoon_2,2,C,Others,0.0
Peak_Monsoon_2,3,C,Others,0.0
Peak_Monsoon_2,4,C,Others,0.0
Peak_Monsoon_2,5,C,Others,0.0
Peak_Monsoon_2,6,C,Others,0.0
Peak_Monsoon_2,7,C,Others,0.0
Peak_Monsoon_2,8,C,Others,0.0
Peak_Monsoon_2,9,C,Others,0.0
Peak_Monsoon_2,10,C,Others,0.0
Peak_Monsoon_2,11,C,Others,0.0
Peak_Monsoon_2,12,C,Others,0.0
Peak_Monsoon_2,13,C,Others,0.0
Peak_Monsoon_2,14,C,Others,0.0
Peak_Monsoon_2,15,C,Others,0.0
Peak_Monsoon_2,16,C,Others,0.0
Peak_Monsoon_2,17,C,Others,0.0
Peak_Monsoon_2,18,C,Others,0.0
Peak_Monsoon_2,19,C,Others,0.0
Peak_Monsoon_2,20,C,Others,0.0
Peak_Monsoon_2,21,C,Others,0.0
Peak_Monsoon_2,22,C,Others,0.0
Peak_Monsoon_2,23,C,Others,0.0
Peak_Monsoon_Weekend,0,C,Others,0.0
Peak_Monsoon_Weekend,1,C,Others,0.0
Peak_Monsoon_Weekend,2,C,Others,0.0
Peak_Monsoon_Weekend,3,C,Others,0.0
Peak_Monsoon_Weekend,4,C,Others,0.0
Peak_Monsoon_Weekend,5,C,Others,0.0
Peak_Monsoon_Weekend,6,C,Others,0.0
Peak_Monsoon_Weekend,7,C,Others,0.0
Peak_Monsoon_Weekend,8,C,Others,0.0
Peak_Monsoon_Weekend,9,C,Others,0.0
Peak_Monsoon_Weekend,10,C,Others,0.0
Peak_Monsoon_Weekend,11,C,Others,0.0
Peak_Monsoon_Weekend,12,C,Others,0.0
Peak_Monsoon_Weekend,13,C,Others,0.0
Peak_Monsoon_Weekend,14,C,Others,0.0
Peak_Monsoon_Weekend,15,C,Others,0.0
Peak_Monsoon_Weekend,16,C,Others,0.0
Peak_Monsoon_Weekend,17,C,Others,0.0
Peak_Monsoon_Weekend,18,C,Others,0.0
Peak_Monsoon_Weekend,19,C,Others,0.0
Peak_Monsoon_Weekend,20,C,Others,0.0
Peak_Monsoon_Weekend,21,C,Others,0.0
Peak_Monsoon_Weekend,22,C,Others,0.0
Peak_Monsoon_Weekend,23,C,Others,0.0
Late_Summer,0,C,Others,0.0
Late_Summer,1,C,Others,0.0
Late_Summer,2,C,Others,0.0
Late_Summer,3,C,Others,0.0
Late_Summer,4,C,Others,0.0
Late_Summer,5,C,Others,0.0
Late_Summer,6,C,Others,0.0
Late_Summer,7,C,Others,0.0
Late_Summer,8,C,Others,0.0
Late_Summer,9,C,Others,0.0
Late_Summer,10,C,Others,0.0
Late_Summer,11,C,Others,0.0
Late_Summer,12,C,Others,0.0
Late_Summer,13,C,Others,0.0
Late_Summer,14,C,Others,0.0
Late_Summer,15,C,Others,0.0
Late_Summer,16,C,Others,0.0
Late_Summer,17,C,Others,0.0
Late_Summer,18,C,Others,0.0
Late_Summer,19,C,Others,0.0
Late_Summer,20,C,Others,0.0
Late_Summer,21,C,Others,0.0
Late_Summer,22,C,Others,0.0
Late_Summer,23,C,Others,0.0
Late_Summer_Weekend,0,C,Others,0.0
Late_Summer_Weekend,1,C,Others,0.0
Late_Summer_Weekend,2,C,Others,0.0
Late_Summer_Weekend,3,C,Others,0.0
Late_Summer_Weekend,4,C,Others,0.0
Late_Summer_Weekend,5,C,Others,0.0
Late_Summer_Weekend,6,C,Others,0.0
Late_Summer_Weekend,7,C,Others,0.0
Late_Summer_Weekend,8,C,Others,0.0
Late_Summer_Weekend,9,C,Others,0.0
Late_Summer_Weekend,10,C,Others,0.0
Late_Summer_Weekend,11,C,Others,0.0
Late_Summer_Weekend,12,C,Others,0.0
Late_Summer_Weekend,13,C,Others,0.0
Late_Summer_Weekend,14,C,Others,0.0
Late_Summer_Weekend,15,C,Others,0.0
Late_Summer_Weekend,16,C,Others,0.0
Late_Summer_Weekend,17,C,Others,0.0
Late_Summer_Weekend,18,C,Others,0.0
Late_Summer_Weekend,19,C,Others,0.0
Late_Summer_Weekend,20,C,Others,0.0
Late_Summer_Weekend,21,C,Others,0.0
Late_Summer_Weekend,22,C,Others,0.0
Late_Summer_Weekend,23,C,Others,0.0
Public_Holiday,0,C,Others,0.0
Public_Holiday,1,C,Others,0.0
Public_Holiday,2,C,Others,0.0
Public_Holiday,3,C,Others,0.0
Public_Holiday,4,C,Others,0.0
Public_Holiday,5,C,Others,0.0
Public_Holiday,6,C,Others,0.0
Public_Holiday,7,C,Others,0.0
Public_Holiday,8,C,Others,0.0
Public_Holiday,9,C,Others,0.0
Public_Holiday,10,C,Others,0.0
Public_Holiday,11,C,Others,0.0
Public_Holiday,12,C,Others,0.0
Public_Holiday,13,C,Others,0.0
Public_Holiday,14,C,Others,0.0
Public_Holiday,15,C,Others,0.0
Public_Holiday,16,C,Others,0.0
Public_Holiday,17,C,Others,0.0
Public_Holiday,18,C,Others,0.0
Public_Holiday,19,C,Others,0.0
Public_Holiday,20,C,Others,0.0
Public_Holiday,21,C,Others,0.0
Public_Holiday,22,C,Others,0.0
Public_Holiday,23,C,Others,0.0
Festival_Holiday,0,C,Others,0.0
Festival_Holiday,1,C,Others,0.0
Festival_Holiday,2,C,Others,0.0
Festival_Holiday,3,C,Others,0.0
Festival_Holiday,4,C,Others,0.0
Festival_Holiday,5,C,Others,0.0
Festival_Holiday,6,C,Others,0.0
Festival_Holiday,7,C,Others,0.0
Festival_Holiday,8,C,Others,0.0
Festival_Holiday,9,C,Others,0.0
Festival_Holiday,10,C,Others,0.0
Festival_Holiday,11,C,Others,0.0
Festival_Holiday,12,C,Others,0.0
Festival_Holiday,13,C,Others,0.0
Festival_Holiday,14,C,Others,0.0
Festival_Holiday,15,C,Others,0.0
Festival_Holiday,16,C,Others,0.0
Festival_Holiday,17,C,Others,0.0
Festival_Holiday,18,C,Others,0.0
Festival_Holiday,19,C,Others,0.0
Festival_Holiday,20,C,Others,0.0
Festival_Holiday,21,C,Others,0.0
Festival_Holiday,22,C,Others,0.0
Festival_Holiday,23,C,Others,0.0
November,0,A,Others,0.0
November,1,A,Others,0.0
November,2,A,Others,0.0
November,3,A,Others,0.0
November,4,A,Others,0.0
November,5,A,Others,0.0
November,6,A,Others,0.0
November,7,A,Others,0.0
November,8,A,Others,0.0
November,9,A,Others,0.0
November,10,A,Others,0.0
November,11,A,Others,0.0
November,12,A,Others,0.0
November,13,A,Others,0.0
November,14,A,Others,0.0
November,15,A,Others,0.0
November,16,A,Others,0.0
November,17,A,Others,0.0
November,18,A,Others,0.0
November,19,A,Others,0.0
November,20,A,Others,0.0
November,21,A,Others,0.0
November,22,A,Others,0.0
November,23,A,Others,0.0
December,0,A,Others,0.0
December,1,A,Others,0.0
December,2,A,Others,0.0
December,3,A,Others,0.0
December,4,A,Others,0.0
December,5,A,Others,0.0
December,6,A,Others,0.0
December,7,A,Others,0.0
December,8,A,Others,0.0
December,9,A,Others,0.0
December,10,A,Others,0.0
December,11,A,Others,0.0
December,12,A,Others,0.0
December,13,A,Others,0.0
December,14,A,Others,0.0
December,15,A,Others,0.0
December,16,A,Others,0.0
December,17,A,Others,0.0
December,18,A,Others,0.0
December,19,A,Others,0.0
December,20,A,Others,0.0
December,21,A,Others,0.0
December,22,A,Others,0.0
December,23,A,Others,0.0
January,0,A,Others,0.0
January,1,A,Others,0.0
January,2,A,Others,0.0
January,3,A,Others,0.0
January,4,A,Others,0.0
January,5,A,Others,0.0
January,6,A,Others,0.0
January,7,A,Others,0.0
January,8,A,Others,0.0
January,9,A,Others,0.0
January,10,A,Others,0.0
January,11,A,Others,0.0
January,12,A,Others,0.0
January,13,A,Others,0.0
January,14,A,Others,0.0
January,15,A,Others,0.0
January,16,A,Others,0.0
January,17,A,Others,0.0
January,18,A,Others,0.0
January,19,A,Others,0.0
January,20,A,Others,0.0
January,21,A,Others,0.0
January,22,A,Others,0.0
January,23,A,Others,0.0
February,0,A,Others,0.0
February,1,A,Others,0.0
February,2,A,Others,0.0
February,3,A,Others,0.0
February,4,A,Others,0.0
February,5,A,Others,0.0
February,6,A,Others,0.0
February,7,A,Others,0.0
February,8,A,Others,0.0
February,9,A,Others,0.0
February,10,A,Others,0.0
February,11,A,Others,0.0
February,12,A,Others,0.0
February,13,A,Others,0.0
February,14,A,Others,0.0
February,15,A,Others,0.0
February,16,A,Others,0.0
February,17,A,Others,0.0
February,18,A,Others,0.0
February,19,A,Others,0.0
February,20,A,Others,0.0
February,21,A,Others,0.0
February,22,A,Others,0.0
February,23,A,Others,0.0
March,0,A,Others,0.0
March,1,A,Others,0.0
March,2,A,Others,0.0
March,3,A,Others,0.0
March,4,A,Others,0.0
March,5,A,Others,0.0
March,6,A,Others,0.0
March,7,A,Others,0.0
March,8,A,Others,0.0
March,9,A,Others,0.0
March,10,A,Others,0.0
March,11,A,Others,0.0
March,12,A,Others,0.0
March,13,A,Others,0.0
March,14,A,Others,0.0
March,15,A,Others,0.0
March,16,A,Others,0.0
March,17,A,Others,0.0
March,18,A,Others,0.0
March,19,A,Others,0.0
March,20,A,Others,0.0
March,21,A,Others,0.0
March,22,A,Others,0.0
March,23,A,Others,0.0
Winter_Weekend,0,A,Others,0.0
Winter_Weekend,1,A,Others,0.0
Winter_Weekend,2,A,Others,0.0
Winter_Weekend,3,A,Others,0.0
Winter_Weekend,4,A,Others,0.0
Winter_Weekend,5,A,Others,0.0
Winter_Weekend,6,A,Others,0.0
Winter_Weekend,7,A,Others,0.0
Winter_Weekend,8,A,Others,0.0
Winter_Weekend,9,A,Others,0.0
Winter_Weekend,10,A,Others,0.0
Winter_Weekend,11,A,Others,0.0
Winter_Weekend,12,A,Others,0.0
Winter_Weekend,13,A,Others,0.0
Winter_Weekend,14,A,Others,0.0
Winter_Weekend,15,A,Others,0.0
Winter_Weekend,16,A,Others,0.0
Winter_Weekend,17,A,Others,0.0
Winter_Weekend,18,A,Others,0.0
Winter_Weekend,19,A,Others,0.0
Winter_Weekend,20,A,Others,0.0
Winter_Weekend,21,A,Others,0.0
Winter_Weekend,22,A,Others,0.0
Winter_Weekend,23,A,Others,0.0
April,0,A,Others,0.0
April,1,A,Others,0.0
April,2,A,Others,0.0
April,3,A,Others,0.0
April,4,A,Others,0.0
April,5,A,Others,0.0
April,6,A,Others,0.0
April,7,A,Others,0.0
April,8,A,Others,0.0
April,9,A,Others,0.0
April,10,A,Others,0.0
April,11,A,Others,0.0
April,12,A,Others,0.0
April,13,A,Others,0.0
April,14,A,Others,0.0
April,15,A,Others,0.0
April,16,A,Others,0.0
April,17,A,Others,0.0
April,18,A,Others,0.0
April,19,A,Others,0.0
April,20,A,Others,0.0
April,21,A,Others,0.0
April,22,A,Others,0.0
April,23,A,Others,0.0
May,0,A,Others,0.0
May,1,A,Others,0.0
May,2,A,Others,0.0
May,3,A,Others,0.0
May,4,A,Others,0.0
May,5,A,Others,0.0
May,6,A,Others,0.0
May,7,A,Others,0.0
May,8,A,Others,0.0
May,9,A,Others,0.0
May,10,A,Others,0.0
May,11,A,Others,0.0
May,12,A,Others,0.0
May,13,A,Others,0.0
May,14,A,Others,0.0
May,15,A,Others,0.0
May,16,A,Others,0.0
May,17,A,Others,0.0
May,18,A,Others,0.0
May,19,A,Others,0.0
May,20,A,Others,0.0
May,21,A,Others,0.0
May,22,A,Others,0.0
May,23,A,Others,0.0
June_1_15,0,A,Others,0.0
June_1_15,1,A,Others,0.0
June_1_15,2,A,Others,0.0
June_1_15,3,A,Others,0.0
June_1_15,4,A,Others,0.0
June_1_15,5,A,Others,0.0
June_1_15,6,A,Others,0.0
June_1_15,7,A,Others,0.0
June_1_15,8,A,Others,0.0
June_1_15,9,A,Others,0.0
June_1_15,10,A,Others,0.0
June_1_15,11,A,Others,0.0
June_1_15,12,A,Others,0.0
June_1_15,13,A,Others,0.0
June_1_15,14,A,Others,0.0
June_1_15,15,A,Others,0.0
June_1_15,16,A,Others,0.0
June_1_15,17,A,Others,0.0
June_1_15,18,A,Others,0.0
June_1_15,19,A,Others,0.0
June_1_15,20,A,Others,0.0
June_1_15,21,A,Others,0.0
June_1_15,22,A,Others,0.0
June_1_15,23,A,Others,0.0
Summer_Weekend,0,A,Others,0.0
Summer_Weekend,1,A,Others,0.0
Summer_Weekend,2,A,Others,0.0
Summer_Weekend,3,A,Others,0.0
Summer_Weekend,4,A,Others,0.0
Summer_Weekend,5,A,Others,0.0
Summer_Weekend,6,A,Others,0.0
Summer_Weekend,7,A,Others,0.0
Summer_Weekend,8,A,Others,0.0
Summer_Weekend,9,A,Others,0.0
Summer_Weekend,10,A,Others,0.0
Summer_Weekend,11,A,Others,0.0
Summer_Weekend,12,A,Others,0.0
Summer_Weekend,13,A,Others,0.0
Summer_Weekend,14,A,Others,0.0
Summer_Weekend,15,A,Others,0.0
Summer_Weekend,16,A,Others,0.0
Summer_Weekend,17,A,Others,0.0
Summer_Weekend,18,A,Others,0.0
Summer_Weekend,19,A,Others,0.0
Summer_Weekend,20,A,Others,0.0
Summer_Weekend,21,A,Others,0.0
Summer_Weekend,22,A,Others,0.0
Summer_Weekend,23,A,Others,0.0
Early_Monsoon,0,A,Others,0.0
Early_Monsoon,1,A,Others,0.0
Early_Monsoon,2,A,Others,0.0
Early_Monsoon,3,A,Others,0.0
Early_Monsoon,4,A,Others,0.0
Early_Monsoon,5,A,Others,0.0
Early_Monsoon,6,A,Others,0.0
Early_Monsoon,7,A,Others,0.0
Early_Monsoon,8,A,Others,0.0
Early_Monsoon,9,A,Others,0.0
Early_Monsoon,10,A,Others,0.0
Early_Monsoon,11,A,Others,0.0
Early_Monsoon,12,A,Others,0.0
Early_Monsoon,13,A,Others,0.0
Early_Monsoon,14,A,Others,0.0
Early_Monsoon,15,A,Others,0.0
Early_Monsoon,16,A,Others,0.0
Early_Monsoon,17,A,Others,0.0
Early_Monsoon,18,A,Others,0.0
Early_Monsoon,19,A,Others,0.0
Early_Monsoon,20,A,Others,0.0
Early_Monsoon,21,A,Others,0.0
Early_Monsoon,22,A,Others,0.0
Early_Monsoon,23,A,Others,0.0
Early_Monsoon_Weekend,0,A,Others,0.0
Early_Monsoon_Weekend,1,A,Others,0.0
Early_Monsoon_Weekend,2,A,Others,0.0
Early_Monsoon_Weekend,3,A,Others,0.0
Early_Monsoon_Weekend,4,A,Others,0.0
Early_Monsoon_Weekend,5,A,Others,0.0
Early_Monsoon_Weekend,6,A,Others,0.0
Early_Monsoon_Weekend,7,A,Others,0.0
Early_Monsoon_Weekend,8,A,Others,0.0
Early_Monsoon_Weekend,9,A,Others,0.0
Early_Monsoon_Weekend,10,A,Others,0.0
Early_Monsoon_Weekend,11,A,Others,0.0
Early_Monsoon_Weekend,12,A,Others,0.0
Early_Monsoon_Weekend,13,A,Others,0.0
Early_Monsoon_Weekend,14,A,Others,0.0
Early_Monsoon_Weekend,15,A,Others,0.0
Early_Monsoon_Weekend,16,A,Others,0.0
Early_Monsoon_Weekend,17,A,Others,0.0
Early_Monsoon_Weekend,18,A,Others,0.0
Early_Monsoon_Weekend,19,A,Others,0.0
Early_Monsoon_Weekend,20,A,Others,0.0
Early_Monsoon_Weekend,21,A,Others,0.0
Early_Monsoon_Weekend,22,A,Others,0.0
Early_Monsoon_Weekend,23,A,Others,0.0
Peak_Monsoon_1,0,A,Others,0.0
Peak_Monsoon_1,1,A,Others,0.0
Peak_Monsoon_1,2,A,Others,0.0
Peak_Monsoon_1,3,A,Others,0.0
Peak_Monsoon_1,4,A,Others,0.0
Peak_Monsoon_1,5,A,Others,0.0
Peak_Monsoon_1,6,A,Others,0.0
Peak_Monsoon_1,7,A,Others,0.0
Peak_Monsoon_1,8,A,Others,0.0
Peak_Monsoon_1,9,A,Others,0.0
Peak_Monsoon_1,10,A,Others,0.0
Peak_Monsoon_1,11,A,Others,0.0
Peak_Monsoon_1,12,A,Others,0.0
Peak_Monsoon_1,13,A,Others,0.0
Peak_Monsoon_1,14,A,Others,0.0
Peak_Monsoon_1,15,A,Others,0.0
Peak_Monsoon_1,16,A,Others,0.0
Peak_Monsoon_1,17,A,Others,0.0
Peak_Monsoon_1,18,A,Others,0.0
Peak_Monsoon_1,19,A,Others,0.0
Peak_Monsoon_1,20,A,Others,0.0
Peak_Monsoon_1,21,A,Others,0.0
Peak_Monsoon_1,22,A,Others,0.0
Peak_Monsoon_1,23,A,Others,0.0
Peak_Monsoon_2,0,A,Others,0.0
Peak_Monsoon_2,1,A,Others,0.0
Peak_Monsoon_2,2,A,Others,0.0
Peak_Monsoon_2,3,A,Others,0.0
Peak_Monsoon_2,4,A,Others,0.0
Peak_Monsoon_2,5,A,Others,0.0
Peak_Monsoon_2,6,A,Others,0.0
Peak_Monsoon_2,7,A,Others,0.0
Peak_Monsoon_2,8,A,Others,0.0
Peak_Monsoon_2,9,A,Others,0.0
Peak_Monsoon_2,10,A,Others,0.0
Peak_Monsoon_2,11,A,Others,0.0
Peak_Monsoon_2,12,A,Others,0.0
Peak_Monsoon_2,13,A,Others,0.0
Peak_Monsoon_2,14,A,Others,0.0
Peak_Monsoon_2,15,A,Others,0.0
Peak_Monsoon_2,16,A,Others,0.0
Peak_Monsoon_2,17,A,Others,0.0
Peak_Monsoon_2,18,A,Others,0.0
Peak_Monsoon_2,19,A,Others,0.0
Peak_Monsoon_2,20,A,Others,0.0
Peak_Monsoon_2,21,A,Others,0.0
Peak_Monsoon_2,22,A,Others,0.0
Peak_Monsoon_2,23,A,Others,0.0
Peak_Monsoon_Weekend,0,A,Others,0.0
Peak_Monsoon_Weekend,1,A,Others,0.0
Peak_Monsoon_Weekend,2,A,Others,0.0
Peak_Monsoon_Weekend,3,A,Others,0.0
Peak_Monsoon_Weekend,4,A,Others,0.0
Peak_Monsoon_Weekend,5,A,Others,0.0
Peak_Monsoon_Weekend,6,A,Others,0.0
Peak_Monsoon_Weekend,7,A,Others,0.0
Peak_Monsoon_Weekend,8,A,Others,0.0
Peak_Monsoon_Weekend,9,A,Others,0.0
Peak_Monsoon_Weekend,10,A,Others,0.0
Peak_Monsoon_Weekend,11,A,Others,0.0
Peak_Monsoon_Weekend,12,A,Others,0.0
Peak_Monsoon_Weekend,13,A,Others,0.0
Peak_Monsoon_Weekend,14,A,Others,0.0
Peak_Monsoon_Weekend,15,A,Others,0.0
Peak_Monsoon_Weekend,16,A,Others,0.0
Peak_Monsoon_Weekend,17,A,Others,0.0
Peak_Monsoon_Weekend,18,A,Others,0.0
Peak_Monsoon_Weekend,19,A,Others,0.0
Peak_Monsoon_Weekend,20,A,Others,0.0
Peak_Monsoon_Weekend,21,A,Others,0.0
Peak_Monsoon_Weekend,22,A,Others,0.0
Peak_Monsoon_Weekend,23,A,Others,0.0
Late_Summer,0,A,Others,0.0
Late_Summer,1,A,Others,0.0
Late_Summer,2,A,Others,0.0
Late_Summer,3,A,Others,0.0
Late_Summer,4,A,Others,0.0
Late_Summer,5,A,Others,0.0
Late_Summer,6,A,Others,0.0
Late_Summer,7,A,Others,0.0
Late_Summer,8,A,Others,0.0
Late_Summer,9,A,Others,0.0
Late_Summer,10,A,Others,0.0
Late_Summer,11,A,Others,0.0
Late_Summer,12,A,Others,0.0
Late_Summer,13,A,Others,0.0
Late_Summer,14,A,Others,0.0
Late_Summer,15,A,Others,0.0
Late_Summer,16,A,Others,0.0
Late_Summer,17,A,Others,0.0
Late_Summer,18,A,Others,0.0
Late_Summer,19,A,Others,0.0
Late_Summer,20,A,Others,0.0
Late_Summer,21,A,Others,0.0
Late_Summer,22,A,Others,0.0
Late_Summer,23,A,Others,0.0
Late_Summer_Weekend,0,A,Others,0.0
Late_Summer_Weekend,1,A,Others,0.0
Late_Summer_Weekend,2,A,Others,0.0
Late_Summer_Weekend,3,A,Others,0.0
Late_Summer_Weekend,4,A,Others,0.0
Late_Summer_Weekend,5,A,Others,0.0
Late_Summer_Weekend,6,A,Others,0.0
Late_Summer_Weekend,7,A,Others,0.0
Late_Summer_Weekend,8,A,Others,0.0
Late_Summer_Weekend,9,A,Others,0.0
Late_Summer_Weekend,10,A,Others,0.0
Late_Summer_Weekend,11,A,Others,0.0
Late_Summer_Weekend,12,A,Others,0.0
Late_Summer_Weekend,13,A,Others,0.0
Late_Summer_Weekend,14,A,Others,0.0
Late_Summer_Weekend,15,A,Others,0.0
Late_Summer_Weekend,16,A,Others,0.0
Late_Summer_Weekend,17,A,Others,0.0
Late_Summer_Weekend,18,A,Others,0.0
Late_Summer_Weekend,19,A,Others,0.0
Late_Summer_Weekend,20,A,Others,0.0
Late_Summer_Weekend,21,A,Others,0.0
Late_Summer_Weekend,22,A,Others,0.0
Late_Summer_Weekend,23,A,Others,0.0
Public_Holiday,0,A,Others,0.0
Public_Holiday,1,A,Others,0.0
Public_Holiday,2,A,Others,0.0
Public_Holiday,3,A,Others,0.0
Public_Holiday,4,A,Others,0.0
Public_Holiday,5,A,Others,0.0
Public_Holiday,6,A,Others,0.0
Public_Holiday,7,A,Others,0.0
Public_Holiday,8,A,Others,0.0
Public_Holiday,9,A,Others,0.0
Public_Holiday,10,A,Others,0.0
Public_Holiday,11,A,Others,0.0
Public_Holiday,12,A,Others,0.0
Public_Holiday,13,A,Others,0.0
Public_Holiday,14,A,Others,0.0
Public_Holiday,15,A,Others,0.0
Public_Holiday,16,A,Others,0.0
Public_Holiday,17,A,Others,0.0
Public_Holiday,18,A,Others,0.0
Public_Holiday,19,A,Others,0.0
Public_Holiday,20,A,Others,0.0
Public_Holiday,21,A,Others,0.0
Public_Holiday,22,A,Others,0.0
Public_Holiday,23,A,Others,0.0
Festival_Holiday,0,A,Others,0.0
Festival_Holiday,1,A,Others,0.0
Festival_Holiday,2,A,Others,0.0
Festival_Holiday,3,A,Others,0.0
Festival_Holiday,4,A,Others,0.0
Festival_Holiday,5,A,Others,0.0
Festival_Holiday,6,A,Others,0.0
Festival_Holiday,7,A,Others,0.0
Festival_Holiday,8,A,Others,0.0
Festival_Holiday,9,A,Others,0.0
Festival_Holiday,10,A,Others,0.0
Festival_Holiday,11,A,Others,0.0
Festival_Holiday,12,A,Others,0.0
Festival_Holiday,13,A,Others,0.0
Festival_Holiday,14,A,Others,0.0
Festival_Holiday,15,A,Others,0.0
Festival_Holiday,16,A,Others,0.0
Festival_Holiday,17,A,Others,0.0
Festival_Holiday,18,A,Others,0.0
Festival_Holiday,19,A,Others,0.0
Festival_Holiday,20,A,Others,0.0
Festival_Holiday,21,A,Others,0.0
Festival_Holiday,22,A,Others,0.0
Festival_Holiday,23,A,Others,0.0
