hour_of_year,day,hour_of_day,date,day_type,A_wh,B_wh,C_wh,Misc_wh,total_wh
1,1,0,2026-01-01,January,39664.0,185000.0,0.0,36100.0,260764.0
2,1,1,2026-01-01,January,39664.0,185000.0,0.0,36100.0,260764.0
3,1,2,2026-01-01,January,39664.0,185000.0,0.0,57100.0,281764.0
4,1,3,2026-01-01,January,39664.0,185000.0,0.0,57100.0,281764.0
5,1,4,2026-01-01,January,39664.0,185000.0,0.0,56200.0,280864.0
6,1,5,2026-01-01,January,42328.0,198320.0,10656.0,55600.0,306904.0
7,1,6,2026-01-01,January,51208.0,242720.0,10656.0,60860.0,365444.0
8,1,7,2026-01-01,January,48544.0,242720.0,10656.0,64360.0,366280.0
9,1,8,2026-01-01,January,48544.0,242720.0,0.0,64360.0,355624.0
10,1,9,2026-01-01,January,48544.0,242720.0,0.0,64360.0,355624.0
11,1,10,2026-01-01,January,48544.0,242720.0,40256.0,64360.0,395880.0
12,1,11,2026-01-01,January,48544.0,242720.0,40256.0,60551.0,392071.0
13,1,12,2026-01-01,January,39664.0,198320.0,40256.0,53860.0,332100.0
14,1,13,2026-01-01,January,39664.0,198320.0,40256.0,53860.0,332100.0
15,1,14,2026-01-01,January,42328.0,211640.0,40256.0,50930.0,345154.0
16,1,15,2026-01-01,January,44992.0,211640.0,40256.0,40451.0,337339.0
17,1,16,2026-01-01,January,59200.0,211640.0,40256.0,39000.0,350096.0
18,1,17,2026-01-01,January,59200.0,224960.0,50912.0,37500.0,372572.0
19,1,18,2026-01-01,January,66600.0,269360.0,50912.0,37800.0,424672.0
20,1,19,2026-01-01,January,66600.0,269360.0,10656.0,27200.0,373816.0
21,1,20,2026-01-01,January,66600.0,269360.0,10656.0,27200.0,373816.0
22,1,21,2026-01-01,January,53872.0,256040.0,10656.0,26200.0,346768.0
23,1,22,2026-01-01,January,44992.0,211640.0,0.0,26200.0,282832.0
24,1,23,2026-01-01,January,42328.0,185000.0,0.0,26200.0,253528.0
25,2,0,2026-01-02,January,39664.0,185000.0,0.0,36100.0,260764.0
26,2,1,2026-01-02,January,39664.0,185000.0,0.0,36100.0,260764.0
27,2,2,2026-01-02,January,39664.0,185000.0,0.0,57100.0,281764.0
28,2,3,2026-01-02,January,39664.0,185000.0,0.0,57100.0,281764.0
29,2,4,2026-01-02,January,39664.0,185000.0,0.0,56200.0,280864.0
30,2,5,2026-01-02,January,42328.0,198320.0,10656.0,55600.0,306904.0
31,2,6,2026-01-02,January,51208.0,242720.0,10656.0,60860.0,365444.0
32,2,7,2026-01-02,January,48544.0,242720.0,10656.0,64360.0,366280.0
33,2,8,2026-01-02,January,48544.0,242720.0,0.0,64360.0,355624.0
34,2,9,2026-01-02,January,48544.0,242720.0,0.0,64360.0,355624.0
35,2,10,2026-01-02,January,48544.0,242720.0,40256.0,64360.0,395880.0
36,2,11,2026-01-02,January,48544.0,242720.0,40256.0,60551.0,392071.0
37,2,12,2026-01-02,January,39664.0,198320.0,40256.0,53860.0,332100.0
38,2,13,2026-01-02,January,39664.0,198320.0,40256.0,53860.0,332100.0
39,2,14,2026-01-02,January,42328.0,211640.0,40256.0,50930.0,345154.0
40,2,15,2026-01-02,January,44992.0,211640.0,40256.0,40451.0,337339.0
41,2,16,2026-01-02,January,59200.0,211640.0,40256.0,39000.0,350096.0
42,2,17,2026-01-02,January,59200.0,224960.0,50912.0,37500.0,372572.0
43,2,18,2026-01-02,January,66600.0,269360.0,50912.0,37800.0,424672.0
44,2,19,2026-01-02,January,66600.0,269360.0,10656.0,27200.0,373816.0
45,2,20,2026-01-02,January,66600.0,269360.0,10656.0,27200.0,373816.0
46,2,21,2026-01-02,January,53872.0,256040.0,10656.0,26200.0,346768.0
47,2,22,2026-01-02,January,44992.0,211640.0,0.0,26200.0,282832.0
48,2,23,2026-01-02,January,42328.0,185000.0,0.0,26200.0,253528.0
49,3,0,2026-01-03,Winter_Weekend,61272.0,256040.0,40256.0,46400.0,403968.0
50,3,1,2026-01-03,Winter_Weekend,61272.0,211640.0,40256.0,46400.0,359568.0
51,3,2,2026-01-03,Winter_Weekend,58608.0,198320.0,29600.0,56900.0,343428.0
52,3,3,2026-01-03,Winter_Weekend,47064.0,198320.0,29600.0,56900.0,331884.0
53,3,4,2026-01-03,Winter_Weekend,47064.0,198320.0,29600.0,56000.0,330984.0
54,3,5,2026-01-03,Winter_Weekend,54464.0,198320.0,29600.0,55400.0,337784.0
55,3,6,2026-01-03,Winter_Weekend,63344.0,198320.0,40256.0,54700.0,356620.0
56,3,7,2026-01-03,Winter_Weekend,66008.0,248640.0,40256.0,58500.0,413404.0
57,3,8,2026-01-03,Winter_Weekend,58608.0,293040.0,40256.0,58500.0,450404.0
58,3,9,2026-01-03,Winter_Weekend,61272.0,293040.0,40256.0,58500.0,453068.0
59,3,10,2026-01-03,Winter_Weekend,115736.0,293040.0,40256.0,58500.0,507532.0
60,3,11,2026-01-03,Winter_Weekend,63936.0,293040.0,40256.0,58500.0,455732.0
61,3,12,2026-01-03,Winter_Weekend,61272.0,293040.0,40256.0,48000.0,442568.0
62,3,13,2026-01-03,Winter_Weekend,179672.0,885040.0,40256.0,48000.0,1152968.0
63,3,14,2026-01-03,Winter_Weekend,182336.0,306360.0,40256.0,48000.0,576952.0
64,3,15,2026-01-03,Winter_Weekend,66600.0,306360.0,40256.0,48420.0,461636.0
65,3,16,2026-01-03,Winter_Weekend,74000.0,306360.0,40256.0,48900.0,469516.0
66,3,17,2026-01-03,Winter_Weekend,74000.0,306360.0,50912.0,47500.0,478772.0
67,3,18,2026-01-03,Winter_Weekend,74000.0,306360.0,50912.0,47500.0,478772.0
68,3,19,2026-01-03,Winter_Weekend,74000.0,269360.0,40256.0,36600.0,420216.0
69,3,20,2026-01-03,Winter_Weekend,74000.0,269360.0,40256.0,36900.0,420516.0
70,3,21,2026-01-03,Winter_Weekend,66600.0,269360.0,40256.0,25400.0,401616.0
71,3,22,2026-01-03,Winter_Weekend,66600.0,269360.0,40256.0,25400.0,401616.0
72,3,23,2026-01-03,Winter_Weekend,66600.0,269360.0,40256.0,25400.0,401616.0
73,4,0,2026-01-04,Winter_Weekend,61272.0,256040.0,40256.0,46400.0,403968.0
74,4,1,2026-01-04,Winter_Weekend,61272.0,211640.0,40256.0,46400.0,359568.0
75,4,2,2026-01-04,Winter_Weekend,58608.0,198320.0,29600.0,56900.0,343428.0
76,4,3,2026-01-04,Winter_Weekend,47064.0,198320.0,29600.0,56900.0,331884.0
77,4,4,2026-01-04,Winter_Weekend,47064.0,198320.0,29600.0,56000.0,330984.0
78,4,5,2026-01-04,Winter_Weekend,54464.0,198320.0,29600.0,55400.0,337784.0
79,4,6,2026-01-04,Winter_Weekend,63344.0,198320.0,40256.0,54700.0,356620.0
80,4,7,2026-01-04,Winter_Weekend,66008.0,248640.0,40256.0,58500.0,413404.0
81,4,8,2026-01-04,Winter_Weekend,58608.0,293040.0,40256.0,58500.0,450404.0
82,4,9,2026-01-04,Winter_Weekend,61272.0,293040.0,40256.0,58500.0,453068.0
83,4,10,2026-01-04,Winter_Weekend,115736.0,293040.0,40256.0,58500.0,507532.0
84,4,11,2026-01-04,Winter_Weekend,63936.0,293040.0,40256.0,58500.0,455732.0
85,4,12,2026-01-04,Winter_Weekend,61272.0,293040.0,40256.0,48000.0,442568.0
86,4,13,2026-01-04,Winter_Weekend,179672.0,885040.0,40256.0,48000.0,1152968.0
87,4,14,2026-01-04,Winter_Weekend,182336.0,306360.0,40256.0,48000.0,576952.0
88,4,15,2026-01-04,Winter_Weekend,66600.0,306360.0,40256.0,48420.0,461636.0
89,4,16,2026-01-04,Winter_Weekend,74000.0,306360.0,40256.0,48900.0,469516.0
90,4,17,2026-01-04,Winter_Weekend,74000.0,306360.0,50912.0,47500.0,478772.0
91,4,18,2026-01-04,Winter_Weekend,74000.0,306360.0,50912.0,47500.0,478772.0
92,4,19,2026-01-04,Winter_Weekend,74000.0,269360.0,40256.0,36600.0,420216.0
93,4,20,2026-01-04,Winter_Weekend,74000.0,269360.0,40256.0,36900.0,420516.0
94,4,21,2026-01-04,Winter_Weekend,66600.0,269360.0,40256.0,25400.0,401616.0
95,4,22,2026-01-04,Winter_Weekend,66600.0,269360.0,40256.0,25400.0,401616.0
96,4,23,2026-01-04,Winter_Weekend,66600.0,269360.0,40256.0,25400.0,401616.0
97,5,0,2026-01-05,January,39664.0,185000.0,0.0,36100.0,260764.0
98,5,1,2026-01-05,January,39664.0,185000.0,0.0,36100.0,260764.0
99,5,2,2026-01-05,January,39664.0,185000.0,0.0,57100.0,281764.0
100,5,3,2026-01-05,January,39664.0,185000.0,0.0,57100.0,281764.0
101,5,4,2026-01-05,January,39664.0,185000.0,0.0,56200.0,280864.0
102,5,5,2026-01-05,January,42328.0,198320.0,10656.0,55600.0,306904.0
103,5,6,2026-01-05,January,51208.0,242720.0,10656.0,60860.0,365444.0
104,5,7,2026-01-05,January,48544.0,242720.0,10656.0,64360.0,366280.0
105,5,8,2026-01-05,January,48544.0,242720.0,0.0,64360.0,355624.0
106,5,9,2026-01-05,January,48544.0,242720.0,0.0,64360.0,355624.0
107,5,10,2026-01-05,January,48544.0,242720.0,40256.0,64360.0,395880.0
108,5,11,2026-01-05,January,48544.0,242720.0,40256.0,60551.0,392071.0
109,5,12,2026-01-05,January,39664.0,198320.0,40256.0,53860.0,332100.0
110,5,13,2026-01-05,January,39664.0,198320.0,40256.0,53860.0,332100.0
111,5,14,2026-01-05,January,42328.0,211640.0,40256.0,50930.0,345154.0
112,5,15,2026-01-05,January,44992.0,211640.0,40256.0,40451.0,337339.0
113,5,16,2026-01-05,January,59200.0,211640.0,40256.0,39000.0,350096.0
114,5,17,2026-01-05,January,59200.0,224960.0,50912.0,37500.0,372572.0
115,5,18,2026-01-05,January,66600.0,269360.0,50912.0,37800.0,424672.0
116,5,19,2026-01-05,January,66600.0,269360.0,10656.0,27200.0,373816.0
117,5,20,2026-01-05,January,66600.0,269360.0,10656.0,27200.0,373816.0
118,5,21,2026-01-05,January,53872.0,256040.0,10656.0,26200.0,346768.0
119,5,22,2026-01-05,January,44992.0,211640.0,0.0,26200.0,282832.0
120,5,23,2026-01-05,January,42328.0,185000.0,0.0,26200.0,253528.0
121,6,0,2026-01-06,January,39664.0,185000.0,0.0,36100.0,260764.0
122,6,1,2026-01-06,January,39664.0,185000.0,0.0,36100.0,260764.0
123,6,2,2026-01-06,January,39664.0,185000.0,0.0,57100.0,281764.0
124,6,3,2026-01-06,January,39664.0,185000.0,0.0,57100.0,281764.0
125,6,4,2026-01-06,January,39664.0,185000.0,0.0,56200.0,280864.0
126,6,5,2026-01-06,January,42328.0,198320.0,10656.0,55600.0,306904.0
127,6,6,2026-01-06,January,51208.0,242720.0,10656.0,60860.0,365444.0
128,6,7,2026-01-06,January,48544.0,242720.0,10656.0,64360.0,366280.0
129,6,8,2026-01-06,January,48544.0,242720.0,0.0,64360.0,355624.0
130,6,9,2026-01-06,January,48544.0,242720.0,0.0,64360.0,355624.0
131,6,10,2026-01-06,January,48544.0,242720.0,40256.0,64360.0,395880.0
132,6,11,2026-01-06,January,48544.0,242720.0,40256.0,60551.0,392071.0
133,6,12,2026-01-06,January,39664.0,198320.0,40256.0,53860.0,332100.0
134,6,13,2026-01-06,January,39664.0,198320.0,40256.0,53860.0,332100.0
135,6,14,2026-01-06,January,42328.0,211640.0,40256.0,50930.0,345154.0
136,6,15,2026-01-06,January,44992.0,211640.0,40256.0,40451.0,337339.0
137,6,16,2026-01-06,January,59200.0,211640.0,40256.0,39000.0,350096.0
138,6,17,2026-01-06,January,59200.0,224960.0,50912.0,37500.0,372572.0
139,6,18,2026-01-06,January,66600.0,269360.0,50912.0,37800.0,424672.0
140,6,19,2026-01-06,January,66600.0,269360.0,10656.0,27200.0,373816.0
141,6,20,2026-01-06,January,66600.0,269360.0,10656.0,27200.0,373816.0
142,6,21,2026-01-06,January,53872.0,256040.0,10656.0,26200.0,346768.0
143,6,22,2026-01-06,January,44992.0,211640.0,0.0,26200.0,282832.0
144,6,23,2026-01-06,January,42328.0,185000.0,0.0,26200.0,253528.0
145,7,0,2026-01-07,January,39664.0,185000.0,0.0,36100.0,260764.0
146,7,1,2026-01-07,January,39664.0,185000.0,0.0,36100.0,260764.0
147,7,2,2026-01-07,January,39664.0,185000.0,0.0,57100.0,281764.0
148,7,3,2026-01-07,January,39664.0,185000.0,0.0,57100.0,281764.0
149,7,4,2026-01-07,January,39664.0,185000.0,0.0,56200.0,280864.0
150,7,5,2026-01-07,January,42328.0,198320.0,10656.0,55600.0,306904.0
151,7,6,2026-01-07,January,51208.0,242720.0,10656.0,60860.0,365444.0
152,7,7,2026-01-07,January,48544.0,242720.0,10656.0,64360.0,366280.0
153,7,8,2026-01-07,January,48544.0,242720.0,0.0,64360.0,355624.0
154,7,9,2026-01-07,January,48544.0,242720.0,0.0,64360.0,355624.0
155,7,10,2026-01-07,January,48544.0,242720.0,40256.0,64360.0,395880.0
156,7,11,2026-01-07,January,48544.0,242720.0,40256.0,60551.0,392071.0
157,7,12,2026-01-07,January,39664.0,198320.0,40256.0,53860.0,332100.0
158,7,13,2026-01-07,January,39664.0,198320.0,40256.0,53860.0,332100.0
159,7,14,2026-01-07,January,42328.0,211640.0,40256.0,50930.0,345154.0
160,7,15,2026-01-07,January,44992.0,211640.0,40256.0,40451.0,337339.0
161,7,16,2026-01-07,January,59200.0,211640.0,40256.0,39000.0,350096.0
162,7,17,2026-01-07,January,59200.0,224960.0,50912.0,37500.0,372572.0
163,7,18,2026-01-07,January,66600.0,269360.0,50912.0,37800.0,424672.0
164,7,19,2026-01-07,January,66600.0,269360.0,10656.0,27200.0,373816.0
165,7,20,2026-01-07,January,66600.0,269360.0,10656.0,27200.0,373816.0
166,7,21,2026-01-07,January,53872.0,256040.0,10656.0,26200.0,346768.0
167,7,22,2026-01-07,January,44992.0,211640.0,0.0,26200.0,282832.0
168,7,23,2026-01-07,January,42328.0,185000.0,0.0,26200.0,253528.0
169,8,0,2026-01-08,January,39664.0,185000.0,0.0,36100.0,260764.0
170,8,1,2026-01-08,January,39664.0,185000.0,0.0,36100.0,260764.0
171,8,2,2026-01-08,January,39664.0,185000.0,0.0,57100.0,281764.0
172,8,3,2026-01-08,January,39664.0,185000.0,0.0,57100.0,281764.0
173,8,4,2026-01-08,January,39664.0,185000.0,0.0,56200.0,280864.0
174,8,5,2026-01-08,January,42328.0,198320.0,10656.0,55600.0,306904.0
175,8,6,2026-01-08,January,51208.0,242720.0,10656.0,60860.0,365444.0
176,8,7,2026-01-08,January,48544.0,242720.0,10656.0,64360.0,366280.0
177,8,8,2026-01-08,January,48544.0,242720.0,0.0,64360.0,355624.0
178,8,9,2026-01-08,January,48544.0,242720.0,0.0,64360.0,355624.0
179,8,10,2026-01-08,January,48544.0,242720.0,40256.0,64360.0,395880.0
180,8,11,2026-01-08,January,48544.0,242720.0,40256.0,60551.0,392071.0
181,8,12,2026-01-08,January,39664.0,198320.0,40256.0,53860.0,332100.0
182,8,13,2026-01-08,January,39664.0,198320.0,40256.0,53860.0,332100.0
183,8,14,2026-01-08,January,42328.0,211640.0,40256.0,50930.0,345154.0
184,8,15,2026-01-08,January,44992.0,211640.0,40256.0,40451.0,337339.0
185,8,16,2026-01-08,January,59200.0,211640.0,40256.0,39000.0,350096.0
186,8,17,2026-01-08,January,59200.0,224960.0,50912.0,37500.0,372572.0
187,8,18,2026-01-08,January,66600.0,269360.0,50912.0,37800.0,424672.0
188,8,19,2026-01-08,January,66600.0,269360.0,10656.0,27200.0,373816.0
189,8,20,2026-01-08,January,66600.0,269360.0,10656.0,27200.0,373816.0
190,8,21,2026-01-08,January,53872.0,256040.0,10656.0,26200.0,346768.0
191,8,22,2026-01-08,January,44992.0,211640.0,0.0,26200.0,282832.0
192,8,23,2026-01-08,January,42328.0,185000.0,0.0,26200.0,253528.0
193,9,0,2026-01-09,January,39664.0,185000.0,0.0,36100.0,260764.0
194,9,1,2026-01-09,January,39664.0,185000.0,0.0,36100.0,260764.0
195,9,2,2026-01-09,January,39664.0,185000.0,0.0,57100.0,281764.0
196,9,3,2026-01-09,January,39664.0,185000.0,0.0,57100.0,281764.0
197,9,4,2026-01-09,January,39664.0,185000.0,0.0,56200.0,280864.0
198,9,5,2026-01-09,January,42328.0,198320.0,10656.0,55600.0,306904.0
199,9,6,2026-01-09,January,51208.0,242720.0,10656.0,60860.0,365444.0
200,9,7,2026-01-09,January,48544.0,242720.0,10656.0,64360.0,366280.0
201,9,8,2026-01-09,January,48544.0,242720.0,0.0,64360.0,355624.0
202,9,9,2026-01-09,January,48544.0,242720.0,0.0,64360.0,355624.0
203,9,10,2026-01-09,January,48544.0,242720.0,40256.0,64360.0,395880.0
204,9,11,2026-01-09,January,48544.0,242720.0,40256.0,60551.0,392071.0
205,9,12,2026-01-09,January,39664.0,198320.0,40256.0,53860.0,332100.0
206,9,13,2026-01-09,January,39664.0,198320.0,40256.0,53860.0,332100.0
207,9,14,2026-01-09,January,42328.0,211640.0,40256.0,50930.0,345154.0
208,9,15,2026-01-09,January,44992.0,211640.0,40256.0,40451.0,337339.0
209,9,16,2026-01-09,January,59200.0,211640.0,40256.0,39000.0,350096.0
210,9,17,2026-01-09,January,59200.0,224960.0,50912.0,37500.0,372572.0
211,9,18,2026-01-09,January,66600.0,269360.0,50912.0,37800.0,424672.0
212,9,19,2026-01-09,January,66600.0,269360.0,10656.0,27200.0,373816.0
213,9,20,2026-01-09,January,66600.0,269360.0,10656.0,27200.0,373816.0
214,9,21,2026-01-09,January,53872.0,256040.0,10656.0,26200.0,346768.0
215,9,22,2026-01-09,January,44992.0,211640.0,0.0,26200.0,282832.0
216,9,23,2026-01-09,January,42328.0,185000.0,0.0,26200.0,253528.0
217,10,0,2026-01-10,Winter_Weekend,61272.0,256040.0,40256.0,46400.0,403968.0
218,10,1,2026-01-10,Winter_Weekend,61272.0,211640.0,40256.0,46400.0,359568.0
219,10,2,2026-01-10,Winter_Weekend,58608.0,198320.0,29600.0,56900.0,343428.0
220,10,3,2026-01-10,Winter_Weekend,47064.0,198320.0,29600.0,56900.0,331884.0
221,10,4,2026-01-10,Winter_Weekend,47064.0,198320.0,29600.0,56000.0,330984.0
222,10,5,2026-01-10,Winter_Weekend,54464.0,198320.0,29600.0,55400.0,337784.0
223,10,6,2026-01-10,Winter_Weekend,63344.0,198320.0,40256.0,54700.0,356620.0
224,10,7,2026-01-10,Winter_Weekend,66008.0,248640.0,40256.0,58500.0,413404.0
225,10,8,2026-01-10,Winter_Weekend,58608.0,293040.0,40256.0,58500.0,450404.0
226,10,9,2026-01-10,Winter_Weekend,61272.0,293040.0,40256.0,58500.0,453068.0
227,10,10,2026-01-10,Winter_Weekend,115736.0,293040.0,40256.0,58500.0,507532.0
228,10,11,2026-01-10,Winter_Weekend,63936.0,293040.0,40256.0,58500.0,455732.0
229,10,12,2026-01-10,Winter_Weekend,61272.0,293040.0,40256.0,48000.0,442568.0
230,10,13,2026-01-10,Winter_Weekend,179672.0,885040.0,40256.0,48000.0,1152968.0
231,10,14,2026-01-10,Winter_Weekend,182336.0,306360.0,40256.0,48000.0,576952.0
232,10,15,2026-01-10,Winter_Weekend,66600.0,306360.0,40256.0,48420.0,461636.0
233,10,16,2026-01-10,Winter_Weekend,74000.0,306360.0,40256.0,48900.0,469516.0
234,10,17,2026-01-10,Winter_Weekend,74000.0,306360.0,50912.0,47500.0,478772.0
235,10,18,2026-01-10,Winter_Weekend,74000.0,306360.0,50912.0,47500.0,478772.0
236,10,19,2026-01-10,Winter_Weekend,74000.0,269360.0,40256.0,36600.0,420216.0
237,10,20,2026-01-10,Winter_Weekend,74000.0,269360.0,40256.0,36900.0,420516.0
238,10,21,2026-01-10,Winter_Weekend,66600.0,269360.0,40256.0,25400.0,401616.0
239,10,22,2026-01-10,Winter_Weekend,66600.0,269360.0,40256.0,25400.0,401616.0
240,10,23,2026-01-10,Winter_Weekend,66600.0,269360.0,40256.0,25400.0,401616.0
241,11,0,2026-01-11,Winter_Weekend,61272.0,256040.0,40256.0,46400.0,403968.0
242,11,1,2026-01-11,Winter_Weekend,61272.0,211640.0,40256.0,46400.0,359568.0
243,11,2,2026-01-11,Winter_Weekend,58608.0,198320.0,29600.0,56900.0,343428.0
244,11,3,2026-01-11,Winter_Weekend,47064.0,198320.0,29600.0,56900.0,331884.0
245,11,4,2026-01-11,Winter_Weekend,47064.0,198320.0,29600.0,56000.0,330984.0
246,11,5,2026-01-11,Winter_Weekend,54464.0,198320.0,29600.0,55400.0,337784.0
247,11,6,2026-01-11,Winter_Weekend,63344.0,198320.0,40256.0,54700.0,356620.0
248,11,7,2026-01-11,Winter_Weekend,66008.0,248640.0,40256.0,58500.0,413404.0
249,11,8,2026-01-11,Winter_Weekend,58608.0,293040.0,40256.0,58500.0,450404.0
250,11,9,2026-01-11,Winter_Weekend,61272.0,293040.0,40256.0,58500.0,453068.0
251,11,10,2026-01-11,Winter_Weekend,115736.0,293040.0,40256.0,58500.0,507532.0
252,11,11,2026-01-11,Winter_Weekend,63936.0,293040.0,40256.0,58500.0,455732.0
253,11,12,2026-01-11,Winter_Weekend,61272.0,293040.0,40256.0,48000.0,442568.0
254,11,13,2026-01-11,Winter_Weekend,179672.0,885040.0,40256.0,48000.0,1152968.0
255,11,14,2026-01-11,Winter_Weekend,182336.0,306360.0,40256.0,48000.0,576952.0
256,11,15,2026-01-11,Winter_Weekend,66600.0,306360.0,40256.0,48420.0,461636.0
257,11,16,2026-01-11,Winter_Weekend,74000.0,306360.0,40256.0,48900.0,469516.0
258,11,17,2026-01-11,Winter_Weekend,74000.0,306360.0,50912.0,47500.0,478772.0
259,11,18,2026-01-11,Winter_Weekend,74000.0,306360.0,50912.0,47500.0,478772.0
260,11,19,2026-01-11,Winter_Weekend,74000.0,269360.0,40256.0,36600.0,420216.0
261,11,20,2026-01-11,Winter_Weekend,74000.0,269360.0,40256.0,36900.0,420516.0
262,11,21,2026-01-11,Winter_Weekend,66600.0,269360.0,40256.0,25400.0,401616.0
263,11,22,2026-01-11,Winter_Weekend,66600.0,269360.0,40256.0,25400.0,401616.0
264,11,23,2026-01-11,Winter_Weekend,66600.0,269360.0,40256.0,25400.0,401616.0
265,12,0,2026-01-12,January,39664.0,185000.0,0.0,36100.0,260764.0
266,12,1,2026-01-12,January,39664.0,185000.0,0.0,36100.0,260764.0
267,12,2,2026-01-12,January,39664.0,185000.0,0.0,57100.0,281764.0
268,12,3,2026-01-12,January,39664.0,185000.0,0.0,57100.0,281764.0
269,12,4,2026-01-12,January,39664.0,185000.0,0.0,56200.0,280864.0
270,12,5,2026-01-12,January,42328.0,198320.0,10656.0,55600.0,306904.0
271,12,6,2026-01-12,January,51208.0,242720.0,10656.0,60860.0,365444.0
272,12,7,2026-01-12,January,48544.0,242720.0,10656.0,64360.0,366280.0
273,12,8,2026-01-12,January,48544.0,242720.0,0.0,64360.0,355624.0
274,12,9,2026-01-12,January,48544.0,242720.0,0.0,64360.0,355624.0
275,12,10,2026-01-12,January,48544.0,242720.0,40256.0,64360.0,395880.0
276,12,11,2026-01-12,January,48544.0,242720.0,40256.0,60551.0,392071.0
277,12,12,2026-01-12,January,39664.0,198320.0,40256.0,53860.0,332100.0
278,12,13,2026-01-12,January,39664.0,198320.0,40256.0,53860.0,332100.0
279,12,14,2026-01-12,January,42328.0,211640.0,40256.0,50930.0,345154.0
280,12,15,2026-01-12,January,44992.0,211640.0,40256.0,40451.0,337339.0
281,12,16,2026-01-12,January,59200.0,211640.0,40256.0,39000.0,350096.0
282,12,17,2026-01-12,January,59200.0,224960.0,50912.0,37500.0,372572.0
283,12,18,2026-01-12,January,66600.0,269360.0,50912.0,37800.0,424672.0
284,12,19,2026-01-12,January,66600.0,269360.0,10656.0,27200.0,373816.0
285,12,20,2026-01-12,January,66600.0,269360.0,10656.0,27200.0,373816.0
286,12,21,2026-01-12,January,53872.0,256040.0,10656.0,26200.0,346768.0
287,12,22,2026-01-12,January,44992.0,211640.0,0.0,26200.0,282832.0
288,12,23,2026-01-12,January,42328.0,185000.0,0.0,26200.0,253528.0
289,13,0,2026-01-13,January,39664.0,185000.0,0.0,36100.0,260764.0
290,13,1,2026-01-13,January,39664.0,185000.0,0.0,36100.0,260764.0
291,13,2,2026-01-13,January,39664.0,185000.0,0.0,57100.0,281764.0
292,13,3,2026-01-13,January,39664.0,185000.0,0.0,57100.0,281764.0
293,13,4,2026-01-13,January,39664.0,185000.0,0.0,56200.0,280864.0
294,13,5,2026-01-13,January,42328.0,198320.0,10656.0,55600.0,306904.0
295,13,6,2026-01-13,January,51208.0,242720.0,10656.0,60860.0,365444.0
296,13,7,2026-01-13,January,48544.0,242720.0,10656.0,64360.0,366280.0
297,13,8,2026-01-13,January,48544.0,242720.0,0.0,64360.0,355624.0
298,13,9,2026-01-13,January,48544.0,242720.0,0.0,64360.0,355624.0
299,13,10,2026-01-13,January,48544.0,242720.0,40256.0,64360.0,395880.0
300,13,11,2026-01-13,January,48544.0,242720.0,40256.0,60551.0,392071.0
301,13,12,2026-01-13,January,39664.0,198320.0,40256.0,53860.0,332100.0
302,13,13,2026-01-13,January,39664.0,198320.0,40256.0,53860.0,332100.0
303,13,14,2026-01-13,January,42328.0,211640.0,40256.0,50930.0,345154.0
304,13,15,2026-01-13,January,44992.0,211640.0,40256.0,40451.0,337339.0
305,13,16,2026-01-13,January,59200.0,211640.0,40256.0,39000.0,350096.0
306,13,17,2026-01-13,January,59200.0,224960.0,50912.0,37500.0,372572.0
307,13,18,2026-01-13,January,66600.0,269360.0,50912.0,37800.0,424672.0
308,13,19,2026-01-13,January,66600.0,269360.0,10656.0,27200.0,373816.0
309,13,20,2026-01-13,January,66600.0,269360.0,10656.0,27200.0,373816.0
310,13,21,2026-01-13,January,53872.0,256040.0,10656.0,26200.0,346768.0
311,13,22,2026-01-13,January,44992.0,211640.0,0.0,26200.0,282832.0
312,13,23,2026-01-13,January,42328.0,185000.0,0.0,26200.0,253528.0
313,14,0,2026-01-14,January,39664.0,185000.0,0.0,36100.0,260764.0
314,14,1,2026-01-14,January,39664.0,185000.0,0.0,36100.0,260764.0
315,14,2,2026-01-14,January,39664.0,185000.0,0.0,57100.0,281764.0
316,14,3,2026-01-14,January,39664.0,185000.0,0.0,57100.0,281764.0
317,14,4,2026-01-14,January,39664.0,185000.0,0.0,56200.0,280864.0
318,14,5,2026-01-14,January,42328.0,198320.0,10656.0,55600.0,306904.0
319,14,6,2026-01-14,January,51208.0,242720.0,10656.0,60860.0,365444.0
320,14,7,2026-01-14,January,48544.0,242720.0,10656.0,64360.0,366280.0
321,14,8,2026-01-14,January,48544.0,242720.0,0.0,64360.0,355624.0
322,14,9,2026-01-14,January,48544.0,242720.0,0.0,64360.0,355624.0
323,14,10,2026-01-14,January,48544.0,242720.0,40256.0,64360.0,395880.0
324,14,11,2026-01-14,January,48544.0,242720.0,40256.0,60551.0,392071.0
325,14,12,2026-01-14,January,39664.0,198320.0,40256.0,53860.0,332100.0
326,14,13,2026-01-14,January,39664.0,198320.0,40256.0,53860.0,332100.0
327,14,14,2026-01-14,January,42328.0,211640.0,40256.0,50930.0,345154.0
328,14,15,2026-01-14,January,44992.0,211640.0,40256.0,40451.0,337339.0
329,14,16,2026-01-14,January,59200.0,211640.0,40256.0,39000.0,350096.0
330,14,17,2026-01-14,January,59200.0,224960.0,50912.0,37500.0,372572.0
331,14,18,2026-01-14,January,66600.0,269360.0,50912.0,37800.0,424672.0
332,14,19,2026-01-14,January,66600.0,269360.0,10656.0,27200.0,373816.0
333,14,20,2026-01-14,January,66600.0,269360.0,10656.0,27200.0,373816.0
334,14,21,2026-01-14,January,53872.0,256040.0,10656.0,26200.0,346768.0
335,14,22,2026-01-14,January,44992.0,211640.0,0.0,26200.0,282832.0
336,14,23,2026-01-14,January,42328.0,185000.0,0.0,26200.0,253528.0
337,15,0,2026-01-15,January,39664.0,185000.0,0.0,36100.0,260764.0
338,15,1,2026-01-15,January,39664.0,185000.0,0.0,36100.0,260764.0
339,15,2,2026-01-15,January,39664.0,185000.0,0.0,57100.0,281764.0
340,15,3,2026-01-15,January,39664.0,185000.0,0.0,57100.0,281764.0
341,15,4,2026-01-15,January,39664.0,185000.0,0.0,56200.0,280864.0
342,15,5,2026-01-15,January,42328.0,198320.0,10656.0,55600.0,306904.0
343,15,6,2026-01-15,January,51208.0,242720.0,10656.0,60860.0,365444.0
344,15,7,2026-01-15,January,48544.0,242720.0,10656.0,64360.0,366280.0
345,15,8,2026-01-15,January,48544.0,242720.0,0.0,64360.0,355624.0
346,15,9,2026-01-15,January,48544.0,242720.0,0.0,64360.0,355624.0
347,15,10,2026-01-15,January,48544.0,242720.0,40256.0,64360.0,395880.0
348,15,11,2026-01-15,January,48544.0,242720.0,40256.0,60551.0,392071.0
349,15,12,2026-01-15,January,39664.0,198320.0,40256.0,53860.0,332100.0
350,15,13,2026-01-15,January,39664.0,198320.0,40256.0,53860.0,332100.0
351,15,14,2026-01-15,January,42328.0,211640.0,40256.0,50930.0,345154.0
352,15,15,2026-01-15,January,44992.0,211640.0,40256.0,40451.0,337339.0
353,15,16,2026-01-15,January,59200.0,211640.0,40256.0,39000.0,350096.0
354,15,17,2026-01-15,January,59200.0,224960.0,50912.0,37500.0,372572.0
355,15,18,2026-01-15,January,66600.0,269360.0,50912.0,37800.0,424672.0
356,15,19,2026-01-15,January,66600.0,269360.0,10656.0,27200.0,373816.0
357,15,20,2026-01-15,January,66600.0,269360.0,10656.0,27200.0,373816.0
358,15,21,2026-01-15,January,53872.0,256040.0,10656.0,26200.0,346768.0
359,15,22,2026-01-15,January,44992.0,211640.0,0.0,26200.0,282832.0
360,15,23,2026-01-15,January,42328.0,185000.0,0.0,26200.0,253528.0
361,16,0,2026-01-16,Public_Holiday,63936.0,269360.0,0.0,26900.0,360196.0
362,16,1,2026-01-16,Public_Holiday,63936.0,269360.0,0.0,26900.0,360196.0
363,16,2,2026-01-16,Public_Holiday,52392.0,211640.0,0.0,24100.0,288132.0
364,16,3,2026-01-16,Public_Holiday,52392.0,211640.0,0.0,33700.0,297732.0
365,16,4,2026-01-16,Public_Holiday,52392.0,211640.0,0.0,33100.0,297132.0
366,16,5,2026-01-16,Public_Holiday,57128.0,248640.0,10656.0,35600.0,352024.0
367,16,6,2026-01-16,Public_Holiday,58608.0,256040.0,10656.0,35300.0,360604.0
368,16,7,2026-01-16,Public_Holiday,58608.0,256040.0,10656.0,36500.0,361804.0
369,16,8,2026-01-16,Public_Holiday,58608.0,256040.0,0.0,36500.0,351148.0
370,16,9,2026-01-16,Public_Holiday,58608.0,256040.0,0.0,36500.0,351148.0
371,16,10,2026-01-16,Public_Holiday,110408.0,256040.0,40256.0,26000.0,432704.0
372,16,11,2026-01-16,Public_Holiday,58608.0,256040.0,40256.0,26000.0,380904.0
373,16,12,2026-01-16,Public_Holiday,58608.0,256040.0,40256.0,26000.0,380904.0
374,16,13,2026-01-16,Public_Holiday,58608.0,256040.0,40256.0,26000.0,380904.0
375,16,14,2026-01-16,Public_Holiday,66600.0,269360.0,40256.0,26000.0,402216.0
376,16,15,2026-01-16,Public_Holiday,185000.0,861360.0,40256.0,15500.0,1102116.0
377,16,16,2026-01-16,Public_Holiday,66600.0,269360.0,40256.0,15800.0,392016.0
378,16,17,2026-01-16,Public_Holiday,66600.0,269360.0,50912.0,17000.0,403872.0
379,16,18,2026-01-16,Public_Holiday,66600.0,269360.0,50912.0,17600.0,404472.0
380,16,19,2026-01-16,Public_Holiday,66600.0,269360.0,10656.0,17900.0,364516.0
381,16,20,2026-01-16,Public_Holiday,66600.0,269360.0,10656.0,18500.0,365116.0
382,16,21,2026-01-16,Public_Holiday,63936.0,269360.0,10656.0,17300.0,361252.0
383,16,22,2026-01-16,Public_Holiday,63936.0,269360.0,0.0,17300.0,350596.0
384,16,23,2026-01-16,Public_Holiday,63936.0,269360.0,0.0,17300.0,350596.0
385,17,0,2026-01-17,Winter_Weekend,61272.0,256040.0,40256.0,46400.0,403968.0
386,17,1,2026-01-17,Winter_Weekend,61272.0,211640.0,40256.0,46400.0,359568.0
387,17,2,2026-01-17,Winter_Weekend,58608.0,198320.0,29600.0,56900.0,343428.0
388,17,3,2026-01-17,Winter_Weekend,47064.0,198320.0,29600.0,56900.0,331884.0
389,17,4,2026-01-17,Winter_Weekend,47064.0,198320.0,29600.0,56000.0,330984.0
390,17,5,2026-01-17,Winter_Weekend,54464.0,198320.0,29600.0,55400.0,337784.0
391,17,6,2026-01-17,Winter_Weekend,63344.0,198320.0,40256.0,54700.0,356620.0
392,17,7,2026-01-17,Winter_Weekend,66008.0,248640.0,40256.0,58500.0,413404.0
393,17,8,2026-01-17,Winter_Weekend,58608.0,293040.0,40256.0,58500.0,450404.0
394,17,9,2026-01-17,Winter_Weekend,61272.0,293040.0,40256.0,58500.0,453068.0
395,17,10,2026-01-17,Winter_Weekend,115736.0,293040.0,40256.0,58500.0,507532.0
396,17,11,2026-01-17,Winter_Weekend,63936.0,293040.0,40256.0,58500.0,455732.0
397,17,12,2026-01-17,Winter_Weekend,61272.0,293040.0,40256.0,48000.0,442568.0
398,17,13,2026-01-17,Winter_Weekend,179672.0,885040.0,40256.0,48000.0,1152968.0
399,17,14,2026-01-17,Winter_Weekend,182336.0,306360.0,40256.0,48000.0,576952.0
400,17,15,2026-01-17,Winter_Weekend,66600.0,306360.0,40256.0,48420.0,461636.0
401,17,16,2026-01-17,Winter_Weekend,74000.0,306360.0,40256.0,48900.0,469516.0
402,17,17,2026-01-17,Winter_Weekend,74000.0,306360.0,50912.0,47500.0,478772.0
403,17,18,2026-01-17,Winter_Weekend,74000.0,306360.0,50912.0,47500.0,478772.0
404,17,19,2026-01-17,Winter_Weekend,74000.0,269360.0,40256.0,36600.0,420216.0
405,17,20,2026-01-17,Winter_Weekend,74000.0,269360.0,40256.0,36900.0,420516.0
406,17,21,2026-01-17,Winter_Weekend,66600.0,269360.0,40256.0,25400.0,401616.0
407,17,22,2026-01-17,Winter_Weekend,66600.0,269360.0,40256.0,25400.0,401616.0
408,17,23,2026-01-17,Winter_Weekend,66600.0,269360.0,40256.0,25400.0,401616.0
409,18,0,2026-01-18,Winter_Weekend,61272.0,256040.0,40256.0,46400.0,403968.0
410,18,1,2026-01-18,Winter_Weekend,61272.0,211640.0,40256.0,46400.0,359568.0
411,18,2,2026-01-18,Winter_Weekend,58608.0,198320.0,29600.0,56900.0,343428.0
412,18,3,2026-01-18,Winter_Weekend,47064.0,198320.0,29600.0,56900.0,331884.0
413,18,4,2026-01-18,Winter_Weekend,47064.0,198320.0,29600.0,56000.0,330984.0
414,18,5,2026-01-18,Winter_Weekend,54464.0,198320.0,29600.0,55400.0,337784.0
415,18,6,2026-01-18,Winter_Weekend,63344.0,198320.0,40256.0,54700.0,356620.0
416,18,7,2026-01-18,Winter_Weekend,66008.0,248640.0,40256.0,58500.0,413404.0
417,18,8,2026-01-18,Winter_Weekend,58608.0,293040.0,40256.0,58500.0,450404.0
418,18,9,2026-01-18,Winter_Weekend,61272.0,293040.0,40256.0,58500.0,453068.0
419,18,10,2026-01-18,Winter_Weekend,115736.0,293040.0,40256.0,58500.0,507532.0
420,18,11,2026-01-18,Winter_Weekend,63936.0,293040.0,40256.0,58500.0,455732.0
421,18,12,2026-01-18,Winter_Weekend,61272.0,293040.0,40256.0,48000.0,442568.0
422,18,13,2026-01-18,Winter_Weekend,179672.0,885040.0,40256.0,48000.0,1152968.0
423,18,14,2026-01-18,Winter_Weekend,182336.0,306360.0,40256.0,48000.0,576952.0
424,18,15,2026-01-18,Winter_Weekend,66600.0,306360.0,40256.0,48420.0,461636.0
425,18,16,2026-01-18,Winter_Weekend,74000.0,306360.0,40256.0,48900.0,469516.0
426,18,17,2026-01-18,Winter_Weekend,74000.0,306360.0,50912.0,47500.0,478772.0
427,18,18,2026-01-18,Winter_Weekend,74000.0,306360.0,50912.0,47500.0,478772.0
428,18,19,2026-01-18,Winter_Weekend,74000.0,269360.0,40256.0,36600.0,420216.0
429,18,20,2026-01-18,Winter_Weekend,74000.0,269360.0,40256.0,36900.0,420516.0
430,18,21,2026-01-18,Winter_Weekend,66600.0,269360.0,40256.0,25400.0,401616.0
431,18,22,2026-01-18,Winter_Weekend,66600.0,269360.0,40256.0,25400.0,401616.0
432,18,23,2026-01-18,Winter_Weekend,66600.0,269360.0,40256.0,25400.0,401616.0
433,19,0,2026-01-19,January,39664.0,185000.0,0.0,36100.0,260764.0
434,19,1,2026-01-19,January,39664.0,185000.0,0.0,36100.0,260764.0
435,19,2,2026-01-19,January,39664.0,185000.0,0.0,57100.0,281764.0
436,19,3,2026-01-19,January,39664.0,185000.0,0.0,57100.0,281764.0
437,19,4,2026-01-19,January,39664.0,185000.0,0.0,56200.0,280864.0
438,19,5,2026-01-19,January,42328.0,198320.0,10656.0,55600.0,306904.0
439,19,6,2026-01-19,January,51208.0,242720.0,10656.0,60860.0,365444.0
440,19,7,2026-01-19,January,48544.0,242720.0,10656.0,64360.0,366280.0
441,19,8,2026-01-19,January,48544.0,242720.0,0.0,64360.0,355624.0
442,19,9,2026-01-19,January,48544.0,242720.0,0.0,64360.0,355624.0
443,19,10,2026-01-19,January,48544.0,242720.0,40256.0,64360.0,395880.0
444,19,11,2026-01-19,January,48544.0,242720.0,40256.0,60551.0,392071.0
445,19,12,2026-01-19,January,39664.0,198320.0,40256.0,53860.0,332100.0
446,19,13,2026-01-19,January,39664.0,198320.0,40256.0,53860.0,332100.0
447,19,14,2026-01-19,January,42328.0,211640.0,40256.0,50930.0,345154.0
448,19,15,2026-01-19,January,44992.0,211640.0,40256.0,40451.0,337339.0
449,19,16,2026-01-19,January,59200.0,211640.0,40256.0,39000.0,350096.0
450,19,17,2026-01-19,January,59200.0,224960.0,50912.0,37500.0,372572.0
451,19,18,2026-01-19,January,66600.0,269360.0,50912.0,37800.0,424672.0
452,19,19,2026-01-19,January,66600.0,269360.0,10656.0,27200.0,373816.0
453,19,20,2026-01-19,January,66600.0,269360.0,10656.0,27200.0,373816.0
454,19,21,2026-01-19,January,53872.0,256040.0,10656.0,26200.0,346768.0
455,19,22,2026-01-19,January,44992.0,211640.0,0.0,26200.0,282832.0
456,19,23,2026-01-19,January,42328.0,185000.0,0.0,26200.0,253528.0
457,20,0,2026-01-20,January,39664.0,185000.0,0.0,36100.0,260764.0
458,20,1,2026-01-20,January,39664.0,185000.0,0.0,36100.0,260764.0
459,20,2,2026-01-20,January,39664.0,185000.0,0.0,57100.0,281764.0
460,20,3,2026-01-20,January,39664.0,185000.0,0.0,57100.0,281764.0
461,20,4,2026-01-20,January,39664.0,185000.0,0.0,56200.0,280864.0
462,20,5,2026-01-20,January,42328.0,198320.0,10656.0,55600.0,306904.0
463,20,6,2026-01-20,January,51208.0,242720.0,10656.0,60860.0,365444.0
464,20,7,2026-01-20,January,48544.0,242720.0,10656.0,64360.0,366280.0
465,20,8,2026-01-20,January,48544.0,242720.0,0.0,64360.0,355624.0
466,20,9,2026-01-20,January,48544.0,242720.0,0.0,64360.0,355624.0
467,20,10,2026-01-20,January,48544.0,242720.0,40256.0,64360.0,395880.0
468,20,11,2026-01-20,January,48544.0,242720.0,40256.0,60551.0,392071.0
469,20,12,2026-01-20,January,39664.0,198320.0,40256.0,53860.0,332100.0
470,20,13,2026-01-20,January,39664.0,198320.0,40256.0,53860.0,332100.0
471,20,14,2026-01-20,January,42328.0,211640.0,40256.0,50930.0,345154.0
472,20,15,2026-01-20,January,44992.0,211640.0,40256.0,40451.0,337339.0
473,20,16,2026-01-20,January,59200.0,211640.0,40256.0,39000.0,350096.0
474,20,17,2026-01-20,January,59200.0,224960.0,50912.0,37500.0,372572.0
475,20,18,2026-01-20,January,66600.0,269360.0,50912.0,37800.0,424672.0
476,20,19,2026-01-20,January,66600.0,269360.0,10656.0,27200.0,373816.0
477,20,20,2026-01-20,January,66600.0,269360.0,10656.0,27200.0,373816.0
478,20,21,2026-01-20,January,53872.0,256040.0,10656.0,26200.0,346768.0
479,20,22,2026-01-20,January,44992.0,211640.0,0.0,26200.0,282832.0
480,20,23,2026-01-20,January,42328.0,185000.0,0.0,26200.0,253528.0
481,21,0,2026-01-21,January,39664.0,185000.0,0.0,36100.0,260764.0
482,21,1,2026-01-21,January,39664.0,185000.0,0.0,36100.0,260764.0
483,21,2,2026-01-21,January,39664.0,185000.0,0.0,57100.0,281764.0
484,21,3,2026-01-21,January,39664.0,185000.0,0.0,57100.0,281764.0
485,21,4,2026-01-21,January,39664.0,185000.0,0.0,56200.0,280864.0
486,21,5,2026-01-21,January,42328.0,198320.0,10656.0,55600.0,306904.0
487,21,6,2026-01-21,January,51208.0,242720.0,10656.0,60860.0,365444.0
488,21,7,2026-01-21,January,48544.0,242720.0,10656.0,64360.0,366280.0
489,21,8,2026-01-21,January,48544.0,242720.0,0.0,64360.0,355624.0
490,21,9,2026-01-21,January,48544.0,242720.0,0.0,64360.0,355624.0
491,21,10,2026-01-21,January,48544.0,242720.0,40256.0,64360.0,395880.0
492,21,11,2026-01-21,January,48544.0,242720.0,40256.0,60551.0,392071.0
493,21,12,2026-01-21,January,39664.0,198320.0,40256.0,53860.0,332100.0
494,21,13,2026-01-21,January,39664.0,198320.0,40256.0,53860.0,332100.0
495,21,14,2026-01-21,January,42328.0,211640.0,40256.0,50930.0,345154.0
496,21,15,2026-01-21,January,44992.0,211640.0,40256.0,40451.0,337339.0
497,21,16,2026-01-21,January,59200.0,211640.0,40256.0,39000.0,350096.0
498,21,17,2026-01-21,January,59200.0,224960.0,50912.0,37500.0,372572.0
499,21,18,2026-01-21,January,66600.0,269360.0,50912.0,37800.0,424672.0
500,21,19,2026-01-21,January,66600.0,269360.0,10656.0,27200.0,373816.0
501,21,20,2026-01-21,January,66600.0,269360.0,10656.0,27200.0,373816.0
502,21,21,2026-01-21,January,53872.0,256040.0,10656.0,26200.0,346768.0
503,21,22,2026-01-21,January,44992.0,211640.0,0.0,26200.0,282832.0
504,21,23,2026-01-21,January,42328.0,185000.0,0.0,26200.0,253528.0
505,22,0,2026-01-22,January,39664.0,185000.0,0.0,36100.0,260764.0
506,22,1,2026-01-22,January,39664.0,185000.0,0.0,36100.0,260764.0
507,22,2,2026-01-22,January,39664.0,185000.0,0.0,57100.0,281764.0
508,22,3,2026-01-22,January,39664.0,185000.0,0.0,57100.0,281764.0
509,22,4,2026-01-22,January,39664.0,185000.0,0.0,56200.0,280864.0
510,22,5,2026-01-22,January,42328.0,198320.0,10656.0,55600.0,306904.0
511,22,6,2026-01-22,January,51208.0,242720.0,10656.0,60860.0,365444.0
512,22,7,2026-01-22,January,48544.0,242720.0,10656.0,64360.0,366280.0
513,22,8,2026-01-22,January,48544.0,242720.0,0.0,64360.0,355624.0
514,22,9,2026-01-22,January,48544.0,242720.0,0.0,64360.0,355624.0
515,22,10,2026-01-22,January,48544.0,242720.0,40256.0,64360.0,395880.0
516,22,11,2026-01-22,January,48544.0,242720.0,40256.0,60551.0,392071.0
517,22,12,2026-01-22,January,39664.0,198320.0,40256.0,53860.0,332100.0
518,22,13,2026-01-22,January,39664.0,198320.0,40256.0,53860.0,332100.0
519,22,14,2026-01-22,January,42328.0,211640.0,40256.0,50930.0,345154.0
520,22,15,2026-01-22,January,44992.0,211640.0,40256.0,40451.0,337339.0
521,22,16,2026-01-22,January,59200.0,211640.0,40256.0,39000.0,350096.0
522,22,17,2026-01-22,January,59200.0,224960.0,50912.0,37500.0,372572.0
523,22,18,2026-01-22,January,66600.0,269360.0,50912.0,37800.0,424672.0
524,22,19,2026-01-22,January,66600.0,269360.0,10656.0,27200.0,373816.0
525,22,20,2026-01-22,January,66600.0,269360.0,10656.0,27200.0,373816.0
526,22,21,2026-01-22,January,53872.0,256040.0,10656.0,26200.0,346768.0
527,22,22,2026-01-22,January,44992.0,211640.0,0.0,26200.0,282832.0
528,22,23,2026-01-22,January,42328.0,185000.0,0.0,26200.0,253528.0
529,23,0,2026-01-23,January,39664.0,185000.0,0.0,36100.0,260764.0
530,23,1,2026-01-23,January,39664.0,185000.0,0.0,36100.0,260764.0
531,23,2,2026-01-23,January,39664.0,185000.0,0.0,57100.0,281764.0
532,23,3,2026-01-23,January,39664.0,185000.0,0.0,57100.0,281764.0
533,23,4,2026-01-23,January,39664.0,185000.0,0.0,56200.0,280864.0
534,23,5,2026-01-23,January,42328.0,198320.0,10656.0,55600.0,306904.0
535,23,6,2026-01-23,January,51208.0,242720.0,10656.0,60860.0,365444.0
536,23,7,2026-01-23,January,48544.0,242720.0,10656.0,64360.0,366280.0
537,23,8,2026-01-23,January,48544.0,242720.0,0.0,64360.0,355624.0
538,23,9,2026-01-23,January,48544.0,242720.0,0.0,64360.0,355624.0
539,23,10,2026-01-23,January,48544.0,242720.0,40256.0,64360.0,395880.0
540,23,11,2026-01-23,January,48544.0,242720.0,40256.0,60551.0,392071.0
541,23,12,2026-01-23,January,39664.0,198320.0,40256.0,53860.0,332100.0
542,23,13,2026-01-23,January,39664.0,198320.0,40256.0,53860.0,332100.0
543,23,14,2026-01-23,January,42328.0,211640.0,40256.0,50930.0,345154.0
544,23,15,2026-01-23,January,44992.0,211640.0,40256.0,40451.0,337339.0
545,23,16,2026-01-23,January,59200.0,211640.0,40256.0,39000.0,350096.0
546,23,17,2026-01-23,January,59200.0,224960.0,50912.0,37500.0,372572.0
547,23,18,2026-01-23,January,66600.0,269360.0,50912.0,37800.0,424672.0
548,23,19,2026-01-23,January,66600.0,269360.0,10656.0,27200.0,373816.0
549,23,20,2026-01-23,January,66600.0,269360.0,10656.0,27200.0,373816.0
550,23,21,2026-01-23,January,53872.0,256040.0,10656.0,26200.0,346768.0
551,23,22,2026-01-23,January,44992.0,211640.0,0.0,26200.0,282832.0
552,23,23,2026-01-23,January,42328.0,185000.0,0.0,26200.0,253528.0
553,24,0,2026-01-24,Winter_Weekend,61272.0,256040.0,40256.0,46400.0,403968.0
554,24,1,2026-01-24,Winter_Weekend,61272.0,211640.0,40256.0,46400.0,359568.0
555,24,2,2026-01-24,Winter_Weekend,58608.0,198320.0,29600.0,56900.0,343428.0
556,24,3,2026-01-24,Winter_Weekend,47064.0,198320.0,29600.0,56900.0,331884.0
557,24,4,2026-01-24,Winter_Weekend,47064.0,198320.0,29600.0,56000.0,330984.0
558,24,5,2026-01-24,Winter_Weekend,54464.0,198320.0,29600.0,55400.0,337784.0
559,24,6,2026-01-24,Winter_Weekend,63344.0,198320.0,40256.0,54700.0,356620.0
560,24,7,2026-01-24,Winter_Weekend,66008.0,248640.0,40256.0,58500.0,413404.0
561,24,8,2026-01-24,Winter_Weekend,58608.0,293040.0,40256.0,58500.0,450404.0
562,24,9,2026-01-24,Winter_Weekend,61272.0,293040.0,40256.0,58500.0,453068.0
563,24,10,2026-01-24,Winter_Weekend,115736.0,293040.0,40256.0,58500.0,507532.0
564,24,11,2026-01-24,Winter_Weekend,63936.0,293040.0,40256.0,58500.0,455732.0
565,24,12,2026-01-24,Winter_Weekend,61272.0,293040.0,40256.0,48000.0,442568.0
566,24,13,2026-01-24,Winter_Weekend,179672.0,885040.0,40256.0,48000.0,1152968.0
567,24,14,2026-01-24,Winter_Weekend,182336.0,306360.0,40256.0,48000.0,576952.0
568,24,15,2026-01-24,Winter_Weekend,66600.0,306360.0,40256.0,48420.0,461636.0
569,24,16,2026-01-24,Winter_Weekend,74000.0,306360.0,40256.0,48900.0,469516.0
570,24,17,2026-01-24,Winter_Weekend,74000.0,306360.0,50912.0,47500.0,478772.0
571,24,18,2026-01-24,Winter_Weekend,74000.0,306360.0,50912.0,47500.0,478772.0
572,24,19,2026-01-24,Winter_Weekend,74000.0,269360.0,40256.0,36600.0,420216.0
573,24,20,2026-01-24,Winter_Weekend,74000.0,269360.0,40256.0,36900.0,420516.0
574,24,21,2026-01-24,Winter_Weekend,66600.0,269360.0,40256.0,25400.0,401616.0
575,24,22,2026-01-24,Winter_Weekend,66600.0,269360.0,40256.0,25400.0,401616.0
576,24,23,2026-01-24,Winter_Weekend,66600.0,269360.0,40256.0,25400.0,401616.0
577,25,0,2026-01-25,Winter_Weekend,61272.0,256040.0,40256.0,46400.0,403968.0
578,25,1,2026-01-25,Winter_Weekend,61272.0,211640.0,40256.0,46400.0,359568.0
579,25,2,2026-01-25,Winter_Weekend,58608.0,198320.0,29600.0,56900.0,343428.0
580,25,3,2026-01-25,Winter_Weekend,47064.0,198320.0,29600.0,56900.0,331884.0
581,25,4,2026-01-25,Winter_Weekend,47064.0,198320.0,29600.0,56000.0,330984.0
582,25,5,2026-01-25,Winter_Weekend,54464.0,198320.0,29600.0,55400.0,337784.0
583,25,6,2026-01-25,Winter_Weekend,63344.0,198320.0,40256.0,54700.0,356620.0
584,25,7,2026-01-25,Winter_Weekend,66008.0,248640.0,40256.0,58500.0,413404.0
585,25,8,2026-01-25,Winter_Weekend,58608.0,293040.0,40256.0,58500.0,450404.0
586,25,9,2026-01-25,Winter_Weekend,61272.0,293040.0,40256.0,58500.0,453068.0
587,25,10,2026-01-25,Winter_Weekend,115736.0,293040.0,40256.0,58500.0,507532.0
588,25,11,2026-01-25,Winter_Weekend,63936.0,293040.0,40256.0,58500.0,455732.0
589,25,12,2026-01-25,Winter_Weekend,61272.0,293040.0,40256.0,48000.0,442568.0
590,25,13,2026-01-25,Winter_Weekend,179672.0,885040.0,40256.0,48000.0,1152968.0
591,25,14,2026-01-25,Winter_Weekend,182336.0,306360.0,40256.0,48000.0,576952.0
592,25,15,2026-01-25,Winter_Weekend,66600.0,306360.0,40256.0,48420.0,461636.0
593,25,16,2026-01-25,Winter_Weekend,74000.0,306360.0,40256.0,48900.0,469516.0
594,25,17,2026-01-25,Winter_Weekend,74000.0,306360.0,50912.0,47500.0,478772.0
595,25,18,2026-01-25,Winter_Weekend,74000.0,306360.0,50912.0,47500.0,478772.0
596,25,19,2026-01-25,Winter_Weekend,74000.0,269360.0,40256.0,36600.0,420216.0
597,25,20,2026-01-25,Winter_Weekend,74000.0,269360.0,40256.0,36900.0,420516.0
598,25,21,2026-01-25,Winter_Weekend,66600.0,269360.0,40256.0,25400.0,401616.0
599,25,22,2026-01-25,Winter_Weekend,66600.0,269360.0,40256.0,25400.0,401616.0
600,25,23,2026-01-25,Winter_Weekend,66600.0,269360.0,40256.0,25400.0,401616.0
601,26,0,2026-01-26,January,39664.0,185000.0,0.0,36100.0,260764.0
602,26,1,2026-01-26,January,39664.0,185000.0,0.0,36100.0,260764.0
603,26,2,2026-01-26,January,39664.0,185000.0,0.0,57100.0,281764.0
604,26,3,2026-01-26,January,39664.0,185000.0,0.0,57100.0,281764.0
605,26,4,2026-01-26,January,39664.0,185000.0,0.0,56200.0,280864.0
606,26,5,2026-01-26,January,42328.0,198320.0,10656.0,55600.0,306904.0
607,26,6,2026-01-26,January,51208.0,242720.0,10656.0,60860.0,365444.0
608,26,7,2026-01-26,January,48544.0,242720.0,10656.0,64360.0,366280.0
609,26,8,2026-01-26,January,48544.0,242720.0,0.0,64360.0,355624.0
610,26,9,2026-01-26,January,48544.0,242720.0,0.0,64360.0,355624.0
611,26,10,2026-01-26,January,48544.0,242720.0,40256.0,64360.0,395880.0
612,26,11,2026-01-26,January,48544.0,242720.0,40256.0,60551.0,392071.0
613,26,12,2026-01-26,January,39664.0,198320.0,40256.0,53860.0,332100.0
614,26,13,2026-01-26,January,39664.0,198320.0,40256.0,53860.0,332100.0
615,26,14,2026-01-26,January,42328.0,211640.0,40256.0,50930.0,345154.0
616,26,15,2026-01-26,January,44992.0,211640.0,40256.0,40451.0,337339.0
617,26,16,2026-01-26,January,59200.0,211640.0,40256.0,39000.0,350096.0
618,26,17,2026-01-26,January,59200.0,224960.0,50912.0,37500.0,372572.0
619,26,18,2026-01-26,January,66600.0,269360.0,50912.0,37800.0,424672.0
620,26,19,2026-01-26,January,66600.0,269360.0,10656.0,27200.0,373816.0
621,26,20,2026-01-26,January,66600.0,269360.0,10656.0,27200.0,373816.0
622,26,21,2026-01-26,January,53872.0,256040.0,10656.0,26200.0,346768.0
623,26,22,2026-01-26,January,44992.0,211640.0,0.0,26200.0,282832.0
624,26,23,2026-01-26,January,42328.0,185000.0,0.0,26200.0,253528.0
625,27,0,2026-01-27,January,39664.0,185000.0,0.0,36100.0,260764.0
626,27,1,2026-01-27,January,39664.0,185000.0,0.0,36100.0,260764.0
627,27,2,2026-01-27,January,39664.0,185000.0,0.0,57100.0,281764.0
628,27,3,2026-01-27,January,39664.0,185000.0,0.0,57100.0,281764.0
629,27,4,2026-01-27,January,39664.0,185000.0,0.0,56200.0,280864.0
630,27,5,2026-01-27,January,42328.0,198320.0,10656.0,55600.0,306904.0
631,27,6,2026-01-27,January,51208.0,242720.0,10656.0,60860.0,365444.0
632,27,7,2026-01-27,January,48544.0,242720.0,10656.0,64360.0,366280.0
633,27,8,2026-01-27,January,48544.0,242720.0,0.0,64360.0,355624.0
634,27,9,2026-01-27,January,48544.0,242720.0,0.0,64360.0,355624.0
635,27,10,2026-01-27,January,48544.0,242720.0,40256.0,64360.0,395880.0
636,27,11,2026-01-27,January,48544.0,242720.0,40256.0,60551.0,392071.0
637,27,12,2026-01-27,January,39664.0,198320.0,40256.0,53860.0,332100.0
638,27,13,2026-01-27,January,39664.0,198320.0,40256.0,53860.0,332100.0
639,27,14,2026-01-27,January,42328.0,211640.0,40256.0,50930.0,345154.0
640,27,15,2026-01-27,January,44992.0,211640.0,40256.0,40451.0,337339.0
641,27,16,2026-01-27,January,59200.0,211640.0,40256.0,39000.0,350096.0
642,27,17,2026-01-27,January,59200.0,224960.0,50912.0,37500.0,372572.0
643,27,18,2026-01-27,January,66600.0,269360.0,50912.0,37800.0,424672.0
644,27,19,2026-01-27,January,66600.0,269360.0,10656.0,27200.0,373816.0
645,27,20,2026-01-27,January,66600.0,269360.0,10656.0,27200.0,373816.0
646,27,21,2026-01-27,January,53872.0,256040.0,10656.0,26200.0,346768.0
647,27,22,2026-01-27,January,44992.0,211640.0,0.0,26200.0,282832.0
648,27,23,2026-01-27,January,42328.0,185000.0,0.0,26200.0,253528.0
649,28,0,2026-01-28,January,39664.0,185000.0,0.0,36100.0,260764.0
650,28,1,2026-01-28,January,39664.0,185000.0,0.0,36100.0,260764.0
651,28,2,2026-01-28,January,39664.0,185000.0,0.0,57100.0,281764.0
652,28,3,2026-01-28,January,39664.0,185000.0,0.0,57100.0,281764.0
653,28,4,2026-01-28,January,39664.0,185000.0,0.0,56200.0,280864.0
654,28,5,2026-01-28,January,42328.0,198320.0,10656.0,55600.0,306904.0
655,28,6,2026-01-28,January,51208.0,242720.0,10656.0,60860.0,365444.0
656,28,7,2026-01-28,January,48544.0,242720.0,10656.0,64360.0,366280.0
657,28,8,2026-01-28,January,48544.0,242720.0,0.0,64360.0,355624.0
658,28,9,2026-01-28,January,48544.0,242720.0,0.0,64360.0,355624.0
659,28,10,2026-01-28,January,48544.0,242720.0,40256.0,64360.0,395880.0
660,28,11,2026-01-28,January,48544.0,242720.0,40256.0,60551.0,392071.0
661,28,12,2026-01-28,January,39664.0,198320.0,40256.0,53860.0,332100.0
662,28,13,2026-01-28,January,39664.0,198320.0,40256.0,53860.0,332100.0
663,28,14,2026-01-28,January,42328.0,211640.0,40256.0,50930.0,345154.0
664,28,15,2026-01-28,January,44992.0,211640.0,40256.0,40451.0,337339.0
665,28,16,2026-01-28,January,59200.0,211640.0,40256.0,39000.0,350096.0
666,28,17,2026-01-28,January,59200.0,224960.0,50912.0,37500.0,372572.0
667,28,18,2026-01-28,January,66600.0,269360.0,50912.0,37800.0,424672.0
668,28,19,2026-01-28,January,66600.0,269360.0,10656.0,27200.0,373816.0
669,28,20,2026-01-28,January,66600.0,269360.0,10656.0,27200.0,373816.0
670,28,21,2026-01-28,January,53872.0,256040.0,10656.0,26200.0,346768.0
671,28,22,2026-01-28,January,44992.0,211640.0,0.0,26200.0,282832.0
672,28,23,2026-01-28,January,42328.0,185000.0,0.0,26200.0,253528.0
673,29,0,2026-01-29,January,39664.0,185000.0,0.0,36100.0,260764.0
674,29,1,2026-01-29,January,39664.0,185000.0,0.0,36100.0,260764.0
675,29,2,2026-01-29,January,39664.0,185000.0,0.0,57100.0,281764.0
676,29,3,2026-01-29,January,39664.0,185000.0,0.0,57100.0,281764.0
677,29,4,2026-01-29,January,39664.0,185000.0,0.0,56200.0,280864.0
678,29,5,2026-01-29,January,42328.0,198320.0,10656.0,55600.0,306904.0
679,29,6,2026-01-29,January,51208.0,242720.0,10656.0,60860.0,365444.0
680,29,7,2026-01-29,January,48544.0,242720.0,10656.0,64360.0,366280.0
681,29,8,2026-01-29,January,48544.0,242720.0,0.0,64360.0,355624.0
682,29,9,2026-01-29,January,48544.0,242720.0,0.0,64360.0,355624.0
683,29,10,2026-01-29,January,48544.0,242720.0,40256.0,64360.0,395880.0
684,29,11,2026-01-29,January,48544.0,242720.0,40256.0,60551.0,392071.0
685,29,12,2026-01-29,January,39664.0,198320.0,40256.0,53860.0,332100.0
686,29,13,2026-01-29,January,39664.0,198320.0,40256.0,53860.0,332100.0
687,29,14,2026-01-29,January,42328.0,211640.0,40256.0,50930.0,345154.0
688,29,15,2026-01-29,January,44992.0,211640.0,40256.0,40451.0,337339.0
689,29,16,2026-01-29,January,59200.0,211640.0,40256.0,39000.0,350096.0
690,29,17,2026-01-29,January,59200.0,224960.0,50912.0,37500.0,372572.0
691,29,18,2026-01-29,January,66600.0,269360.0,50912.0,37800.0,424672.0
692,29,19,2026-01-29,January,66600.0,269360.0,10656.0,27200.0,373816.0
693,29,20,2026-01-29,January,66600.0,269360.0,10656.0,27200.0,373816.0
694,29,21,2026-01-29,January,53872.0,256040.0,10656.0,26200.0,346768.0
695,29,22,2026-01-29,January,44992.0,211640.0,0.0,26200.0,282832.0
696,29,23,2026-01-29,January,42328.0,185000.0,0.0,26200.0,253528.0
697,30,0,2026-01-30,January,39664.0,185000.0,0.0,36100.0,260764.0
698,30,1,2026-01-30,January,39664.0,185000.0,0.0,36100.0,260764.0
699,30,2,2026-01-30,January,39664.0,185000.0,0.0,57100.0,281764.0
700,30,3,2026-01-30,January,39664.0,185000.0,0.0,57100.0,281764.0
701,30,4,2026-01-30,January,39664.0,185000.0,0.0,56200.0,280864.0
702,30,5,2026-01-30,January,42328.0,198320.0,10656.0,55600.0,306904.0
703,30,6,2026-01-30,January,51208.0,242720.0,10656.0,60860.0,365444.0
704,30,7,2026-01-30,January,48544.0,242720.0,10656.0,64360.0,366280.0
705,30,8,2026-01-30,January,48544.0,242720.0,0.0,64360.0,355624.0
706,30,9,2026-01-30,January,48544.0,242720.0,0.0,64360.0,355624.0
707,30,10,2026-01-30,January,48544.0,242720.0,40256.0,64360.0,395880.0
708,30,11,2026-01-30,January,48544.0,242720.0,40256.0,60551.0,392071.0
709,30,12,2026-01-30,January,39664.0,198320.0,40256.0,53860.0,332100.0
710,30,13,2026-01-30,January,39664.0,198320.0,40256.0,53860.0,332100.0
711,30,14,2026-01-30,January,42328.0,211640.0,40256.0,50930.0,345154.0
712,30,15,2026-01-30,January,44992.0,211640.0,40256.0,40451.0,337339.0
713,30,16,2026-01-30,January,59200.0,211640.0,40256.0,39000.0,350096.0
714,30,17,2026-01-30,January,59200.0,224960.0,50912.0,37500.0,372572.0
715,30,18,2026-01-30,January,66600.0,269360.0,50912.0,37800.0,424672.0
716,30,19,2026-01-30,January,66600.0,269360.0,10656.0,27200.0,373816.0
717,30,20,2026-01-30,January,66600.0,269360.0,10656.0,27200.0,373816.0
718,30,21,2026-01-30,January,53872.0,256040.0,10656.0,26200.0,346768.0
719,30,22,2026-01-30,January,44992.0,211640.0,0.0,26200.0,282832.0
720,30,23,2026-01-30,January,42328.0,185000.0,0.0,26200.0,253528.0
721,31,0,2026-01-31,Winter_Weekend,61272.0,256040.0,40256.0,46400.0,403968.0
722,31,1,2026-01-31,Winter_Weekend,61272.0,211640.0,40256.0,46400.0,359568.0
723,31,2,2026-01-31,Winter_Weekend,58608.0,198320.0,29600.0,56900.0,343428.0
724,31,3,2026-01-31,Winter_Weekend,47064.0,198320.0,29600.0,56900.0,331884.0
725,31,4,2026-01-31,Winter_Weekend,47064.0,198320.0,29600.0,56000.0,330984.0
726,31,5,2026-01-31,Winter_Weekend,54464.0,198320.0,29600.0,55400.0,337784.0
727,31,6,2026-01-31,Winter_Weekend,63344.0,198320.0,40256.0,54700.0,356620.0
728,31,7,2026-01-31,Winter_Weekend,66008.0,248640.0,40256.0,58500.0,413404.0
729,31,8,2026-01-31,Winter_Weekend,58608.0,293040.0,40256.0,58500.0,450404.0
730,31,9,2026-01-31,Winter_Weekend,61272.0,293040.0,40256.0,58500.0,453068.0
731,31,10,2026-01-31,Winter_Weekend,115736.0,293040.0,40256.0,58500.0,507532.0
732,31,11,2026-01-31,Winter_Weekend,63936.0,293040.0,40256.0,58500.0,455732.0
733,31,12,2026-01-31,Winter_Weekend,61272.0,293040.0,40256.0,48000.0,442568.0
734,31,13,2026-01-31,Winter_Weekend,179672.0,885040.0,40256.0,48000.0,1152968.0
735,31,14,2026-01-31,Winter_Weekend,182336.0,306360.0,40256.0,48000.0,576952.0
736,31,15,2026-01-31,Winter_Weekend,66600.0,306360.0,40256.0,48420.0,461636.0
737,31,16,2026-01-31,Winter_Weekend,74000.0,306360.0,40256.0,48900.0,469516.0
738,31,17,2026-01-31,Winter_Weekend,74000.0,306360.0,50912.0,47500.0,478772.0
739,31,18,2026-01-31,Winter_Weekend,74000.0,306360.0,50912.0,47500.0,478772.0
740,31,19,2026-01-31,Winter_Weekend,74000.0,269360.0,40256.0,36600.0,420216.0
741,31,20,2026-01-31,Winter_Weekend,74000.0,269360.0,40256.0,36900.0,420516.0
742,31,21,2026-01-31,Winter_Weekend,66600.0,269360.0,40256.0,25400.0,401616.0
743,31,22,2026-01-31,Winter_Weekend,66600.0,269360.0,40256.0,25400.0,401616.0
744,31,23,2026-01-31,Winter_Weekend,66600.0,269360.0,40256.0,25400.0,401616.0
745,32,0,2026-02-01,Winter_Weekend,61272.0,256040.0,40256.0,46400.0,403968.0
746,32,1,2026-02-01,Winter_Weekend,61272.0,211640.0,40256.0,46400.0,359568.0
747,32,2,2026-02-01,Winter_Weekend,58608.0,198320.0,29600.0,56900.0,343428.0
748,32,3,2026-02-01,Winter_Weekend,47064.0,198320.0,29600.0,56900.0,331884.0
749,32,4,2026-02-01,Winter_Weekend,47064.0,198320.0,29600.0,56000.0,330984.0
750,32,5,2026-02-01,Winter_Weekend,54464.0,198320.0,29600.0,55400.0,337784.0
751,32,6,2026-02-01,Winter_Weekend,63344.0,198320.0,40256.0,54700.0,356620.0
752,32,7,2026-02-01,Winter_Weekend,66008.0,248640.0,40256.0,58500.0,413404.0
753,32,8,2026-02-01,Winter_Weekend,58608.0,293040.0,40256.0,58500.0,450404.0
754,32,9,2026-02-01,Winter_Weekend,61272.0,293040.0,40256.0,58500.0,453068.0
755,32,10,2026-02-01,Winter_Weekend,115736.0,293040.0,40256.0,58500.0,507532.0
756,32,11,2026-02-01,Winter_Weekend,63936.0,293040.0,40256.0,58500.0,455732.0
757,32,12,2026-02-01,Winter_Weekend,61272.0,293040.0,40256.0,48000.0,442568.0
758,32,13,2026-02-01,Winter_Weekend,179672.0,885040.0,40256.0,48000.0,1152968.0
759,32,14,2026-02-01,Winter_Weekend,182336.0,306360.0,40256.0,48000.0,576952.0
760,32,15,2026-02-01,Winter_Weekend,66600.0,306360.0,40256.0,48420.0,461636.0
761,32,16,2026-02-01,Winter_Weekend,74000.0,306360.0,40256.0,48900.0,469516.0
762,32,17,2026-02-01,Winter_Weekend,74000.0,306360.0,50912.0,47500.0,478772.0
763,32,18,2026-02-01,Winter_Weekend,74000.0,306360.0,50912.0,47500.0,478772.0
764,32,19,2026-02-01,Winter_Weekend,74000.0,269360.0,40256.0,36600.0,420216.0
765,32,20,2026-02-01,Winter_Weekend,74000.0,269360.0,40256.0,36900.0,420516.0
766,32,21,2026-02-01,Winter_Weekend,66600.0,269360.0,40256.0,25400.0,401616.0
767,32,22,2026-02-01,Winter_Weekend,66600.0,269360.0,40256.0,25400.0,401616.0
768,32,23,2026-02-01,Winter_Weekend,66600.0,269360.0,40256.0,25400.0,401616.0
769,33,0,2026-02-02,February,39664.0,185000.0,29600.0,35800.0,290064.0
770,33,1,2026-02-02,February,39664.0,185000.0,29600.0,35800.0,290064.0
771,33,2,2026-02-02,February,39664.0,185000.0,29600.0,56800.0,311064.0
772,33,3,2026-02-02,February,39664.0,185000.0,29600.0,56800.0,311064.0
773,33,4,2026-02-02,February,39664.0,185000.0,29600.0,55900.0,310164.0
774,33,5,2026-02-02,February,42328.0,198320.0,40256.0,55300.0,336204.0
775,33,6,2026-02-02,February,51208.0,242720.0,40256.0,60560.0,394744.0
776,33,7,2026-02-02,February,48544.0,242720.0,40256.0,64360.0,395880.0
777,33,8,2026-02-02,February,48544.0,242720.0,29600.0,64360.0,385224.0
778,33,9,2026-02-02,February,48544.0,242720.0,29600.0,64360.0,385224.0
779,33,10,2026-02-02,February,48544.0,242720.0,40256.0,64360.0,395880.0
780,33,11,2026-02-02,February,48544.0,242720.0,40256.0,60551.0,392071.0
781,33,12,2026-02-02,February,47064.0,198320.0,40256.0,53860.0,339500.0
782,33,13,2026-02-02,February,47064.0,235320.0,40256.0,53860.0,376500.0
783,33,14,2026-02-02,February,49728.0,248640.0,40256.0,50930.0,389554.0
784,33,15,2026-02-02,February,52392.0,248640.0,40256.0,40151.0,381439.0
785,33,16,2026-02-02,February,74000.0,293040.0,40256.0,38700.0,445996.0
786,33,17,2026-02-02,February,74000.0,306360.0,50912.0,37200.0,468472.0
787,33,18,2026-02-02,February,74000.0,306360.0,50912.0,37500.0,468772.0
788,33,19,2026-02-02,February,66600.0,269360.0,40256.0,27200.0,403416.0
789,33,20,2026-02-02,February,66600.0,269360.0,40256.0,27200.0,403416.0
790,33,21,2026-02-02,February,53872.0,256040.0,40256.0,26200.0,376368.0
791,33,22,2026-02-02,February,44992.0,211640.0,29600.0,26200.0,312432.0
792,33,23,2026-02-02,February,42328.0,185000.0,29600.0,26200.0,283128.0
793,34,0,2026-02-03,February,39664.0,185000.0,29600.0,35800.0,290064.0
794,34,1,2026-02-03,February,39664.0,185000.0,29600.0,35800.0,290064.0
795,34,2,2026-02-03,February,39664.0,185000.0,29600.0,56800.0,311064.0
796,34,3,2026-02-03,February,39664.0,185000.0,29600.0,56800.0,311064.0
797,34,4,2026-02-03,February,39664.0,185000.0,29600.0,55900.0,310164.0
798,34,5,2026-02-03,February,42328.0,198320.0,40256.0,55300.0,336204.0
799,34,6,2026-02-03,February,51208.0,242720.0,40256.0,60560.0,394744.0
800,34,7,2026-02-03,February,48544.0,242720.0,40256.0,64360.0,395880.0
801,34,8,2026-02-03,February,48544.0,242720.0,29600.0,64360.0,385224.0
802,34,9,2026-02-03,February,48544.0,242720.0,29600.0,64360.0,385224.0
803,34,10,2026-02-03,February,48544.0,242720.0,40256.0,64360.0,395880.0
804,34,11,2026-02-03,February,48544.0,242720.0,40256.0,60551.0,392071.0
805,34,12,2026-02-03,February,47064.0,198320.0,40256.0,53860.0,339500.0
806,34,13,2026-02-03,February,47064.0,235320.0,40256.0,53860.0,376500.0
807,34,14,2026-02-03,February,49728.0,248640.0,40256.0,50930.0,389554.0
808,34,15,2026-02-03,February,52392.0,248640.0,40256.0,40151.0,381439.0
809,34,16,2026-02-03,February,74000.0,293040.0,40256.0,38700.0,445996.0
810,34,17,2026-02-03,February,74000.0,306360.0,50912.0,37200.0,468472.0
811,34,18,2026-02-03,February,74000.0,306360.0,50912.0,37500.0,468772.0
812,34,19,2026-02-03,February,66600.0,269360.0,40256.0,27200.0,403416.0
813,34,20,2026-02-03,February,66600.0,269360.0,40256.0,27200.0,403416.0
814,34,21,2026-02-03,February,53872.0,256040.0,40256.0,26200.0,376368.0
815,34,22,2026-02-03,February,44992.0,211640.0,29600.0,26200.0,312432.0
816,34,23,2026-02-03,February,42328.0,185000.0,29600.0,26200.0,283128.0
817,35,0,2026-02-04,February,39664.0,185000.0,29600.0,35800.0,290064.0
818,35,1,2026-02-04,February,39664.0,185000.0,29600.0,35800.0,290064.0
819,35,2,2026-02-04,February,39664.0,185000.0,29600.0,56800.0,311064.0
820,35,3,2026-02-04,February,39664.0,185000.0,29600.0,56800.0,311064.0
821,35,4,2026-02-04,February,39664.0,185000.0,29600.0,55900.0,310164.0
822,35,5,2026-02-04,February,42328.0,198320.0,40256.0,55300.0,336204.0
823,35,6,2026-02-04,February,51208.0,242720.0,40256.0,60560.0,394744.0
824,35,7,2026-02-04,February,48544.0,242720.0,40256.0,64360.0,395880.0
825,35,8,2026-02-04,February,48544.0,242720.0,29600.0,64360.0,385224.0
826,35,9,2026-02-04,February,48544.0,242720.0,29600.0,64360.0,385224.0
827,35,10,2026-02-04,February,48544.0,242720.0,40256.0,64360.0,395880.0
828,35,11,2026-02-04,February,48544.0,242720.0,40256.0,60551.0,392071.0
829,35,12,2026-02-04,February,47064.0,198320.0,40256.0,53860.0,339500.0
830,35,13,2026-02-04,February,47064.0,235320.0,40256.0,53860.0,376500.0
831,35,14,2026-02-04,February,49728.0,248640.0,40256.0,50930.0,389554.0
832,35,15,2026-02-04,February,52392.0,248640.0,40256.0,40151.0,381439.0
833,35,16,2026-02-04,February,74000.0,293040.0,40256.0,38700.0,445996.0
834,35,17,2026-02-04,February,74000.0,306360.0,50912.0,37200.0,468472.0
835,35,18,2026-02-04,February,74000.0,306360.0,50912.0,37500.0,468772.0
836,35,19,2026-02-04,February,66600.0,269360.0,40256.0,27200.0,403416.0
837,35,20,2026-02-04,February,66600.0,269360.0,40256.0,27200.0,403416.0
838,35,21,2026-02-04,February,53872.0,256040.0,40256.0,26200.0,376368.0
839,35,22,2026-02-04,February,44992.0,211640.0,29600.0,26200.0,312432.0
840,35,23,2026-02-04,February,42328.0,185000.0,29600.0,26200.0,283128.0
841,36,0,2026-02-05,Public_Holiday,63936.0,269360.0,0.0,26900.0,360196.0
842,36,1,2026-02-05,Public_Holiday,63936.0,269360.0,0.0,26900.0,360196.0
843,36,2,2026-02-05,Public_Holiday,52392.0,211640.0,0.0,24100.0,288132.0
844,36,3,2026-02-05,Public_Holiday,52392.0,211640.0,0.0,33700.0,297732.0
845,36,4,2026-02-05,Public_Holiday,52392.0,211640.0,0.0,33100.0,297132.0
846,36,5,2026-02-05,Public_Holiday,57128.0,248640.0,10656.0,35600.0,352024.0
847,36,6,2026-02-05,Public_Holiday,58608.0,256040.0,10656.0,35300.0,360604.0
848,36,7,2026-02-05,Public_Holiday,58608.0,256040.0,10656.0,36500.0,361804.0
849,36,8,2026-02-05,Public_Holiday,58608.0,256040.0,0.0,36500.0,351148.0
850,36,9,2026-02-05,Public_Holiday,58608.0,256040.0,0.0,36500.0,351148.0
851,36,10,2026-02-05,Public_Holiday,110408.0,256040.0,40256.0,26000.0,432704.0
852,36,11,2026-02-05,Public_Holiday,58608.0,256040.0,40256.0,26000.0,380904.0
853,36,12,2026-02-05,Public_Holiday,58608.0,256040.0,40256.0,26000.0,380904.0
854,36,13,2026-02-05,Public_Holiday,58608.0,256040.0,40256.0,26000.0,380904.0
855,36,14,2026-02-05,Public_Holiday,66600.0,269360.0,40256.0,26000.0,402216.0
856,36,15,2026-02-05,Public_Holiday,185000.0,861360.0,40256.0,15500.0,1102116.0
857,36,16,2026-02-05,Public_Holiday,66600.0,269360.0,40256.0,15800.0,392016.0
858,36,17,2026-02-05,Public_Holiday,66600.0,269360.0,50912.0,17000.0,403872.0
859,36,18,2026-02-05,Public_Holiday,66600.0,269360.0,50912.0,17600.0,404472.0
860,36,19,2026-02-05,Public_Holiday,66600.0,269360.0,10656.0,17900.0,364516.0
861,36,20,2026-02-05,Public_Holiday,66600.0,269360.0,10656.0,18500.0,365116.0
862,36,21,2026-02-05,Public_Holiday,63936.0,269360.0,10656.0,17300.0,361252.0
863,36,22,2026-02-05,Public_Holiday,63936.0,269360.0,0.0,17300.0,350596.0
864,36,23,2026-02-05,Public_Holiday,63936.0,269360.0,0.0,17300.0,350596.0
865,37,0,2026-02-06,February,39664.0,185000.0,29600.0,35800.0,290064.0
866,37,1,2026-02-06,February,39664.0,185000.0,29600.0,35800.0,290064.0
867,37,2,2026-02-06,February,39664.0,185000.0,29600.0,56800.0,311064.0
868,37,3,2026-02-06,February,39664.0,185000.0,29600.0,56800.0,311064.0
869,37,4,2026-02-06,February,39664.0,185000.0,29600.0,55900.0,310164.0
870,37,5,2026-02-06,February,42328.0,198320.0,40256.0,55300.0,336204.0
871,37,6,2026-02-06,February,51208.0,242720.0,40256.0,60560.0,394744.0
872,37,7,2026-02-06,February,48544.0,242720.0,40256.0,64360.0,395880.0
873,37,8,2026-02-06,February,48544.0,242720.0,29600.0,64360.0,385224.0
874,37,9,2026-02-06,February,48544.0,242720.0,29600.0,64360.0,385224.0
875,37,10,2026-02-06,February,48544.0,242720.0,40256.0,64360.0,395880.0
876,37,11,2026-02-06,February,48544.0,242720.0,40256.0,60551.0,392071.0
877,37,12,2026-02-06,February,47064.0,198320.0,40256.0,53860.0,339500.0
878,37,13,2026-02-06,February,47064.0,235320.0,40256.0,53860.0,376500.0
879,37,14,2026-02-06,February,49728.0,248640.0,40256.0,50930.0,389554.0
880,37,15,2026-02-06,February,52392.0,248640.0,40256.0,40151.0,381439.0
881,37,16,2026-02-06,February,74000.0,293040.0,40256.0,38700.0,445996.0
882,37,17,2026-02-06,February,74000.0,306360.0,50912.0,37200.0,468472.0
883,37,18,2026-02-06,February,74000.0,306360.0,50912.0,37500.0,468772.0
884,37,19,2026-02-06,February,66600.0,269360.0,40256.0,27200.0,403416.0
885,37,20,2026-02-06,February,66600.0,269360.0,40256.0,27200.0,403416.0
886,37,21,2026-02-06,February,53872.0,256040.0,40256.0,26200.0,376368.0
887,37,22,2026-02-06,February,44992.0,211640.0,29600.0,26200.0,312432.0
888,37,23,2026-02-06,February,42328.0,185000.0,29600.0,26200.0,283128.0
889,38,0,2026-02-07,Winter_Weekend,61272.0,256040.0,40256.0,46400.0,403968.0
890,38,1,2026-02-07,Winter_Weekend,61272.0,211640.0,40256.0,46400.0,359568.0
891,38,2,2026-02-07,Winter_Weekend,58608.0,198320.0,29600.0,56900.0,343428.0
892,38,3,2026-02-07,Winter_Weekend,47064.0,198320.0,29600.0,56900.0,331884.0
893,38,4,2026-02-07,Winter_Weekend,47064.0,198320.0,29600.0,56000.0,330984.0
894,38,5,2026-02-07,Winter_Weekend,54464.0,198320.0,29600.0,55400.0,337784.0
895,38,6,2026-02-07,Winter_Weekend,63344.0,198320.0,40256.0,54700.0,356620.0
896,38,7,2026-02-07,Winter_Weekend,66008.0,248640.0,40256.0,58500.0,413404.0
897,38,8,2026-02-07,Winter_Weekend,58608.0,293040.0,40256.0,58500.0,450404.0
898,38,9,2026-02-07,Winter_Weekend,61272.0,293040.0,40256.0,58500.0,453068.0
899,38,10,2026-02-07,Winter_Weekend,115736.0,293040.0,40256.0,58500.0,507532.0
900,38,11,2026-02-07,Winter_Weekend,63936.0,293040.0,40256.0,58500.0,455732.0
901,38,12,2026-02-07,Winter_Weekend,61272.0,293040.0,40256.0,48000.0,442568.0
902,38,13,2026-02-07,Winter_Weekend,179672.0,885040.0,40256.0,48000.0,1152968.0
903,38,14,2026-02-07,Winter_Weekend,182336.0,306360.0,40256.0,48000.0,576952.0
904,38,15,2026-02-07,Winter_Weekend,66600.0,306360.0,40256.0,48420.0,461636.0
905,38,16,2026-02-07,Winter_Weekend,74000.0,306360.0,40256.0,48900.0,469516.0
906,38,17,2026-02-07,Winter_Weekend,74000.0,306360.0,50912.0,47500.0,478772.0
907,38,18,2026-02-07,Winter_Weekend,74000.0,306360.0,50912.0,47500.0,478772.0
908,38,19,2026-02-07,Winter_Weekend,74000.0,269360.0,40256.0,36600.0,420216.0
909,38,20,2026-02-07,Winter_Weekend,74000.0,269360.0,40256.0,36900.0,420516.0
910,38,21,2026-02-07,Winter_Weekend,66600.0,269360.0,40256.0,25400.0,401616.0
911,38,22,2026-02-07,Winter_Weekend,66600.0,269360.0,40256.0,25400.0,401616.0
912,38,23,2026-02-07,Winter_Weekend,66600.0,269360.0,40256.0,25400.0,401616.0
913,39,0,2026-02-08,Winter_Weekend,61272.0,256040.0,40256.0,46400.0,403968.0
914,39,1,2026-02-08,Winter_Weekend,61272.0,211640.0,40256.0,46400.0,359568.0
915,39,2,2026-02-08,Winter_Weekend,58608.0,198320.0,29600.0,56900.0,343428.0
916,39,3,2026-02-08,Winter_Weekend,47064.0,198320.0,29600.0,56900.0,331884.0
917,39,4,2026-02-08,Winter_Weekend,47064.0,198320.0,29600.0,56000.0,330984.0
918,39,5,2026-02-08,Winter_Weekend,54464.0,198320.0,29600.0,55400.0,337784.0
919,39,6,2026-02-08,Winter_Weekend,63344.0,198320.0,40256.0,54700.0,356620.0
920,39,7,2026-02-08,Winter_Weekend,66008.0,248640.0,40256.0,58500.0,413404.0
921,39,8,2026-02-08,Winter_Weekend,58608.0,293040.0,40256.0,58500.0,450404.0
922,39,9,2026-02-08,Winter_Weekend,61272.0,293040.0,40256.0,58500.0,453068.0
923,39,10,2026-02-08,Winter_Weekend,115736.0,293040.0,40256.0,58500.0,507532.0
924,39,11,2026-02-08,Winter_Weekend,63936.0,293040.0,40256.0,58500.0,455732.0
925,39,12,2026-02-08,Winter_Weekend,61272.0,293040.0,40256.0,48000.0,442568.0
926,39,13,2026-02-08,Winter_Weekend,179672.0,885040.0,40256.0,48000.0,1152968.0
927,39,14,2026-02-08,Winter_Weekend,182336.0,306360.0,40256.0,48000.0,576952.0
928,39,15,2026-02-08,Winter_Weekend,66600.0,306360.0,40256.0,48420.0,461636.0
929,39,16,2026-02-08,Winter_Weekend,74000.0,306360.0,40256.0,48900.0,469516.0
930,39,17,2026-02-08,Winter_Weekend,74000.0,306360.0,50912.0,47500.0,478772.0
931,39,18,2026-02-08,Winter_Weekend,74000.0,306360.0,50912.0,47500.0,478772.0
932,39,19,2026-02-08,Winter_Weekend,74000.0,269360.0,40256.0,36600.0,420216.0
933,39,20,2026-02-08,Winter_Weekend,74000.0,269360.0,40256.0,36900.0,420516.0
934,39,21,2026-02-08,Winter_Weekend,66600.0,269360.0,40256.0,25400.0,401616.0
935,39,22,2026-02-08,Winter_Weekend,66600.0,269360.0,40256.0,25400.0,401616.0
936,39,23,2026-02-08,Winter_Weekend,66600.0,269360.0,40256.0,25400.0,401616.0
937,40,0,2026-02-09,February,39664.0,185000.0,29600.0,35800.0,290064.0
938,40,1,2026-02-09,February,39664.0,185000.0,29600.0,35800.0,290064.0
939,40,2,2026-02-09,February,39664.0,185000.0,29600.0,56800.0,311064.0
940,40,3,2026-02-09,February,39664.0,185000.0,29600.0,56800.0,311064.0
941,40,4,2026-02-09,February,39664.0,185000.0,29600.0,55900.0,310164.0
942,40,5,2026-02-09,February,42328.0,198320.0,40256.0,55300.0,336204.0
943,40,6,2026-02-09,February,51208.0,242720.0,40256.0,60560.0,394744.0
944,40,7,2026-02-09,February,48544.0,242720.0,40256.0,64360.0,395880.0
945,40,8,2026-02-09,February,48544.0,242720.0,29600.0,64360.0,385224.0
946,40,9,2026-02-09,February,48544.0,242720.0,29600.0,64360.0,385224.0
947,40,10,2026-02-09,February,48544.0,242720.0,40256.0,64360.0,395880.0
948,40,11,2026-02-09,February,48544.0,242720.0,40256.0,60551.0,392071.0
949,40,12,2026-02-09,February,47064.0,198320.0,40256.0,53860.0,339500.0
950,40,13,2026-02-09,February,47064.0,235320.0,40256.0,53860.0,376500.0
951,40,14,2026-02-09,February,49728.0,248640.0,40256.0,50930.0,389554.0
952,40,15,2026-02-09,February,52392.0,248640.0,40256.0,40151.0,381439.0
953,40,16,2026-02-09,February,74000.0,293040.0,40256.0,38700.0,445996.0
954,40,17,2026-02-09,February,74000.0,306360.0,50912.0,37200.0,468472.0
955,40,18,2026-02-09,February,74000.0,306360.0,50912.0,37500.0,468772.0
956,40,19,2026-02-09,February,66600.0,269360.0,40256.0,27200.0,403416.0
957,40,20,2026-02-09,February,66600.0,269360.0,40256.0,27200.0,403416.0
958,40,21,2026-02-09,February,53872.0,256040.0,40256.0,26200.0,376368.0
959,40,22,2026-02-09,February,44992.0,211640.0,29600.0,26200.0,312432.0
960,40,23,2026-02-09,February,42328.0,185000.0,29600.0,26200.0,283128.0
961,41,0,2026-02-10,February,39664.0,185000.0,29600.0,35800.0,290064.0
962,41,1,2026-02-10,February,39664.0,185000.0,29600.0,35800.0,290064.0
963,41,2,2026-02-10,February,39664.0,185000.0,29600.0,56800.0,311064.0
964,41,3,2026-02-10,February,39664.0,185000.0,29600.0,56800.0,311064.0
965,41,4,2026-02-10,February,39664.0,185000.0,29600.0,55900.0,310164.0
966,41,5,2026-02-10,February,42328.0,198320.0,40256.0,55300.0,336204.0
967,41,6,2026-02-10,February,51208.0,242720.0,40256.0,60560.0,394744.0
968,41,7,2026-02-10,February,48544.0,242720.0,40256.0,64360.0,395880.0
969,41,8,2026-02-10,February,48544.0,242720.0,29600.0,64360.0,385224.0
970,41,9,2026-02-10,February,48544.0,242720.0,29600.0,64360.0,385224.0
971,41,10,2026-02-10,February,48544.0,242720.0,40256.0,64360.0,395880.0
972,41,11,2026-02-10,February,48544.0,242720.0,40256.0,60551.0,392071.0
973,41,12,2026-02-10,February,47064.0,198320.0,40256.0,53860.0,339500.0
974,41,13,2026-02-10,February,47064.0,235320.0,40256.0,53860.0,376500.0
975,41,14,2026-02-10,February,49728.0,248640.0,40256.0,50930.0,389554.0
976,41,15,2026-02-10,February,52392.0,248640.0,40256.0,40151.0,381439.0
977,41,16,2026-02-10,February,74000.0,293040.0,40256.0,38700.0,445996.0
978,41,17,2026-02-10,February,74000.0,306360.0,50912.0,37200.0,468472.0
979,41,18,2026-02-10,February,74000.0,306360.0,50912.0,37500.0,468772.0
980,41,19,2026-02-10,February,66600.0,269360.0,40256.0,27200.0,403416.0
981,41,20,2026-02-10,February,66600.0,269360.0,40256.0,27200.0,403416.0
982,41,21,2026-02-10,February,53872.0,256040.0,40256.0,26200.0,376368.0
983,41,22,2026-02-10,February,44992.0,211640.0,29600.0,26200.0,312432.0
984,41,23,2026-02-10,February,42328.0,185000.0,29600.0,26200.0,283128.0
985,42,0,2026-02-11,February,39664.0,185000.0,29600.0,35800.0,290064.0
986,42,1,2026-02-11,February,39664.0,185000.0,29600.0,35800.0,290064.0
987,42,2,2026-02-11,February,39664.0,185000.0,29600.0,56800.0,311064.0
988,42,3,2026-02-11,February,39664.0,185000.0,29600.0,56800.0,311064.0
989,42,4,2026-02-11,February,39664.0,185000.0,29600.0,55900.0,310164.0
990,42,5,2026-02-11,February,42328.0,198320.0,40256.0,55300.0,336204.0
991,42,6,2026-02-11,February,51208.0,242720.0,40256.0,60560.0,394744.0
992,42,7,2026-02-11,February,48544.0,242720.0,40256.0,64360.0,395880.0
993,42,8,2026-02-11,February,48544.0,242720.0,29600.0,64360.0,385224.0
994,42,9,2026-02-11,February,48544.0,242720.0,29600.0,64360.0,385224.0
995,42,10,2026-02-11,February,48544.0,242720.0,40256.0,64360.0,395880.0
996,42,11,2026-02-11,February,48544.0,242720.0,40256.0,60551.0,392071.0
997,42,12,2026-02-11,February,47064.0,198320.0,40256.0,53860.0,339500.0
998,42,13,2026-02-11,February,47064.0,235320.0,40256.0,53860.0,376500.0
999,42,14,2026-02-11,February,49728.0,248640.0,40256.0,50930.0,389554.0
1000,42,15,2026-02-11,February,52392.0,248640.0,40256.0,40151.0,381439.0
1001,42,16,2026-02-11,February,74000.0,293040.0,40256.0,38700.0,445996.0
1002,42,17,2026-02-11,February,74000.0,306360.0,50912.0,37200.0,468472.0
1003,42,18,2026-02-11,February,74000.0,306360.0,50912.0,37500.0,468772.0
1004,42,19,2026-02-11,February,66600.0,269360.0,40256.0,27200.0,403416.0
1005,42,20,2026-02-11,February,66600.0,269360.0,40256.0,27200.0,403416.0
1006,42,21,2026-02-11,February,53872.0,256040.0,40256.0,26200.0,376368.0
1007,42,22,2026-02-11,February,44992.0,211640.0,29600.0,26200.0,312432.0
1008,42,23,2026-02-11,February,42328.0,185000.0,29600.0,26200.0,283128.0
1009,43,0,2026-02-12,February,39664.0,185000.0,29600.0,35800.0,290064.0
1010,43,1,2026-02-12,February,39664.0,185000.0,29600.0,35800.0,290064.0
1011,43,2,2026-02-12,February,39664.0,185000.0,29600.0,56800.0,311064.0
1012,43,3,2026-02-12,February,39664.0,185000.0,29600.0,56800.0,311064.0
1013,43,4,2026-02-12,February,39664.0,185000.0,29600.0,55900.0,310164.0
1014,43,5,2026-02-12,February,42328.0,198320.0,40256.0,55300.0,336204.0
1015,43,6,2026-02-12,February,51208.0,242720.0,40256.0,60560.0,394744.0
1016,43,7,2026-02-12,February,48544.0,242720.0,40256.0,64360.0,395880.0
1017,43,8,2026-02-12,February,48544.0,242720.0,29600.0,64360.0,385224.0
1018,43,9,2026-02-12,February,48544.0,242720.0,29600.0,64360.0,385224.0
1019,43,10,2026-02-12,February,48544.0,242720.0,40256.0,64360.0,395880.0
1020,43,11,2026-02-12,February,48544.0,242720.0,40256.0,60551.0,392071.0
1021,43,12,2026-02-12,February,47064.0,198320.0,40256.0,53860.0,339500.0
1022,43,13,2026-02-12,February,47064.0,235320.0,40256.0,53860.0,376500.0
1023,43,14,2026-02-12,February,49728.0,248640.0,40256.0,50930.0,389554.0
1024,43,15,2026-02-12,February,52392.0,248640.0,40256.0,40151.0,381439.0
1025,43,16,2026-02-12,February,74000.0,293040.0,40256.0,38700.0,445996.0
1026,43,17,2026-02-12,February,74000.0,306360.0,50912.0,37200.0,468472.0
1027,43,18,2026-02-12,February,74000.0,306360.0,50912.0,37500.0,468772.0
1028,43,19,2026-02-12,February,66600.0,269360.0,40256.0,27200.0,403416.0
1029,43,20,2026-02-12,February,66600.0,269360.0,40256.0,27200.0,403416.0
1030,43,21,2026-02-12,February,53872.0,256040.0,40256.0,26200.0,376368.0
1031,43,22,2026-02-12,February,44992.0,211640.0,29600.0,26200.0,312432.0
1032,43,23,2026-02-12,February,42328.0,185000.0,29600.0,26200.0,283128.0
1033,44,0,2026-02-13,February,39664.0,185000.0,29600.0,35800.0,290064.0
1034,44,1,2026-02-13,February,39664.0,185000.0,29600.0,35800.0,290064.0
1035,44,2,2026-02-13,February,39664.0,185000.0,29600.0,56800.0,311064.0
1036,44,3,2026-02-13,February,39664.0,185000.0,29600.0,56800.0,311064.0
1037,44,4,2026-02-13,February,39664.0,185000.0,29600.0,55900.0,310164.0
1038,44,5,2026-02-13,February,42328.0,198320.0,40256.0,55300.0,336204.0
1039,44,6,2026-02-13,February,51208.0,242720.0,40256.0,60560.0,394744.0
1040,44,7,2026-02-13,February,48544.0,242720.0,40256.0,64360.0,395880.0
1041,44,8,2026-02-13,February,48544.0,242720.0,29600.0,64360.0,385224.0
1042,44,9,2026-02-13,February,48544.0,242720.0,29600.0,64360.0,385224.0
1043,44,10,2026-02-13,February,48544.0,242720.0,40256.0,64360.0,395880.0
1044,44,11,2026-02-13,February,48544.0,242720.0,40256.0,60551.0,392071.0
1045,44,12,2026-02-13,February,47064.0,198320.0,40256.0,53860.0,339500.0
1046,44,13,2026-02-13,February,47064.0,235320.0,40256.0,53860.0,376500.0
1047,44,14,2026-02-13,February,49728.0,248640.0,40256.0,50930.0,389554.0
1048,44,15,2026-02-13,February,52392.0,248640.0,40256.0,40151.0,381439.0
1049,44,16,2026-02-13,February,74000.0,293040.0,40256.0,38700.0,445996.0
1050,44,17,2026-02-13,February,74000.0,306360.0,50912.0,37200.0,468472.0
1051,44,18,2026-02-13,February,74000.0,306360.0,50912.0,37500.0,468772.0
1052,44,19,2026-02-13,February,66600.0,269360.0,40256.0,27200.0,403416.0
1053,44,20,2026-02-13,February,66600.0,269360.0,40256.0,27200.0,403416.0
1054,44,21,2026-02-13,February,53872.0,256040.0,40256.0,26200.0,376368.0
1055,44,22,2026-02-13,February,44992.0,211640.0,29600.0,26200.0,312432.0
1056,44,23,2026-02-13,February,42328.0,185000.0,29600.0,26200.0,283128.0
1057,45,0,2026-02-14,Winter_Weekend,61272.0,256040.0,40256.0,46400.0,403968.0
1058,45,1,2026-02-14,Winter_Weekend,61272.0,211640.0,40256.0,46400.0,359568.0
1059,45,2,2026-02-14,Winter_Weekend,58608.0,198320.0,29600.0,56900.0,343428.0
1060,45,3,2026-02-14,Winter_Weekend,47064.0,198320.0,29600.0,56900.0,331884.0
1061,45,4,2026-02-14,Winter_Weekend,47064.0,198320.0,29600.0,56000.0,330984.0
1062,45,5,2026-02-14,Winter_Weekend,54464.0,198320.0,29600.0,55400.0,337784.0
1063,45,6,2026-02-14,Winter_Weekend,63344.0,198320.0,40256.0,54700.0,356620.0
1064,45,7,2026-02-14,Winter_Weekend,66008.0,248640.0,40256.0,58500.0,413404.0
1065,45,8,2026-02-14,Winter_Weekend,58608.0,293040.0,40256.0,58500.0,450404.0
1066,45,9,2026-02-14,Winter_Weekend,61272.0,293040.0,40256.0,58500.0,453068.0
1067,45,10,2026-02-14,Winter_Weekend,115736.0,293040.0,40256.0,58500.0,507532.0
1068,45,11,2026-02-14,Winter_Weekend,63936.0,293040.0,40256.0,58500.0,455732.0
1069,45,12,2026-02-14,Winter_Weekend,61272.0,293040.0,40256.0,48000.0,442568.0
1070,45,13,2026-02-14,Winter_Weekend,179672.0,885040.0,40256.0,48000.0,1152968.0
1071,45,14,2026-02-14,Winter_Weekend,182336.0,306360.0,40256.0,48000.0,576952.0
1072,45,15,2026-02-14,Winter_Weekend,66600.0,306360.0,40256.0,48420.0,461636.0
1073,45,16,2026-02-14,Winter_Weekend,74000.0,306360.0,40256.0,48900.0,469516.0
1074,45,17,2026-02-14,Winter_Weekend,74000.0,306360.0,50912.0,47500.0,478772.0
1075,45,18,2026-02-14,Winter_Weekend,74000.0,306360.0,50912.0,47500.0,478772.0
1076,45,19,2026-02-14,Winter_Weekend,74000.0,269360.0,40256.0,36600.0,420216.0
1077,45,20,2026-02-14,Winter_Weekend,74000.0,269360.0,40256.0,36900.0,420516.0
1078,45,21,2026-02-14,Winter_Weekend,66600.0,269360.0,40256.0,25400.0,401616.0
1079,45,22,2026-02-14,Winter_Weekend,66600.0,269360.0,40256.0,25400.0,401616.0
1080,45,23,2026-02-14,Winter_Weekend,66600.0,269360.0,40256.0,25400.0,401616.0
1081,46,0,2026-02-15,Winter_Weekend,61272.0,256040.0,40256.0,46400.0,403968.0
1082,46,1,2026-02-15,Winter_Weekend,61272.0,211640.0,40256.0,46400.0,359568.0
1083,46,2,2026-02-15,Winter_Weekend,58608.0,198320.0,29600.0,56900.0,343428.0
1084,46,3,2026-02-15,Winter_Weekend,47064.0,198320.0,29600.0,56900.0,331884.0
1085,46,4,2026-02-15,Winter_Weekend,47064.0,198320.0,29600.0,56000.0,330984.0
1086,46,5,2026-02-15,Winter_Weekend,54464.0,198320.0,29600.0,55400.0,337784.0
1087,46,6,2026-02-15,Winter_Weekend,63344.0,198320.0,40256.0,54700.0,356620.0
1088,46,7,2026-02-15,Winter_Weekend,66008.0,248640.0,40256.0,58500.0,413404.0
1089,46,8,2026-02-15,Winter_Weekend,58608.0,293040.0,40256.0,58500.0,450404.0
1090,46,9,2026-02-15,Winter_Weekend,61272.0,293040.0,40256.0,58500.0,453068.0
1091,46,10,2026-02-15,Winter_Weekend,115736.0,293040.0,40256.0,58500.0,507532.0
1092,46,11,2026-02-15,Winter_Weekend,63936.0,293040.0,40256.0,58500.0,455732.0
1093,46,12,2026-02-15,Winter_Weekend,61272.0,293040.0,40256.0,48000.0,442568.0
1094,46,13,2026-02-15,Winter_Weekend,179672.0,885040.0,40256.0,48000.0,1152968.0
1095,46,14,2026-02-15,Winter_Weekend,182336.0,306360.0,40256.0,48000.0,576952.0
1096,46,15,2026-02-15,Winter_Weekend,66600.0,306360.0,40256.0,48420.0,461636.0
1097,46,16,2026-02-15,Winter_Weekend,74000.0,306360.0,40256.0,48900.0,469516.0
1098,46,17,2026-02-15,Winter_Weekend,74000.0,306360.0,50912.0,47500.0,478772.0
1099,46,18,2026-02-15,Winter_Weekend,74000.0,306360.0,50912.0,47500.0,478772.0
1100,46,19,2026-02-15,Winter_Weekend,74000.0,269360.0,40256.0,36600.0,420216.0
1101,46,20,2026-02-15,Winter_Weekend,74000.0,269360.0,40256.0,36900.0,420516.0
1102,46,21,2026-02-15,Winter_Weekend,66600.0,269360.0,40256.0,25400.0,401616.0
1103,46,22,2026-02-15,Winter_Weekend,66600.0,269360.0,40256.0,25400.0,401616.0
1104,46,23,2026-02-15,Winter_Weekend,66600.0,269360.0,40256.0,25400.0,401616.0
1105,47,0,2026-02-16,February,39664.0,185000.0,29600.0,35800.0,290064.0
1106,47,1,2026-02-16,February,39664.0,185000.0,29600.0,35800.0,290064.0
1107,47,2,2026-02-16,February,39664.0,185000.0,29600.0,56800.0,311064.0
1108,47,3,2026-02-16,February,39664.0,185000.0,29600.0,56800.0,311064.0
1109,47,4,2026-02-16,February,39664.0,185000.0,29600.0,55900.0,310164.0
1110,47,5,2026-02-16,February,42328.0,198320.0,40256.0,55300.0,336204.0
1111,47,6,2026-02-16,February,51208.0,242720.0,40256.0,60560.0,394744.0
1112,47,7,2026-02-16,February,48544.0,242720.0,40256.0,64360.0,395880.0
1113,47,8,2026-02-16,February,48544.0,242720.0,29600.0,64360.0,385224.0
1114,47,9,2026-02-16,February,48544.0,242720.0,29600.0,64360.0,385224.0
1115,47,10,2026-02-16,February,48544.0,242720.0,40256.0,64360.0,395880.0
1116,47,11,2026-02-16,February,48544.0,242720.0,40256.0,60551.0,392071.0
1117,47,12,2026-02-16,February,47064.0,198320.0,40256.0,53860.0,339500.0
1118,47,13,2026-02-16,February,47064.0,235320.0,40256.0,53860.0,376500.0
1119,47,14,2026-02-16,February,49728.0,248640.0,40256.0,50930.0,389554.0
1120,47,15,2026-02-16,February,52392.0,248640.0,40256.0,40151.0,381439.0
1121,47,16,2026-02-16,February,74000.0,293040.0,40256.0,38700.0,445996.0
1122,47,17,2026-02-16,February,74000.0,306360.0,50912.0,37200.0,468472.0
1123,47,18,2026-02-16,February,74000.0,306360.0,50912.0,37500.0,468772.0
1124,47,19,2026-02-16,February,66600.0,269360.0,40256.0,27200.0,403416.0
1125,47,20,2026-02-16,February,66600.0,269360.0,40256.0,27200.0,403416.0
1126,47,21,2026-02-16,February,53872.0,256040.0,40256.0,26200.0,376368.0
1127,47,22,2026-02-16,February,44992.0,211640.0,29600.0,26200.0,312432.0
1128,47,23,2026-02-16,February,42328.0,185000.0,29600.0,26200.0,283128.0
1129,48,0,2026-02-17,February,39664.0,185000.0,29600.0,35800.0,290064.0
1130,48,1,2026-02-17,February,39664.0,185000.0,29600.0,35800.0,290064.0
1131,48,2,2026-02-17,February,39664.0,185000.0,29600.0,56800.0,311064.0
1132,48,3,2026-02-17,February,39664.0,185000.0,29600.0,56800.0,311064.0
1133,48,4,2026-02-17,February,39664.0,185000.0,29600.0,55900.0,310164.0
1134,48,5,2026-02-17,February,42328.0,198320.0,40256.0,55300.0,336204.0
1135,48,6,2026-02-17,February,51208.0,242720.0,40256.0,60560.0,394744.0
1136,48,7,2026-02-17,February,48544.0,242720.0,40256.0,64360.0,395880.0
1137,48,8,2026-02-17,February,48544.0,242720.0,29600.0,64360.0,385224.0
1138,48,9,2026-02-17,February,48544.0,242720.0,29600.0,64360.0,385224.0
1139,48,10,2026-02-17,February,48544.0,242720.0,40256.0,64360.0,395880.0
1140,48,11,2026-02-17,February,48544.0,242720.0,40256.0,60551.0,392071.0
1141,48,12,2026-02-17,February,47064.0,198320.0,40256.0,53860.0,339500.0
1142,48,13,2026-02-17,February,47064.0,235320.0,40256.0,53860.0,376500.0
1143,48,14,2026-02-17,February,49728.0,248640.0,40256.0,50930.0,389554.0
1144,48,15,2026-02-17,February,52392.0,248640.0,40256.0,40151.0,381439.0
1145,48,16,2026-02-17,February,74000.0,293040.0,40256.0,38700.0,445996.0
1146,48,17,2026-02-17,February,74000.0,306360.0,50912.0,37200.0,468472.0
1147,48,18,2026-02-17,February,74000.0,306360.0,50912.0,37500.0,468772.0
1148,48,19,2026-02-17,February,66600.0,269360.0,40256.0,27200.0,403416.0
1149,48,20,2026-02-17,February,66600.0,269360.0,40256.0,27200.0,403416.0
1150,48,21,2026-02-17,February,53872.0,256040.0,40256.0,26200.0,376368.0
1151,48,22,2026-02-17,February,44992.0,211640.0,29600.0,26200.0,312432.0
1152,48,23,2026-02-17,February,42328.0,185000.0,29600.0,26200.0,283128.0
1153,49,0,2026-02-18,February,39664.0,185000.0,29600.0,35800.0,290064.0
1154,49,1,2026-02-18,February,39664.0,185000.0,29600.0,35800.0,290064.0
1155,49,2,2026-02-18,February,39664.0,185000.0,29600.0,56800.0,311064.0
1156,49,3,2026-02-18,February,39664.0,185000.0,29600.0,56800.0,311064.0
1157,49,4,2026-02-18,February,39664.0,185000.0,29600.0,55900.0,310164.0
1158,49,5,2026-02-18,February,42328.0,198320.0,40256.0,55300.0,336204.0
1159,49,6,2026-02-18,February,51208.0,242720.0,40256.0,60560.0,394744.0
1160,49,7,2026-02-18,February,48544.0,242720.0,40256.0,64360.0,395880.0
1161,49,8,2026-02-18,February,48544.0,242720.0,29600.0,64360.0,385224.0
1162,49,9,2026-02-18,February,48544.0,242720.0,29600.0,64360.0,385224.0
1163,49,10,2026-02-18,February,48544.0,242720.0,40256.0,64360.0,395880.0
1164,49,11,2026-02-18,February,48544.0,242720.0,40256.0,60551.0,392071.0
1165,49,12,2026-02-18,February,47064.0,198320.0,40256.0,53860.0,339500.0
1166,49,13,2026-02-18,February,47064.0,235320.0,40256.0,53860.0,376500.0
1167,49,14,2026-02-18,February,49728.0,248640.0,40256.0,50930.0,389554.0
1168,49,15,2026-02-18,February,52392.0,248640.0,40256.0,40151.0,381439.0
1169,49,16,2026-02-18,February,74000.0,293040.0,40256.0,38700.0,445996.0
1170,49,17,2026-02-18,February,74000.0,306360.0,50912.0,37200.0,468472.0
1171,49,18,2026-02-18,February,74000.0,306360.0,50912.0,37500.0,468772.0
1172,49,19,2026-02-18,February,66600.0,269360.0,40256.0,27200.0,403416.0
1173,49,20,2026-02-18,February,66600.0,269360.0,40256.0,27200.0,403416.0
1174,49,21,2026-02-18,February,53872.0,256040.0,40256.0,26200.0,376368.0
1175,49,22,2026-02-18,February,44992.0,211640.0,29600.0,26200.0,312432.0
1176,49,23,2026-02-18,February,42328.0,185000.0,29600.0,26200.0,283128.0
1177,50,0,2026-02-19,February,39664.0,185000.0,29600.0,35800.0,290064.0
1178,50,1,2026-02-19,February,39664.0,185000.0,29600.0,35800.0,290064.0
1179,50,2,2026-02-19,February,39664.0,185000.0,29600.0,56800.0,311064.0
1180,50,3,2026-02-19,February,39664.0,185000.0,29600.0,56800.0,311064.0
1181,50,4,2026-02-19,February,39664.0,185000.0,29600.0,55900.0,310164.0
1182,50,5,2026-02-19,February,42328.0,198320.0,40256.0,55300.0,336204.0
1183,50,6,2026-02-19,February,51208.0,242720.0,40256.0,60560.0,394744.0
1184,50,7,2026-02-19,February,48544.0,242720.0,40256.0,64360.0,395880.0
1185,50,8,2026-02-19,February,48544.0,242720.0,29600.0,64360.0,385224.0
1186,50,9,2026-02-19,February,48544.0,242720.0,29600.0,64360.0,385224.0
1187,50,10,2026-02-19,February,48544.0,242720.0,40256.0,64360.0,395880.0
1188,50,11,2026-02-19,February,48544.0,242720.0,40256.0,60551.0,392071.0
1189,50,12,2026-02-19,February,47064.0,198320.0,40256.0,53860.0,339500.0
1190,50,13,2026-02-19,February,47064.0,235320.0,40256.0,53860.0,376500.0
1191,50,14,2026-02-19,February,49728.0,248640.0,40256.0,50930.0,389554.0
1192,50,15,2026-02-19,February,52392.0,248640.0,40256.0,40151.0,381439.0
1193,50,16,2026-02-19,February,74000.0,293040.0,40256.0,38700.0,445996.0
1194,50,17,2026-02-19,February,74000.0,306360.0,50912.0,37200.0,468472.0
1195,50,18,2026-02-19,February,74000.0,306360.0,50912.0,37500.0,468772.0
1196,50,19,2026-02-19,February,66600.0,269360.0,40256.0,27200.0,403416.0
1197,50,20,2026-02-19,February,66600.0,269360.0,40256.0,27200.0,403416.0
1198,50,21,2026-02-19,February,53872.0,256040.0,40256.0,26200.0,376368.0
1199,50,22,2026-02-19,February,44992.0,211640.0,29600.0,26200.0,312432.0
1200,50,23,2026-02-19,February,42328.0,185000.0,29600.0,26200.0,283128.0
1201,51,0,2026-02-20,February,39664.0,185000.0,29600.0,35800.0,290064.0
1202,51,1,2026-02-20,February,39664.0,185000.0,29600.0,35800.0,290064.0
1203,51,2,2026-02-20,February,39664.0,185000.0,29600.0,56800.0,311064.0
1204,51,3,2026-02-20,February,39664.0,185000.0,29600.0,56800.0,311064.0
1205,51,4,2026-02-20,February,39664.0,185000.0,29600.0,55900.0,310164.0
1206,51,5,2026-02-20,February,42328.0,198320.0,40256.0,55300.0,336204.0
1207,51,6,2026-02-20,February,51208.0,242720.0,40256.0,60560.0,394744.0
1208,51,7,2026-02-20,February,48544.0,242720.0,40256.0,64360.0,395880.0
1209,51,8,2026-02-20,February,48544.0,242720.0,29600.0,64360.0,385224.0
1210,51,9,2026-02-20,February,48544.0,242720.0,29600.0,64360.0,385224.0
1211,51,10,2026-02-20,February,48544.0,242720.0,40256.0,64360.0,395880.0
1212,51,11,2026-02-20,February,48544.0,242720.0,40256.0,60551.0,392071.0
1213,51,12,2026-02-20,February,47064.0,198320.0,40256.0,53860.0,339500.0
1214,51,13,2026-02-20,February,47064.0,235320.0,40256.0,53860.0,376500.0
1215,51,14,2026-02-20,February,49728.0,248640.0,40256.0,50930.0,389554.0
1216,51,15,2026-02-20,February,52392.0,248640.0,40256.0,40151.0,381439.0
1217,51,16,2026-02-20,February,74000.0,293040.0,40256.0,38700.0,445996.0
1218,51,17,2026-02-20,February,74000.0,306360.0,50912.0,37200.0,468472.0
1219,51,18,2026-02-20,February,74000.0,306360.0,50912.0,37500.0,468772.0
1220,51,19,2026-02-20,February,66600.0,269360.0,40256.0,27200.0,403416.0
1221,51,20,2026-02-20,February,66600.0,269360.0,40256.0,27200.0,403416.0
1222,51,21,2026-02-20,February,53872.0,256040.0,40256.0,26200.0,376368.0
1223,51,22,2026-02-20,February,44992.0,211640.0,29600.0,26200.0,312432.0
1224,51,23,2026-02-20,February,42328.0,185000.0,29600.0,26200.0,283128.0
1225,52,0,2026-02-21,Winter_Weekend,61272.0,256040.0,40256.0,46400.0,403968.0
1226,52,1,2026-02-21,Winter_Weekend,61272.0,211640.0,40256.0,46400.0,359568.0
1227,52,2,2026-02-21,Winter_Weekend,58608.0,198320.0,29600.0,56900.0,343428.0
1228,52,3,2026-02-21,Winter_Weekend,47064.0,198320.0,29600.0,56900.0,331884.0
1229,52,4,2026-02-21,Winter_Weekend,47064.0,198320.0,29600.0,56000.0,330984.0
1230,52,5,2026-02-21,Winter_Weekend,54464.0,198320.0,29600.0,55400.0,337784.0
1231,52,6,2026-02-21,Winter_Weekend,63344.0,198320.0,40256.0,54700.0,356620.0
1232,52,7,2026-02-21,Winter_Weekend,66008.0,248640.0,40256.0,58500.0,413404.0
1233,52,8,2026-02-21,Winter_Weekend,58608.0,293040.0,40256.0,58500.0,450404.0
1234,52,9,2026-02-21,Winter_Weekend,61272.0,293040.0,40256.0,58500.0,453068.0
1235,52,10,2026-02-21,Winter_Weekend,115736.0,293040.0,40256.0,58500.0,507532.0
1236,52,11,2026-02-21,Winter_Weekend,63936.0,293040.0,40256.0,58500.0,455732.0
1237,52,12,2026-02-21,Winter_Weekend,61272.0,293040.0,40256.0,48000.0,442568.0
1238,52,13,2026-02-21,Winter_Weekend,179672.0,885040.0,40256.0,48000.0,1152968.0
1239,52,14,2026-02-21,Winter_Weekend,182336.0,306360.0,40256.0,48000.0,576952.0
1240,52,15,2026-02-21,Winter_Weekend,66600.0,306360.0,40256.0,48420.0,461636.0
1241,52,16,2026-02-21,Winter_Weekend,74000.0,306360.0,40256.0,48900.0,469516.0
1242,52,17,2026-02-21,Winter_Weekend,74000.0,306360.0,50912.0,47500.0,478772.0
1243,52,18,2026-02-21,Winter_Weekend,74000.0,306360.0,50912.0,47500.0,478772.0
1244,52,19,2026-02-21,Winter_Weekend,74000.0,269360.0,40256.0,36600.0,420216.0
1245,52,20,2026-02-21,Winter_Weekend,74000.0,269360.0,40256.0,36900.0,420516.0
1246,52,21,2026-02-21,Winter_Weekend,66600.0,269360.0,40256.0,25400.0,401616.0
1247,52,22,2026-02-21,Winter_Weekend,66600.0,269360.0,40256.0,25400.0,401616.0
1248,52,23,2026-02-21,Winter_Weekend,66600.0,269360.0,40256.0,25400.0,401616.0
1249,53,0,2026-02-22,Winter_Weekend,61272.0,256040.0,40256.0,46400.0,403968.0
1250,53,1,2026-02-22,Winter_Weekend,61272.0,211640.0,40256.0,46400.0,359568.0
1251,53,2,2026-02-22,Winter_Weekend,58608.0,198320.0,29600.0,56900.0,343428.0
1252,53,3,2026-02-22,Winter_Weekend,47064.0,198320.0,29600.0,56900.0,331884.0
1253,53,4,2026-02-22,Winter_Weekend,47064.0,198320.0,29600.0,56000.0,330984.0
1254,53,5,2026-02-22,Winter_Weekend,54464.0,198320.0,29600.0,55400.0,337784.0
1255,53,6,2026-02-22,Winter_Weekend,63344.0,198320.0,40256.0,54700.0,356620.0
1256,53,7,2026-02-22,Winter_Weekend,66008.0,248640.0,40256.0,58500.0,413404.0
1257,53,8,2026-02-22,Winter_Weekend,58608.0,293040.0,40256.0,58500.0,450404.0
1258,53,9,2026-02-22,Winter_Weekend,61272.0,293040.0,40256.0,58500.0,453068.0
1259,53,10,2026-02-22,Winter_Weekend,115736.0,293040.0,40256.0,58500.0,507532.0
1260,53,11,2026-02-22,Winter_Weekend,63936.0,293040.0,40256.0,58500.0,455732.0
1261,53,12,2026-02-22,Winter_Weekend,61272.0,293040.0,40256.0,48000.0,442568.0
1262,53,13,2026-02-22,Winter_Weekend,179672.0,885040.0,40256.0,48000.0,1152968.0
1263,53,14,2026-02-22,Winter_Weekend,182336.0,306360.0,40256.0,48000.0,576952.0
1264,53,15,2026-02-22,Winter_Weekend,66600.0,306360.0,40256.0,48420.0,461636.0
1265,53,16,2026-02-22,Winter_Weekend,74000.0,306360.0,40256.0,48900.0,469516.0
1266,53,17,2026-02-22,Winter_Weekend,74000.0,306360.0,50912.0,47500.0,478772.0
1267,53,18,2026-02-22,Winter_Weekend,74000.0,306360.0,50912.0,47500.0,478772.0
1268,53,19,2026-02-22,Winter_Weekend,74000.0,269360.0,40256.0,36600.0,420216.0
1269,53,20,2026-02-22,Winter_Weekend,74000.0,269360.0,40256.0,36900.0,420516.0
1270,53,21,2026-02-22,Winter_Weekend,66600.0,269360.0,40256.0,25400.0,401616.0
1271,53,22,2026-02-22,Winter_Weekend,66600.0,269360.0,40256.0,25400.0,401616.0
1272,53,23,2026-02-22,Winter_Weekend,66600.0,269360.0,40256.0,25400.0,401616.0
1273,54,0,2026-02-23,February,39664.0,185000.0,29600.0,35800.0,290064.0
1274,54,1,2026-02-23,February,39664.0,185000.0,29600.0,35800.0,290064.0
1275,54,2,2026-02-23,February,39664.0,185000.0,29600.0,56800.0,311064.0
1276,54,3,2026-02-23,February,39664.0,185000.0,29600.0,56800.0,311064.0
1277,54,4,2026-02-23,February,39664.0,185000.0,29600.0,55900.0,310164.0
1278,54,5,2026-02-23,February,42328.0,198320.0,40256.0,55300.0,336204.0
1279,54,6,2026-02-23,February,51208.0,242720.0,40256.0,60560.0,394744.0
1280,54,7,2026-02-23,February,48544.0,242720.0,40256.0,64360.0,395880.0
1281,54,8,2026-02-23,February,48544.0,242720.0,29600.0,64360.0,385224.0
1282,54,9,2026-02-23,February,48544.0,242720.0,29600.0,64360.0,385224.0
1283,54,10,2026-02-23,February,48544.0,242720.0,40256.0,64360.0,395880.0
1284,54,11,2026-02-23,February,48544.0,242720.0,40256.0,60551.0,392071.0
1285,54,12,2026-02-23,February,47064.0,198320.0,40256.0,53860.0,339500.0
1286,54,13,2026-02-23,February,47064.0,235320.0,40256.0,53860.0,376500.0
1287,54,14,2026-02-23,February,49728.0,248640.0,40256.0,50930.0,389554.0
1288,54,15,2026-02-23,February,52392.0,248640.0,40256.0,40151.0,381439.0
1289,54,16,2026-02-23,February,74000.0,293040.0,40256.0,38700.0,445996.0
1290,54,17,2026-02-23,February,74000.0,306360.0,50912.0,37200.0,468472.0
1291,54,18,2026-02-23,February,74000.0,306360.0,50912.0,37500.0,468772.0
1292,54,19,2026-02-23,February,66600.0,269360.0,40256.0,27200.0,403416.0
1293,54,20,2026-02-23,February,66600.0,269360.0,40256.0,27200.0,403416.0
1294,54,21,2026-02-23,February,53872.0,256040.0,40256.0,26200.0,376368.0
1295,54,22,2026-02-23,February,44992.0,211640.0,29600.0,26200.0,312432.0
1296,54,23,2026-02-23,February,42328.0,185000.0,29600.0,26200.0,283128.0
1297,55,0,2026-02-24,February,39664.0,185000.0,29600.0,35800.0,290064.0
1298,55,1,2026-02-24,February,39664.0,185000.0,29600.0,35800.0,290064.0
1299,55,2,2026-02-24,February,39664.0,185000.0,29600.0,56800.0,311064.0
1300,55,3,2026-02-24,February,39664.0,185000.0,29600.0,56800.0,311064.0
1301,55,4,2026-02-24,February,39664.0,185000.0,29600.0,55900.0,310164.0
1302,55,5,2026-02-24,February,42328.0,198320.0,40256.0,55300.0,336204.0
1303,55,6,2026-02-24,February,51208.0,242720.0,40256.0,60560.0,394744.0
1304,55,7,2026-02-24,February,48544.0,242720.0,40256.0,64360.0,395880.0
1305,55,8,2026-02-24,February,48544.0,242720.0,29600.0,64360.0,385224.0
1306,55,9,2026-02-24,February,48544.0,242720.0,29600.0,64360.0,385224.0
1307,55,10,2026-02-24,February,48544.0,242720.0,40256.0,64360.0,395880.0
1308,55,11,2026-02-24,February,48544.0,242720.0,40256.0,60551.0,392071.0
1309,55,12,2026-02-24,February,47064.0,198320.0,40256.0,53860.0,339500.0
1310,55,13,2026-02-24,February,47064.0,235320.0,40256.0,53860.0,376500.0
1311,55,14,2026-02-24,February,49728.0,248640.0,40256.0,50930.0,389554.0
1312,55,15,2026-02-24,February,52392.0,248640.0,40256.0,40151.0,381439.0
1313,55,16,2026-02-24,February,74000.0,293040.0,40256.0,38700.0,445996.0
1314,55,17,2026-02-24,February,74000.0,306360.0,50912.0,37200.0,468472.0
1315,55,18,2026-02-24,February,74000.0,306360.0,50912.0,37500.0,468772.0
1316,55,19,2026-02-24,February,66600.0,269360.0,40256.0,27200.0,403416.0
1317,55,20,2026-02-24,February,66600.0,269360.0,40256.0,27200.0,403416.0
1318,55,21,2026-02-24,February,53872.0,256040.0,40256.0,26200.0,376368.0
1319,55,22,2026-02-24,February,44992.0,211640.0,29600.0,26200.0,312432.0
1320,55,23,2026-02-24,February,42328.0,185000.0,29600.0,26200.0,283128.0
1321,56,0,2026-02-25,February,39664.0,185000.0,29600.0,35800.0,290064.0
1322,56,1,2026-02-25,February,39664.0,185000.0,29600.0,35800.0,290064.0
1323,56,2,2026-02-25,February,39664.0,185000.0,29600.0,56800.0,311064.0
1324,56,3,2026-02-25,February,39664.0,185000.0,29600.0,56800.0,311064.0
1325,56,4,2026-02-25,February,39664.0,185000.0,29600.0,55900.0,310164.0
1326,56,5,2026-02-25,February,42328.0,198320.0,40256.0,55300.0,336204.0
1327,56,6,2026-02-25,February,51208.0,242720.0,40256.0,60560.0,394744.0
1328,56,7,2026-02-25,February,48544.0,242720.0,40256.0,64360.0,395880.0
1329,56,8,2026-02-25,February,48544.0,242720.0,29600.0,64360.0,385224.0
1330,56,9,2026-02-25,February,48544.0,242720.0,29600.0,64360.0,385224.0
1331,56,10,2026-02-25,February,48544.0,242720.0,40256.0,64360.0,395880.0
1332,56,11,2026-02-25,February,48544.0,242720.0,40256.0,60551.0,392071.0
1333,56,12,2026-02-25,February,47064.0,198320.0,40256.0,53860.0,339500.0
1334,56,13,2026-02-25,February,47064.0,235320.0,40256.0,53860.0,376500.0
1335,56,14,2026-02-25,February,49728.0,248640.0,40256.0,50930.0,389554.0
1336,56,15,2026-02-25,February,52392.0,248640.0,40256.0,40151.0,381439.0
1337,56,16,2026-02-25,February,74000.0,293040.0,40256.0,38700.0,445996.0
1338,56,17,2026-02-25,February,74000.0,306360.0,50912.0,37200.0,468472.0
1339,56,18,2026-02-25,February,74000.0,306360.0,50912.0,37500.0,468772.0
1340,56,19,2026-02-25,February,66600.0,269360.0,40256.0,27200.0,403416.0
1341,56,20,2026-02-25,February,66600.0,269360.0,40256.0,27200.0,403416.0
1342,56,21,2026-02-25,February,53872.0,256040.0,40256.0,26200.0,376368.0
1343,56,22,2026-02-25,February,44992.0,211640.0,29600.0,26200.0,312432.0
1344,56,23,2026-02-25,February,42328.0,185000.0,29600.0,26200.0,283128.0
1345,57,0,2026-02-26,February,39664.0,185000.0,29600.0,35800.0,290064.0
1346,57,1,2026-02-26,February,39664.0,185000.0,29600.0,35800.0,290064.0
1347,57,2,2026-02-26,February,39664.0,185000.0,29600.0,56800.0,311064.0
1348,57,3,2026-02-26,February,39664.0,185000.0,29600.0,56800.0,311064.0
1349,57,4,2026-02-26,February,39664.0,185000.0,29600.0,55900.0,310164.0
1350,57,5,2026-02-26,February,42328.0,198320.0,40256.0,55300.0,336204.0
1351,57,6,2026-02-26,February,51208.0,242720.0,40256.0,60560.0,394744.0
1352,57,7,2026-02-26,February,48544.0,242720.0,40256.0,64360.0,395880.0
1353,57,8,2026-02-26,February,48544.0,242720.0,29600.0,64360.0,385224.0
1354,57,9,2026-02-26,February,48544.0,242720.0,29600.0,64360.0,385224.0
1355,57,10,2026-02-26,February,48544.0,242720.0,40256.0,64360.0,395880.0
1356,57,11,2026-02-26,February,48544.0,242720.0,40256.0,60551.0,392071.0
1357,57,12,2026-02-26,February,47064.0,198320.0,40256.0,53860.0,339500.0
1358,57,13,2026-02-26,February,47064.0,235320.0,40256.0,53860.0,376500.0
1359,57,14,2026-02-26,February,49728.0,248640.0,40256.0,50930.0,389554.0
1360,57,15,2026-02-26,February,52392.0,248640.0,40256.0,40151.0,381439.0
1361,57,16,2026-02-26,February,74000.0,293040.0,40256.0,38700.0,445996.0
1362,57,17,2026-02-26,February,74000.0,306360.0,50912.0,37200.0,468472.0
1363,57,18,2026-02-26,February,74000.0,306360.0,50912.0,37500.0,468772.0
1364,57,19,2026-02-26,February,66600.0,269360.0,40256.0,27200.0,403416.0
1365,57,20,2026-02-26,February,66600.0,269360.0,40256.0,27200.0,403416.0
1366,57,21,2026-02-26,February,53872.0,256040.0,40256.0,26200.0,376368.0
1367,57,22,2026-02-26,February,44992.0,211640.0,29600.0,26200.0,312432.0
1368,57,23,2026-02-26,February,42328.0,185000.0,29600.0,26200.0,283128.0
1369,58,0,2026-02-27,February,39664.0,185000.0,29600.0,35800.0,290064.0
1370,58,1,2026-02-27,February,39664.0,185000.0,29600.0,35800.0,290064.0
1371,58,2,2026-02-27,February,39664.0,185000.0,29600.0,56800.0,311064.0
1372,58,3,2026-02-27,February,39664.0,185000.0,29600.0,56800.0,311064.0
1373,58,4,2026-02-27,February,39664.0,185000.0,29600.0,55900.0,310164.0
1374,58,5,2026-02-27,February,42328.0,198320.0,40256.0,55300.0,336204.0
1375,58,6,2026-02-27,February,51208.0,242720.0,40256.0,60560.0,394744.0
1376,58,7,2026-02-27,February,48544.0,242720.0,40256.0,64360.0,395880.0
1377,58,8,2026-02-27,February,48544.0,242720.0,29600.0,64360.0,385224.0
1378,58,9,2026-02-27,February,48544.0,242720.0,29600.0,64360.0,385224.0
1379,58,10,2026-02-27,February,48544.0,242720.0,40256.0,64360.0,395880.0
1380,58,11,2026-02-27,February,48544.0,242720.0,40256.0,60551.0,392071.0
1381,58,12,2026-02-27,February,47064.0,198320.0,40256.0,53860.0,339500.0
1382,58,13,2026-02-27,February,47064.0,235320.0,40256.0,53860.0,376500.0
1383,58,14,2026-02-27,February,49728.0,248640.0,40256.0,50930.0,389554.0
1384,58,15,2026-02-27,February,52392.0,248640.0,40256.0,40151.0,381439.0
1385,58,16,2026-02-27,February,74000.0,293040.0,40256.0,38700.0,445996.0
1386,58,17,2026-02-27,February,74000.0,306360.0,50912.0,37200.0,468472.0
1387,58,18,2026-02-27,February,74000.0,306360.0,50912.0,37500.0,468772.0
1388,58,19,2026-02-27,February,66600.0,269360.0,40256.0,27200.0,403416.0
1389,58,20,2026-02-27,February,66600.0,269360.0,40256.0,27200.0,403416.0
1390,58,21,2026-02-27,February,53872.0,256040.0,40256.0,26200.0,376368.0
1391,58,22,2026-02-27,February,44992.0,211640.0,29600.0,26200.0,312432.0
1392,58,23,2026-02-27,February,42328.0,185000.0,29600.0,26200.0,283128.0
1393,59,0,2026-02-28,Winter_Weekend,61272.0,256040.0,40256.0,46400.0,403968.0
1394,59,1,2026-02-28,Winter_Weekend,61272.0,211640.0,40256.0,46400.0,359568.0
1395,59,2,2026-02-28,Winter_Weekend,58608.0,198320.0,29600.0,56900.0,343428.0
1396,59,3,2026-02-28,Winter_Weekend,47064.0,198320.0,29600.0,56900.0,331884.0
1397,59,4,2026-02-28,Winter_Weekend,47064.0,198320.0,29600.0,56000.0,330984.0
1398,59,5,2026-02-28,Winter_Weekend,54464.0,198320.0,29600.0,55400.0,337784.0
1399,59,6,2026-02-28,Winter_Weekend,63344.0,198320.0,40256.0,54700.0,356620.0
1400,59,7,2026-02-28,Winter_Weekend,66008.0,248640.0,40256.0,58500.0,413404.0
1401,59,8,2026-02-28,Winter_Weekend,58608.0,293040.0,40256.0,58500.0,450404.0
1402,59,9,2026-02-28,Winter_Weekend,61272.0,293040.0,40256.0,58500.0,453068.0
1403,59,10,2026-02-28,Winter_Weekend,115736.0,293040.0,40256.0,58500.0,507532.0
1404,59,11,2026-02-28,Winter_Weekend,63936.0,293040.0,40256.0,58500.0,455732.0
1405,59,12,2026-02-28,Winter_Weekend,61272.0,293040.0,40256.0,48000.0,442568.0
1406,59,13,2026-02-28,Winter_Weekend,179672.0,885040.0,40256.0,48000.0,1152968.0
1407,59,14,2026-02-28,Winter_Weekend,182336.0,306360.0,40256.0,48000.0,576952.0
1408,59,15,2026-02-28,Winter_Weekend,66600.0,306360.0,40256.0,48420.0,461636.0
1409,59,16,2026-02-28,Winter_Weekend,74000.0,306360.0,40256.0,48900.0,469516.0
1410,59,17,2026-02-28,Winter_Weekend,74000.0,306360.0,50912.0,47500.0,478772.0
1411,59,18,2026-02-28,Winter_Weekend,74000.0,306360.0,50912.0,47500.0,478772.0
1412,59,19,2026-02-28,Winter_Weekend,74000.0,269360.0,40256.0,36600.0,420216.0
1413,59,20,2026-02-28,Winter_Weekend,74000.0,269360.0,40256.0,36900.0,420516.0
1414,59,21,2026-02-28,Winter_Weekend,66600.0,269360.0,40256.0,25400.0,401616.0
1415,59,22,2026-02-28,Winter_Weekend,66600.0,269360.0,40256.0,25400.0,401616.0
1416,59,23,2026-02-28,Winter_Weekend,66600.0,269360.0,40256.0,25400.0,401616.0
1417,60,0,2026-03-01,Winter_Weekend,61272.0,256040.0,40256.0,46400.0,403968.0
1418,60,1,2026-03-01,Winter_Weekend,61272.0,211640.0,40256.0,46400.0,359568.0
1419,60,2,2026-03-01,Winter_Weekend,58608.0,198320.0,29600.0,56900.0,343428.0
1420,60,3,2026-03-01,Winter_Weekend,47064.0,198320.0,29600.0,56900.0,331884.0
1421,60,4,2026-03-01,Winter_Weekend,47064.0,198320.0,29600.0,56000.0,330984.0
1422,60,5,2026-03-01,Winter_Weekend,54464.0,198320.0,29600.0,55400.0,337784.0
1423,60,6,2026-03-01,Winter_Weekend,63344.0,198320.0,40256.0,54700.0,356620.0
1424,60,7,2026-03-01,Winter_Weekend,66008.0,248640.0,40256.0,58500.0,413404.0
1425,60,8,2026-03-01,Winter_Weekend,58608.0,293040.0,40256.0,58500.0,450404.0
1426,60,9,2026-03-01,Winter_Weekend,61272.0,293040.0,40256.0,58500.0,453068.0
1427,60,10,2026-03-01,Winter_Weekend,115736.0,293040.0,40256.0,58500.0,507532.0
1428,60,11,2026-03-01,Winter_Weekend,63936.0,293040.0,40256.0,58500.0,455732.0
1429,60,12,2026-03-01,Winter_Weekend,61272.0,293040.0,40256.0,48000.0,442568.0
1430,60,13,2026-03-01,Winter_Weekend,179672.0,885040.0,40256.0,48000.0,1152968.0
1431,60,14,2026-03-01,Winter_Weekend,182336.0,306360.0,40256.0,48000.0,576952.0
1432,60,15,2026-03-01,Winter_Weekend,66600.0,306360.0,40256.0,48420.0,461636.0
1433,60,16,2026-03-01,Winter_Weekend,74000.0,306360.0,40256.0,48900.0,469516.0
1434,60,17,2026-03-01,Winter_Weekend,74000.0,306360.0,50912.0,47500.0,478772.0
1435,60,18,2026-03-01,Winter_Weekend,74000.0,306360.0,50912.0,47500.0,478772.0
1436,60,19,2026-03-01,Winter_Weekend,74000.0,269360.0,40256.0,36600.0,420216.0
1437,60,20,2026-03-01,Winter_Weekend,74000.0,269360.0,40256.0,36900.0,420516.0
1438,60,21,2026-03-01,Winter_Weekend,66600.0,269360.0,40256.0,25400.0,401616.0
1439,60,22,2026-03-01,Winter_Weekend,66600.0,269360.0,40256.0,25400.0,401616.0
1440,60,23,2026-03-01,Winter_Weekend,66600.0,269360.0,40256.0,25400.0,401616.0
1441,61,0,2026-03-02,March,47064.0,185000.0,29600.0,35800.0,297464.0
1442,61,1,2026-03-02,March,47064.0,185000.0,29600.0,35800.0,297464.0
1443,61,2,2026-03-02,March,47064.0,185000.0,29600.0,56800.0,318464.0
1444,61,3,2026-03-02,March,47064.0,185000.0,29600.0,56800.0,318464.0
1445,61,4,2026-03-02,March,47064.0,185000.0,29600.0,55900.0,317564.0
1446,61,5,2026-03-02,March,57128.0,198320.0,40256.0,55300.0,351004.0
1447,61,6,2026-03-02,March,66008.0,242720.0,40256.0,60560.0,409544.0
1448,61,7,2026-03-02,March,63344.0,279720.0,40256.0,64360.0,447680.0
1449,61,8,2026-03-02,March,55944.0,279720.0,29600.0,64360.0,429624.0
1450,61,9,2026-03-02,March,55944.0,279720.0,29600.0,64360.0,429624.0
1451,61,10,2026-03-02,March,55944.0,279720.0,40256.0,64360.0,440280.0
1452,61,11,2026-03-02,March,55944.0,279720.0,40256.0,60551.0,436471.0
1453,61,12,2026-03-02,March,47064.0,235320.0,40256.0,53860.0,376500.0
1454,61,13,2026-03-02,March,47064.0,235320.0,40256.0,53860.0,376500.0
1455,61,14,2026-03-02,March,49728.0,248640.0,40256.0,50930.0,389554.0
1456,61,15,2026-03-02,March,52392.0,248640.0,40256.0,40151.0,381439.0
1457,61,16,2026-03-02,March,74000.0,293040.0,40256.0,38700.0,445996.0
1458,61,17,2026-03-02,March,74000.0,306360.0,50912.0,37200.0,468472.0
1459,61,18,2026-03-02,March,74000.0,306360.0,50912.0,37500.0,468772.0
1460,61,19,2026-03-02,March,74000.0,269360.0,40256.0,27200.0,410816.0
1461,61,20,2026-03-02,March,74000.0,269360.0,40256.0,27200.0,410816.0
1462,61,21,2026-03-02,March,61272.0,256040.0,40256.0,26200.0,383768.0
1463,61,22,2026-03-02,March,52392.0,211640.0,29600.0,26200.0,319832.0
1464,61,23,2026-03-02,March,49728.0,185000.0,29600.0,26200.0,290528.0
1465,62,0,2026-03-03,March,47064.0,185000.0,29600.0,35800.0,297464.0
1466,62,1,2026-03-03,March,47064.0,185000.0,29600.0,35800.0,297464.0
1467,62,2,2026-03-03,March,47064.0,185000.0,29600.0,56800.0,318464.0
1468,62,3,2026-03-03,March,47064.0,185000.0,29600.0,56800.0,318464.0
1469,62,4,2026-03-03,March,47064.0,185000.0,29600.0,55900.0,317564.0
1470,62,5,2026-03-03,March,57128.0,198320.0,40256.0,55300.0,351004.0
1471,62,6,2026-03-03,March,66008.0,242720.0,40256.0,60560.0,409544.0
1472,62,7,2026-03-03,March,63344.0,279720.0,40256.0,64360.0,447680.0
1473,62,8,2026-03-03,March,55944.0,279720.0,29600.0,64360.0,429624.0
1474,62,9,2026-03-03,March,55944.0,279720.0,29600.0,64360.0,429624.0
1475,62,10,2026-03-03,March,55944.0,279720.0,40256.0,64360.0,440280.0
1476,62,11,2026-03-03,March,55944.0,279720.0,40256.0,60551.0,436471.0
1477,62,12,2026-03-03,March,47064.0,235320.0,40256.0,53860.0,376500.0
1478,62,13,2026-03-03,March,47064.0,235320.0,40256.0,53860.0,376500.0
1479,62,14,2026-03-03,March,49728.0,248640.0,40256.0,50930.0,389554.0
1480,62,15,2026-03-03,March,52392.0,248640.0,40256.0,40151.0,381439.0
1481,62,16,2026-03-03,March,74000.0,293040.0,40256.0,38700.0,445996.0
1482,62,17,2026-03-03,March,74000.0,306360.0,50912.0,37200.0,468472.0
1483,62,18,2026-03-03,March,74000.0,306360.0,50912.0,37500.0,468772.0
1484,62,19,2026-03-03,March,74000.0,269360.0,40256.0,27200.0,410816.0
1485,62,20,2026-03-03,March,74000.0,269360.0,40256.0,27200.0,410816.0
1486,62,21,2026-03-03,March,61272.0,256040.0,40256.0,26200.0,383768.0
1487,62,22,2026-03-03,March,52392.0,211640.0,29600.0,26200.0,319832.0
1488,62,23,2026-03-03,March,49728.0,185000.0,29600.0,26200.0,290528.0
1489,63,0,2026-03-04,March,47064.0,185000.0,29600.0,35800.0,297464.0
1490,63,1,2026-03-04,March,47064.0,185000.0,29600.0,35800.0,297464.0
1491,63,2,2026-03-04,March,47064.0,185000.0,29600.0,56800.0,318464.0
1492,63,3,2026-03-04,March,47064.0,185000.0,29600.0,56800.0,318464.0
1493,63,4,2026-03-04,March,47064.0,185000.0,29600.0,55900.0,317564.0
1494,63,5,2026-03-04,March,57128.0,198320.0,40256.0,55300.0,351004.0
1495,63,6,2026-03-04,March,66008.0,242720.0,40256.0,60560.0,409544.0
1496,63,7,2026-03-04,March,63344.0,279720.0,40256.0,64360.0,447680.0
1497,63,8,2026-03-04,March,55944.0,279720.0,29600.0,64360.0,429624.0
1498,63,9,2026-03-04,March,55944.0,279720.0,29600.0,64360.0,429624.0
1499,63,10,2026-03-04,March,55944.0,279720.0,40256.0,64360.0,440280.0
1500,63,11,2026-03-04,March,55944.0,279720.0,40256.0,60551.0,436471.0
1501,63,12,2026-03-04,March,47064.0,235320.0,40256.0,53860.0,376500.0
1502,63,13,2026-03-04,March,47064.0,235320.0,40256.0,53860.0,376500.0
1503,63,14,2026-03-04,March,49728.0,248640.0,40256.0,50930.0,389554.0
1504,63,15,2026-03-04,March,52392.0,248640.0,40256.0,40151.0,381439.0
1505,63,16,2026-03-04,March,74000.0,293040.0,40256.0,38700.0,445996.0
1506,63,17,2026-03-04,March,74000.0,306360.0,50912.0,37200.0,468472.0
1507,63,18,2026-03-04,March,74000.0,306360.0,50912.0,37500.0,468772.0
1508,63,19,2026-03-04,March,74000.0,269360.0,40256.0,27200.0,410816.0
1509,63,20,2026-03-04,March,74000.0,269360.0,40256.0,27200.0,410816.0
1510,63,21,2026-03-04,March,61272.0,256040.0,40256.0,26200.0,383768.0
1511,63,22,2026-03-04,March,52392.0,211640.0,29600.0,26200.0,319832.0
1512,63,23,2026-03-04,March,49728.0,185000.0,29600.0,26200.0,290528.0
1513,64,0,2026-03-05,March,47064.0,185000.0,29600.0,35800.0,297464.0
1514,64,1,2026-03-05,March,47064.0,185000.0,29600.0,35800.0,297464.0
1515,64,2,2026-03-05,March,47064.0,185000.0,29600.0,56800.0,318464.0
1516,64,3,2026-03-05,March,47064.0,185000.0,29600.0,56800.0,318464.0
1517,64,4,2026-03-05,March,47064.0,185000.0,29600.0,55900.0,317564.0
1518,64,5,2026-03-05,March,57128.0,198320.0,40256.0,55300.0,351004.0
1519,64,6,2026-03-05,March,66008.0,242720.0,40256.0,60560.0,409544.0
1520,64,7,2026-03-05,March,63344.0,279720.0,40256.0,64360.0,447680.0
1521,64,8,2026-03-05,March,55944.0,279720.0,29600.0,64360.0,429624.0
1522,64,9,2026-03-05,March,55944.0,279720.0,29600.0,64360.0,429624.0
1523,64,10,2026-03-05,March,55944.0,279720.0,40256.0,64360.0,440280.0
1524,64,11,2026-03-05,March,55944.0,279720.0,40256.0,60551.0,436471.0
1525,64,12,2026-03-05,March,47064.0,235320.0,40256.0,53860.0,376500.0
1526,64,13,2026-03-05,March,47064.0,235320.0,40256.0,53860.0,376500.0
1527,64,14,2026-03-05,March,49728.0,248640.0,40256.0,50930.0,389554.0
1528,64,15,2026-03-05,March,52392.0,248640.0,40256.0,40151.0,381439.0
1529,64,16,2026-03-05,March,74000.0,293040.0,40256.0,38700.0,445996.0
1530,64,17,2026-03-05,March,74000.0,306360.0,50912.0,37200.0,468472.0
1531,64,18,2026-03-05,March,74000.0,306360.0,50912.0,37500.0,468772.0
1532,64,19,2026-03-05,March,74000.0,269360.0,40256.0,27200.0,410816.0
1533,64,20,2026-03-05,March,74000.0,269360.0,40256.0,27200.0,410816.0
1534,64,21,2026-03-05,March,61272.0,256040.0,40256.0,26200.0,383768.0
1535,64,22,2026-03-05,March,52392.0,211640.0,29600.0,26200.0,319832.0
1536,64,23,2026-03-05,March,49728.0,185000.0,29600.0,26200.0,290528.0
1537,65,0,2026-03-06,March,47064.0,185000.0,29600.0,35800.0,297464.0
1538,65,1,2026-03-06,March,47064.0,185000.0,29600.0,35800.0,297464.0
1539,65,2,2026-03-06,March,47064.0,185000.0,29600.0,56800.0,318464.0
1540,65,3,2026-03-06,March,47064.0,185000.0,29600.0,56800.0,318464.0
1541,65,4,2026-03-06,March,47064.0,185000.0,29600.0,55900.0,317564.0
1542,65,5,2026-03-06,March,57128.0,198320.0,40256.0,55300.0,351004.0
1543,65,6,2026-03-06,March,66008.0,242720.0,40256.0,60560.0,409544.0
1544,65,7,2026-03-06,March,63344.0,279720.0,40256.0,64360.0,447680.0
1545,65,8,2026-03-06,March,55944.0,279720.0,29600.0,64360.0,429624.0
1546,65,9,2026-03-06,March,55944.0,279720.0,29600.0,64360.0,429624.0
1547,65,10,2026-03-06,March,55944.0,279720.0,40256.0,64360.0,440280.0
1548,65,11,2026-03-06,March,55944.0,279720.0,40256.0,60551.0,436471.0
1549,65,12,2026-03-06,March,47064.0,235320.0,40256.0,53860.0,376500.0
1550,65,13,2026-03-06,March,47064.0,235320.0,40256.0,53860.0,376500.0
1551,65,14,2026-03-06,March,49728.0,248640.0,40256.0,50930.0,389554.0
1552,65,15,2026-03-06,March,52392.0,248640.0,40256.0,40151.0,381439.0
1553,65,16,2026-03-06,March,74000.0,293040.0,40256.0,38700.0,445996.0
1554,65,17,2026-03-06,March,74000.0,306360.0,50912.0,37200.0,468472.0
1555,65,18,2026-03-06,March,74000.0,306360.0,50912.0,37500.0,468772.0
1556,65,19,2026-03-06,March,74000.0,269360.0,40256.0,27200.0,410816.0
1557,65,20,2026-03-06,March,74000.0,269360.0,40256.0,27200.0,410816.0
1558,65,21,2026-03-06,March,61272.0,256040.0,40256.0,26200.0,383768.0
1559,65,22,2026-03-06,March,52392.0,211640.0,29600.0,26200.0,319832.0
1560,65,23,2026-03-06,March,49728.0,185000.0,29600.0,26200.0,290528.0
1561,66,0,2026-03-07,Winter_Weekend,61272.0,256040.0,40256.0,46400.0,403968.0
1562,66,1,2026-03-07,Winter_Weekend,61272.0,211640.0,40256.0,46400.0,359568.0
1563,66,2,2026-03-07,Winter_Weekend,58608.0,198320.0,29600.0,56900.0,343428.0
1564,66,3,2026-03-07,Winter_Weekend,47064.0,198320.0,29600.0,56900.0,331884.0
1565,66,4,2026-03-07,Winter_Weekend,47064.0,198320.0,29600.0,56000.0,330984.0
1566,66,5,2026-03-07,Winter_Weekend,54464.0,198320.0,29600.0,55400.0,337784.0
1567,66,6,2026-03-07,Winter_Weekend,63344.0,198320.0,40256.0,54700.0,356620.0
1568,66,7,2026-03-07,Winter_Weekend,66008.0,248640.0,40256.0,58500.0,413404.0
1569,66,8,2026-03-07,Winter_Weekend,58608.0,293040.0,40256.0,58500.0,450404.0
1570,66,9,2026-03-07,Winter_Weekend,61272.0,293040.0,40256.0,58500.0,453068.0
1571,66,10,2026-03-07,Winter_Weekend,115736.0,293040.0,40256.0,58500.0,507532.0
1572,66,11,2026-03-07,Winter_Weekend,63936.0,293040.0,40256.0,58500.0,455732.0
1573,66,12,2026-03-07,Winter_Weekend,61272.0,293040.0,40256.0,48000.0,442568.0
1574,66,13,2026-03-07,Winter_Weekend,179672.0,885040.0,40256.0,48000.0,1152968.0
1575,66,14,2026-03-07,Winter_Weekend,182336.0,306360.0,40256.0,48000.0,576952.0
1576,66,15,2026-03-07,Winter_Weekend,66600.0,306360.0,40256.0,48420.0,461636.0
1577,66,16,2026-03-07,Winter_Weekend,74000.0,306360.0,40256.0,48900.0,469516.0
1578,66,17,2026-03-07,Winter_Weekend,74000.0,306360.0,50912.0,47500.0,478772.0
1579,66,18,2026-03-07,Winter_Weekend,74000.0,306360.0,50912.0,47500.0,478772.0
1580,66,19,2026-03-07,Winter_Weekend,74000.0,269360.0,40256.0,36600.0,420216.0
1581,66,20,2026-03-07,Winter_Weekend,74000.0,269360.0,40256.0,36900.0,420516.0
1582,66,21,2026-03-07,Winter_Weekend,66600.0,269360.0,40256.0,25400.0,401616.0
1583,66,22,2026-03-07,Winter_Weekend,66600.0,269360.0,40256.0,25400.0,401616.0
1584,66,23,2026-03-07,Winter_Weekend,66600.0,269360.0,40256.0,25400.0,401616.0
1585,67,0,2026-03-08,Winter_Weekend,61272.0,256040.0,40256.0,46400.0,403968.0
1586,67,1,2026-03-08,Winter_Weekend,61272.0,211640.0,40256.0,46400.0,359568.0
1587,67,2,2026-03-08,Winter_Weekend,58608.0,198320.0,29600.0,56900.0,343428.0
1588,67,3,2026-03-08,Winter_Weekend,47064.0,198320.0,29600.0,56900.0,331884.0
1589,67,4,2026-03-08,Winter_Weekend,47064.0,198320.0,29600.0,56000.0,330984.0
1590,67,5,2026-03-08,Winter_Weekend,54464.0,198320.0,29600.0,55400.0,337784.0
1591,67,6,2026-03-08,Winter_Weekend,63344.0,198320.0,40256.0,54700.0,356620.0
1592,67,7,2026-03-08,Winter_Weekend,66008.0,248640.0,40256.0,58500.0,413404.0
1593,67,8,2026-03-08,Winter_Weekend,58608.0,293040.0,40256.0,58500.0,450404.0
1594,67,9,2026-03-08,Winter_Weekend,61272.0,293040.0,40256.0,58500.0,453068.0
1595,67,10,2026-03-08,Winter_Weekend,115736.0,293040.0,40256.0,58500.0,507532.0
1596,67,11,2026-03-08,Winter_Weekend,63936.0,293040.0,40256.0,58500.0,455732.0
1597,67,12,2026-03-08,Winter_Weekend,61272.0,293040.0,40256.0,48000.0,442568.0
1598,67,13,2026-03-08,Winter_Weekend,179672.0,885040.0,40256.0,48000.0,1152968.0
1599,67,14,2026-03-08,Winter_Weekend,182336.0,306360.0,40256.0,48000.0,576952.0
1600,67,15,2026-03-08,Winter_Weekend,66600.0,306360.0,40256.0,48420.0,461636.0
1601,67,16,2026-03-08,Winter_Weekend,74000.0,306360.0,40256.0,48900.0,469516.0
1602,67,17,2026-03-08,Winter_Weekend,74000.0,306360.0,50912.0,47500.0,478772.0
1603,67,18,2026-03-08,Winter_Weekend,74000.0,306360.0,50912.0,47500.0,478772.0
1604,67,19,2026-03-08,Winter_Weekend,74000.0,269360.0,40256.0,36600.0,420216.0
1605,67,20,2026-03-08,Winter_Weekend,74000.0,269360.0,40256.0,36900.0,420516.0
1606,67,21,2026-03-08,Winter_Weekend,66600.0,269360.0,40256.0,25400.0,401616.0
1607,67,22,2026-03-08,Winter_Weekend,66600.0,269360.0,40256.0,25400.0,401616.0
1608,67,23,2026-03-08,Winter_Weekend,66600.0,269360.0,40256.0,25400.0,401616.0
1609,68,0,2026-03-09,March,47064.0,185000.0,29600.0,35800.0,297464.0
1610,68,1,2026-03-09,March,47064.0,185000.0,29600.0,35800.0,297464.0
1611,68,2,2026-03-09,March,47064.0,185000.0,29600.0,56800.0,318464.0
1612,68,3,2026-03-09,March,47064.0,185000.0,29600.0,56800.0,318464.0
1613,68,4,2026-03-09,March,47064.0,185000.0,29600.0,55900.0,317564.0
1614,68,5,2026-03-09,March,57128.0,198320.0,40256.0,55300.0,351004.0
1615,68,6,2026-03-09,March,66008.0,242720.0,40256.0,60560.0,409544.0
1616,68,7,2026-03-09,March,63344.0,279720.0,40256.0,64360.0,447680.0
1617,68,8,2026-03-09,March,55944.0,279720.0,29600.0,64360.0,429624.0
1618,68,9,2026-03-09,March,55944.0,279720.0,29600.0,64360.0,429624.0
1619,68,10,2026-03-09,March,55944.0,279720.0,40256.0,64360.0,440280.0
1620,68,11,2026-03-09,March,55944.0,279720.0,40256.0,60551.0,436471.0
1621,68,12,2026-03-09,March,47064.0,235320.0,40256.0,53860.0,376500.0
1622,68,13,2026-03-09,March,47064.0,235320.0,40256.0,53860.0,376500.0
1623,68,14,2026-03-09,March,49728.0,248640.0,40256.0,50930.0,389554.0
1624,68,15,2026-03-09,March,52392.0,248640.0,40256.0,40151.0,381439.0
1625,68,16,2026-03-09,March,74000.0,293040.0,40256.0,38700.0,445996.0
1626,68,17,2026-03-09,March,74000.0,306360.0,50912.0,37200.0,468472.0
1627,68,18,2026-03-09,March,74000.0,306360.0,50912.0,37500.0,468772.0
1628,68,19,2026-03-09,March,74000.0,269360.0,40256.0,27200.0,410816.0
1629,68,20,2026-03-09,March,74000.0,269360.0,40256.0,27200.0,410816.0
1630,68,21,2026-03-09,March,61272.0,256040.0,40256.0,26200.0,383768.0
1631,68,22,2026-03-09,March,52392.0,211640.0,29600.0,26200.0,319832.0
1632,68,23,2026-03-09,March,49728.0,185000.0,29600.0,26200.0,290528.0
1633,69,0,2026-03-10,March,47064.0,185000.0,29600.0,35800.0,297464.0
1634,69,1,2026-03-10,March,47064.0,185000.0,29600.0,35800.0,297464.0
1635,69,2,2026-03-10,March,47064.0,185000.0,29600.0,56800.0,318464.0
1636,69,3,2026-03-10,March,47064.0,185000.0,29600.0,56800.0,318464.0
1637,69,4,2026-03-10,March,47064.0,185000.0,29600.0,55900.0,317564.0
1638,69,5,2026-03-10,March,57128.0,198320.0,40256.0,55300.0,351004.0
1639,69,6,2026-03-10,March,66008.0,242720.0,40256.0,60560.0,409544.0
1640,69,7,2026-03-10,March,63344.0,279720.0,40256.0,64360.0,447680.0
1641,69,8,2026-03-10,March,55944.0,279720.0,29600.0,64360.0,429624.0
1642,69,9,2026-03-10,March,55944.0,279720.0,29600.0,64360.0,429624.0
1643,69,10,2026-03-10,March,55944.0,279720.0,40256.0,64360.0,440280.0
1644,69,11,2026-03-10,March,55944.0,279720.0,40256.0,60551.0,436471.0
1645,69,12,2026-03-10,March,47064.0,235320.0,40256.0,53860.0,376500.0
1646,69,13,2026-03-10,March,47064.0,235320.0,40256.0,53860.0,376500.0
1647,69,14,2026-03-10,March,49728.0,248640.0,40256.0,50930.0,389554.0
1648,69,15,2026-03-10,March,52392.0,248640.0,40256.0,40151.0,381439.0
1649,69,16,2026-03-10,March,74000.0,293040.0,40256.0,38700.0,445996.0
1650,69,17,2026-03-10,March,74000.0,306360.0,50912.0,37200.0,468472.0
1651,69,18,2026-03-10,March,74000.0,306360.0,50912.0,37500.0,468772.0
1652,69,19,2026-03-10,March,74000.0,269360.0,40256.0,27200.0,410816.0
1653,69,20,2026-03-10,March,74000.0,269360.0,40256.0,27200.0,410816.0
1654,69,21,2026-03-10,March,61272.0,256040.0,40256.0,26200.0,383768.0
1655,69,22,2026-03-10,March,52392.0,211640.0,29600.0,26200.0,319832.0
1656,69,23,2026-03-10,March,49728.0,185000.0,29600.0,26200.0,290528.0
1657,70,0,2026-03-11,March,47064.0,185000.0,29600.0,35800.0,297464.0
1658,70,1,2026-03-11,March,47064.0,185000.0,29600.0,35800.0,297464.0
1659,70,2,2026-03-11,March,47064.0,185000.0,29600.0,56800.0,318464.0
1660,70,3,2026-03-11,March,47064.0,185000.0,29600.0,56800.0,318464.0
1661,70,4,2026-03-11,March,47064.0,185000.0,29600.0,55900.0,317564.0
1662,70,5,2026-03-11,March,57128.0,198320.0,40256.0,55300.0,351004.0
1663,70,6,2026-03-11,March,66008.0,242720.0,40256.0,60560.0,409544.0
1664,70,7,2026-03-11,March,63344.0,279720.0,40256.0,64360.0,447680.0
1665,70,8,2026-03-11,March,55944.0,279720.0,29600.0,64360.0,429624.0
1666,70,9,2026-03-11,March,55944.0,279720.0,29600.0,64360.0,429624.0
1667,70,10,2026-03-11,March,55944.0,279720.0,40256.0,64360.0,440280.0
1668,70,11,2026-03-11,March,55944.0,279720.0,40256.0,60551.0,436471.0
1669,70,12,2026-03-11,March,47064.0,235320.0,40256.0,53860.0,376500.0
1670,70,13,2026-03-11,March,47064.0,235320.0,40256.0,53860.0,376500.0
1671,70,14,2026-03-11,March,49728.0,248640.0,40256.0,50930.0,389554.0
1672,70,15,2026-03-11,March,52392.0,248640.0,40256.0,40151.0,381439.0
1673,70,16,2026-03-11,March,74000.0,293040.0,40256.0,38700.0,445996.0
1674,70,17,2026-03-11,March,74000.0,306360.0,50912.0,37200.0,468472.0
1675,70,18,2026-03-11,March,74000.0,306360.0,50912.0,37500.0,468772.0
1676,70,19,2026-03-11,March,74000.0,269360.0,40256.0,27200.0,410816.0
1677,70,20,2026-03-11,March,74000.0,269360.0,40256.0,27200.0,410816.0
1678,70,21,2026-03-11,March,61272.0,256040.0,40256.0,26200.0,383768.0
1679,70,22,2026-03-11,March,52392.0,211640.0,29600.0,26200.0,319832.0
1680,70,23,2026-03-11,March,49728.0,185000.0,29600.0,26200.0,290528.0
1681,71,0,2026-03-12,March,47064.0,185000.0,29600.0,35800.0,297464.0
1682,71,1,2026-03-12,March,47064.0,185000.0,29600.0,35800.0,297464.0
1683,71,2,2026-03-12,March,47064.0,185000.0,29600.0,56800.0,318464.0
1684,71,3,2026-03-12,March,47064.0,185000.0,29600.0,56800.0,318464.0
1685,71,4,2026-03-12,March,47064.0,185000.0,29600.0,55900.0,317564.0
1686,71,5,2026-03-12,March,57128.0,198320.0,40256.0,55300.0,351004.0
1687,71,6,2026-03-12,March,66008.0,242720.0,40256.0,60560.0,409544.0
1688,71,7,2026-03-12,March,63344.0,279720.0,40256.0,64360.0,447680.0
1689,71,8,2026-03-12,March,55944.0,279720.0,29600.0,64360.0,429624.0
1690,71,9,2026-03-12,March,55944.0,279720.0,29600.0,64360.0,429624.0
1691,71,10,2026-03-12,March,55944.0,279720.0,40256.0,64360.0,440280.0
1692,71,11,2026-03-12,March,55944.0,279720.0,40256.0,60551.0,436471.0
1693,71,12,2026-03-12,March,47064.0,235320.0,40256.0,53860.0,376500.0
1694,71,13,2026-03-12,March,47064.0,235320.0,40256.0,53860.0,376500.0
1695,71,14,2026-03-12,March,49728.0,248640.0,40256.0,50930.0,389554.0
1696,71,15,2026-03-12,March,52392.0,248640.0,40256.0,40151.0,381439.0
1697,71,16,2026-03-12,March,74000.0,293040.0,40256.0,38700.0,445996.0
1698,71,17,2026-03-12,March,74000.0,306360.0,50912.0,37200.0,468472.0
1699,71,18,2026-03-12,March,74000.0,306360.0,50912.0,37500.0,468772.0
1700,71,19,2026-03-12,March,74000.0,269360.0,40256.0,27200.0,410816.0
1701,71,20,2026-03-12,March,74000.0,269360.0,40256.0,27200.0,410816.0
1702,71,21,2026-03-12,March,61272.0,256040.0,40256.0,26200.0,383768.0
1703,71,22,2026-03-12,March,52392.0,211640.0,29600.0,26200.0,319832.0
1704,71,23,2026-03-12,March,49728.0,185000.0,29600.0,26200.0,290528.0
1705,72,0,2026-03-13,March,47064.0,185000.0,29600.0,35800.0,297464.0
1706,72,1,2026-03-13,March,47064.0,185000.0,29600.0,35800.0,297464.0
1707,72,2,2026-03-13,March,47064.0,185000.0,29600.0,56800.0,318464.0
1708,72,3,2026-03-13,March,47064.0,185000.0,29600.0,56800.0,318464.0
1709,72,4,2026-03-13,March,47064.0,185000.0,29600.0,55900.0,317564.0
1710,72,5,2026-03-13,March,57128.0,198320.0,40256.0,55300.0,351004.0
1711,72,6,2026-03-13,March,66008.0,242720.0,40256.0,60560.0,409544.0
1712,72,7,2026-03-13,March,63344.0,279720.0,40256.0,64360.0,447680.0
1713,72,8,2026-03-13,March,55944.0,279720.0,29600.0,64360.0,429624.0
1714,72,9,2026-03-13,March,55944.0,279720.0,29600.0,64360.0,429624.0
1715,72,10,2026-03-13,March,55944.0,279720.0,40256.0,64360.0,440280.0
1716,72,11,2026-03-13,March,55944.0,279720.0,40256.0,60551.0,436471.0
1717,72,12,2026-03-13,March,47064.0,235320.0,40256.0,53860.0,376500.0
1718,72,13,2026-03-13,March,47064.0,235320.0,40256.0,53860.0,376500.0
1719,72,14,2026-03-13,March,49728.0,248640.0,40256.0,50930.0,389554.0
1720,72,15,2026-03-13,March,52392.0,248640.0,40256.0,40151.0,381439.0
1721,72,16,2026-03-13,March,74000.0,293040.0,40256.0,38700.0,445996.0
1722,72,17,2026-03-13,March,74000.0,306360.0,50912.0,37200.0,468472.0
1723,72,18,2026-03-13,March,74000.0,306360.0,50912.0,37500.0,468772.0
1724,72,19,2026-03-13,March,74000.0,269360.0,40256.0,27200.0,410816.0
1725,72,20,2026-03-13,March,74000.0,269360.0,40256.0,27200.0,410816.0
1726,72,21,2026-03-13,March,61272.0,256040.0,40256.0,26200.0,383768.0
1727,72,22,2026-03-13,March,52392.0,211640.0,29600.0,26200.0,319832.0
1728,72,23,2026-03-13,March,49728.0,185000.0,29600.0,26200.0,290528.0
1729,73,0,2026-03-14,Winter_Weekend,61272.0,256040.0,40256.0,46400.0,403968.0
1730,73,1,2026-03-14,Winter_Weekend,61272.0,211640.0,40256.0,46400.0,359568.0
1731,73,2,2026-03-14,Winter_Weekend,58608.0,198320.0,29600.0,56900.0,343428.0
1732,73,3,2026-03-14,Winter_Weekend,47064.0,198320.0,29600.0,56900.0,331884.0
1733,73,4,2026-03-14,Winter_Weekend,47064.0,198320.0,29600.0,56000.0,330984.0
1734,73,5,2026-03-14,Winter_Weekend,54464.0,198320.0,29600.0,55400.0,337784.0
1735,73,6,2026-03-14,Winter_Weekend,63344.0,198320.0,40256.0,54700.0,356620.0
1736,73,7,2026-03-14,Winter_Weekend,66008.0,248640.0,40256.0,58500.0,413404.0
1737,73,8,2026-03-14,Winter_Weekend,58608.0,293040.0,40256.0,58500.0,450404.0
1738,73,9,2026-03-14,Winter_Weekend,61272.0,293040.0,40256.0,58500.0,453068.0
1739,73,10,2026-03-14,Winter_Weekend,115736.0,293040.0,40256.0,58500.0,507532.0
1740,73,11,2026-03-14,Winter_Weekend,63936.0,293040.0,40256.0,58500.0,455732.0
1741,73,12,2026-03-14,Winter_Weekend,61272.0,293040.0,40256.0,48000.0,442568.0
1742,73,13,2026-03-14,Winter_Weekend,179672.0,885040.0,40256.0,48000.0,1152968.0
1743,73,14,2026-03-14,Winter_Weekend,182336.0,306360.0,40256.0,48000.0,576952.0
1744,73,15,2026-03-14,Winter_Weekend,66600.0,306360.0,40256.0,48420.0,461636.0
1745,73,16,2026-03-14,Winter_Weekend,74000.0,306360.0,40256.0,48900.0,469516.0
1746,73,17,2026-03-14,Winter_Weekend,74000.0,306360.0,50912.0,47500.0,478772.0
1747,73,18,2026-03-14,Winter_Weekend,74000.0,306360.0,50912.0,47500.0,478772.0
1748,73,19,2026-03-14,Winter_Weekend,74000.0,269360.0,40256.0,36600.0,420216.0
1749,73,20,2026-03-14,Winter_Weekend,74000.0,269360.0,40256.0,36900.0,420516.0
1750,73,21,2026-03-14,Winter_Weekend,66600.0,269360.0,40256.0,25400.0,401616.0
1751,73,22,2026-03-14,Winter_Weekend,66600.0,269360.0,40256.0,25400.0,401616.0
1752,73,23,2026-03-14,Winter_Weekend,66600.0,269360.0,40256.0,25400.0,401616.0
1753,74,0,2026-03-15,Winter_Weekend,61272.0,256040.0,40256.0,46400.0,403968.0
1754,74,1,2026-03-15,Winter_Weekend,61272.0,211640.0,40256.0,46400.0,359568.0
1755,74,2,2026-03-15,Winter_Weekend,58608.0,198320.0,29600.0,56900.0,343428.0
1756,74,3,2026-03-15,Winter_Weekend,47064.0,198320.0,29600.0,56900.0,331884.0
1757,74,4,2026-03-15,Winter_Weekend,47064.0,198320.0,29600.0,56000.0,330984.0
1758,74,5,2026-03-15,Winter_Weekend,54464.0,198320.0,29600.0,55400.0,337784.0
1759,74,6,2026-03-15,Winter_Weekend,63344.0,198320.0,40256.0,54700.0,356620.0
1760,74,7,2026-03-15,Winter_Weekend,66008.0,248640.0,40256.0,58500.0,413404.0
1761,74,8,2026-03-15,Winter_Weekend,58608.0,293040.0,40256.0,58500.0,450404.0
1762,74,9,2026-03-15,Winter_Weekend,61272.0,293040.0,40256.0,58500.0,453068.0
1763,74,10,2026-03-15,Winter_Weekend,115736.0,293040.0,40256.0,58500.0,507532.0
1764,74,11,2026-03-15,Winter_Weekend,63936.0,293040.0,40256.0,58500.0,455732.0
1765,74,12,2026-03-15,Winter_Weekend,61272.0,293040.0,40256.0,48000.0,442568.0
1766,74,13,2026-03-15,Winter_Weekend,179672.0,885040.0,40256.0,48000.0,1152968.0
1767,74,14,2026-03-15,Winter_Weekend,182336.0,306360.0,40256.0,48000.0,576952.0
1768,74,15,2026-03-15,Winter_Weekend,66600.0,306360.0,40256.0,48420.0,461636.0
1769,74,16,2026-03-15,Winter_Weekend,74000.0,306360.0,40256.0,48900.0,469516.0
1770,74,17,2026-03-15,Winter_Weekend,74000.0,306360.0,50912.0,47500.0,478772.0
1771,74,18,2026-03-15,Winter_Weekend,74000.0,306360.0,50912.0,47500.0,478772.0
1772,74,19,2026-03-15,Winter_Weekend,74000.0,269360.0,40256.0,36600.0,420216.0
1773,74,20,2026-03-15,Winter_Weekend,74000.0,269360.0,40256.0,36900.0,420516.0
1774,74,21,2026-03-15,Winter_Weekend,66600.0,269360.0,40256.0,25400.0,401616.0
1775,74,22,2026-03-15,Winter_Weekend,66600.0,269360.0,40256.0,25400.0,401616.0
1776,74,23,2026-03-15,Winter_Weekend,66600.0,269360.0,40256.0,25400.0,401616.0
1777,75,0,2026-03-16,March,47064.0,185000.0,29600.0,35800.0,297464.0
1778,75,1,2026-03-16,March,47064.0,185000.0,29600.0,35800.0,297464.0
1779,75,2,2026-03-16,March,47064.0,185000.0,29600.0,56800.0,318464.0
1780,75,3,2026-03-16,March,47064.0,185000.0,29600.0,56800.0,318464.0
1781,75,4,2026-03-16,March,47064.0,185000.0,29600.0,55900.0,317564.0
1782,75,5,2026-03-16,March,57128.0,198320.0,40256.0,55300.0,351004.0
1783,75,6,2026-03-16,March,66008.0,242720.0,40256.0,60560.0,409544.0
1784,75,7,2026-03-16,March,63344.0,279720.0,40256.0,64360.0,447680.0
1785,75,8,2026-03-16,March,55944.0,279720.0,29600.0,64360.0,429624.0
1786,75,9,2026-03-16,March,55944.0,279720.0,29600.0,64360.0,429624.0
1787,75,10,2026-03-16,March,55944.0,279720.0,40256.0,64360.0,440280.0
1788,75,11,2026-03-16,March,55944.0,279720.0,40256.0,60551.0,436471.0
1789,75,12,2026-03-16,March,47064.0,235320.0,40256.0,53860.0,376500.0
1790,75,13,2026-03-16,March,47064.0,235320.0,40256.0,53860.0,376500.0
1791,75,14,2026-03-16,March,49728.0,248640.0,40256.0,50930.0,389554.0
1792,75,15,2026-03-16,March,52392.0,248640.0,40256.0,40151.0,381439.0
1793,75,16,2026-03-16,March,74000.0,293040.0,40256.0,38700.0,445996.0
1794,75,17,2026-03-16,March,74000.0,306360.0,50912.0,37200.0,468472.0
1795,75,18,2026-03-16,March,74000.0,306360.0,50912.0,37500.0,468772.0
1796,75,19,2026-03-16,March,74000.0,269360.0,40256.0,27200.0,410816.0
1797,75,20,2026-03-16,March,74000.0,269360.0,40256.0,27200.0,410816.0
1798,75,21,2026-03-16,March,61272.0,256040.0,40256.0,26200.0,383768.0
1799,75,22,2026-03-16,March,52392.0,211640.0,29600.0,26200.0,319832.0
1800,75,23,2026-03-16,March,49728.0,185000.0,29600.0,26200.0,290528.0
1801,76,0,2026-03-17,March,47064.0,185000.0,29600.0,35800.0,297464.0
1802,76,1,2026-03-17,March,47064.0,185000.0,29600.0,35800.0,297464.0
1803,76,2,2026-03-17,March,47064.0,185000.0,29600.0,56800.0,318464.0
1804,76,3,2026-03-17,March,47064.0,185000.0,29600.0,56800.0,318464.0
1805,76,4,2026-03-17,March,47064.0,185000.0,29600.0,55900.0,317564.0
1806,76,5,2026-03-17,March,57128.0,198320.0,40256.0,55300.0,351004.0
1807,76,6,2026-03-17,March,66008.0,242720.0,40256.0,60560.0,409544.0
1808,76,7,2026-03-17,March,63344.0,279720.0,40256.0,64360.0,447680.0
1809,76,8,2026-03-17,March,55944.0,279720.0,29600.0,64360.0,429624.0
1810,76,9,2026-03-17,March,55944.0,279720.0,29600.0,64360.0,429624.0
1811,76,10,2026-03-17,March,55944.0,279720.0,40256.0,64360.0,440280.0
1812,76,11,2026-03-17,March,55944.0,279720.0,40256.0,60551.0,436471.0
1813,76,12,2026-03-17,March,47064.0,235320.0,40256.0,53860.0,376500.0
1814,76,13,2026-03-17,March,47064.0,235320.0,40256.0,53860.0,376500.0
1815,76,14,2026-03-17,March,49728.0,248640.0,40256.0,50930.0,389554.0
1816,76,15,2026-03-17,March,52392.0,248640.0,40256.0,40151.0,381439.0
1817,76,16,2026-03-17,March,74000.0,293040.0,40256.0,38700.0,445996.0
1818,76,17,2026-03-17,March,74000.0,306360.0,50912.0,37200.0,468472.0
1819,76,18,2026-03-17,March,74000.0,306360.0,50912.0,37500.0,468772.0
1820,76,19,2026-03-17,March,74000.0,269360.0,40256.0,27200.0,410816.0
1821,76,20,2026-03-17,March,74000.0,269360.0,40256.0,27200.0,410816.0
1822,76,21,2026-03-17,March,61272.0,256040.0,40256.0,26200.0,383768.0
1823,76,22,2026-03-17,March,52392.0,211640.0,29600.0,26200.0,319832.0
1824,76,23,2026-03-17,March,49728.0,185000.0,29600.0,26200.0,290528.0
1825,77,0,2026-03-18,March,47064.0,185000.0,29600.0,35800.0,297464.0
1826,77,1,2026-03-18,March,47064.0,185000.0,29600.0,35800.0,297464.0
1827,77,2,2026-03-18,March,47064.0,185000.0,29600.0,56800.0,318464.0
1828,77,3,2026-03-18,March,47064.0,185000.0,29600.0,56800.0,318464.0
1829,77,4,2026-03-18,March,47064.0,185000.0,29600.0,55900.0,317564.0
1830,77,5,2026-03-18,March,57128.0,198320.0,40256.0,55300.0,351004.0
1831,77,6,2026-03-18,March,66008.0,242720.0,40256.0,60560.0,409544.0
1832,77,7,2026-03-18,March,63344.0,279720.0,40256.0,64360.0,447680.0
1833,77,8,2026-03-18,March,55944.0,279720.0,29600.0,64360.0,429624.0
1834,77,9,2026-03-18,March,55944.0,279720.0,29600.0,64360.0,429624.0
1835,77,10,2026-03-18,March,55944.0,279720.0,40256.0,64360.0,440280.0
1836,77,11,2026-03-18,March,55944.0,279720.0,40256.0,60551.0,436471.0
1837,77,12,2026-03-18,March,47064.0,235320.0,40256.0,53860.0,376500.0
1838,77,13,2026-03-18,March,47064.0,235320.0,40256.0,53860.0,376500.0
1839,77,14,2026-03-18,March,49728.0,248640.0,40256.0,50930.0,389554.0
1840,77,15,2026-03-18,March,52392.0,248640.0,40256.0,40151.0,381439.0
1841,77,16,2026-03-18,March,74000.0,293040.0,40256.0,38700.0,445996.0
1842,77,17,2026-03-18,March,74000.0,306360.0,50912.0,37200.0,468472.0
1843,77,18,2026-03-18,March,74000.0,306360.0,50912.0,37500.0,468772.0
1844,77,19,2026-03-18,March,74000.0,269360.0,40256.0,27200.0,410816.0
1845,77,20,2026-03-18,March,74000.0,269360.0,40256.0,27200.0,410816.0
1846,77,21,2026-03-18,March,61272.0,256040.0,40256.0,26200.0,383768.0
1847,77,22,2026-03-18,March,52392.0,211640.0,29600.0,26200.0,319832.0
1848,77,23,2026-03-18,March,49728.0,185000.0,29600.0,26200.0,290528.0
1849,78,0,2026-03-19,March,47064.0,185000.0,29600.0,35800.0,297464.0
1850,78,1,2026-03-19,March,47064.0,185000.0,29600.0,35800.0,297464.0
1851,78,2,2026-03-19,March,47064.0,185000.0,29600.0,56800.0,318464.0
1852,78,3,2026-03-19,March,47064.0,185000.0,29600.0,56800.0,318464.0
1853,78,4,2026-03-19,March,47064.0,185000.0,29600.0,55900.0,317564.0
1854,78,5,2026-03-19,March,57128.0,198320.0,40256.0,55300.0,351004.0
1855,78,6,2026-03-19,March,66008.0,242720.0,40256.0,60560.0,409544.0
1856,78,7,2026-03-19,March,63344.0,279720.0,40256.0,64360.0,447680.0
1857,78,8,2026-03-19,March,55944.0,279720.0,29600.0,64360.0,429624.0
1858,78,9,2026-03-19,March,55944.0,279720.0,29600.0,64360.0,429624.0
1859,78,10,2026-03-19,March,55944.0,279720.0,40256.0,64360.0,440280.0
1860,78,11,2026-03-19,March,55944.0,279720.0,40256.0,60551.0,436471.0
1861,78,12,2026-03-19,March,47064.0,235320.0,40256.0,53860.0,376500.0
1862,78,13,2026-03-19,March,47064.0,235320.0,40256.0,53860.0,376500.0
1863,78,14,2026-03-19,March,49728.0,248640.0,40256.0,50930.0,389554.0
1864,78,15,2026-03-19,March,52392.0,248640.0,40256.0,40151.0,381439.0
1865,78,16,2026-03-19,March,74000.0,293040.0,40256.0,38700.0,445996.0
1866,78,17,2026-03-19,March,74000.0,306360.0,50912.0,37200.0,468472.0
1867,78,18,2026-03-19,March,74000.0,306360.0,50912.0,37500.0,468772.0
1868,78,19,2026-03-19,March,74000.0,269360.0,40256.0,27200.0,410816.0
1869,78,20,2026-03-19,March,74000.0,269360.0,40256.0,27200.0,410816.0
1870,78,21,2026-03-19,March,61272.0,256040.0,40256.0,26200.0,383768.0
1871,78,22,2026-03-19,March,52392.0,211640.0,29600.0,26200.0,319832.0
1872,78,23,2026-03-19,March,49728.0,185000.0,29600.0,26200.0,290528.0
1873,79,0,2026-03-20,March,47064.0,185000.0,29600.0,35800.0,297464.0
1874,79,1,2026-03-20,March,47064.0,185000.0,29600.0,35800.0,297464.0
1875,79,2,2026-03-20,March,47064.0,185000.0,29600.0,56800.0,318464.0
1876,79,3,2026-03-20,March,47064.0,185000.0,29600.0,56800.0,318464.0
1877,79,4,2026-03-20,March,47064.0,185000.0,29600.0,55900.0,317564.0
1878,79,5,2026-03-20,March,57128.0,198320.0,40256.0,55300.0,351004.0
1879,79,6,2026-03-20,March,66008.0,242720.0,40256.0,60560.0,409544.0
1880,79,7,2026-03-20,March,63344.0,279720.0,40256.0,64360.0,447680.0
1881,79,8,2026-03-20,March,55944.0,279720.0,29600.0,64360.0,429624.0
1882,79,9,2026-03-20,March,55944.0,279720.0,29600.0,64360.0,429624.0
1883,79,10,2026-03-20,March,55944.0,279720.0,40256.0,64360.0,440280.0
1884,79,11,2026-03-20,March,55944.0,279720.0,40256.0,60551.0,436471.0
1885,79,12,2026-03-20,March,47064.0,235320.0,40256.0,53860.0,376500.0
1886,79,13,2026-03-20,March,47064.0,235320.0,40256.0,53860.0,376500.0
1887,79,14,2026-03-20,March,49728.0,248640.0,40256.0,50930.0,389554.0
1888,79,15,2026-03-20,March,52392.0,248640.0,40256.0,40151.0,381439.0
1889,79,16,2026-03-20,March,74000.0,293040.0,40256.0,38700.0,445996.0
1890,79,17,2026-03-20,March,74000.0,306360.0,50912.0,37200.0,468472.0
1891,79,18,2026-03-20,March,74000.0,306360.0,50912.0,37500.0,468772.0
1892,79,19,2026-03-20,March,74000.0,269360.0,40256.0,27200.0,410816.0
1893,79,20,2026-03-20,March,74000.0,269360.0,40256.0,27200.0,410816.0
1894,79,21,2026-03-20,March,61272.0,256040.0,40256.0,26200.0,383768.0
1895,79,22,2026-03-20,March,52392.0,211640.0,29600.0,26200.0,319832.0
1896,79,23,2026-03-20,March,49728.0,185000.0,29600.0,26200.0,290528.0
1897,80,0,2026-03-21,Festival_Holiday,74000.0,293040.0,29600.0,16400.0,413040.0
1898,80,1,2026-03-21,Festival_Holiday,74000.0,293040.0,29600.0,16400.0,413040.0
1899,80,2,2026-03-21,Festival_Holiday,55056.0,235320.0,29600.0,16000.0,335976.0
1900,80,3,2026-03-21,Festival_Holiday,52392.0,235320.0,29600.0,15100.0,332412.0
1901,80,4,2026-03-21,Festival_Holiday,52392.0,235320.0,29600.0,12100.0,329412.0
1902,80,5,2026-03-21,Festival_Holiday,170792.0,853960.0,40256.0,14600.0,1079608.0
1903,80,6,2026-03-21,Festival_Holiday,71336.0,293040.0,29600.0,14300.0,408276.0
1904,80,7,2026-03-21,Festival_Holiday,71336.0,293040.0,29600.0,15500.0,409476.0
1905,80,8,2026-03-21,Festival_Holiday,71336.0,293040.0,29600.0,15500.0,409476.0
1906,80,9,2026-03-21,Festival_Holiday,71336.0,293040.0,29600.0,15500.0,409476.0
1907,80,10,2026-03-21,Festival_Holiday,123136.0,293040.0,40256.0,15500.0,471932.0
1908,80,11,2026-03-21,Festival_Holiday,71336.0,293040.0,40256.0,15500.0,420132.0
1909,80,12,2026-03-21,Festival_Holiday,71336.0,293040.0,40256.0,15500.0,420132.0
1910,80,13,2026-03-21,Festival_Holiday,71336.0,293040.0,40256.0,15500.0,420132.0
1911,80,14,2026-03-21,Festival_Holiday,71336.0,306360.0,40256.0,15500.0,433452.0
1912,80,15,2026-03-21,Festival_Holiday,74000.0,306360.0,40256.0,15500.0,436116.0
1913,80,16,2026-03-21,Festival_Holiday,74000.0,306360.0,40256.0,15800.0,436416.0
1914,80,17,2026-03-21,Festival_Holiday,192400.0,898360.0,50912.0,17000.0,1158672.0
1915,80,18,2026-03-21,Festival_Holiday,74000.0,306360.0,50912.0,17600.0,448872.0
1916,80,19,2026-03-21,Festival_Holiday,74000.0,306360.0,40256.0,17900.0,438516.0
1917,80,20,2026-03-21,Festival_Holiday,74000.0,306360.0,40256.0,18500.0,439116.0
1918,80,21,2026-03-21,Festival_Holiday,74000.0,306360.0,40256.0,18100.0,438716.0
1919,80,22,2026-03-21,Festival_Holiday,74000.0,306360.0,29600.0,18100.0,428060.0
1920,80,23,2026-03-21,Festival_Holiday,74000.0,306360.0,29600.0,18100.0,428060.0
1921,81,0,2026-03-22,Festival_Holiday,74000.0,293040.0,29600.0,16400.0,413040.0
1922,81,1,2026-03-22,Festival_Holiday,74000.0,293040.0,29600.0,16400.0,413040.0
1923,81,2,2026-03-22,Festival_Holiday,55056.0,235320.0,29600.0,16000.0,335976.0
1924,81,3,2026-03-22,Festival_Holiday,52392.0,235320.0,29600.0,15100.0,332412.0
1925,81,4,2026-03-22,Festival_Holiday,52392.0,235320.0,29600.0,12100.0,329412.0
1926,81,5,2026-03-22,Festival_Holiday,170792.0,853960.0,40256.0,14600.0,1079608.0
1927,81,6,2026-03-22,Festival_Holiday,71336.0,293040.0,29600.0,14300.0,408276.0
1928,81,7,2026-03-22,Festival_Holiday,71336.0,293040.0,29600.0,15500.0,409476.0
1929,81,8,2026-03-22,Festival_Holiday,71336.0,293040.0,29600.0,15500.0,409476.0
1930,81,9,2026-03-22,Festival_Holiday,71336.0,293040.0,29600.0,15500.0,409476.0
1931,81,10,2026-03-22,Festival_Holiday,123136.0,293040.0,40256.0,15500.0,471932.0
1932,81,11,2026-03-22,Festival_Holiday,71336.0,293040.0,40256.0,15500.0,420132.0
1933,81,12,2026-03-22,Festival_Holiday,71336.0,293040.0,40256.0,15500.0,420132.0
1934,81,13,2026-03-22,Festival_Holiday,71336.0,293040.0,40256.0,15500.0,420132.0
1935,81,14,2026-03-22,Festival_Holiday,71336.0,306360.0,40256.0,15500.0,433452.0
1936,81,15,2026-03-22,Festival_Holiday,74000.0,306360.0,40256.0,15500.0,436116.0
1937,81,16,2026-03-22,Festival_Holiday,74000.0,306360.0,40256.0,15800.0,436416.0
1938,81,17,2026-03-22,Festival_Holiday,192400.0,898360.0,50912.0,17000.0,1158672.0
1939,81,18,2026-03-22,Festival_Holiday,74000.0,306360.0,50912.0,17600.0,448872.0
1940,81,19,2026-03-22,Festival_Holiday,74000.0,306360.0,40256.0,17900.0,438516.0
1941,81,20,2026-03-22,Festival_Holiday,74000.0,306360.0,40256.0,18500.0,439116.0
1942,81,21,2026-03-22,Festival_Holiday,74000.0,306360.0,40256.0,18100.0,438716.0
1943,81,22,2026-03-22,Festival_Holiday,74000.0,306360.0,29600.0,18100.0,428060.0
1944,81,23,2026-03-22,Festival_Holiday,74000.0,306360.0,29600.0,18100.0,428060.0
1945,82,0,2026-03-23,Festival_Holiday,74000.0,293040.0,29600.0,16400.0,413040.0
1946,82,1,2026-03-23,Festival_Holiday,74000.0,293040.0,29600.0,16400.0,413040.0
1947,82,2,2026-03-23,Festival_Holiday,55056.0,235320.0,29600.0,16000.0,335976.0
1948,82,3,2026-03-23,Festival_Holiday,52392.0,235320.0,29600.0,15100.0,332412.0
1949,82,4,2026-03-23,Festival_Holiday,52392.0,235320.0,29600.0,12100.0,329412.0
1950,82,5,2026-03-23,Festival_Holiday,170792.0,853960.0,40256.0,14600.0,1079608.0
1951,82,6,2026-03-23,Festival_Holiday,71336.0,293040.0,29600.0,14300.0,408276.0
1952,82,7,2026-03-23,Festival_Holiday,71336.0,293040.0,29600.0,15500.0,409476.0
1953,82,8,2026-03-23,Festival_Holiday,71336.0,293040.0,29600.0,15500.0,409476.0
1954,82,9,2026-03-23,Festival_Holiday,71336.0,293040.0,29600.0,15500.0,409476.0
1955,82,10,2026-03-23,Festival_Holiday,123136.0,293040.0,40256.0,15500.0,471932.0
1956,82,11,2026-03-23,Festival_Holiday,71336.0,293040.0,40256.0,15500.0,420132.0
1957,82,12,2026-03-23,Festival_Holiday,71336.0,293040.0,40256.0,15500.0,420132.0
1958,82,13,2026-03-23,Festival_Holiday,71336.0,293040.0,40256.0,15500.0,420132.0
1959,82,14,2026-03-23,Festival_Holiday,71336.0,306360.0,40256.0,15500.0,433452.0
1960,82,15,2026-03-23,Festival_Holiday,74000.0,306360.0,40256.0,15500.0,436116.0
1961,82,16,2026-03-23,Festival_Holiday,74000.0,306360.0,40256.0,15800.0,436416.0
1962,82,17,2026-03-23,Festival_Holiday,192400.0,898360.0,50912.0,17000.0,1158672.0
1963,82,18,2026-03-23,Festival_Holiday,74000.0,306360.0,50912.0,17600.0,448872.0
1964,82,19,2026-03-23,Festival_Holiday,74000.0,306360.0,40256.0,17900.0,438516.0
1965,82,20,2026-03-23,Festival_Holiday,74000.0,306360.0,40256.0,18500.0,439116.0
1966,82,21,2026-03-23,Festival_Holiday,74000.0,306360.0,40256.0,18100.0,438716.0
1967,82,22,2026-03-23,Festival_Holiday,74000.0,306360.0,29600.0,18100.0,428060.0
1968,82,23,2026-03-23,Festival_Holiday,74000.0,306360.0,29600.0,18100.0,428060.0
1969,83,0,2026-03-24,March,47064.0,185000.0,29600.0,35800.0,297464.0
1970,83,1,2026-03-24,March,47064.0,185000.0,29600.0,35800.0,297464.0
1971,83,2,2026-03-24,March,47064.0,185000.0,29600.0,56800.0,318464.0
1972,83,3,2026-03-24,March,47064.0,185000.0,29600.0,56800.0,318464.0
1973,83,4,2026-03-24,March,47064.0,185000.0,29600.0,55900.0,317564.0
1974,83,5,2026-03-24,March,57128.0,198320.0,40256.0,55300.0,351004.0
1975,83,6,2026-03-24,March,66008.0,242720.0,40256.0,60560.0,409544.0
1976,83,7,2026-03-24,March,63344.0,279720.0,40256.0,64360.0,447680.0
1977,83,8,2026-03-24,March,55944.0,279720.0,29600.0,64360.0,429624.0
1978,83,9,2026-03-24,March,55944.0,279720.0,29600.0,64360.0,429624.0
1979,83,10,2026-03-24,March,55944.0,279720.0,40256.0,64360.0,440280.0
1980,83,11,2026-03-24,March,55944.0,279720.0,40256.0,60551.0,436471.0
1981,83,12,2026-03-24,March,47064.0,235320.0,40256.0,53860.0,376500.0
1982,83,13,2026-03-24,March,47064.0,235320.0,40256.0,53860.0,376500.0
1983,83,14,2026-03-24,March,49728.0,248640.0,40256.0,50930.0,389554.0
1984,83,15,2026-03-24,March,52392.0,248640.0,40256.0,40151.0,381439.0
1985,83,16,2026-03-24,March,74000.0,293040.0,40256.0,38700.0,445996.0
1986,83,17,2026-03-24,March,74000.0,306360.0,50912.0,37200.0,468472.0
1987,83,18,2026-03-24,March,74000.0,306360.0,50912.0,37500.0,468772.0
1988,83,19,2026-03-24,March,74000.0,269360.0,40256.0,27200.0,410816.0
1989,83,20,2026-03-24,March,74000.0,269360.0,40256.0,27200.0,410816.0
1990,83,21,2026-03-24,March,61272.0,256040.0,40256.0,26200.0,383768.0
1991,83,22,2026-03-24,March,52392.0,211640.0,29600.0,26200.0,319832.0
1992,83,23,2026-03-24,March,49728.0,185000.0,29600.0,26200.0,290528.0
1993,84,0,2026-03-25,March,47064.0,185000.0,29600.0,35800.0,297464.0
1994,84,1,2026-03-25,March,47064.0,185000.0,29600.0,35800.0,297464.0
1995,84,2,2026-03-25,March,47064.0,185000.0,29600.0,56800.0,318464.0
1996,84,3,2026-03-25,March,47064.0,185000.0,29600.0,56800.0,318464.0
1997,84,4,2026-03-25,March,47064.0,185000.0,29600.0,55900.0,317564.0
1998,84,5,2026-03-25,March,57128.0,198320.0,40256.0,55300.0,351004.0
1999,84,6,2026-03-25,March,66008.0,242720.0,40256.0,60560.0,409544.0
2000,84,7,2026-03-25,March,63344.0,279720.0,40256.0,64360.0,447680.0
2001,84,8,2026-03-25,March,55944.0,279720.0,29600.0,64360.0,429624.0
2002,84,9,2026-03-25,March,55944.0,279720.0,29600.0,64360.0,429624.0
2003,84,10,2026-03-25,March,55944.0,279720.0,40256.0,64360.0,440280.0
2004,84,11,2026-03-25,March,55944.0,279720.0,40256.0,60551.0,436471.0
2005,84,12,2026-03-25,March,47064.0,235320.0,40256.0,53860.0,376500.0
2006,84,13,2026-03-25,March,47064.0,235320.0,40256.0,53860.0,376500.0
2007,84,14,2026-03-25,March,49728.0,248640.0,40256.0,50930.0,389554.0
2008,84,15,2026-03-25,March,52392.0,248640.0,40256.0,40151.0,381439.0
2009,84,16,2026-03-25,March,74000.0,293040.0,40256.0,38700.0,445996.0
2010,84,17,2026-03-25,March,74000.0,306360.0,50912.0,37200.0,468472.0
2011,84,18,2026-03-25,March,74000.0,306360.0,50912.0,37500.0,468772.0
2012,84,19,2026-03-25,March,74000.0,269360.0,40256.0,27200.0,410816.0
2013,84,20,2026-03-25,March,74000.0,269360.0,40256.0,27200.0,410816.0
2014,84,21,2026-03-25,March,61272.0,256040.0,40256.0,26200.0,383768.0
2015,84,22,2026-03-25,March,52392.0,211640.0,29600.0,26200.0,319832.0
2016,84,23,2026-03-25,March,49728.0,185000.0,29600.0,26200.0,290528.0
2017,85,0,2026-03-26,March,47064.0,185000.0,29600.0,35800.0,297464.0
2018,85,1,2026-03-26,March,47064.0,185000.0,29600.0,35800.0,297464.0
2019,85,2,2026-03-26,March,47064.0,185000.0,29600.0,56800.0,318464.0
2020,85,3,2026-03-26,March,47064.0,185000.0,29600.0,56800.0,318464.0
2021,85,4,2026-03-26,March,47064.0,185000.0,29600.0,55900.0,317564.0
2022,85,5,2026-03-26,March,57128.0,198320.0,40256.0,55300.0,351004.0
2023,85,6,2026-03-26,March,66008.0,242720.0,40256.0,60560.0,409544.0
2024,85,7,2026-03-26,March,63344.0,279720.0,40256.0,64360.0,447680.0
2025,85,8,2026-03-26,March,55944.0,279720.0,29600.0,64360.0,429624.0
2026,85,9,2026-03-26,March,55944.0,279720.0,29600.0,64360.0,429624.0
2027,85,10,2026-03-26,March,55944.0,279720.0,40256.0,64360.0,440280.0
2028,85,11,2026-03-26,March,55944.0,279720.0,40256.0,60551.0,436471.0
2029,85,12,2026-03-26,March,47064.0,235320.0,40256.0,53860.0,376500.0
2030,85,13,2026-03-26,March,47064.0,235320.0,40256.0,53860.0,376500.0
2031,85,14,2026-03-26,March,49728.0,248640.0,40256.0,50930.0,389554.0
2032,85,15,2026-03-26,March,52392.0,248640.0,40256.0,40151.0,381439.0
2033,85,16,2026-03-26,March,74000.0,293040.0,40256.0,38700.0,445996.0
2034,85,17,2026-03-26,March,74000.0,306360.0,50912.0,37200.0,468472.0
2035,85,18,2026-03-26,March,74000.0,306360.0,50912.0,37500.0,468772.0
2036,85,19,2026-03-26,March,74000.0,269360.0,40256.0,27200.0,410816.0
2037,85,20,2026-03-26,March,74000.0,269360.0,40256.0,27200.0,410816.0
2038,85,21,2026-03-26,March,61272.0,256040.0,40256.0,26200.0,383768.0
2039,85,22,2026-03-26,March,52392.0,211640.0,29600.0,26200.0,319832.0
2040,85,23,2026-03-26,March,49728.0,185000.0,29600.0,26200.0,290528.0
2041,86,0,2026-03-27,March,47064.0,185000.0,29600.0,35800.0,297464.0
2042,86,1,2026-03-27,March,47064.0,185000.0,29600.0,35800.0,297464.0
2043,86,2,2026-03-27,March,47064.0,185000.0,29600.0,56800.0,318464.0
2044,86,3,2026-03-27,March,47064.0,185000.0,29600.0,56800.0,318464.0
2045,86,4,2026-03-27,March,47064.0,185000.0,29600.0,55900.0,317564.0
2046,86,5,2026-03-27,March,57128.0,198320.0,40256.0,55300.0,351004.0
2047,86,6,2026-03-27,March,66008.0,242720.0,40256.0,60560.0,409544.0
2048,86,7,2026-03-27,March,63344.0,279720.0,40256.0,64360.0,447680.0
2049,86,8,2026-03-27,March,55944.0,279720.0,29600.0,64360.0,429624.0
2050,86,9,2026-03-27,March,55944.0,279720.0,29600.0,64360.0,429624.0
2051,86,10,2026-03-27,March,55944.0,279720.0,40256.0,64360.0,440280.0
2052,86,11,2026-03-27,March,55944.0,279720.0,40256.0,60551.0,436471.0
2053,86,12,2026-03-27,March,47064.0,235320.0,40256.0,53860.0,376500.0
2054,86,13,2026-03-27,March,47064.0,235320.0,40256.0,53860.0,376500.0
2055,86,14,2026-03-27,March,49728.0,248640.0,40256.0,50930.0,389554.0
2056,86,15,2026-03-27,March,52392.0,248640.0,40256.0,40151.0,381439.0
2057,86,16,2026-03-27,March,74000.0,293040.0,40256.0,38700.0,445996.0
2058,86,17,2026-03-27,March,74000.0,306360.0,50912.0,37200.0,468472.0
2059,86,18,2026-03-27,March,74000.0,306360.0,50912.0,37500.0,468772.0
2060,86,19,2026-03-27,March,74000.0,269360.0,40256.0,27200.0,410816.0
2061,86,20,2026-03-27,March,74000.0,269360.0,40256.0,27200.0,410816.0
2062,86,21,2026-03-27,March,61272.0,256040.0,40256.0,26200.0,383768.0
2063,86,22,2026-03-27,March,52392.0,211640.0,29600.0,26200.0,319832.0
2064,86,23,2026-03-27,March,49728.0,185000.0,29600.0,26200.0,290528.0
2065,87,0,2026-03-28,Winter_Weekend,61272.0,256040.0,40256.0,46400.0,403968.0
2066,87,1,2026-03-28,Winter_Weekend,61272.0,211640.0,40256.0,46400.0,359568.0
2067,87,2,2026-03-28,Winter_Weekend,58608.0,198320.0,29600.0,56900.0,343428.0
2068,87,3,2026-03-28,Winter_Weekend,47064.0,198320.0,29600.0,56900.0,331884.0
2069,87,4,2026-03-28,Winter_Weekend,47064.0,198320.0,29600.0,56000.0,330984.0
2070,87,5,2026-03-28,Winter_Weekend,54464.0,198320.0,29600.0,55400.0,337784.0
2071,87,6,2026-03-28,Winter_Weekend,63344.0,198320.0,40256.0,54700.0,356620.0
2072,87,7,2026-03-28,Winter_Weekend,66008.0,248640.0,40256.0,58500.0,413404.0
2073,87,8,2026-03-28,Winter_Weekend,58608.0,293040.0,40256.0,58500.0,450404.0
2074,87,9,2026-03-28,Winter_Weekend,61272.0,293040.0,40256.0,58500.0,453068.0
2075,87,10,2026-03-28,Winter_Weekend,115736.0,293040.0,40256.0,58500.0,507532.0
2076,87,11,2026-03-28,Winter_Weekend,63936.0,293040.0,40256.0,58500.0,455732.0
2077,87,12,2026-03-28,Winter_Weekend,61272.0,293040.0,40256.0,48000.0,442568.0
2078,87,13,2026-03-28,Winter_Weekend,179672.0,885040.0,40256.0,48000.0,1152968.0
2079,87,14,2026-03-28,Winter_Weekend,182336.0,306360.0,40256.0,48000.0,576952.0
2080,87,15,2026-03-28,Winter_Weekend,66600.0,306360.0,40256.0,48420.0,461636.0
2081,87,16,2026-03-28,Winter_Weekend,74000.0,306360.0,40256.0,48900.0,469516.0
2082,87,17,2026-03-28,Winter_Weekend,74000.0,306360.0,50912.0,47500.0,478772.0
2083,87,18,2026-03-28,Winter_Weekend,74000.0,306360.0,50912.0,47500.0,478772.0
2084,87,19,2026-03-28,Winter_Weekend,74000.0,269360.0,40256.0,36600.0,420216.0
2085,87,20,2026-03-28,Winter_Weekend,74000.0,269360.0,40256.0,36900.0,420516.0
2086,87,21,2026-03-28,Winter_Weekend,66600.0,269360.0,40256.0,25400.0,401616.0
2087,87,22,2026-03-28,Winter_Weekend,66600.0,269360.0,40256.0,25400.0,401616.0
2088,87,23,2026-03-28,Winter_Weekend,66600.0,269360.0,40256.0,25400.0,401616.0
2089,88,0,2026-03-29,Winter_Weekend,61272.0,256040.0,40256.0,46400.0,403968.0
2090,88,1,2026-03-29,Winter_Weekend,61272.0,211640.0,40256.0,46400.0,359568.0
2091,88,2,2026-03-29,Winter_Weekend,58608.0,198320.0,29600.0,56900.0,343428.0
2092,88,3,2026-03-29,Winter_Weekend,47064.0,198320.0,29600.0,56900.0,331884.0
2093,88,4,2026-03-29,Winter_Weekend,47064.0,198320.0,29600.0,56000.0,330984.0
2094,88,5,2026-03-29,Winter_Weekend,54464.0,198320.0,29600.0,55400.0,337784.0
2095,88,6,2026-03-29,Winter_Weekend,63344.0,198320.0,40256.0,54700.0,356620.0
2096,88,7,2026-03-29,Winter_Weekend,66008.0,248640.0,40256.0,58500.0,413404.0
2097,88,8,2026-03-29,Winter_Weekend,58608.0,293040.0,40256.0,58500.0,450404.0
2098,88,9,2026-03-29,Winter_Weekend,61272.0,293040.0,40256.0,58500.0,453068.0
2099,88,10,2026-03-29,Winter_Weekend,115736.0,293040.0,40256.0,58500.0,507532.0
2100,88,11,2026-03-29,Winter_Weekend,63936.0,293040.0,40256.0,58500.0,455732.0
2101,88,12,2026-03-29,Winter_Weekend,61272.0,293040.0,40256.0,48000.0,442568.0
2102,88,13,2026-03-29,Winter_Weekend,179672.0,885040.0,40256.0,48000.0,1152968.0
2103,88,14,2026-03-29,Winter_Weekend,182336.0,306360.0,40256.0,48000.0,576952.0
2104,88,15,2026-03-29,Winter_Weekend,66600.0,306360.0,40256.0,48420.0,461636.0
2105,88,16,2026-03-29,Winter_Weekend,74000.0,306360.0,40256.0,48900.0,469516.0
2106,88,17,2026-03-29,Winter_Weekend,74000.0,306360.0,50912.0,47500.0,478772.0
2107,88,18,2026-03-29,Winter_Weekend,74000.0,306360.0,50912.0,47500.0,478772.0
2108,88,19,2026-03-29,Winter_Weekend,74000.0,269360.0,40256.0,36600.0,420216.0
2109,88,20,2026-03-29,Winter_Weekend,74000.0,269360.0,40256.0,36900.0,420516.0
2110,88,21,2026-03-29,Winter_Weekend,66600.0,269360.0,40256.0,25400.0,401616.0
2111,88,22,2026-03-29,Winter_Weekend,66600.0,269360.0,40256.0,25400.0,401616.0
2112,88,23,2026-03-29,Winter_Weekend,66600.0,269360.0,40256.0,25400.0,401616.0
2113,89,0,2026-03-30,March,47064.0,185000.0,29600.0,35800.0,297464.0
2114,89,1,2026-03-30,March,47064.0,185000.0,29600.0,35800.0,297464.0
2115,89,2,2026-03-30,March,47064.0,185000.0,29600.0,56800.0,318464.0
2116,89,3,2026-03-30,March,47064.0,185000.0,29600.0,56800.0,318464.0
2117,89,4,2026-03-30,March,47064.0,185000.0,29600.0,55900.0,317564.0
2118,89,5,2026-03-30,March,57128.0,198320.0,40256.0,55300.0,351004.0
2119,89,6,2026-03-30,March,66008.0,242720.0,40256.0,60560.0,409544.0
2120,89,7,2026-03-30,March,63344.0,279720.0,40256.0,64360.0,447680.0
2121,89,8,2026-03-30,March,55944.0,279720.0,29600.0,64360.0,429624.0
2122,89,9,2026-03-30,March,55944.0,279720.0,29600.0,64360.0,429624.0
2123,89,10,2026-03-30,March,55944.0,279720.0,40256.0,64360.0,440280.0
2124,89,11,2026-03-30,March,55944.0,279720.0,40256.0,60551.0,436471.0
2125,89,12,2026-03-30,March,47064.0,235320.0,40256.0,53860.0,376500.0
2126,89,13,2026-03-30,March,47064.0,235320.0,40256.0,53860.0,376500.0
2127,89,14,2026-03-30,March,49728.0,248640.0,40256.0,50930.0,389554.0
2128,89,15,2026-03-30,March,52392.0,248640.0,40256.0,40151.0,381439.0
2129,89,16,2026-03-30,March,74000.0,293040.0,40256.0,38700.0,445996.0
2130,89,17,2026-03-30,March,74000.0,306360.0,50912.0,37200.0,468472.0
2131,89,18,2026-03-30,March,74000.0,306360.0,50912.0,37500.0,468772.0
2132,89,19,2026-03-30,March,74000.0,269360.0,40256.0,27200.0,410816.0
2133,89,20,2026-03-30,March,74000.0,269360.0,40256.0,27200.0,410816.0
2134,89,21,2026-03-30,March,61272.0,256040.0,40256.0,26200.0,383768.0
2135,89,22,2026-03-30,March,52392.0,211640.0,29600.0,26200.0,319832.0
2136,89,23,2026-03-30,March,49728.0,185000.0,29600.0,26200.0,290528.0
2137,90,0,2026-03-31,March,47064.0,185000.0,29600.0,35800.0,297464.0
2138,90,1,2026-03-31,March,47064.0,185000.0,29600.0,35800.0,297464.0
2139,90,2,2026-03-31,March,47064.0,185000.0,29600.0,56800.0,318464.0
2140,90,3,2026-03-31,March,47064.0,185000.0,29600.0,56800.0,318464.0
2141,90,4,2026-03-31,March,47064.0,185000.0,29600.0,55900.0,317564.0
2142,90,5,2026-03-31,March,57128.0,198320.0,40256.0,55300.0,351004.0
2143,90,6,2026-03-31,March,66008.0,242720.0,40256.0,60560.0,409544.0
2144,90,7,2026-03-31,March,63344.0,279720.0,40256.0,64360.0,447680.0
2145,90,8,2026-03-31,March,55944.0,279720.0,29600.0,64360.0,429624.0
2146,90,9,2026-03-31,March,55944.0,279720.0,29600.0,64360.0,429624.0
2147,90,10,2026-03-31,March,55944.0,279720.0,40256.0,64360.0,440280.0
2148,90,11,2026-03-31,March,55944.0,279720.0,40256.0,60551.0,436471.0
2149,90,12,2026-03-31,March,47064.0,235320.0,40256.0,53860.0,376500.0
2150,90,13,2026-03-31,March,47064.0,235320.0,40256.0,53860.0,376500.0
2151,90,14,2026-03-31,March,49728.0,248640.0,40256.0,50930.0,389554.0
2152,90,15,2026-03-31,March,52392.0,248640.0,40256.0,40151.0,381439.0
2153,90,16,2026-03-31,March,74000.0,293040.0,40256.0,38700.0,445996.0
2154,90,17,2026-03-31,March,74000.0,306360.0,50912.0,37200.0,468472.0
2155,90,18,2026-03-31,March,74000.0,306360.0,50912.0,37500.0,468772.0
2156,90,19,2026-03-31,March,74000.0,269360.0,40256.0,27200.0,410816.0
2157,90,20,2026-03-31,March,74000.0,269360.0,40256.0,27200.0,410816.0
2158,90,21,2026-03-31,March,61272.0,256040.0,40256.0,26200.0,383768.0
2159,90,22,2026-03-31,March,52392.0,211640.0,29600.0,26200.0,319832.0
2160,90,23,2026-03-31,March,49728.0,185000.0,29600.0,26200.0,290528.0
2161,91,0,2026-04-01,April,57128.0,235320.0,29600.0,25300.0,347348.0
2162,91,1,2026-04-01,April,57128.0,235320.0,29600.0,25300.0,347348.0
2163,91,2,2026-04-01,April,57128.0,235320.0,29600.0,25300.0,347348.0
2164,91,3,2026-04-01,April,47064.0,222000.0,29600.0,45400.0,344064.0
2165,91,4,2026-04-01,April,47064.0,185000.0,29600.0,44800.0,306464.0
2166,91,5,2026-04-01,April,54464.0,185000.0,40256.0,44500.0,324220.0
2167,91,6,2026-04-01,April,55944.0,229400.0,29600.0,50060.0,365004.0
2168,91,7,2026-04-01,April,55944.0,229400.0,29600.0,53860.0,368804.0
2169,91,8,2026-04-01,April,58608.0,279720.0,29600.0,53860.0,421788.0
2170,91,9,2026-04-01,April,58608.0,279720.0,29600.0,53860.0,421788.0
2171,91,10,2026-04-01,April,58608.0,279720.0,40256.0,53860.0,432444.0
2172,91,11,2026-04-01,April,58608.0,279720.0,40256.0,52395.0,430979.0
2173,91,12,2026-04-01,April,57128.0,235320.0,40256.0,53860.0,386564.0
2174,91,13,2026-04-01,April,57128.0,235320.0,40256.0,53860.0,386564.0
2175,91,14,2026-04-01,April,57128.0,235320.0,40256.0,40430.0,373134.0
2176,91,15,2026-04-01,April,59792.0,840640.0,40256.0,40430.0,981118.0
2177,91,16,2026-04-01,April,68672.0,293040.0,40256.0,37800.0,439768.0
2178,91,17,2026-04-01,April,68672.0,293040.0,50912.0,35700.0,448324.0
2179,91,18,2026-04-01,April,74000.0,306360.0,50912.0,36600.0,467872.0
2180,91,19,2026-04-01,April,74000.0,306360.0,40256.0,37100.0,457716.0
2181,91,20,2026-04-01,April,74000.0,306360.0,40256.0,16700.0,437316.0
2182,91,21,2026-04-01,April,68672.0,306360.0,40256.0,15700.0,430988.0
2183,91,22,2026-04-01,April,52392.0,261960.0,29600.0,15700.0,359652.0
2184,91,23,2026-04-01,April,52392.0,261960.0,29600.0,15700.0,359652.0
2185,92,0,2026-04-02,April,57128.0,235320.0,29600.0,25300.0,347348.0
2186,92,1,2026-04-02,April,57128.0,235320.0,29600.0,25300.0,347348.0
2187,92,2,2026-04-02,April,57128.0,235320.0,29600.0,25300.0,347348.0
2188,92,3,2026-04-02,April,47064.0,222000.0,29600.0,45400.0,344064.0
2189,92,4,2026-04-02,April,47064.0,185000.0,29600.0,44800.0,306464.0
2190,92,5,2026-04-02,April,54464.0,185000.0,40256.0,44500.0,324220.0
2191,92,6,2026-04-02,April,55944.0,229400.0,29600.0,50060.0,365004.0
2192,92,7,2026-04-02,April,55944.0,229400.0,29600.0,53860.0,368804.0
2193,92,8,2026-04-02,April,58608.0,279720.0,29600.0,53860.0,421788.0
2194,92,9,2026-04-02,April,58608.0,279720.0,29600.0,53860.0,421788.0
2195,92,10,2026-04-02,April,58608.0,279720.0,40256.0,53860.0,432444.0
2196,92,11,2026-04-02,April,58608.0,279720.0,40256.0,52395.0,430979.0
2197,92,12,2026-04-02,April,57128.0,235320.0,40256.0,53860.0,386564.0
2198,92,13,2026-04-02,April,57128.0,235320.0,40256.0,53860.0,386564.0
2199,92,14,2026-04-02,April,57128.0,235320.0,40256.0,40430.0,373134.0
2200,92,15,2026-04-02,April,59792.0,840640.0,40256.0,40430.0,981118.0
2201,92,16,2026-04-02,April,68672.0,293040.0,40256.0,37800.0,439768.0
2202,92,17,2026-04-02,April,68672.0,293040.0,50912.0,35700.0,448324.0
2203,92,18,2026-04-02,April,74000.0,306360.0,50912.0,36600.0,467872.0
2204,92,19,2026-04-02,April,74000.0,306360.0,40256.0,37100.0,457716.0
2205,92,20,2026-04-02,April,74000.0,306360.0,40256.0,16700.0,437316.0
2206,92,21,2026-04-02,April,68672.0,306360.0,40256.0,15700.0,430988.0
2207,92,22,2026-04-02,April,52392.0,261960.0,29600.0,15700.0,359652.0
2208,92,23,2026-04-02,April,52392.0,261960.0,29600.0,15700.0,359652.0
2209,93,0,2026-04-03,April,57128.0,235320.0,29600.0,25300.0,347348.0
2210,93,1,2026-04-03,April,57128.0,235320.0,29600.0,25300.0,347348.0
2211,93,2,2026-04-03,April,57128.0,235320.0,29600.0,25300.0,347348.0
2212,93,3,2026-04-03,April,47064.0,222000.0,29600.0,45400.0,344064.0
2213,93,4,2026-04-03,April,47064.0,185000.0,29600.0,44800.0,306464.0
2214,93,5,2026-04-03,April,54464.0,185000.0,40256.0,44500.0,324220.0
2215,93,6,2026-04-03,April,55944.0,229400.0,29600.0,50060.0,365004.0
2216,93,7,2026-04-03,April,55944.0,229400.0,29600.0,53860.0,368804.0
2217,93,8,2026-04-03,April,58608.0,279720.0,29600.0,53860.0,421788.0
2218,93,9,2026-04-03,April,58608.0,279720.0,29600.0,53860.0,421788.0
2219,93,10,2026-04-03,April,58608.0,279720.0,40256.0,53860.0,432444.0
2220,93,11,2026-04-03,April,58608.0,279720.0,40256.0,52395.0,430979.0
2221,93,12,2026-04-03,April,57128.0,235320.0,40256.0,53860.0,386564.0
2222,93,13,2026-04-03,April,57128.0,235320.0,40256.0,53860.0,386564.0
2223,93,14,2026-04-03,April,57128.0,235320.0,40256.0,40430.0,373134.0
2224,93,15,2026-04-03,April,59792.0,840640.0,40256.0,40430.0,981118.0
2225,93,16,2026-04-03,April,68672.0,293040.0,40256.0,37800.0,439768.0
2226,93,17,2026-04-03,April,68672.0,293040.0,50912.0,35700.0,448324.0
2227,93,18,2026-04-03,April,74000.0,306360.0,50912.0,36600.0,467872.0
2228,93,19,2026-04-03,April,74000.0,306360.0,40256.0,37100.0,457716.0
2229,93,20,2026-04-03,April,74000.0,306360.0,40256.0,16700.0,437316.0
2230,93,21,2026-04-03,April,68672.0,306360.0,40256.0,15700.0,430988.0
2231,93,22,2026-04-03,April,52392.0,261960.0,29600.0,15700.0,359652.0
2232,93,23,2026-04-03,April,52392.0,261960.0,29600.0,15700.0,359652.0
2233,94,0,2026-04-04,Public_Holiday,63936.0,269360.0,0.0,26900.0,360196.0
2234,94,1,2026-04-04,Public_Holiday,63936.0,269360.0,0.0,26900.0,360196.0
2235,94,2,2026-04-04,Public_Holiday,52392.0,211640.0,0.0,24100.0,288132.0
2236,94,3,2026-04-04,Public_Holiday,52392.0,211640.0,0.0,33700.0,297732.0
2237,94,4,2026-04-04,Public_Holiday,52392.0,211640.0,0.0,33100.0,297132.0
2238,94,5,2026-04-04,Public_Holiday,57128.0,248640.0,10656.0,35600.0,352024.0
2239,94,6,2026-04-04,Public_Holiday,58608.0,256040.0,10656.0,35300.0,360604.0
2240,94,7,2026-04-04,Public_Holiday,58608.0,256040.0,10656.0,36500.0,361804.0
2241,94,8,2026-04-04,Public_Holiday,58608.0,256040.0,0.0,36500.0,351148.0
2242,94,9,2026-04-04,Public_Holiday,58608.0,256040.0,0.0,36500.0,351148.0
2243,94,10,2026-04-04,Public_Holiday,110408.0,256040.0,40256.0,26000.0,432704.0
2244,94,11,2026-04-04,Public_Holiday,58608.0,256040.0,40256.0,26000.0,380904.0
2245,94,12,2026-04-04,Public_Holiday,58608.0,256040.0,40256.0,26000.0,380904.0
2246,94,13,2026-04-04,Public_Holiday,58608.0,256040.0,40256.0,26000.0,380904.0
2247,94,14,2026-04-04,Public_Holiday,66600.0,269360.0,40256.0,26000.0,402216.0
2248,94,15,2026-04-04,Public_Holiday,185000.0,861360.0,40256.0,15500.0,1102116.0
2249,94,16,2026-04-04,Public_Holiday,66600.0,269360.0,40256.0,15800.0,392016.0
2250,94,17,2026-04-04,Public_Holiday,66600.0,269360.0,50912.0,17000.0,403872.0
2251,94,18,2026-04-04,Public_Holiday,66600.0,269360.0,50912.0,17600.0,404472.0
2252,94,19,2026-04-04,Public_Holiday,66600.0,269360.0,10656.0,17900.0,364516.0
2253,94,20,2026-04-04,Public_Holiday,66600.0,269360.0,10656.0,18500.0,365116.0
2254,94,21,2026-04-04,Public_Holiday,63936.0,269360.0,10656.0,17300.0,361252.0
2255,94,22,2026-04-04,Public_Holiday,63936.0,269360.0,0.0,17300.0,350596.0
2256,94,23,2026-04-04,Public_Holiday,63936.0,269360.0,0.0,17300.0,350596.0
2257,95,0,2026-04-05,Summer_Weekend,58608.0,293040.0,40256.0,36200.0,428104.0
2258,95,1,2026-04-05,Summer_Weekend,58608.0,248640.0,40256.0,36200.0,383704.0
2259,95,2,2026-04-05,Summer_Weekend,58608.0,248640.0,40256.0,36200.0,383704.0
2260,95,3,2026-04-05,Summer_Weekend,47064.0,235320.0,29600.0,56300.0,368284.0
2261,95,4,2026-04-05,Summer_Weekend,47064.0,235320.0,29600.0,55700.0,367684.0
2262,95,5,2026-04-05,Summer_Weekend,54464.0,235320.0,40256.0,55400.0,385440.0
2263,95,6,2026-04-05,Summer_Weekend,48544.0,198320.0,40256.0,54700.0,341820.0
2264,95,7,2026-04-05,Summer_Weekend,51208.0,198320.0,40256.0,58500.0,348284.0
2265,95,8,2026-04-05,Summer_Weekend,58608.0,256040.0,59200.0,58500.0,432348.0
2266,95,9,2026-04-05,Summer_Weekend,58608.0,256040.0,69856.0,58500.0,443004.0
2267,95,10,2026-04-05,Summer_Weekend,110408.0,256040.0,69856.0,48000.0,484304.0
2268,95,11,2026-04-05,Summer_Weekend,110408.0,256040.0,69856.0,48000.0,484304.0
2269,95,12,2026-04-05,Summer_Weekend,68672.0,269360.0,69856.0,37500.0,445388.0
2270,95,13,2026-04-05,Summer_Weekend,187072.0,885040.0,69856.0,37500.0,1179468.0
2271,95,14,2026-04-05,Summer_Weekend,187072.0,306360.0,69856.0,27000.0,590288.0
2272,95,15,2026-04-05,Summer_Weekend,68672.0,306360.0,80512.0,27000.0,482544.0
2273,95,16,2026-04-05,Summer_Weekend,68672.0,306360.0,80512.0,27300.0,482844.0
2274,95,17,2026-04-05,Summer_Weekend,71336.0,306360.0,80512.0,25600.0,483808.0
2275,95,18,2026-04-05,Summer_Weekend,71336.0,306360.0,80512.0,26500.0,484708.0
2276,95,19,2026-04-05,Summer_Weekend,74000.0,306360.0,80512.0,16500.0,477372.0
2277,95,20,2026-04-05,Summer_Weekend,74000.0,306360.0,80512.0,17100.0,477972.0
2278,95,21,2026-04-05,Summer_Weekend,61272.0,293040.0,80512.0,16100.0,450924.0
2279,95,22,2026-04-05,Summer_Weekend,61272.0,293040.0,80512.0,16100.0,450924.0
2280,95,23,2026-04-05,Summer_Weekend,61272.0,293040.0,80512.0,16100.0,450924.0
2281,96,0,2026-04-06,April,57128.0,235320.0,29600.0,25300.0,347348.0
2282,96,1,2026-04-06,April,57128.0,235320.0,29600.0,25300.0,347348.0
2283,96,2,2026-04-06,April,57128.0,235320.0,29600.0,25300.0,347348.0
2284,96,3,2026-04-06,April,47064.0,222000.0,29600.0,45400.0,344064.0
2285,96,4,2026-04-06,April,47064.0,185000.0,29600.0,44800.0,306464.0
2286,96,5,2026-04-06,April,54464.0,185000.0,40256.0,44500.0,324220.0
2287,96,6,2026-04-06,April,55944.0,229400.0,29600.0,50060.0,365004.0
2288,96,7,2026-04-06,April,55944.0,229400.0,29600.0,53860.0,368804.0
2289,96,8,2026-04-06,April,58608.0,279720.0,29600.0,53860.0,421788.0
2290,96,9,2026-04-06,April,58608.0,279720.0,29600.0,53860.0,421788.0
2291,96,10,2026-04-06,April,58608.0,279720.0,40256.0,53860.0,432444.0
2292,96,11,2026-04-06,April,58608.0,279720.0,40256.0,52395.0,430979.0
2293,96,12,2026-04-06,April,57128.0,235320.0,40256.0,53860.0,386564.0
2294,96,13,2026-04-06,April,57128.0,235320.0,40256.0,53860.0,386564.0
2295,96,14,2026-04-06,April,57128.0,235320.0,40256.0,40430.0,373134.0
2296,96,15,2026-04-06,April,59792.0,840640.0,40256.0,40430.0,981118.0
2297,96,16,2026-04-06,April,68672.0,293040.0,40256.0,37800.0,439768.0
2298,96,17,2026-04-06,April,68672.0,293040.0,50912.0,35700.0,448324.0
2299,96,18,2026-04-06,April,74000.0,306360.0,50912.0,36600.0,467872.0
2300,96,19,2026-04-06,April,74000.0,306360.0,40256.0,37100.0,457716.0
2301,96,20,2026-04-06,April,74000.0,306360.0,40256.0,16700.0,437316.0
2302,96,21,2026-04-06,April,68672.0,306360.0,40256.0,15700.0,430988.0
2303,96,22,2026-04-06,April,52392.0,261960.0,29600.0,15700.0,359652.0
2304,96,23,2026-04-06,April,52392.0,261960.0,29600.0,15700.0,359652.0
2305,97,0,2026-04-07,April,57128.0,235320.0,29600.0,25300.0,347348.0
2306,97,1,2026-04-07,April,57128.0,235320.0,29600.0,25300.0,347348.0
2307,97,2,2026-04-07,April,57128.0,235320.0,29600.0,25300.0,347348.0
2308,97,3,2026-04-07,April,47064.0,222000.0,29600.0,45400.0,344064.0
2309,97,4,2026-04-07,April,47064.0,185000.0,29600.0,44800.0,306464.0
2310,97,5,2026-04-07,April,54464.0,185000.0,40256.0,44500.0,324220.0
2311,97,6,2026-04-07,April,55944.0,229400.0,29600.0,50060.0,365004.0
2312,97,7,2026-04-07,April,55944.0,229400.0,29600.0,53860.0,368804.0
2313,97,8,2026-04-07,April,58608.0,279720.0,29600.0,53860.0,421788.0
2314,97,9,2026-04-07,April,58608.0,279720.0,29600.0,53860.0,421788.0
2315,97,10,2026-04-07,April,58608.0,279720.0,40256.0,53860.0,432444.0
2316,97,11,2026-04-07,April,58608.0,279720.0,40256.0,52395.0,430979.0
2317,97,12,2026-04-07,April,57128.0,235320.0,40256.0,53860.0,386564.0
2318,97,13,2026-04-07,April,57128.0,235320.0,40256.0,53860.0,386564.0
2319,97,14,2026-04-07,April,57128.0,235320.0,40256.0,40430.0,373134.0
2320,97,15,2026-04-07,April,59792.0,840640.0,40256.0,40430.0,981118.0
2321,97,16,2026-04-07,April,68672.0,293040.0,40256.0,37800.0,439768.0
2322,97,17,2026-04-07,April,68672.0,293040.0,50912.0,35700.0,448324.0
2323,97,18,2026-04-07,April,74000.0,306360.0,50912.0,36600.0,467872.0
2324,97,19,2026-04-07,April,74000.0,306360.0,40256.0,37100.0,457716.0
2325,97,20,2026-04-07,April,74000.0,306360.0,40256.0,16700.0,437316.0
2326,97,21,2026-04-07,April,68672.0,306360.0,40256.0,15700.0,430988.0
2327,97,22,2026-04-07,April,52392.0,261960.0,29600.0,15700.0,359652.0
2328,97,23,2026-04-07,April,52392.0,261960.0,29600.0,15700.0,359652.0
2329,98,0,2026-04-08,April,57128.0,235320.0,29600.0,25300.0,347348.0
2330,98,1,2026-04-08,April,57128.0,235320.0,29600.0,25300.0,347348.0
2331,98,2,2026-04-08,April,57128.0,235320.0,29600.0,25300.0,347348.0
2332,98,3,2026-04-08,April,47064.0,222000.0,29600.0,45400.0,344064.0
2333,98,4,2026-04-08,April,47064.0,185000.0,29600.0,44800.0,306464.0
2334,98,5,2026-04-08,April,54464.0,185000.0,40256.0,44500.0,324220.0
2335,98,6,2026-04-08,April,55944.0,229400.0,29600.0,50060.0,365004.0
2336,98,7,2026-04-08,April,55944.0,229400.0,29600.0,53860.0,368804.0
2337,98,8,2026-04-08,April,58608.0,279720.0,29600.0,53860.0,421788.0
2338,98,9,2026-04-08,April,58608.0,279720.0,29600.0,53860.0,421788.0
2339,98,10,2026-04-08,April,58608.0,279720.0,40256.0,53860.0,432444.0
2340,98,11,2026-04-08,April,58608.0,279720.0,40256.0,52395.0,430979.0
2341,98,12,2026-04-08,April,57128.0,235320.0,40256.0,53860.0,386564.0
2342,98,13,2026-04-08,April,57128.0,235320.0,40256.0,53860.0,386564.0
2343,98,14,2026-04-08,April,57128.0,235320.0,40256.0,40430.0,373134.0
2344,98,15,2026-04-08,April,59792.0,840640.0,40256.0,40430.0,981118.0
2345,98,16,2026-04-08,April,68672.0,293040.0,40256.0,37800.0,439768.0
2346,98,17,2026-04-08,April,68672.0,293040.0,50912.0,35700.0,448324.0
2347,98,18,2026-04-08,April,74000.0,306360.0,50912.0,36600.0,467872.0
2348,98,19,2026-04-08,April,74000.0,306360.0,40256.0,37100.0,457716.0
2349,98,20,2026-04-08,April,74000.0,306360.0,40256.0,16700.0,437316.0
2350,98,21,2026-04-08,April,68672.0,306360.0,40256.0,15700.0,430988.0
2351,98,22,2026-04-08,April,52392.0,261960.0,29600.0,15700.0,359652.0
2352,98,23,2026-04-08,April,52392.0,261960.0,29600.0,15700.0,359652.0
2353,99,0,2026-04-09,April,57128.0,235320.0,29600.0,25300.0,347348.0
2354,99,1,2026-04-09,April,57128.0,235320.0,29600.0,25300.0,347348.0
2355,99,2,2026-04-09,April,57128.0,235320.0,29600.0,25300.0,347348.0
2356,99,3,2026-04-09,April,47064.0,222000.0,29600.0,45400.0,344064.0
2357,99,4,2026-04-09,April,47064.0,185000.0,29600.0,44800.0,306464.0
2358,99,5,2026-04-09,April,54464.0,185000.0,40256.0,44500.0,324220.0
2359,99,6,2026-04-09,April,55944.0,229400.0,29600.0,50060.0,365004.0
2360,99,7,2026-04-09,April,55944.0,229400.0,29600.0,53860.0,368804.0
2361,99,8,2026-04-09,April,58608.0,279720.0,29600.0,53860.0,421788.0
2362,99,9,2026-04-09,April,58608.0,279720.0,29600.0,53860.0,421788.0
2363,99,10,2026-04-09,April,58608.0,279720.0,40256.0,53860.0,432444.0
2364,99,11,2026-04-09,April,58608.0,279720.0,40256.0,52395.0,430979.0
2365,99,12,2026-04-09,April,57128.0,235320.0,40256.0,53860.0,386564.0
2366,99,13,2026-04-09,April,57128.0,235320.0,40256.0,53860.0,386564.0
2367,99,14,2026-04-09,April,57128.0,235320.0,40256.0,40430.0,373134.0
2368,99,15,2026-04-09,April,59792.0,840640.0,40256.0,40430.0,981118.0
2369,99,16,2026-04-09,April,68672.0,293040.0,40256.0,37800.0,439768.0
2370,99,17,2026-04-09,April,68672.0,293040.0,50912.0,35700.0,448324.0
2371,99,18,2026-04-09,April,74000.0,306360.0,50912.0,36600.0,467872.0
2372,99,19,2026-04-09,April,74000.0,306360.0,40256.0,37100.0,457716.0
2373,99,20,2026-04-09,April,74000.0,306360.0,40256.0,16700.0,437316.0
2374,99,21,2026-04-09,April,68672.0,306360.0,40256.0,15700.0,430988.0
2375,99,22,2026-04-09,April,52392.0,261960.0,29600.0,15700.0,359652.0
2376,99,23,2026-04-09,April,52392.0,261960.0,29600.0,15700.0,359652.0
2377,100,0,2026-04-10,April,57128.0,235320.0,29600.0,25300.0,347348.0
2378,100,1,2026-04-10,April,57128.0,235320.0,29600.0,25300.0,347348.0
2379,100,2,2026-04-10,April,57128.0,235320.0,29600.0,25300.0,347348.0
2380,100,3,2026-04-10,April,47064.0,222000.0,29600.0,45400.0,344064.0
2381,100,4,2026-04-10,April,47064.0,185000.0,29600.0,44800.0,306464.0
2382,100,5,2026-04-10,April,54464.0,185000.0,40256.0,44500.0,324220.0
2383,100,6,2026-04-10,April,55944.0,229400.0,29600.0,50060.0,365004.0
2384,100,7,2026-04-10,April,55944.0,229400.0,29600.0,53860.0,368804.0
2385,100,8,2026-04-10,April,58608.0,279720.0,29600.0,53860.0,421788.0
2386,100,9,2026-04-10,April,58608.0,279720.0,29600.0,53860.0,421788.0
2387,100,10,2026-04-10,April,58608.0,279720.0,40256.0,53860.0,432444.0
2388,100,11,2026-04-10,April,58608.0,279720.0,40256.0,52395.0,430979.0
2389,100,12,2026-04-10,April,57128.0,235320.0,40256.0,53860.0,386564.0
2390,100,13,2026-04-10,April,57128.0,235320.0,40256.0,53860.0,386564.0
2391,100,14,2026-04-10,April,57128.0,235320.0,40256.0,40430.0,373134.0
2392,100,15,2026-04-10,April,59792.0,840640.0,40256.0,40430.0,981118.0
2393,100,16,2026-04-10,April,68672.0,293040.0,40256.0,37800.0,439768.0
2394,100,17,2026-04-10,April,68672.0,293040.0,50912.0,35700.0,448324.0
2395,100,18,2026-04-10,April,74000.0,306360.0,50912.0,36600.0,467872.0
2396,100,19,2026-04-10,April,74000.0,306360.0,40256.0,37100.0,457716.0
2397,100,20,2026-04-10,April,74000.0,306360.0,40256.0,16700.0,437316.0
2398,100,21,2026-04-10,April,68672.0,306360.0,40256.0,15700.0,430988.0
2399,100,22,2026-04-10,April,52392.0,261960.0,29600.0,15700.0,359652.0
2400,100,23,2026-04-10,April,52392.0,261960.0,29600.0,15700.0,359652.0
2401,101,0,2026-04-11,Summer_Weekend,58608.0,293040.0,40256.0,36200.0,428104.0
2402,101,1,2026-04-11,Summer_Weekend,58608.0,248640.0,40256.0,36200.0,383704.0
2403,101,2,2026-04-11,Summer_Weekend,58608.0,248640.0,40256.0,36200.0,383704.0
2404,101,3,2026-04-11,Summer_Weekend,47064.0,235320.0,29600.0,56300.0,368284.0
2405,101,4,2026-04-11,Summer_Weekend,47064.0,235320.0,29600.0,55700.0,367684.0
2406,101,5,2026-04-11,Summer_Weekend,54464.0,235320.0,40256.0,55400.0,385440.0
2407,101,6,2026-04-11,Summer_Weekend,48544.0,198320.0,40256.0,54700.0,341820.0
2408,101,7,2026-04-11,Summer_Weekend,51208.0,198320.0,40256.0,58500.0,348284.0
2409,101,8,2026-04-11,Summer_Weekend,58608.0,256040.0,59200.0,58500.0,432348.0
2410,101,9,2026-04-11,Summer_Weekend,58608.0,256040.0,69856.0,58500.0,443004.0
2411,101,10,2026-04-11,Summer_Weekend,110408.0,256040.0,69856.0,48000.0,484304.0
2412,101,11,2026-04-11,Summer_Weekend,110408.0,256040.0,69856.0,48000.0,484304.0
2413,101,12,2026-04-11,Summer_Weekend,68672.0,269360.0,69856.0,37500.0,445388.0
2414,101,13,2026-04-11,Summer_Weekend,187072.0,885040.0,69856.0,37500.0,1179468.0
2415,101,14,2026-04-11,Summer_Weekend,187072.0,306360.0,69856.0,27000.0,590288.0
2416,101,15,2026-04-11,Summer_Weekend,68672.0,306360.0,80512.0,27000.0,482544.0
2417,101,16,2026-04-11,Summer_Weekend,68672.0,306360.0,80512.0,27300.0,482844.0
2418,101,17,2026-04-11,Summer_Weekend,71336.0,306360.0,80512.0,25600.0,483808.0
2419,101,18,2026-04-11,Summer_Weekend,71336.0,306360.0,80512.0,26500.0,484708.0
2420,101,19,2026-04-11,Summer_Weekend,74000.0,306360.0,80512.0,16500.0,477372.0
2421,101,20,2026-04-11,Summer_Weekend,74000.0,306360.0,80512.0,17100.0,477972.0
2422,101,21,2026-04-11,Summer_Weekend,61272.0,293040.0,80512.0,16100.0,450924.0
2423,101,22,2026-04-11,Summer_Weekend,61272.0,293040.0,80512.0,16100.0,450924.0
2424,101,23,2026-04-11,Summer_Weekend,61272.0,293040.0,80512.0,16100.0,450924.0
2425,102,0,2026-04-12,Summer_Weekend,58608.0,293040.0,40256.0,36200.0,428104.0
2426,102,1,2026-04-12,Summer_Weekend,58608.0,248640.0,40256.0,36200.0,383704.0
2427,102,2,2026-04-12,Summer_Weekend,58608.0,248640.0,40256.0,36200.0,383704.0
2428,102,3,2026-04-12,Summer_Weekend,47064.0,235320.0,29600.0,56300.0,368284.0
2429,102,4,2026-04-12,Summer_Weekend,47064.0,235320.0,29600.0,55700.0,367684.0
2430,102,5,2026-04-12,Summer_Weekend,54464.0,235320.0,40256.0,55400.0,385440.0
2431,102,6,2026-04-12,Summer_Weekend,48544.0,198320.0,40256.0,54700.0,341820.0
2432,102,7,2026-04-12,Summer_Weekend,51208.0,198320.0,40256.0,58500.0,348284.0
2433,102,8,2026-04-12,Summer_Weekend,58608.0,256040.0,59200.0,58500.0,432348.0
2434,102,9,2026-04-12,Summer_Weekend,58608.0,256040.0,69856.0,58500.0,443004.0
2435,102,10,2026-04-12,Summer_Weekend,110408.0,256040.0,69856.0,48000.0,484304.0
2436,102,11,2026-04-12,Summer_Weekend,110408.0,256040.0,69856.0,48000.0,484304.0
2437,102,12,2026-04-12,Summer_Weekend,68672.0,269360.0,69856.0,37500.0,445388.0
2438,102,13,2026-04-12,Summer_Weekend,187072.0,885040.0,69856.0,37500.0,1179468.0
2439,102,14,2026-04-12,Summer_Weekend,187072.0,306360.0,69856.0,27000.0,590288.0
2440,102,15,2026-04-12,Summer_Weekend,68672.0,306360.0,80512.0,27000.0,482544.0
2441,102,16,2026-04-12,Summer_Weekend,68672.0,306360.0,80512.0,27300.0,482844.0
2442,102,17,2026-04-12,Summer_Weekend,71336.0,306360.0,80512.0,25600.0,483808.0
2443,102,18,2026-04-12,Summer_Weekend,71336.0,306360.0,80512.0,26500.0,484708.0
2444,102,19,2026-04-12,Summer_Weekend,74000.0,306360.0,80512.0,16500.0,477372.0
2445,102,20,2026-04-12,Summer_Weekend,74000.0,306360.0,80512.0,17100.0,477972.0
2446,102,21,2026-04-12,Summer_Weekend,61272.0,293040.0,80512.0,16100.0,450924.0
2447,102,22,2026-04-12,Summer_Weekend,61272.0,293040.0,80512.0,16100.0,450924.0
2448,102,23,2026-04-12,Summer_Weekend,61272.0,293040.0,80512.0,16100.0,450924.0
2449,103,0,2026-04-13,April,57128.0,235320.0,29600.0,25300.0,347348.0
2450,103,1,2026-04-13,April,57128.0,235320.0,29600.0,25300.0,347348.0
2451,103,2,2026-04-13,April,57128.0,235320.0,29600.0,25300.0,347348.0
2452,103,3,2026-04-13,April,47064.0,222000.0,29600.0,45400.0,344064.0
2453,103,4,2026-04-13,April,47064.0,185000.0,29600.0,44800.0,306464.0
2454,103,5,2026-04-13,April,54464.0,185000.0,40256.0,44500.0,324220.0
2455,103,6,2026-04-13,April,55944.0,229400.0,29600.0,50060.0,365004.0
2456,103,7,2026-04-13,April,55944.0,229400.0,29600.0,53860.0,368804.0
2457,103,8,2026-04-13,April,58608.0,279720.0,29600.0,53860.0,421788.0
2458,103,9,2026-04-13,April,58608.0,279720.0,29600.0,53860.0,421788.0
2459,103,10,2026-04-13,April,58608.0,279720.0,40256.0,53860.0,432444.0
2460,103,11,2026-04-13,April,58608.0,279720.0,40256.0,52395.0,430979.0
2461,103,12,2026-04-13,April,57128.0,235320.0,40256.0,53860.0,386564.0
2462,103,13,2026-04-13,April,57128.0,235320.0,40256.0,53860.0,386564.0
2463,103,14,2026-04-13,April,57128.0,235320.0,40256.0,40430.0,373134.0
2464,103,15,2026-04-13,April,59792.0,840640.0,40256.0,40430.0,981118.0
2465,103,16,2026-04-13,April,68672.0,293040.0,40256.0,37800.0,439768.0
2466,103,17,2026-04-13,April,68672.0,293040.0,50912.0,35700.0,448324.0
2467,103,18,2026-04-13,April,74000.0,306360.0,50912.0,36600.0,467872.0
2468,103,19,2026-04-13,April,74000.0,306360.0,40256.0,37100.0,457716.0
2469,103,20,2026-04-13,April,74000.0,306360.0,40256.0,16700.0,437316.0
2470,103,21,2026-04-13,April,68672.0,306360.0,40256.0,15700.0,430988.0
2471,103,22,2026-04-13,April,52392.0,261960.0,29600.0,15700.0,359652.0
2472,103,23,2026-04-13,April,52392.0,261960.0,29600.0,15700.0,359652.0
2473,104,0,2026-04-14,April,57128.0,235320.0,29600.0,25300.0,347348.0
2474,104,1,2026-04-14,April,57128.0,235320.0,29600.0,25300.0,347348.0
2475,104,2,2026-04-14,April,57128.0,235320.0,29600.0,25300.0,347348.0
2476,104,3,2026-04-14,April,47064.0,222000.0,29600.0,45400.0,344064.0
2477,104,4,2026-04-14,April,47064.0,185000.0,29600.0,44800.0,306464.0
2478,104,5,2026-04-14,April,54464.0,185000.0,40256.0,44500.0,324220.0
2479,104,6,2026-04-14,April,55944.0,229400.0,29600.0,50060.0,365004.0
2480,104,7,2026-04-14,April,55944.0,229400.0,29600.0,53860.0,368804.0
2481,104,8,2026-04-14,April,58608.0,279720.0,29600.0,53860.0,421788.0
2482,104,9,2026-04-14,April,58608.0,279720.0,29600.0,53860.0,421788.0
2483,104,10,2026-04-14,April,58608.0,279720.0,40256.0,53860.0,432444.0
2484,104,11,2026-04-14,April,58608.0,279720.0,40256.0,52395.0,430979.0
2485,104,12,2026-04-14,April,57128.0,235320.0,40256.0,53860.0,386564.0
2486,104,13,2026-04-14,April,57128.0,235320.0,40256.0,53860.0,386564.0
2487,104,14,2026-04-14,April,57128.0,235320.0,40256.0,40430.0,373134.0
2488,104,15,2026-04-14,April,59792.0,840640.0,40256.0,40430.0,981118.0
2489,104,16,2026-04-14,April,68672.0,293040.0,40256.0,37800.0,439768.0
2490,104,17,2026-04-14,April,68672.0,293040.0,50912.0,35700.0,448324.0
2491,104,18,2026-04-14,April,74000.0,306360.0,50912.0,36600.0,467872.0
2492,104,19,2026-04-14,April,74000.0,306360.0,40256.0,37100.0,457716.0
2493,104,20,2026-04-14,April,74000.0,306360.0,40256.0,16700.0,437316.0
2494,104,21,2026-04-14,April,68672.0,306360.0,40256.0,15700.0,430988.0
2495,104,22,2026-04-14,April,52392.0,261960.0,29600.0,15700.0,359652.0
2496,104,23,2026-04-14,April,52392.0,261960.0,29600.0,15700.0,359652.0
2497,105,0,2026-04-15,April,57128.0,235320.0,29600.0,25300.0,347348.0
2498,105,1,2026-04-15,April,57128.0,235320.0,29600.0,25300.0,347348.0
2499,105,2,2026-04-15,April,57128.0,235320.0,29600.0,25300.0,347348.0
2500,105,3,2026-04-15,April,47064.0,222000.0,29600.0,45400.0,344064.0
2501,105,4,2026-04-15,April,47064.0,185000.0,29600.0,44800.0,306464.0
2502,105,5,2026-04-15,April,54464.0,185000.0,40256.0,44500.0,324220.0
2503,105,6,2026-04-15,April,55944.0,229400.0,29600.0,50060.0,365004.0
2504,105,7,2026-04-15,April,55944.0,229400.0,29600.0,53860.0,368804.0
2505,105,8,2026-04-15,April,58608.0,279720.0,29600.0,53860.0,421788.0
2506,105,9,2026-04-15,April,58608.0,279720.0,29600.0,53860.0,421788.0
2507,105,10,2026-04-15,April,58608.0,279720.0,40256.0,53860.0,432444.0
2508,105,11,2026-04-15,April,58608.0,279720.0,40256.0,52395.0,430979.0
2509,105,12,2026-04-15,April,57128.0,235320.0,40256.0,53860.0,386564.0
2510,105,13,2026-04-15,April,57128.0,235320.0,40256.0,53860.0,386564.0
2511,105,14,2026-04-15,April,57128.0,235320.0,40256.0,40430.0,373134.0
2512,105,15,2026-04-15,April,59792.0,840640.0,40256.0,40430.0,981118.0
2513,105,16,2026-04-15,April,68672.0,293040.0,40256.0,37800.0,439768.0
2514,105,17,2026-04-15,April,68672.0,293040.0,50912.0,35700.0,448324.0
2515,105,18,2026-04-15,April,74000.0,306360.0,50912.0,36600.0,467872.0
2516,105,19,2026-04-15,April,74000.0,306360.0,40256.0,37100.0,457716.0
2517,105,20,2026-04-15,April,74000.0,306360.0,40256.0,16700.0,437316.0
2518,105,21,2026-04-15,April,68672.0,306360.0,40256.0,15700.0,430988.0
2519,105,22,2026-04-15,April,52392.0,261960.0,29600.0,15700.0,359652.0
2520,105,23,2026-04-15,April,52392.0,261960.0,29600.0,15700.0,359652.0
2521,106,0,2026-04-16,April,57128.0,235320.0,29600.0,25300.0,347348.0
2522,106,1,2026-04-16,April,57128.0,235320.0,29600.0,25300.0,347348.0
2523,106,2,2026-04-16,April,57128.0,235320.0,29600.0,25300.0,347348.0
2524,106,3,2026-04-16,April,47064.0,222000.0,29600.0,45400.0,344064.0
2525,106,4,2026-04-16,April,47064.0,185000.0,29600.0,44800.0,306464.0
2526,106,5,2026-04-16,April,54464.0,185000.0,40256.0,44500.0,324220.0
2527,106,6,2026-04-16,April,55944.0,229400.0,29600.0,50060.0,365004.0
2528,106,7,2026-04-16,April,55944.0,229400.0,29600.0,53860.0,368804.0
2529,106,8,2026-04-16,April,58608.0,279720.0,29600.0,53860.0,421788.0
2530,106,9,2026-04-16,April,58608.0,279720.0,29600.0,53860.0,421788.0
2531,106,10,2026-04-16,April,58608.0,279720.0,40256.0,53860.0,432444.0
2532,106,11,2026-04-16,April,58608.0,279720.0,40256.0,52395.0,430979.0
2533,106,12,2026-04-16,April,57128.0,235320.0,40256.0,53860.0,386564.0
2534,106,13,2026-04-16,April,57128.0,235320.0,40256.0,53860.0,386564.0
2535,106,14,2026-04-16,April,57128.0,235320.0,40256.0,40430.0,373134.0
2536,106,15,2026-04-16,April,59792.0,840640.0,40256.0,40430.0,981118.0
2537,106,16,2026-04-16,April,68672.0,293040.0,40256.0,37800.0,439768.0
2538,106,17,2026-04-16,April,68672.0,293040.0,50912.0,35700.0,448324.0
2539,106,18,2026-04-16,April,74000.0,306360.0,50912.0,36600.0,467872.0
2540,106,19,2026-04-16,April,74000.0,306360.0,40256.0,37100.0,457716.0
2541,106,20,2026-04-16,April,74000.0,306360.0,40256.0,16700.0,437316.0
2542,106,21,2026-04-16,April,68672.0,306360.0,40256.0,15700.0,430988.0
2543,106,22,2026-04-16,April,52392.0,261960.0,29600.0,15700.0,359652.0
2544,106,23,2026-04-16,April,52392.0,261960.0,29600.0,15700.0,359652.0
2545,107,0,2026-04-17,April,57128.0,235320.0,29600.0,25300.0,347348.0
2546,107,1,2026-04-17,April,57128.0,235320.0,29600.0,25300.0,347348.0
2547,107,2,2026-04-17,April,57128.0,235320.0,29600.0,25300.0,347348.0
2548,107,3,2026-04-17,April,47064.0,222000.0,29600.0,45400.0,344064.0
2549,107,4,2026-04-17,April,47064.0,185000.0,29600.0,44800.0,306464.0
2550,107,5,2026-04-17,April,54464.0,185000.0,40256.0,44500.0,324220.0
2551,107,6,2026-04-17,April,55944.0,229400.0,29600.0,50060.0,365004.0
2552,107,7,2026-04-17,April,55944.0,229400.0,29600.0,53860.0,368804.0
2553,107,8,2026-04-17,April,58608.0,279720.0,29600.0,53860.0,421788.0
2554,107,9,2026-04-17,April,58608.0,279720.0,29600.0,53860.0,421788.0
2555,107,10,2026-04-17,April,58608.0,279720.0,40256.0,53860.0,432444.0
2556,107,11,2026-04-17,April,58608.0,279720.0,40256.0,52395.0,430979.0
2557,107,12,2026-04-17,April,57128.0,235320.0,40256.0,53860.0,386564.0
2558,107,13,2026-04-17,April,57128.0,235320.0,40256.0,53860.0,386564.0
2559,107,14,2026-04-17,April,57128.0,235320.0,40256.0,40430.0,373134.0
2560,107,15,2026-04-17,April,59792.0,840640.0,40256.0,40430.0,981118.0
2561,107,16,2026-04-17,April,68672.0,293040.0,40256.0,37800.0,439768.0
2562,107,17,2026-04-17,April,68672.0,293040.0,50912.0,35700.0,448324.0
2563,107,18,2026-04-17,April,74000.0,306360.0,50912.0,36600.0,467872.0
2564,107,19,2026-04-17,April,74000.0,306360.0,40256.0,37100.0,457716.0
2565,107,20,2026-04-17,April,74000.0,306360.0,40256.0,16700.0,437316.0
2566,107,21,2026-04-17,April,68672.0,306360.0,40256.0,15700.0,430988.0
2567,107,22,2026-04-17,April,52392.0,261960.0,29600.0,15700.0,359652.0
2568,107,23,2026-04-17,April,52392.0,261960.0,29600.0,15700.0,359652.0
2569,108,0,2026-04-18,Summer_Weekend,58608.0,293040.0,40256.0,36200.0,428104.0
2570,108,1,2026-04-18,Summer_Weekend,58608.0,248640.0,40256.0,36200.0,383704.0
2571,108,2,2026-04-18,Summer_Weekend,58608.0,248640.0,40256.0,36200.0,383704.0
2572,108,3,2026-04-18,Summer_Weekend,47064.0,235320.0,29600.0,56300.0,368284.0
2573,108,4,2026-04-18,Summer_Weekend,47064.0,235320.0,29600.0,55700.0,367684.0
2574,108,5,2026-04-18,Summer_Weekend,54464.0,235320.0,40256.0,55400.0,385440.0
2575,108,6,2026-04-18,Summer_Weekend,48544.0,198320.0,40256.0,54700.0,341820.0
2576,108,7,2026-04-18,Summer_Weekend,51208.0,198320.0,40256.0,58500.0,348284.0
2577,108,8,2026-04-18,Summer_Weekend,58608.0,256040.0,59200.0,58500.0,432348.0
2578,108,9,2026-04-18,Summer_Weekend,58608.0,256040.0,69856.0,58500.0,443004.0
2579,108,10,2026-04-18,Summer_Weekend,110408.0,256040.0,69856.0,48000.0,484304.0
2580,108,11,2026-04-18,Summer_Weekend,110408.0,256040.0,69856.0,48000.0,484304.0
2581,108,12,2026-04-18,Summer_Weekend,68672.0,269360.0,69856.0,37500.0,445388.0
2582,108,13,2026-04-18,Summer_Weekend,187072.0,885040.0,69856.0,37500.0,1179468.0
2583,108,14,2026-04-18,Summer_Weekend,187072.0,306360.0,69856.0,27000.0,590288.0
2584,108,15,2026-04-18,Summer_Weekend,68672.0,306360.0,80512.0,27000.0,482544.0
2585,108,16,2026-04-18,Summer_Weekend,68672.0,306360.0,80512.0,27300.0,482844.0
2586,108,17,2026-04-18,Summer_Weekend,71336.0,306360.0,80512.0,25600.0,483808.0
2587,108,18,2026-04-18,Summer_Weekend,71336.0,306360.0,80512.0,26500.0,484708.0
2588,108,19,2026-04-18,Summer_Weekend,74000.0,306360.0,80512.0,16500.0,477372.0
2589,108,20,2026-04-18,Summer_Weekend,74000.0,306360.0,80512.0,17100.0,477972.0
2590,108,21,2026-04-18,Summer_Weekend,61272.0,293040.0,80512.0,16100.0,450924.0
2591,108,22,2026-04-18,Summer_Weekend,61272.0,293040.0,80512.0,16100.0,450924.0
2592,108,23,2026-04-18,Summer_Weekend,61272.0,293040.0,80512.0,16100.0,450924.0
2593,109,0,2026-04-19,Summer_Weekend,58608.0,293040.0,40256.0,36200.0,428104.0
2594,109,1,2026-04-19,Summer_Weekend,58608.0,248640.0,40256.0,36200.0,383704.0
2595,109,2,2026-04-19,Summer_Weekend,58608.0,248640.0,40256.0,36200.0,383704.0
2596,109,3,2026-04-19,Summer_Weekend,47064.0,235320.0,29600.0,56300.0,368284.0
2597,109,4,2026-04-19,Summer_Weekend,47064.0,235320.0,29600.0,55700.0,367684.0
2598,109,5,2026-04-19,Summer_Weekend,54464.0,235320.0,40256.0,55400.0,385440.0
2599,109,6,2026-04-19,Summer_Weekend,48544.0,198320.0,40256.0,54700.0,341820.0
2600,109,7,2026-04-19,Summer_Weekend,51208.0,198320.0,40256.0,58500.0,348284.0
2601,109,8,2026-04-19,Summer_Weekend,58608.0,256040.0,59200.0,58500.0,432348.0
2602,109,9,2026-04-19,Summer_Weekend,58608.0,256040.0,69856.0,58500.0,443004.0
2603,109,10,2026-04-19,Summer_Weekend,110408.0,256040.0,69856.0,48000.0,484304.0
2604,109,11,2026-04-19,Summer_Weekend,110408.0,256040.0,69856.0,48000.0,484304.0
2605,109,12,2026-04-19,Summer_Weekend,68672.0,269360.0,69856.0,37500.0,445388.0
2606,109,13,2026-04-19,Summer_Weekend,187072.0,885040.0,69856.0,37500.0,1179468.0
2607,109,14,2026-04-19,Summer_Weekend,187072.0,306360.0,69856.0,27000.0,590288.0
2608,109,15,2026-04-19,Summer_Weekend,68672.0,306360.0,80512.0,27000.0,482544.0
2609,109,16,2026-04-19,Summer_Weekend,68672.0,306360.0,80512.0,27300.0,482844.0
2610,109,17,2026-04-19,Summer_Weekend,71336.0,306360.0,80512.0,25600.0,483808.0
2611,109,18,2026-04-19,Summer_Weekend,71336.0,306360.0,80512.0,26500.0,484708.0
2612,109,19,2026-04-19,Summer_Weekend,74000.0,306360.0,80512.0,16500.0,477372.0
2613,109,20,2026-04-19,Summer_Weekend,74000.0,306360.0,80512.0,17100.0,477972.0
2614,109,21,2026-04-19,Summer_Weekend,61272.0,293040.0,80512.0,16100.0,450924.0
2615,109,22,2026-04-19,Summer_Weekend,61272.0,293040.0,80512.0,16100.0,450924.0
2616,109,23,2026-04-19,Summer_Weekend,61272.0,293040.0,80512.0,16100.0,450924.0
2617,110,0,2026-04-20,April,57128.0,235320.0,29600.0,25300.0,347348.0
2618,110,1,2026-04-20,April,57128.0,235320.0,29600.0,25300.0,347348.0
2619,110,2,2026-04-20,April,57128.0,235320.0,29600.0,25300.0,347348.0
2620,110,3,2026-04-20,April,47064.0,222000.0,29600.0,45400.0,344064.0
2621,110,4,2026-04-20,April,47064.0,185000.0,29600.0,44800.0,306464.0
2622,110,5,2026-04-20,April,54464.0,185000.0,40256.0,44500.0,324220.0
2623,110,6,2026-04-20,April,55944.0,229400.0,29600.0,50060.0,365004.0
2624,110,7,2026-04-20,April,55944.0,229400.0,29600.0,53860.0,368804.0
2625,110,8,2026-04-20,April,58608.0,279720.0,29600.0,53860.0,421788.0
2626,110,9,2026-04-20,April,58608.0,279720.0,29600.0,53860.0,421788.0
2627,110,10,2026-04-20,April,58608.0,279720.0,40256.0,53860.0,432444.0
2628,110,11,2026-04-20,April,58608.0,279720.0,40256.0,52395.0,430979.0
2629,110,12,2026-04-20,April,57128.0,235320.0,40256.0,53860.0,386564.0
2630,110,13,2026-04-20,April,57128.0,235320.0,40256.0,53860.0,386564.0
2631,110,14,2026-04-20,April,57128.0,235320.0,40256.0,40430.0,373134.0
2632,110,15,2026-04-20,April,59792.0,840640.0,40256.0,40430.0,981118.0
2633,110,16,2026-04-20,April,68672.0,293040.0,40256.0,37800.0,439768.0
2634,110,17,2026-04-20,April,68672.0,293040.0,50912.0,35700.0,448324.0
2635,110,18,2026-04-20,April,74000.0,306360.0,50912.0,36600.0,467872.0
2636,110,19,2026-04-20,April,74000.0,306360.0,40256.0,37100.0,457716.0
2637,110,20,2026-04-20,April,74000.0,306360.0,40256.0,16700.0,437316.0
2638,110,21,2026-04-20,April,68672.0,306360.0,40256.0,15700.0,430988.0
2639,110,22,2026-04-20,April,52392.0,261960.0,29600.0,15700.0,359652.0
2640,110,23,2026-04-20,April,52392.0,261960.0,29600.0,15700.0,359652.0
2641,111,0,2026-04-21,April,57128.0,235320.0,29600.0,25300.0,347348.0
2642,111,1,2026-04-21,April,57128.0,235320.0,29600.0,25300.0,347348.0
2643,111,2,2026-04-21,April,57128.0,235320.0,29600.0,25300.0,347348.0
2644,111,3,2026-04-21,April,47064.0,222000.0,29600.0,45400.0,344064.0
2645,111,4,2026-04-21,April,47064.0,185000.0,29600.0,44800.0,306464.0
2646,111,5,2026-04-21,April,54464.0,185000.0,40256.0,44500.0,324220.0
2647,111,6,2026-04-21,April,55944.0,229400.0,29600.0,50060.0,365004.0
2648,111,7,2026-04-21,April,55944.0,229400.0,29600.0,53860.0,368804.0
2649,111,8,2026-04-21,April,58608.0,279720.0,29600.0,53860.0,421788.0
2650,111,9,2026-04-21,April,58608.0,279720.0,29600.0,53860.0,421788.0
2651,111,10,2026-04-21,April,58608.0,279720.0,40256.0,53860.0,432444.0
2652,111,11,2026-04-21,April,58608.0,279720.0,40256.0,52395.0,430979.0
2653,111,12,2026-04-21,April,57128.0,235320.0,40256.0,53860.0,386564.0
2654,111,13,2026-04-21,April,57128.0,235320.0,40256.0,53860.0,386564.0
2655,111,14,2026-04-21,April,57128.0,235320.0,40256.0,40430.0,373134.0
2656,111,15,2026-04-21,April,59792.0,840640.0,40256.0,40430.0,981118.0
2657,111,16,2026-04-21,April,68672.0,293040.0,40256.0,37800.0,439768.0
2658,111,17,2026-04-21,April,68672.0,293040.0,50912.0,35700.0,448324.0
2659,111,18,2026-04-21,April,74000.0,306360.0,50912.0,36600.0,467872.0
2660,111,19,2026-04-21,April,74000.0,306360.0,40256.0,37100.0,457716.0
2661,111,20,2026-04-21,April,74000.0,306360.0,40256.0,16700.0,437316.0
2662,111,21,2026-04-21,April,68672.0,306360.0,40256.0,15700.0,430988.0
2663,111,22,2026-04-21,April,52392.0,261960.0,29600.0,15700.0,359652.0
2664,111,23,2026-04-21,April,52392.0,261960.0,29600.0,15700.0,359652.0
2665,112,0,2026-04-22,April,57128.0,235320.0,29600.0,25300.0,347348.0
2666,112,1,2026-04-22,April,57128.0,235320.0,29600.0,25300.0,347348.0
2667,112,2,2026-04-22,April,57128.0,235320.0,29600.0,25300.0,347348.0
2668,112,3,2026-04-22,April,47064.0,222000.0,29600.0,45400.0,344064.0
2669,112,4,2026-04-22,April,47064.0,185000.0,29600.0,44800.0,306464.0
2670,112,5,2026-04-22,April,54464.0,185000.0,40256.0,44500.0,324220.0
2671,112,6,2026-04-22,April,55944.0,229400.0,29600.0,50060.0,365004.0
2672,112,7,2026-04-22,April,55944.0,229400.0,29600.0,53860.0,368804.0
2673,112,8,2026-04-22,April,58608.0,279720.0,29600.0,53860.0,421788.0
2674,112,9,2026-04-22,April,58608.0,279720.0,29600.0,53860.0,421788.0
2675,112,10,2026-04-22,April,58608.0,279720.0,40256.0,53860.0,432444.0
2676,112,11,2026-04-22,April,58608.0,279720.0,40256.0,52395.0,430979.0
2677,112,12,2026-04-22,April,57128.0,235320.0,40256.0,53860.0,386564.0
2678,112,13,2026-04-22,April,57128.0,235320.0,40256.0,53860.0,386564.0
2679,112,14,2026-04-22,April,57128.0,235320.0,40256.0,40430.0,373134.0
2680,112,15,2026-04-22,April,59792.0,840640.0,40256.0,40430.0,981118.0
2681,112,16,2026-04-22,April,68672.0,293040.0,40256.0,37800.0,439768.0
2682,112,17,2026-04-22,April,68672.0,293040.0,50912.0,35700.0,448324.0
2683,112,18,2026-04-22,April,74000.0,306360.0,50912.0,36600.0,467872.0
2684,112,19,2026-04-22,April,74000.0,306360.0,40256.0,37100.0,457716.0
2685,112,20,2026-04-22,April,74000.0,306360.0,40256.0,16700.0,437316.0
2686,112,21,2026-04-22,April,68672.0,306360.0,40256.0,15700.0,430988.0
2687,112,22,2026-04-22,April,52392.0,261960.0,29600.0,15700.0,359652.0
2688,112,23,2026-04-22,April,52392.0,261960.0,29600.0,15700.0,359652.0
2689,113,0,2026-04-23,April,57128.0,235320.0,29600.0,25300.0,347348.0
2690,113,1,2026-04-23,April,57128.0,235320.0,29600.0,25300.0,347348.0
2691,113,2,2026-04-23,April,57128.0,235320.0,29600.0,25300.0,347348.0
2692,113,3,2026-04-23,April,47064.0,222000.0,29600.0,45400.0,344064.0
2693,113,4,2026-04-23,April,47064.0,185000.0,29600.0,44800.0,306464.0
2694,113,5,2026-04-23,April,54464.0,185000.0,40256.0,44500.0,324220.0
2695,113,6,2026-04-23,April,55944.0,229400.0,29600.0,50060.0,365004.0
2696,113,7,2026-04-23,April,55944.0,229400.0,29600.0,53860.0,368804.0
2697,113,8,2026-04-23,April,58608.0,279720.0,29600.0,53860.0,421788.0
2698,113,9,2026-04-23,April,58608.0,279720.0,29600.0,53860.0,421788.0
2699,113,10,2026-04-23,April,58608.0,279720.0,40256.0,53860.0,432444.0
2700,113,11,2026-04-23,April,58608.0,279720.0,40256.0,52395.0,430979.0
2701,113,12,2026-04-23,April,57128.0,235320.0,40256.0,53860.0,386564.0
2702,113,13,2026-04-23,April,57128.0,235320.0,40256.0,53860.0,386564.0
2703,113,14,2026-04-23,April,57128.0,235320.0,40256.0,40430.0,373134.0
2704,113,15,2026-04-23,April,59792.0,840640.0,40256.0,40430.0,981118.0
2705,113,16,2026-04-23,April,68672.0,293040.0,40256.0,37800.0,439768.0
2706,113,17,2026-04-23,April,68672.0,293040.0,50912.0,35700.0,448324.0
2707,113,18,2026-04-23,April,74000.0,306360.0,50912.0,36600.0,467872.0
2708,113,19,2026-04-23,April,74000.0,306360.0,40256.0,37100.0,457716.0
2709,113,20,2026-04-23,April,74000.0,306360.0,40256.0,16700.0,437316.0
2710,113,21,2026-04-23,April,68672.0,306360.0,40256.0,15700.0,430988.0
2711,113,22,2026-04-23,April,52392.0,261960.0,29600.0,15700.0,359652.0
2712,113,23,2026-04-23,April,52392.0,261960.0,29600.0,15700.0,359652.0
2713,114,0,2026-04-24,April,57128.0,235320.0,29600.0,25300.0,347348.0
2714,114,1,2026-04-24,April,57128.0,235320.0,29600.0,25300.0,347348.0
2715,114,2,2026-04-24,April,57128.0,235320.0,29600.0,25300.0,347348.0
2716,114,3,2026-04-24,April,47064.0,222000.0,29600.0,45400.0,344064.0
2717,114,4,2026-04-24,April,47064.0,185000.0,29600.0,44800.0,306464.0
2718,114,5,2026-04-24,April,54464.0,185000.0,40256.0,44500.0,324220.0
2719,114,6,2026-04-24,April,55944.0,229400.0,29600.0,50060.0,365004.0
2720,114,7,2026-04-24,April,55944.0,229400.0,29600.0,53860.0,368804.0
2721,114,8,2026-04-24,April,58608.0,279720.0,29600.0,53860.0,421788.0
2722,114,9,2026-04-24,April,58608.0,279720.0,29600.0,53860.0,421788.0
2723,114,10,2026-04-24,April,58608.0,279720.0,40256.0,53860.0,432444.0
2724,114,11,2026-04-24,April,58608.0,279720.0,40256.0,52395.0,430979.0
2725,114,12,2026-04-24,April,57128.0,235320.0,40256.0,53860.0,386564.0
2726,114,13,2026-04-24,April,57128.0,235320.0,40256.0,53860.0,386564.0
2727,114,14,2026-04-24,April,57128.0,235320.0,40256.0,40430.0,373134.0
2728,114,15,2026-04-24,April,59792.0,840640.0,40256.0,40430.0,981118.0
2729,114,16,2026-04-24,April,68672.0,293040.0,40256.0,37800.0,439768.0
2730,114,17,2026-04-24,April,68672.0,293040.0,50912.0,35700.0,448324.0
2731,114,18,2026-04-24,April,74000.0,306360.0,50912.0,36600.0,467872.0
2732,114,19,2026-04-24,April,74000.0,306360.0,40256.0,37100.0,457716.0
2733,114,20,2026-04-24,April,74000.0,306360.0,40256.0,16700.0,437316.0
2734,114,21,2026-04-24,April,68672.0,306360.0,40256.0,15700.0,430988.0
2735,114,22,2026-04-24,April,52392.0,261960.0,29600.0,15700.0,359652.0
2736,114,23,2026-04-24,April,52392.0,261960.0,29600.0,15700.0,359652.0
2737,115,0,2026-04-25,Summer_Weekend,58608.0,293040.0,40256.0,36200.0,428104.0
2738,115,1,2026-04-25,Summer_Weekend,58608.0,248640.0,40256.0,36200.0,383704.0
2739,115,2,2026-04-25,Summer_Weekend,58608.0,248640.0,40256.0,36200.0,383704.0
2740,115,3,2026-04-25,Summer_Weekend,47064.0,235320.0,29600.0,56300.0,368284.0
2741,115,4,2026-04-25,Summer_Weekend,47064.0,235320.0,29600.0,55700.0,367684.0
2742,115,5,2026-04-25,Summer_Weekend,54464.0,235320.0,40256.0,55400.0,385440.0
2743,115,6,2026-04-25,Summer_Weekend,48544.0,198320.0,40256.0,54700.0,341820.0
2744,115,7,2026-04-25,Summer_Weekend,51208.0,198320.0,40256.0,58500.0,348284.0
2745,115,8,2026-04-25,Summer_Weekend,58608.0,256040.0,59200.0,58500.0,432348.0
2746,115,9,2026-04-25,Summer_Weekend,58608.0,256040.0,69856.0,58500.0,443004.0
2747,115,10,2026-04-25,Summer_Weekend,110408.0,256040.0,69856.0,48000.0,484304.0
2748,115,11,2026-04-25,Summer_Weekend,110408.0,256040.0,69856.0,48000.0,484304.0
2749,115,12,2026-04-25,Summer_Weekend,68672.0,269360.0,69856.0,37500.0,445388.0
2750,115,13,2026-04-25,Summer_Weekend,187072.0,885040.0,69856.0,37500.0,1179468.0
2751,115,14,2026-04-25,Summer_Weekend,187072.0,306360.0,69856.0,27000.0,590288.0
2752,115,15,2026-04-25,Summer_Weekend,68672.0,306360.0,80512.0,27000.0,482544.0
2753,115,16,2026-04-25,Summer_Weekend,68672.0,306360.0,80512.0,27300.0,482844.0
2754,115,17,2026-04-25,Summer_Weekend,71336.0,306360.0,80512.0,25600.0,483808.0
2755,115,18,2026-04-25,Summer_Weekend,71336.0,306360.0,80512.0,26500.0,484708.0
2756,115,19,2026-04-25,Summer_Weekend,74000.0,306360.0,80512.0,16500.0,477372.0
2757,115,20,2026-04-25,Summer_Weekend,74000.0,306360.0,80512.0,17100.0,477972.0
2758,115,21,2026-04-25,Summer_Weekend,61272.0,293040.0,80512.0,16100.0,450924.0
2759,115,22,2026-04-25,Summer_Weekend,61272.0,293040.0,80512.0,16100.0,450924.0
2760,115,23,2026-04-25,Summer_Weekend,61272.0,293040.0,80512.0,16100.0,450924.0
2761,116,0,2026-04-26,Summer_Weekend,58608.0,293040.0,40256.0,36200.0,428104.0
2762,116,1,2026-04-26,Summer_Weekend,58608.0,248640.0,40256.0,36200.0,383704.0
2763,116,2,2026-04-26,Summer_Weekend,58608.0,248640.0,40256.0,36200.0,383704.0
2764,116,3,2026-04-26,Summer_Weekend,47064.0,235320.0,29600.0,56300.0,368284.0
2765,116,4,2026-04-26,Summer_Weekend,47064.0,235320.0,29600.0,55700.0,367684.0
2766,116,5,2026-04-26,Summer_Weekend,54464.0,235320.0,40256.0,55400.0,385440.0
2767,116,6,2026-04-26,Summer_Weekend,48544.0,198320.0,40256.0,54700.0,341820.0
2768,116,7,2026-04-26,Summer_Weekend,51208.0,198320.0,40256.0,58500.0,348284.0
2769,116,8,2026-04-26,Summer_Weekend,58608.0,256040.0,59200.0,58500.0,432348.0
2770,116,9,2026-04-26,Summer_Weekend,58608.0,256040.0,69856.0,58500.0,443004.0
2771,116,10,2026-04-26,Summer_Weekend,110408.0,256040.0,69856.0,48000.0,484304.0
2772,116,11,2026-04-26,Summer_Weekend,110408.0,256040.0,69856.0,48000.0,484304.0
2773,116,12,2026-04-26,Summer_Weekend,68672.0,269360.0,69856.0,37500.0,445388.0
2774,116,13,2026-04-26,Summer_Weekend,187072.0,885040.0,69856.0,37500.0,1179468.0
2775,116,14,2026-04-26,Summer_Weekend,187072.0,306360.0,69856.0,27000.0,590288.0
2776,116,15,2026-04-26,Summer_Weekend,68672.0,306360.0,80512.0,27000.0,482544.0
2777,116,16,2026-04-26,Summer_Weekend,68672.0,306360.0,80512.0,27300.0,482844.0
2778,116,17,2026-04-26,Summer_Weekend,71336.0,306360.0,80512.0,25600.0,483808.0
2779,116,18,2026-04-26,Summer_Weekend,71336.0,306360.0,80512.0,26500.0,484708.0
2780,116,19,2026-04-26,Summer_Weekend,74000.0,306360.0,80512.0,16500.0,477372.0
2781,116,20,2026-04-26,Summer_Weekend,74000.0,306360.0,80512.0,17100.0,477972.0
2782,116,21,2026-04-26,Summer_Weekend,61272.0,293040.0,80512.0,16100.0,450924.0
2783,116,22,2026-04-26,Summer_Weekend,61272.0,293040.0,80512.0,16100.0,450924.0
2784,116,23,2026-04-26,Summer_Weekend,61272.0,293040.0,80512.0,16100.0,450924.0
2785,117,0,2026-04-27,April,57128.0,235320.0,29600.0,25300.0,347348.0
2786,117,1,2026-04-27,April,57128.0,235320.0,29600.0,25300.0,347348.0
2787,117,2,2026-04-27,April,57128.0,235320.0,29600.0,25300.0,347348.0
2788,117,3,2026-04-27,April,47064.0,222000.0,29600.0,45400.0,344064.0
2789,117,4,2026-04-27,April,47064.0,185000.0,29600.0,44800.0,306464.0
2790,117,5,2026-04-27,April,54464.0,185000.0,40256.0,44500.0,324220.0
2791,117,6,2026-04-27,April,55944.0,229400.0,29600.0,50060.0,365004.0
2792,117,7,2026-04-27,April,55944.0,229400.0,29600.0,53860.0,368804.0
2793,117,8,2026-04-27,April,58608.0,279720.0,29600.0,53860.0,421788.0
2794,117,9,2026-04-27,April,58608.0,279720.0,29600.0,53860.0,421788.0
2795,117,10,2026-04-27,April,58608.0,279720.0,40256.0,53860.0,432444.0
2796,117,11,2026-04-27,April,58608.0,279720.0,40256.0,52395.0,430979.0
2797,117,12,2026-04-27,April,57128.0,235320.0,40256.0,53860.0,386564.0
2798,117,13,2026-04-27,April,57128.0,235320.0,40256.0,53860.0,386564.0
2799,117,14,2026-04-27,April,57128.0,235320.0,40256.0,40430.0,373134.0
2800,117,15,2026-04-27,April,59792.0,840640.0,40256.0,40430.0,981118.0
2801,117,16,2026-04-27,April,68672.0,293040.0,40256.0,37800.0,439768.0
2802,117,17,2026-04-27,April,68672.0,293040.0,50912.0,35700.0,448324.0
2803,117,18,2026-04-27,April,74000.0,306360.0,50912.0,36600.0,467872.0
2804,117,19,2026-04-27,April,74000.0,306360.0,40256.0,37100.0,457716.0
2805,117,20,2026-04-27,April,74000.0,306360.0,40256.0,16700.0,437316.0
2806,117,21,2026-04-27,April,68672.0,306360.0,40256.0,15700.0,430988.0
2807,117,22,2026-04-27,April,52392.0,261960.0,29600.0,15700.0,359652.0
2808,117,23,2026-04-27,April,52392.0,261960.0,29600.0,15700.0,359652.0
2809,118,0,2026-04-28,April,57128.0,235320.0,29600.0,25300.0,347348.0
2810,118,1,2026-04-28,April,57128.0,235320.0,29600.0,25300.0,347348.0
2811,118,2,2026-04-28,April,57128.0,235320.0,29600.0,25300.0,347348.0
2812,118,3,2026-04-28,April,47064.0,222000.0,29600.0,45400.0,344064.0
2813,118,4,2026-04-28,April,47064.0,185000.0,29600.0,44800.0,306464.0
2814,118,5,2026-04-28,April,54464.0,185000.0,40256.0,44500.0,324220.0
2815,118,6,2026-04-28,April,55944.0,229400.0,29600.0,50060.0,365004.0
2816,118,7,2026-04-28,April,55944.0,229400.0,29600.0,53860.0,368804.0
2817,118,8,2026-04-28,April,58608.0,279720.0,29600.0,53860.0,421788.0
2818,118,9,2026-04-28,April,58608.0,279720.0,29600.0,53860.0,421788.0
2819,118,10,2026-04-28,April,58608.0,279720.0,40256.0,53860.0,432444.0
2820,118,11,2026-04-28,April,58608.0,279720.0,40256.0,52395.0,430979.0
2821,118,12,2026-04-28,April,57128.0,235320.0,40256.0,53860.0,386564.0
2822,118,13,2026-04-28,April,57128.0,235320.0,40256.0,53860.0,386564.0
2823,118,14,2026-04-28,April,57128.0,235320.0,40256.0,40430.0,373134.0
2824,118,15,2026-04-28,April,59792.0,840640.0,40256.0,40430.0,981118.0
2825,118,16,2026-04-28,April,68672.0,293040.0,40256.0,37800.0,439768.0
2826,118,17,2026-04-28,April,68672.0,293040.0,50912.0,35700.0,448324.0
2827,118,18,2026-04-28,April,74000.0,306360.0,50912.0,36600.0,467872.0
2828,118,19,2026-04-28,April,74000.0,306360.0,40256.0,37100.0,457716.0
2829,118,20,2026-04-28,April,74000.0,306360.0,40256.0,16700.0,437316.0
2830,118,21,2026-04-28,April,68672.0,306360.0,40256.0,15700.0,430988.0
2831,118,22,2026-04-28,April,52392.0,261960.0,29600.0,15700.0,359652.0
2832,118,23,2026-04-28,April,52392.0,261960.0,29600.0,15700.0,359652.0
2833,119,0,2026-04-29,April,57128.0,235320.0,29600.0,25300.0,347348.0
2834,119,1,2026-04-29,April,57128.0,235320.0,29600.0,25300.0,347348.0
2835,119,2,2026-04-29,April,57128.0,235320.0,29600.0,25300.0,347348.0
2836,119,3,2026-04-29,April,47064.0,222000.0,29600.0,45400.0,344064.0
2837,119,4,2026-04-29,April,47064.0,185000.0,29600.0,44800.0,306464.0
2838,119,5,2026-04-29,April,54464.0,185000.0,40256.0,44500.0,324220.0
2839,119,6,2026-04-29,April,55944.0,229400.0,29600.0,50060.0,365004.0
2840,119,7,2026-04-29,April,55944.0,229400.0,29600.0,53860.0,368804.0
2841,119,8,2026-04-29,April,58608.0,279720.0,29600.0,53860.0,421788.0
2842,119,9,2026-04-29,April,58608.0,279720.0,29600.0,53860.0,421788.0
2843,119,10,2026-04-29,April,58608.0,279720.0,40256.0,53860.0,432444.0
2844,119,11,2026-04-29,April,58608.0,279720.0,40256.0,52395.0,430979.0
2845,119,12,2026-04-29,April,57128.0,235320.0,40256.0,53860.0,386564.0
2846,119,13,2026-04-29,April,57128.0,235320.0,40256.0,53860.0,386564.0
2847,119,14,2026-04-29,April,57128.0,235320.0,40256.0,40430.0,373134.0
2848,119,15,2026-04-29,April,59792.0,840640.0,40256.0,40430.0,981118.0
2849,119,16,2026-04-29,April,68672.0,293040.0,40256.0,37800.0,439768.0
2850,119,17,2026-04-29,April,68672.0,293040.0,50912.0,35700.0,448324.0
2851,119,18,2026-04-29,April,74000.0,306360.0,50912.0,36600.0,467872.0
2852,119,19,2026-04-29,April,74000.0,306360.0,40256.0,37100.0,457716.0
2853,119,20,2026-04-29,April,74000.0,306360.0,40256.0,16700.0,437316.0
2854,119,21,2026-04-29,April,68672.0,306360.0,40256.0,15700.0,430988.0
2855,119,22,2026-04-29,April,52392.0,261960.0,29600.0,15700.0,359652.0
2856,119,23,2026-04-29,April,52392.0,261960.0,29600.0,15700.0,359652.0
2857,120,0,2026-04-30,April,57128.0,235320.0,29600.0,25300.0,347348.0
2858,120,1,2026-04-30,April,57128.0,235320.0,29600.0,25300.0,347348.0
2859,120,2,2026-04-30,April,57128.0,235320.0,29600.0,25300.0,347348.0
2860,120,3,2026-04-30,April,47064.0,222000.0,29600.0,45400.0,344064.0
2861,120,4,2026-04-30,April,47064.0,185000.0,29600.0,44800.0,306464.0
2862,120,5,2026-04-30,April,54464.0,185000.0,40256.0,44500.0,324220.0
2863,120,6,2026-04-30,April,55944.0,229400.0,29600.0,50060.0,365004.0
2864,120,7,2026-04-30,April,55944.0,229400.0,29600.0,53860.0,368804.0
2865,120,8,2026-04-30,April,58608.0,279720.0,29600.0,53860.0,421788.0
2866,120,9,2026-04-30,April,58608.0,279720.0,29600.0,53860.0,421788.0
2867,120,10,2026-04-30,April,58608.0,279720.0,40256.0,53860.0,432444.0
2868,120,11,2026-04-30,April,58608.0,279720.0,40256.0,52395.0,430979.0
2869,120,12,2026-04-30,April,57128.0,235320.0,40256.0,53860.0,386564.0
2870,120,13,2026-04-30,April,57128.0,235320.0,40256.0,53860.0,386564.0
2871,120,14,2026-04-30,April,57128.0,235320.0,40256.0,40430.0,373134.0
2872,120,15,2026-04-30,April,59792.0,840640.0,40256.0,40430.0,981118.0
2873,120,16,2026-04-30,April,68672.0,293040.0,40256.0,37800.0,439768.0
2874,120,17,2026-04-30,April,68672.0,293040.0,50912.0,35700.0,448324.0
2875,120,18,2026-04-30,April,74000.0,306360.0,50912.0,36600.0,467872.0
2876,120,19,2026-04-30,April,74000.0,306360.0,40256.0,37100.0,457716.0
2877,120,20,2026-04-30,April,74000.0,306360.0,40256.0,16700.0,437316.0
2878,120,21,2026-04-30,April,68672.0,306360.0,40256.0,15700.0,430988.0
2879,120,22,2026-04-30,April,52392.0,261960.0,29600.0,15700.0,359652.0
2880,120,23,2026-04-30,April,52392.0,261960.0,29600.0,15700.0,359652.0
2881,121,0,2026-05-01,Public_Holiday,63936.0,269360.0,0.0,26900.0,360196.0
2882,121,1,2026-05-01,Public_Holiday,63936.0,269360.0,0.0,26900.0,360196.0
2883,121,2,2026-05-01,Public_Holiday,52392.0,211640.0,0.0,24100.0,288132.0
2884,121,3,2026-05-01,Public_Holiday,52392.0,211640.0,0.0,33700.0,297732.0
2885,121,4,2026-05-01,Public_Holiday,52392.0,211640.0,0.0,33100.0,297132.0
2886,121,5,2026-05-01,Public_Holiday,57128.0,248640.0,10656.0,35600.0,352024.0
2887,121,6,2026-05-01,Public_Holiday,58608.0,256040.0,10656.0,35300.0,360604.0
2888,121,7,2026-05-01,Public_Holiday,58608.0,256040.0,10656.0,36500.0,361804.0
2889,121,8,2026-05-01,Public_Holiday,58608.0,256040.0,0.0,36500.0,351148.0
2890,121,9,2026-05-01,Public_Holiday,58608.0,256040.0,0.0,36500.0,351148.0
2891,121,10,2026-05-01,Public_Holiday,110408.0,256040.0,40256.0,26000.0,432704.0
2892,121,11,2026-05-01,Public_Holiday,58608.0,256040.0,40256.0,26000.0,380904.0
2893,121,12,2026-05-01,Public_Holiday,58608.0,256040.0,40256.0,26000.0,380904.0
2894,121,13,2026-05-01,Public_Holiday,58608.0,256040.0,40256.0,26000.0,380904.0
2895,121,14,2026-05-01,Public_Holiday,66600.0,269360.0,40256.0,26000.0,402216.0
2896,121,15,2026-05-01,Public_Holiday,185000.0,861360.0,40256.0,15500.0,1102116.0
2897,121,16,2026-05-01,Public_Holiday,66600.0,269360.0,40256.0,15800.0,392016.0
2898,121,17,2026-05-01,Public_Holiday,66600.0,269360.0,50912.0,17000.0,403872.0
2899,121,18,2026-05-01,Public_Holiday,66600.0,269360.0,50912.0,17600.0,404472.0
2900,121,19,2026-05-01,Public_Holiday,66600.0,269360.0,10656.0,17900.0,364516.0
2901,121,20,2026-05-01,Public_Holiday,66600.0,269360.0,10656.0,18500.0,365116.0
2902,121,21,2026-05-01,Public_Holiday,63936.0,269360.0,10656.0,17300.0,361252.0
2903,121,22,2026-05-01,Public_Holiday,63936.0,269360.0,0.0,17300.0,350596.0
2904,121,23,2026-05-01,Public_Holiday,63936.0,269360.0,0.0,17300.0,350596.0
2905,122,0,2026-05-02,Summer_Weekend,58608.0,293040.0,40256.0,36200.0,428104.0
2906,122,1,2026-05-02,Summer_Weekend,58608.0,248640.0,40256.0,36200.0,383704.0
2907,122,2,2026-05-02,Summer_Weekend,58608.0,248640.0,40256.0,36200.0,383704.0
2908,122,3,2026-05-02,Summer_Weekend,47064.0,235320.0,29600.0,56300.0,368284.0
2909,122,4,2026-05-02,Summer_Weekend,47064.0,235320.0,29600.0,55700.0,367684.0
2910,122,5,2026-05-02,Summer_Weekend,54464.0,235320.0,40256.0,55400.0,385440.0
2911,122,6,2026-05-02,Summer_Weekend,48544.0,198320.0,40256.0,54700.0,341820.0
2912,122,7,2026-05-02,Summer_Weekend,51208.0,198320.0,40256.0,58500.0,348284.0
2913,122,8,2026-05-02,Summer_Weekend,58608.0,256040.0,59200.0,58500.0,432348.0
2914,122,9,2026-05-02,Summer_Weekend,58608.0,256040.0,69856.0,58500.0,443004.0
2915,122,10,2026-05-02,Summer_Weekend,110408.0,256040.0,69856.0,48000.0,484304.0
2916,122,11,2026-05-02,Summer_Weekend,110408.0,256040.0,69856.0,48000.0,484304.0
2917,122,12,2026-05-02,Summer_Weekend,68672.0,269360.0,69856.0,37500.0,445388.0
2918,122,13,2026-05-02,Summer_Weekend,187072.0,885040.0,69856.0,37500.0,1179468.0
2919,122,14,2026-05-02,Summer_Weekend,187072.0,306360.0,69856.0,27000.0,590288.0
2920,122,15,2026-05-02,Summer_Weekend,68672.0,306360.0,80512.0,27000.0,482544.0
2921,122,16,2026-05-02,Summer_Weekend,68672.0,306360.0,80512.0,27300.0,482844.0
2922,122,17,2026-05-02,Summer_Weekend,71336.0,306360.0,80512.0,25600.0,483808.0
2923,122,18,2026-05-02,Summer_Weekend,71336.0,306360.0,80512.0,26500.0,484708.0
2924,122,19,2026-05-02,Summer_Weekend,74000.0,306360.0,80512.0,16500.0,477372.0
2925,122,20,2026-05-02,Summer_Weekend,74000.0,306360.0,80512.0,17100.0,477972.0
2926,122,21,2026-05-02,Summer_Weekend,61272.0,293040.0,80512.0,16100.0,450924.0
2927,122,22,2026-05-02,Summer_Weekend,61272.0,293040.0,80512.0,16100.0,450924.0
2928,122,23,2026-05-02,Summer_Weekend,61272.0,293040.0,80512.0,16100.0,450924.0
2929,123,0,2026-05-03,Summer_Weekend,58608.0,293040.0,40256.0,36200.0,428104.0
2930,123,1,2026-05-03,Summer_Weekend,58608.0,248640.0,40256.0,36200.0,383704.0
2931,123,2,2026-05-03,Summer_Weekend,58608.0,248640.0,40256.0,36200.0,383704.0
2932,123,3,2026-05-03,Summer_Weekend,47064.0,235320.0,29600.0,56300.0,368284.0
2933,123,4,2026-05-03,Summer_Weekend,47064.0,235320.0,29600.0,55700.0,367684.0
2934,123,5,2026-05-03,Summer_Weekend,54464.0,235320.0,40256.0,55400.0,385440.0
2935,123,6,2026-05-03,Summer_Weekend,48544.0,198320.0,40256.0,54700.0,341820.0
2936,123,7,2026-05-03,Summer_Weekend,51208.0,198320.0,40256.0,58500.0,348284.0
2937,123,8,2026-05-03,Summer_Weekend,58608.0,256040.0,59200.0,58500.0,432348.0
2938,123,9,2026-05-03,Summer_Weekend,58608.0,256040.0,69856.0,58500.0,443004.0
2939,123,10,2026-05-03,Summer_Weekend,110408.0,256040.0,69856.0,48000.0,484304.0
2940,123,11,2026-05-03,Summer_Weekend,110408.0,256040.0,69856.0,48000.0,484304.0
2941,123,12,2026-05-03,Summer_Weekend,68672.0,269360.0,69856.0,37500.0,445388.0
2942,123,13,2026-05-03,Summer_Weekend,187072.0,885040.0,69856.0,37500.0,1179468.0
2943,123,14,2026-05-03,Summer_Weekend,187072.0,306360.0,69856.0,27000.0,590288.0
2944,123,15,2026-05-03,Summer_Weekend,68672.0,306360.0,80512.0,27000.0,482544.0
2945,123,16,2026-05-03,Summer_Weekend,68672.0,306360.0,80512.0,27300.0,482844.0
2946,123,17,2026-05-03,Summer_Weekend,71336.0,306360.0,80512.0,25600.0,483808.0
2947,123,18,2026-05-03,Summer_Weekend,71336.0,306360.0,80512.0,26500.0,484708.0
2948,123,19,2026-05-03,Summer_Weekend,74000.0,306360.0,80512.0,16500.0,477372.0
2949,123,20,2026-05-03,Summer_Weekend,74000.0,306360.0,80512.0,17100.0,477972.0
2950,123,21,2026-05-03,Summer_Weekend,61272.0,293040.0,80512.0,16100.0,450924.0
2951,123,22,2026-05-03,Summer_Weekend,61272.0,293040.0,80512.0,16100.0,450924.0
2952,123,23,2026-05-03,Summer_Weekend,61272.0,293040.0,80512.0,16100.0,450924.0
2953,124,0,2026-05-04,May,57128.0,235320.0,29600.0,25300.0,347348.0
2954,124,1,2026-05-04,May,57128.0,235320.0,29600.0,25300.0,347348.0
2955,124,2,2026-05-04,May,57128.0,235320.0,29600.0,25300.0,347348.0
2956,124,3,2026-05-04,May,47064.0,222000.0,29600.0,45400.0,344064.0
2957,124,4,2026-05-04,May,47064.0,185000.0,29600.0,44800.0,306464.0
2958,124,5,2026-05-04,May,54464.0,185000.0,40256.0,44500.0,324220.0
2959,124,6,2026-05-04,May,55944.0,229400.0,29600.0,50060.0,365004.0
2960,124,7,2026-05-04,May,55944.0,229400.0,29600.0,53860.0,368804.0
2961,124,8,2026-05-04,May,58608.0,279720.0,29600.0,53860.0,421788.0
2962,124,9,2026-05-04,May,58608.0,279720.0,29600.0,53860.0,421788.0
2963,124,10,2026-05-04,May,58608.0,279720.0,40256.0,53860.0,432444.0
2964,124,11,2026-05-04,May,58608.0,279720.0,40256.0,52395.0,430979.0
2965,124,12,2026-05-04,May,57128.0,235320.0,40256.0,53860.0,386564.0
2966,124,13,2026-05-04,May,57128.0,235320.0,40256.0,53860.0,386564.0
2967,124,14,2026-05-04,May,57128.0,235320.0,40256.0,40430.0,373134.0
2968,124,15,2026-05-04,May,59792.0,840640.0,40256.0,40430.0,981118.0
2969,124,16,2026-05-04,May,68672.0,293040.0,40256.0,37800.0,439768.0
2970,124,17,2026-05-04,May,68672.0,293040.0,50912.0,35700.0,448324.0
2971,124,18,2026-05-04,May,74000.0,306360.0,50912.0,36600.0,467872.0
2972,124,19,2026-05-04,May,74000.0,306360.0,40256.0,37100.0,457716.0
2973,124,20,2026-05-04,May,74000.0,306360.0,40256.0,16700.0,437316.0
2974,124,21,2026-05-04,May,68672.0,306360.0,40256.0,15700.0,430988.0
2975,124,22,2026-05-04,May,52392.0,261960.0,29600.0,15700.0,359652.0
2976,124,23,2026-05-04,May,52392.0,261960.0,29600.0,15700.0,359652.0
2977,125,0,2026-05-05,May,57128.0,235320.0,29600.0,25300.0,347348.0
2978,125,1,2026-05-05,May,57128.0,235320.0,29600.0,25300.0,347348.0
2979,125,2,2026-05-05,May,57128.0,235320.0,29600.0,25300.0,347348.0
2980,125,3,2026-05-05,May,47064.0,222000.0,29600.0,45400.0,344064.0
2981,125,4,2026-05-05,May,47064.0,185000.0,29600.0,44800.0,306464.0
2982,125,5,2026-05-05,May,54464.0,185000.0,40256.0,44500.0,324220.0
2983,125,6,2026-05-05,May,55944.0,229400.0,29600.0,50060.0,365004.0
2984,125,7,2026-05-05,May,55944.0,229400.0,29600.0,53860.0,368804.0
2985,125,8,2026-05-05,May,58608.0,279720.0,29600.0,53860.0,421788.0
2986,125,9,2026-05-05,May,58608.0,279720.0,29600.0,53860.0,421788.0
2987,125,10,2026-05-05,May,58608.0,279720.0,40256.0,53860.0,432444.0
2988,125,11,2026-05-05,May,58608.0,279720.0,40256.0,52395.0,430979.0
2989,125,12,2026-05-05,May,57128.0,235320.0,40256.0,53860.0,386564.0
2990,125,13,2026-05-05,May,57128.0,235320.0,40256.0,53860.0,386564.0
2991,125,14,2026-05-05,May,57128.0,235320.0,40256.0,40430.0,373134.0
2992,125,15,2026-05-05,May,59792.0,840640.0,40256.0,40430.0,981118.0
2993,125,16,2026-05-05,May,68672.0,293040.0,40256.0,37800.0,439768.0
2994,125,17,2026-05-05,May,68672.0,293040.0,50912.0,35700.0,448324.0
2995,125,18,2026-05-05,May,74000.0,306360.0,50912.0,36600.0,467872.0
2996,125,19,2026-05-05,May,74000.0,306360.0,40256.0,37100.0,457716.0
2997,125,20,2026-05-05,May,74000.0,306360.0,40256.0,16700.0,437316.0
2998,125,21,2026-05-05,May,68672.0,306360.0,40256.0,15700.0,430988.0
2999,125,22,2026-05-05,May,52392.0,261960.0,29600.0,15700.0,359652.0
3000,125,23,2026-05-05,May,52392.0,261960.0,29600.0,15700.0,359652.0
3001,126,0,2026-05-06,May,57128.0,235320.0,29600.0,25300.0,347348.0
3002,126,1,2026-05-06,May,57128.0,235320.0,29600.0,25300.0,347348.0
3003,126,2,2026-05-06,May,57128.0,235320.0,29600.0,25300.0,347348.0
3004,126,3,2026-05-06,May,47064.0,222000.0,29600.0,45400.0,344064.0
3005,126,4,2026-05-06,May,47064.0,185000.0,29600.0,44800.0,306464.0
3006,126,5,2026-05-06,May,54464.0,185000.0,40256.0,44500.0,324220.0
3007,126,6,2026-05-06,May,55944.0,229400.0,29600.0,50060.0,365004.0
3008,126,7,2026-05-06,May,55944.0,229400.0,29600.0,53860.0,368804.0
3009,126,8,2026-05-06,May,58608.0,279720.0,29600.0,53860.0,421788.0
3010,126,9,2026-05-06,May,58608.0,279720.0,29600.0,53860.0,421788.0
3011,126,10,2026-05-06,May,58608.0,279720.0,40256.0,53860.0,432444.0
3012,126,11,2026-05-06,May,58608.0,279720.0,40256.0,52395.0,430979.0
3013,126,12,2026-05-06,May,57128.0,235320.0,40256.0,53860.0,386564.0
3014,126,13,2026-05-06,May,57128.0,235320.0,40256.0,53860.0,386564.0
3015,126,14,2026-05-06,May,57128.0,235320.0,40256.0,40430.0,373134.0
3016,126,15,2026-05-06,May,59792.0,840640.0,40256.0,40430.0,981118.0
3017,126,16,2026-05-06,May,68672.0,293040.0,40256.0,37800.0,439768.0
3018,126,17,2026-05-06,May,68672.0,293040.0,50912.0,35700.0,448324.0
3019,126,18,2026-05-06,May,74000.0,306360.0,50912.0,36600.0,467872.0
3020,126,19,2026-05-06,May,74000.0,306360.0,40256.0,37100.0,457716.0
3021,126,20,2026-05-06,May,74000.0,306360.0,40256.0,16700.0,437316.0
3022,126,21,2026-05-06,May,68672.0,306360.0,40256.0,15700.0,430988.0
3023,126,22,2026-05-06,May,52392.0,261960.0,29600.0,15700.0,359652.0
3024,126,23,2026-05-06,May,52392.0,261960.0,29600.0,15700.0,359652.0
3025,127,0,2026-05-07,May,57128.0,235320.0,29600.0,25300.0,347348.0
3026,127,1,2026-05-07,May,57128.0,235320.0,29600.0,25300.0,347348.0
3027,127,2,2026-05-07,May,57128.0,235320.0,29600.0,25300.0,347348.0
3028,127,3,2026-05-07,May,47064.0,222000.0,29600.0,45400.0,344064.0
3029,127,4,2026-05-07,May,47064.0,185000.0,29600.0,44800.0,306464.0
3030,127,5,2026-05-07,May,54464.0,185000.0,40256.0,44500.0,324220.0
3031,127,6,2026-05-07,May,55944.0,229400.0,29600.0,50060.0,365004.0
3032,127,7,2026-05-07,May,55944.0,229400.0,29600.0,53860.0,368804.0
3033,127,8,2026-05-07,May,58608.0,279720.0,29600.0,53860.0,421788.0
3034,127,9,2026-05-07,May,58608.0,279720.0,29600.0,53860.0,421788.0
3035,127,10,2026-05-07,May,58608.0,279720.0,40256.0,53860.0,432444.0
3036,127,11,2026-05-07,May,58608.0,279720.0,40256.0,52395.0,430979.0
3037,127,12,2026-05-07,May,57128.0,235320.0,40256.0,53860.0,386564.0
3038,127,13,2026-05-07,May,57128.0,235320.0,40256.0,53860.0,386564.0
3039,127,14,2026-05-07,May,57128.0,235320.0,40256.0,40430.0,373134.0
3040,127,15,2026-05-07,May,59792.0,840640.0,40256.0,40430.0,981118.0
3041,127,16,2026-05-07,May,68672.0,293040.0,40256.0,37800.0,439768.0
3042,127,17,2026-05-07,May,68672.0,293040.0,50912.0,35700.0,448324.0
3043,127,18,2026-05-07,May,74000.0,306360.0,50912.0,36600.0,467872.0
3044,127,19,2026-05-07,May,74000.0,306360.0,40256.0,37100.0,457716.0
3045,127,20,2026-05-07,May,74000.0,306360.0,40256.0,16700.0,437316.0
3046,127,21,2026-05-07,May,68672.0,306360.0,40256.0,15700.0,430988.0
3047,127,22,2026-05-07,May,52392.0,261960.0,29600.0,15700.0,359652.0
3048,127,23,2026-05-07,May,52392.0,261960.0,29600.0,15700.0,359652.0
3049,128,0,2026-05-08,May,57128.0,235320.0,29600.0,25300.0,347348.0
3050,128,1,2026-05-08,May,57128.0,235320.0,29600.0,25300.0,347348.0
3051,128,2,2026-05-08,May,57128.0,235320.0,29600.0,25300.0,347348.0
3052,128,3,2026-05-08,May,47064.0,222000.0,29600.0,45400.0,344064.0
3053,128,4,2026-05-08,May,47064.0,185000.0,29600.0,44800.0,306464.0
3054,128,5,2026-05-08,May,54464.0,185000.0,40256.0,44500.0,324220.0
3055,128,6,2026-05-08,May,55944.0,229400.0,29600.0,50060.0,365004.0
3056,128,7,2026-05-08,May,55944.0,229400.0,29600.0,53860.0,368804.0
3057,128,8,2026-05-08,May,58608.0,279720.0,29600.0,53860.0,421788.0
3058,128,9,2026-05-08,May,58608.0,279720.0,29600.0,53860.0,421788.0
3059,128,10,2026-05-08,May,58608.0,279720.0,40256.0,53860.0,432444.0
3060,128,11,2026-05-08,May,58608.0,279720.0,40256.0,52395.0,430979.0
3061,128,12,2026-05-08,May,57128.0,235320.0,40256.0,53860.0,386564.0
3062,128,13,2026-05-08,May,57128.0,235320.0,40256.0,53860.0,386564.0
3063,128,14,2026-05-08,May,57128.0,235320.0,40256.0,40430.0,373134.0
3064,128,15,2026-05-08,May,59792.0,840640.0,40256.0,40430.0,981118.0
3065,128,16,2026-05-08,May,68672.0,293040.0,40256.0,37800.0,439768.0
3066,128,17,2026-05-08,May,68672.0,293040.0,50912.0,35700.0,448324.0
3067,128,18,2026-05-08,May,74000.0,306360.0,50912.0,36600.0,467872.0
3068,128,19,2026-05-08,May,74000.0,306360.0,40256.0,37100.0,457716.0
3069,128,20,2026-05-08,May,74000.0,306360.0,40256.0,16700.0,437316.0
3070,128,21,2026-05-08,May,68672.0,306360.0,40256.0,15700.0,430988.0
3071,128,22,2026-05-08,May,52392.0,261960.0,29600.0,15700.0,359652.0
3072,128,23,2026-05-08,May,52392.0,261960.0,29600.0,15700.0,359652.0
3073,129,0,2026-05-09,Summer_Weekend,58608.0,293040.0,40256.0,36200.0,428104.0
3074,129,1,2026-05-09,Summer_Weekend,58608.0,248640.0,40256.0,36200.0,383704.0
3075,129,2,2026-05-09,Summer_Weekend,58608.0,248640.0,40256.0,36200.0,383704.0
3076,129,3,2026-05-09,Summer_Weekend,47064.0,235320.0,29600.0,56300.0,368284.0
3077,129,4,2026-05-09,Summer_Weekend,47064.0,235320.0,29600.0,55700.0,367684.0
3078,129,5,2026-05-09,Summer_Weekend,54464.0,235320.0,40256.0,55400.0,385440.0
3079,129,6,2026-05-09,Summer_Weekend,48544.0,198320.0,40256.0,54700.0,341820.0
3080,129,7,2026-05-09,Summer_Weekend,51208.0,198320.0,40256.0,58500.0,348284.0
3081,129,8,2026-05-09,Summer_Weekend,58608.0,256040.0,59200.0,58500.0,432348.0
3082,129,9,2026-05-09,Summer_Weekend,58608.0,256040.0,69856.0,58500.0,443004.0
3083,129,10,2026-05-09,Summer_Weekend,110408.0,256040.0,69856.0,48000.0,484304.0
3084,129,11,2026-05-09,Summer_Weekend,110408.0,256040.0,69856.0,48000.0,484304.0
3085,129,12,2026-05-09,Summer_Weekend,68672.0,269360.0,69856.0,37500.0,445388.0
3086,129,13,2026-05-09,Summer_Weekend,187072.0,885040.0,69856.0,37500.0,1179468.0
3087,129,14,2026-05-09,Summer_Weekend,187072.0,306360.0,69856.0,27000.0,590288.0
3088,129,15,2026-05-09,Summer_Weekend,68672.0,306360.0,80512.0,27000.0,482544.0
3089,129,16,2026-05-09,Summer_Weekend,68672.0,306360.0,80512.0,27300.0,482844.0
3090,129,17,2026-05-09,Summer_Weekend,71336.0,306360.0,80512.0,25600.0,483808.0
3091,129,18,2026-05-09,Summer_Weekend,71336.0,306360.0,80512.0,26500.0,484708.0
3092,129,19,2026-05-09,Summer_Weekend,74000.0,306360.0,80512.0,16500.0,477372.0
3093,129,20,2026-05-09,Summer_Weekend,74000.0,306360.0,80512.0,17100.0,477972.0
3094,129,21,2026-05-09,Summer_Weekend,61272.0,293040.0,80512.0,16100.0,450924.0
3095,129,22,2026-05-09,Summer_Weekend,61272.0,293040.0,80512.0,16100.0,450924.0
3096,129,23,2026-05-09,Summer_Weekend,61272.0,293040.0,80512.0,16100.0,450924.0
3097,130,0,2026-05-10,Summer_Weekend,58608.0,293040.0,40256.0,36200.0,428104.0
3098,130,1,2026-05-10,Summer_Weekend,58608.0,248640.0,40256.0,36200.0,383704.0
3099,130,2,2026-05-10,Summer_Weekend,58608.0,248640.0,40256.0,36200.0,383704.0
3100,130,3,2026-05-10,Summer_Weekend,47064.0,235320.0,29600.0,56300.0,368284.0
3101,130,4,2026-05-10,Summer_Weekend,47064.0,235320.0,29600.0,55700.0,367684.0
3102,130,5,2026-05-10,Summer_Weekend,54464.0,235320.0,40256.0,55400.0,385440.0
3103,130,6,2026-05-10,Summer_Weekend,48544.0,198320.0,40256.0,54700.0,341820.0
3104,130,7,2026-05-10,Summer_Weekend,51208.0,198320.0,40256.0,58500.0,348284.0
3105,130,8,2026-05-10,Summer_Weekend,58608.0,256040.0,59200.0,58500.0,432348.0
3106,130,9,2026-05-10,Summer_Weekend,58608.0,256040.0,69856.0,58500.0,443004.0
3107,130,10,2026-05-10,Summer_Weekend,110408.0,256040.0,69856.0,48000.0,484304.0
3108,130,11,2026-05-10,Summer_Weekend,110408.0,256040.0,69856.0,48000.0,484304.0
3109,130,12,2026-05-10,Summer_Weekend,68672.0,269360.0,69856.0,37500.0,445388.0
3110,130,13,2026-05-10,Summer_Weekend,187072.0,885040.0,69856.0,37500.0,1179468.0
3111,130,14,2026-05-10,Summer_Weekend,187072.0,306360.0,69856.0,27000.0,590288.0
3112,130,15,2026-05-10,Summer_Weekend,68672.0,306360.0,80512.0,27000.0,482544.0
3113,130,16,2026-05-10,Summer_Weekend,68672.0,306360.0,80512.0,27300.0,482844.0
3114,130,17,2026-05-10,Summer_Weekend,71336.0,306360.0,80512.0,25600.0,483808.0
3115,130,18,2026-05-10,Summer_Weekend,71336.0,306360.0,80512.0,26500.0,484708.0
3116,130,19,2026-05-10,Summer_Weekend,74000.0,306360.0,80512.0,16500.0,477372.0
3117,130,20,2026-05-10,Summer_Weekend,74000.0,306360.0,80512.0,17100.0,477972.0
3118,130,21,2026-05-10,Summer_Weekend,61272.0,293040.0,80512.0,16100.0,450924.0
3119,130,22,2026-05-10,Summer_Weekend,61272.0,293040.0,80512.0,16100.0,450924.0
3120,130,23,2026-05-10,Summer_Weekend,61272.0,293040.0,80512.0,16100.0,450924.0
3121,131,0,2026-05-11,May,57128.0,235320.0,29600.0,25300.0,347348.0
3122,131,1,2026-05-11,May,57128.0,235320.0,29600.0,25300.0,347348.0
3123,131,2,2026-05-11,May,57128.0,235320.0,29600.0,25300.0,347348.0
3124,131,3,2026-05-11,May,47064.0,222000.0,29600.0,45400.0,344064.0
3125,131,4,2026-05-11,May,47064.0,185000.0,29600.0,44800.0,306464.0
3126,131,5,2026-05-11,May,54464.0,185000.0,40256.0,44500.0,324220.0
3127,131,6,2026-05-11,May,55944.0,229400.0,29600.0,50060.0,365004.0
3128,131,7,2026-05-11,May,55944.0,229400.0,29600.0,53860.0,368804.0
3129,131,8,2026-05-11,May,58608.0,279720.0,29600.0,53860.0,421788.0
3130,131,9,2026-05-11,May,58608.0,279720.0,29600.0,53860.0,421788.0
3131,131,10,2026-05-11,May,58608.0,279720.0,40256.0,53860.0,432444.0
3132,131,11,2026-05-11,May,58608.0,279720.0,40256.0,52395.0,430979.0
3133,131,12,2026-05-11,May,57128.0,235320.0,40256.0,53860.0,386564.0
3134,131,13,2026-05-11,May,57128.0,235320.0,40256.0,53860.0,386564.0
3135,131,14,2026-05-11,May,57128.0,235320.0,40256.0,40430.0,373134.0
3136,131,15,2026-05-11,May,59792.0,840640.0,40256.0,40430.0,981118.0
3137,131,16,2026-05-11,May,68672.0,293040.0,40256.0,37800.0,439768.0
3138,131,17,2026-05-11,May,68672.0,293040.0,50912.0,35700.0,448324.0
3139,131,18,2026-05-11,May,74000.0,306360.0,50912.0,36600.0,467872.0
3140,131,19,2026-05-11,May,74000.0,306360.0,40256.0,37100.0,457716.0
3141,131,20,2026-05-11,May,74000.0,306360.0,40256.0,16700.0,437316.0
3142,131,21,2026-05-11,May,68672.0,306360.0,40256.0,15700.0,430988.0
3143,131,22,2026-05-11,May,52392.0,261960.0,29600.0,15700.0,359652.0
3144,131,23,2026-05-11,May,52392.0,261960.0,29600.0,15700.0,359652.0
3145,132,0,2026-05-12,May,57128.0,235320.0,29600.0,25300.0,347348.0
3146,132,1,2026-05-12,May,57128.0,235320.0,29600.0,25300.0,347348.0
3147,132,2,2026-05-12,May,57128.0,235320.0,29600.0,25300.0,347348.0
3148,132,3,2026-05-12,May,47064.0,222000.0,29600.0,45400.0,344064.0
3149,132,4,2026-05-12,May,47064.0,185000.0,29600.0,44800.0,306464.0
3150,132,5,2026-05-12,May,54464.0,185000.0,40256.0,44500.0,324220.0
3151,132,6,2026-05-12,May,55944.0,229400.0,29600.0,50060.0,365004.0
3152,132,7,2026-05-12,May,55944.0,229400.0,29600.0,53860.0,368804.0
3153,132,8,2026-05-12,May,58608.0,279720.0,29600.0,53860.0,421788.0
3154,132,9,2026-05-12,May,58608.0,279720.0,29600.0,53860.0,421788.0
3155,132,10,2026-05-12,May,58608.0,279720.0,40256.0,53860.0,432444.0
3156,132,11,2026-05-12,May,58608.0,279720.0,40256.0,52395.0,430979.0
3157,132,12,2026-05-12,May,57128.0,235320.0,40256.0,53860.0,386564.0
3158,132,13,2026-05-12,May,57128.0,235320.0,40256.0,53860.0,386564.0
3159,132,14,2026-05-12,May,57128.0,235320.0,40256.0,40430.0,373134.0
3160,132,15,2026-05-12,May,59792.0,840640.0,40256.0,40430.0,981118.0
3161,132,16,2026-05-12,May,68672.0,293040.0,40256.0,37800.0,439768.0
3162,132,17,2026-05-12,May,68672.0,293040.0,50912.0,35700.0,448324.0
3163,132,18,2026-05-12,May,74000.0,306360.0,50912.0,36600.0,467872.0
3164,132,19,2026-05-12,May,74000.0,306360.0,40256.0,37100.0,457716.0
3165,132,20,2026-05-12,May,74000.0,306360.0,40256.0,16700.0,437316.0
3166,132,21,2026-05-12,May,68672.0,306360.0,40256.0,15700.0,430988.0
3167,132,22,2026-05-12,May,52392.0,261960.0,29600.0,15700.0,359652.0
3168,132,23,2026-05-12,May,52392.0,261960.0,29600.0,15700.0,359652.0
3169,133,0,2026-05-13,May,57128.0,235320.0,29600.0,25300.0,347348.0
3170,133,1,2026-05-13,May,57128.0,235320.0,29600.0,25300.0,347348.0
3171,133,2,2026-05-13,May,57128.0,235320.0,29600.0,25300.0,347348.0
3172,133,3,2026-05-13,May,47064.0,222000.0,29600.0,45400.0,344064.0
3173,133,4,2026-05-13,May,47064.0,185000.0,29600.0,44800.0,306464.0
3174,133,5,2026-05-13,May,54464.0,185000.0,40256.0,44500.0,324220.0
3175,133,6,2026-05-13,May,55944.0,229400.0,29600.0,50060.0,365004.0
3176,133,7,2026-05-13,May,55944.0,229400.0,29600.0,53860.0,368804.0
3177,133,8,2026-05-13,May,58608.0,279720.0,29600.0,53860.0,421788.0
3178,133,9,2026-05-13,May,58608.0,279720.0,29600.0,53860.0,421788.0
3179,133,10,2026-05-13,May,58608.0,279720.0,40256.0,53860.0,432444.0
3180,133,11,2026-05-13,May,58608.0,279720.0,40256.0,52395.0,430979.0
3181,133,12,2026-05-13,May,57128.0,235320.0,40256.0,53860.0,386564.0
3182,133,13,2026-05-13,May,57128.0,235320.0,40256.0,53860.0,386564.0
3183,133,14,2026-05-13,May,57128.0,235320.0,40256.0,40430.0,373134.0
3184,133,15,2026-05-13,May,59792.0,840640.0,40256.0,40430.0,981118.0
3185,133,16,2026-05-13,May,68672.0,293040.0,40256.0,37800.0,439768.0
3186,133,17,2026-05-13,May,68672.0,293040.0,50912.0,35700.0,448324.0
3187,133,18,2026-05-13,May,74000.0,306360.0,50912.0,36600.0,467872.0
3188,133,19,2026-05-13,May,74000.0,306360.0,40256.0,37100.0,457716.0
3189,133,20,2026-05-13,May,74000.0,306360.0,40256.0,16700.0,437316.0
3190,133,21,2026-05-13,May,68672.0,306360.0,40256.0,15700.0,430988.0
3191,133,22,2026-05-13,May,52392.0,261960.0,29600.0,15700.0,359652.0
3192,133,23,2026-05-13,May,52392.0,261960.0,29600.0,15700.0,359652.0
3193,134,0,2026-05-14,May,57128.0,235320.0,29600.0,25300.0,347348.0
3194,134,1,2026-05-14,May,57128.0,235320.0,29600.0,25300.0,347348.0
3195,134,2,2026-05-14,May,57128.0,235320.0,29600.0,25300.0,347348.0
3196,134,3,2026-05-14,May,47064.0,222000.0,29600.0,45400.0,344064.0
3197,134,4,2026-05-14,May,47064.0,185000.0,29600.0,44800.0,306464.0
3198,134,5,2026-05-14,May,54464.0,185000.0,40256.0,44500.0,324220.0
3199,134,6,2026-05-14,May,55944.0,229400.0,29600.0,50060.0,365004.0
3200,134,7,2026-05-14,May,55944.0,229400.0,29600.0,53860.0,368804.0
3201,134,8,2026-05-14,May,58608.0,279720.0,29600.0,53860.0,421788.0
3202,134,9,2026-05-14,May,58608.0,279720.0,29600.0,53860.0,421788.0
3203,134,10,2026-05-14,May,58608.0,279720.0,40256.0,53860.0,432444.0
3204,134,11,2026-05-14,May,58608.0,279720.0,40256.0,52395.0,430979.0
3205,134,12,2026-05-14,May,57128.0,235320.0,40256.0,53860.0,386564.0
3206,134,13,2026-05-14,May,57128.0,235320.0,40256.0,53860.0,386564.0
3207,134,14,2026-05-14,May,57128.0,235320.0,40256.0,40430.0,373134.0
3208,134,15,2026-05-14,May,59792.0,840640.0,40256.0,40430.0,981118.0
3209,134,16,2026-05-14,May,68672.0,293040.0,40256.0,37800.0,439768.0
3210,134,17,2026-05-14,May,68672.0,293040.0,50912.0,35700.0,448324.0
3211,134,18,2026-05-14,May,74000.0,306360.0,50912.0,36600.0,467872.0
3212,134,19,2026-05-14,May,74000.0,306360.0,40256.0,37100.0,457716.0
3213,134,20,2026-05-14,May,74000.0,306360.0,40256.0,16700.0,437316.0
3214,134,21,2026-05-14,May,68672.0,306360.0,40256.0,15700.0,430988.0
3215,134,22,2026-05-14,May,52392.0,261960.0,29600.0,15700.0,359652.0
3216,134,23,2026-05-14,May,52392.0,261960.0,29600.0,15700.0,359652.0
3217,135,0,2026-05-15,May,57128.0,235320.0,29600.0,25300.0,347348.0
3218,135,1,2026-05-15,May,57128.0,235320.0,29600.0,25300.0,347348.0
3219,135,2,2026-05-15,May,57128.0,235320.0,29600.0,25300.0,347348.0
3220,135,3,2026-05-15,May,47064.0,222000.0,29600.0,45400.0,344064.0
3221,135,4,2026-05-15,May,47064.0,185000.0,29600.0,44800.0,306464.0
3222,135,5,2026-05-15,May,54464.0,185000.0,40256.0,44500.0,324220.0
3223,135,6,2026-05-15,May,55944.0,229400.0,29600.0,50060.0,365004.0
3224,135,7,2026-05-15,May,55944.0,229400.0,29600.0,53860.0,368804.0
3225,135,8,2026-05-15,May,58608.0,279720.0,29600.0,53860.0,421788.0
3226,135,9,2026-05-15,May,58608.0,279720.0,29600.0,53860.0,421788.0
3227,135,10,2026-05-15,May,58608.0,279720.0,40256.0,53860.0,432444.0
3228,135,11,2026-05-15,May,58608.0,279720.0,40256.0,52395.0,430979.0
3229,135,12,2026-05-15,May,57128.0,235320.0,40256.0,53860.0,386564.0
3230,135,13,2026-05-15,May,57128.0,235320.0,40256.0,53860.0,386564.0
3231,135,14,2026-05-15,May,57128.0,235320.0,40256.0,40430.0,373134.0
3232,135,15,2026-05-15,May,59792.0,840640.0,40256.0,40430.0,981118.0
3233,135,16,2026-05-15,May,68672.0,293040.0,40256.0,37800.0,439768.0
3234,135,17,2026-05-15,May,68672.0,293040.0,50912.0,35700.0,448324.0
3235,135,18,2026-05-15,May,74000.0,306360.0,50912.0,36600.0,467872.0
3236,135,19,2026-05-15,May,74000.0,306360.0,40256.0,37100.0,457716.0
3237,135,20,2026-05-15,May,74000.0,306360.0,40256.0,16700.0,437316.0
3238,135,21,2026-05-15,May,68672.0,306360.0,40256.0,15700.0,430988.0
3239,135,22,2026-05-15,May,52392.0,261960.0,29600.0,15700.0,359652.0
3240,135,23,2026-05-15,May,52392.0,261960.0,29600.0,15700.0,359652.0
3241,136,0,2026-05-16,Summer_Weekend,58608.0,293040.0,40256.0,36200.0,428104.0
3242,136,1,2026-05-16,Summer_Weekend,58608.0,248640.0,40256.0,36200.0,383704.0
3243,136,2,2026-05-16,Summer_Weekend,58608.0,248640.0,40256.0,36200.0,383704.0
3244,136,3,2026-05-16,Summer_Weekend,47064.0,235320.0,29600.0,56300.0,368284.0
3245,136,4,2026-05-16,Summer_Weekend,47064.0,235320.0,29600.0,55700.0,367684.0
3246,136,5,2026-05-16,Summer_Weekend,54464.0,235320.0,40256.0,55400.0,385440.0
3247,136,6,2026-05-16,Summer_Weekend,48544.0,198320.0,40256.0,54700.0,341820.0
3248,136,7,2026-05-16,Summer_Weekend,51208.0,198320.0,40256.0,58500.0,348284.0
3249,136,8,2026-05-16,Summer_Weekend,58608.0,256040.0,59200.0,58500.0,432348.0
3250,136,9,2026-05-16,Summer_Weekend,58608.0,256040.0,69856.0,58500.0,443004.0
3251,136,10,2026-05-16,Summer_Weekend,110408.0,256040.0,69856.0,48000.0,484304.0
3252,136,11,2026-05-16,Summer_Weekend,110408.0,256040.0,69856.0,48000.0,484304.0
3253,136,12,2026-05-16,Summer_Weekend,68672.0,269360.0,69856.0,37500.0,445388.0
3254,136,13,2026-05-16,Summer_Weekend,187072.0,885040.0,69856.0,37500.0,1179468.0
3255,136,14,2026-05-16,Summer_Weekend,187072.0,306360.0,69856.0,27000.0,590288.0
3256,136,15,2026-05-16,Summer_Weekend,68672.0,306360.0,80512.0,27000.0,482544.0
3257,136,16,2026-05-16,Summer_Weekend,68672.0,306360.0,80512.0,27300.0,482844.0
3258,136,17,2026-05-16,Summer_Weekend,71336.0,306360.0,80512.0,25600.0,483808.0
3259,136,18,2026-05-16,Summer_Weekend,71336.0,306360.0,80512.0,26500.0,484708.0
3260,136,19,2026-05-16,Summer_Weekend,74000.0,306360.0,80512.0,16500.0,477372.0
3261,136,20,2026-05-16,Summer_Weekend,74000.0,306360.0,80512.0,17100.0,477972.0
3262,136,21,2026-05-16,Summer_Weekend,61272.0,293040.0,80512.0,16100.0,450924.0
3263,136,22,2026-05-16,Summer_Weekend,61272.0,293040.0,80512.0,16100.0,450924.0
3264,136,23,2026-05-16,Summer_Weekend,61272.0,293040.0,80512.0,16100.0,450924.0
3265,137,0,2026-05-17,Summer_Weekend,58608.0,293040.0,40256.0,36200.0,428104.0
3266,137,1,2026-05-17,Summer_Weekend,58608.0,248640.0,40256.0,36200.0,383704.0
3267,137,2,2026-05-17,Summer_Weekend,58608.0,248640.0,40256.0,36200.0,383704.0
3268,137,3,2026-05-17,Summer_Weekend,47064.0,235320.0,29600.0,56300.0,368284.0
3269,137,4,2026-05-17,Summer_Weekend,47064.0,235320.0,29600.0,55700.0,367684.0
3270,137,5,2026-05-17,Summer_Weekend,54464.0,235320.0,40256.0,55400.0,385440.0
3271,137,6,2026-05-17,Summer_Weekend,48544.0,198320.0,40256.0,54700.0,341820.0
3272,137,7,2026-05-17,Summer_Weekend,51208.0,198320.0,40256.0,58500.0,348284.0
3273,137,8,2026-05-17,Summer_Weekend,58608.0,256040.0,59200.0,58500.0,432348.0
3274,137,9,2026-05-17,Summer_Weekend,58608.0,256040.0,69856.0,58500.0,443004.0
3275,137,10,2026-05-17,Summer_Weekend,110408.0,256040.0,69856.0,48000.0,484304.0
3276,137,11,2026-05-17,Summer_Weekend,110408.0,256040.0,69856.0,48000.0,484304.0
3277,137,12,2026-05-17,Summer_Weekend,68672.0,269360.0,69856.0,37500.0,445388.0
3278,137,13,2026-05-17,Summer_Weekend,187072.0,885040.0,69856.0,37500.0,1179468.0
3279,137,14,2026-05-17,Summer_Weekend,187072.0,306360.0,69856.0,27000.0,590288.0
3280,137,15,2026-05-17,Summer_Weekend,68672.0,306360.0,80512.0,27000.0,482544.0
3281,137,16,2026-05-17,Summer_Weekend,68672.0,306360.0,80512.0,27300.0,482844.0
3282,137,17,2026-05-17,Summer_Weekend,71336.0,306360.0,80512.0,25600.0,483808.0
3283,137,18,2026-05-17,Summer_Weekend,71336.0,306360.0,80512.0,26500.0,484708.0
3284,137,19,2026-05-17,Summer_Weekend,74000.0,306360.0,80512.0,16500.0,477372.0
3285,137,20,2026-05-17,Summer_Weekend,74000.0,306360.0,80512.0,17100.0,477972.0
3286,137,21,2026-05-17,Summer_Weekend,61272.0,293040.0,80512.0,16100.0,450924.0
3287,137,22,2026-05-17,Summer_Weekend,61272.0,293040.0,80512.0,16100.0,450924.0
3288,137,23,2026-05-17,Summer_Weekend,61272.0,293040.0,80512.0,16100.0,450924.0
3289,138,0,2026-05-18,May,57128.0,235320.0,29600.0,25300.0,347348.0
3290,138,1,2026-05-18,May,57128.0,235320.0,29600.0,25300.0,347348.0
3291,138,2,2026-05-18,May,57128.0,235320.0,29600.0,25300.0,347348.0
3292,138,3,2026-05-18,May,47064.0,222000.0,29600.0,45400.0,344064.0
3293,138,4,2026-05-18,May,47064.0,185000.0,29600.0,44800.0,306464.0
3294,138,5,2026-05-18,May,54464.0,185000.0,40256.0,44500.0,324220.0
3295,138,6,2026-05-18,May,55944.0,229400.0,29600.0,50060.0,365004.0
3296,138,7,2026-05-18,May,55944.0,229400.0,29600.0,53860.0,368804.0
3297,138,8,2026-05-18,May,58608.0,279720.0,29600.0,53860.0,421788.0
3298,138,9,2026-05-18,May,58608.0,279720.0,29600.0,53860.0,421788.0
3299,138,10,2026-05-18,May,58608.0,279720.0,40256.0,53860.0,432444.0
3300,138,11,2026-05-18,May,58608.0,279720.0,40256.0,52395.0,430979.0
3301,138,12,2026-05-18,May,57128.0,235320.0,40256.0,53860.0,386564.0
3302,138,13,2026-05-18,May,57128.0,235320.0,40256.0,53860.0,386564.0
3303,138,14,2026-05-18,May,57128.0,235320.0,40256.0,40430.0,373134.0
3304,138,15,2026-05-18,May,59792.0,840640.0,40256.0,40430.0,981118.0
3305,138,16,2026-05-18,May,68672.0,293040.0,40256.0,37800.0,439768.0
3306,138,17,2026-05-18,May,68672.0,293040.0,50912.0,35700.0,448324.0
3307,138,18,2026-05-18,May,74000.0,306360.0,50912.0,36600.0,467872.0
3308,138,19,2026-05-18,May,74000.0,306360.0,40256.0,37100.0,457716.0
3309,138,20,2026-05-18,May,74000.0,306360.0,40256.0,16700.0,437316.0
3310,138,21,2026-05-18,May,68672.0,306360.0,40256.0,15700.0,430988.0
3311,138,22,2026-05-18,May,52392.0,261960.0,29600.0,15700.0,359652.0
3312,138,23,2026-05-18,May,52392.0,261960.0,29600.0,15700.0,359652.0
3313,139,0,2026-05-19,May,57128.0,235320.0,29600.0,25300.0,347348.0
3314,139,1,2026-05-19,May,57128.0,235320.0,29600.0,25300.0,347348.0
3315,139,2,2026-05-19,May,57128.0,235320.0,29600.0,25300.0,347348.0
3316,139,3,2026-05-19,May,47064.0,222000.0,29600.0,45400.0,344064.0
3317,139,4,2026-05-19,May,47064.0,185000.0,29600.0,44800.0,306464.0
3318,139,5,2026-05-19,May,54464.0,185000.0,40256.0,44500.0,324220.0
3319,139,6,2026-05-19,May,55944.0,229400.0,29600.0,50060.0,365004.0
3320,139,7,2026-05-19,May,55944.0,229400.0,29600.0,53860.0,368804.0
3321,139,8,2026-05-19,May,58608.0,279720.0,29600.0,53860.0,421788.0
3322,139,9,2026-05-19,May,58608.0,279720.0,29600.0,53860.0,421788.0
3323,139,10,2026-05-19,May,58608.0,279720.0,40256.0,53860.0,432444.0
3324,139,11,2026-05-19,May,58608.0,279720.0,40256.0,52395.0,430979.0
3325,139,12,2026-05-19,May,57128.0,235320.0,40256.0,53860.0,386564.0
3326,139,13,2026-05-19,May,57128.0,235320.0,40256.0,53860.0,386564.0
3327,139,14,2026-05-19,May,57128.0,235320.0,40256.0,40430.0,373134.0
3328,139,15,2026-05-19,May,59792.0,840640.0,40256.0,40430.0,981118.0
3329,139,16,2026-05-19,May,68672.0,293040.0,40256.0,37800.0,439768.0
3330,139,17,2026-05-19,May,68672.0,293040.0,50912.0,35700.0,448324.0
3331,139,18,2026-05-19,May,74000.0,306360.0,50912.0,36600.0,467872.0
3332,139,19,2026-05-19,May,74000.0,306360.0,40256.0,37100.0,457716.0
3333,139,20,2026-05-19,May,74000.0,306360.0,40256.0,16700.0,437316.0
3334,139,21,2026-05-19,May,68672.0,306360.0,40256.0,15700.0,430988.0
3335,139,22,2026-05-19,May,52392.0,261960.0,29600.0,15700.0,359652.0
3336,139,23,2026-05-19,May,52392.0,261960.0,29600.0,15700.0,359652.0
3337,140,0,2026-05-20,May,57128.0,235320.0,29600.0,25300.0,347348.0
3338,140,1,2026-05-20,May,57128.0,235320.0,29600.0,25300.0,347348.0
3339,140,2,2026-05-20,May,57128.0,235320.0,29600.0,25300.0,347348.0
3340,140,3,2026-05-20,May,47064.0,222000.0,29600.0,45400.0,344064.0
3341,140,4,2026-05-20,May,47064.0,185000.0,29600.0,44800.0,306464.0
3342,140,5,2026-05-20,May,54464.0,185000.0,40256.0,44500.0,324220.0
3343,140,6,2026-05-20,May,55944.0,229400.0,29600.0,50060.0,365004.0
3344,140,7,2026-05-20,May,55944.0,229400.0,29600.0,53860.0,368804.0
3345,140,8,2026-05-20,May,58608.0,279720.0,29600.0,53860.0,421788.0
3346,140,9,2026-05-20,May,58608.0,279720.0,29600.0,53860.0,421788.0
3347,140,10,2026-05-20,May,58608.0,279720.0,40256.0,53860.0,432444.0
3348,140,11,2026-05-20,May,58608.0,279720.0,40256.0,52395.0,430979.0
3349,140,12,2026-05-20,May,57128.0,235320.0,40256.0,53860.0,386564.0
3350,140,13,2026-05-20,May,57128.0,235320.0,40256.0,53860.0,386564.0
3351,140,14,2026-05-20,May,57128.0,235320.0,40256.0,40430.0,373134.0
3352,140,15,2026-05-20,May,59792.0,840640.0,40256.0,40430.0,981118.0
3353,140,16,2026-05-20,May,68672.0,293040.0,40256.0,37800.0,439768.0
3354,140,17,2026-05-20,May,68672.0,293040.0,50912.0,35700.0,448324.0
3355,140,18,2026-05-20,May,74000.0,306360.0,50912.0,36600.0,467872.0
3356,140,19,2026-05-20,May,74000.0,306360.0,40256.0,37100.0,457716.0
3357,140,20,2026-05-20,May,74000.0,306360.0,40256.0,16700.0,437316.0
3358,140,21,2026-05-20,May,68672.0,306360.0,40256.0,15700.0,430988.0
3359,140,22,2026-05-20,May,52392.0,261960.0,29600.0,15700.0,359652.0
3360,140,23,2026-05-20,May,52392.0,261960.0,29600.0,15700.0,359652.0
3361,141,0,2026-05-21,May,57128.0,235320.0,29600.0,25300.0,347348.0
3362,141,1,2026-05-21,May,57128.0,235320.0,29600.0,25300.0,347348.0
3363,141,2,2026-05-21,May,57128.0,235320.0,29600.0,25300.0,347348.0
3364,141,3,2026-05-21,May,47064.0,222000.0,29600.0,45400.0,344064.0
3365,141,4,2026-05-21,May,47064.0,185000.0,29600.0,44800.0,306464.0
3366,141,5,2026-05-21,May,54464.0,185000.0,40256.0,44500.0,324220.0
3367,141,6,2026-05-21,May,55944.0,229400.0,29600.0,50060.0,365004.0
3368,141,7,2026-05-21,May,55944.0,229400.0,29600.0,53860.0,368804.0
3369,141,8,2026-05-21,May,58608.0,279720.0,29600.0,53860.0,421788.0
3370,141,9,2026-05-21,May,58608.0,279720.0,29600.0,53860.0,421788.0
3371,141,10,2026-05-21,May,58608.0,279720.0,40256.0,53860.0,432444.0
3372,141,11,2026-05-21,May,58608.0,279720.0,40256.0,52395.0,430979.0
3373,141,12,2026-05-21,May,57128.0,235320.0,40256.0,53860.0,386564.0
3374,141,13,2026-05-21,May,57128.0,235320.0,40256.0,53860.0,386564.0
3375,141,14,2026-05-21,May,57128.0,235320.0,40256.0,40430.0,373134.0
3376,141,15,2026-05-21,May,59792.0,840640.0,40256.0,40430.0,981118.0
3377,141,16,2026-05-21,May,68672.0,293040.0,40256.0,37800.0,439768.0
3378,141,17,2026-05-21,May,68672.0,293040.0,50912.0,35700.0,448324.0
3379,141,18,2026-05-21,May,74000.0,306360.0,50912.0,36600.0,467872.0
3380,141,19,2026-05-21,May,74000.0,306360.0,40256.0,37100.0,457716.0
3381,141,20,2026-05-21,May,74000.0,306360.0,40256.0,16700.0,437316.0
3382,141,21,2026-05-21,May,68672.0,306360.0,40256.0,15700.0,430988.0
3383,141,22,2026-05-21,May,52392.0,261960.0,29600.0,15700.0,359652.0
3384,141,23,2026-05-21,May,52392.0,261960.0,29600.0,15700.0,359652.0
3385,142,0,2026-05-22,May,57128.0,235320.0,29600.0,25300.0,347348.0
3386,142,1,2026-05-22,May,57128.0,235320.0,29600.0,25300.0,347348.0
3387,142,2,2026-05-22,May,57128.0,235320.0,29600.0,25300.0,347348.0
3388,142,3,2026-05-22,May,47064.0,222000.0,29600.0,45400.0,344064.0
3389,142,4,2026-05-22,May,47064.0,185000.0,29600.0,44800.0,306464.0
3390,142,5,2026-05-22,May,54464.0,185000.0,40256.0,44500.0,324220.0
3391,142,6,2026-05-22,May,55944.0,229400.0,29600.0,50060.0,365004.0
3392,142,7,2026-05-22,May,55944.0,229400.0,29600.0,53860.0,368804.0
3393,142,8,2026-05-22,May,58608.0,279720.0,29600.0,53860.0,421788.0
3394,142,9,2026-05-22,May,58608.0,279720.0,29600.0,53860.0,421788.0
3395,142,10,2026-05-22,May,58608.0,279720.0,40256.0,53860.0,432444.0
3396,142,11,2026-05-22,May,58608.0,279720.0,40256.0,52395.0,430979.0
3397,142,12,2026-05-22,May,57128.0,235320.0,40256.0,53860.0,386564.0
3398,142,13,2026-05-22,May,57128.0,235320.0,40256.0,53860.0,386564.0
3399,142,14,2026-05-22,May,57128.0,235320.0,40256.0,40430.0,373134.0
3400,142,15,2026-05-22,May,59792.0,840640.0,40256.0,40430.0,981118.0
3401,142,16,2026-05-22,May,68672.0,293040.0,40256.0,37800.0,439768.0
3402,142,17,2026-05-22,May,68672.0,293040.0,50912.0,35700.0,448324.0
3403,142,18,2026-05-22,May,74000.0,306360.0,50912.0,36600.0,467872.0
3404,142,19,2026-05-22,May,74000.0,306360.0,40256.0,37100.0,457716.0
3405,142,20,2026-05-22,May,74000.0,306360.0,40256.0,16700.0,437316.0
3406,142,21,2026-05-22,May,68672.0,306360.0,40256.0,15700.0,430988.0
3407,142,22,2026-05-22,May,52392.0,261960.0,29600.0,15700.0,359652.0
3408,142,23,2026-05-22,May,52392.0,261960.0,29600.0,15700.0,359652.0
3409,143,0,2026-05-23,Summer_Weekend,58608.0,293040.0,40256.0,36200.0,428104.0
3410,143,1,2026-05-23,Summer_Weekend,58608.0,248640.0,40256.0,36200.0,383704.0
3411,143,2,2026-05-23,Summer_Weekend,58608.0,248640.0,40256.0,36200.0,383704.0
3412,143,3,2026-05-23,Summer_Weekend,47064.0,235320.0,29600.0,56300.0,368284.0
3413,143,4,2026-05-23,Summer_Weekend,47064.0,235320.0,29600.0,55700.0,367684.0
3414,143,5,2026-05-23,Summer_Weekend,54464.0,235320.0,40256.0,55400.0,385440.0
3415,143,6,2026-05-23,Summer_Weekend,48544.0,198320.0,40256.0,54700.0,341820.0
3416,143,7,2026-05-23,Summer_Weekend,51208.0,198320.0,40256.0,58500.0,348284.0
3417,143,8,2026-05-23,Summer_Weekend,58608.0,256040.0,59200.0,58500.0,432348.0
3418,143,9,2026-05-23,Summer_Weekend,58608.0,256040.0,69856.0,58500.0,443004.0
3419,143,10,2026-05-23,Summer_Weekend,110408.0,256040.0,69856.0,48000.0,484304.0
3420,143,11,2026-05-23,Summer_Weekend,110408.0,256040.0,69856.0,48000.0,484304.0
3421,143,12,2026-05-23,Summer_Weekend,68672.0,269360.0,69856.0,37500.0,445388.0
3422,143,13,2026-05-23,Summer_Weekend,187072.0,885040.0,69856.0,37500.0,1179468.0
3423,143,14,2026-05-23,Summer_Weekend,187072.0,306360.0,69856.0,27000.0,590288.0
3424,143,15,2026-05-23,Summer_Weekend,68672.0,306360.0,80512.0,27000.0,482544.0
3425,143,16,2026-05-23,Summer_Weekend,68672.0,306360.0,80512.0,27300.0,482844.0
3426,143,17,2026-05-23,Summer_Weekend,71336.0,306360.0,80512.0,25600.0,483808.0
3427,143,18,2026-05-23,Summer_Weekend,71336.0,306360.0,80512.0,26500.0,484708.0
3428,143,19,2026-05-23,Summer_Weekend,74000.0,306360.0,80512.0,16500.0,477372.0
3429,143,20,2026-05-23,Summer_Weekend,74000.0,306360.0,80512.0,17100.0,477972.0
3430,143,21,2026-05-23,Summer_Weekend,61272.0,293040.0,80512.0,16100.0,450924.0
3431,143,22,2026-05-23,Summer_Weekend,61272.0,293040.0,80512.0,16100.0,450924.0
3432,143,23,2026-05-23,Summer_Weekend,61272.0,293040.0,80512.0,16100.0,450924.0
3433,144,0,2026-05-24,Summer_Weekend,58608.0,293040.0,40256.0,36200.0,428104.0
3434,144,1,2026-05-24,Summer_Weekend,58608.0,248640.0,40256.0,36200.0,383704.0
3435,144,2,2026-05-24,Summer_Weekend,58608.0,248640.0,40256.0,36200.0,383704.0
3436,144,3,2026-05-24,Summer_Weekend,47064.0,235320.0,29600.0,56300.0,368284.0
3437,144,4,2026-05-24,Summer_Weekend,47064.0,235320.0,29600.0,55700.0,367684.0
3438,144,5,2026-05-24,Summer_Weekend,54464.0,235320.0,40256.0,55400.0,385440.0
3439,144,6,2026-05-24,Summer_Weekend,48544.0,198320.0,40256.0,54700.0,341820.0
3440,144,7,2026-05-24,Summer_Weekend,51208.0,198320.0,40256.0,58500.0,348284.0
3441,144,8,2026-05-24,Summer_Weekend,58608.0,256040.0,59200.0,58500.0,432348.0
3442,144,9,2026-05-24,Summer_Weekend,58608.0,256040.0,69856.0,58500.0,443004.0
3443,144,10,2026-05-24,Summer_Weekend,110408.0,256040.0,69856.0,48000.0,484304.0
3444,144,11,2026-05-24,Summer_Weekend,110408.0,256040.0,69856.0,48000.0,484304.0
3445,144,12,2026-05-24,Summer_Weekend,68672.0,269360.0,69856.0,37500.0,445388.0
3446,144,13,2026-05-24,Summer_Weekend,187072.0,885040.0,69856.0,37500.0,1179468.0
3447,144,14,2026-05-24,Summer_Weekend,187072.0,306360.0,69856.0,27000.0,590288.0
3448,144,15,2026-05-24,Summer_Weekend,68672.0,306360.0,80512.0,27000.0,482544.0
3449,144,16,2026-05-24,Summer_Weekend,68672.0,306360.0,80512.0,27300.0,482844.0
3450,144,17,2026-05-24,Summer_Weekend,71336.0,306360.0,80512.0,25600.0,483808.0
3451,144,18,2026-05-24,Summer_Weekend,71336.0,306360.0,80512.0,26500.0,484708.0
3452,144,19,2026-05-24,Summer_Weekend,74000.0,306360.0,80512.0,16500.0,477372.0
3453,144,20,2026-05-24,Summer_Weekend,74000.0,306360.0,80512.0,17100.0,477972.0
3454,144,21,2026-05-24,Summer_Weekend,61272.0,293040.0,80512.0,16100.0,450924.0
3455,144,22,2026-05-24,Summer_Weekend,61272.0,293040.0,80512.0,16100.0,450924.0
3456,144,23,2026-05-24,Summer_Weekend,61272.0,293040.0,80512.0,16100.0,450924.0
3457,145,0,2026-05-25,May,57128.0,235320.0,29600.0,25300.0,347348.0
3458,145,1,2026-05-25,May,57128.0,235320.0,29600.0,25300.0,347348.0
3459,145,2,2026-05-25,May,57128.0,235320.0,29600.0,25300.0,347348.0
3460,145,3,2026-05-25,May,47064.0,222000.0,29600.0,45400.0,344064.0
3461,145,4,2026-05-25,May,47064.0,185000.0,29600.0,44800.0,306464.0
3462,145,5,2026-05-25,May,54464.0,185000.0,40256.0,44500.0,324220.0
3463,145,6,2026-05-25,May,55944.0,229400.0,29600.0,50060.0,365004.0
3464,145,7,2026-05-25,May,55944.0,229400.0,29600.0,53860.0,368804.0
3465,145,8,2026-05-25,May,58608.0,279720.0,29600.0,53860.0,421788.0
3466,145,9,2026-05-25,May,58608.0,279720.0,29600.0,53860.0,421788.0
3467,145,10,2026-05-25,May,58608.0,279720.0,40256.0,53860.0,432444.0
3468,145,11,2026-05-25,May,58608.0,279720.0,40256.0,52395.0,430979.0
3469,145,12,2026-05-25,May,57128.0,235320.0,40256.0,53860.0,386564.0
3470,145,13,2026-05-25,May,57128.0,235320.0,40256.0,53860.0,386564.0
3471,145,14,2026-05-25,May,57128.0,235320.0,40256.0,40430.0,373134.0
3472,145,15,2026-05-25,May,59792.0,840640.0,40256.0,40430.0,981118.0
3473,145,16,2026-05-25,May,68672.0,293040.0,40256.0,37800.0,439768.0
3474,145,17,2026-05-25,May,68672.0,293040.0,50912.0,35700.0,448324.0
3475,145,18,2026-05-25,May,74000.0,306360.0,50912.0,36600.0,467872.0
3476,145,19,2026-05-25,May,74000.0,306360.0,40256.0,37100.0,457716.0
3477,145,20,2026-05-25,May,74000.0,306360.0,40256.0,16700.0,437316.0
3478,145,21,2026-05-25,May,68672.0,306360.0,40256.0,15700.0,430988.0
3479,145,22,2026-05-25,May,52392.0,261960.0,29600.0,15700.0,359652.0
3480,145,23,2026-05-25,May,52392.0,261960.0,29600.0,15700.0,359652.0
3481,146,0,2026-05-26,May,57128.0,235320.0,29600.0,25300.0,347348.0
3482,146,1,2026-05-26,May,57128.0,235320.0,29600.0,25300.0,347348.0
3483,146,2,2026-05-26,May,57128.0,235320.0,29600.0,25300.0,347348.0
3484,146,3,2026-05-26,May,47064.0,222000.0,29600.0,45400.0,344064.0
3485,146,4,2026-05-26,May,47064.0,185000.0,29600.0,44800.0,306464.0
3486,146,5,2026-05-26,May,54464.0,185000.0,40256.0,44500.0,324220.0
3487,146,6,2026-05-26,May,55944.0,229400.0,29600.0,50060.0,365004.0
3488,146,7,2026-05-26,May,55944.0,229400.0,29600.0,53860.0,368804.0
3489,146,8,2026-05-26,May,58608.0,279720.0,29600.0,53860.0,421788.0
3490,146,9,2026-05-26,May,58608.0,279720.0,29600.0,53860.0,421788.0
3491,146,10,2026-05-26,May,58608.0,279720.0,40256.0,53860.0,432444.0
3492,146,11,2026-05-26,May,58608.0,279720.0,40256.0,52395.0,430979.0
3493,146,12,2026-05-26,May,57128.0,235320.0,40256.0,53860.0,386564.0
3494,146,13,2026-05-26,May,57128.0,235320.0,40256.0,53860.0,386564.0
3495,146,14,2026-05-26,May,57128.0,235320.0,40256.0,40430.0,373134.0
3496,146,15,2026-05-26,May,59792.0,840640.0,40256.0,40430.0,981118.0
3497,146,16,2026-05-26,May,68672.0,293040.0,40256.0,37800.0,439768.0
3498,146,17,2026-05-26,May,68672.0,293040.0,50912.0,35700.0,448324.0
3499,146,18,2026-05-26,May,74000.0,306360.0,50912.0,36600.0,467872.0
3500,146,19,2026-05-26,May,74000.0,306360.0,40256.0,37100.0,457716.0
3501,146,20,2026-05-26,May,74000.0,306360.0,40256.0,16700.0,437316.0
3502,146,21,2026-05-26,May,68672.0,306360.0,40256.0,15700.0,430988.0
3503,146,22,2026-05-26,May,52392.0,261960.0,29600.0,15700.0,359652.0
3504,146,23,2026-05-26,May,52392.0,261960.0,29600.0,15700.0,359652.0
3505,147,0,2026-05-27,May,57128.0,235320.0,29600.0,25300.0,347348.0
3506,147,1,2026-05-27,May,57128.0,235320.0,29600.0,25300.0,347348.0
3507,147,2,2026-05-27,May,57128.0,235320.0,29600.0,25300.0,347348.0
3508,147,3,2026-05-27,May,47064.0,222000.0,29600.0,45400.0,344064.0
3509,147,4,2026-05-27,May,47064.0,185000.0,29600.0,44800.0,306464.0
3510,147,5,2026-05-27,May,54464.0,185000.0,40256.0,44500.0,324220.0
3511,147,6,2026-05-27,May,55944.0,229400.0,29600.0,50060.0,365004.0
3512,147,7,2026-05-27,May,55944.0,229400.0,29600.0,53860.0,368804.0
3513,147,8,2026-05-27,May,58608.0,279720.0,29600.0,53860.0,421788.0
3514,147,9,2026-05-27,May,58608.0,279720.0,29600.0,53860.0,421788.0
3515,147,10,2026-05-27,May,58608.0,279720.0,40256.0,53860.0,432444.0
3516,147,11,2026-05-27,May,58608.0,279720.0,40256.0,52395.0,430979.0
3517,147,12,2026-05-27,May,57128.0,235320.0,40256.0,53860.0,386564.0
3518,147,13,2026-05-27,May,57128.0,235320.0,40256.0,53860.0,386564.0
3519,147,14,2026-05-27,May,57128.0,235320.0,40256.0,40430.0,373134.0
3520,147,15,2026-05-27,May,59792.0,840640.0,40256.0,40430.0,981118.0
3521,147,16,2026-05-27,May,68672.0,293040.0,40256.0,37800.0,439768.0
3522,147,17,2026-05-27,May,68672.0,293040.0,50912.0,35700.0,448324.0
3523,147,18,2026-05-27,May,74000.0,306360.0,50912.0,36600.0,467872.0
3524,147,19,2026-05-27,May,74000.0,306360.0,40256.0,37100.0,457716.0
3525,147,20,2026-05-27,May,74000.0,306360.0,40256.0,16700.0,437316.0
3526,147,21,2026-05-27,May,68672.0,306360.0,40256.0,15700.0,430988.0
3527,147,22,2026-05-27,May,52392.0,261960.0,29600.0,15700.0,359652.0
3528,147,23,2026-05-27,May,52392.0,261960.0,29600.0,15700.0,359652.0
3529,148,0,2026-05-28,Festival_Holiday,74000.0,293040.0,29600.0,16400.0,413040.0
3530,148,1,2026-05-28,Festival_Holiday,74000.0,293040.0,29600.0,16400.0,413040.0
3531,148,2,2026-05-28,Festival_Holiday,55056.0,235320.0,29600.0,16000.0,335976.0
3532,148,3,2026-05-28,Festival_Holiday,52392.0,235320.0,29600.0,15100.0,332412.0
3533,148,4,2026-05-28,Festival_Holiday,52392.0,235320.0,29600.0,12100.0,329412.0
3534,148,5,2026-05-28,Festival_Holiday,170792.0,853960.0,40256.0,14600.0,1079608.0
3535,148,6,2026-05-28,Festival_Holiday,71336.0,293040.0,29600.0,14300.0,408276.0
3536,148,7,2026-05-28,Festival_Holiday,71336.0,293040.0,29600.0,15500.0,409476.0
3537,148,8,2026-05-28,Festival_Holiday,71336.0,293040.0,29600.0,15500.0,409476.0
3538,148,9,2026-05-28,Festival_Holiday,71336.0,293040.0,29600.0,15500.0,409476.0
3539,148,10,2026-05-28,Festival_Holiday,123136.0,293040.0,40256.0,15500.0,471932.0
3540,148,11,2026-05-28,Festival_Holiday,71336.0,293040.0,40256.0,15500.0,420132.0
3541,148,12,2026-05-28,Festival_Holiday,71336.0,293040.0,40256.0,15500.0,420132.0
3542,148,13,2026-05-28,Festival_Holiday,71336.0,293040.0,40256.0,15500.0,420132.0
3543,148,14,2026-05-28,Festival_Holiday,71336.0,306360.0,40256.0,15500.0,433452.0
3544,148,15,2026-05-28,Festival_Holiday,74000.0,306360.0,40256.0,15500.0,436116.0
3545,148,16,2026-05-28,Festival_Holiday,74000.0,306360.0,40256.0,15800.0,436416.0
3546,148,17,2026-05-28,Festival_Holiday,192400.0,898360.0,50912.0,17000.0,1158672.0
3547,148,18,2026-05-28,Festival_Holiday,74000.0,306360.0,50912.0,17600.0,448872.0
3548,148,19,2026-05-28,Festival_Holiday,74000.0,306360.0,40256.0,17900.0,438516.0
3549,148,20,2026-05-28,Festival_Holiday,74000.0,306360.0,40256.0,18500.0,439116.0
3550,148,21,2026-05-28,Festival_Holiday,74000.0,306360.0,40256.0,18100.0,438716.0
3551,148,22,2026-05-28,Festival_Holiday,74000.0,306360.0,29600.0,18100.0,428060.0
3552,148,23,2026-05-28,Festival_Holiday,74000.0,306360.0,29600.0,18100.0,428060.0
3553,149,0,2026-05-29,Festival_Holiday,74000.0,293040.0,29600.0,16400.0,413040.0
3554,149,1,2026-05-29,Festival_Holiday,74000.0,293040.0,29600.0,16400.0,413040.0
3555,149,2,2026-05-29,Festival_Holiday,55056.0,235320.0,29600.0,16000.0,335976.0
3556,149,3,2026-05-29,Festival_Holiday,52392.0,235320.0,29600.0,15100.0,332412.0
3557,149,4,2026-05-29,Festival_Holiday,52392.0,235320.0,29600.0,12100.0,329412.0
3558,149,5,2026-05-29,Festival_Holiday,170792.0,853960.0,40256.0,14600.0,1079608.0
3559,149,6,2026-05-29,Festival_Holiday,71336.0,293040.0,29600.0,14300.0,408276.0
3560,149,7,2026-05-29,Festival_Holiday,71336.0,293040.0,29600.0,15500.0,409476.0
3561,149,8,2026-05-29,Festival_Holiday,71336.0,293040.0,29600.0,15500.0,409476.0
3562,149,9,2026-05-29,Festival_Holiday,71336.0,293040.0,29600.0,15500.0,409476.0
3563,149,10,2026-05-29,Festival_Holiday,123136.0,293040.0,40256.0,15500.0,471932.0
3564,149,11,2026-05-29,Festival_Holiday,71336.0,293040.0,40256.0,15500.0,420132.0
3565,149,12,2026-05-29,Festival_Holiday,71336.0,293040.0,40256.0,15500.0,420132.0
3566,149,13,2026-05-29,Festival_Holiday,71336.0,293040.0,40256.0,15500.0,420132.0
3567,149,14,2026-05-29,Festival_Holiday,71336.0,306360.0,40256.0,15500.0,433452.0
3568,149,15,2026-05-29,Festival_Holiday,74000.0,306360.0,40256.0,15500.0,436116.0
3569,149,16,2026-05-29,Festival_Holiday,74000.0,306360.0,40256.0,15800.0,436416.0
3570,149,17,2026-05-29,Festival_Holiday,192400.0,898360.0,50912.0,17000.0,1158672.0
3571,149,18,2026-05-29,Festival_Holiday,74000.0,306360.0,50912.0,17600.0,448872.0
3572,149,19,2026-05-29,Festival_Holiday,74000.0,306360.0,40256.0,17900.0,438516.0
3573,149,20,2026-05-29,Festival_Holiday,74000.0,306360.0,40256.0,18500.0,439116.0
3574,149,21,2026-05-29,Festival_Holiday,74000.0,306360.0,40256.0,18100.0,438716.0
3575,149,22,2026-05-29,Festival_Holiday,74000.0,306360.0,29600.0,18100.0,428060.0
3576,149,23,2026-05-29,Festival_Holiday,74000.0,306360.0,29600.0,18100.0,428060.0
3577,150,0,2026-05-30,Summer_Weekend,58608.0,293040.0,40256.0,36200.0,428104.0
3578,150,1,2026-05-30,Summer_Weekend,58608.0,248640.0,40256.0,36200.0,383704.0
3579,150,2,2026-05-30,Summer_Weekend,58608.0,248640.0,40256.0,36200.0,383704.0
3580,150,3,2026-05-30,Summer_Weekend,47064.0,235320.0,29600.0,56300.0,368284.0
3581,150,4,2026-05-30,Summer_Weekend,47064.0,235320.0,29600.0,55700.0,367684.0
3582,150,5,2026-05-30,Summer_Weekend,54464.0,235320.0,40256.0,55400.0,385440.0
3583,150,6,2026-05-30,Summer_Weekend,48544.0,198320.0,40256.0,54700.0,341820.0
3584,150,7,2026-05-30,Summer_Weekend,51208.0,198320.0,40256.0,58500.0,348284.0
3585,150,8,2026-05-30,Summer_Weekend,58608.0,256040.0,59200.0,58500.0,432348.0
3586,150,9,2026-05-30,Summer_Weekend,58608.0,256040.0,69856.0,58500.0,443004.0
3587,150,10,2026-05-30,Summer_Weekend,110408.0,256040.0,69856.0,48000.0,484304.0
3588,150,11,2026-05-30,Summer_Weekend,110408.0,256040.0,69856.0,48000.0,484304.0
3589,150,12,2026-05-30,Summer_Weekend,68672.0,269360.0,69856.0,37500.0,445388.0
3590,150,13,2026-05-30,Summer_Weekend,187072.0,885040.0,69856.0,37500.0,1179468.0
3591,150,14,2026-05-30,Summer_Weekend,187072.0,306360.0,69856.0,27000.0,590288.0
3592,150,15,2026-05-30,Summer_Weekend,68672.0,306360.0,80512.0,27000.0,482544.0
3593,150,16,2026-05-30,Summer_Weekend,68672.0,306360.0,80512.0,27300.0,482844.0
3594,150,17,2026-05-30,Summer_Weekend,71336.0,306360.0,80512.0,25600.0,483808.0
3595,150,18,2026-05-30,Summer_Weekend,71336.0,306360.0,80512.0,26500.0,484708.0
3596,150,19,2026-05-30,Summer_Weekend,74000.0,306360.0,80512.0,16500.0,477372.0
3597,150,20,2026-05-30,Summer_Weekend,74000.0,306360.0,80512.0,17100.0,477972.0
3598,150,21,2026-05-30,Summer_Weekend,61272.0,293040.0,80512.0,16100.0,450924.0
3599,150,22,2026-05-30,Summer_Weekend,61272.0,293040.0,80512.0,16100.0,450924.0
3600,150,23,2026-05-30,Summer_Weekend,61272.0,293040.0,80512.0,16100.0,450924.0
3601,151,0,2026-05-31,Summer_Weekend,58608.0,293040.0,40256.0,36200.0,428104.0
3602,151,1,2026-05-31,Summer_Weekend,58608.0,248640.0,40256.0,36200.0,383704.0
3603,151,2,2026-05-31,Summer_Weekend,58608.0,248640.0,40256.0,36200.0,383704.0
3604,151,3,2026-05-31,Summer_Weekend,47064.0,235320.0,29600.0,56300.0,368284.0
3605,151,4,2026-05-31,Summer_Weekend,47064.0,235320.0,29600.0,55700.0,367684.0
3606,151,5,2026-05-31,Summer_Weekend,54464.0,235320.0,40256.0,55400.0,385440.0
3607,151,6,2026-05-31,Summer_Weekend,48544.0,198320.0,40256.0,54700.0,341820.0
3608,151,7,2026-05-31,Summer_Weekend,51208.0,198320.0,40256.0,58500.0,348284.0
3609,151,8,2026-05-31,Summer_Weekend,58608.0,256040.0,59200.0,58500.0,432348.0
3610,151,9,2026-05-31,Summer_Weekend,58608.0,256040.0,69856.0,58500.0,443004.0
3611,151,10,2026-05-31,Summer_Weekend,110408.0,256040.0,69856.0,48000.0,484304.0
3612,151,11,2026-05-31,Summer_Weekend,110408.0,256040.0,69856.0,48000.0,484304.0
3613,151,12,2026-05-31,Summer_Weekend,68672.0,269360.0,69856.0,37500.0,445388.0
3614,151,13,2026-05-31,Summer_Weekend,187072.0,885040.0,69856.0,37500.0,1179468.0
3615,151,14,2026-05-31,Summer_Weekend,187072.0,306360.0,69856.0,27000.0,590288.0
3616,151,15,2026-05-31,Summer_Weekend,68672.0,306360.0,80512.0,27000.0,482544.0
3617,151,16,2026-05-31,Summer_Weekend,68672.0,306360.0,80512.0,27300.0,482844.0
3618,151,17,2026-05-31,Summer_Weekend,71336.0,306360.0,80512.0,25600.0,483808.0
3619,151,18,2026-05-31,Summer_Weekend,71336.0,306360.0,80512.0,26500.0,484708.0
3620,151,19,2026-05-31,Summer_Weekend,74000.0,306360.0,80512.0,16500.0,477372.0
3621,151,20,2026-05-31,Summer_Weekend,74000.0,306360.0,80512.0,17100.0,477972.0
3622,151,21,2026-05-31,Summer_Weekend,61272.0,293040.0,80512.0,16100.0,450924.0
3623,151,22,2026-05-31,Summer_Weekend,61272.0,293040.0,80512.0,16100.0,450924.0
3624,151,23,2026-05-31,Summer_Weekend,61272.0,293040.0,80512.0,16100.0,450924.0
3625,152,0,2026-06-01,June_1_15,57128.0,235320.0,29600.0,25300.0,347348.0
3626,152,1,2026-06-01,June_1_15,57128.0,235320.0,29600.0,25300.0,347348.0
3627,152,2,2026-06-01,June_1_15,57128.0,235320.0,29600.0,25300.0,347348.0
3628,152,3,2026-06-01,June_1_15,47064.0,222000.0,29600.0,45400.0,344064.0
3629,152,4,2026-06-01,June_1_15,47064.0,185000.0,29600.0,44800.0,306464.0
3630,152,5,2026-06-01,June_1_15,54464.0,185000.0,40256.0,44500.0,324220.0
3631,152,6,2026-06-01,June_1_15,55944.0,229400.0,29600.0,50060.0,365004.0
3632,152,7,2026-06-01,June_1_15,55944.0,229400.0,29600.0,53860.0,368804.0
3633,152,8,2026-06-01,June_1_15,58608.0,279720.0,29600.0,53860.0,421788.0
3634,152,9,2026-06-01,June_1_15,58608.0,279720.0,29600.0,53860.0,421788.0
3635,152,10,2026-06-01,June_1_15,58608.0,279720.0,40256.0,53860.0,432444.0
3636,152,11,2026-06-01,June_1_15,58608.0,279720.0,40256.0,52395.0,430979.0
3637,152,12,2026-06-01,June_1_15,57128.0,235320.0,40256.0,53860.0,386564.0
3638,152,13,2026-06-01,June_1_15,57128.0,235320.0,40256.0,53860.0,386564.0
3639,152,14,2026-06-01,June_1_15,57128.0,235320.0,40256.0,40430.0,373134.0
3640,152,15,2026-06-01,June_1_15,59792.0,840640.0,40256.0,40430.0,981118.0
3641,152,16,2026-06-01,June_1_15,68672.0,293040.0,40256.0,37800.0,439768.0
3642,152,17,2026-06-01,June_1_15,68672.0,293040.0,50912.0,35700.0,448324.0
3643,152,18,2026-06-01,June_1_15,74000.0,306360.0,50912.0,36600.0,467872.0
3644,152,19,2026-06-01,June_1_15,74000.0,306360.0,40256.0,37100.0,457716.0
3645,152,20,2026-06-01,June_1_15,74000.0,306360.0,40256.0,16700.0,437316.0
3646,152,21,2026-06-01,June_1_15,68672.0,306360.0,40256.0,15700.0,430988.0
3647,152,22,2026-06-01,June_1_15,52392.0,261960.0,29600.0,15700.0,359652.0
3648,152,23,2026-06-01,June_1_15,52392.0,261960.0,29600.0,15700.0,359652.0
3649,153,0,2026-06-02,June_1_15,57128.0,235320.0,29600.0,25300.0,347348.0
3650,153,1,2026-06-02,June_1_15,57128.0,235320.0,29600.0,25300.0,347348.0
3651,153,2,2026-06-02,June_1_15,57128.0,235320.0,29600.0,25300.0,347348.0
3652,153,3,2026-06-02,June_1_15,47064.0,222000.0,29600.0,45400.0,344064.0
3653,153,4,2026-06-02,June_1_15,47064.0,185000.0,29600.0,44800.0,306464.0
3654,153,5,2026-06-02,June_1_15,54464.0,185000.0,40256.0,44500.0,324220.0
3655,153,6,2026-06-02,June_1_15,55944.0,229400.0,29600.0,50060.0,365004.0
3656,153,7,2026-06-02,June_1_15,55944.0,229400.0,29600.0,53860.0,368804.0
3657,153,8,2026-06-02,June_1_15,58608.0,279720.0,29600.0,53860.0,421788.0
3658,153,9,2026-06-02,June_1_15,58608.0,279720.0,29600.0,53860.0,421788.0
3659,153,10,2026-06-02,June_1_15,58608.0,279720.0,40256.0,53860.0,432444.0
3660,153,11,2026-06-02,June_1_15,58608.0,279720.0,40256.0,52395.0,430979.0
3661,153,12,2026-06-02,June_1_15,57128.0,235320.0,40256.0,53860.0,386564.0
3662,153,13,2026-06-02,June_1_15,57128.0,235320.0,40256.0,53860.0,386564.0
3663,153,14,2026-06-02,June_1_15,57128.0,235320.0,40256.0,40430.0,373134.0
3664,153,15,2026-06-02,June_1_15,59792.0,840640.0,40256.0,40430.0,981118.0
3665,153,16,2026-06-02,June_1_15,68672.0,293040.0,40256.0,37800.0,439768.0
3666,153,17,2026-06-02,June_1_15,68672.0,293040.0,50912.0,35700.0,448324.0
3667,153,18,2026-06-02,June_1_15,74000.0,306360.0,50912.0,36600.0,467872.0
3668,153,19,2026-06-02,June_1_15,74000.0,306360.0,40256.0,37100.0,457716.0
3669,153,20,2026-06-02,June_1_15,74000.0,306360.0,40256.0,16700.0,437316.0
3670,153,21,2026-06-02,June_1_15,68672.0,306360.0,40256.0,15700.0,430988.0
3671,153,22,2026-06-02,June_1_15,52392.0,261960.0,29600.0,15700.0,359652.0
3672,153,23,2026-06-02,June_1_15,52392.0,261960.0,29600.0,15700.0,359652.0
3673,154,0,2026-06-03,June_1_15,57128.0,235320.0,29600.0,25300.0,347348.0
3674,154,1,2026-06-03,June_1_15,57128.0,235320.0,29600.0,25300.0,347348.0
3675,154,2,2026-06-03,June_1_15,57128.0,235320.0,29600.0,25300.0,347348.0
3676,154,3,2026-06-03,June_1_15,47064.0,222000.0,29600.0,45400.0,344064.0
3677,154,4,2026-06-03,June_1_15,47064.0,185000.0,29600.0,44800.0,306464.0
3678,154,5,2026-06-03,June_1_15,54464.0,185000.0,40256.0,44500.0,324220.0
3679,154,6,2026-06-03,June_1_15,55944.0,229400.0,29600.0,50060.0,365004.0
3680,154,7,2026-06-03,June_1_15,55944.0,229400.0,29600.0,53860.0,368804.0
3681,154,8,2026-06-03,June_1_15,58608.0,279720.0,29600.0,53860.0,421788.0
3682,154,9,2026-06-03,June_1_15,58608.0,279720.0,29600.0,53860.0,421788.0
3683,154,10,2026-06-03,June_1_15,58608.0,279720.0,40256.0,53860.0,432444.0
3684,154,11,2026-06-03,June_1_15,58608.0,279720.0,40256.0,52395.0,430979.0
3685,154,12,2026-06-03,June_1_15,57128.0,235320.0,40256.0,53860.0,386564.0
3686,154,13,2026-06-03,June_1_15,57128.0,235320.0,40256.0,53860.0,386564.0
3687,154,14,2026-06-03,June_1_15,57128.0,235320.0,40256.0,40430.0,373134.0
3688,154,15,2026-06-03,June_1_15,59792.0,840640.0,40256.0,40430.0,981118.0
3689,154,16,2026-06-03,June_1_15,68672.0,293040.0,40256.0,37800.0,439768.0
3690,154,17,2026-06-03,June_1_15,68672.0,293040.0,50912.0,35700.0,448324.0
3691,154,18,2026-06-03,June_1_15,74000.0,306360.0,50912.0,36600.0,467872.0
3692,154,19,2026-06-03,June_1_15,74000.0,306360.0,40256.0,37100.0,457716.0
3693,154,20,2026-06-03,June_1_15,74000.0,306360.0,40256.0,16700.0,437316.0
3694,154,21,2026-06-03,June_1_15,68672.0,306360.0,40256.0,15700.0,430988.0
3695,154,22,2026-06-03,June_1_15,52392.0,261960.0,29600.0,15700.0,359652.0
3696,154,23,2026-06-03,June_1_15,52392.0,261960.0,29600.0,15700.0,359652.0
3697,155,0,2026-06-04,June_1_15,57128.0,235320.0,29600.0,25300.0,347348.0
3698,155,1,2026-06-04,June_1_15,57128.0,235320.0,29600.0,25300.0,347348.0
3699,155,2,2026-06-04,June_1_15,57128.0,235320.0,29600.0,25300.0,347348.0
3700,155,3,2026-06-04,June_1_15,47064.0,222000.0,29600.0,45400.0,344064.0
3701,155,4,2026-06-04,June_1_15,47064.0,185000.0,29600.0,44800.0,306464.0
3702,155,5,2026-06-04,June_1_15,54464.0,185000.0,40256.0,44500.0,324220.0
3703,155,6,2026-06-04,June_1_15,55944.0,229400.0,29600.0,50060.0,365004.0
3704,155,7,2026-06-04,June_1_15,55944.0,229400.0,29600.0,53860.0,368804.0
3705,155,8,2026-06-04,June_1_15,58608.0,279720.0,29600.0,53860.0,421788.0
3706,155,9,2026-06-04,June_1_15,58608.0,279720.0,29600.0,53860.0,421788.0
3707,155,10,2026-06-04,June_1_15,58608.0,279720.0,40256.0,53860.0,432444.0
3708,155,11,2026-06-04,June_1_15,58608.0,279720.0,40256.0,52395.0,430979.0
3709,155,12,2026-06-04,June_1_15,57128.0,235320.0,40256.0,53860.0,386564.0
3710,155,13,2026-06-04,June_1_15,57128.0,235320.0,40256.0,53860.0,386564.0
3711,155,14,2026-06-04,June_1_15,57128.0,235320.0,40256.0,40430.0,373134.0
3712,155,15,2026-06-04,June_1_15,59792.0,840640.0,40256.0,40430.0,981118.0
3713,155,16,2026-06-04,June_1_15,68672.0,293040.0,40256.0,37800.0,439768.0
3714,155,17,2026-06-04,June_1_15,68672.0,293040.0,50912.0,35700.0,448324.0
3715,155,18,2026-06-04,June_1_15,74000.0,306360.0,50912.0,36600.0,467872.0
3716,155,19,2026-06-04,June_1_15,74000.0,306360.0,40256.0,37100.0,457716.0
3717,155,20,2026-06-04,June_1_15,74000.0,306360.0,40256.0,16700.0,437316.0
3718,155,21,2026-06-04,June_1_15,68672.0,306360.0,40256.0,15700.0,430988.0
3719,155,22,2026-06-04,June_1_15,52392.0,261960.0,29600.0,15700.0,359652.0
3720,155,23,2026-06-04,June_1_15,52392.0,261960.0,29600.0,15700.0,359652.0
3721,156,0,2026-06-05,June_1_15,57128.0,235320.0,29600.0,25300.0,347348.0
3722,156,1,2026-06-05,June_1_15,57128.0,235320.0,29600.0,25300.0,347348.0
3723,156,2,2026-06-05,June_1_15,57128.0,235320.0,29600.0,25300.0,347348.0
3724,156,3,2026-06-05,June_1_15,47064.0,222000.0,29600.0,45400.0,344064.0
3725,156,4,2026-06-05,June_1_15,47064.0,185000.0,29600.0,44800.0,306464.0
3726,156,5,2026-06-05,June_1_15,54464.0,185000.0,40256.0,44500.0,324220.0
3727,156,6,2026-06-05,June_1_15,55944.0,229400.0,29600.0,50060.0,365004.0
3728,156,7,2026-06-05,June_1_15,55944.0,229400.0,29600.0,53860.0,368804.0
3729,156,8,2026-06-05,June_1_15,58608.0,279720.0,29600.0,53860.0,421788.0
3730,156,9,2026-06-05,June_1_15,58608.0,279720.0,29600.0,53860.0,421788.0
3731,156,10,2026-06-05,June_1_15,58608.0,279720.0,40256.0,53860.0,432444.0
3732,156,11,2026-06-05,June_1_15,58608.0,279720.0,40256.0,52395.0,430979.0
3733,156,12,2026-06-05,June_1_15,57128.0,235320.0,40256.0,53860.0,386564.0
3734,156,13,2026-06-05,June_1_15,57128.0,235320.0,40256.0,53860.0,386564.0
3735,156,14,2026-06-05,June_1_15,57128.0,235320.0,40256.0,40430.0,373134.0
3736,156,15,2026-06-05,June_1_15,59792.0,840640.0,40256.0,40430.0,981118.0
3737,156,16,2026-06-05,June_1_15,68672.0,293040.0,40256.0,37800.0,439768.0
3738,156,17,2026-06-05,June_1_15,68672.0,293040.0,50912.0,35700.0,448324.0
3739,156,18,2026-06-05,June_1_15,74000.0,306360.0,50912.0,36600.0,467872.0
3740,156,19,2026-06-05,June_1_15,74000.0,306360.0,40256.0,37100.0,457716.0
3741,156,20,2026-06-05,June_1_15,74000.0,306360.0,40256.0,16700.0,437316.0
3742,156,21,2026-06-05,June_1_15,68672.0,306360.0,40256.0,15700.0,430988.0
3743,156,22,2026-06-05,June_1_15,52392.0,261960.0,29600.0,15700.0,359652.0
3744,156,23,2026-06-05,June_1_15,52392.0,261960.0,29600.0,15700.0,359652.0
3745,157,0,2026-06-06,Summer_Weekend,58608.0,293040.0,40256.0,36200.0,428104.0
3746,157,1,2026-06-06,Summer_Weekend,58608.0,248640.0,40256.0,36200.0,383704.0
3747,157,2,2026-06-06,Summer_Weekend,58608.0,248640.0,40256.0,36200.0,383704.0
3748,157,3,2026-06-06,Summer_Weekend,47064.0,235320.0,29600.0,56300.0,368284.0
3749,157,4,2026-06-06,Summer_Weekend,47064.0,235320.0,29600.0,55700.0,367684.0
3750,157,5,2026-06-06,Summer_Weekend,54464.0,235320.0,40256.0,55400.0,385440.0
3751,157,6,2026-06-06,Summer_Weekend,48544.0,198320.0,40256.0,54700.0,341820.0
3752,157,7,2026-06-06,Summer_Weekend,51208.0,198320.0,40256.0,58500.0,348284.0
3753,157,8,2026-06-06,Summer_Weekend,58608.0,256040.0,59200.0,58500.0,432348.0
3754,157,9,2026-06-06,Summer_Weekend,58608.0,256040.0,69856.0,58500.0,443004.0
3755,157,10,2026-06-06,Summer_Weekend,110408.0,256040.0,69856.0,48000.0,484304.0
3756,157,11,2026-06-06,Summer_Weekend,110408.0,256040.0,69856.0,48000.0,484304.0
3757,157,12,2026-06-06,Summer_Weekend,68672.0,269360.0,69856.0,37500.0,445388.0
3758,157,13,2026-06-06,Summer_Weekend,187072.0,885040.0,69856.0,37500.0,1179468.0
3759,157,14,2026-06-06,Summer_Weekend,187072.0,306360.0,69856.0,27000.0,590288.0
3760,157,15,2026-06-06,Summer_Weekend,68672.0,306360.0,80512.0,27000.0,482544.0
3761,157,16,2026-06-06,Summer_Weekend,68672.0,306360.0,80512.0,27300.0,482844.0
3762,157,17,2026-06-06,Summer_Weekend,71336.0,306360.0,80512.0,25600.0,483808.0
3763,157,18,2026-06-06,Summer_Weekend,71336.0,306360.0,80512.0,26500.0,484708.0
3764,157,19,2026-06-06,Summer_Weekend,74000.0,306360.0,80512.0,16500.0,477372.0
3765,157,20,2026-06-06,Summer_Weekend,74000.0,306360.0,80512.0,17100.0,477972.0
3766,157,21,2026-06-06,Summer_Weekend,61272.0,293040.0,80512.0,16100.0,450924.0
3767,157,22,2026-06-06,Summer_Weekend,61272.0,293040.0,80512.0,16100.0,450924.0
3768,157,23,2026-06-06,Summer_Weekend,61272.0,293040.0,80512.0,16100.0,450924.0
3769,158,0,2026-06-07,Summer_Weekend,58608.0,293040.0,40256.0,36200.0,428104.0
3770,158,1,2026-06-07,Summer_Weekend,58608.0,248640.0,40256.0,36200.0,383704.0
3771,158,2,2026-06-07,Summer_Weekend,58608.0,248640.0,40256.0,36200.0,383704.0
3772,158,3,2026-06-07,Summer_Weekend,47064.0,235320.0,29600.0,56300.0,368284.0
3773,158,4,2026-06-07,Summer_Weekend,47064.0,235320.0,29600.0,55700.0,367684.0
3774,158,5,2026-06-07,Summer_Weekend,54464.0,235320.0,40256.0,55400.0,385440.0
3775,158,6,2026-06-07,Summer_Weekend,48544.0,198320.0,40256.0,54700.0,341820.0
3776,158,7,2026-06-07,Summer_Weekend,51208.0,198320.0,40256.0,58500.0,348284.0
3777,158,8,2026-06-07,Summer_Weekend,58608.0,256040.0,59200.0,58500.0,432348.0
3778,158,9,2026-06-07,Summer_Weekend,58608.0,256040.0,69856.0,58500.0,443004.0
3779,158,10,2026-06-07,Summer_Weekend,110408.0,256040.0,69856.0,48000.0,484304.0
3780,158,11,2026-06-07,Summer_Weekend,110408.0,256040.0,69856.0,48000.0,484304.0
3781,158,12,2026-06-07,Summer_Weekend,68672.0,269360.0,69856.0,37500.0,445388.0
3782,158,13,2026-06-07,Summer_Weekend,187072.0,885040.0,69856.0,37500.0,1179468.0
3783,158,14,2026-06-07,Summer_Weekend,187072.0,306360.0,69856.0,27000.0,590288.0
3784,158,15,2026-06-07,Summer_Weekend,68672.0,306360.0,80512.0,27000.0,482544.0
3785,158,16,2026-06-07,Summer_Weekend,68672.0,306360.0,80512.0,27300.0,482844.0
3786,158,17,2026-06-07,Summer_Weekend,71336.0,306360.0,80512.0,25600.0,483808.0
3787,158,18,2026-06-07,Summer_Weekend,71336.0,306360.0,80512.0,26500.0,484708.0
3788,158,19,2026-06-07,Summer_Weekend,74000.0,306360.0,80512.0,16500.0,477372.0
3789,158,20,2026-06-07,Summer_Weekend,74000.0,306360.0,80512.0,17100.0,477972.0
3790,158,21,2026-06-07,Summer_Weekend,61272.0,293040.0,80512.0,16100.0,450924.0
3791,158,22,2026-06-07,Summer_Weekend,61272.0,293040.0,80512.0,16100.0,450924.0
3792,158,23,2026-06-07,Summer_Weekend,61272.0,293040.0,80512.0,16100.0,450924.0
3793,159,0,2026-06-08,June_1_15,57128.0,235320.0,29600.0,25300.0,347348.0
3794,159,1,2026-06-08,June_1_15,57128.0,235320.0,29600.0,25300.0,347348.0
3795,159,2,2026-06-08,June_1_15,57128.0,235320.0,29600.0,25300.0,347348.0
3796,159,3,2026-06-08,June_1_15,47064.0,222000.0,29600.0,45400.0,344064.0
3797,159,4,2026-06-08,June_1_15,47064.0,185000.0,29600.0,44800.0,306464.0
3798,159,5,2026-06-08,June_1_15,54464.0,185000.0,40256.0,44500.0,324220.0
3799,159,6,2026-06-08,June_1_15,55944.0,229400.0,29600.0,50060.0,365004.0
3800,159,7,2026-06-08,June_1_15,55944.0,229400.0,29600.0,53860.0,368804.0
3801,159,8,2026-06-08,June_1_15,58608.0,279720.0,29600.0,53860.0,421788.0
3802,159,9,2026-06-08,June_1_15,58608.0,279720.0,29600.0,53860.0,421788.0
3803,159,10,2026-06-08,June_1_15,58608.0,279720.0,40256.0,53860.0,432444.0
3804,159,11,2026-06-08,June_1_15,58608.0,279720.0,40256.0,52395.0,430979.0
3805,159,12,2026-06-08,June_1_15,57128.0,235320.0,40256.0,53860.0,386564.0
3806,159,13,2026-06-08,June_1_15,57128.0,235320.0,40256.0,53860.0,386564.0
3807,159,14,2026-06-08,June_1_15,57128.0,235320.0,40256.0,40430.0,373134.0
3808,159,15,2026-06-08,June_1_15,59792.0,840640.0,40256.0,40430.0,981118.0
3809,159,16,2026-06-08,June_1_15,68672.0,293040.0,40256.0,37800.0,439768.0
3810,159,17,2026-06-08,June_1_15,68672.0,293040.0,50912.0,35700.0,448324.0
3811,159,18,2026-06-08,June_1_15,74000.0,306360.0,50912.0,36600.0,467872.0
3812,159,19,2026-06-08,June_1_15,74000.0,306360.0,40256.0,37100.0,457716.0
3813,159,20,2026-06-08,June_1_15,74000.0,306360.0,40256.0,16700.0,437316.0
3814,159,21,2026-06-08,June_1_15,68672.0,306360.0,40256.0,15700.0,430988.0
3815,159,22,2026-06-08,June_1_15,52392.0,261960.0,29600.0,15700.0,359652.0
3816,159,23,2026-06-08,June_1_15,52392.0,261960.0,29600.0,15700.0,359652.0
3817,160,0,2026-06-09,June_1_15,57128.0,235320.0,29600.0,25300.0,347348.0
3818,160,1,2026-06-09,June_1_15,57128.0,235320.0,29600.0,25300.0,347348.0
3819,160,2,2026-06-09,June_1_15,57128.0,235320.0,29600.0,25300.0,347348.0
3820,160,3,2026-06-09,June_1_15,47064.0,222000.0,29600.0,45400.0,344064.0
3821,160,4,2026-06-09,June_1_15,47064.0,185000.0,29600.0,44800.0,306464.0
3822,160,5,2026-06-09,June_1_15,54464.0,185000.0,40256.0,44500.0,324220.0
3823,160,6,2026-06-09,June_1_15,55944.0,229400.0,29600.0,50060.0,365004.0
3824,160,7,2026-06-09,June_1_15,55944.0,229400.0,29600.0,53860.0,368804.0
3825,160,8,2026-06-09,June_1_15,58608.0,279720.0,29600.0,53860.0,421788.0
3826,160,9,2026-06-09,June_1_15,58608.0,279720.0,29600.0,53860.0,421788.0
3827,160,10,2026-06-09,June_1_15,58608.0,279720.0,40256.0,53860.0,432444.0
3828,160,11,2026-06-09,June_1_15,58608.0,279720.0,40256.0,52395.0,430979.0
3829,160,12,2026-06-09,June_1_15,57128.0,235320.0,40256.0,53860.0,386564.0
3830,160,13,2026-06-09,June_1_15,57128.0,235320.0,40256.0,53860.0,386564.0
3831,160,14,2026-06-09,June_1_15,57128.0,235320.0,40256.0,40430.0,373134.0
3832,160,15,2026-06-09,June_1_15,59792.0,840640.0,40256.0,40430.0,981118.0
3833,160,16,2026-06-09,June_1_15,68672.0,293040.0,40256.0,37800.0,439768.0
3834,160,17,2026-06-09,June_1_15,68672.0,293040.0,50912.0,35700.0,448324.0
3835,160,18,2026-06-09,June_1_15,74000.0,306360.0,50912.0,36600.0,467872.0
3836,160,19,2026-06-09,June_1_15,74000.0,306360.0,40256.0,37100.0,457716.0
3837,160,20,2026-06-09,June_1_15,74000.0,306360.0,40256.0,16700.0,437316.0
3838,160,21,2026-06-09,June_1_15,68672.0,306360.0,40256.0,15700.0,430988.0
3839,160,22,2026-06-09,June_1_15,52392.0,261960.0,29600.0,15700.0,359652.0
3840,160,23,2026-06-09,June_1_15,52392.0,261960.0,29600.0,15700.0,359652.0
3841,161,0,2026-06-10,June_1_15,57128.0,235320.0,29600.0,25300.0,347348.0
3842,161,1,2026-06-10,June_1_15,57128.0,235320.0,29600.0,25300.0,347348.0
3843,161,2,2026-06-10,June_1_15,57128.0,235320.0,29600.0,25300.0,347348.0
3844,161,3,2026-06-10,June_1_15,47064.0,222000.0,29600.0,45400.0,344064.0
3845,161,4,2026-06-10,June_1_15,47064.0,185000.0,29600.0,44800.0,306464.0
3846,161,5,2026-06-10,June_1_15,54464.0,185000.0,40256.0,44500.0,324220.0
3847,161,6,2026-06-10,June_1_15,55944.0,229400.0,29600.0,50060.0,365004.0
3848,161,7,2026-06-10,June_1_15,55944.0,229400.0,29600.0,53860.0,368804.0
3849,161,8,2026-06-10,June_1_15,58608.0,279720.0,29600.0,53860.0,421788.0
3850,161,9,2026-06-10,June_1_15,58608.0,279720.0,29600.0,53860.0,421788.0
3851,161,10,2026-06-10,June_1_15,58608.0,279720.0,40256.0,53860.0,432444.0
3852,161,11,2026-06-10,June_1_15,58608.0,279720.0,40256.0,52395.0,430979.0
3853,161,12,2026-06-10,June_1_15,57128.0,235320.0,40256.0,53860.0,386564.0
3854,161,13,2026-06-10,June_1_15,57128.0,235320.0,40256.0,53860.0,386564.0
3855,161,14,2026-06-10,June_1_15,57128.0,235320.0,40256.0,40430.0,373134.0
3856,161,15,2026-06-10,June_1_15,59792.0,840640.0,40256.0,40430.0,981118.0
3857,161,16,2026-06-10,June_1_15,68672.0,293040.0,40256.0,37800.0,439768.0
3858,161,17,2026-06-10,June_1_15,68672.0,293040.0,50912.0,35700.0,448324.0
3859,161,18,2026-06-10,June_1_15,74000.0,306360.0,50912.0,36600.0,467872.0
3860,161,19,2026-06-10,June_1_15,74000.0,306360.0,40256.0,37100.0,457716.0
3861,161,20,2026-06-10,June_1_15,74000.0,306360.0,40256.0,16700.0,437316.0
3862,161,21,2026-06-10,June_1_15,68672.0,306360.0,40256.0,15700.0,430988.0
3863,161,22,2026-06-10,June_1_15,52392.0,261960.0,29600.0,15700.0,359652.0
3864,161,23,2026-06-10,June_1_15,52392.0,261960.0,29600.0,15700.0,359652.0
3865,162,0,2026-06-11,June_1_15,57128.0,235320.0,29600.0,25300.0,347348.0
3866,162,1,2026-06-11,June_1_15,57128.0,235320.0,29600.0,25300.0,347348.0
3867,162,2,2026-06-11,June_1_15,57128.0,235320.0,29600.0,25300.0,347348.0
3868,162,3,2026-06-11,June_1_15,47064.0,222000.0,29600.0,45400.0,344064.0
3869,162,4,2026-06-11,June_1_15,47064.0,185000.0,29600.0,44800.0,306464.0
3870,162,5,2026-06-11,June_1_15,54464.0,185000.0,40256.0,44500.0,324220.0
3871,162,6,2026-06-11,June_1_15,55944.0,229400.0,29600.0,50060.0,365004.0
3872,162,7,2026-06-11,June_1_15,55944.0,229400.0,29600.0,53860.0,368804.0
3873,162,8,2026-06-11,June_1_15,58608.0,279720.0,29600.0,53860.0,421788.0
3874,162,9,2026-06-11,June_1_15,58608.0,279720.0,29600.0,53860.0,421788.0
3875,162,10,2026-06-11,June_1_15,58608.0,279720.0,40256.0,53860.0,432444.0
3876,162,11,2026-06-11,June_1_15,58608.0,279720.0,40256.0,52395.0,430979.0
3877,162,12,2026-06-11,June_1_15,57128.0,235320.0,40256.0,53860.0,386564.0
3878,162,13,2026-06-11,June_1_15,57128.0,235320.0,40256.0,53860.0,386564.0
3879,162,14,2026-06-11,June_1_15,57128.0,235320.0,40256.0,40430.0,373134.0
3880,162,15,2026-06-11,June_1_15,59792.0,840640.0,40256.0,40430.0,981118.0
3881,162,16,2026-06-11,June_1_15,68672.0,293040.0,40256.0,37800.0,439768.0
3882,162,17,2026-06-11,June_1_15,68672.0,293040.0,50912.0,35700.0,448324.0
3883,162,18,2026-06-11,June_1_15,74000.0,306360.0,50912.0,36600.0,467872.0
3884,162,19,2026-06-11,June_1_15,74000.0,306360.0,40256.0,37100.0,457716.0
3885,162,20,2026-06-11,June_1_15,74000.0,306360.0,40256.0,16700.0,437316.0
3886,162,21,2026-06-11,June_1_15,68672.0,306360.0,40256.0,15700.0,430988.0
3887,162,22,2026-06-11,June_1_15,52392.0,261960.0,29600.0,15700.0,359652.0
3888,162,23,2026-06-11,June_1_15,52392.0,261960.0,29600.0,15700.0,359652.0
3889,163,0,2026-06-12,June_1_15,57128.0,235320.0,29600.0,25300.0,347348.0
3890,163,1,2026-06-12,June_1_15,57128.0,235320.0,29600.0,25300.0,347348.0
3891,163,2,2026-06-12,June_1_15,57128.0,235320.0,29600.0,25300.0,347348.0
3892,163,3,2026-06-12,June_1_15,47064.0,222000.0,29600.0,45400.0,344064.0
3893,163,4,2026-06-12,June_1_15,47064.0,185000.0,29600.0,44800.0,306464.0
3894,163,5,2026-06-12,June_1_15,54464.0,185000.0,40256.0,44500.0,324220.0
3895,163,6,2026-06-12,June_1_15,55944.0,229400.0,29600.0,50060.0,365004.0
3896,163,7,2026-06-12,June_1_15,55944.0,229400.0,29600.0,53860.0,368804.0
3897,163,8,2026-06-12,June_1_15,58608.0,279720.0,29600.0,53860.0,421788.0
3898,163,9,2026-06-12,June_1_15,58608.0,279720.0,29600.0,53860.0,421788.0
3899,163,10,2026-06-12,June_1_15,58608.0,279720.0,40256.0,53860.0,432444.0
3900,163,11,2026-06-12,June_1_15,58608.0,279720.0,40256.0,52395.0,430979.0
3901,163,12,2026-06-12,June_1_15,57128.0,235320.0,40256.0,53860.0,386564.0
3902,163,13,2026-06-12,June_1_15,57128.0,235320.0,40256.0,53860.0,386564.0
3903,163,14,2026-06-12,June_1_15,57128.0,235320.0,40256.0,40430.0,373134.0
3904,163,15,2026-06-12,June_1_15,59792.0,840640.0,40256.0,40430.0,981118.0
3905,163,16,2026-06-12,June_1_15,68672.0,293040.0,40256.0,37800.0,439768.0
3906,163,17,2026-06-12,June_1_15,68672.0,293040.0,50912.0,35700.0,448324.0
3907,163,18,2026-06-12,June_1_15,74000.0,306360.0,50912.0,36600.0,467872.0
3908,163,19,2026-06-12,June_1_15,74000.0,306360.0,40256.0,37100.0,457716.0
3909,163,20,2026-06-12,June_1_15,74000.0,306360.0,40256.0,16700.0,437316.0
3910,163,21,2026-06-12,June_1_15,68672.0,306360.0,40256.0,15700.0,430988.0
3911,163,22,2026-06-12,June_1_15,52392.0,261960.0,29600.0,15700.0,359652.0
3912,163,23,2026-06-12,June_1_15,52392.0,261960.0,29600.0,15700.0,359652.0
3913,164,0,2026-06-13,Summer_Weekend,58608.0,293040.0,40256.0,36200.0,428104.0
3914,164,1,2026-06-13,Summer_Weekend,58608.0,248640.0,40256.0,36200.0,383704.0
3915,164,2,2026-06-13,Summer_Weekend,58608.0,248640.0,40256.0,36200.0,383704.0
3916,164,3,2026-06-13,Summer_Weekend,47064.0,235320.0,29600.0,56300.0,368284.0
3917,164,4,2026-06-13,Summer_Weekend,47064.0,235320.0,29600.0,55700.0,367684.0
3918,164,5,2026-06-13,Summer_Weekend,54464.0,235320.0,40256.0,55400.0,385440.0
3919,164,6,2026-06-13,Summer_Weekend,48544.0,198320.0,40256.0,54700.0,341820.0
3920,164,7,2026-06-13,Summer_Weekend,51208.0,198320.0,40256.0,58500.0,348284.0
3921,164,8,2026-06-13,Summer_Weekend,58608.0,256040.0,59200.0,58500.0,432348.0
3922,164,9,2026-06-13,Summer_Weekend,58608.0,256040.0,69856.0,58500.0,443004.0
3923,164,10,2026-06-13,Summer_Weekend,110408.0,256040.0,69856.0,48000.0,484304.0
3924,164,11,2026-06-13,Summer_Weekend,110408.0,256040.0,69856.0,48000.0,484304.0
3925,164,12,2026-06-13,Summer_Weekend,68672.0,269360.0,69856.0,37500.0,445388.0
3926,164,13,2026-06-13,Summer_Weekend,187072.0,885040.0,69856.0,37500.0,1179468.0
3927,164,14,2026-06-13,Summer_Weekend,187072.0,306360.0,69856.0,27000.0,590288.0
3928,164,15,2026-06-13,Summer_Weekend,68672.0,306360.0,80512.0,27000.0,482544.0
3929,164,16,2026-06-13,Summer_Weekend,68672.0,306360.0,80512.0,27300.0,482844.0
3930,164,17,2026-06-13,Summer_Weekend,71336.0,306360.0,80512.0,25600.0,483808.0
3931,164,18,2026-06-13,Summer_Weekend,71336.0,306360.0,80512.0,26500.0,484708.0
3932,164,19,2026-06-13,Summer_Weekend,74000.0,306360.0,80512.0,16500.0,477372.0
3933,164,20,2026-06-13,Summer_Weekend,74000.0,306360.0,80512.0,17100.0,477972.0
3934,164,21,2026-06-13,Summer_Weekend,61272.0,293040.0,80512.0,16100.0,450924.0
3935,164,22,2026-06-13,Summer_Weekend,61272.0,293040.0,80512.0,16100.0,450924.0
3936,164,23,2026-06-13,Summer_Weekend,61272.0,293040.0,80512.0,16100.0,450924.0
3937,165,0,2026-06-14,Summer_Weekend,58608.0,293040.0,40256.0,36200.0,428104.0
3938,165,1,2026-06-14,Summer_Weekend,58608.0,248640.0,40256.0,36200.0,383704.0
3939,165,2,2026-06-14,Summer_Weekend,58608.0,248640.0,40256.0,36200.0,383704.0
3940,165,3,2026-06-14,Summer_Weekend,47064.0,235320.0,29600.0,56300.0,368284.0
3941,165,4,2026-06-14,Summer_Weekend,47064.0,235320.0,29600.0,55700.0,367684.0
3942,165,5,2026-06-14,Summer_Weekend,54464.0,235320.0,40256.0,55400.0,385440.0
3943,165,6,2026-06-14,Summer_Weekend,48544.0,198320.0,40256.0,54700.0,341820.0
3944,165,7,2026-06-14,Summer_Weekend,51208.0,198320.0,40256.0,58500.0,348284.0
3945,165,8,2026-06-14,Summer_Weekend,58608.0,256040.0,59200.0,58500.0,432348.0
3946,165,9,2026-06-14,Summer_Weekend,58608.0,256040.0,69856.0,58500.0,443004.0
3947,165,10,2026-06-14,Summer_Weekend,110408.0,256040.0,69856.0,48000.0,484304.0
3948,165,11,2026-06-14,Summer_Weekend,110408.0,256040.0,69856.0,48000.0,484304.0
3949,165,12,2026-06-14,Summer_Weekend,68672.0,269360.0,69856.0,37500.0,445388.0
3950,165,13,2026-06-14,Summer_Weekend,187072.0,885040.0,69856.0,37500.0,1179468.0
3951,165,14,2026-06-14,Summer_Weekend,187072.0,306360.0,69856.0,27000.0,590288.0
3952,165,15,2026-06-14,Summer_Weekend,68672.0,306360.0,80512.0,27000.0,482544.0
3953,165,16,2026-06-14,Summer_Weekend,68672.0,306360.0,80512.0,27300.0,482844.0
3954,165,17,2026-06-14,Summer_Weekend,71336.0,306360.0,80512.0,25600.0,483808.0
3955,165,18,2026-06-14,Summer_Weekend,71336.0,306360.0,80512.0,26500.0,484708.0
3956,165,19,2026-06-14,Summer_Weekend,74000.0,306360.0,80512.0,16500.0,477372.0
3957,165,20,2026-06-14,Summer_Weekend,74000.0,306360.0,80512.0,17100.0,477972.0
3958,165,21,2026-06-14,Summer_Weekend,61272.0,293040.0,80512.0,16100.0,450924.0
3959,165,22,2026-06-14,Summer_Weekend,61272.0,293040.0,80512.0,16100.0,450924.0
3960,165,23,2026-06-14,Summer_Weekend,61272.0,293040.0,80512.0,16100.0,450924.0
3961,166,0,2026-06-15,June_1_15,57128.0,235320.0,29600.0,25300.0,347348.0
3962,166,1,2026-06-15,June_1_15,57128.0,235320.0,29600.0,25300.0,347348.0
3963,166,2,2026-06-15,June_1_15,57128.0,235320.0,29600.0,25300.0,347348.0
3964,166,3,2026-06-15,June_1_15,47064.0,222000.0,29600.0,45400.0,344064.0
3965,166,4,2026-06-15,June_1_15,47064.0,185000.0,29600.0,44800.0,306464.0
3966,166,5,2026-06-15,June_1_15,54464.0,185000.0,40256.0,44500.0,324220.0
3967,166,6,2026-06-15,June_1_15,55944.0,229400.0,29600.0,50060.0,365004.0
3968,166,7,2026-06-15,June_1_15,55944.0,229400.0,29600.0,53860.0,368804.0
3969,166,8,2026-06-15,June_1_15,58608.0,279720.0,29600.0,53860.0,421788.0
3970,166,9,2026-06-15,June_1_15,58608.0,279720.0,29600.0,53860.0,421788.0
3971,166,10,2026-06-15,June_1_15,58608.0,279720.0,40256.0,53860.0,432444.0
3972,166,11,2026-06-15,June_1_15,58608.0,279720.0,40256.0,52395.0,430979.0
3973,166,12,2026-06-15,June_1_15,57128.0,235320.0,40256.0,53860.0,386564.0
3974,166,13,2026-06-15,June_1_15,57128.0,235320.0,40256.0,53860.0,386564.0
3975,166,14,2026-06-15,June_1_15,57128.0,235320.0,40256.0,40430.0,373134.0
3976,166,15,2026-06-15,June_1_15,59792.0,840640.0,40256.0,40430.0,981118.0
3977,166,16,2026-06-15,June_1_15,68672.0,293040.0,40256.0,37800.0,439768.0
3978,166,17,2026-06-15,June_1_15,68672.0,293040.0,50912.0,35700.0,448324.0
3979,166,18,2026-06-15,June_1_15,74000.0,306360.0,50912.0,36600.0,467872.0
3980,166,19,2026-06-15,June_1_15,74000.0,306360.0,40256.0,37100.0,457716.0
3981,166,20,2026-06-15,June_1_15,74000.0,306360.0,40256.0,16700.0,437316.0
3982,166,21,2026-06-15,June_1_15,68672.0,306360.0,40256.0,15700.0,430988.0
3983,166,22,2026-06-15,June_1_15,52392.0,261960.0,29600.0,15700.0,359652.0
3984,166,23,2026-06-15,June_1_15,52392.0,261960.0,29600.0,15700.0,359652.0
3985,167,0,2026-06-16,Early_Monsoon,39664.0,198320.0,29600.0,25300.0,292884.0
3986,167,1,2026-06-16,Early_Monsoon,39664.0,198320.0,29600.0,25300.0,292884.0
3987,167,2,2026-06-16,Early_Monsoon,39664.0,198320.0,29600.0,25300.0,292884.0
3988,167,3,2026-06-16,Early_Monsoon,39664.0,185000.0,29600.0,45400.0,299664.0
3989,167,4,2026-06-16,Early_Monsoon,39664.0,185000.0,29600.0,44800.0,299064.0
3990,167,5,2026-06-16,Early_Monsoon,49728.0,198320.0,40256.0,34000.0,322304.0
3991,167,6,2026-06-16,Early_Monsoon,51208.0,256040.0,29600.0,33700.0,370548.0
3992,167,7,2026-06-16,Early_Monsoon,51208.0,256040.0,29600.0,37500.0,374348.0
3993,167,8,2026-06-16,Early_Monsoon,48544.0,229400.0,29600.0,27000.0,334544.0
3994,167,9,2026-06-16,Early_Monsoon,48544.0,242720.0,29600.0,27000.0,347864.0
3995,167,10,2026-06-16,Early_Monsoon,48544.0,205720.0,40256.0,27000.0,321520.0
3996,167,11,2026-06-16,Early_Monsoon,41144.0,205720.0,40256.0,27000.0,314120.0
3997,167,12,2026-06-16,Early_Monsoon,34928.0,161320.0,40256.0,27000.0,263504.0
3998,167,13,2026-06-16,Early_Monsoon,37592.0,174640.0,40256.0,27000.0,279488.0
3999,167,14,2026-06-16,Early_Monsoon,37592.0,174640.0,40256.0,16500.0,268988.0
4000,167,15,2026-06-16,Early_Monsoon,44992.0,803640.0,40256.0,16500.0,905388.0
4001,167,16,2026-06-16,Early_Monsoon,61272.0,269360.0,40256.0,16800.0,387688.0
4002,167,17,2026-06-16,Early_Monsoon,63936.0,269360.0,50912.0,14700.0,398908.0
4003,167,18,2026-06-16,Early_Monsoon,66600.0,269360.0,50912.0,5700.0,392572.0
4004,167,19,2026-06-16,Early_Monsoon,74000.0,269360.0,40256.0,5600.0,389216.0
4005,167,20,2026-06-16,Early_Monsoon,74000.0,269360.0,40256.0,6200.0,389816.0
4006,167,21,2026-06-16,Early_Monsoon,59200.0,269360.0,40256.0,5200.0,374016.0
4007,167,22,2026-06-16,Early_Monsoon,50320.0,261960.0,29600.0,5200.0,347080.0
4008,167,23,2026-06-16,Early_Monsoon,44992.0,235320.0,29600.0,15700.0,325612.0
4009,168,0,2026-06-17,Early_Monsoon,39664.0,198320.0,29600.0,25300.0,292884.0
4010,168,1,2026-06-17,Early_Monsoon,39664.0,198320.0,29600.0,25300.0,292884.0
4011,168,2,2026-06-17,Early_Monsoon,39664.0,198320.0,29600.0,25300.0,292884.0
4012,168,3,2026-06-17,Early_Monsoon,39664.0,185000.0,29600.0,45400.0,299664.0
4013,168,4,2026-06-17,Early_Monsoon,39664.0,185000.0,29600.0,44800.0,299064.0
4014,168,5,2026-06-17,Early_Monsoon,49728.0,198320.0,40256.0,34000.0,322304.0
4015,168,6,2026-06-17,Early_Monsoon,51208.0,256040.0,29600.0,33700.0,370548.0
4016,168,7,2026-06-17,Early_Monsoon,51208.0,256040.0,29600.0,37500.0,374348.0
4017,168,8,2026-06-17,Early_Monsoon,48544.0,229400.0,29600.0,27000.0,334544.0
4018,168,9,2026-06-17,Early_Monsoon,48544.0,242720.0,29600.0,27000.0,347864.0
4019,168,10,2026-06-17,Early_Monsoon,48544.0,205720.0,40256.0,27000.0,321520.0
4020,168,11,2026-06-17,Early_Monsoon,41144.0,205720.0,40256.0,27000.0,314120.0
4021,168,12,2026-06-17,Early_Monsoon,34928.0,161320.0,40256.0,27000.0,263504.0
4022,168,13,2026-06-17,Early_Monsoon,37592.0,174640.0,40256.0,27000.0,279488.0
4023,168,14,2026-06-17,Early_Monsoon,37592.0,174640.0,40256.0,16500.0,268988.0
4024,168,15,2026-06-17,Early_Monsoon,44992.0,803640.0,40256.0,16500.0,905388.0
4025,168,16,2026-06-17,Early_Monsoon,61272.0,269360.0,40256.0,16800.0,387688.0
4026,168,17,2026-06-17,Early_Monsoon,63936.0,269360.0,50912.0,14700.0,398908.0
4027,168,18,2026-06-17,Early_Monsoon,66600.0,269360.0,50912.0,5700.0,392572.0
4028,168,19,2026-06-17,Early_Monsoon,74000.0,269360.0,40256.0,5600.0,389216.0
4029,168,20,2026-06-17,Early_Monsoon,74000.0,269360.0,40256.0,6200.0,389816.0
4030,168,21,2026-06-17,Early_Monsoon,59200.0,269360.0,40256.0,5200.0,374016.0
4031,168,22,2026-06-17,Early_Monsoon,50320.0,261960.0,29600.0,5200.0,347080.0
4032,168,23,2026-06-17,Early_Monsoon,44992.0,235320.0,29600.0,15700.0,325612.0
4033,169,0,2026-06-18,Early_Monsoon,39664.0,198320.0,29600.0,25300.0,292884.0
4034,169,1,2026-06-18,Early_Monsoon,39664.0,198320.0,29600.0,25300.0,292884.0
4035,169,2,2026-06-18,Early_Monsoon,39664.0,198320.0,29600.0,25300.0,292884.0
4036,169,3,2026-06-18,Early_Monsoon,39664.0,185000.0,29600.0,45400.0,299664.0
4037,169,4,2026-06-18,Early_Monsoon,39664.0,185000.0,29600.0,44800.0,299064.0
4038,169,5,2026-06-18,Early_Monsoon,49728.0,198320.0,40256.0,34000.0,322304.0
4039,169,6,2026-06-18,Early_Monsoon,51208.0,256040.0,29600.0,33700.0,370548.0
4040,169,7,2026-06-18,Early_Monsoon,51208.0,256040.0,29600.0,37500.0,374348.0
4041,169,8,2026-06-18,Early_Monsoon,48544.0,229400.0,29600.0,27000.0,334544.0
4042,169,9,2026-06-18,Early_Monsoon,48544.0,242720.0,29600.0,27000.0,347864.0
4043,169,10,2026-06-18,Early_Monsoon,48544.0,205720.0,40256.0,27000.0,321520.0
4044,169,11,2026-06-18,Early_Monsoon,41144.0,205720.0,40256.0,27000.0,314120.0
4045,169,12,2026-06-18,Early_Monsoon,34928.0,161320.0,40256.0,27000.0,263504.0
4046,169,13,2026-06-18,Early_Monsoon,37592.0,174640.0,40256.0,27000.0,279488.0
4047,169,14,2026-06-18,Early_Monsoon,37592.0,174640.0,40256.0,16500.0,268988.0
4048,169,15,2026-06-18,Early_Monsoon,44992.0,803640.0,40256.0,16500.0,905388.0
4049,169,16,2026-06-18,Early_Monsoon,61272.0,269360.0,40256.0,16800.0,387688.0
4050,169,17,2026-06-18,Early_Monsoon,63936.0,269360.0,50912.0,14700.0,398908.0
4051,169,18,2026-06-18,Early_Monsoon,66600.0,269360.0,50912.0,5700.0,392572.0
4052,169,19,2026-06-18,Early_Monsoon,74000.0,269360.0,40256.0,5600.0,389216.0
4053,169,20,2026-06-18,Early_Monsoon,74000.0,269360.0,40256.0,6200.0,389816.0
4054,169,21,2026-06-18,Early_Monsoon,59200.0,269360.0,40256.0,5200.0,374016.0
4055,169,22,2026-06-18,Early_Monsoon,50320.0,261960.0,29600.0,5200.0,347080.0
4056,169,23,2026-06-18,Early_Monsoon,44992.0,235320.0,29600.0,15700.0,325612.0
4057,170,0,2026-06-19,Early_Monsoon,39664.0,198320.0,29600.0,25300.0,292884.0
4058,170,1,2026-06-19,Early_Monsoon,39664.0,198320.0,29600.0,25300.0,292884.0
4059,170,2,2026-06-19,Early_Monsoon,39664.0,198320.0,29600.0,25300.0,292884.0
4060,170,3,2026-06-19,Early_Monsoon,39664.0,185000.0,29600.0,45400.0,299664.0
4061,170,4,2026-06-19,Early_Monsoon,39664.0,185000.0,29600.0,44800.0,299064.0
4062,170,5,2026-06-19,Early_Monsoon,49728.0,198320.0,40256.0,34000.0,322304.0
4063,170,6,2026-06-19,Early_Monsoon,51208.0,256040.0,29600.0,33700.0,370548.0
4064,170,7,2026-06-19,Early_Monsoon,51208.0,256040.0,29600.0,37500.0,374348.0
4065,170,8,2026-06-19,Early_Monsoon,48544.0,229400.0,29600.0,27000.0,334544.0
4066,170,9,2026-06-19,Early_Monsoon,48544.0,242720.0,29600.0,27000.0,347864.0
4067,170,10,2026-06-19,Early_Monsoon,48544.0,205720.0,40256.0,27000.0,321520.0
4068,170,11,2026-06-19,Early_Monsoon,41144.0,205720.0,40256.0,27000.0,314120.0
4069,170,12,2026-06-19,Early_Monsoon,34928.0,161320.0,40256.0,27000.0,263504.0
4070,170,13,2026-06-19,Early_Monsoon,37592.0,174640.0,40256.0,27000.0,279488.0
4071,170,14,2026-06-19,Early_Monsoon,37592.0,174640.0,40256.0,16500.0,268988.0
4072,170,15,2026-06-19,Early_Monsoon,44992.0,803640.0,40256.0,16500.0,905388.0
4073,170,16,2026-06-19,Early_Monsoon,61272.0,269360.0,40256.0,16800.0,387688.0
4074,170,17,2026-06-19,Early_Monsoon,63936.0,269360.0,50912.0,14700.0,398908.0
4075,170,18,2026-06-19,Early_Monsoon,66600.0,269360.0,50912.0,5700.0,392572.0
4076,170,19,2026-06-19,Early_Monsoon,74000.0,269360.0,40256.0,5600.0,389216.0
4077,170,20,2026-06-19,Early_Monsoon,74000.0,269360.0,40256.0,6200.0,389816.0
4078,170,21,2026-06-19,Early_Monsoon,59200.0,269360.0,40256.0,5200.0,374016.0
4079,170,22,2026-06-19,Early_Monsoon,50320.0,261960.0,29600.0,5200.0,347080.0
4080,170,23,2026-06-19,Early_Monsoon,44992.0,235320.0,29600.0,15700.0,325612.0
4081,171,0,2026-06-20,Early_Monsoon_Weekend,58608.0,293040.0,40256.0,14200.0,406104.0
4082,171,1,2026-06-20,Early_Monsoon_Weekend,58608.0,293040.0,40256.0,14200.0,406104.0
4083,171,2,2026-06-20,Early_Monsoon_Weekend,55944.0,235320.0,29600.0,14200.0,335064.0
4084,171,3,2026-06-20,Early_Monsoon_Weekend,47064.0,235320.0,29600.0,34500.0,346484.0
4085,171,4,2026-06-20,Early_Monsoon_Weekend,47064.0,235320.0,29600.0,33900.0,345884.0
4086,171,5,2026-06-20,Early_Monsoon_Weekend,54464.0,235320.0,40256.0,23500.0,353540.0
4087,171,6,2026-06-20,Early_Monsoon_Weekend,48544.0,198320.0,40256.0,22800.0,309920.0
4088,171,7,2026-06-20,Early_Monsoon_Weekend,51208.0,198320.0,40256.0,26400.0,316184.0
4089,171,8,2026-06-20,Early_Monsoon_Weekend,51208.0,256040.0,59200.0,15900.0,382348.0
4090,171,9,2026-06-20,Early_Monsoon_Weekend,51208.0,256040.0,69856.0,15900.0,393004.0
4091,171,10,2026-06-20,Early_Monsoon_Weekend,103008.0,256040.0,69856.0,16500.0,445404.0
4092,171,11,2026-06-20,Early_Monsoon_Weekend,95608.0,219040.0,69856.0,16500.0,401004.0
4093,171,12,2026-06-20,Early_Monsoon_Weekend,46472.0,232360.0,69856.0,16500.0,365188.0
4094,171,13,2026-06-20,Early_Monsoon_Weekend,172272.0,811040.0,69856.0,15500.0,1068668.0
4095,171,14,2026-06-20,Early_Monsoon_Weekend,172272.0,232360.0,69856.0,5000.0,479488.0
4096,171,15,2026-06-20,Early_Monsoon_Weekend,61272.0,269360.0,80512.0,5000.0,416144.0
4097,171,16,2026-06-20,Early_Monsoon_Weekend,68672.0,269360.0,80512.0,5700.0,424244.0
4098,171,17,2026-06-20,Early_Monsoon_Weekend,71336.0,269360.0,80512.0,4000.0,425208.0
4099,171,18,2026-06-20,Early_Monsoon_Weekend,71336.0,306360.0,80512.0,5500.0,463708.0
4100,171,19,2026-06-20,Early_Monsoon_Weekend,74000.0,306360.0,80512.0,5400.0,466272.0
4101,171,20,2026-06-20,Early_Monsoon_Weekend,74000.0,306360.0,80512.0,5600.0,466472.0
4102,171,21,2026-06-20,Early_Monsoon_Weekend,61272.0,256040.0,80512.0,5200.0,403024.0
4103,171,22,2026-06-20,Early_Monsoon_Weekend,61272.0,256040.0,80512.0,5200.0,403024.0
4104,171,23,2026-06-20,Early_Monsoon_Weekend,61272.0,256040.0,80512.0,5200.0,403024.0
4105,172,0,2026-06-21,Early_Monsoon_Weekend,58608.0,293040.0,40256.0,14200.0,406104.0
4106,172,1,2026-06-21,Early_Monsoon_Weekend,58608.0,293040.0,40256.0,14200.0,406104.0
4107,172,2,2026-06-21,Early_Monsoon_Weekend,55944.0,235320.0,29600.0,14200.0,335064.0
4108,172,3,2026-06-21,Early_Monsoon_Weekend,47064.0,235320.0,29600.0,34500.0,346484.0
4109,172,4,2026-06-21,Early_Monsoon_Weekend,47064.0,235320.0,29600.0,33900.0,345884.0
4110,172,5,2026-06-21,Early_Monsoon_Weekend,54464.0,235320.0,40256.0,23500.0,353540.0
4111,172,6,2026-06-21,Early_Monsoon_Weekend,48544.0,198320.0,40256.0,22800.0,309920.0
4112,172,7,2026-06-21,Early_Monsoon_Weekend,51208.0,198320.0,40256.0,26400.0,316184.0
4113,172,8,2026-06-21,Early_Monsoon_Weekend,51208.0,256040.0,59200.0,15900.0,382348.0
4114,172,9,2026-06-21,Early_Monsoon_Weekend,51208.0,256040.0,69856.0,15900.0,393004.0
4115,172,10,2026-06-21,Early_Monsoon_Weekend,103008.0,256040.0,69856.0,16500.0,445404.0
4116,172,11,2026-06-21,Early_Monsoon_Weekend,95608.0,219040.0,69856.0,16500.0,401004.0
4117,172,12,2026-06-21,Early_Monsoon_Weekend,46472.0,232360.0,69856.0,16500.0,365188.0
4118,172,13,2026-06-21,Early_Monsoon_Weekend,172272.0,811040.0,69856.0,15500.0,1068668.0
4119,172,14,2026-06-21,Early_Monsoon_Weekend,172272.0,232360.0,69856.0,5000.0,479488.0
4120,172,15,2026-06-21,Early_Monsoon_Weekend,61272.0,269360.0,80512.0,5000.0,416144.0
4121,172,16,2026-06-21,Early_Monsoon_Weekend,68672.0,269360.0,80512.0,5700.0,424244.0
4122,172,17,2026-06-21,Early_Monsoon_Weekend,71336.0,269360.0,80512.0,4000.0,425208.0
4123,172,18,2026-06-21,Early_Monsoon_Weekend,71336.0,306360.0,80512.0,5500.0,463708.0
4124,172,19,2026-06-21,Early_Monsoon_Weekend,74000.0,306360.0,80512.0,5400.0,466272.0
4125,172,20,2026-06-21,Early_Monsoon_Weekend,74000.0,306360.0,80512.0,5600.0,466472.0
4126,172,21,2026-06-21,Early_Monsoon_Weekend,61272.0,256040.0,80512.0,5200.0,403024.0
4127,172,22,2026-06-21,Early_Monsoon_Weekend,61272.0,256040.0,80512.0,5200.0,403024.0
4128,172,23,2026-06-21,Early_Monsoon_Weekend,61272.0,256040.0,80512.0,5200.0,403024.0
4129,173,0,2026-06-22,Early_Monsoon,39664.0,198320.0,29600.0,25300.0,292884.0
4130,173,1,2026-06-22,Early_Monsoon,39664.0,198320.0,29600.0,25300.0,292884.0
4131,173,2,2026-06-22,Early_Monsoon,39664.0,198320.0,29600.0,25300.0,292884.0
4132,173,3,2026-06-22,Early_Monsoon,39664.0,185000.0,29600.0,45400.0,299664.0
4133,173,4,2026-06-22,Early_Monsoon,39664.0,185000.0,29600.0,44800.0,299064.0
4134,173,5,2026-06-22,Early_Monsoon,49728.0,198320.0,40256.0,34000.0,322304.0
4135,173,6,2026-06-22,Early_Monsoon,51208.0,256040.0,29600.0,33700.0,370548.0
4136,173,7,2026-06-22,Early_Monsoon,51208.0,256040.0,29600.0,37500.0,374348.0
4137,173,8,2026-06-22,Early_Monsoon,48544.0,229400.0,29600.0,27000.0,334544.0
4138,173,9,2026-06-22,Early_Monsoon,48544.0,242720.0,29600.0,27000.0,347864.0
4139,173,10,2026-06-22,Early_Monsoon,48544.0,205720.0,40256.0,27000.0,321520.0
4140,173,11,2026-06-22,Early_Monsoon,41144.0,205720.0,40256.0,27000.0,314120.0
4141,173,12,2026-06-22,Early_Monsoon,34928.0,161320.0,40256.0,27000.0,263504.0
4142,173,13,2026-06-22,Early_Monsoon,37592.0,174640.0,40256.0,27000.0,279488.0
4143,173,14,2026-06-22,Early_Monsoon,37592.0,174640.0,40256.0,16500.0,268988.0
4144,173,15,2026-06-22,Early_Monsoon,44992.0,803640.0,40256.0,16500.0,905388.0
4145,173,16,2026-06-22,Early_Monsoon,61272.0,269360.0,40256.0,16800.0,387688.0
4146,173,17,2026-06-22,Early_Monsoon,63936.0,269360.0,50912.0,14700.0,398908.0
4147,173,18,2026-06-22,Early_Monsoon,66600.0,269360.0,50912.0,5700.0,392572.0
4148,173,19,2026-06-22,Early_Monsoon,74000.0,269360.0,40256.0,5600.0,389216.0
4149,173,20,2026-06-22,Early_Monsoon,74000.0,269360.0,40256.0,6200.0,389816.0
4150,173,21,2026-06-22,Early_Monsoon,59200.0,269360.0,40256.0,5200.0,374016.0
4151,173,22,2026-06-22,Early_Monsoon,50320.0,261960.0,29600.0,5200.0,347080.0
4152,173,23,2026-06-22,Early_Monsoon,44992.0,235320.0,29600.0,15700.0,325612.0
4153,174,0,2026-06-23,Early_Monsoon,39664.0,198320.0,29600.0,25300.0,292884.0
4154,174,1,2026-06-23,Early_Monsoon,39664.0,198320.0,29600.0,25300.0,292884.0
4155,174,2,2026-06-23,Early_Monsoon,39664.0,198320.0,29600.0,25300.0,292884.0
4156,174,3,2026-06-23,Early_Monsoon,39664.0,185000.0,29600.0,45400.0,299664.0
4157,174,4,2026-06-23,Early_Monsoon,39664.0,185000.0,29600.0,44800.0,299064.0
4158,174,5,2026-06-23,Early_Monsoon,49728.0,198320.0,40256.0,34000.0,322304.0
4159,174,6,2026-06-23,Early_Monsoon,51208.0,256040.0,29600.0,33700.0,370548.0
4160,174,7,2026-06-23,Early_Monsoon,51208.0,256040.0,29600.0,37500.0,374348.0
4161,174,8,2026-06-23,Early_Monsoon,48544.0,229400.0,29600.0,27000.0,334544.0
4162,174,9,2026-06-23,Early_Monsoon,48544.0,242720.0,29600.0,27000.0,347864.0
4163,174,10,2026-06-23,Early_Monsoon,48544.0,205720.0,40256.0,27000.0,321520.0
4164,174,11,2026-06-23,Early_Monsoon,41144.0,205720.0,40256.0,27000.0,314120.0
4165,174,12,2026-06-23,Early_Monsoon,34928.0,161320.0,40256.0,27000.0,263504.0
4166,174,13,2026-06-23,Early_Monsoon,37592.0,174640.0,40256.0,27000.0,279488.0
4167,174,14,2026-06-23,Early_Monsoon,37592.0,174640.0,40256.0,16500.0,268988.0
4168,174,15,2026-06-23,Early_Monsoon,44992.0,803640.0,40256.0,16500.0,905388.0
4169,174,16,2026-06-23,Early_Monsoon,61272.0,269360.0,40256.0,16800.0,387688.0
4170,174,17,2026-06-23,Early_Monsoon,63936.0,269360.0,50912.0,14700.0,398908.0
4171,174,18,2026-06-23,Early_Monsoon,66600.0,269360.0,50912.0,5700.0,392572.0
4172,174,19,2026-06-23,Early_Monsoon,74000.0,269360.0,40256.0,5600.0,389216.0
4173,174,20,2026-06-23,Early_Monsoon,74000.0,269360.0,40256.0,6200.0,389816.0
4174,174,21,2026-06-23,Early_Monsoon,59200.0,269360.0,40256.0,5200.0,374016.0
4175,174,22,2026-06-23,Early_Monsoon,50320.0,261960.0,29600.0,5200.0,347080.0
4176,174,23,2026-06-23,Early_Monsoon,44992.0,235320.0,29600.0,15700.0,325612.0
4177,175,0,2026-06-24,Early_Monsoon,39664.0,198320.0,29600.0,25300.0,292884.0
4178,175,1,2026-06-24,Early_Monsoon,39664.0,198320.0,29600.0,25300.0,292884.0
4179,175,2,2026-06-24,Early_Monsoon,39664.0,198320.0,29600.0,25300.0,292884.0
4180,175,3,2026-06-24,Early_Monsoon,39664.0,185000.0,29600.0,45400.0,299664.0
4181,175,4,2026-06-24,Early_Monsoon,39664.0,185000.0,29600.0,44800.0,299064.0
4182,175,5,2026-06-24,Early_Monsoon,49728.0,198320.0,40256.0,34000.0,322304.0
4183,175,6,2026-06-24,Early_Monsoon,51208.0,256040.0,29600.0,33700.0,370548.0
4184,175,7,2026-06-24,Early_Monsoon,51208.0,256040.0,29600.0,37500.0,374348.0
4185,175,8,2026-06-24,Early_Monsoon,48544.0,229400.0,29600.0,27000.0,334544.0
4186,175,9,2026-06-24,Early_Monsoon,48544.0,242720.0,29600.0,27000.0,347864.0
4187,175,10,2026-06-24,Early_Monsoon,48544.0,205720.0,40256.0,27000.0,321520.0
4188,175,11,2026-06-24,Early_Monsoon,41144.0,205720.0,40256.0,27000.0,314120.0
4189,175,12,2026-06-24,Early_Monsoon,34928.0,161320.0,40256.0,27000.0,263504.0
4190,175,13,2026-06-24,Early_Monsoon,37592.0,174640.0,40256.0,27000.0,279488.0
4191,175,14,2026-06-24,Early_Monsoon,37592.0,174640.0,40256.0,16500.0,268988.0
4192,175,15,2026-06-24,Early_Monsoon,44992.0,803640.0,40256.0,16500.0,905388.0
4193,175,16,2026-06-24,Early_Monsoon,61272.0,269360.0,40256.0,16800.0,387688.0
4194,175,17,2026-06-24,Early_Monsoon,63936.0,269360.0,50912.0,14700.0,398908.0
4195,175,18,2026-06-24,Early_Monsoon,66600.0,269360.0,50912.0,5700.0,392572.0
4196,175,19,2026-06-24,Early_Monsoon,74000.0,269360.0,40256.0,5600.0,389216.0
4197,175,20,2026-06-24,Early_Monsoon,74000.0,269360.0,40256.0,6200.0,389816.0
4198,175,21,2026-06-24,Early_Monsoon,59200.0,269360.0,40256.0,5200.0,374016.0
4199,175,22,2026-06-24,Early_Monsoon,50320.0,261960.0,29600.0,5200.0,347080.0
4200,175,23,2026-06-24,Early_Monsoon,44992.0,235320.0,29600.0,15700.0,325612.0
4201,176,0,2026-06-25,Festival_Holiday,74000.0,293040.0,29600.0,16400.0,413040.0
4202,176,1,2026-06-25,Festival_Holiday,74000.0,293040.0,29600.0,16400.0,413040.0
4203,176,2,2026-06-25,Festival_Holiday,55056.0,235320.0,29600.0,16000.0,335976.0
4204,176,3,2026-06-25,Festival_Holiday,52392.0,235320.0,29600.0,15100.0,332412.0
4205,176,4,2026-06-25,Festival_Holiday,52392.0,235320.0,29600.0,12100.0,329412.0
4206,176,5,2026-06-25,Festival_Holiday,170792.0,853960.0,40256.0,14600.0,1079608.0
4207,176,6,2026-06-25,Festival_Holiday,71336.0,293040.0,29600.0,14300.0,408276.0
4208,176,7,2026-06-25,Festival_Holiday,71336.0,293040.0,29600.0,15500.0,409476.0
4209,176,8,2026-06-25,Festival_Holiday,71336.0,293040.0,29600.0,15500.0,409476.0
4210,176,9,2026-06-25,Festival_Holiday,71336.0,293040.0,29600.0,15500.0,409476.0
4211,176,10,2026-06-25,Festival_Holiday,123136.0,293040.0,40256.0,15500.0,471932.0
4212,176,11,2026-06-25,Festival_Holiday,71336.0,293040.0,40256.0,15500.0,420132.0
4213,176,12,2026-06-25,Festival_Holiday,71336.0,293040.0,40256.0,15500.0,420132.0
4214,176,13,2026-06-25,Festival_Holiday,71336.0,293040.0,40256.0,15500.0,420132.0
4215,176,14,2026-06-25,Festival_Holiday,71336.0,306360.0,40256.0,15500.0,433452.0
4216,176,15,2026-06-25,Festival_Holiday,74000.0,306360.0,40256.0,15500.0,436116.0
4217,176,16,2026-06-25,Festival_Holiday,74000.0,306360.0,40256.0,15800.0,436416.0
4218,176,17,2026-06-25,Festival_Holiday,192400.0,898360.0,50912.0,17000.0,1158672.0
4219,176,18,2026-06-25,Festival_Holiday,74000.0,306360.0,50912.0,17600.0,448872.0
4220,176,19,2026-06-25,Festival_Holiday,74000.0,306360.0,40256.0,17900.0,438516.0
4221,176,20,2026-06-25,Festival_Holiday,74000.0,306360.0,40256.0,18500.0,439116.0
4222,176,21,2026-06-25,Festival_Holiday,74000.0,306360.0,40256.0,18100.0,438716.0
4223,176,22,2026-06-25,Festival_Holiday,74000.0,306360.0,29600.0,18100.0,428060.0
4224,176,23,2026-06-25,Festival_Holiday,74000.0,306360.0,29600.0,18100.0,428060.0
4225,177,0,2026-06-26,Festival_Holiday,74000.0,293040.0,29600.0,16400.0,413040.0
4226,177,1,2026-06-26,Festival_Holiday,74000.0,293040.0,29600.0,16400.0,413040.0
4227,177,2,2026-06-26,Festival_Holiday,55056.0,235320.0,29600.0,16000.0,335976.0
4228,177,3,2026-06-26,Festival_Holiday,52392.0,235320.0,29600.0,15100.0,332412.0
4229,177,4,2026-06-26,Festival_Holiday,52392.0,235320.0,29600.0,12100.0,329412.0
4230,177,5,2026-06-26,Festival_Holiday,170792.0,853960.0,40256.0,14600.0,1079608.0
4231,177,6,2026-06-26,Festival_Holiday,71336.0,293040.0,29600.0,14300.0,408276.0
4232,177,7,2026-06-26,Festival_Holiday,71336.0,293040.0,29600.0,15500.0,409476.0
4233,177,8,2026-06-26,Festival_Holiday,71336.0,293040.0,29600.0,15500.0,409476.0
4234,177,9,2026-06-26,Festival_Holiday,71336.0,293040.0,29600.0,15500.0,409476.0
4235,177,10,2026-06-26,Festival_Holiday,123136.0,293040.0,40256.0,15500.0,471932.0
4236,177,11,2026-06-26,Festival_Holiday,71336.0,293040.0,40256.0,15500.0,420132.0
4237,177,12,2026-06-26,Festival_Holiday,71336.0,293040.0,40256.0,15500.0,420132.0
4238,177,13,2026-06-26,Festival_Holiday,71336.0,293040.0,40256.0,15500.0,420132.0
4239,177,14,2026-06-26,Festival_Holiday,71336.0,306360.0,40256.0,15500.0,433452.0
4240,177,15,2026-06-26,Festival_Holiday,74000.0,306360.0,40256.0,15500.0,436116.0
4241,177,16,2026-06-26,Festival_Holiday,74000.0,306360.0,40256.0,15800.0,436416.0
4242,177,17,2026-06-26,Festival_Holiday,192400.0,898360.0,50912.0,17000.0,1158672.0
4243,177,18,2026-06-26,Festival_Holiday,74000.0,306360.0,50912.0,17600.0,448872.0
4244,177,19,2026-06-26,Festival_Holiday,74000.0,306360.0,40256.0,17900.0,438516.0
4245,177,20,2026-06-26,Festival_Holiday,74000.0,306360.0,40256.0,18500.0,439116.0
4246,177,21,2026-06-26,Festival_Holiday,74000.0,306360.0,40256.0,18100.0,438716.0
4247,177,22,2026-06-26,Festival_Holiday,74000.0,306360.0,29600.0,18100.0,428060.0
4248,177,23,2026-06-26,Festival_Holiday,74000.0,306360.0,29600.0,18100.0,428060.0
4249,178,0,2026-06-27,Early_Monsoon_Weekend,58608.0,293040.0,40256.0,14200.0,406104.0
4250,178,1,2026-06-27,Early_Monsoon_Weekend,58608.0,293040.0,40256.0,14200.0,406104.0
4251,178,2,2026-06-27,Early_Monsoon_Weekend,55944.0,235320.0,29600.0,14200.0,335064.0
4252,178,3,2026-06-27,Early_Monsoon_Weekend,47064.0,235320.0,29600.0,34500.0,346484.0
4253,178,4,2026-06-27,Early_Monsoon_Weekend,47064.0,235320.0,29600.0,33900.0,345884.0
4254,178,5,2026-06-27,Early_Monsoon_Weekend,54464.0,235320.0,40256.0,23500.0,353540.0
4255,178,6,2026-06-27,Early_Monsoon_Weekend,48544.0,198320.0,40256.0,22800.0,309920.0
4256,178,7,2026-06-27,Early_Monsoon_Weekend,51208.0,198320.0,40256.0,26400.0,316184.0
4257,178,8,2026-06-27,Early_Monsoon_Weekend,51208.0,256040.0,59200.0,15900.0,382348.0
4258,178,9,2026-06-27,Early_Monsoon_Weekend,51208.0,256040.0,69856.0,15900.0,393004.0
4259,178,10,2026-06-27,Early_Monsoon_Weekend,103008.0,256040.0,69856.0,16500.0,445404.0
4260,178,11,2026-06-27,Early_Monsoon_Weekend,95608.0,219040.0,69856.0,16500.0,401004.0
4261,178,12,2026-06-27,Early_Monsoon_Weekend,46472.0,232360.0,69856.0,16500.0,365188.0
4262,178,13,2026-06-27,Early_Monsoon_Weekend,172272.0,811040.0,69856.0,15500.0,1068668.0
4263,178,14,2026-06-27,Early_Monsoon_Weekend,172272.0,232360.0,69856.0,5000.0,479488.0
4264,178,15,2026-06-27,Early_Monsoon_Weekend,61272.0,269360.0,80512.0,5000.0,416144.0
4265,178,16,2026-06-27,Early_Monsoon_Weekend,68672.0,269360.0,80512.0,5700.0,424244.0
4266,178,17,2026-06-27,Early_Monsoon_Weekend,71336.0,269360.0,80512.0,4000.0,425208.0
4267,178,18,2026-06-27,Early_Monsoon_Weekend,71336.0,306360.0,80512.0,5500.0,463708.0
4268,178,19,2026-06-27,Early_Monsoon_Weekend,74000.0,306360.0,80512.0,5400.0,466272.0
4269,178,20,2026-06-27,Early_Monsoon_Weekend,74000.0,306360.0,80512.0,5600.0,466472.0
4270,178,21,2026-06-27,Early_Monsoon_Weekend,61272.0,256040.0,80512.0,5200.0,403024.0
4271,178,22,2026-06-27,Early_Monsoon_Weekend,61272.0,256040.0,80512.0,5200.0,403024.0
4272,178,23,2026-06-27,Early_Monsoon_Weekend,61272.0,256040.0,80512.0,5200.0,403024.0
4273,179,0,2026-06-28,Early_Monsoon_Weekend,58608.0,293040.0,40256.0,14200.0,406104.0
4274,179,1,2026-06-28,Early_Monsoon_Weekend,58608.0,293040.0,40256.0,14200.0,406104.0
4275,179,2,2026-06-28,Early_Monsoon_Weekend,55944.0,235320.0,29600.0,14200.0,335064.0
4276,179,3,2026-06-28,Early_Monsoon_Weekend,47064.0,235320.0,29600.0,34500.0,346484.0
4277,179,4,2026-06-28,Early_Monsoon_Weekend,47064.0,235320.0,29600.0,33900.0,345884.0
4278,179,5,2026-06-28,Early_Monsoon_Weekend,54464.0,235320.0,40256.0,23500.0,353540.0
4279,179,6,2026-06-28,Early_Monsoon_Weekend,48544.0,198320.0,40256.0,22800.0,309920.0
4280,179,7,2026-06-28,Early_Monsoon_Weekend,51208.0,198320.0,40256.0,26400.0,316184.0
4281,179,8,2026-06-28,Early_Monsoon_Weekend,51208.0,256040.0,59200.0,15900.0,382348.0
4282,179,9,2026-06-28,Early_Monsoon_Weekend,51208.0,256040.0,69856.0,15900.0,393004.0
4283,179,10,2026-06-28,Early_Monsoon_Weekend,103008.0,256040.0,69856.0,16500.0,445404.0
4284,179,11,2026-06-28,Early_Monsoon_Weekend,95608.0,219040.0,69856.0,16500.0,401004.0
4285,179,12,2026-06-28,Early_Monsoon_Weekend,46472.0,232360.0,69856.0,16500.0,365188.0
4286,179,13,2026-06-28,Early_Monsoon_Weekend,172272.0,811040.0,69856.0,15500.0,1068668.0
4287,179,14,2026-06-28,Early_Monsoon_Weekend,172272.0,232360.0,69856.0,5000.0,479488.0
4288,179,15,2026-06-28,Early_Monsoon_Weekend,61272.0,269360.0,80512.0,5000.0,416144.0
4289,179,16,2026-06-28,Early_Monsoon_Weekend,68672.0,269360.0,80512.0,5700.0,424244.0
4290,179,17,2026-06-28,Early_Monsoon_Weekend,71336.0,269360.0,80512.0,4000.0,425208.0
4291,179,18,2026-06-28,Early_Monsoon_Weekend,71336.0,306360.0,80512.0,5500.0,463708.0
4292,179,19,2026-06-28,Early_Monsoon_Weekend,74000.0,306360.0,80512.0,5400.0,466272.0
4293,179,20,2026-06-28,Early_Monsoon_Weekend,74000.0,306360.0,80512.0,5600.0,466472.0
4294,179,21,2026-06-28,Early_Monsoon_Weekend,61272.0,256040.0,80512.0,5200.0,403024.0
4295,179,22,2026-06-28,Early_Monsoon_Weekend,61272.0,256040.0,80512.0,5200.0,403024.0
4296,179,23,2026-06-28,Early_Monsoon_Weekend,61272.0,256040.0,80512.0,5200.0,403024.0
4297,180,0,2026-06-29,Early_Monsoon,39664.0,198320.0,29600.0,25300.0,292884.0
4298,180,1,2026-06-29,Early_Monsoon,39664.0,198320.0,29600.0,25300.0,292884.0
4299,180,2,2026-06-29,Early_Monsoon,39664.0,198320.0,29600.0,25300.0,292884.0
4300,180,3,2026-06-29,Early_Monsoon,39664.0,185000.0,29600.0,45400.0,299664.0
4301,180,4,2026-06-29,Early_Monsoon,39664.0,185000.0,29600.0,44800.0,299064.0
4302,180,5,2026-06-29,Early_Monsoon,49728.0,198320.0,40256.0,34000.0,322304.0
4303,180,6,2026-06-29,Early_Monsoon,51208.0,256040.0,29600.0,33700.0,370548.0
4304,180,7,2026-06-29,Early_Monsoon,51208.0,256040.0,29600.0,37500.0,374348.0
4305,180,8,2026-06-29,Early_Monsoon,48544.0,229400.0,29600.0,27000.0,334544.0
4306,180,9,2026-06-29,Early_Monsoon,48544.0,242720.0,29600.0,27000.0,347864.0
4307,180,10,2026-06-29,Early_Monsoon,48544.0,205720.0,40256.0,27000.0,321520.0
4308,180,11,2026-06-29,Early_Monsoon,41144.0,205720.0,40256.0,27000.0,314120.0
4309,180,12,2026-06-29,Early_Monsoon,34928.0,161320.0,40256.0,27000.0,263504.0
4310,180,13,2026-06-29,Early_Monsoon,37592.0,174640.0,40256.0,27000.0,279488.0
4311,180,14,2026-06-29,Early_Monsoon,37592.0,174640.0,40256.0,16500.0,268988.0
4312,180,15,2026-06-29,Early_Monsoon,44992.0,803640.0,40256.0,16500.0,905388.0
4313,180,16,2026-06-29,Early_Monsoon,61272.0,269360.0,40256.0,16800.0,387688.0
4314,180,17,2026-06-29,Early_Monsoon,63936.0,269360.0,50912.0,14700.0,398908.0
4315,180,18,2026-06-29,Early_Monsoon,66600.0,269360.0,50912.0,5700.0,392572.0
4316,180,19,2026-06-29,Early_Monsoon,74000.0,269360.0,40256.0,5600.0,389216.0
4317,180,20,2026-06-29,Early_Monsoon,74000.0,269360.0,40256.0,6200.0,389816.0
4318,180,21,2026-06-29,Early_Monsoon,59200.0,269360.0,40256.0,5200.0,374016.0
4319,180,22,2026-06-29,Early_Monsoon,50320.0,261960.0,29600.0,5200.0,347080.0
4320,180,23,2026-06-29,Early_Monsoon,44992.0,235320.0,29600.0,15700.0,325612.0
4321,181,0,2026-06-30,Early_Monsoon,39664.0,198320.0,29600.0,25300.0,292884.0
4322,181,1,2026-06-30,Early_Monsoon,39664.0,198320.0,29600.0,25300.0,292884.0
4323,181,2,2026-06-30,Early_Monsoon,39664.0,198320.0,29600.0,25300.0,292884.0
4324,181,3,2026-06-30,Early_Monsoon,39664.0,185000.0,29600.0,45400.0,299664.0
4325,181,4,2026-06-30,Early_Monsoon,39664.0,185000.0,29600.0,44800.0,299064.0
4326,181,5,2026-06-30,Early_Monsoon,49728.0,198320.0,40256.0,34000.0,322304.0
4327,181,6,2026-06-30,Early_Monsoon,51208.0,256040.0,29600.0,33700.0,370548.0
4328,181,7,2026-06-30,Early_Monsoon,51208.0,256040.0,29600.0,37500.0,374348.0
4329,181,8,2026-06-30,Early_Monsoon,48544.0,229400.0,29600.0,27000.0,334544.0
4330,181,9,2026-06-30,Early_Monsoon,48544.0,242720.0,29600.0,27000.0,347864.0
4331,181,10,2026-06-30,Early_Monsoon,48544.0,205720.0,40256.0,27000.0,321520.0
4332,181,11,2026-06-30,Early_Monsoon,41144.0,205720.0,40256.0,27000.0,314120.0
4333,181,12,2026-06-30,Early_Monsoon,34928.0,161320.0,40256.0,27000.0,263504.0
4334,181,13,2026-06-30,Early_Monsoon,37592.0,174640.0,40256.0,27000.0,279488.0
4335,181,14,2026-06-30,Early_Monsoon,37592.0,174640.0,40256.0,16500.0,268988.0
4336,181,15,2026-06-30,Early_Monsoon,44992.0,803640.0,40256.0,16500.0,905388.0
4337,181,16,2026-06-30,Early_Monsoon,61272.0,269360.0,40256.0,16800.0,387688.0
4338,181,17,2026-06-30,Early_Monsoon,63936.0,269360.0,50912.0,14700.0,398908.0
4339,181,18,2026-06-30,Early_Monsoon,66600.0,269360.0,50912.0,5700.0,392572.0
4340,181,19,2026-06-30,Early_Monsoon,74000.0,269360.0,40256.0,5600.0,389216.0
4341,181,20,2026-06-30,Early_Monsoon,74000.0,269360.0,40256.0,6200.0,389816.0
4342,181,21,2026-06-30,Early_Monsoon,59200.0,269360.0,40256.0,5200.0,374016.0
4343,181,22,2026-06-30,Early_Monsoon,50320.0,261960.0,29600.0,5200.0,347080.0
4344,181,23,2026-06-30,Early_Monsoon,44992.0,235320.0,29600.0,15700.0,325612.0
4345,182,0,2026-07-01,Early_Monsoon,39664.0,198320.0,29600.0,25300.0,292884.0
4346,182,1,2026-07-01,Early_Monsoon,39664.0,198320.0,29600.0,25300.0,292884.0
4347,182,2,2026-07-01,Early_Monsoon,39664.0,198320.0,29600.0,25300.0,292884.0
4348,182,3,2026-07-01,Early_Monsoon,39664.0,185000.0,29600.0,45400.0,299664.0
4349,182,4,2026-07-01,Early_Monsoon,39664.0,185000.0,29600.0,44800.0,299064.0
4350,182,5,2026-07-01,Early_Monsoon,49728.0,198320.0,40256.0,34000.0,322304.0
4351,182,6,2026-07-01,Early_Monsoon,51208.0,256040.0,29600.0,33700.0,370548.0
4352,182,7,2026-07-01,Early_Monsoon,51208.0,256040.0,29600.0,37500.0,374348.0
4353,182,8,2026-07-01,Early_Monsoon,48544.0,229400.0,29600.0,27000.0,334544.0
4354,182,9,2026-07-01,Early_Monsoon,48544.0,242720.0,29600.0,27000.0,347864.0
4355,182,10,2026-07-01,Early_Monsoon,48544.0,205720.0,40256.0,27000.0,321520.0
4356,182,11,2026-07-01,Early_Monsoon,41144.0,205720.0,40256.0,27000.0,314120.0
4357,182,12,2026-07-01,Early_Monsoon,34928.0,161320.0,40256.0,27000.0,263504.0
4358,182,13,2026-07-01,Early_Monsoon,37592.0,174640.0,40256.0,27000.0,279488.0
4359,182,14,2026-07-01,Early_Monsoon,37592.0,174640.0,40256.0,16500.0,268988.0
4360,182,15,2026-07-01,Early_Monsoon,44992.0,803640.0,40256.0,16500.0,905388.0
4361,182,16,2026-07-01,Early_Monsoon,61272.0,269360.0,40256.0,16800.0,387688.0
4362,182,17,2026-07-01,Early_Monsoon,63936.0,269360.0,50912.0,14700.0,398908.0
4363,182,18,2026-07-01,Early_Monsoon,66600.0,269360.0,50912.0,5700.0,392572.0
4364,182,19,2026-07-01,Early_Monsoon,74000.0,269360.0,40256.0,5600.0,389216.0
4365,182,20,2026-07-01,Early_Monsoon,74000.0,269360.0,40256.0,6200.0,389816.0
4366,182,21,2026-07-01,Early_Monsoon,59200.0,269360.0,40256.0,5200.0,374016.0
4367,182,22,2026-07-01,Early_Monsoon,50320.0,261960.0,29600.0,5200.0,347080.0
4368,182,23,2026-07-01,Early_Monsoon,44992.0,235320.0,29600.0,15700.0,325612.0
4369,183,0,2026-07-02,Early_Monsoon,39664.0,198320.0,29600.0,25300.0,292884.0
4370,183,1,2026-07-02,Early_Monsoon,39664.0,198320.0,29600.0,25300.0,292884.0
4371,183,2,2026-07-02,Early_Monsoon,39664.0,198320.0,29600.0,25300.0,292884.0
4372,183,3,2026-07-02,Early_Monsoon,39664.0,185000.0,29600.0,45400.0,299664.0
4373,183,4,2026-07-02,Early_Monsoon,39664.0,185000.0,29600.0,44800.0,299064.0
4374,183,5,2026-07-02,Early_Monsoon,49728.0,198320.0,40256.0,34000.0,322304.0
4375,183,6,2026-07-02,Early_Monsoon,51208.0,256040.0,29600.0,33700.0,370548.0
4376,183,7,2026-07-02,Early_Monsoon,51208.0,256040.0,29600.0,37500.0,374348.0
4377,183,8,2026-07-02,Early_Monsoon,48544.0,229400.0,29600.0,27000.0,334544.0
4378,183,9,2026-07-02,Early_Monsoon,48544.0,242720.0,29600.0,27000.0,347864.0
4379,183,10,2026-07-02,Early_Monsoon,48544.0,205720.0,40256.0,27000.0,321520.0
4380,183,11,2026-07-02,Early_Monsoon,41144.0,205720.0,40256.0,27000.0,314120.0
4381,183,12,2026-07-02,Early_Monsoon,34928.0,161320.0,40256.0,27000.0,263504.0
4382,183,13,2026-07-02,Early_Monsoon,37592.0,174640.0,40256.0,27000.0,279488.0
4383,183,14,2026-07-02,Early_Monsoon,37592.0,174640.0,40256.0,16500.0,268988.0
4384,183,15,2026-07-02,Early_Monsoon,44992.0,803640.0,40256.0,16500.0,905388.0
4385,183,16,2026-07-02,Early_Monsoon,61272.0,269360.0,40256.0,16800.0,387688.0
4386,183,17,2026-07-02,Early_Monsoon,63936.0,269360.0,50912.0,14700.0,398908.0
4387,183,18,2026-07-02,Early_Monsoon,66600.0,269360.0,50912.0,5700.0,392572.0
4388,183,19,2026-07-02,Early_Monsoon,74000.0,269360.0,40256.0,5600.0,389216.0
4389,183,20,2026-07-02,Early_Monsoon,74000.0,269360.0,40256.0,6200.0,389816.0
4390,183,21,2026-07-02,Early_Monsoon,59200.0,269360.0,40256.0,5200.0,374016.0
4391,183,22,2026-07-02,Early_Monsoon,50320.0,261960.0,29600.0,5200.0,347080.0
4392,183,23,2026-07-02,Early_Monsoon,44992.0,235320.0,29600.0,15700.0,325612.0
4393,184,0,2026-07-03,Early_Monsoon,39664.0,198320.0,29600.0,25300.0,292884.0
4394,184,1,2026-07-03,Early_Monsoon,39664.0,198320.0,29600.0,25300.0,292884.0
4395,184,2,2026-07-03,Early_Monsoon,39664.0,198320.0,29600.0,25300.0,292884.0
4396,184,3,2026-07-03,Early_Monsoon,39664.0,185000.0,29600.0,45400.0,299664.0
4397,184,4,2026-07-03,Early_Monsoon,39664.0,185000.0,29600.0,44800.0,299064.0
4398,184,5,2026-07-03,Early_Monsoon,49728.0,198320.0,40256.0,34000.0,322304.0
4399,184,6,2026-07-03,Early_Monsoon,51208.0,256040.0,29600.0,33700.0,370548.0
4400,184,7,2026-07-03,Early_Monsoon,51208.0,256040.0,29600.0,37500.0,374348.0
4401,184,8,2026-07-03,Early_Monsoon,48544.0,229400.0,29600.0,27000.0,334544.0
4402,184,9,2026-07-03,Early_Monsoon,48544.0,242720.0,29600.0,27000.0,347864.0
4403,184,10,2026-07-03,Early_Monsoon,48544.0,205720.0,40256.0,27000.0,321520.0
4404,184,11,2026-07-03,Early_Monsoon,41144.0,205720.0,40256.0,27000.0,314120.0
4405,184,12,2026-07-03,Early_Monsoon,34928.0,161320.0,40256.0,27000.0,263504.0
4406,184,13,2026-07-03,Early_Monsoon,37592.0,174640.0,40256.0,27000.0,279488.0
4407,184,14,2026-07-03,Early_Monsoon,37592.0,174640.0,40256.0,16500.0,268988.0
4408,184,15,2026-07-03,Early_Monsoon,44992.0,803640.0,40256.0,16500.0,905388.0
4409,184,16,2026-07-03,Early_Monsoon,61272.0,269360.0,40256.0,16800.0,387688.0
4410,184,17,2026-07-03,Early_Monsoon,63936.0,269360.0,50912.0,14700.0,398908.0
4411,184,18,2026-07-03,Early_Monsoon,66600.0,269360.0,50912.0,5700.0,392572.0
4412,184,19,2026-07-03,Early_Monsoon,74000.0,269360.0,40256.0,5600.0,389216.0
4413,184,20,2026-07-03,Early_Monsoon,74000.0,269360.0,40256.0,6200.0,389816.0
4414,184,21,2026-07-03,Early_Monsoon,59200.0,269360.0,40256.0,5200.0,374016.0
4415,184,22,2026-07-03,Early_Monsoon,50320.0,261960.0,29600.0,5200.0,347080.0
4416,184,23,2026-07-03,Early_Monsoon,44992.0,235320.0,29600.0,15700.0,325612.0
4417,185,0,2026-07-04,Early_Monsoon_Weekend,58608.0,293040.0,40256.0,14200.0,406104.0
4418,185,1,2026-07-04,Early_Monsoon_Weekend,58608.0,293040.0,40256.0,14200.0,406104.0
4419,185,2,2026-07-04,Early_Monsoon_Weekend,55944.0,235320.0,29600.0,14200.0,335064.0
4420,185,3,2026-07-04,Early_Monsoon_Weekend,47064.0,235320.0,29600.0,34500.0,346484.0
4421,185,4,2026-07-04,Early_Monsoon_Weekend,47064.0,235320.0,29600.0,33900.0,345884.0
4422,185,5,2026-07-04,Early_Monsoon_Weekend,54464.0,235320.0,40256.0,23500.0,353540.0
4423,185,6,2026-07-04,Early_Monsoon_Weekend,48544.0,198320.0,40256.0,22800.0,309920.0
4424,185,7,2026-07-04,Early_Monsoon_Weekend,51208.0,198320.0,40256.0,26400.0,316184.0
4425,185,8,2026-07-04,Early_Monsoon_Weekend,51208.0,256040.0,59200.0,15900.0,382348.0
4426,185,9,2026-07-04,Early_Monsoon_Weekend,51208.0,256040.0,69856.0,15900.0,393004.0
4427,185,10,2026-07-04,Early_Monsoon_Weekend,103008.0,256040.0,69856.0,16500.0,445404.0
4428,185,11,2026-07-04,Early_Monsoon_Weekend,95608.0,219040.0,69856.0,16500.0,401004.0
4429,185,12,2026-07-04,Early_Monsoon_Weekend,46472.0,232360.0,69856.0,16500.0,365188.0
4430,185,13,2026-07-04,Early_Monsoon_Weekend,172272.0,811040.0,69856.0,15500.0,1068668.0
4431,185,14,2026-07-04,Early_Monsoon_Weekend,172272.0,232360.0,69856.0,5000.0,479488.0
4432,185,15,2026-07-04,Early_Monsoon_Weekend,61272.0,269360.0,80512.0,5000.0,416144.0
4433,185,16,2026-07-04,Early_Monsoon_Weekend,68672.0,269360.0,80512.0,5700.0,424244.0
4434,185,17,2026-07-04,Early_Monsoon_Weekend,71336.0,269360.0,80512.0,4000.0,425208.0
4435,185,18,2026-07-04,Early_Monsoon_Weekend,71336.0,306360.0,80512.0,5500.0,463708.0
4436,185,19,2026-07-04,Early_Monsoon_Weekend,74000.0,306360.0,80512.0,5400.0,466272.0
4437,185,20,2026-07-04,Early_Monsoon_Weekend,74000.0,306360.0,80512.0,5600.0,466472.0
4438,185,21,2026-07-04,Early_Monsoon_Weekend,61272.0,256040.0,80512.0,5200.0,403024.0
4439,185,22,2026-07-04,Early_Monsoon_Weekend,61272.0,256040.0,80512.0,5200.0,403024.0
4440,185,23,2026-07-04,Early_Monsoon_Weekend,61272.0,256040.0,80512.0,5200.0,403024.0
4441,186,0,2026-07-05,Early_Monsoon_Weekend,58608.0,293040.0,40256.0,14200.0,406104.0
4442,186,1,2026-07-05,Early_Monsoon_Weekend,58608.0,293040.0,40256.0,14200.0,406104.0
4443,186,2,2026-07-05,Early_Monsoon_Weekend,55944.0,235320.0,29600.0,14200.0,335064.0
4444,186,3,2026-07-05,Early_Monsoon_Weekend,47064.0,235320.0,29600.0,34500.0,346484.0
4445,186,4,2026-07-05,Early_Monsoon_Weekend,47064.0,235320.0,29600.0,33900.0,345884.0
4446,186,5,2026-07-05,Early_Monsoon_Weekend,54464.0,235320.0,40256.0,23500.0,353540.0
4447,186,6,2026-07-05,Early_Monsoon_Weekend,48544.0,198320.0,40256.0,22800.0,309920.0
4448,186,7,2026-07-05,Early_Monsoon_Weekend,51208.0,198320.0,40256.0,26400.0,316184.0
4449,186,8,2026-07-05,Early_Monsoon_Weekend,51208.0,256040.0,59200.0,15900.0,382348.0
4450,186,9,2026-07-05,Early_Monsoon_Weekend,51208.0,256040.0,69856.0,15900.0,393004.0
4451,186,10,2026-07-05,Early_Monsoon_Weekend,103008.0,256040.0,69856.0,16500.0,445404.0
4452,186,11,2026-07-05,Early_Monsoon_Weekend,95608.0,219040.0,69856.0,16500.0,401004.0
4453,186,12,2026-07-05,Early_Monsoon_Weekend,46472.0,232360.0,69856.0,16500.0,365188.0
4454,186,13,2026-07-05,Early_Monsoon_Weekend,172272.0,811040.0,69856.0,15500.0,1068668.0
4455,186,14,2026-07-05,Early_Monsoon_Weekend,172272.0,232360.0,69856.0,5000.0,479488.0
4456,186,15,2026-07-05,Early_Monsoon_Weekend,61272.0,269360.0,80512.0,5000.0,416144.0
4457,186,16,2026-07-05,Early_Monsoon_Weekend,68672.0,269360.0,80512.0,5700.0,424244.0
4458,186,17,2026-07-05,Early_Monsoon_Weekend,71336.0,269360.0,80512.0,4000.0,425208.0
4459,186,18,2026-07-05,Early_Monsoon_Weekend,71336.0,306360.0,80512.0,5500.0,463708.0
4460,186,19,2026-07-05,Early_Monsoon_Weekend,74000.0,306360.0,80512.0,5400.0,466272.0
4461,186,20,2026-07-05,Early_Monsoon_Weekend,74000.0,306360.0,80512.0,5600.0,466472.0
4462,186,21,2026-07-05,Early_Monsoon_Weekend,61272.0,256040.0,80512.0,5200.0,403024.0
4463,186,22,2026-07-05,Early_Monsoon_Weekend,61272.0,256040.0,80512.0,5200.0,403024.0
4464,186,23,2026-07-05,Early_Monsoon_Weekend,61272.0,256040.0,80512.0,5200.0,403024.0
4465,187,0,2026-07-06,Early_Monsoon,39664.0,198320.0,29600.0,25300.0,292884.0
4466,187,1,2026-07-06,Early_Monsoon,39664.0,198320.0,29600.0,25300.0,292884.0
4467,187,2,2026-07-06,Early_Monsoon,39664.0,198320.0,29600.0,25300.0,292884.0
4468,187,3,2026-07-06,Early_Monsoon,39664.0,185000.0,29600.0,45400.0,299664.0
4469,187,4,2026-07-06,Early_Monsoon,39664.0,185000.0,29600.0,44800.0,299064.0
4470,187,5,2026-07-06,Early_Monsoon,49728.0,198320.0,40256.0,34000.0,322304.0
4471,187,6,2026-07-06,Early_Monsoon,51208.0,256040.0,29600.0,33700.0,370548.0
4472,187,7,2026-07-06,Early_Monsoon,51208.0,256040.0,29600.0,37500.0,374348.0
4473,187,8,2026-07-06,Early_Monsoon,48544.0,229400.0,29600.0,27000.0,334544.0
4474,187,9,2026-07-06,Early_Monsoon,48544.0,242720.0,29600.0,27000.0,347864.0
4475,187,10,2026-07-06,Early_Monsoon,48544.0,205720.0,40256.0,27000.0,321520.0
4476,187,11,2026-07-06,Early_Monsoon,41144.0,205720.0,40256.0,27000.0,314120.0
4477,187,12,2026-07-06,Early_Monsoon,34928.0,161320.0,40256.0,27000.0,263504.0
4478,187,13,2026-07-06,Early_Monsoon,37592.0,174640.0,40256.0,27000.0,279488.0
4479,187,14,2026-07-06,Early_Monsoon,37592.0,174640.0,40256.0,16500.0,268988.0
4480,187,15,2026-07-06,Early_Monsoon,44992.0,803640.0,40256.0,16500.0,905388.0
4481,187,16,2026-07-06,Early_Monsoon,61272.0,269360.0,40256.0,16800.0,387688.0
4482,187,17,2026-07-06,Early_Monsoon,63936.0,269360.0,50912.0,14700.0,398908.0
4483,187,18,2026-07-06,Early_Monsoon,66600.0,269360.0,50912.0,5700.0,392572.0
4484,187,19,2026-07-06,Early_Monsoon,74000.0,269360.0,40256.0,5600.0,389216.0
4485,187,20,2026-07-06,Early_Monsoon,74000.0,269360.0,40256.0,6200.0,389816.0
4486,187,21,2026-07-06,Early_Monsoon,59200.0,269360.0,40256.0,5200.0,374016.0
4487,187,22,2026-07-06,Early_Monsoon,50320.0,261960.0,29600.0,5200.0,347080.0
4488,187,23,2026-07-06,Early_Monsoon,44992.0,235320.0,29600.0,15700.0,325612.0
4489,188,0,2026-07-07,Early_Monsoon,39664.0,198320.0,29600.0,25300.0,292884.0
4490,188,1,2026-07-07,Early_Monsoon,39664.0,198320.0,29600.0,25300.0,292884.0
4491,188,2,2026-07-07,Early_Monsoon,39664.0,198320.0,29600.0,25300.0,292884.0
4492,188,3,2026-07-07,Early_Monsoon,39664.0,185000.0,29600.0,45400.0,299664.0
4493,188,4,2026-07-07,Early_Monsoon,39664.0,185000.0,29600.0,44800.0,299064.0
4494,188,5,2026-07-07,Early_Monsoon,49728.0,198320.0,40256.0,34000.0,322304.0
4495,188,6,2026-07-07,Early_Monsoon,51208.0,256040.0,29600.0,33700.0,370548.0
4496,188,7,2026-07-07,Early_Monsoon,51208.0,256040.0,29600.0,37500.0,374348.0
4497,188,8,2026-07-07,Early_Monsoon,48544.0,229400.0,29600.0,27000.0,334544.0
4498,188,9,2026-07-07,Early_Monsoon,48544.0,242720.0,29600.0,27000.0,347864.0
4499,188,10,2026-07-07,Early_Monsoon,48544.0,205720.0,40256.0,27000.0,321520.0
4500,188,11,2026-07-07,Early_Monsoon,41144.0,205720.0,40256.0,27000.0,314120.0
4501,188,12,2026-07-07,Early_Monsoon,34928.0,161320.0,40256.0,27000.0,263504.0
4502,188,13,2026-07-07,Early_Monsoon,37592.0,174640.0,40256.0,27000.0,279488.0
4503,188,14,2026-07-07,Early_Monsoon,37592.0,174640.0,40256.0,16500.0,268988.0
4504,188,15,2026-07-07,Early_Monsoon,44992.0,803640.0,40256.0,16500.0,905388.0
4505,188,16,2026-07-07,Early_Monsoon,61272.0,269360.0,40256.0,16800.0,387688.0
4506,188,17,2026-07-07,Early_Monsoon,63936.0,269360.0,50912.0,14700.0,398908.0
4507,188,18,2026-07-07,Early_Monsoon,66600.0,269360.0,50912.0,5700.0,392572.0
4508,188,19,2026-07-07,Early_Monsoon,74000.0,269360.0,40256.0,5600.0,389216.0
4509,188,20,2026-07-07,Early_Monsoon,74000.0,269360.0,40256.0,6200.0,389816.0
4510,188,21,2026-07-07,Early_Monsoon,59200.0,269360.0,40256.0,5200.0,374016.0
4511,188,22,2026-07-07,Early_Monsoon,50320.0,261960.0,29600.0,5200.0,347080.0
4512,188,23,2026-07-07,Early_Monsoon,44992.0,235320.0,29600.0,15700.0,325612.0
4513,189,0,2026-07-08,Early_Monsoon,39664.0,198320.0,29600.0,25300.0,292884.0
4514,189,1,2026-07-08,Early_Monsoon,39664.0,198320.0,29600.0,25300.0,292884.0
4515,189,2,2026-07-08,Early_Monsoon,39664.0,198320.0,29600.0,25300.0,292884.0
4516,189,3,2026-07-08,Early_Monsoon,39664.0,185000.0,29600.0,45400.0,299664.0
4517,189,4,2026-07-08,Early_Monsoon,39664.0,185000.0,29600.0,44800.0,299064.0
4518,189,5,2026-07-08,Early_Monsoon,49728.0,198320.0,40256.0,34000.0,322304.0
4519,189,6,2026-07-08,Early_Monsoon,51208.0,256040.0,29600.0,33700.0,370548.0
4520,189,7,2026-07-08,Early_Monsoon,51208.0,256040.0,29600.0,37500.0,374348.0
4521,189,8,2026-07-08,Early_Monsoon,48544.0,229400.0,29600.0,27000.0,334544.0
4522,189,9,2026-07-08,Early_Monsoon,48544.0,242720.0,29600.0,27000.0,347864.0
4523,189,10,2026-07-08,Early_Monsoon,48544.0,205720.0,40256.0,27000.0,321520.0
4524,189,11,2026-07-08,Early_Monsoon,41144.0,205720.0,40256.0,27000.0,314120.0
4525,189,12,2026-07-08,Early_Monsoon,34928.0,161320.0,40256.0,27000.0,263504.0
4526,189,13,2026-07-08,Early_Monsoon,37592.0,174640.0,40256.0,27000.0,279488.0
4527,189,14,2026-07-08,Early_Monsoon,37592.0,174640.0,40256.0,16500.0,268988.0
4528,189,15,2026-07-08,Early_Monsoon,44992.0,803640.0,40256.0,16500.0,905388.0
4529,189,16,2026-07-08,Early_Monsoon,61272.0,269360.0,40256.0,16800.0,387688.0
4530,189,17,2026-07-08,Early_Monsoon,63936.0,269360.0,50912.0,14700.0,398908.0
4531,189,18,2026-07-08,Early_Monsoon,66600.0,269360.0,50912.0,5700.0,392572.0
4532,189,19,2026-07-08,Early_Monsoon,74000.0,269360.0,40256.0,5600.0,389216.0
4533,189,20,2026-07-08,Early_Monsoon,74000.0,269360.0,40256.0,6200.0,389816.0
4534,189,21,2026-07-08,Early_Monsoon,59200.0,269360.0,40256.0,5200.0,374016.0
4535,189,22,2026-07-08,Early_Monsoon,50320.0,261960.0,29600.0,5200.0,347080.0
4536,189,23,2026-07-08,Early_Monsoon,44992.0,235320.0,29600.0,15700.0,325612.0
4537,190,0,2026-07-09,Early_Monsoon,39664.0,198320.0,29600.0,25300.0,292884.0
4538,190,1,2026-07-09,Early_Monsoon,39664.0,198320.0,29600.0,25300.0,292884.0
4539,190,2,2026-07-09,Early_Monsoon,39664.0,198320.0,29600.0,25300.0,292884.0
4540,190,3,2026-07-09,Early_Monsoon,39664.0,185000.0,29600.0,45400.0,299664.0
4541,190,4,2026-07-09,Early_Monsoon,39664.0,185000.0,29600.0,44800.0,299064.0
4542,190,5,2026-07-09,Early_Monsoon,49728.0,198320.0,40256.0,34000.0,322304.0
4543,190,6,2026-07-09,Early_Monsoon,51208.0,256040.0,29600.0,33700.0,370548.0
4544,190,7,2026-07-09,Early_Monsoon,51208.0,256040.0,29600.0,37500.0,374348.0
4545,190,8,2026-07-09,Early_Monsoon,48544.0,229400.0,29600.0,27000.0,334544.0
4546,190,9,2026-07-09,Early_Monsoon,48544.0,242720.0,29600.0,27000.0,347864.0
4547,190,10,2026-07-09,Early_Monsoon,48544.0,205720.0,40256.0,27000.0,321520.0
4548,190,11,2026-07-09,Early_Monsoon,41144.0,205720.0,40256.0,27000.0,314120.0
4549,190,12,2026-07-09,Early_Monsoon,34928.0,161320.0,40256.0,27000.0,263504.0
4550,190,13,2026-07-09,Early_Monsoon,37592.0,174640.0,40256.0,27000.0,279488.0
4551,190,14,2026-07-09,Early_Monsoon,37592.0,174640.0,40256.0,16500.0,268988.0
4552,190,15,2026-07-09,Early_Monsoon,44992.0,803640.0,40256.0,16500.0,905388.0
4553,190,16,2026-07-09,Early_Monsoon,61272.0,269360.0,40256.0,16800.0,387688.0
4554,190,17,2026-07-09,Early_Monsoon,63936.0,269360.0,50912.0,14700.0,398908.0
4555,190,18,2026-07-09,Early_Monsoon,66600.0,269360.0,50912.0,5700.0,392572.0
4556,190,19,2026-07-09,Early_Monsoon,74000.0,269360.0,40256.0,5600.0,389216.0
4557,190,20,2026-07-09,Early_Monsoon,74000.0,269360.0,40256.0,6200.0,389816.0
4558,190,21,2026-07-09,Early_Monsoon,59200.0,269360.0,40256.0,5200.0,374016.0
4559,190,22,2026-07-09,Early_Monsoon,50320.0,261960.0,29600.0,5200.0,347080.0
4560,190,23,2026-07-09,Early_Monsoon,44992.0,235320.0,29600.0,15700.0,325612.0
4561,191,0,2026-07-10,Early_Monsoon,39664.0,198320.0,29600.0,25300.0,292884.0
4562,191,1,2026-07-10,Early_Monsoon,39664.0,198320.0,29600.0,25300.0,292884.0
4563,191,2,2026-07-10,Early_Monsoon,39664.0,198320.0,29600.0,25300.0,292884.0
4564,191,3,2026-07-10,Early_Monsoon,39664.0,185000.0,29600.0,45400.0,299664.0
4565,191,4,2026-07-10,Early_Monsoon,39664.0,185000.0,29600.0,44800.0,299064.0
4566,191,5,2026-07-10,Early_Monsoon,49728.0,198320.0,40256.0,34000.0,322304.0
4567,191,6,2026-07-10,Early_Monsoon,51208.0,256040.0,29600.0,33700.0,370548.0
4568,191,7,2026-07-10,Early_Monsoon,51208.0,256040.0,29600.0,37500.0,374348.0
4569,191,8,2026-07-10,Early_Monsoon,48544.0,229400.0,29600.0,27000.0,334544.0
4570,191,9,2026-07-10,Early_Monsoon,48544.0,242720.0,29600.0,27000.0,347864.0
4571,191,10,2026-07-10,Early_Monsoon,48544.0,205720.0,40256.0,27000.0,321520.0
4572,191,11,2026-07-10,Early_Monsoon,41144.0,205720.0,40256.0,27000.0,314120.0
4573,191,12,2026-07-10,Early_Monsoon,34928.0,161320.0,40256.0,27000.0,263504.0
4574,191,13,2026-07-10,Early_Monsoon,37592.0,174640.0,40256.0,27000.0,279488.0
4575,191,14,2026-07-10,Early_Monsoon,37592.0,174640.0,40256.0,16500.0,268988.0
4576,191,15,2026-07-10,Early_Monsoon,44992.0,803640.0,40256.0,16500.0,905388.0
4577,191,16,2026-07-10,Early_Monsoon,61272.0,269360.0,40256.0,16800.0,387688.0
4578,191,17,2026-07-10,Early_Monsoon,63936.0,269360.0,50912.0,14700.0,398908.0
4579,191,18,2026-07-10,Early_Monsoon,66600.0,269360.0,50912.0,5700.0,392572.0
4580,191,19,2026-07-10,Early_Monsoon,74000.0,269360.0,40256.0,5600.0,389216.0
4581,191,20,2026-07-10,Early_Monsoon,74000.0,269360.0,40256.0,6200.0,389816.0
4582,191,21,2026-07-10,Early_Monsoon,59200.0,269360.0,40256.0,5200.0,374016.0
4583,191,22,2026-07-10,Early_Monsoon,50320.0,261960.0,29600.0,5200.0,347080.0
4584,191,23,2026-07-10,Early_Monsoon,44992.0,235320.0,29600.0,15700.0,325612.0
4585,192,0,2026-07-11,Early_Monsoon_Weekend,58608.0,293040.0,40256.0,14200.0,406104.0
4586,192,1,2026-07-11,Early_Monsoon_Weekend,58608.0,293040.0,40256.0,14200.0,406104.0
4587,192,2,2026-07-11,Early_Monsoon_Weekend,55944.0,235320.0,29600.0,14200.0,335064.0
4588,192,3,2026-07-11,Early_Monsoon_Weekend,47064.0,235320.0,29600.0,34500.0,346484.0
4589,192,4,2026-07-11,Early_Monsoon_Weekend,47064.0,235320.0,29600.0,33900.0,345884.0
4590,192,5,2026-07-11,Early_Monsoon_Weekend,54464.0,235320.0,40256.0,23500.0,353540.0
4591,192,6,2026-07-11,Early_Monsoon_Weekend,48544.0,198320.0,40256.0,22800.0,309920.0
4592,192,7,2026-07-11,Early_Monsoon_Weekend,51208.0,198320.0,40256.0,26400.0,316184.0
4593,192,8,2026-07-11,Early_Monsoon_Weekend,51208.0,256040.0,59200.0,15900.0,382348.0
4594,192,9,2026-07-11,Early_Monsoon_Weekend,51208.0,256040.0,69856.0,15900.0,393004.0
4595,192,10,2026-07-11,Early_Monsoon_Weekend,103008.0,256040.0,69856.0,16500.0,445404.0
4596,192,11,2026-07-11,Early_Monsoon_Weekend,95608.0,219040.0,69856.0,16500.0,401004.0
4597,192,12,2026-07-11,Early_Monsoon_Weekend,46472.0,232360.0,69856.0,16500.0,365188.0
4598,192,13,2026-07-11,Early_Monsoon_Weekend,172272.0,811040.0,69856.0,15500.0,1068668.0
4599,192,14,2026-07-11,Early_Monsoon_Weekend,172272.0,232360.0,69856.0,5000.0,479488.0
4600,192,15,2026-07-11,Early_Monsoon_Weekend,61272.0,269360.0,80512.0,5000.0,416144.0
4601,192,16,2026-07-11,Early_Monsoon_Weekend,68672.0,269360.0,80512.0,5700.0,424244.0
4602,192,17,2026-07-11,Early_Monsoon_Weekend,71336.0,269360.0,80512.0,4000.0,425208.0
4603,192,18,2026-07-11,Early_Monsoon_Weekend,71336.0,306360.0,80512.0,5500.0,463708.0
4604,192,19,2026-07-11,Early_Monsoon_Weekend,74000.0,306360.0,80512.0,5400.0,466272.0
4605,192,20,2026-07-11,Early_Monsoon_Weekend,74000.0,306360.0,80512.0,5600.0,466472.0
4606,192,21,2026-07-11,Early_Monsoon_Weekend,61272.0,256040.0,80512.0,5200.0,403024.0
4607,192,22,2026-07-11,Early_Monsoon_Weekend,61272.0,256040.0,80512.0,5200.0,403024.0
4608,192,23,2026-07-11,Early_Monsoon_Weekend,61272.0,256040.0,80512.0,5200.0,403024.0
4609,193,0,2026-07-12,Early_Monsoon_Weekend,58608.0,293040.0,40256.0,14200.0,406104.0
4610,193,1,2026-07-12,Early_Monsoon_Weekend,58608.0,293040.0,40256.0,14200.0,406104.0
4611,193,2,2026-07-12,Early_Monsoon_Weekend,55944.0,235320.0,29600.0,14200.0,335064.0
4612,193,3,2026-07-12,Early_Monsoon_Weekend,47064.0,235320.0,29600.0,34500.0,346484.0
4613,193,4,2026-07-12,Early_Monsoon_Weekend,47064.0,235320.0,29600.0,33900.0,345884.0
4614,193,5,2026-07-12,Early_Monsoon_Weekend,54464.0,235320.0,40256.0,23500.0,353540.0
4615,193,6,2026-07-12,Early_Monsoon_Weekend,48544.0,198320.0,40256.0,22800.0,309920.0
4616,193,7,2026-07-12,Early_Monsoon_Weekend,51208.0,198320.0,40256.0,26400.0,316184.0
4617,193,8,2026-07-12,Early_Monsoon_Weekend,51208.0,256040.0,59200.0,15900.0,382348.0
4618,193,9,2026-07-12,Early_Monsoon_Weekend,51208.0,256040.0,69856.0,15900.0,393004.0
4619,193,10,2026-07-12,Early_Monsoon_Weekend,103008.0,256040.0,69856.0,16500.0,445404.0
4620,193,11,2026-07-12,Early_Monsoon_Weekend,95608.0,219040.0,69856.0,16500.0,401004.0
4621,193,12,2026-07-12,Early_Monsoon_Weekend,46472.0,232360.0,69856.0,16500.0,365188.0
4622,193,13,2026-07-12,Early_Monsoon_Weekend,172272.0,811040.0,69856.0,15500.0,1068668.0
4623,193,14,2026-07-12,Early_Monsoon_Weekend,172272.0,232360.0,69856.0,5000.0,479488.0
4624,193,15,2026-07-12,Early_Monsoon_Weekend,61272.0,269360.0,80512.0,5000.0,416144.0
4625,193,16,2026-07-12,Early_Monsoon_Weekend,68672.0,269360.0,80512.0,5700.0,424244.0
4626,193,17,2026-07-12,Early_Monsoon_Weekend,71336.0,269360.0,80512.0,4000.0,425208.0
4627,193,18,2026-07-12,Early_Monsoon_Weekend,71336.0,306360.0,80512.0,5500.0,463708.0
4628,193,19,2026-07-12,Early_Monsoon_Weekend,74000.0,306360.0,80512.0,5400.0,466272.0
4629,193,20,2026-07-12,Early_Monsoon_Weekend,74000.0,306360.0,80512.0,5600.0,466472.0
4630,193,21,2026-07-12,Early_Monsoon_Weekend,61272.0,256040.0,80512.0,5200.0,403024.0
4631,193,22,2026-07-12,Early_Monsoon_Weekend,61272.0,256040.0,80512.0,5200.0,403024.0
4632,193,23,2026-07-12,Early_Monsoon_Weekend,61272.0,256040.0,80512.0,5200.0,403024.0
4633,194,0,2026-07-13,Early_Monsoon,39664.0,198320.0,29600.0,25300.0,292884.0
4634,194,1,2026-07-13,Early_Monsoon,39664.0,198320.0,29600.0,25300.0,292884.0
4635,194,2,2026-07-13,Early_Monsoon,39664.0,198320.0,29600.0,25300.0,292884.0
4636,194,3,2026-07-13,Early_Monsoon,39664.0,185000.0,29600.0,45400.0,299664.0
4637,194,4,2026-07-13,Early_Monsoon,39664.0,185000.0,29600.0,44800.0,299064.0
4638,194,5,2026-07-13,Early_Monsoon,49728.0,198320.0,40256.0,34000.0,322304.0
4639,194,6,2026-07-13,Early_Monsoon,51208.0,256040.0,29600.0,33700.0,370548.0
4640,194,7,2026-07-13,Early_Monsoon,51208.0,256040.0,29600.0,37500.0,374348.0
4641,194,8,2026-07-13,Early_Monsoon,48544.0,229400.0,29600.0,27000.0,334544.0
4642,194,9,2026-07-13,Early_Monsoon,48544.0,242720.0,29600.0,27000.0,347864.0
4643,194,10,2026-07-13,Early_Monsoon,48544.0,205720.0,40256.0,27000.0,321520.0
4644,194,11,2026-07-13,Early_Monsoon,41144.0,205720.0,40256.0,27000.0,314120.0
4645,194,12,2026-07-13,Early_Monsoon,34928.0,161320.0,40256.0,27000.0,263504.0
4646,194,13,2026-07-13,Early_Monsoon,37592.0,174640.0,40256.0,27000.0,279488.0
4647,194,14,2026-07-13,Early_Monsoon,37592.0,174640.0,40256.0,16500.0,268988.0
4648,194,15,2026-07-13,Early_Monsoon,44992.0,803640.0,40256.0,16500.0,905388.0
4649,194,16,2026-07-13,Early_Monsoon,61272.0,269360.0,40256.0,16800.0,387688.0
4650,194,17,2026-07-13,Early_Monsoon,63936.0,269360.0,50912.0,14700.0,398908.0
4651,194,18,2026-07-13,Early_Monsoon,66600.0,269360.0,50912.0,5700.0,392572.0
4652,194,19,2026-07-13,Early_Monsoon,74000.0,269360.0,40256.0,5600.0,389216.0
4653,194,20,2026-07-13,Early_Monsoon,74000.0,269360.0,40256.0,6200.0,389816.0
4654,194,21,2026-07-13,Early_Monsoon,59200.0,269360.0,40256.0,5200.0,374016.0
4655,194,22,2026-07-13,Early_Monsoon,50320.0,261960.0,29600.0,5200.0,347080.0
4656,194,23,2026-07-13,Early_Monsoon,44992.0,235320.0,29600.0,15700.0,325612.0
4657,195,0,2026-07-14,Early_Monsoon,39664.0,198320.0,29600.0,25300.0,292884.0
4658,195,1,2026-07-14,Early_Monsoon,39664.0,198320.0,29600.0,25300.0,292884.0
4659,195,2,2026-07-14,Early_Monsoon,39664.0,198320.0,29600.0,25300.0,292884.0
4660,195,3,2026-07-14,Early_Monsoon,39664.0,185000.0,29600.0,45400.0,299664.0
4661,195,4,2026-07-14,Early_Monsoon,39664.0,185000.0,29600.0,44800.0,299064.0
4662,195,5,2026-07-14,Early_Monsoon,49728.0,198320.0,40256.0,34000.0,322304.0
4663,195,6,2026-07-14,Early_Monsoon,51208.0,256040.0,29600.0,33700.0,370548.0
4664,195,7,2026-07-14,Early_Monsoon,51208.0,256040.0,29600.0,37500.0,374348.0
4665,195,8,2026-07-14,Early_Monsoon,48544.0,229400.0,29600.0,27000.0,334544.0
4666,195,9,2026-07-14,Early_Monsoon,48544.0,242720.0,29600.0,27000.0,347864.0
4667,195,10,2026-07-14,Early_Monsoon,48544.0,205720.0,40256.0,27000.0,321520.0
4668,195,11,2026-07-14,Early_Monsoon,41144.0,205720.0,40256.0,27000.0,314120.0
4669,195,12,2026-07-14,Early_Monsoon,34928.0,161320.0,40256.0,27000.0,263504.0
4670,195,13,2026-07-14,Early_Monsoon,37592.0,174640.0,40256.0,27000.0,279488.0
4671,195,14,2026-07-14,Early_Monsoon,37592.0,174640.0,40256.0,16500.0,268988.0
4672,195,15,2026-07-14,Early_Monsoon,44992.0,803640.0,40256.0,16500.0,905388.0
4673,195,16,2026-07-14,Early_Monsoon,61272.0,269360.0,40256.0,16800.0,387688.0
4674,195,17,2026-07-14,Early_Monsoon,63936.0,269360.0,50912.0,14700.0,398908.0
4675,195,18,2026-07-14,Early_Monsoon,66600.0,269360.0,50912.0,5700.0,392572.0
4676,195,19,2026-07-14,Early_Monsoon,74000.0,269360.0,40256.0,5600.0,389216.0
4677,195,20,2026-07-14,Early_Monsoon,74000.0,269360.0,40256.0,6200.0,389816.0
4678,195,21,2026-07-14,Early_Monsoon,59200.0,269360.0,40256.0,5200.0,374016.0
4679,195,22,2026-07-14,Early_Monsoon,50320.0,261960.0,29600.0,5200.0,347080.0
4680,195,23,2026-07-14,Early_Monsoon,44992.0,235320.0,29600.0,15700.0,325612.0
4681,196,0,2026-07-15,Early_Monsoon,39664.0,198320.0,29600.0,25300.0,292884.0
4682,196,1,2026-07-15,Early_Monsoon,39664.0,198320.0,29600.0,25300.0,292884.0
4683,196,2,2026-07-15,Early_Monsoon,39664.0,198320.0,29600.0,25300.0,292884.0
4684,196,3,2026-07-15,Early_Monsoon,39664.0,185000.0,29600.0,45400.0,299664.0
4685,196,4,2026-07-15,Early_Monsoon,39664.0,185000.0,29600.0,44800.0,299064.0
4686,196,5,2026-07-15,Early_Monsoon,49728.0,198320.0,40256.0,34000.0,322304.0
4687,196,6,2026-07-15,Early_Monsoon,51208.0,256040.0,29600.0,33700.0,370548.0
4688,196,7,2026-07-15,Early_Monsoon,51208.0,256040.0,29600.0,37500.0,374348.0
4689,196,8,2026-07-15,Early_Monsoon,48544.0,229400.0,29600.0,27000.0,334544.0
4690,196,9,2026-07-15,Early_Monsoon,48544.0,242720.0,29600.0,27000.0,347864.0
4691,196,10,2026-07-15,Early_Monsoon,48544.0,205720.0,40256.0,27000.0,321520.0
4692,196,11,2026-07-15,Early_Monsoon,41144.0,205720.0,40256.0,27000.0,314120.0
4693,196,12,2026-07-15,Early_Monsoon,34928.0,161320.0,40256.0,27000.0,263504.0
4694,196,13,2026-07-15,Early_Monsoon,37592.0,174640.0,40256.0,27000.0,279488.0
4695,196,14,2026-07-15,Early_Monsoon,37592.0,174640.0,40256.0,16500.0,268988.0
4696,196,15,2026-07-15,Early_Monsoon,44992.0,803640.0,40256.0,16500.0,905388.0
4697,196,16,2026-07-15,Early_Monsoon,61272.0,269360.0,40256.0,16800.0,387688.0
4698,196,17,2026-07-15,Early_Monsoon,63936.0,269360.0,50912.0,14700.0,398908.0
4699,196,18,2026-07-15,Early_Monsoon,66600.0,269360.0,50912.0,5700.0,392572.0
4700,196,19,2026-07-15,Early_Monsoon,74000.0,269360.0,40256.0,5600.0,389216.0
4701,196,20,2026-07-15,Early_Monsoon,74000.0,269360.0,40256.0,6200.0,389816.0
4702,196,21,2026-07-15,Early_Monsoon,59200.0,269360.0,40256.0,5200.0,374016.0
4703,196,22,2026-07-15,Early_Monsoon,50320.0,261960.0,29600.0,5200.0,347080.0
4704,196,23,2026-07-15,Early_Monsoon,44992.0,235320.0,29600.0,15700.0,325612.0
4705,197,0,2026-07-16,Early_Monsoon,39664.0,198320.0,29600.0,25300.0,292884.0
4706,197,1,2026-07-16,Early_Monsoon,39664.0,198320.0,29600.0,25300.0,292884.0
4707,197,2,2026-07-16,Early_Monsoon,39664.0,198320.0,29600.0,25300.0,292884.0
4708,197,3,2026-07-16,Early_Monsoon,39664.0,185000.0,29600.0,45400.0,299664.0
4709,197,4,2026-07-16,Early_Monsoon,39664.0,185000.0,29600.0,44800.0,299064.0
4710,197,5,2026-07-16,Early_Monsoon,49728.0,198320.0,40256.0,34000.0,322304.0
4711,197,6,2026-07-16,Early_Monsoon,51208.0,256040.0,29600.0,33700.0,370548.0
4712,197,7,2026-07-16,Early_Monsoon,51208.0,256040.0,29600.0,37500.0,374348.0
4713,197,8,2026-07-16,Early_Monsoon,48544.0,229400.0,29600.0,27000.0,334544.0
4714,197,9,2026-07-16,Early_Monsoon,48544.0,242720.0,29600.0,27000.0,347864.0
4715,197,10,2026-07-16,Early_Monsoon,48544.0,205720.0,40256.0,27000.0,321520.0
4716,197,11,2026-07-16,Early_Monsoon,41144.0,205720.0,40256.0,27000.0,314120.0
4717,197,12,2026-07-16,Early_Monsoon,34928.0,161320.0,40256.0,27000.0,263504.0
4718,197,13,2026-07-16,Early_Monsoon,37592.0,174640.0,40256.0,27000.0,279488.0
4719,197,14,2026-07-16,Early_Monsoon,37592.0,174640.0,40256.0,16500.0,268988.0
4720,197,15,2026-07-16,Early_Monsoon,44992.0,803640.0,40256.0,16500.0,905388.0
4721,197,16,2026-07-16,Early_Monsoon,61272.0,269360.0,40256.0,16800.0,387688.0
4722,197,17,2026-07-16,Early_Monsoon,63936.0,269360.0,50912.0,14700.0,398908.0
4723,197,18,2026-07-16,Early_Monsoon,66600.0,269360.0,50912.0,5700.0,392572.0
4724,197,19,2026-07-16,Early_Monsoon,74000.0,269360.0,40256.0,5600.0,389216.0
4725,197,20,2026-07-16,Early_Monsoon,74000.0,269360.0,40256.0,6200.0,389816.0
4726,197,21,2026-07-16,Early_Monsoon,59200.0,269360.0,40256.0,5200.0,374016.0
4727,197,22,2026-07-16,Early_Monsoon,50320.0,261960.0,29600.0,5200.0,347080.0
4728,197,23,2026-07-16,Early_Monsoon,44992.0,235320.0,29600.0,15700.0,325612.0
4729,198,0,2026-07-17,Early_Monsoon,39664.0,198320.0,29600.0,25300.0,292884.0
4730,198,1,2026-07-17,Early_Monsoon,39664.0,198320.0,29600.0,25300.0,292884.0
4731,198,2,2026-07-17,Early_Monsoon,39664.0,198320.0,29600.0,25300.0,292884.0
4732,198,3,2026-07-17,Early_Monsoon,39664.0,185000.0,29600.0,45400.0,299664.0
4733,198,4,2026-07-17,Early_Monsoon,39664.0,185000.0,29600.0,44800.0,299064.0
4734,198,5,2026-07-17,Early_Monsoon,49728.0,198320.0,40256.0,34000.0,322304.0
4735,198,6,2026-07-17,Early_Monsoon,51208.0,256040.0,29600.0,33700.0,370548.0
4736,198,7,2026-07-17,Early_Monsoon,51208.0,256040.0,29600.0,37500.0,374348.0
4737,198,8,2026-07-17,Early_Monsoon,48544.0,229400.0,29600.0,27000.0,334544.0
4738,198,9,2026-07-17,Early_Monsoon,48544.0,242720.0,29600.0,27000.0,347864.0
4739,198,10,2026-07-17,Early_Monsoon,48544.0,205720.0,40256.0,27000.0,321520.0
4740,198,11,2026-07-17,Early_Monsoon,41144.0,205720.0,40256.0,27000.0,314120.0
4741,198,12,2026-07-17,Early_Monsoon,34928.0,161320.0,40256.0,27000.0,263504.0
4742,198,13,2026-07-17,Early_Monsoon,37592.0,174640.0,40256.0,27000.0,279488.0
4743,198,14,2026-07-17,Early_Monsoon,37592.0,174640.0,40256.0,16500.0,268988.0
4744,198,15,2026-07-17,Early_Monsoon,44992.0,803640.0,40256.0,16500.0,905388.0
4745,198,16,2026-07-17,Early_Monsoon,61272.0,269360.0,40256.0,16800.0,387688.0
4746,198,17,2026-07-17,Early_Monsoon,63936.0,269360.0,50912.0,14700.0,398908.0
4747,198,18,2026-07-17,Early_Monsoon,66600.0,269360.0,50912.0,5700.0,392572.0
4748,198,19,2026-07-17,Early_Monsoon,74000.0,269360.0,40256.0,5600.0,389216.0
4749,198,20,2026-07-17,Early_Monsoon,74000.0,269360.0,40256.0,6200.0,389816.0
4750,198,21,2026-07-17,Early_Monsoon,59200.0,269360.0,40256.0,5200.0,374016.0
4751,198,22,2026-07-17,Early_Monsoon,50320.0,261960.0,29600.0,5200.0,347080.0
4752,198,23,2026-07-17,Early_Monsoon,44992.0,235320.0,29600.0,15700.0,325612.0
4753,199,0,2026-07-18,Early_Monsoon_Weekend,58608.0,293040.0,40256.0,14200.0,406104.0
4754,199,1,2026-07-18,Early_Monsoon_Weekend,58608.0,293040.0,40256.0,14200.0,406104.0
4755,199,2,2026-07-18,Early_Monsoon_Weekend,55944.0,235320.0,29600.0,14200.0,335064.0
4756,199,3,2026-07-18,Early_Monsoon_Weekend,47064.0,235320.0,29600.0,34500.0,346484.0
4757,199,4,2026-07-18,Early_Monsoon_Weekend,47064.0,235320.0,29600.0,33900.0,345884.0
4758,199,5,2026-07-18,Early_Monsoon_Weekend,54464.0,235320.0,40256.0,23500.0,353540.0
4759,199,6,2026-07-18,Early_Monsoon_Weekend,48544.0,198320.0,40256.0,22800.0,309920.0
4760,199,7,2026-07-18,Early_Monsoon_Weekend,51208.0,198320.0,40256.0,26400.0,316184.0
4761,199,8,2026-07-18,Early_Monsoon_Weekend,51208.0,256040.0,59200.0,15900.0,382348.0
4762,199,9,2026-07-18,Early_Monsoon_Weekend,51208.0,256040.0,69856.0,15900.0,393004.0
4763,199,10,2026-07-18,Early_Monsoon_Weekend,103008.0,256040.0,69856.0,16500.0,445404.0
4764,199,11,2026-07-18,Early_Monsoon_Weekend,95608.0,219040.0,69856.0,16500.0,401004.0
4765,199,12,2026-07-18,Early_Monsoon_Weekend,46472.0,232360.0,69856.0,16500.0,365188.0
4766,199,13,2026-07-18,Early_Monsoon_Weekend,172272.0,811040.0,69856.0,15500.0,1068668.0
4767,199,14,2026-07-18,Early_Monsoon_Weekend,172272.0,232360.0,69856.0,5000.0,479488.0
4768,199,15,2026-07-18,Early_Monsoon_Weekend,61272.0,269360.0,80512.0,5000.0,416144.0
4769,199,16,2026-07-18,Early_Monsoon_Weekend,68672.0,269360.0,80512.0,5700.0,424244.0
4770,199,17,2026-07-18,Early_Monsoon_Weekend,71336.0,269360.0,80512.0,4000.0,425208.0
4771,199,18,2026-07-18,Early_Monsoon_Weekend,71336.0,306360.0,80512.0,5500.0,463708.0
4772,199,19,2026-07-18,Early_Monsoon_Weekend,74000.0,306360.0,80512.0,5400.0,466272.0
4773,199,20,2026-07-18,Early_Monsoon_Weekend,74000.0,306360.0,80512.0,5600.0,466472.0
4774,199,21,2026-07-18,Early_Monsoon_Weekend,61272.0,256040.0,80512.0,5200.0,403024.0
4775,199,22,2026-07-18,Early_Monsoon_Weekend,61272.0,256040.0,80512.0,5200.0,403024.0
4776,199,23,2026-07-18,Early_Monsoon_Weekend,61272.0,256040.0,80512.0,5200.0,403024.0
4777,200,0,2026-07-19,Early_Monsoon_Weekend,58608.0,293040.0,40256.0,14200.0,406104.0
4778,200,1,2026-07-19,Early_Monsoon_Weekend,58608.0,293040.0,40256.0,14200.0,406104.0
4779,200,2,2026-07-19,Early_Monsoon_Weekend,55944.0,235320.0,29600.0,14200.0,335064.0
4780,200,3,2026-07-19,Early_Monsoon_Weekend,47064.0,235320.0,29600.0,34500.0,346484.0
4781,200,4,2026-07-19,Early_Monsoon_Weekend,47064.0,235320.0,29600.0,33900.0,345884.0
4782,200,5,2026-07-19,Early_Monsoon_Weekend,54464.0,235320.0,40256.0,23500.0,353540.0
4783,200,6,2026-07-19,Early_Monsoon_Weekend,48544.0,198320.0,40256.0,22800.0,309920.0
4784,200,7,2026-07-19,Early_Monsoon_Weekend,51208.0,198320.0,40256.0,26400.0,316184.0
4785,200,8,2026-07-19,Early_Monsoon_Weekend,51208.0,256040.0,59200.0,15900.0,382348.0
4786,200,9,2026-07-19,Early_Monsoon_Weekend,51208.0,256040.0,69856.0,15900.0,393004.0
4787,200,10,2026-07-19,Early_Monsoon_Weekend,103008.0,256040.0,69856.0,16500.0,445404.0
4788,200,11,2026-07-19,Early_Monsoon_Weekend,95608.0,219040.0,69856.0,16500.0,401004.0
4789,200,12,2026-07-19,Early_Monsoon_Weekend,46472.0,232360.0,69856.0,16500.0,365188.0
4790,200,13,2026-07-19,Early_Monsoon_Weekend,172272.0,811040.0,69856.0,15500.0,1068668.0
4791,200,14,2026-07-19,Early_Monsoon_Weekend,172272.0,232360.0,69856.0,5000.0,479488.0
4792,200,15,2026-07-19,Early_Monsoon_Weekend,61272.0,269360.0,80512.0,5000.0,416144.0
4793,200,16,2026-07-19,Early_Monsoon_Weekend,68672.0,269360.0,80512.0,5700.0,424244.0
4794,200,17,2026-07-19,Early_Monsoon_Weekend,71336.0,269360.0,80512.0,4000.0,425208.0
4795,200,18,2026-07-19,Early_Monsoon_Weekend,71336.0,306360.0,80512.0,5500.0,463708.0
4796,200,19,2026-07-19,Early_Monsoon_Weekend,74000.0,306360.0,80512.0,5400.0,466272.0
4797,200,20,2026-07-19,Early_Monsoon_Weekend,74000.0,306360.0,80512.0,5600.0,466472.0
4798,200,21,2026-07-19,Early_Monsoon_Weekend,61272.0,256040.0,80512.0,5200.0,403024.0
4799,200,22,2026-07-19,Early_Monsoon_Weekend,61272.0,256040.0,80512.0,5200.0,403024.0
4800,200,23,2026-07-19,Early_Monsoon_Weekend,61272.0,256040.0,80512.0,5200.0,403024.0
4801,201,0,2026-07-20,Early_Monsoon,39664.0,198320.0,29600.0,25300.0,292884.0
4802,201,1,2026-07-20,Early_Monsoon,39664.0,198320.0,29600.0,25300.0,292884.0
4803,201,2,2026-07-20,Early_Monsoon,39664.0,198320.0,29600.0,25300.0,292884.0
4804,201,3,2026-07-20,Early_Monsoon,39664.0,185000.0,29600.0,45400.0,299664.0
4805,201,4,2026-07-20,Early_Monsoon,39664.0,185000.0,29600.0,44800.0,299064.0
4806,201,5,2026-07-20,Early_Monsoon,49728.0,198320.0,40256.0,34000.0,322304.0
4807,201,6,2026-07-20,Early_Monsoon,51208.0,256040.0,29600.0,33700.0,370548.0
4808,201,7,2026-07-20,Early_Monsoon,51208.0,256040.0,29600.0,37500.0,374348.0
4809,201,8,2026-07-20,Early_Monsoon,48544.0,229400.0,29600.0,27000.0,334544.0
4810,201,9,2026-07-20,Early_Monsoon,48544.0,242720.0,29600.0,27000.0,347864.0
4811,201,10,2026-07-20,Early_Monsoon,48544.0,205720.0,40256.0,27000.0,321520.0
4812,201,11,2026-07-20,Early_Monsoon,41144.0,205720.0,40256.0,27000.0,314120.0
4813,201,12,2026-07-20,Early_Monsoon,34928.0,161320.0,40256.0,27000.0,263504.0
4814,201,13,2026-07-20,Early_Monsoon,37592.0,174640.0,40256.0,27000.0,279488.0
4815,201,14,2026-07-20,Early_Monsoon,37592.0,174640.0,40256.0,16500.0,268988.0
4816,201,15,2026-07-20,Early_Monsoon,44992.0,803640.0,40256.0,16500.0,905388.0
4817,201,16,2026-07-20,Early_Monsoon,61272.0,269360.0,40256.0,16800.0,387688.0
4818,201,17,2026-07-20,Early_Monsoon,63936.0,269360.0,50912.0,14700.0,398908.0
4819,201,18,2026-07-20,Early_Monsoon,66600.0,269360.0,50912.0,5700.0,392572.0
4820,201,19,2026-07-20,Early_Monsoon,74000.0,269360.0,40256.0,5600.0,389216.0
4821,201,20,2026-07-20,Early_Monsoon,74000.0,269360.0,40256.0,6200.0,389816.0
4822,201,21,2026-07-20,Early_Monsoon,59200.0,269360.0,40256.0,5200.0,374016.0
4823,201,22,2026-07-20,Early_Monsoon,50320.0,261960.0,29600.0,5200.0,347080.0
4824,201,23,2026-07-20,Early_Monsoon,44992.0,235320.0,29600.0,15700.0,325612.0
4825,202,0,2026-07-21,Early_Monsoon,39664.0,198320.0,29600.0,25300.0,292884.0
4826,202,1,2026-07-21,Early_Monsoon,39664.0,198320.0,29600.0,25300.0,292884.0
4827,202,2,2026-07-21,Early_Monsoon,39664.0,198320.0,29600.0,25300.0,292884.0
4828,202,3,2026-07-21,Early_Monsoon,39664.0,185000.0,29600.0,45400.0,299664.0
4829,202,4,2026-07-21,Early_Monsoon,39664.0,185000.0,29600.0,44800.0,299064.0
4830,202,5,2026-07-21,Early_Monsoon,49728.0,198320.0,40256.0,34000.0,322304.0
4831,202,6,2026-07-21,Early_Monsoon,51208.0,256040.0,29600.0,33700.0,370548.0
4832,202,7,2026-07-21,Early_Monsoon,51208.0,256040.0,29600.0,37500.0,374348.0
4833,202,8,2026-07-21,Early_Monsoon,48544.0,229400.0,29600.0,27000.0,334544.0
4834,202,9,2026-07-21,Early_Monsoon,48544.0,242720.0,29600.0,27000.0,347864.0
4835,202,10,2026-07-21,Early_Monsoon,48544.0,205720.0,40256.0,27000.0,321520.0
4836,202,11,2026-07-21,Early_Monsoon,41144.0,205720.0,40256.0,27000.0,314120.0
4837,202,12,2026-07-21,Early_Monsoon,34928.0,161320.0,40256.0,27000.0,263504.0
4838,202,13,2026-07-21,Early_Monsoon,37592.0,174640.0,40256.0,27000.0,279488.0
4839,202,14,2026-07-21,Early_Monsoon,37592.0,174640.0,40256.0,16500.0,268988.0
4840,202,15,2026-07-21,Early_Monsoon,44992.0,803640.0,40256.0,16500.0,905388.0
4841,202,16,2026-07-21,Early_Monsoon,61272.0,269360.0,40256.0,16800.0,387688.0
4842,202,17,2026-07-21,Early_Monsoon,63936.0,269360.0,50912.0,14700.0,398908.0
4843,202,18,2026-07-21,Early_Monsoon,66600.0,269360.0,50912.0,5700.0,392572.0
4844,202,19,2026-07-21,Early_Monsoon,74000.0,269360.0,40256.0,5600.0,389216.0
4845,202,20,2026-07-21,Early_Monsoon,74000.0,269360.0,40256.0,6200.0,389816.0
4846,202,21,2026-07-21,Early_Monsoon,59200.0,269360.0,40256.0,5200.0,374016.0
4847,202,22,2026-07-21,Early_Monsoon,50320.0,261960.0,29600.0,5200.0,347080.0
4848,202,23,2026-07-21,Early_Monsoon,44992.0,235320.0,29600.0,15700.0,325612.0
4849,203,0,2026-07-22,Early_Monsoon,39664.0,198320.0,29600.0,25300.0,292884.0
4850,203,1,2026-07-22,Early_Monsoon,39664.0,198320.0,29600.0,25300.0,292884.0
4851,203,2,2026-07-22,Early_Monsoon,39664.0,198320.0,29600.0,25300.0,292884.0
4852,203,3,2026-07-22,Early_Monsoon,39664.0,185000.0,29600.0,45400.0,299664.0
4853,203,4,2026-07-22,Early_Monsoon,39664.0,185000.0,29600.0,44800.0,299064.0
4854,203,5,2026-07-22,Early_Monsoon,49728.0,198320.0,40256.0,34000.0,322304.0
4855,203,6,2026-07-22,Early_Monsoon,51208.0,256040.0,29600.0,33700.0,370548.0
4856,203,7,2026-07-22,Early_Monsoon,51208.0,256040.0,29600.0,37500.0,374348.0
4857,203,8,2026-07-22,Early_Monsoon,48544.0,229400.0,29600.0,27000.0,334544.0
4858,203,9,2026-07-22,Early_Monsoon,48544.0,242720.0,29600.0,27000.0,347864.0
4859,203,10,2026-07-22,Early_Monsoon,48544.0,205720.0,40256.0,27000.0,321520.0
4860,203,11,2026-07-22,Early_Monsoon,41144.0,205720.0,40256.0,27000.0,314120.0
4861,203,12,2026-07-22,Early_Monsoon,34928.0,161320.0,40256.0,27000.0,263504.0
4862,203,13,2026-07-22,Early_Monsoon,37592.0,174640.0,40256.0,27000.0,279488.0
4863,203,14,2026-07-22,Early_Monsoon,37592.0,174640.0,40256.0,16500.0,268988.0
4864,203,15,2026-07-22,Early_Monsoon,44992.0,803640.0,40256.0,16500.0,905388.0
4865,203,16,2026-07-22,Early_Monsoon,61272.0,269360.0,40256.0,16800.0,387688.0
4866,203,17,2026-07-22,Early_Monsoon,63936.0,269360.0,50912.0,14700.0,398908.0
4867,203,18,2026-07-22,Early_Monsoon,66600.0,269360.0,50912.0,5700.0,392572.0
4868,203,19,2026-07-22,Early_Monsoon,74000.0,269360.0,40256.0,5600.0,389216.0
4869,203,20,2026-07-22,Early_Monsoon,74000.0,269360.0,40256.0,6200.0,389816.0
4870,203,21,2026-07-22,Early_Monsoon,59200.0,269360.0,40256.0,5200.0,374016.0
4871,203,22,2026-07-22,Early_Monsoon,50320.0,261960.0,29600.0,5200.0,347080.0
4872,203,23,2026-07-22,Early_Monsoon,44992.0,235320.0,29600.0,15700.0,325612.0
4873,204,0,2026-07-23,Early_Monsoon,39664.0,198320.0,29600.0,25300.0,292884.0
4874,204,1,2026-07-23,Early_Monsoon,39664.0,198320.0,29600.0,25300.0,292884.0
4875,204,2,2026-07-23,Early_Monsoon,39664.0,198320.0,29600.0,25300.0,292884.0
4876,204,3,2026-07-23,Early_Monsoon,39664.0,185000.0,29600.0,45400.0,299664.0
4877,204,4,2026-07-23,Early_Monsoon,39664.0,185000.0,29600.0,44800.0,299064.0
4878,204,5,2026-07-23,Early_Monsoon,49728.0,198320.0,40256.0,34000.0,322304.0
4879,204,6,2026-07-23,Early_Monsoon,51208.0,256040.0,29600.0,33700.0,370548.0
4880,204,7,2026-07-23,Early_Monsoon,51208.0,256040.0,29600.0,37500.0,374348.0
4881,204,8,2026-07-23,Early_Monsoon,48544.0,229400.0,29600.0,27000.0,334544.0
4882,204,9,2026-07-23,Early_Monsoon,48544.0,242720.0,29600.0,27000.0,347864.0
4883,204,10,2026-07-23,Early_Monsoon,48544.0,205720.0,40256.0,27000.0,321520.0
4884,204,11,2026-07-23,Early_Monsoon,41144.0,205720.0,40256.0,27000.0,314120.0
4885,204,12,2026-07-23,Early_Monsoon,34928.0,161320.0,40256.0,27000.0,263504.0
4886,204,13,2026-07-23,Early_Monsoon,37592.0,174640.0,40256.0,27000.0,279488.0
4887,204,14,2026-07-23,Early_Monsoon,37592.0,174640.0,40256.0,16500.0,268988.0
4888,204,15,2026-07-23,Early_Monsoon,44992.0,803640.0,40256.0,16500.0,905388.0
4889,204,16,2026-07-23,Early_Monsoon,61272.0,269360.0,40256.0,16800.0,387688.0
4890,204,17,2026-07-23,Early_Monsoon,63936.0,269360.0,50912.0,14700.0,398908.0
4891,204,18,2026-07-23,Early_Monsoon,66600.0,269360.0,50912.0,5700.0,392572.0
4892,204,19,2026-07-23,Early_Monsoon,74000.0,269360.0,40256.0,5600.0,389216.0
4893,204,20,2026-07-23,Early_Monsoon,74000.0,269360.0,40256.0,6200.0,389816.0
4894,204,21,2026-07-23,Early_Monsoon,59200.0,269360.0,40256.0,5200.0,374016.0
4895,204,22,2026-07-23,Early_Monsoon,50320.0,261960.0,29600.0,5200.0,347080.0
4896,204,23,2026-07-23,Early_Monsoon,44992.0,235320.0,29600.0,15700.0,325612.0
4897,205,0,2026-07-24,Early_Monsoon,39664.0,198320.0,29600.0,25300.0,292884.0
4898,205,1,2026-07-24,Early_Monsoon,39664.0,198320.0,29600.0,25300.0,292884.0
4899,205,2,2026-07-24,Early_Monsoon,39664.0,198320.0,29600.0,25300.0,292884.0
4900,205,3,2026-07-24,Early_Monsoon,39664.0,185000.0,29600.0,45400.0,299664.0
4901,205,4,2026-07-24,Early_Monsoon,39664.0,185000.0,29600.0,44800.0,299064.0
4902,205,5,2026-07-24,Early_Monsoon,49728.0,198320.0,40256.0,34000.0,322304.0
4903,205,6,2026-07-24,Early_Monsoon,51208.0,256040.0,29600.0,33700.0,370548.0
4904,205,7,2026-07-24,Early_Monsoon,51208.0,256040.0,29600.0,37500.0,374348.0
4905,205,8,2026-07-24,Early_Monsoon,48544.0,229400.0,29600.0,27000.0,334544.0
4906,205,9,2026-07-24,Early_Monsoon,48544.0,242720.0,29600.0,27000.0,347864.0
4907,205,10,2026-07-24,Early_Monsoon,48544.0,205720.0,40256.0,27000.0,321520.0
4908,205,11,2026-07-24,Early_Monsoon,41144.0,205720.0,40256.0,27000.0,314120.0
4909,205,12,2026-07-24,Early_Monsoon,34928.0,161320.0,40256.0,27000.0,263504.0
4910,205,13,2026-07-24,Early_Monsoon,37592.0,174640.0,40256.0,27000.0,279488.0
4911,205,14,2026-07-24,Early_Monsoon,37592.0,174640.0,40256.0,16500.0,268988.0
4912,205,15,2026-07-24,Early_Monsoon,44992.0,803640.0,40256.0,16500.0,905388.0
4913,205,16,2026-07-24,Early_Monsoon,61272.0,269360.0,40256.0,16800.0,387688.0
4914,205,17,2026-07-24,Early_Monsoon,63936.0,269360.0,50912.0,14700.0,398908.0
4915,205,18,2026-07-24,Early_Monsoon,66600.0,269360.0,50912.0,5700.0,392572.0
4916,205,19,2026-07-24,Early_Monsoon,74000.0,269360.0,40256.0,5600.0,389216.0
4917,205,20,2026-07-24,Early_Monsoon,74000.0,269360.0,40256.0,6200.0,389816.0
4918,205,21,2026-07-24,Early_Monsoon,59200.0,269360.0,40256.0,5200.0,374016.0
4919,205,22,2026-07-24,Early_Monsoon,50320.0,261960.0,29600.0,5200.0,347080.0
4920,205,23,2026-07-24,Early_Monsoon,44992.0,235320.0,29600.0,15700.0,325612.0
4921,206,0,2026-07-25,Early_Monsoon_Weekend,58608.0,293040.0,40256.0,14200.0,406104.0
4922,206,1,2026-07-25,Early_Monsoon_Weekend,58608.0,293040.0,40256.0,14200.0,406104.0
4923,206,2,2026-07-25,Early_Monsoon_Weekend,55944.0,235320.0,29600.0,14200.0,335064.0
4924,206,3,2026-07-25,Early_Monsoon_Weekend,47064.0,235320.0,29600.0,34500.0,346484.0
4925,206,4,2026-07-25,Early_Monsoon_Weekend,47064.0,235320.0,29600.0,33900.0,345884.0
4926,206,5,2026-07-25,Early_Monsoon_Weekend,54464.0,235320.0,40256.0,23500.0,353540.0
4927,206,6,2026-07-25,Early_Monsoon_Weekend,48544.0,198320.0,40256.0,22800.0,309920.0
4928,206,7,2026-07-25,Early_Monsoon_Weekend,51208.0,198320.0,40256.0,26400.0,316184.0
4929,206,8,2026-07-25,Early_Monsoon_Weekend,51208.0,256040.0,59200.0,15900.0,382348.0
4930,206,9,2026-07-25,Early_Monsoon_Weekend,51208.0,256040.0,69856.0,15900.0,393004.0
4931,206,10,2026-07-25,Early_Monsoon_Weekend,103008.0,256040.0,69856.0,16500.0,445404.0
4932,206,11,2026-07-25,Early_Monsoon_Weekend,95608.0,219040.0,69856.0,16500.0,401004.0
4933,206,12,2026-07-25,Early_Monsoon_Weekend,46472.0,232360.0,69856.0,16500.0,365188.0
4934,206,13,2026-07-25,Early_Monsoon_Weekend,172272.0,811040.0,69856.0,15500.0,1068668.0
4935,206,14,2026-07-25,Early_Monsoon_Weekend,172272.0,232360.0,69856.0,5000.0,479488.0
4936,206,15,2026-07-25,Early_Monsoon_Weekend,61272.0,269360.0,80512.0,5000.0,416144.0
4937,206,16,2026-07-25,Early_Monsoon_Weekend,68672.0,269360.0,80512.0,5700.0,424244.0
4938,206,17,2026-07-25,Early_Monsoon_Weekend,71336.0,269360.0,80512.0,4000.0,425208.0
4939,206,18,2026-07-25,Early_Monsoon_Weekend,71336.0,306360.0,80512.0,5500.0,463708.0
4940,206,19,2026-07-25,Early_Monsoon_Weekend,74000.0,306360.0,80512.0,5400.0,466272.0
4941,206,20,2026-07-25,Early_Monsoon_Weekend,74000.0,306360.0,80512.0,5600.0,466472.0
4942,206,21,2026-07-25,Early_Monsoon_Weekend,61272.0,256040.0,80512.0,5200.0,403024.0
4943,206,22,2026-07-25,Early_Monsoon_Weekend,61272.0,256040.0,80512.0,5200.0,403024.0
4944,206,23,2026-07-25,Early_Monsoon_Weekend,61272.0,256040.0,80512.0,5200.0,403024.0
4945,207,0,2026-07-26,Early_Monsoon_Weekend,58608.0,293040.0,40256.0,14200.0,406104.0
4946,207,1,2026-07-26,Early_Monsoon_Weekend,58608.0,293040.0,40256.0,14200.0,406104.0
4947,207,2,2026-07-26,Early_Monsoon_Weekend,55944.0,235320.0,29600.0,14200.0,335064.0
4948,207,3,2026-07-26,Early_Monsoon_Weekend,47064.0,235320.0,29600.0,34500.0,346484.0
4949,207,4,2026-07-26,Early_Monsoon_Weekend,47064.0,235320.0,29600.0,33900.0,345884.0
4950,207,5,2026-07-26,Early_Monsoon_Weekend,54464.0,235320.0,40256.0,23500.0,353540.0
4951,207,6,2026-07-26,Early_Monsoon_Weekend,48544.0,198320.0,40256.0,22800.0,309920.0
4952,207,7,2026-07-26,Early_Monsoon_Weekend,51208.0,198320.0,40256.0,26400.0,316184.0
4953,207,8,2026-07-26,Early_Monsoon_Weekend,51208.0,256040.0,59200.0,15900.0,382348.0
4954,207,9,2026-07-26,Early_Monsoon_Weekend,51208.0,256040.0,69856.0,15900.0,393004.0
4955,207,10,2026-07-26,Early_Monsoon_Weekend,103008.0,256040.0,69856.0,16500.0,445404.0
4956,207,11,2026-07-26,Early_Monsoon_Weekend,95608.0,219040.0,69856.0,16500.0,401004.0
4957,207,12,2026-07-26,Early_Monsoon_Weekend,46472.0,232360.0,69856.0,16500.0,365188.0
4958,207,13,2026-07-26,Early_Monsoon_Weekend,172272.0,811040.0,69856.0,15500.0,1068668.0
4959,207,14,2026-07-26,Early_Monsoon_Weekend,172272.0,232360.0,69856.0,5000.0,479488.0
4960,207,15,2026-07-26,Early_Monsoon_Weekend,61272.0,269360.0,80512.0,5000.0,416144.0
4961,207,16,2026-07-26,Early_Monsoon_Weekend,68672.0,269360.0,80512.0,5700.0,424244.0
4962,207,17,2026-07-26,Early_Monsoon_Weekend,71336.0,269360.0,80512.0,4000.0,425208.0
4963,207,18,2026-07-26,Early_Monsoon_Weekend,71336.0,306360.0,80512.0,5500.0,463708.0
4964,207,19,2026-07-26,Early_Monsoon_Weekend,74000.0,306360.0,80512.0,5400.0,466272.0
4965,207,20,2026-07-26,Early_Monsoon_Weekend,74000.0,306360.0,80512.0,5600.0,466472.0
4966,207,21,2026-07-26,Early_Monsoon_Weekend,61272.0,256040.0,80512.0,5200.0,403024.0
4967,207,22,2026-07-26,Early_Monsoon_Weekend,61272.0,256040.0,80512.0,5200.0,403024.0
4968,207,23,2026-07-26,Early_Monsoon_Weekend,61272.0,256040.0,80512.0,5200.0,403024.0
4969,208,0,2026-07-27,Early_Monsoon,39664.0,198320.0,29600.0,25300.0,292884.0
4970,208,1,2026-07-27,Early_Monsoon,39664.0,198320.0,29600.0,25300.0,292884.0
4971,208,2,2026-07-27,Early_Monsoon,39664.0,198320.0,29600.0,25300.0,292884.0
4972,208,3,2026-07-27,Early_Monsoon,39664.0,185000.0,29600.0,45400.0,299664.0
4973,208,4,2026-07-27,Early_Monsoon,39664.0,185000.0,29600.0,44800.0,299064.0
4974,208,5,2026-07-27,Early_Monsoon,49728.0,198320.0,40256.0,34000.0,322304.0
4975,208,6,2026-07-27,Early_Monsoon,51208.0,256040.0,29600.0,33700.0,370548.0
4976,208,7,2026-07-27,Early_Monsoon,51208.0,256040.0,29600.0,37500.0,374348.0
4977,208,8,2026-07-27,Early_Monsoon,48544.0,229400.0,29600.0,27000.0,334544.0
4978,208,9,2026-07-27,Early_Monsoon,48544.0,242720.0,29600.0,27000.0,347864.0
4979,208,10,2026-07-27,Early_Monsoon,48544.0,205720.0,40256.0,27000.0,321520.0
4980,208,11,2026-07-27,Early_Monsoon,41144.0,205720.0,40256.0,27000.0,314120.0
4981,208,12,2026-07-27,Early_Monsoon,34928.0,161320.0,40256.0,27000.0,263504.0
4982,208,13,2026-07-27,Early_Monsoon,37592.0,174640.0,40256.0,27000.0,279488.0
4983,208,14,2026-07-27,Early_Monsoon,37592.0,174640.0,40256.0,16500.0,268988.0
4984,208,15,2026-07-27,Early_Monsoon,44992.0,803640.0,40256.0,16500.0,905388.0
4985,208,16,2026-07-27,Early_Monsoon,61272.0,269360.0,40256.0,16800.0,387688.0
4986,208,17,2026-07-27,Early_Monsoon,63936.0,269360.0,50912.0,14700.0,398908.0
4987,208,18,2026-07-27,Early_Monsoon,66600.0,269360.0,50912.0,5700.0,392572.0
4988,208,19,2026-07-27,Early_Monsoon,74000.0,269360.0,40256.0,5600.0,389216.0
4989,208,20,2026-07-27,Early_Monsoon,74000.0,269360.0,40256.0,6200.0,389816.0
4990,208,21,2026-07-27,Early_Monsoon,59200.0,269360.0,40256.0,5200.0,374016.0
4991,208,22,2026-07-27,Early_Monsoon,50320.0,261960.0,29600.0,5200.0,347080.0
4992,208,23,2026-07-27,Early_Monsoon,44992.0,235320.0,29600.0,15700.0,325612.0
4993,209,0,2026-07-28,Early_Monsoon,39664.0,198320.0,29600.0,25300.0,292884.0
4994,209,1,2026-07-28,Early_Monsoon,39664.0,198320.0,29600.0,25300.0,292884.0
4995,209,2,2026-07-28,Early_Monsoon,39664.0,198320.0,29600.0,25300.0,292884.0
4996,209,3,2026-07-28,Early_Monsoon,39664.0,185000.0,29600.0,45400.0,299664.0
4997,209,4,2026-07-28,Early_Monsoon,39664.0,185000.0,29600.0,44800.0,299064.0
4998,209,5,2026-07-28,Early_Monsoon,49728.0,198320.0,40256.0,34000.0,322304.0
4999,209,6,2026-07-28,Early_Monsoon,51208.0,256040.0,29600.0,33700.0,370548.0
5000,209,7,2026-07-28,Early_Monsoon,51208.0,256040.0,29600.0,37500.0,374348.0
5001,209,8,2026-07-28,Early_Monsoon,48544.0,229400.0,29600.0,27000.0,334544.0
5002,209,9,2026-07-28,Early_Monsoon,48544.0,242720.0,29600.0,27000.0,347864.0
5003,209,10,2026-07-28,Early_Monsoon,48544.0,205720.0,40256.0,27000.0,321520.0
5004,209,11,2026-07-28,Early_Monsoon,41144.0,205720.0,40256.0,27000.0,314120.0
5005,209,12,2026-07-28,Early_Monsoon,34928.0,161320.0,40256.0,27000.0,263504.0
5006,209,13,2026-07-28,Early_Monsoon,37592.0,174640.0,40256.0,27000.0,279488.0
5007,209,14,2026-07-28,Early_Monsoon,37592.0,174640.0,40256.0,16500.0,268988.0
5008,209,15,2026-07-28,Early_Monsoon,44992.0,803640.0,40256.0,16500.0,905388.0
5009,209,16,2026-07-28,Early_Monsoon,61272.0,269360.0,40256.0,16800.0,387688.0
5010,209,17,2026-07-28,Early_Monsoon,63936.0,269360.0,50912.0,14700.0,398908.0
5011,209,18,2026-07-28,Early_Monsoon,66600.0,269360.0,50912.0,5700.0,392572.0
5012,209,19,2026-07-28,Early_Monsoon,74000.0,269360.0,40256.0,5600.0,389216.0
5013,209,20,2026-07-28,Early_Monsoon,74000.0,269360.0,40256.0,6200.0,389816.0
5014,209,21,2026-07-28,Early_Monsoon,59200.0,269360.0,40256.0,5200.0,374016.0
5015,209,22,2026-07-28,Early_Monsoon,50320.0,261960.0,29600.0,5200.0,347080.0
5016,209,23,2026-07-28,Early_Monsoon,44992.0,235320.0,29600.0,15700.0,325612.0
5017,210,0,2026-07-29,Early_Monsoon,39664.0,198320.0,29600.0,25300.0,292884.0
5018,210,1,2026-07-29,Early_Monsoon,39664.0,198320.0,29600.0,25300.0,292884.0
5019,210,2,2026-07-29,Early_Monsoon,39664.0,198320.0,29600.0,25300.0,292884.0
5020,210,3,2026-07-29,Early_Monsoon,39664.0,185000.0,29600.0,45400.0,299664.0
5021,210,4,2026-07-29,Early_Monsoon,39664.0,185000.0,29600.0,44800.0,299064.0
5022,210,5,2026-07-29,Early_Monsoon,49728.0,198320.0,40256.0,34000.0,322304.0
5023,210,6,2026-07-29,Early_Monsoon,51208.0,256040.0,29600.0,33700.0,370548.0
5024,210,7,2026-07-29,Early_Monsoon,51208.0,256040.0,29600.0,37500.0,374348.0
5025,210,8,2026-07-29,Early_Monsoon,48544.0,229400.0,29600.0,27000.0,334544.0
5026,210,9,2026-07-29,Early_Monsoon,48544.0,242720.0,29600.0,27000.0,347864.0
5027,210,10,2026-07-29,Early_Monsoon,48544.0,205720.0,40256.0,27000.0,321520.0
5028,210,11,2026-07-29,Early_Monsoon,41144.0,205720.0,40256.0,27000.0,314120.0
5029,210,12,2026-07-29,Early_Monsoon,34928.0,161320.0,40256.0,27000.0,263504.0
5030,210,13,2026-07-29,Early_Monsoon,37592.0,174640.0,40256.0,27000.0,279488.0
5031,210,14,2026-07-29,Early_Monsoon,37592.0,174640.0,40256.0,16500.0,268988.0
5032,210,15,2026-07-29,Early_Monsoon,44992.0,803640.0,40256.0,16500.0,905388.0
5033,210,16,2026-07-29,Early_Monsoon,61272.0,269360.0,40256.0,16800.0,387688.0
5034,210,17,2026-07-29,Early_Monsoon,63936.0,269360.0,50912.0,14700.0,398908.0
5035,210,18,2026-07-29,Early_Monsoon,66600.0,269360.0,50912.0,5700.0,392572.0
5036,210,19,2026-07-29,Early_Monsoon,74000.0,269360.0,40256.0,5600.0,389216.0
5037,210,20,2026-07-29,Early_Monsoon,74000.0,269360.0,40256.0,6200.0,389816.0
5038,210,21,2026-07-29,Early_Monsoon,59200.0,269360.0,40256.0,5200.0,374016.0
5039,210,22,2026-07-29,Early_Monsoon,50320.0,261960.0,29600.0,5200.0,347080.0
5040,210,23,2026-07-29,Early_Monsoon,44992.0,235320.0,29600.0,15700.0,325612.0
5041,211,0,2026-07-30,Early_Monsoon,39664.0,198320.0,29600.0,25300.0,292884.0
5042,211,1,2026-07-30,Early_Monsoon,39664.0,198320.0,29600.0,25300.0,292884.0
5043,211,2,2026-07-30,Early_Monsoon,39664.0,198320.0,29600.0,25300.0,292884.0
5044,211,3,2026-07-30,Early_Monsoon,39664.0,185000.0,29600.0,45400.0,299664.0
5045,211,4,2026-07-30,Early_Monsoon,39664.0,185000.0,29600.0,44800.0,299064.0
5046,211,5,2026-07-30,Early_Monsoon,49728.0,198320.0,40256.0,34000.0,322304.0
5047,211,6,2026-07-30,Early_Monsoon,51208.0,256040.0,29600.0,33700.0,370548.0
5048,211,7,2026-07-30,Early_Monsoon,51208.0,256040.0,29600.0,37500.0,374348.0
5049,211,8,2026-07-30,Early_Monsoon,48544.0,229400.0,29600.0,27000.0,334544.0
5050,211,9,2026-07-30,Early_Monsoon,48544.0,242720.0,29600.0,27000.0,347864.0
5051,211,10,2026-07-30,Early_Monsoon,48544.0,205720.0,40256.0,27000.0,321520.0
5052,211,11,2026-07-30,Early_Monsoon,41144.0,205720.0,40256.0,27000.0,314120.0
5053,211,12,2026-07-30,Early_Monsoon,34928.0,161320.0,40256.0,27000.0,263504.0
5054,211,13,2026-07-30,Early_Monsoon,37592.0,174640.0,40256.0,27000.0,279488.0
5055,211,14,2026-07-30,Early_Monsoon,37592.0,174640.0,40256.0,16500.0,268988.0
5056,211,15,2026-07-30,Early_Monsoon,44992.0,803640.0,40256.0,16500.0,905388.0
5057,211,16,2026-07-30,Early_Monsoon,61272.0,269360.0,40256.0,16800.0,387688.0
5058,211,17,2026-07-30,Early_Monsoon,63936.0,269360.0,50912.0,14700.0,398908.0
5059,211,18,2026-07-30,Early_Monsoon,66600.0,269360.0,50912.0,5700.0,392572.0
5060,211,19,2026-07-30,Early_Monsoon,74000.0,269360.0,40256.0,5600.0,389216.0
5061,211,20,2026-07-30,Early_Monsoon,74000.0,269360.0,40256.0,6200.0,389816.0
5062,211,21,2026-07-30,Early_Monsoon,59200.0,269360.0,40256.0,5200.0,374016.0
5063,211,22,2026-07-30,Early_Monsoon,50320.0,261960.0,29600.0,5200.0,347080.0
5064,211,23,2026-07-30,Early_Monsoon,44992.0,235320.0,29600.0,15700.0,325612.0
5065,212,0,2026-07-31,Early_Monsoon,39664.0,198320.0,29600.0,25300.0,292884.0
5066,212,1,2026-07-31,Early_Monsoon,39664.0,198320.0,29600.0,25300.0,292884.0
5067,212,2,2026-07-31,Early_Monsoon,39664.0,198320.0,29600.0,25300.0,292884.0
5068,212,3,2026-07-31,Early_Monsoon,39664.0,185000.0,29600.0,45400.0,299664.0
5069,212,4,2026-07-31,Early_Monsoon,39664.0,185000.0,29600.0,44800.0,299064.0
5070,212,5,2026-07-31,Early_Monsoon,49728.0,198320.0,40256.0,34000.0,322304.0
5071,212,6,2026-07-31,Early_Monsoon,51208.0,256040.0,29600.0,33700.0,370548.0
5072,212,7,2026-07-31,Early_Monsoon,51208.0,256040.0,29600.0,37500.0,374348.0
5073,212,8,2026-07-31,Early_Monsoon,48544.0,229400.0,29600.0,27000.0,334544.0
5074,212,9,2026-07-31,Early_Monsoon,48544.0,242720.0,29600.0,27000.0,347864.0
5075,212,10,2026-07-31,Early_Monsoon,48544.0,205720.0,40256.0,27000.0,321520.0
5076,212,11,2026-07-31,Early_Monsoon,41144.0,205720.0,40256.0,27000.0,314120.0
5077,212,12,2026-07-31,Early_Monsoon,34928.0,161320.0,40256.0,27000.0,263504.0
5078,212,13,2026-07-31,Early_Monsoon,37592.0,174640.0,40256.0,27000.0,279488.0
5079,212,14,2026-07-31,Early_Monsoon,37592.0,174640.0,40256.0,16500.0,268988.0
5080,212,15,2026-07-31,Early_Monsoon,44992.0,803640.0,40256.0,16500.0,905388.0
5081,212,16,2026-07-31,Early_Monsoon,61272.0,269360.0,40256.0,16800.0,387688.0
5082,212,17,2026-07-31,Early_Monsoon,63936.0,269360.0,50912.0,14700.0,398908.0
5083,212,18,2026-07-31,Early_Monsoon,66600.0,269360.0,50912.0,5700.0,392572.0
5084,212,19,2026-07-31,Early_Monsoon,74000.0,269360.0,40256.0,5600.0,389216.0
5085,212,20,2026-07-31,Early_Monsoon,74000.0,269360.0,40256.0,6200.0,389816.0
5086,212,21,2026-07-31,Early_Monsoon,59200.0,269360.0,40256.0,5200.0,374016.0
5087,212,22,2026-07-31,Early_Monsoon,50320.0,261960.0,29600.0,5200.0,347080.0
5088,212,23,2026-07-31,Early_Monsoon,44992.0,235320.0,29600.0,15700.0,325612.0
5089,213,0,2026-08-01,Peak_Monsoon_Weekend,48544.0,229400.0,40256.0,14200.0,332400.0
5090,213,1,2026-08-01,Peak_Monsoon_Weekend,48544.0,185000.0,40256.0,14200.0,288000.0
5091,213,2,2026-08-01,Peak_Monsoon_Weekend,48544.0,185000.0,29600.0,14200.0,277344.0
5092,213,3,2026-08-01,Peak_Monsoon_Weekend,47064.0,222000.0,29600.0,13500.0,312164.0
5093,213,4,2026-08-01,Peak_Monsoon_Weekend,47064.0,222000.0,29600.0,12900.0,311564.0
5094,213,5,2026-08-01,Peak_Monsoon_Weekend,49728.0,222000.0,40256.0,13000.0,324984.0
5095,213,6,2026-08-01,Peak_Monsoon_Weekend,48544.0,198320.0,40256.0,12300.0,299420.0
5096,213,7,2026-08-01,Peak_Monsoon_Weekend,48544.0,198320.0,40256.0,15900.0,303020.0
5097,213,8,2026-08-01,Peak_Monsoon_Weekend,48544.0,242720.0,59200.0,15900.0,366364.0
5098,213,9,2026-08-01,Peak_Monsoon_Weekend,48544.0,242720.0,69856.0,5400.0,366520.0
5099,213,10,2026-08-01,Peak_Monsoon_Weekend,92944.0,205720.0,69856.0,6000.0,374520.0
5100,213,11,2026-08-01,Peak_Monsoon_Weekend,41144.0,205720.0,69856.0,6000.0,322720.0
5101,213,12,2026-08-01,Peak_Monsoon_Weekend,41144.0,205720.0,69856.0,6000.0,322720.0
5102,213,13,2026-08-01,Peak_Monsoon_Weekend,159544.0,797720.0,69856.0,5000.0,1032120.0
5103,213,14,2026-08-01,Peak_Monsoon_Weekend,159544.0,219040.0,69856.0,5000.0,453440.0
5104,213,15,2026-08-01,Peak_Monsoon_Weekend,58608.0,256040.0,80512.0,5000.0,400160.0
5105,213,16,2026-08-01,Peak_Monsoon_Weekend,58608.0,256040.0,80512.0,5700.0,400860.0
5106,213,17,2026-08-01,Peak_Monsoon_Weekend,61272.0,256040.0,80512.0,4900.0,402724.0
5107,213,18,2026-08-01,Peak_Monsoon_Weekend,71336.0,306360.0,80512.0,5500.0,463708.0
5108,213,19,2026-08-01,Peak_Monsoon_Weekend,74000.0,306360.0,80512.0,5400.0,466272.0
5109,213,20,2026-08-01,Peak_Monsoon_Weekend,74000.0,306360.0,80512.0,5600.0,466472.0
5110,213,21,2026-08-01,Peak_Monsoon_Weekend,61272.0,256040.0,80512.0,5200.0,403024.0
5111,213,22,2026-08-01,Peak_Monsoon_Weekend,61272.0,256040.0,80512.0,5200.0,403024.0
5112,213,23,2026-08-01,Peak_Monsoon_Weekend,55944.0,229400.0,80512.0,5200.0,371056.0
5113,214,0,2026-08-02,Peak_Monsoon_Weekend,48544.0,229400.0,40256.0,14200.0,332400.0
5114,214,1,2026-08-02,Peak_Monsoon_Weekend,48544.0,185000.0,40256.0,14200.0,288000.0
5115,214,2,2026-08-02,Peak_Monsoon_Weekend,48544.0,185000.0,29600.0,14200.0,277344.0
5116,214,3,2026-08-02,Peak_Monsoon_Weekend,47064.0,222000.0,29600.0,13500.0,312164.0
5117,214,4,2026-08-02,Peak_Monsoon_Weekend,47064.0,222000.0,29600.0,12900.0,311564.0
5118,214,5,2026-08-02,Peak_Monsoon_Weekend,49728.0,222000.0,40256.0,13000.0,324984.0
5119,214,6,2026-08-02,Peak_Monsoon_Weekend,48544.0,198320.0,40256.0,12300.0,299420.0
5120,214,7,2026-08-02,Peak_Monsoon_Weekend,48544.0,198320.0,40256.0,15900.0,303020.0
5121,214,8,2026-08-02,Peak_Monsoon_Weekend,48544.0,242720.0,59200.0,15900.0,366364.0
5122,214,9,2026-08-02,Peak_Monsoon_Weekend,48544.0,242720.0,69856.0,5400.0,366520.0
5123,214,10,2026-08-02,Peak_Monsoon_Weekend,92944.0,205720.0,69856.0,6000.0,374520.0
5124,214,11,2026-08-02,Peak_Monsoon_Weekend,41144.0,205720.0,69856.0,6000.0,322720.0
5125,214,12,2026-08-02,Peak_Monsoon_Weekend,41144.0,205720.0,69856.0,6000.0,322720.0
5126,214,13,2026-08-02,Peak_Monsoon_Weekend,159544.0,797720.0,69856.0,5000.0,1032120.0
5127,214,14,2026-08-02,Peak_Monsoon_Weekend,159544.0,219040.0,69856.0,5000.0,453440.0
5128,214,15,2026-08-02,Peak_Monsoon_Weekend,58608.0,256040.0,80512.0,5000.0,400160.0
5129,214,16,2026-08-02,Peak_Monsoon_Weekend,58608.0,256040.0,80512.0,5700.0,400860.0
5130,214,17,2026-08-02,Peak_Monsoon_Weekend,61272.0,256040.0,80512.0,4900.0,402724.0
5131,214,18,2026-08-02,Peak_Monsoon_Weekend,71336.0,306360.0,80512.0,5500.0,463708.0
5132,214,19,2026-08-02,Peak_Monsoon_Weekend,74000.0,306360.0,80512.0,5400.0,466272.0
5133,214,20,2026-08-02,Peak_Monsoon_Weekend,74000.0,306360.0,80512.0,5600.0,466472.0
5134,214,21,2026-08-02,Peak_Monsoon_Weekend,61272.0,256040.0,80512.0,5200.0,403024.0
5135,214,22,2026-08-02,Peak_Monsoon_Weekend,61272.0,256040.0,80512.0,5200.0,403024.0
5136,214,23,2026-08-02,Peak_Monsoon_Weekend,55944.0,229400.0,80512.0,5200.0,371056.0
5137,215,0,2026-08-03,Peak_Monsoon_1,39664.0,148000.0,29600.0,14800.0,232064.0
5138,215,1,2026-08-03,Peak_Monsoon_1,39664.0,148000.0,29600.0,14800.0,232064.0
5139,215,2,2026-08-03,Peak_Monsoon_1,39664.0,148000.0,29600.0,14800.0,232064.0
5140,215,3,2026-08-03,Peak_Monsoon_1,47064.0,185000.0,29600.0,24400.0,286064.0
5141,215,4,2026-08-03,Peak_Monsoon_1,47064.0,185000.0,29600.0,23800.0,285464.0
5142,215,5,2026-08-03,Peak_Monsoon_1,49728.0,185000.0,40256.0,23500.0,298484.0
5143,215,6,2026-08-03,Peak_Monsoon_1,48544.0,242720.0,29600.0,29060.0,349924.0
5144,215,7,2026-08-03,Peak_Monsoon_1,48544.0,242720.0,29600.0,32860.0,353724.0
5145,215,8,2026-08-03,Peak_Monsoon_1,48544.0,242720.0,29600.0,32860.0,353724.0
5146,215,9,2026-08-03,Peak_Monsoon_1,41144.0,205720.0,29600.0,22360.0,298824.0
5147,215,10,2026-08-03,Peak_Monsoon_1,41144.0,205720.0,40256.0,22360.0,309480.0
5148,215,11,2026-08-03,Peak_Monsoon_1,41144.0,205720.0,40256.0,20895.0,308015.0
5149,215,12,2026-08-03,Peak_Monsoon_1,32264.0,161320.0,40256.0,22360.0,256200.0
5150,215,13,2026-08-03,Peak_Monsoon_1,32264.0,161320.0,40256.0,11860.0,245700.0
5151,215,14,2026-08-03,Peak_Monsoon_1,32264.0,174640.0,40256.0,8930.0,256090.0
5152,215,15,2026-08-03,Peak_Monsoon_1,34928.0,766640.0,40256.0,8930.0,850754.0
5153,215,16,2026-08-03,Peak_Monsoon_1,58608.0,256040.0,40256.0,6300.0,361204.0
5154,215,17,2026-08-03,Peak_Monsoon_1,61272.0,256040.0,50912.0,5100.0,373324.0
5155,215,18,2026-08-03,Peak_Monsoon_1,71336.0,269360.0,50912.0,5700.0,397308.0
5156,215,19,2026-08-03,Peak_Monsoon_1,74000.0,269360.0,40256.0,5600.0,389216.0
5157,215,20,2026-08-03,Peak_Monsoon_1,66600.0,269360.0,40256.0,6200.0,382416.0
5158,215,21,2026-08-03,Peak_Monsoon_1,61272.0,256040.0,40256.0,5200.0,362768.0
5159,215,22,2026-08-03,Peak_Monsoon_1,44992.0,211640.0,29600.0,5200.0,291432.0
5160,215,23,2026-08-03,Peak_Monsoon_1,39664.0,185000.0,29600.0,15700.0,269964.0
5161,216,0,2026-08-04,Peak_Monsoon_1,39664.0,148000.0,29600.0,14800.0,232064.0
5162,216,1,2026-08-04,Peak_Monsoon_1,39664.0,148000.0,29600.0,14800.0,232064.0
5163,216,2,2026-08-04,Peak_Monsoon_1,39664.0,148000.0,29600.0,14800.0,232064.0
5164,216,3,2026-08-04,Peak_Monsoon_1,47064.0,185000.0,29600.0,24400.0,286064.0
5165,216,4,2026-08-04,Peak_Monsoon_1,47064.0,185000.0,29600.0,23800.0,285464.0
5166,216,5,2026-08-04,Peak_Monsoon_1,49728.0,185000.0,40256.0,23500.0,298484.0
5167,216,6,2026-08-04,Peak_Monsoon_1,48544.0,242720.0,29600.0,29060.0,349924.0
5168,216,7,2026-08-04,Peak_Monsoon_1,48544.0,242720.0,29600.0,32860.0,353724.0
5169,216,8,2026-08-04,Peak_Monsoon_1,48544.0,242720.0,29600.0,32860.0,353724.0
5170,216,9,2026-08-04,Peak_Monsoon_1,41144.0,205720.0,29600.0,22360.0,298824.0
5171,216,10,2026-08-04,Peak_Monsoon_1,41144.0,205720.0,40256.0,22360.0,309480.0
5172,216,11,2026-08-04,Peak_Monsoon_1,41144.0,205720.0,40256.0,20895.0,308015.0
5173,216,12,2026-08-04,Peak_Monsoon_1,32264.0,161320.0,40256.0,22360.0,256200.0
5174,216,13,2026-08-04,Peak_Monsoon_1,32264.0,161320.0,40256.0,11860.0,245700.0
5175,216,14,2026-08-04,Peak_Monsoon_1,32264.0,174640.0,40256.0,8930.0,256090.0
5176,216,15,2026-08-04,Peak_Monsoon_1,34928.0,766640.0,40256.0,8930.0,850754.0
5177,216,16,2026-08-04,Peak_Monsoon_1,58608.0,256040.0,40256.0,6300.0,361204.0
5178,216,17,2026-08-04,Peak_Monsoon_1,61272.0,256040.0,50912.0,5100.0,373324.0
5179,216,18,2026-08-04,Peak_Monsoon_1,71336.0,269360.0,50912.0,5700.0,397308.0
5180,216,19,2026-08-04,Peak_Monsoon_1,74000.0,269360.0,40256.0,5600.0,389216.0
5181,216,20,2026-08-04,Peak_Monsoon_1,66600.0,269360.0,40256.0,6200.0,382416.0
5182,216,21,2026-08-04,Peak_Monsoon_1,61272.0,256040.0,40256.0,5200.0,362768.0
5183,216,22,2026-08-04,Peak_Monsoon_1,44992.0,211640.0,29600.0,5200.0,291432.0
5184,216,23,2026-08-04,Peak_Monsoon_1,39664.0,185000.0,29600.0,15700.0,269964.0
5185,217,0,2026-08-05,Peak_Monsoon_1,39664.0,148000.0,29600.0,14800.0,232064.0
5186,217,1,2026-08-05,Peak_Monsoon_1,39664.0,148000.0,29600.0,14800.0,232064.0
5187,217,2,2026-08-05,Peak_Monsoon_1,39664.0,148000.0,29600.0,14800.0,232064.0
5188,217,3,2026-08-05,Peak_Monsoon_1,47064.0,185000.0,29600.0,24400.0,286064.0
5189,217,4,2026-08-05,Peak_Monsoon_1,47064.0,185000.0,29600.0,23800.0,285464.0
5190,217,5,2026-08-05,Peak_Monsoon_1,49728.0,185000.0,40256.0,23500.0,298484.0
5191,217,6,2026-08-05,Peak_Monsoon_1,48544.0,242720.0,29600.0,29060.0,349924.0
5192,217,7,2026-08-05,Peak_Monsoon_1,48544.0,242720.0,29600.0,32860.0,353724.0
5193,217,8,2026-08-05,Peak_Monsoon_1,48544.0,242720.0,29600.0,32860.0,353724.0
5194,217,9,2026-08-05,Peak_Monsoon_1,41144.0,205720.0,29600.0,22360.0,298824.0
5195,217,10,2026-08-05,Peak_Monsoon_1,41144.0,205720.0,40256.0,22360.0,309480.0
5196,217,11,2026-08-05,Peak_Monsoon_1,41144.0,205720.0,40256.0,20895.0,308015.0
5197,217,12,2026-08-05,Peak_Monsoon_1,32264.0,161320.0,40256.0,22360.0,256200.0
5198,217,13,2026-08-05,Peak_Monsoon_1,32264.0,161320.0,40256.0,11860.0,245700.0
5199,217,14,2026-08-05,Peak_Monsoon_1,32264.0,174640.0,40256.0,8930.0,256090.0
5200,217,15,2026-08-05,Peak_Monsoon_1,34928.0,766640.0,40256.0,8930.0,850754.0
5201,217,16,2026-08-05,Peak_Monsoon_1,58608.0,256040.0,40256.0,6300.0,361204.0
5202,217,17,2026-08-05,Peak_Monsoon_1,61272.0,256040.0,50912.0,5100.0,373324.0
5203,217,18,2026-08-05,Peak_Monsoon_1,71336.0,269360.0,50912.0,5700.0,397308.0
5204,217,19,2026-08-05,Peak_Monsoon_1,74000.0,269360.0,40256.0,5600.0,389216.0
5205,217,20,2026-08-05,Peak_Monsoon_1,66600.0,269360.0,40256.0,6200.0,382416.0
5206,217,21,2026-08-05,Peak_Monsoon_1,61272.0,256040.0,40256.0,5200.0,362768.0
5207,217,22,2026-08-05,Peak_Monsoon_1,44992.0,211640.0,29600.0,5200.0,291432.0
5208,217,23,2026-08-05,Peak_Monsoon_1,39664.0,185000.0,29600.0,15700.0,269964.0
5209,218,0,2026-08-06,Peak_Monsoon_1,39664.0,148000.0,29600.0,14800.0,232064.0
5210,218,1,2026-08-06,Peak_Monsoon_1,39664.0,148000.0,29600.0,14800.0,232064.0
5211,218,2,2026-08-06,Peak_Monsoon_1,39664.0,148000.0,29600.0,14800.0,232064.0
5212,218,3,2026-08-06,Peak_Monsoon_1,47064.0,185000.0,29600.0,24400.0,286064.0
5213,218,4,2026-08-06,Peak_Monsoon_1,47064.0,185000.0,29600.0,23800.0,285464.0
5214,218,5,2026-08-06,Peak_Monsoon_1,49728.0,185000.0,40256.0,23500.0,298484.0
5215,218,6,2026-08-06,Peak_Monsoon_1,48544.0,242720.0,29600.0,29060.0,349924.0
5216,218,7,2026-08-06,Peak_Monsoon_1,48544.0,242720.0,29600.0,32860.0,353724.0
5217,218,8,2026-08-06,Peak_Monsoon_1,48544.0,242720.0,29600.0,32860.0,353724.0
5218,218,9,2026-08-06,Peak_Monsoon_1,41144.0,205720.0,29600.0,22360.0,298824.0
5219,218,10,2026-08-06,Peak_Monsoon_1,41144.0,205720.0,40256.0,22360.0,309480.0
5220,218,11,2026-08-06,Peak_Monsoon_1,41144.0,205720.0,40256.0,20895.0,308015.0
5221,218,12,2026-08-06,Peak_Monsoon_1,32264.0,161320.0,40256.0,22360.0,256200.0
5222,218,13,2026-08-06,Peak_Monsoon_1,32264.0,161320.0,40256.0,11860.0,245700.0
5223,218,14,2026-08-06,Peak_Monsoon_1,32264.0,174640.0,40256.0,8930.0,256090.0
5224,218,15,2026-08-06,Peak_Monsoon_1,34928.0,766640.0,40256.0,8930.0,850754.0
5225,218,16,2026-08-06,Peak_Monsoon_1,58608.0,256040.0,40256.0,6300.0,361204.0
5226,218,17,2026-08-06,Peak_Monsoon_1,61272.0,256040.0,50912.0,5100.0,373324.0
5227,218,18,2026-08-06,Peak_Monsoon_1,71336.0,269360.0,50912.0,5700.0,397308.0
5228,218,19,2026-08-06,Peak_Monsoon_1,74000.0,269360.0,40256.0,5600.0,389216.0
5229,218,20,2026-08-06,Peak_Monsoon_1,66600.0,269360.0,40256.0,6200.0,382416.0
5230,218,21,2026-08-06,Peak_Monsoon_1,61272.0,256040.0,40256.0,5200.0,362768.0
5231,218,22,2026-08-06,Peak_Monsoon_1,44992.0,211640.0,29600.0,5200.0,291432.0
5232,218,23,2026-08-06,Peak_Monsoon_1,39664.0,185000.0,29600.0,15700.0,269964.0
5233,219,0,2026-08-07,Peak_Monsoon_1,39664.0,148000.0,29600.0,14800.0,232064.0
5234,219,1,2026-08-07,Peak_Monsoon_1,39664.0,148000.0,29600.0,14800.0,232064.0
5235,219,2,2026-08-07,Peak_Monsoon_1,39664.0,148000.0,29600.0,14800.0,232064.0
5236,219,3,2026-08-07,Peak_Monsoon_1,47064.0,185000.0,29600.0,24400.0,286064.0
5237,219,4,2026-08-07,Peak_Monsoon_1,47064.0,185000.0,29600.0,23800.0,285464.0
5238,219,5,2026-08-07,Peak_Monsoon_1,49728.0,185000.0,40256.0,23500.0,298484.0
5239,219,6,2026-08-07,Peak_Monsoon_1,48544.0,242720.0,29600.0,29060.0,349924.0
5240,219,7,2026-08-07,Peak_Monsoon_1,48544.0,242720.0,29600.0,32860.0,353724.0
5241,219,8,2026-08-07,Peak_Monsoon_1,48544.0,242720.0,29600.0,32860.0,353724.0
5242,219,9,2026-08-07,Peak_Monsoon_1,41144.0,205720.0,29600.0,22360.0,298824.0
5243,219,10,2026-08-07,Peak_Monsoon_1,41144.0,205720.0,40256.0,22360.0,309480.0
5244,219,11,2026-08-07,Peak_Monsoon_1,41144.0,205720.0,40256.0,20895.0,308015.0
5245,219,12,2026-08-07,Peak_Monsoon_1,32264.0,161320.0,40256.0,22360.0,256200.0
5246,219,13,2026-08-07,Peak_Monsoon_1,32264.0,161320.0,40256.0,11860.0,245700.0
5247,219,14,2026-08-07,Peak_Monsoon_1,32264.0,174640.0,40256.0,8930.0,256090.0
5248,219,15,2026-08-07,Peak_Monsoon_1,34928.0,766640.0,40256.0,8930.0,850754.0
5249,219,16,2026-08-07,Peak_Monsoon_1,58608.0,256040.0,40256.0,6300.0,361204.0
5250,219,17,2026-08-07,Peak_Monsoon_1,61272.0,256040.0,50912.0,5100.0,373324.0
5251,219,18,2026-08-07,Peak_Monsoon_1,71336.0,269360.0,50912.0,5700.0,397308.0
5252,219,19,2026-08-07,Peak_Monsoon_1,74000.0,269360.0,40256.0,5600.0,389216.0
5253,219,20,2026-08-07,Peak_Monsoon_1,66600.0,269360.0,40256.0,6200.0,382416.0
5254,219,21,2026-08-07,Peak_Monsoon_1,61272.0,256040.0,40256.0,5200.0,362768.0
5255,219,22,2026-08-07,Peak_Monsoon_1,44992.0,211640.0,29600.0,5200.0,291432.0
5256,219,23,2026-08-07,Peak_Monsoon_1,39664.0,185000.0,29600.0,15700.0,269964.0
5257,220,0,2026-08-08,Peak_Monsoon_Weekend,48544.0,229400.0,40256.0,14200.0,332400.0
5258,220,1,2026-08-08,Peak_Monsoon_Weekend,48544.0,185000.0,40256.0,14200.0,288000.0
5259,220,2,2026-08-08,Peak_Monsoon_Weekend,48544.0,185000.0,29600.0,14200.0,277344.0
5260,220,3,2026-08-08,Peak_Monsoon_Weekend,47064.0,222000.0,29600.0,13500.0,312164.0
5261,220,4,2026-08-08,Peak_Monsoon_Weekend,47064.0,222000.0,29600.0,12900.0,311564.0
5262,220,5,2026-08-08,Peak_Monsoon_Weekend,49728.0,222000.0,40256.0,13000.0,324984.0
5263,220,6,2026-08-08,Peak_Monsoon_Weekend,48544.0,198320.0,40256.0,12300.0,299420.0
5264,220,7,2026-08-08,Peak_Monsoon_Weekend,48544.0,198320.0,40256.0,15900.0,303020.0
5265,220,8,2026-08-08,Peak_Monsoon_Weekend,48544.0,242720.0,59200.0,15900.0,366364.0
5266,220,9,2026-08-08,Peak_Monsoon_Weekend,48544.0,242720.0,69856.0,5400.0,366520.0
5267,220,10,2026-08-08,Peak_Monsoon_Weekend,92944.0,205720.0,69856.0,6000.0,374520.0
5268,220,11,2026-08-08,Peak_Monsoon_Weekend,41144.0,205720.0,69856.0,6000.0,322720.0
5269,220,12,2026-08-08,Peak_Monsoon_Weekend,41144.0,205720.0,69856.0,6000.0,322720.0
5270,220,13,2026-08-08,Peak_Monsoon_Weekend,159544.0,797720.0,69856.0,5000.0,1032120.0
5271,220,14,2026-08-08,Peak_Monsoon_Weekend,159544.0,219040.0,69856.0,5000.0,453440.0
5272,220,15,2026-08-08,Peak_Monsoon_Weekend,58608.0,256040.0,80512.0,5000.0,400160.0
5273,220,16,2026-08-08,Peak_Monsoon_Weekend,58608.0,256040.0,80512.0,5700.0,400860.0
5274,220,17,2026-08-08,Peak_Monsoon_Weekend,61272.0,256040.0,80512.0,4900.0,402724.0
5275,220,18,2026-08-08,Peak_Monsoon_Weekend,71336.0,306360.0,80512.0,5500.0,463708.0
5276,220,19,2026-08-08,Peak_Monsoon_Weekend,74000.0,306360.0,80512.0,5400.0,466272.0
5277,220,20,2026-08-08,Peak_Monsoon_Weekend,74000.0,306360.0,80512.0,5600.0,466472.0
5278,220,21,2026-08-08,Peak_Monsoon_Weekend,61272.0,256040.0,80512.0,5200.0,403024.0
5279,220,22,2026-08-08,Peak_Monsoon_Weekend,61272.0,256040.0,80512.0,5200.0,403024.0
5280,220,23,2026-08-08,Peak_Monsoon_Weekend,55944.0,229400.0,80512.0,5200.0,371056.0
5281,221,0,2026-08-09,Peak_Monsoon_Weekend,48544.0,229400.0,40256.0,14200.0,332400.0
5282,221,1,2026-08-09,Peak_Monsoon_Weekend,48544.0,185000.0,40256.0,14200.0,288000.0
5283,221,2,2026-08-09,Peak_Monsoon_Weekend,48544.0,185000.0,29600.0,14200.0,277344.0
5284,221,3,2026-08-09,Peak_Monsoon_Weekend,47064.0,222000.0,29600.0,13500.0,312164.0
5285,221,4,2026-08-09,Peak_Monsoon_Weekend,47064.0,222000.0,29600.0,12900.0,311564.0
5286,221,5,2026-08-09,Peak_Monsoon_Weekend,49728.0,222000.0,40256.0,13000.0,324984.0
5287,221,6,2026-08-09,Peak_Monsoon_Weekend,48544.0,198320.0,40256.0,12300.0,299420.0
5288,221,7,2026-08-09,Peak_Monsoon_Weekend,48544.0,198320.0,40256.0,15900.0,303020.0
5289,221,8,2026-08-09,Peak_Monsoon_Weekend,48544.0,242720.0,59200.0,15900.0,366364.0
5290,221,9,2026-08-09,Peak_Monsoon_Weekend,48544.0,242720.0,69856.0,5400.0,366520.0
5291,221,10,2026-08-09,Peak_Monsoon_Weekend,92944.0,205720.0,69856.0,6000.0,374520.0
5292,221,11,2026-08-09,Peak_Monsoon_Weekend,41144.0,205720.0,69856.0,6000.0,322720.0
5293,221,12,2026-08-09,Peak_Monsoon_Weekend,41144.0,205720.0,69856.0,6000.0,322720.0
5294,221,13,2026-08-09,Peak_Monsoon_Weekend,159544.0,797720.0,69856.0,5000.0,1032120.0
5295,221,14,2026-08-09,Peak_Monsoon_Weekend,159544.0,219040.0,69856.0,5000.0,453440.0
5296,221,15,2026-08-09,Peak_Monsoon_Weekend,58608.0,256040.0,80512.0,5000.0,400160.0
5297,221,16,2026-08-09,Peak_Monsoon_Weekend,58608.0,256040.0,80512.0,5700.0,400860.0
5298,221,17,2026-08-09,Peak_Monsoon_Weekend,61272.0,256040.0,80512.0,4900.0,402724.0
5299,221,18,2026-08-09,Peak_Monsoon_Weekend,71336.0,306360.0,80512.0,5500.0,463708.0
5300,221,19,2026-08-09,Peak_Monsoon_Weekend,74000.0,306360.0,80512.0,5400.0,466272.0
5301,221,20,2026-08-09,Peak_Monsoon_Weekend,74000.0,306360.0,80512.0,5600.0,466472.0
5302,221,21,2026-08-09,Peak_Monsoon_Weekend,61272.0,256040.0,80512.0,5200.0,403024.0
5303,221,22,2026-08-09,Peak_Monsoon_Weekend,61272.0,256040.0,80512.0,5200.0,403024.0
5304,221,23,2026-08-09,Peak_Monsoon_Weekend,55944.0,229400.0,80512.0,5200.0,371056.0
5305,222,0,2026-08-10,Peak_Monsoon_1,39664.0,148000.0,29600.0,14800.0,232064.0
5306,222,1,2026-08-10,Peak_Monsoon_1,39664.0,148000.0,29600.0,14800.0,232064.0
5307,222,2,2026-08-10,Peak_Monsoon_1,39664.0,148000.0,29600.0,14800.0,232064.0
5308,222,3,2026-08-10,Peak_Monsoon_1,47064.0,185000.0,29600.0,24400.0,286064.0
5309,222,4,2026-08-10,Peak_Monsoon_1,47064.0,185000.0,29600.0,23800.0,285464.0
5310,222,5,2026-08-10,Peak_Monsoon_1,49728.0,185000.0,40256.0,23500.0,298484.0
5311,222,6,2026-08-10,Peak_Monsoon_1,48544.0,242720.0,29600.0,29060.0,349924.0
5312,222,7,2026-08-10,Peak_Monsoon_1,48544.0,242720.0,29600.0,32860.0,353724.0
5313,222,8,2026-08-10,Peak_Monsoon_1,48544.0,242720.0,29600.0,32860.0,353724.0
5314,222,9,2026-08-10,Peak_Monsoon_1,41144.0,205720.0,29600.0,22360.0,298824.0
5315,222,10,2026-08-10,Peak_Monsoon_1,41144.0,205720.0,40256.0,22360.0,309480.0
5316,222,11,2026-08-10,Peak_Monsoon_1,41144.0,205720.0,40256.0,20895.0,308015.0
5317,222,12,2026-08-10,Peak_Monsoon_1,32264.0,161320.0,40256.0,22360.0,256200.0
5318,222,13,2026-08-10,Peak_Monsoon_1,32264.0,161320.0,40256.0,11860.0,245700.0
5319,222,14,2026-08-10,Peak_Monsoon_1,32264.0,174640.0,40256.0,8930.0,256090.0
5320,222,15,2026-08-10,Peak_Monsoon_1,34928.0,766640.0,40256.0,8930.0,850754.0
5321,222,16,2026-08-10,Peak_Monsoon_1,58608.0,256040.0,40256.0,6300.0,361204.0
5322,222,17,2026-08-10,Peak_Monsoon_1,61272.0,256040.0,50912.0,5100.0,373324.0
5323,222,18,2026-08-10,Peak_Monsoon_1,71336.0,269360.0,50912.0,5700.0,397308.0
5324,222,19,2026-08-10,Peak_Monsoon_1,74000.0,269360.0,40256.0,5600.0,389216.0
5325,222,20,2026-08-10,Peak_Monsoon_1,66600.0,269360.0,40256.0,6200.0,382416.0
5326,222,21,2026-08-10,Peak_Monsoon_1,61272.0,256040.0,40256.0,5200.0,362768.0
5327,222,22,2026-08-10,Peak_Monsoon_1,44992.0,211640.0,29600.0,5200.0,291432.0
5328,222,23,2026-08-10,Peak_Monsoon_1,39664.0,185000.0,29600.0,15700.0,269964.0
5329,223,0,2026-08-11,Peak_Monsoon_1,39664.0,148000.0,29600.0,14800.0,232064.0
5330,223,1,2026-08-11,Peak_Monsoon_1,39664.0,148000.0,29600.0,14800.0,232064.0
5331,223,2,2026-08-11,Peak_Monsoon_1,39664.0,148000.0,29600.0,14800.0,232064.0
5332,223,3,2026-08-11,Peak_Monsoon_1,47064.0,185000.0,29600.0,24400.0,286064.0
5333,223,4,2026-08-11,Peak_Monsoon_1,47064.0,185000.0,29600.0,23800.0,285464.0
5334,223,5,2026-08-11,Peak_Monsoon_1,49728.0,185000.0,40256.0,23500.0,298484.0
5335,223,6,2026-08-11,Peak_Monsoon_1,48544.0,242720.0,29600.0,29060.0,349924.0
5336,223,7,2026-08-11,Peak_Monsoon_1,48544.0,242720.0,29600.0,32860.0,353724.0
5337,223,8,2026-08-11,Peak_Monsoon_1,48544.0,242720.0,29600.0,32860.0,353724.0
5338,223,9,2026-08-11,Peak_Monsoon_1,41144.0,205720.0,29600.0,22360.0,298824.0
5339,223,10,2026-08-11,Peak_Monsoon_1,41144.0,205720.0,40256.0,22360.0,309480.0
5340,223,11,2026-08-11,Peak_Monsoon_1,41144.0,205720.0,40256.0,20895.0,308015.0
5341,223,12,2026-08-11,Peak_Monsoon_1,32264.0,161320.0,40256.0,22360.0,256200.0
5342,223,13,2026-08-11,Peak_Monsoon_1,32264.0,161320.0,40256.0,11860.0,245700.0
5343,223,14,2026-08-11,Peak_Monsoon_1,32264.0,174640.0,40256.0,8930.0,256090.0
5344,223,15,2026-08-11,Peak_Monsoon_1,34928.0,766640.0,40256.0,8930.0,850754.0
5345,223,16,2026-08-11,Peak_Monsoon_1,58608.0,256040.0,40256.0,6300.0,361204.0
5346,223,17,2026-08-11,Peak_Monsoon_1,61272.0,256040.0,50912.0,5100.0,373324.0
5347,223,18,2026-08-11,Peak_Monsoon_1,71336.0,269360.0,50912.0,5700.0,397308.0
5348,223,19,2026-08-11,Peak_Monsoon_1,74000.0,269360.0,40256.0,5600.0,389216.0
5349,223,20,2026-08-11,Peak_Monsoon_1,66600.0,269360.0,40256.0,6200.0,382416.0
5350,223,21,2026-08-11,Peak_Monsoon_1,61272.0,256040.0,40256.0,5200.0,362768.0
5351,223,22,2026-08-11,Peak_Monsoon_1,44992.0,211640.0,29600.0,5200.0,291432.0
5352,223,23,2026-08-11,Peak_Monsoon_1,39664.0,185000.0,29600.0,15700.0,269964.0
5353,224,0,2026-08-12,Peak_Monsoon_1,39664.0,148000.0,29600.0,14800.0,232064.0
5354,224,1,2026-08-12,Peak_Monsoon_1,39664.0,148000.0,29600.0,14800.0,232064.0
5355,224,2,2026-08-12,Peak_Monsoon_1,39664.0,148000.0,29600.0,14800.0,232064.0
5356,224,3,2026-08-12,Peak_Monsoon_1,47064.0,185000.0,29600.0,24400.0,286064.0
5357,224,4,2026-08-12,Peak_Monsoon_1,47064.0,185000.0,29600.0,23800.0,285464.0
5358,224,5,2026-08-12,Peak_Monsoon_1,49728.0,185000.0,40256.0,23500.0,298484.0
5359,224,6,2026-08-12,Peak_Monsoon_1,48544.0,242720.0,29600.0,29060.0,349924.0
5360,224,7,2026-08-12,Peak_Monsoon_1,48544.0,242720.0,29600.0,32860.0,353724.0
5361,224,8,2026-08-12,Peak_Monsoon_1,48544.0,242720.0,29600.0,32860.0,353724.0
5362,224,9,2026-08-12,Peak_Monsoon_1,41144.0,205720.0,29600.0,22360.0,298824.0
5363,224,10,2026-08-12,Peak_Monsoon_1,41144.0,205720.0,40256.0,22360.0,309480.0
5364,224,11,2026-08-12,Peak_Monsoon_1,41144.0,205720.0,40256.0,20895.0,308015.0
5365,224,12,2026-08-12,Peak_Monsoon_1,32264.0,161320.0,40256.0,22360.0,256200.0
5366,224,13,2026-08-12,Peak_Monsoon_1,32264.0,161320.0,40256.0,11860.0,245700.0
5367,224,14,2026-08-12,Peak_Monsoon_1,32264.0,174640.0,40256.0,8930.0,256090.0
5368,224,15,2026-08-12,Peak_Monsoon_1,34928.0,766640.0,40256.0,8930.0,850754.0
5369,224,16,2026-08-12,Peak_Monsoon_1,58608.0,256040.0,40256.0,6300.0,361204.0
5370,224,17,2026-08-12,Peak_Monsoon_1,61272.0,256040.0,50912.0,5100.0,373324.0
5371,224,18,2026-08-12,Peak_Monsoon_1,71336.0,269360.0,50912.0,5700.0,397308.0
5372,224,19,2026-08-12,Peak_Monsoon_1,74000.0,269360.0,40256.0,5600.0,389216.0
5373,224,20,2026-08-12,Peak_Monsoon_1,66600.0,269360.0,40256.0,6200.0,382416.0
5374,224,21,2026-08-12,Peak_Monsoon_1,61272.0,256040.0,40256.0,5200.0,362768.0
5375,224,22,2026-08-12,Peak_Monsoon_1,44992.0,211640.0,29600.0,5200.0,291432.0
5376,224,23,2026-08-12,Peak_Monsoon_1,39664.0,185000.0,29600.0,15700.0,269964.0
5377,225,0,2026-08-13,Peak_Monsoon_1,39664.0,148000.0,29600.0,14800.0,232064.0
5378,225,1,2026-08-13,Peak_Monsoon_1,39664.0,148000.0,29600.0,14800.0,232064.0
5379,225,2,2026-08-13,Peak_Monsoon_1,39664.0,148000.0,29600.0,14800.0,232064.0
5380,225,3,2026-08-13,Peak_Monsoon_1,47064.0,185000.0,29600.0,24400.0,286064.0
5381,225,4,2026-08-13,Peak_Monsoon_1,47064.0,185000.0,29600.0,23800.0,285464.0
5382,225,5,2026-08-13,Peak_Monsoon_1,49728.0,185000.0,40256.0,23500.0,298484.0
5383,225,6,2026-08-13,Peak_Monsoon_1,48544.0,242720.0,29600.0,29060.0,349924.0
5384,225,7,2026-08-13,Peak_Monsoon_1,48544.0,242720.0,29600.0,32860.0,353724.0
5385,225,8,2026-08-13,Peak_Monsoon_1,48544.0,242720.0,29600.0,32860.0,353724.0
5386,225,9,2026-08-13,Peak_Monsoon_1,41144.0,205720.0,29600.0,22360.0,298824.0
5387,225,10,2026-08-13,Peak_Monsoon_1,41144.0,205720.0,40256.0,22360.0,309480.0
5388,225,11,2026-08-13,Peak_Monsoon_1,41144.0,205720.0,40256.0,20895.0,308015.0
5389,225,12,2026-08-13,Peak_Monsoon_1,32264.0,161320.0,40256.0,22360.0,256200.0
5390,225,13,2026-08-13,Peak_Monsoon_1,32264.0,161320.0,40256.0,11860.0,245700.0
5391,225,14,2026-08-13,Peak_Monsoon_1,32264.0,174640.0,40256.0,8930.0,256090.0
5392,225,15,2026-08-13,Peak_Monsoon_1,34928.0,766640.0,40256.0,8930.0,850754.0
5393,225,16,2026-08-13,Peak_Monsoon_1,58608.0,256040.0,40256.0,6300.0,361204.0
5394,225,17,2026-08-13,Peak_Monsoon_1,61272.0,256040.0,50912.0,5100.0,373324.0
5395,225,18,2026-08-13,Peak_Monsoon_1,71336.0,269360.0,50912.0,5700.0,397308.0
5396,225,19,2026-08-13,Peak_Monsoon_1,74000.0,269360.0,40256.0,5600.0,389216.0
5397,225,20,2026-08-13,Peak_Monsoon_1,66600.0,269360.0,40256.0,6200.0,382416.0
5398,225,21,2026-08-13,Peak_Monsoon_1,61272.0,256040.0,40256.0,5200.0,362768.0
5399,225,22,2026-08-13,Peak_Monsoon_1,44992.0,211640.0,29600.0,5200.0,291432.0
5400,225,23,2026-08-13,Peak_Monsoon_1,39664.0,185000.0,29600.0,15700.0,269964.0
5401,226,0,2026-08-14,Public_Holiday,63936.0,269360.0,0.0,26900.0,360196.0
5402,226,1,2026-08-14,Public_Holiday,63936.0,269360.0,0.0,26900.0,360196.0
5403,226,2,2026-08-14,Public_Holiday,52392.0,211640.0,0.0,24100.0,288132.0
5404,226,3,2026-08-14,Public_Holiday,52392.0,211640.0,0.0,33700.0,297732.0
5405,226,4,2026-08-14,Public_Holiday,52392.0,211640.0,0.0,33100.0,297132.0
5406,226,5,2026-08-14,Public_Holiday,57128.0,248640.0,10656.0,35600.0,352024.0
5407,226,6,2026-08-14,Public_Holiday,58608.0,256040.0,10656.0,35300.0,360604.0
5408,226,7,2026-08-14,Public_Holiday,58608.0,256040.0,10656.0,36500.0,361804.0
5409,226,8,2026-08-14,Public_Holiday,58608.0,256040.0,0.0,36500.0,351148.0
5410,226,9,2026-08-14,Public_Holiday,58608.0,256040.0,0.0,36500.0,351148.0
5411,226,10,2026-08-14,Public_Holiday,110408.0,256040.0,40256.0,26000.0,432704.0
5412,226,11,2026-08-14,Public_Holiday,58608.0,256040.0,40256.0,26000.0,380904.0
5413,226,12,2026-08-14,Public_Holiday,58608.0,256040.0,40256.0,26000.0,380904.0
5414,226,13,2026-08-14,Public_Holiday,58608.0,256040.0,40256.0,26000.0,380904.0
5415,226,14,2026-08-14,Public_Holiday,66600.0,269360.0,40256.0,26000.0,402216.0
5416,226,15,2026-08-14,Public_Holiday,185000.0,861360.0,40256.0,15500.0,1102116.0
5417,226,16,2026-08-14,Public_Holiday,66600.0,269360.0,40256.0,15800.0,392016.0
5418,226,17,2026-08-14,Public_Holiday,66600.0,269360.0,50912.0,17000.0,403872.0
5419,226,18,2026-08-14,Public_Holiday,66600.0,269360.0,50912.0,17600.0,404472.0
5420,226,19,2026-08-14,Public_Holiday,66600.0,269360.0,10656.0,17900.0,364516.0
5421,226,20,2026-08-14,Public_Holiday,66600.0,269360.0,10656.0,18500.0,365116.0
5422,226,21,2026-08-14,Public_Holiday,63936.0,269360.0,10656.0,17300.0,361252.0
5423,226,22,2026-08-14,Public_Holiday,63936.0,269360.0,0.0,17300.0,350596.0
5424,226,23,2026-08-14,Public_Holiday,63936.0,269360.0,0.0,17300.0,350596.0
5425,227,0,2026-08-15,Peak_Monsoon_Weekend,48544.0,229400.0,40256.0,14200.0,332400.0
5426,227,1,2026-08-15,Peak_Monsoon_Weekend,48544.0,185000.0,40256.0,14200.0,288000.0
5427,227,2,2026-08-15,Peak_Monsoon_Weekend,48544.0,185000.0,29600.0,14200.0,277344.0
5428,227,3,2026-08-15,Peak_Monsoon_Weekend,47064.0,222000.0,29600.0,13500.0,312164.0
5429,227,4,2026-08-15,Peak_Monsoon_Weekend,47064.0,222000.0,29600.0,12900.0,311564.0
5430,227,5,2026-08-15,Peak_Monsoon_Weekend,49728.0,222000.0,40256.0,13000.0,324984.0
5431,227,6,2026-08-15,Peak_Monsoon_Weekend,48544.0,198320.0,40256.0,12300.0,299420.0
5432,227,7,2026-08-15,Peak_Monsoon_Weekend,48544.0,198320.0,40256.0,15900.0,303020.0
5433,227,8,2026-08-15,Peak_Monsoon_Weekend,48544.0,242720.0,59200.0,15900.0,366364.0
5434,227,9,2026-08-15,Peak_Monsoon_Weekend,48544.0,242720.0,69856.0,5400.0,366520.0
5435,227,10,2026-08-15,Peak_Monsoon_Weekend,92944.0,205720.0,69856.0,6000.0,374520.0
5436,227,11,2026-08-15,Peak_Monsoon_Weekend,41144.0,205720.0,69856.0,6000.0,322720.0
5437,227,12,2026-08-15,Peak_Monsoon_Weekend,41144.0,205720.0,69856.0,6000.0,322720.0
5438,227,13,2026-08-15,Peak_Monsoon_Weekend,159544.0,797720.0,69856.0,5000.0,1032120.0
5439,227,14,2026-08-15,Peak_Monsoon_Weekend,159544.0,219040.0,69856.0,5000.0,453440.0
5440,227,15,2026-08-15,Peak_Monsoon_Weekend,58608.0,256040.0,80512.0,5000.0,400160.0
5441,227,16,2026-08-15,Peak_Monsoon_Weekend,58608.0,256040.0,80512.0,5700.0,400860.0
5442,227,17,2026-08-15,Peak_Monsoon_Weekend,61272.0,256040.0,80512.0,4900.0,402724.0
5443,227,18,2026-08-15,Peak_Monsoon_Weekend,71336.0,306360.0,80512.0,5500.0,463708.0
5444,227,19,2026-08-15,Peak_Monsoon_Weekend,74000.0,306360.0,80512.0,5400.0,466272.0
5445,227,20,2026-08-15,Peak_Monsoon_Weekend,74000.0,306360.0,80512.0,5600.0,466472.0
5446,227,21,2026-08-15,Peak_Monsoon_Weekend,61272.0,256040.0,80512.0,5200.0,403024.0
5447,227,22,2026-08-15,Peak_Monsoon_Weekend,61272.0,256040.0,80512.0,5200.0,403024.0
5448,227,23,2026-08-15,Peak_Monsoon_Weekend,55944.0,229400.0,80512.0,5200.0,371056.0
5449,228,0,2026-08-16,Peak_Monsoon_Weekend,48544.0,229400.0,40256.0,14200.0,332400.0
5450,228,1,2026-08-16,Peak_Monsoon_Weekend,48544.0,185000.0,40256.0,14200.0,288000.0
5451,228,2,2026-08-16,Peak_Monsoon_Weekend,48544.0,185000.0,29600.0,14200.0,277344.0
5452,228,3,2026-08-16,Peak_Monsoon_Weekend,47064.0,222000.0,29600.0,13500.0,312164.0
5453,228,4,2026-08-16,Peak_Monsoon_Weekend,47064.0,222000.0,29600.0,12900.0,311564.0
5454,228,5,2026-08-16,Peak_Monsoon_Weekend,49728.0,222000.0,40256.0,13000.0,324984.0
5455,228,6,2026-08-16,Peak_Monsoon_Weekend,48544.0,198320.0,40256.0,12300.0,299420.0
5456,228,7,2026-08-16,Peak_Monsoon_Weekend,48544.0,198320.0,40256.0,15900.0,303020.0
5457,228,8,2026-08-16,Peak_Monsoon_Weekend,48544.0,242720.0,59200.0,15900.0,366364.0
5458,228,9,2026-08-16,Peak_Monsoon_Weekend,48544.0,242720.0,69856.0,5400.0,366520.0
5459,228,10,2026-08-16,Peak_Monsoon_Weekend,92944.0,205720.0,69856.0,6000.0,374520.0
5460,228,11,2026-08-16,Peak_Monsoon_Weekend,41144.0,205720.0,69856.0,6000.0,322720.0
5461,228,12,2026-08-16,Peak_Monsoon_Weekend,41144.0,205720.0,69856.0,6000.0,322720.0
5462,228,13,2026-08-16,Peak_Monsoon_Weekend,159544.0,797720.0,69856.0,5000.0,1032120.0
5463,228,14,2026-08-16,Peak_Monsoon_Weekend,159544.0,219040.0,69856.0,5000.0,453440.0
5464,228,15,2026-08-16,Peak_Monsoon_Weekend,58608.0,256040.0,80512.0,5000.0,400160.0
5465,228,16,2026-08-16,Peak_Monsoon_Weekend,58608.0,256040.0,80512.0,5700.0,400860.0
5466,228,17,2026-08-16,Peak_Monsoon_Weekend,61272.0,256040.0,80512.0,4900.0,402724.0
5467,228,18,2026-08-16,Peak_Monsoon_Weekend,71336.0,306360.0,80512.0,5500.0,463708.0
5468,228,19,2026-08-16,Peak_Monsoon_Weekend,74000.0,306360.0,80512.0,5400.0,466272.0
5469,228,20,2026-08-16,Peak_Monsoon_Weekend,74000.0,306360.0,80512.0,5600.0,466472.0
5470,228,21,2026-08-16,Peak_Monsoon_Weekend,61272.0,256040.0,80512.0,5200.0,403024.0
5471,228,22,2026-08-16,Peak_Monsoon_Weekend,61272.0,256040.0,80512.0,5200.0,403024.0
5472,228,23,2026-08-16,Peak_Monsoon_Weekend,55944.0,229400.0,80512.0,5200.0,371056.0
5473,229,0,2026-08-17,Peak_Monsoon_2,39664.0,148000.0,29600.0,14800.0,232064.0
5474,229,1,2026-08-17,Peak_Monsoon_2,39664.0,148000.0,29600.0,14800.0,232064.0
5475,229,2,2026-08-17,Peak_Monsoon_2,39664.0,148000.0,29600.0,14800.0,232064.0
5476,229,3,2026-08-17,Peak_Monsoon_2,47064.0,185000.0,29600.0,24400.0,286064.0
5477,229,4,2026-08-17,Peak_Monsoon_2,47064.0,185000.0,29600.0,23800.0,285464.0
5478,229,5,2026-08-17,Peak_Monsoon_2,49728.0,185000.0,40256.0,23500.0,298484.0
5479,229,6,2026-08-17,Peak_Monsoon_2,48544.0,242720.0,29600.0,29060.0,349924.0
5480,229,7,2026-08-17,Peak_Monsoon_2,48544.0,242720.0,29600.0,32860.0,353724.0
5481,229,8,2026-08-17,Peak_Monsoon_2,48544.0,242720.0,29600.0,32860.0,353724.0
5482,229,9,2026-08-17,Peak_Monsoon_2,41144.0,205720.0,29600.0,22360.0,298824.0
5483,229,10,2026-08-17,Peak_Monsoon_2,41144.0,205720.0,40256.0,22360.0,309480.0
5484,229,11,2026-08-17,Peak_Monsoon_2,41144.0,205720.0,40256.0,20895.0,308015.0
5485,229,12,2026-08-17,Peak_Monsoon_2,32264.0,161320.0,40256.0,22360.0,256200.0
5486,229,13,2026-08-17,Peak_Monsoon_2,32264.0,161320.0,40256.0,11860.0,245700.0
5487,229,14,2026-08-17,Peak_Monsoon_2,32264.0,174640.0,40256.0,8930.0,256090.0
5488,229,15,2026-08-17,Peak_Monsoon_2,34928.0,766640.0,40256.0,8930.0,850754.0
5489,229,16,2026-08-17,Peak_Monsoon_2,58608.0,256040.0,40256.0,6300.0,361204.0
5490,229,17,2026-08-17,Peak_Monsoon_2,61272.0,256040.0,50912.0,5100.0,373324.0
5491,229,18,2026-08-17,Peak_Monsoon_2,71336.0,269360.0,50912.0,5700.0,397308.0
5492,229,19,2026-08-17,Peak_Monsoon_2,74000.0,269360.0,40256.0,5600.0,389216.0
5493,229,20,2026-08-17,Peak_Monsoon_2,66600.0,269360.0,40256.0,6200.0,382416.0
5494,229,21,2026-08-17,Peak_Monsoon_2,61272.0,256040.0,40256.0,5200.0,362768.0
5495,229,22,2026-08-17,Peak_Monsoon_2,44992.0,211640.0,29600.0,5200.0,291432.0
5496,229,23,2026-08-17,Peak_Monsoon_2,39664.0,185000.0,29600.0,15700.0,269964.0
5497,230,0,2026-08-18,Peak_Monsoon_2,39664.0,148000.0,29600.0,14800.0,232064.0
5498,230,1,2026-08-18,Peak_Monsoon_2,39664.0,148000.0,29600.0,14800.0,232064.0
5499,230,2,2026-08-18,Peak_Monsoon_2,39664.0,148000.0,29600.0,14800.0,232064.0
5500,230,3,2026-08-18,Peak_Monsoon_2,47064.0,185000.0,29600.0,24400.0,286064.0
5501,230,4,2026-08-18,Peak_Monsoon_2,47064.0,185000.0,29600.0,23800.0,285464.0
5502,230,5,2026-08-18,Peak_Monsoon_2,49728.0,185000.0,40256.0,23500.0,298484.0
5503,230,6,2026-08-18,Peak_Monsoon_2,48544.0,242720.0,29600.0,29060.0,349924.0
5504,230,7,2026-08-18,Peak_Monsoon_2,48544.0,242720.0,29600.0,32860.0,353724.0
5505,230,8,2026-08-18,Peak_Monsoon_2,48544.0,242720.0,29600.0,32860.0,353724.0
5506,230,9,2026-08-18,Peak_Monsoon_2,41144.0,205720.0,29600.0,22360.0,298824.0
5507,230,10,2026-08-18,Peak_Monsoon_2,41144.0,205720.0,40256.0,22360.0,309480.0
5508,230,11,2026-08-18,Peak_Monsoon_2,41144.0,205720.0,40256.0,20895.0,308015.0
5509,230,12,2026-08-18,Peak_Monsoon_2,32264.0,161320.0,40256.0,22360.0,256200.0
5510,230,13,2026-08-18,Peak_Monsoon_2,32264.0,161320.0,40256.0,11860.0,245700.0
5511,230,14,2026-08-18,Peak_Monsoon_2,32264.0,174640.0,40256.0,8930.0,256090.0
5512,230,15,2026-08-18,Peak_Monsoon_2,34928.0,766640.0,40256.0,8930.0,850754.0
5513,230,16,2026-08-18,Peak_Monsoon_2,58608.0,256040.0,40256.0,6300.0,361204.0
5514,230,17,2026-08-18,Peak_Monsoon_2,61272.0,256040.0,50912.0,5100.0,373324.0
5515,230,18,2026-08-18,Peak_Monsoon_2,71336.0,269360.0,50912.0,5700.0,397308.0
5516,230,19,2026-08-18,Peak_Monsoon_2,74000.0,269360.0,40256.0,5600.0,389216.0
5517,230,20,2026-08-18,Peak_Monsoon_2,66600.0,269360.0,40256.0,6200.0,382416.0
5518,230,21,2026-08-18,Peak_Monsoon_2,61272.0,256040.0,40256.0,5200.0,362768.0
5519,230,22,2026-08-18,Peak_Monsoon_2,44992.0,211640.0,29600.0,5200.0,291432.0
5520,230,23,2026-08-18,Peak_Monsoon_2,39664.0,185000.0,29600.0,15700.0,269964.0
5521,231,0,2026-08-19,Peak_Monsoon_2,39664.0,148000.0,29600.0,14800.0,232064.0
5522,231,1,2026-08-19,Peak_Monsoon_2,39664.0,148000.0,29600.0,14800.0,232064.0
5523,231,2,2026-08-19,Peak_Monsoon_2,39664.0,148000.0,29600.0,14800.0,232064.0
5524,231,3,2026-08-19,Peak_Monsoon_2,47064.0,185000.0,29600.0,24400.0,286064.0
5525,231,4,2026-08-19,Peak_Monsoon_2,47064.0,185000.0,29600.0,23800.0,285464.0
5526,231,5,2026-08-19,Peak_Monsoon_2,49728.0,185000.0,40256.0,23500.0,298484.0
5527,231,6,2026-08-19,Peak_Monsoon_2,48544.0,242720.0,29600.0,29060.0,349924.0
5528,231,7,2026-08-19,Peak_Monsoon_2,48544.0,242720.0,29600.0,32860.0,353724.0
5529,231,8,2026-08-19,Peak_Monsoon_2,48544.0,242720.0,29600.0,32860.0,353724.0
5530,231,9,2026-08-19,Peak_Monsoon_2,41144.0,205720.0,29600.0,22360.0,298824.0
5531,231,10,2026-08-19,Peak_Monsoon_2,41144.0,205720.0,40256.0,22360.0,309480.0
5532,231,11,2026-08-19,Peak_Monsoon_2,41144.0,205720.0,40256.0,20895.0,308015.0
5533,231,12,2026-08-19,Peak_Monsoon_2,32264.0,161320.0,40256.0,22360.0,256200.0
5534,231,13,2026-08-19,Peak_Monsoon_2,32264.0,161320.0,40256.0,11860.0,245700.0
5535,231,14,2026-08-19,Peak_Monsoon_2,32264.0,174640.0,40256.0,8930.0,256090.0
5536,231,15,2026-08-19,Peak_Monsoon_2,34928.0,766640.0,40256.0,8930.0,850754.0
5537,231,16,2026-08-19,Peak_Monsoon_2,58608.0,256040.0,40256.0,6300.0,361204.0
5538,231,17,2026-08-19,Peak_Monsoon_2,61272.0,256040.0,50912.0,5100.0,373324.0
5539,231,18,2026-08-19,Peak_Monsoon_2,71336.0,269360.0,50912.0,5700.0,397308.0
5540,231,19,2026-08-19,Peak_Monsoon_2,74000.0,269360.0,40256.0,5600.0,389216.0
5541,231,20,2026-08-19,Peak_Monsoon_2,66600.0,269360.0,40256.0,6200.0,382416.0
5542,231,21,2026-08-19,Peak_Monsoon_2,61272.0,256040.0,40256.0,5200.0,362768.0
5543,231,22,2026-08-19,Peak_Monsoon_2,44992.0,211640.0,29600.0,5200.0,291432.0
5544,231,23,2026-08-19,Peak_Monsoon_2,39664.0,185000.0,29600.0,15700.0,269964.0
5545,232,0,2026-08-20,Peak_Monsoon_2,39664.0,148000.0,29600.0,14800.0,232064.0
5546,232,1,2026-08-20,Peak_Monsoon_2,39664.0,148000.0,29600.0,14800.0,232064.0
5547,232,2,2026-08-20,Peak_Monsoon_2,39664.0,148000.0,29600.0,14800.0,232064.0
5548,232,3,2026-08-20,Peak_Monsoon_2,47064.0,185000.0,29600.0,24400.0,286064.0
5549,232,4,2026-08-20,Peak_Monsoon_2,47064.0,185000.0,29600.0,23800.0,285464.0
5550,232,5,2026-08-20,Peak_Monsoon_2,49728.0,185000.0,40256.0,23500.0,298484.0
5551,232,6,2026-08-20,Peak_Monsoon_2,48544.0,242720.0,29600.0,29060.0,349924.0
5552,232,7,2026-08-20,Peak_Monsoon_2,48544.0,242720.0,29600.0,32860.0,353724.0
5553,232,8,2026-08-20,Peak_Monsoon_2,48544.0,242720.0,29600.0,32860.0,353724.0
5554,232,9,2026-08-20,Peak_Monsoon_2,41144.0,205720.0,29600.0,22360.0,298824.0
5555,232,10,2026-08-20,Peak_Monsoon_2,41144.0,205720.0,40256.0,22360.0,309480.0
5556,232,11,2026-08-20,Peak_Monsoon_2,41144.0,205720.0,40256.0,20895.0,308015.0
5557,232,12,2026-08-20,Peak_Monsoon_2,32264.0,161320.0,40256.0,22360.0,256200.0
5558,232,13,2026-08-20,Peak_Monsoon_2,32264.0,161320.0,40256.0,11860.0,245700.0
5559,232,14,2026-08-20,Peak_Monsoon_2,32264.0,174640.0,40256.0,8930.0,256090.0
5560,232,15,2026-08-20,Peak_Monsoon_2,34928.0,766640.0,40256.0,8930.0,850754.0
5561,232,16,2026-08-20,Peak_Monsoon_2,58608.0,256040.0,40256.0,6300.0,361204.0
5562,232,17,2026-08-20,Peak_Monsoon_2,61272.0,256040.0,50912.0,5100.0,373324.0
5563,232,18,2026-08-20,Peak_Monsoon_2,71336.0,269360.0,50912.0,5700.0,397308.0
5564,232,19,2026-08-20,Peak_Monsoon_2,74000.0,269360.0,40256.0,5600.0,389216.0
5565,232,20,2026-08-20,Peak_Monsoon_2,66600.0,269360.0,40256.0,6200.0,382416.0
5566,232,21,2026-08-20,Peak_Monsoon_2,61272.0,256040.0,40256.0,5200.0,362768.0
5567,232,22,2026-08-20,Peak_Monsoon_2,44992.0,211640.0,29600.0,5200.0,291432.0
5568,232,23,2026-08-20,Peak_Monsoon_2,39664.0,185000.0,29600.0,15700.0,269964.0
5569,233,0,2026-08-21,Peak_Monsoon_2,39664.0,148000.0,29600.0,14800.0,232064.0
5570,233,1,2026-08-21,Peak_Monsoon_2,39664.0,148000.0,29600.0,14800.0,232064.0
5571,233,2,2026-08-21,Peak_Monsoon_2,39664.0,148000.0,29600.0,14800.0,232064.0
5572,233,3,2026-08-21,Peak_Monsoon_2,47064.0,185000.0,29600.0,24400.0,286064.0
5573,233,4,2026-08-21,Peak_Monsoon_2,47064.0,185000.0,29600.0,23800.0,285464.0
5574,233,5,2026-08-21,Peak_Monsoon_2,49728.0,185000.0,40256.0,23500.0,298484.0
5575,233,6,2026-08-21,Peak_Monsoon_2,48544.0,242720.0,29600.0,29060.0,349924.0
5576,233,7,2026-08-21,Peak_Monsoon_2,48544.0,242720.0,29600.0,32860.0,353724.0
5577,233,8,2026-08-21,Peak_Monsoon_2,48544.0,242720.0,29600.0,32860.0,353724.0
5578,233,9,2026-08-21,Peak_Monsoon_2,41144.0,205720.0,29600.0,22360.0,298824.0
5579,233,10,2026-08-21,Peak_Monsoon_2,41144.0,205720.0,40256.0,22360.0,309480.0
5580,233,11,2026-08-21,Peak_Monsoon_2,41144.0,205720.0,40256.0,20895.0,308015.0
5581,233,12,2026-08-21,Peak_Monsoon_2,32264.0,161320.0,40256.0,22360.0,256200.0
5582,233,13,2026-08-21,Peak_Monsoon_2,32264.0,161320.0,40256.0,11860.0,245700.0
5583,233,14,2026-08-21,Peak_Monsoon_2,32264.0,174640.0,40256.0,8930.0,256090.0
5584,233,15,2026-08-21,Peak_Monsoon_2,34928.0,766640.0,40256.0,8930.0,850754.0
5585,233,16,2026-08-21,Peak_Monsoon_2,58608.0,256040.0,40256.0,6300.0,361204.0
5586,233,17,2026-08-21,Peak_Monsoon_2,61272.0,256040.0,50912.0,5100.0,373324.0
5587,233,18,2026-08-21,Peak_Monsoon_2,71336.0,269360.0,50912.0,5700.0,397308.0
5588,233,19,2026-08-21,Peak_Monsoon_2,74000.0,269360.0,40256.0,5600.0,389216.0
5589,233,20,2026-08-21,Peak_Monsoon_2,66600.0,269360.0,40256.0,6200.0,382416.0
5590,233,21,2026-08-21,Peak_Monsoon_2,61272.0,256040.0,40256.0,5200.0,362768.0
5591,233,22,2026-08-21,Peak_Monsoon_2,44992.0,211640.0,29600.0,5200.0,291432.0
5592,233,23,2026-08-21,Peak_Monsoon_2,39664.0,185000.0,29600.0,15700.0,269964.0
5593,234,0,2026-08-22,Peak_Monsoon_Weekend,48544.0,229400.0,40256.0,14200.0,332400.0
5594,234,1,2026-08-22,Peak_Monsoon_Weekend,48544.0,185000.0,40256.0,14200.0,288000.0
5595,234,2,2026-08-22,Peak_Monsoon_Weekend,48544.0,185000.0,29600.0,14200.0,277344.0
5596,234,3,2026-08-22,Peak_Monsoon_Weekend,47064.0,222000.0,29600.0,13500.0,312164.0
5597,234,4,2026-08-22,Peak_Monsoon_Weekend,47064.0,222000.0,29600.0,12900.0,311564.0
5598,234,5,2026-08-22,Peak_Monsoon_Weekend,49728.0,222000.0,40256.0,13000.0,324984.0
5599,234,6,2026-08-22,Peak_Monsoon_Weekend,48544.0,198320.0,40256.0,12300.0,299420.0
5600,234,7,2026-08-22,Peak_Monsoon_Weekend,48544.0,198320.0,40256.0,15900.0,303020.0
5601,234,8,2026-08-22,Peak_Monsoon_Weekend,48544.0,242720.0,59200.0,15900.0,366364.0
5602,234,9,2026-08-22,Peak_Monsoon_Weekend,48544.0,242720.0,69856.0,5400.0,366520.0
5603,234,10,2026-08-22,Peak_Monsoon_Weekend,92944.0,205720.0,69856.0,6000.0,374520.0
5604,234,11,2026-08-22,Peak_Monsoon_Weekend,41144.0,205720.0,69856.0,6000.0,322720.0
5605,234,12,2026-08-22,Peak_Monsoon_Weekend,41144.0,205720.0,69856.0,6000.0,322720.0
5606,234,13,2026-08-22,Peak_Monsoon_Weekend,159544.0,797720.0,69856.0,5000.0,1032120.0
5607,234,14,2026-08-22,Peak_Monsoon_Weekend,159544.0,219040.0,69856.0,5000.0,453440.0
5608,234,15,2026-08-22,Peak_Monsoon_Weekend,58608.0,256040.0,80512.0,5000.0,400160.0
5609,234,16,2026-08-22,Peak_Monsoon_Weekend,58608.0,256040.0,80512.0,5700.0,400860.0
5610,234,17,2026-08-22,Peak_Monsoon_Weekend,61272.0,256040.0,80512.0,4900.0,402724.0
5611,234,18,2026-08-22,Peak_Monsoon_Weekend,71336.0,306360.0,80512.0,5500.0,463708.0
5612,234,19,2026-08-22,Peak_Monsoon_Weekend,74000.0,306360.0,80512.0,5400.0,466272.0
5613,234,20,2026-08-22,Peak_Monsoon_Weekend,74000.0,306360.0,80512.0,5600.0,466472.0
5614,234,21,2026-08-22,Peak_Monsoon_Weekend,61272.0,256040.0,80512.0,5200.0,403024.0
5615,234,22,2026-08-22,Peak_Monsoon_Weekend,61272.0,256040.0,80512.0,5200.0,403024.0
5616,234,23,2026-08-22,Peak_Monsoon_Weekend,55944.0,229400.0,80512.0,5200.0,371056.0
5617,235,0,2026-08-23,Peak_Monsoon_Weekend,48544.0,229400.0,40256.0,14200.0,332400.0
5618,235,1,2026-08-23,Peak_Monsoon_Weekend,48544.0,185000.0,40256.0,14200.0,288000.0
5619,235,2,2026-08-23,Peak_Monsoon_Weekend,48544.0,185000.0,29600.0,14200.0,277344.0
5620,235,3,2026-08-23,Peak_Monsoon_Weekend,47064.0,222000.0,29600.0,13500.0,312164.0
5621,235,4,2026-08-23,Peak_Monsoon_Weekend,47064.0,222000.0,29600.0,12900.0,311564.0
5622,235,5,2026-08-23,Peak_Monsoon_Weekend,49728.0,222000.0,40256.0,13000.0,324984.0
5623,235,6,2026-08-23,Peak_Monsoon_Weekend,48544.0,198320.0,40256.0,12300.0,299420.0
5624,235,7,2026-08-23,Peak_Monsoon_Weekend,48544.0,198320.0,40256.0,15900.0,303020.0
5625,235,8,2026-08-23,Peak_Monsoon_Weekend,48544.0,242720.0,59200.0,15900.0,366364.0
5626,235,9,2026-08-23,Peak_Monsoon_Weekend,48544.0,242720.0,69856.0,5400.0,366520.0
5627,235,10,2026-08-23,Peak_Monsoon_Weekend,92944.0,205720.0,69856.0,6000.0,374520.0
5628,235,11,2026-08-23,Peak_Monsoon_Weekend,41144.0,205720.0,69856.0,6000.0,322720.0
5629,235,12,2026-08-23,Peak_Monsoon_Weekend,41144.0,205720.0,69856.0,6000.0,322720.0
5630,235,13,2026-08-23,Peak_Monsoon_Weekend,159544.0,797720.0,69856.0,5000.0,1032120.0
5631,235,14,2026-08-23,Peak_Monsoon_Weekend,159544.0,219040.0,69856.0,5000.0,453440.0
5632,235,15,2026-08-23,Peak_Monsoon_Weekend,58608.0,256040.0,80512.0,5000.0,400160.0
5633,235,16,2026-08-23,Peak_Monsoon_Weekend,58608.0,256040.0,80512.0,5700.0,400860.0
5634,235,17,2026-08-23,Peak_Monsoon_Weekend,61272.0,256040.0,80512.0,4900.0,402724.0
5635,235,18,2026-08-23,Peak_Monsoon_Weekend,71336.0,306360.0,80512.0,5500.0,463708.0
5636,235,19,2026-08-23,Peak_Monsoon_Weekend,74000.0,306360.0,80512.0,5400.0,466272.0
5637,235,20,2026-08-23,Peak_Monsoon_Weekend,74000.0,306360.0,80512.0,5600.0,466472.0
5638,235,21,2026-08-23,Peak_Monsoon_Weekend,61272.0,256040.0,80512.0,5200.0,403024.0
5639,235,22,2026-08-23,Peak_Monsoon_Weekend,61272.0,256040.0,80512.0,5200.0,403024.0
5640,235,23,2026-08-23,Peak_Monsoon_Weekend,55944.0,229400.0,80512.0,5200.0,371056.0
5641,236,0,2026-08-24,Peak_Monsoon_2,39664.0,148000.0,29600.0,14800.0,232064.0
5642,236,1,2026-08-24,Peak_Monsoon_2,39664.0,148000.0,29600.0,14800.0,232064.0
5643,236,2,2026-08-24,Peak_Monsoon_2,39664.0,148000.0,29600.0,14800.0,232064.0
5644,236,3,2026-08-24,Peak_Monsoon_2,47064.0,185000.0,29600.0,24400.0,286064.0
5645,236,4,2026-08-24,Peak_Monsoon_2,47064.0,185000.0,29600.0,23800.0,285464.0
5646,236,5,2026-08-24,Peak_Monsoon_2,49728.0,185000.0,40256.0,23500.0,298484.0
5647,236,6,2026-08-24,Peak_Monsoon_2,48544.0,242720.0,29600.0,29060.0,349924.0
5648,236,7,2026-08-24,Peak_Monsoon_2,48544.0,242720.0,29600.0,32860.0,353724.0
5649,236,8,2026-08-24,Peak_Monsoon_2,48544.0,242720.0,29600.0,32860.0,353724.0
5650,236,9,2026-08-24,Peak_Monsoon_2,41144.0,205720.0,29600.0,22360.0,298824.0
5651,236,10,2026-08-24,Peak_Monsoon_2,41144.0,205720.0,40256.0,22360.0,309480.0
5652,236,11,2026-08-24,Peak_Monsoon_2,41144.0,205720.0,40256.0,20895.0,308015.0
5653,236,12,2026-08-24,Peak_Monsoon_2,32264.0,161320.0,40256.0,22360.0,256200.0
5654,236,13,2026-08-24,Peak_Monsoon_2,32264.0,161320.0,40256.0,11860.0,245700.0
5655,236,14,2026-08-24,Peak_Monsoon_2,32264.0,174640.0,40256.0,8930.0,256090.0
5656,236,15,2026-08-24,Peak_Monsoon_2,34928.0,766640.0,40256.0,8930.0,850754.0
5657,236,16,2026-08-24,Peak_Monsoon_2,58608.0,256040.0,40256.0,6300.0,361204.0
5658,236,17,2026-08-24,Peak_Monsoon_2,61272.0,256040.0,50912.0,5100.0,373324.0
5659,236,18,2026-08-24,Peak_Monsoon_2,71336.0,269360.0,50912.0,5700.0,397308.0
5660,236,19,2026-08-24,Peak_Monsoon_2,74000.0,269360.0,40256.0,5600.0,389216.0
5661,236,20,2026-08-24,Peak_Monsoon_2,66600.0,269360.0,40256.0,6200.0,382416.0
5662,236,21,2026-08-24,Peak_Monsoon_2,61272.0,256040.0,40256.0,5200.0,362768.0
5663,236,22,2026-08-24,Peak_Monsoon_2,44992.0,211640.0,29600.0,5200.0,291432.0
5664,236,23,2026-08-24,Peak_Monsoon_2,39664.0,185000.0,29600.0,15700.0,269964.0
5665,237,0,2026-08-25,Festival_Holiday,74000.0,293040.0,29600.0,16400.0,413040.0
5666,237,1,2026-08-25,Festival_Holiday,74000.0,293040.0,29600.0,16400.0,413040.0
5667,237,2,2026-08-25,Festival_Holiday,55056.0,235320.0,29600.0,16000.0,335976.0
5668,237,3,2026-08-25,Festival_Holiday,52392.0,235320.0,29600.0,15100.0,332412.0
5669,237,4,2026-08-25,Festival_Holiday,52392.0,235320.0,29600.0,12100.0,329412.0
5670,237,5,2026-08-25,Festival_Holiday,170792.0,853960.0,40256.0,14600.0,1079608.0
5671,237,6,2026-08-25,Festival_Holiday,71336.0,293040.0,29600.0,14300.0,408276.0
5672,237,7,2026-08-25,Festival_Holiday,71336.0,293040.0,29600.0,15500.0,409476.0
5673,237,8,2026-08-25,Festival_Holiday,71336.0,293040.0,29600.0,15500.0,409476.0
5674,237,9,2026-08-25,Festival_Holiday,71336.0,293040.0,29600.0,15500.0,409476.0
5675,237,10,2026-08-25,Festival_Holiday,123136.0,293040.0,40256.0,15500.0,471932.0
5676,237,11,2026-08-25,Festival_Holiday,71336.0,293040.0,40256.0,15500.0,420132.0
5677,237,12,2026-08-25,Festival_Holiday,71336.0,293040.0,40256.0,15500.0,420132.0
5678,237,13,2026-08-25,Festival_Holiday,71336.0,293040.0,40256.0,15500.0,420132.0
5679,237,14,2026-08-25,Festival_Holiday,71336.0,306360.0,40256.0,15500.0,433452.0
5680,237,15,2026-08-25,Festival_Holiday,74000.0,306360.0,40256.0,15500.0,436116.0
5681,237,16,2026-08-25,Festival_Holiday,74000.0,306360.0,40256.0,15800.0,436416.0
5682,237,17,2026-08-25,Festival_Holiday,192400.0,898360.0,50912.0,17000.0,1158672.0
5683,237,18,2026-08-25,Festival_Holiday,74000.0,306360.0,50912.0,17600.0,448872.0
5684,237,19,2026-08-25,Festival_Holiday,74000.0,306360.0,40256.0,17900.0,438516.0
5685,237,20,2026-08-25,Festival_Holiday,74000.0,306360.0,40256.0,18500.0,439116.0
5686,237,21,2026-08-25,Festival_Holiday,74000.0,306360.0,40256.0,18100.0,438716.0
5687,237,22,2026-08-25,Festival_Holiday,74000.0,306360.0,29600.0,18100.0,428060.0
5688,237,23,2026-08-25,Festival_Holiday,74000.0,306360.0,29600.0,18100.0,428060.0
5689,238,0,2026-08-26,Peak_Monsoon_2,39664.0,148000.0,29600.0,14800.0,232064.0
5690,238,1,2026-08-26,Peak_Monsoon_2,39664.0,148000.0,29600.0,14800.0,232064.0
5691,238,2,2026-08-26,Peak_Monsoon_2,39664.0,148000.0,29600.0,14800.0,232064.0
5692,238,3,2026-08-26,Peak_Monsoon_2,47064.0,185000.0,29600.0,24400.0,286064.0
5693,238,4,2026-08-26,Peak_Monsoon_2,47064.0,185000.0,29600.0,23800.0,285464.0
5694,238,5,2026-08-26,Peak_Monsoon_2,49728.0,185000.0,40256.0,23500.0,298484.0
5695,238,6,2026-08-26,Peak_Monsoon_2,48544.0,242720.0,29600.0,29060.0,349924.0
5696,238,7,2026-08-26,Peak_Monsoon_2,48544.0,242720.0,29600.0,32860.0,353724.0
5697,238,8,2026-08-26,Peak_Monsoon_2,48544.0,242720.0,29600.0,32860.0,353724.0
5698,238,9,2026-08-26,Peak_Monsoon_2,41144.0,205720.0,29600.0,22360.0,298824.0
5699,238,10,2026-08-26,Peak_Monsoon_2,41144.0,205720.0,40256.0,22360.0,309480.0
5700,238,11,2026-08-26,Peak_Monsoon_2,41144.0,205720.0,40256.0,20895.0,308015.0
5701,238,12,2026-08-26,Peak_Monsoon_2,32264.0,161320.0,40256.0,22360.0,256200.0
5702,238,13,2026-08-26,Peak_Monsoon_2,32264.0,161320.0,40256.0,11860.0,245700.0
5703,238,14,2026-08-26,Peak_Monsoon_2,32264.0,174640.0,40256.0,8930.0,256090.0
5704,238,15,2026-08-26,Peak_Monsoon_2,34928.0,766640.0,40256.0,8930.0,850754.0
5705,238,16,2026-08-26,Peak_Monsoon_2,58608.0,256040.0,40256.0,6300.0,361204.0
5706,238,17,2026-08-26,Peak_Monsoon_2,61272.0,256040.0,50912.0,5100.0,373324.0
5707,238,18,2026-08-26,Peak_Monsoon_2,71336.0,269360.0,50912.0,5700.0,397308.0
5708,238,19,2026-08-26,Peak_Monsoon_2,74000.0,269360.0,40256.0,5600.0,389216.0
5709,238,20,2026-08-26,Peak_Monsoon_2,66600.0,269360.0,40256.0,6200.0,382416.0
5710,238,21,2026-08-26,Peak_Monsoon_2,61272.0,256040.0,40256.0,5200.0,362768.0
5711,238,22,2026-08-26,Peak_Monsoon_2,44992.0,211640.0,29600.0,5200.0,291432.0
5712,238,23,2026-08-26,Peak_Monsoon_2,39664.0,185000.0,29600.0,15700.0,269964.0
5713,239,0,2026-08-27,Peak_Monsoon_2,39664.0,148000.0,29600.0,14800.0,232064.0
5714,239,1,2026-08-27,Peak_Monsoon_2,39664.0,148000.0,29600.0,14800.0,232064.0
5715,239,2,2026-08-27,Peak_Monsoon_2,39664.0,148000.0,29600.0,14800.0,232064.0
5716,239,3,2026-08-27,Peak_Monsoon_2,47064.0,185000.0,29600.0,24400.0,286064.0
5717,239,4,2026-08-27,Peak_Monsoon_2,47064.0,185000.0,29600.0,23800.0,285464.0
5718,239,5,2026-08-27,Peak_Monsoon_2,49728.0,185000.0,40256.0,23500.0,298484.0
5719,239,6,2026-08-27,Peak_Monsoon_2,48544.0,242720.0,29600.0,29060.0,349924.0
5720,239,7,2026-08-27,Peak_Monsoon_2,48544.0,242720.0,29600.0,32860.0,353724.0
5721,239,8,2026-08-27,Peak_Monsoon_2,48544.0,242720.0,29600.0,32860.0,353724.0
5722,239,9,2026-08-27,Peak_Monsoon_2,41144.0,205720.0,29600.0,22360.0,298824.0
5723,239,10,2026-08-27,Peak_Monsoon_2,41144.0,205720.0,40256.0,22360.0,309480.0
5724,239,11,2026-08-27,Peak_Monsoon_2,41144.0,205720.0,40256.0,20895.0,308015.0
5725,239,12,2026-08-27,Peak_Monsoon_2,32264.0,161320.0,40256.0,22360.0,256200.0
5726,239,13,2026-08-27,Peak_Monsoon_2,32264.0,161320.0,40256.0,11860.0,245700.0
5727,239,14,2026-08-27,Peak_Monsoon_2,32264.0,174640.0,40256.0,8930.0,256090.0
5728,239,15,2026-08-27,Peak_Monsoon_2,34928.0,766640.0,40256.0,8930.0,850754.0
5729,239,16,2026-08-27,Peak_Monsoon_2,58608.0,256040.0,40256.0,6300.0,361204.0
5730,239,17,2026-08-27,Peak_Monsoon_2,61272.0,256040.0,50912.0,5100.0,373324.0
5731,239,18,2026-08-27,Peak_Monsoon_2,71336.0,269360.0,50912.0,5700.0,397308.0
5732,239,19,2026-08-27,Peak_Monsoon_2,74000.0,269360.0,40256.0,5600.0,389216.0
5733,239,20,2026-08-27,Peak_Monsoon_2,66600.0,269360.0,40256.0,6200.0,382416.0
5734,239,21,2026-08-27,Peak_Monsoon_2,61272.0,256040.0,40256.0,5200.0,362768.0
5735,239,22,2026-08-27,Peak_Monsoon_2,44992.0,211640.0,29600.0,5200.0,291432.0
5736,239,23,2026-08-27,Peak_Monsoon_2,39664.0,185000.0,29600.0,15700.0,269964.0
5737,240,0,2026-08-28,Peak_Monsoon_2,39664.0,148000.0,29600.0,14800.0,232064.0
5738,240,1,2026-08-28,Peak_Monsoon_2,39664.0,148000.0,29600.0,14800.0,232064.0
5739,240,2,2026-08-28,Peak_Monsoon_2,39664.0,148000.0,29600.0,14800.0,232064.0
5740,240,3,2026-08-28,Peak_Monsoon_2,47064.0,185000.0,29600.0,24400.0,286064.0
5741,240,4,2026-08-28,Peak_Monsoon_2,47064.0,185000.0,29600.0,23800.0,285464.0
5742,240,5,2026-08-28,Peak_Monsoon_2,49728.0,185000.0,40256.0,23500.0,298484.0
5743,240,6,2026-08-28,Peak_Monsoon_2,48544.0,242720.0,29600.0,29060.0,349924.0
5744,240,7,2026-08-28,Peak_Monsoon_2,48544.0,242720.0,29600.0,32860.0,353724.0
5745,240,8,2026-08-28,Peak_Monsoon_2,48544.0,242720.0,29600.0,32860.0,353724.0
5746,240,9,2026-08-28,Peak_Monsoon_2,41144.0,205720.0,29600.0,22360.0,298824.0
5747,240,10,2026-08-28,Peak_Monsoon_2,41144.0,205720.0,40256.0,22360.0,309480.0
5748,240,11,2026-08-28,Peak_Monsoon_2,41144.0,205720.0,40256.0,20895.0,308015.0
5749,240,12,2026-08-28,Peak_Monsoon_2,32264.0,161320.0,40256.0,22360.0,256200.0
5750,240,13,2026-08-28,Peak_Monsoon_2,32264.0,161320.0,40256.0,11860.0,245700.0
5751,240,14,2026-08-28,Peak_Monsoon_2,32264.0,174640.0,40256.0,8930.0,256090.0
5752,240,15,2026-08-28,Peak_Monsoon_2,34928.0,766640.0,40256.0,8930.0,850754.0
5753,240,16,2026-08-28,Peak_Monsoon_2,58608.0,256040.0,40256.0,6300.0,361204.0
5754,240,17,2026-08-28,Peak_Monsoon_2,61272.0,256040.0,50912.0,5100.0,373324.0
5755,240,18,2026-08-28,Peak_Monsoon_2,71336.0,269360.0,50912.0,5700.0,397308.0
5756,240,19,2026-08-28,Peak_Monsoon_2,74000.0,269360.0,40256.0,5600.0,389216.0
5757,240,20,2026-08-28,Peak_Monsoon_2,66600.0,269360.0,40256.0,6200.0,382416.0
5758,240,21,2026-08-28,Peak_Monsoon_2,61272.0,256040.0,40256.0,5200.0,362768.0
5759,240,22,2026-08-28,Peak_Monsoon_2,44992.0,211640.0,29600.0,5200.0,291432.0
5760,240,23,2026-08-28,Peak_Monsoon_2,39664.0,185000.0,29600.0,15700.0,269964.0
5761,241,0,2026-08-29,Peak_Monsoon_Weekend,48544.0,229400.0,40256.0,14200.0,332400.0
5762,241,1,2026-08-29,Peak_Monsoon_Weekend,48544.0,185000.0,40256.0,14200.0,288000.0
5763,241,2,2026-08-29,Peak_Monsoon_Weekend,48544.0,185000.0,29600.0,14200.0,277344.0
5764,241,3,2026-08-29,Peak_Monsoon_Weekend,47064.0,222000.0,29600.0,13500.0,312164.0
5765,241,4,2026-08-29,Peak_Monsoon_Weekend,47064.0,222000.0,29600.0,12900.0,311564.0
5766,241,5,2026-08-29,Peak_Monsoon_Weekend,49728.0,222000.0,40256.0,13000.0,324984.0
5767,241,6,2026-08-29,Peak_Monsoon_Weekend,48544.0,198320.0,40256.0,12300.0,299420.0
5768,241,7,2026-08-29,Peak_Monsoon_Weekend,48544.0,198320.0,40256.0,15900.0,303020.0
5769,241,8,2026-08-29,Peak_Monsoon_Weekend,48544.0,242720.0,59200.0,15900.0,366364.0
5770,241,9,2026-08-29,Peak_Monsoon_Weekend,48544.0,242720.0,69856.0,5400.0,366520.0
5771,241,10,2026-08-29,Peak_Monsoon_Weekend,92944.0,205720.0,69856.0,6000.0,374520.0
5772,241,11,2026-08-29,Peak_Monsoon_Weekend,41144.0,205720.0,69856.0,6000.0,322720.0
5773,241,12,2026-08-29,Peak_Monsoon_Weekend,41144.0,205720.0,69856.0,6000.0,322720.0
5774,241,13,2026-08-29,Peak_Monsoon_Weekend,159544.0,797720.0,69856.0,5000.0,1032120.0
5775,241,14,2026-08-29,Peak_Monsoon_Weekend,159544.0,219040.0,69856.0,5000.0,453440.0
5776,241,15,2026-08-29,Peak_Monsoon_Weekend,58608.0,256040.0,80512.0,5000.0,400160.0
5777,241,16,2026-08-29,Peak_Monsoon_Weekend,58608.0,256040.0,80512.0,5700.0,400860.0
5778,241,17,2026-08-29,Peak_Monsoon_Weekend,61272.0,256040.0,80512.0,4900.0,402724.0
5779,241,18,2026-08-29,Peak_Monsoon_Weekend,71336.0,306360.0,80512.0,5500.0,463708.0
5780,241,19,2026-08-29,Peak_Monsoon_Weekend,74000.0,306360.0,80512.0,5400.0,466272.0
5781,241,20,2026-08-29,Peak_Monsoon_Weekend,74000.0,306360.0,80512.0,5600.0,466472.0
5782,241,21,2026-08-29,Peak_Monsoon_Weekend,61272.0,256040.0,80512.0,5200.0,403024.0
5783,241,22,2026-08-29,Peak_Monsoon_Weekend,61272.0,256040.0,80512.0,5200.0,403024.0
5784,241,23,2026-08-29,Peak_Monsoon_Weekend,55944.0,229400.0,80512.0,5200.0,371056.0
5785,242,0,2026-08-30,Peak_Monsoon_Weekend,48544.0,229400.0,40256.0,14200.0,332400.0
5786,242,1,2026-08-30,Peak_Monsoon_Weekend,48544.0,185000.0,40256.0,14200.0,288000.0
5787,242,2,2026-08-30,Peak_Monsoon_Weekend,48544.0,185000.0,29600.0,14200.0,277344.0
5788,242,3,2026-08-30,Peak_Monsoon_Weekend,47064.0,222000.0,29600.0,13500.0,312164.0
5789,242,4,2026-08-30,Peak_Monsoon_Weekend,47064.0,222000.0,29600.0,12900.0,311564.0
5790,242,5,2026-08-30,Peak_Monsoon_Weekend,49728.0,222000.0,40256.0,13000.0,324984.0
5791,242,6,2026-08-30,Peak_Monsoon_Weekend,48544.0,198320.0,40256.0,12300.0,299420.0
5792,242,7,2026-08-30,Peak_Monsoon_Weekend,48544.0,198320.0,40256.0,15900.0,303020.0
5793,242,8,2026-08-30,Peak_Monsoon_Weekend,48544.0,242720.0,59200.0,15900.0,366364.0
5794,242,9,2026-08-30,Peak_Monsoon_Weekend,48544.0,242720.0,69856.0,5400.0,366520.0
5795,242,10,2026-08-30,Peak_Monsoon_Weekend,92944.0,205720.0,69856.0,6000.0,374520.0
5796,242,11,2026-08-30,Peak_Monsoon_Weekend,41144.0,205720.0,69856.0,6000.0,322720.0
5797,242,12,2026-08-30,Peak_Monsoon_Weekend,41144.0,205720.0,69856.0,6000.0,322720.0
5798,242,13,2026-08-30,Peak_Monsoon_Weekend,159544.0,797720.0,69856.0,5000.0,1032120.0
5799,242,14,2026-08-30,Peak_Monsoon_Weekend,159544.0,219040.0,69856.0,5000.0,453440.0
5800,242,15,2026-08-30,Peak_Monsoon_Weekend,58608.0,256040.0,80512.0,5000.0,400160.0
5801,242,16,2026-08-30,Peak_Monsoon_Weekend,58608.0,256040.0,80512.0,5700.0,400860.0
5802,242,17,2026-08-30,Peak_Monsoon_Weekend,61272.0,256040.0,80512.0,4900.0,402724.0
5803,242,18,2026-08-30,Peak_Monsoon_Weekend,71336.0,306360.0,80512.0,5500.0,463708.0
5804,242,19,2026-08-30,Peak_Monsoon_Weekend,74000.0,306360.0,80512.0,5400.0,466272.0
5805,242,20,2026-08-30,Peak_Monsoon_Weekend,74000.0,306360.0,80512.0,5600.0,466472.0
5806,242,21,2026-08-30,Peak_Monsoon_Weekend,61272.0,256040.0,80512.0,5200.0,403024.0
5807,242,22,2026-08-30,Peak_Monsoon_Weekend,61272.0,256040.0,80512.0,5200.0,403024.0
5808,242,23,2026-08-30,Peak_Monsoon_Weekend,55944.0,229400.0,80512.0,5200.0,371056.0
5809,243,0,2026-08-31,Peak_Monsoon_2,39664.0,148000.0,29600.0,14800.0,232064.0
5810,243,1,2026-08-31,Peak_Monsoon_2,39664.0,148000.0,29600.0,14800.0,232064.0
5811,243,2,2026-08-31,Peak_Monsoon_2,39664.0,148000.0,29600.0,14800.0,232064.0
5812,243,3,2026-08-31,Peak_Monsoon_2,47064.0,185000.0,29600.0,24400.0,286064.0
5813,243,4,2026-08-31,Peak_Monsoon_2,47064.0,185000.0,29600.0,23800.0,285464.0
5814,243,5,2026-08-31,Peak_Monsoon_2,49728.0,185000.0,40256.0,23500.0,298484.0
5815,243,6,2026-08-31,Peak_Monsoon_2,48544.0,242720.0,29600.0,29060.0,349924.0
5816,243,7,2026-08-31,Peak_Monsoon_2,48544.0,242720.0,29600.0,32860.0,353724.0
5817,243,8,2026-08-31,Peak_Monsoon_2,48544.0,242720.0,29600.0,32860.0,353724.0
5818,243,9,2026-08-31,Peak_Monsoon_2,41144.0,205720.0,29600.0,22360.0,298824.0
5819,243,10,2026-08-31,Peak_Monsoon_2,41144.0,205720.0,40256.0,22360.0,309480.0
5820,243,11,2026-08-31,Peak_Monsoon_2,41144.0,205720.0,40256.0,20895.0,308015.0
5821,243,12,2026-08-31,Peak_Monsoon_2,32264.0,161320.0,40256.0,22360.0,256200.0
5822,243,13,2026-08-31,Peak_Monsoon_2,32264.0,161320.0,40256.0,11860.0,245700.0
5823,243,14,2026-08-31,Peak_Monsoon_2,32264.0,174640.0,40256.0,8930.0,256090.0
5824,243,15,2026-08-31,Peak_Monsoon_2,34928.0,766640.0,40256.0,8930.0,850754.0
5825,243,16,2026-08-31,Peak_Monsoon_2,58608.0,256040.0,40256.0,6300.0,361204.0
5826,243,17,2026-08-31,Peak_Monsoon_2,61272.0,256040.0,50912.0,5100.0,373324.0
5827,243,18,2026-08-31,Peak_Monsoon_2,71336.0,269360.0,50912.0,5700.0,397308.0
5828,243,19,2026-08-31,Peak_Monsoon_2,74000.0,269360.0,40256.0,5600.0,389216.0
5829,243,20,2026-08-31,Peak_Monsoon_2,66600.0,269360.0,40256.0,6200.0,382416.0
5830,243,21,2026-08-31,Peak_Monsoon_2,61272.0,256040.0,40256.0,5200.0,362768.0
5831,243,22,2026-08-31,Peak_Monsoon_2,44992.0,211640.0,29600.0,5200.0,291432.0
5832,243,23,2026-08-31,Peak_Monsoon_2,39664.0,185000.0,29600.0,15700.0,269964.0
5833,244,0,2026-09-01,Peak_Monsoon_2,39664.0,148000.0,29600.0,14800.0,232064.0
5834,244,1,2026-09-01,Peak_Monsoon_2,39664.0,148000.0,29600.0,14800.0,232064.0
5835,244,2,2026-09-01,Peak_Monsoon_2,39664.0,148000.0,29600.0,14800.0,232064.0
5836,244,3,2026-09-01,Peak_Monsoon_2,47064.0,185000.0,29600.0,24400.0,286064.0
5837,244,4,2026-09-01,Peak_Monsoon_2,47064.0,185000.0,29600.0,23800.0,285464.0
5838,244,5,2026-09-01,Peak_Monsoon_2,49728.0,185000.0,40256.0,23500.0,298484.0
5839,244,6,2026-09-01,Peak_Monsoon_2,48544.0,242720.0,29600.0,29060.0,349924.0
5840,244,7,2026-09-01,Peak_Monsoon_2,48544.0,242720.0,29600.0,32860.0,353724.0
5841,244,8,2026-09-01,Peak_Monsoon_2,48544.0,242720.0,29600.0,32860.0,353724.0
5842,244,9,2026-09-01,Peak_Monsoon_2,41144.0,205720.0,29600.0,22360.0,298824.0
5843,244,10,2026-09-01,Peak_Monsoon_2,41144.0,205720.0,40256.0,22360.0,309480.0
5844,244,11,2026-09-01,Peak_Monsoon_2,41144.0,205720.0,40256.0,20895.0,308015.0
5845,244,12,2026-09-01,Peak_Monsoon_2,32264.0,161320.0,40256.0,22360.0,256200.0
5846,244,13,2026-09-01,Peak_Monsoon_2,32264.0,161320.0,40256.0,11860.0,245700.0
5847,244,14,2026-09-01,Peak_Monsoon_2,32264.0,174640.0,40256.0,8930.0,256090.0
5848,244,15,2026-09-01,Peak_Monsoon_2,34928.0,766640.0,40256.0,8930.0,850754.0
5849,244,16,2026-09-01,Peak_Monsoon_2,58608.0,256040.0,40256.0,6300.0,361204.0
5850,244,17,2026-09-01,Peak_Monsoon_2,61272.0,256040.0,50912.0,5100.0,373324.0
5851,244,18,2026-09-01,Peak_Monsoon_2,71336.0,269360.0,50912.0,5700.0,397308.0
5852,244,19,2026-09-01,Peak_Monsoon_2,74000.0,269360.0,40256.0,5600.0,389216.0
5853,244,20,2026-09-01,Peak_Monsoon_2,66600.0,269360.0,40256.0,6200.0,382416.0
5854,244,21,2026-09-01,Peak_Monsoon_2,61272.0,256040.0,40256.0,5200.0,362768.0
5855,244,22,2026-09-01,Peak_Monsoon_2,44992.0,211640.0,29600.0,5200.0,291432.0
5856,244,23,2026-09-01,Peak_Monsoon_2,39664.0,185000.0,29600.0,15700.0,269964.0
5857,245,0,2026-09-02,Peak_Monsoon_2,39664.0,148000.0,29600.0,14800.0,232064.0
5858,245,1,2026-09-02,Peak_Monsoon_2,39664.0,148000.0,29600.0,14800.0,232064.0
5859,245,2,2026-09-02,Peak_Monsoon_2,39664.0,148000.0,29600.0,14800.0,232064.0
5860,245,3,2026-09-02,Peak_Monsoon_2,47064.0,185000.0,29600.0,24400.0,286064.0
5861,245,4,2026-09-02,Peak_Monsoon_2,47064.0,185000.0,29600.0,23800.0,285464.0
5862,245,5,2026-09-02,Peak_Monsoon_2,49728.0,185000.0,40256.0,23500.0,298484.0
5863,245,6,2026-09-02,Peak_Monsoon_2,48544.0,242720.0,29600.0,29060.0,349924.0
5864,245,7,2026-09-02,Peak_Monsoon_2,48544.0,242720.0,29600.0,32860.0,353724.0
5865,245,8,2026-09-02,Peak_Monsoon_2,48544.0,242720.0,29600.0,32860.0,353724.0
5866,245,9,2026-09-02,Peak_Monsoon_2,41144.0,205720.0,29600.0,22360.0,298824.0
5867,245,10,2026-09-02,Peak_Monsoon_2,41144.0,205720.0,40256.0,22360.0,309480.0
5868,245,11,2026-09-02,Peak_Monsoon_2,41144.0,205720.0,40256.0,20895.0,308015.0
5869,245,12,2026-09-02,Peak_Monsoon_2,32264.0,161320.0,40256.0,22360.0,256200.0
5870,245,13,2026-09-02,Peak_Monsoon_2,32264.0,161320.0,40256.0,11860.0,245700.0
5871,245,14,2026-09-02,Peak_Monsoon_2,32264.0,174640.0,40256.0,8930.0,256090.0
5872,245,15,2026-09-02,Peak_Monsoon_2,34928.0,766640.0,40256.0,8930.0,850754.0
5873,245,16,2026-09-02,Peak_Monsoon_2,58608.0,256040.0,40256.0,6300.0,361204.0
5874,245,17,2026-09-02,Peak_Monsoon_2,61272.0,256040.0,50912.0,5100.0,373324.0
5875,245,18,2026-09-02,Peak_Monsoon_2,71336.0,269360.0,50912.0,5700.0,397308.0
5876,245,19,2026-09-02,Peak_Monsoon_2,74000.0,269360.0,40256.0,5600.0,389216.0
5877,245,20,2026-09-02,Peak_Monsoon_2,66600.0,269360.0,40256.0,6200.0,382416.0
5878,245,21,2026-09-02,Peak_Monsoon_2,61272.0,256040.0,40256.0,5200.0,362768.0
5879,245,22,2026-09-02,Peak_Monsoon_2,44992.0,211640.0,29600.0,5200.0,291432.0
5880,245,23,2026-09-02,Peak_Monsoon_2,39664.0,185000.0,29600.0,15700.0,269964.0
5881,246,0,2026-09-03,Peak_Monsoon_2,39664.0,148000.0,29600.0,14800.0,232064.0
5882,246,1,2026-09-03,Peak_Monsoon_2,39664.0,148000.0,29600.0,14800.0,232064.0
5883,246,2,2026-09-03,Peak_Monsoon_2,39664.0,148000.0,29600.0,14800.0,232064.0
5884,246,3,2026-09-03,Peak_Monsoon_2,47064.0,185000.0,29600.0,24400.0,286064.0
5885,246,4,2026-09-03,Peak_Monsoon_2,47064.0,185000.0,29600.0,23800.0,285464.0
5886,246,5,2026-09-03,Peak_Monsoon_2,49728.0,185000.0,40256.0,23500.0,298484.0
5887,246,6,2026-09-03,Peak_Monsoon_2,48544.0,242720.0,29600.0,29060.0,349924.0
5888,246,7,2026-09-03,Peak_Monsoon_2,48544.0,242720.0,29600.0,32860.0,353724.0
5889,246,8,2026-09-03,Peak_Monsoon_2,48544.0,242720.0,29600.0,32860.0,353724.0
5890,246,9,2026-09-03,Peak_Monsoon_2,41144.0,205720.0,29600.0,22360.0,298824.0
5891,246,10,2026-09-03,Peak_Monsoon_2,41144.0,205720.0,40256.0,22360.0,309480.0
5892,246,11,2026-09-03,Peak_Monsoon_2,41144.0,205720.0,40256.0,20895.0,308015.0
5893,246,12,2026-09-03,Peak_Monsoon_2,32264.0,161320.0,40256.0,22360.0,256200.0
5894,246,13,2026-09-03,Peak_Monsoon_2,32264.0,161320.0,40256.0,11860.0,245700.0
5895,246,14,2026-09-03,Peak_Monsoon_2,32264.0,174640.0,40256.0,8930.0,256090.0
5896,246,15,2026-09-03,Peak_Monsoon_2,34928.0,766640.0,40256.0,8930.0,850754.0
5897,246,16,2026-09-03,Peak_Monsoon_2,58608.0,256040.0,40256.0,6300.0,361204.0
5898,246,17,2026-09-03,Peak_Monsoon_2,61272.0,256040.0,50912.0,5100.0,373324.0
5899,246,18,2026-09-03,Peak_Monsoon_2,71336.0,269360.0,50912.0,5700.0,397308.0
5900,246,19,2026-09-03,Peak_Monsoon_2,74000.0,269360.0,40256.0,5600.0,389216.0
5901,246,20,2026-09-03,Peak_Monsoon_2,66600.0,269360.0,40256.0,6200.0,382416.0
5902,246,21,2026-09-03,Peak_Monsoon_2,61272.0,256040.0,40256.0,5200.0,362768.0
5903,246,22,2026-09-03,Peak_Monsoon_2,44992.0,211640.0,29600.0,5200.0,291432.0
5904,246,23,2026-09-03,Peak_Monsoon_2,39664.0,185000.0,29600.0,15700.0,269964.0
5905,247,0,2026-09-04,Peak_Monsoon_2,39664.0,148000.0,29600.0,14800.0,232064.0
5906,247,1,2026-09-04,Peak_Monsoon_2,39664.0,148000.0,29600.0,14800.0,232064.0
5907,247,2,2026-09-04,Peak_Monsoon_2,39664.0,148000.0,29600.0,14800.0,232064.0
5908,247,3,2026-09-04,Peak_Monsoon_2,47064.0,185000.0,29600.0,24400.0,286064.0
5909,247,4,2026-09-04,Peak_Monsoon_2,47064.0,185000.0,29600.0,23800.0,285464.0
5910,247,5,2026-09-04,Peak_Monsoon_2,49728.0,185000.0,40256.0,23500.0,298484.0
5911,247,6,2026-09-04,Peak_Monsoon_2,48544.0,242720.0,29600.0,29060.0,349924.0
5912,247,7,2026-09-04,Peak_Monsoon_2,48544.0,242720.0,29600.0,32860.0,353724.0
5913,247,8,2026-09-04,Peak_Monsoon_2,48544.0,242720.0,29600.0,32860.0,353724.0
5914,247,9,2026-09-04,Peak_Monsoon_2,41144.0,205720.0,29600.0,22360.0,298824.0
5915,247,10,2026-09-04,Peak_Monsoon_2,41144.0,205720.0,40256.0,22360.0,309480.0
5916,247,11,2026-09-04,Peak_Monsoon_2,41144.0,205720.0,40256.0,20895.0,308015.0
5917,247,12,2026-09-04,Peak_Monsoon_2,32264.0,161320.0,40256.0,22360.0,256200.0
5918,247,13,2026-09-04,Peak_Monsoon_2,32264.0,161320.0,40256.0,11860.0,245700.0
5919,247,14,2026-09-04,Peak_Monsoon_2,32264.0,174640.0,40256.0,8930.0,256090.0
5920,247,15,2026-09-04,Peak_Monsoon_2,34928.0,766640.0,40256.0,8930.0,850754.0
5921,247,16,2026-09-04,Peak_Monsoon_2,58608.0,256040.0,40256.0,6300.0,361204.0
5922,247,17,2026-09-04,Peak_Monsoon_2,61272.0,256040.0,50912.0,5100.0,373324.0
5923,247,18,2026-09-04,Peak_Monsoon_2,71336.0,269360.0,50912.0,5700.0,397308.0
5924,247,19,2026-09-04,Peak_Monsoon_2,74000.0,269360.0,40256.0,5600.0,389216.0
5925,247,20,2026-09-04,Peak_Monsoon_2,66600.0,269360.0,40256.0,6200.0,382416.0
5926,247,21,2026-09-04,Peak_Monsoon_2,61272.0,256040.0,40256.0,5200.0,362768.0
5927,247,22,2026-09-04,Peak_Monsoon_2,44992.0,211640.0,29600.0,5200.0,291432.0
5928,247,23,2026-09-04,Peak_Monsoon_2,39664.0,185000.0,29600.0,15700.0,269964.0
5929,248,0,2026-09-05,Peak_Monsoon_Weekend,48544.0,229400.0,40256.0,14200.0,332400.0
5930,248,1,2026-09-05,Peak_Monsoon_Weekend,48544.0,185000.0,40256.0,14200.0,288000.0
5931,248,2,2026-09-05,Peak_Monsoon_Weekend,48544.0,185000.0,29600.0,14200.0,277344.0
5932,248,3,2026-09-05,Peak_Monsoon_Weekend,47064.0,222000.0,29600.0,13500.0,312164.0
5933,248,4,2026-09-05,Peak_Monsoon_Weekend,47064.0,222000.0,29600.0,12900.0,311564.0
5934,248,5,2026-09-05,Peak_Monsoon_Weekend,49728.0,222000.0,40256.0,13000.0,324984.0
5935,248,6,2026-09-05,Peak_Monsoon_Weekend,48544.0,198320.0,40256.0,12300.0,299420.0
5936,248,7,2026-09-05,Peak_Monsoon_Weekend,48544.0,198320.0,40256.0,15900.0,303020.0
5937,248,8,2026-09-05,Peak_Monsoon_Weekend,48544.0,242720.0,59200.0,15900.0,366364.0
5938,248,9,2026-09-05,Peak_Monsoon_Weekend,48544.0,242720.0,69856.0,5400.0,366520.0
5939,248,10,2026-09-05,Peak_Monsoon_Weekend,92944.0,205720.0,69856.0,6000.0,374520.0
5940,248,11,2026-09-05,Peak_Monsoon_Weekend,41144.0,205720.0,69856.0,6000.0,322720.0
5941,248,12,2026-09-05,Peak_Monsoon_Weekend,41144.0,205720.0,69856.0,6000.0,322720.0
5942,248,13,2026-09-05,Peak_Monsoon_Weekend,159544.0,797720.0,69856.0,5000.0,1032120.0
5943,248,14,2026-09-05,Peak_Monsoon_Weekend,159544.0,219040.0,69856.0,5000.0,453440.0
5944,248,15,2026-09-05,Peak_Monsoon_Weekend,58608.0,256040.0,80512.0,5000.0,400160.0
5945,248,16,2026-09-05,Peak_Monsoon_Weekend,58608.0,256040.0,80512.0,5700.0,400860.0
5946,248,17,2026-09-05,Peak_Monsoon_Weekend,61272.0,256040.0,80512.0,4900.0,402724.0
5947,248,18,2026-09-05,Peak_Monsoon_Weekend,71336.0,306360.0,80512.0,5500.0,463708.0
5948,248,19,2026-09-05,Peak_Monsoon_Weekend,74000.0,306360.0,80512.0,5400.0,466272.0
5949,248,20,2026-09-05,Peak_Monsoon_Weekend,74000.0,306360.0,80512.0,5600.0,466472.0
5950,248,21,2026-09-05,Peak_Monsoon_Weekend,61272.0,256040.0,80512.0,5200.0,403024.0
5951,248,22,2026-09-05,Peak_Monsoon_Weekend,61272.0,256040.0,80512.0,5200.0,403024.0
5952,248,23,2026-09-05,Peak_Monsoon_Weekend,55944.0,229400.0,80512.0,5200.0,371056.0
5953,249,0,2026-09-06,Peak_Monsoon_Weekend,48544.0,229400.0,40256.0,14200.0,332400.0
5954,249,1,2026-09-06,Peak_Monsoon_Weekend,48544.0,185000.0,40256.0,14200.0,288000.0
5955,249,2,2026-09-06,Peak_Monsoon_Weekend,48544.0,185000.0,29600.0,14200.0,277344.0
5956,249,3,2026-09-06,Peak_Monsoon_Weekend,47064.0,222000.0,29600.0,13500.0,312164.0
5957,249,4,2026-09-06,Peak_Monsoon_Weekend,47064.0,222000.0,29600.0,12900.0,311564.0
5958,249,5,2026-09-06,Peak_Monsoon_Weekend,49728.0,222000.0,40256.0,13000.0,324984.0
5959,249,6,2026-09-06,Peak_Monsoon_Weekend,48544.0,198320.0,40256.0,12300.0,299420.0
5960,249,7,2026-09-06,Peak_Monsoon_Weekend,48544.0,198320.0,40256.0,15900.0,303020.0
5961,249,8,2026-09-06,Peak_Monsoon_Weekend,48544.0,242720.0,59200.0,15900.0,366364.0
5962,249,9,2026-09-06,Peak_Monsoon_Weekend,48544.0,242720.0,69856.0,5400.0,366520.0
5963,249,10,2026-09-06,Peak_Monsoon_Weekend,92944.0,205720.0,69856.0,6000.0,374520.0
5964,249,11,2026-09-06,Peak_Monsoon_Weekend,41144.0,205720.0,69856.0,6000.0,322720.0
5965,249,12,2026-09-06,Peak_Monsoon_Weekend,41144.0,205720.0,69856.0,6000.0,322720.0
5966,249,13,2026-09-06,Peak_Monsoon_Weekend,159544.0,797720.0,69856.0,5000.0,1032120.0
5967,249,14,2026-09-06,Peak_Monsoon_Weekend,159544.0,219040.0,69856.0,5000.0,453440.0
5968,249,15,2026-09-06,Peak_Monsoon_Weekend,58608.0,256040.0,80512.0,5000.0,400160.0
5969,249,16,2026-09-06,Peak_Monsoon_Weekend,58608.0,256040.0,80512.0,5700.0,400860.0
5970,249,17,2026-09-06,Peak_Monsoon_Weekend,61272.0,256040.0,80512.0,4900.0,402724.0
5971,249,18,2026-09-06,Peak_Monsoon_Weekend,71336.0,306360.0,80512.0,5500.0,463708.0
5972,249,19,2026-09-06,Peak_Monsoon_Weekend,74000.0,306360.0,80512.0,5400.0,466272.0
5973,249,20,2026-09-06,Peak_Monsoon_Weekend,74000.0,306360.0,80512.0,5600.0,466472.0
5974,249,21,2026-09-06,Peak_Monsoon_Weekend,61272.0,256040.0,80512.0,5200.0,403024.0
5975,249,22,2026-09-06,Peak_Monsoon_Weekend,61272.0,256040.0,80512.0,5200.0,403024.0
5976,249,23,2026-09-06,Peak_Monsoon_Weekend,55944.0,229400.0,80512.0,5200.0,371056.0
5977,250,0,2026-09-07,Peak_Monsoon_2,39664.0,148000.0,29600.0,14800.0,232064.0
5978,250,1,2026-09-07,Peak_Monsoon_2,39664.0,148000.0,29600.0,14800.0,232064.0
5979,250,2,2026-09-07,Peak_Monsoon_2,39664.0,148000.0,29600.0,14800.0,232064.0
5980,250,3,2026-09-07,Peak_Monsoon_2,47064.0,185000.0,29600.0,24400.0,286064.0
5981,250,4,2026-09-07,Peak_Monsoon_2,47064.0,185000.0,29600.0,23800.0,285464.0
5982,250,5,2026-09-07,Peak_Monsoon_2,49728.0,185000.0,40256.0,23500.0,298484.0
5983,250,6,2026-09-07,Peak_Monsoon_2,48544.0,242720.0,29600.0,29060.0,349924.0
5984,250,7,2026-09-07,Peak_Monsoon_2,48544.0,242720.0,29600.0,32860.0,353724.0
5985,250,8,2026-09-07,Peak_Monsoon_2,48544.0,242720.0,29600.0,32860.0,353724.0
5986,250,9,2026-09-07,Peak_Monsoon_2,41144.0,205720.0,29600.0,22360.0,298824.0
5987,250,10,2026-09-07,Peak_Monsoon_2,41144.0,205720.0,40256.0,22360.0,309480.0
5988,250,11,2026-09-07,Peak_Monsoon_2,41144.0,205720.0,40256.0,20895.0,308015.0
5989,250,12,2026-09-07,Peak_Monsoon_2,32264.0,161320.0,40256.0,22360.0,256200.0
5990,250,13,2026-09-07,Peak_Monsoon_2,32264.0,161320.0,40256.0,11860.0,245700.0
5991,250,14,2026-09-07,Peak_Monsoon_2,32264.0,174640.0,40256.0,8930.0,256090.0
5992,250,15,2026-09-07,Peak_Monsoon_2,34928.0,766640.0,40256.0,8930.0,850754.0
5993,250,16,2026-09-07,Peak_Monsoon_2,58608.0,256040.0,40256.0,6300.0,361204.0
5994,250,17,2026-09-07,Peak_Monsoon_2,61272.0,256040.0,50912.0,5100.0,373324.0
5995,250,18,2026-09-07,Peak_Monsoon_2,71336.0,269360.0,50912.0,5700.0,397308.0
5996,250,19,2026-09-07,Peak_Monsoon_2,74000.0,269360.0,40256.0,5600.0,389216.0
5997,250,20,2026-09-07,Peak_Monsoon_2,66600.0,269360.0,40256.0,6200.0,382416.0
5998,250,21,2026-09-07,Peak_Monsoon_2,61272.0,256040.0,40256.0,5200.0,362768.0
5999,250,22,2026-09-07,Peak_Monsoon_2,44992.0,211640.0,29600.0,5200.0,291432.0
6000,250,23,2026-09-07,Peak_Monsoon_2,39664.0,185000.0,29600.0,15700.0,269964.0
6001,251,0,2026-09-08,Peak_Monsoon_2,39664.0,148000.0,29600.0,14800.0,232064.0
6002,251,1,2026-09-08,Peak_Monsoon_2,39664.0,148000.0,29600.0,14800.0,232064.0
6003,251,2,2026-09-08,Peak_Monsoon_2,39664.0,148000.0,29600.0,14800.0,232064.0
6004,251,3,2026-09-08,Peak_Monsoon_2,47064.0,185000.0,29600.0,24400.0,286064.0
6005,251,4,2026-09-08,Peak_Monsoon_2,47064.0,185000.0,29600.0,23800.0,285464.0
6006,251,5,2026-09-08,Peak_Monsoon_2,49728.0,185000.0,40256.0,23500.0,298484.0
6007,251,6,2026-09-08,Peak_Monsoon_2,48544.0,242720.0,29600.0,29060.0,349924.0
6008,251,7,2026-09-08,Peak_Monsoon_2,48544.0,242720.0,29600.0,32860.0,353724.0
6009,251,8,2026-09-08,Peak_Monsoon_2,48544.0,242720.0,29600.0,32860.0,353724.0
6010,251,9,2026-09-08,Peak_Monsoon_2,41144.0,205720.0,29600.0,22360.0,298824.0
6011,251,10,2026-09-08,Peak_Monsoon_2,41144.0,205720.0,40256.0,22360.0,309480.0
6012,251,11,2026-09-08,Peak_Monsoon_2,41144.0,205720.0,40256.0,20895.0,308015.0
6013,251,12,2026-09-08,Peak_Monsoon_2,32264.0,161320.0,40256.0,22360.0,256200.0
6014,251,13,2026-09-08,Peak_Monsoon_2,32264.0,161320.0,40256.0,11860.0,245700.0
6015,251,14,2026-09-08,Peak_Monsoon_2,32264.0,174640.0,40256.0,8930.0,256090.0
6016,251,15,2026-09-08,Peak_Monsoon_2,34928.0,766640.0,40256.0,8930.0,850754.0
6017,251,16,2026-09-08,Peak_Monsoon_2,58608.0,256040.0,40256.0,6300.0,361204.0
6018,251,17,2026-09-08,Peak_Monsoon_2,61272.0,256040.0,50912.0,5100.0,373324.0
6019,251,18,2026-09-08,Peak_Monsoon_2,71336.0,269360.0,50912.0,5700.0,397308.0
6020,251,19,2026-09-08,Peak_Monsoon_2,74000.0,269360.0,40256.0,5600.0,389216.0
6021,251,20,2026-09-08,Peak_Monsoon_2,66600.0,269360.0,40256.0,6200.0,382416.0
6022,251,21,2026-09-08,Peak_Monsoon_2,61272.0,256040.0,40256.0,5200.0,362768.0
6023,251,22,2026-09-08,Peak_Monsoon_2,44992.0,211640.0,29600.0,5200.0,291432.0
6024,251,23,2026-09-08,Peak_Monsoon_2,39664.0,185000.0,29600.0,15700.0,269964.0
6025,252,0,2026-09-09,Peak_Monsoon_2,39664.0,148000.0,29600.0,14800.0,232064.0
6026,252,1,2026-09-09,Peak_Monsoon_2,39664.0,148000.0,29600.0,14800.0,232064.0
6027,252,2,2026-09-09,Peak_Monsoon_2,39664.0,148000.0,29600.0,14800.0,232064.0
6028,252,3,2026-09-09,Peak_Monsoon_2,47064.0,185000.0,29600.0,24400.0,286064.0
6029,252,4,2026-09-09,Peak_Monsoon_2,47064.0,185000.0,29600.0,23800.0,285464.0
6030,252,5,2026-09-09,Peak_Monsoon_2,49728.0,185000.0,40256.0,23500.0,298484.0
6031,252,6,2026-09-09,Peak_Monsoon_2,48544.0,242720.0,29600.0,29060.0,349924.0
6032,252,7,2026-09-09,Peak_Monsoon_2,48544.0,242720.0,29600.0,32860.0,353724.0
6033,252,8,2026-09-09,Peak_Monsoon_2,48544.0,242720.0,29600.0,32860.0,353724.0
6034,252,9,2026-09-09,Peak_Monsoon_2,41144.0,205720.0,29600.0,22360.0,298824.0
6035,252,10,2026-09-09,Peak_Monsoon_2,41144.0,205720.0,40256.0,22360.0,309480.0
6036,252,11,2026-09-09,Peak_Monsoon_2,41144.0,205720.0,40256.0,20895.0,308015.0
6037,252,12,2026-09-09,Peak_Monsoon_2,32264.0,161320.0,40256.0,22360.0,256200.0
6038,252,13,2026-09-09,Peak_Monsoon_2,32264.0,161320.0,40256.0,11860.0,245700.0
6039,252,14,2026-09-09,Peak_Monsoon_2,32264.0,174640.0,40256.0,8930.0,256090.0
6040,252,15,2026-09-09,Peak_Monsoon_2,34928.0,766640.0,40256.0,8930.0,850754.0
6041,252,16,2026-09-09,Peak_Monsoon_2,58608.0,256040.0,40256.0,6300.0,361204.0
6042,252,17,2026-09-09,Peak_Monsoon_2,61272.0,256040.0,50912.0,5100.0,373324.0
6043,252,18,2026-09-09,Peak_Monsoon_2,71336.0,269360.0,50912.0,5700.0,397308.0
6044,252,19,2026-09-09,Peak_Monsoon_2,74000.0,269360.0,40256.0,5600.0,389216.0
6045,252,20,2026-09-09,Peak_Monsoon_2,66600.0,269360.0,40256.0,6200.0,382416.0
6046,252,21,2026-09-09,Peak_Monsoon_2,61272.0,256040.0,40256.0,5200.0,362768.0
6047,252,22,2026-09-09,Peak_Monsoon_2,44992.0,211640.0,29600.0,5200.0,291432.0
6048,252,23,2026-09-09,Peak_Monsoon_2,39664.0,185000.0,29600.0,15700.0,269964.0
6049,253,0,2026-09-10,Peak_Monsoon_2,39664.0,148000.0,29600.0,14800.0,232064.0
6050,253,1,2026-09-10,Peak_Monsoon_2,39664.0,148000.0,29600.0,14800.0,232064.0
6051,253,2,2026-09-10,Peak_Monsoon_2,39664.0,148000.0,29600.0,14800.0,232064.0
6052,253,3,2026-09-10,Peak_Monsoon_2,47064.0,185000.0,29600.0,24400.0,286064.0
6053,253,4,2026-09-10,Peak_Monsoon_2,47064.0,185000.0,29600.0,23800.0,285464.0
6054,253,5,2026-09-10,Peak_Monsoon_2,49728.0,185000.0,40256.0,23500.0,298484.0
6055,253,6,2026-09-10,Peak_Monsoon_2,48544.0,242720.0,29600.0,29060.0,349924.0
6056,253,7,2026-09-10,Peak_Monsoon_2,48544.0,242720.0,29600.0,32860.0,353724.0
6057,253,8,2026-09-10,Peak_Monsoon_2,48544.0,242720.0,29600.0,32860.0,353724.0
6058,253,9,2026-09-10,Peak_Monsoon_2,41144.0,205720.0,29600.0,22360.0,298824.0
6059,253,10,2026-09-10,Peak_Monsoon_2,41144.0,205720.0,40256.0,22360.0,309480.0
6060,253,11,2026-09-10,Peak_Monsoon_2,41144.0,205720.0,40256.0,20895.0,308015.0
6061,253,12,2026-09-10,Peak_Monsoon_2,32264.0,161320.0,40256.0,22360.0,256200.0
6062,253,13,2026-09-10,Peak_Monsoon_2,32264.0,161320.0,40256.0,11860.0,245700.0
6063,253,14,2026-09-10,Peak_Monsoon_2,32264.0,174640.0,40256.0,8930.0,256090.0
6064,253,15,2026-09-10,Peak_Monsoon_2,34928.0,766640.0,40256.0,8930.0,850754.0
6065,253,16,2026-09-10,Peak_Monsoon_2,58608.0,256040.0,40256.0,6300.0,361204.0
6066,253,17,2026-09-10,Peak_Monsoon_2,61272.0,256040.0,50912.0,5100.0,373324.0
6067,253,18,2026-09-10,Peak_Monsoon_2,71336.0,269360.0,50912.0,5700.0,397308.0
6068,253,19,2026-09-10,Peak_Monsoon_2,74000.0,269360.0,40256.0,5600.0,389216.0
6069,253,20,2026-09-10,Peak_Monsoon_2,66600.0,269360.0,40256.0,6200.0,382416.0
6070,253,21,2026-09-10,Peak_Monsoon_2,61272.0,256040.0,40256.0,5200.0,362768.0
6071,253,22,2026-09-10,Peak_Monsoon_2,44992.0,211640.0,29600.0,5200.0,291432.0
6072,253,23,2026-09-10,Peak_Monsoon_2,39664.0,185000.0,29600.0,15700.0,269964.0
6073,254,0,2026-09-11,Peak_Monsoon_2,39664.0,148000.0,29600.0,14800.0,232064.0
6074,254,1,2026-09-11,Peak_Monsoon_2,39664.0,148000.0,29600.0,14800.0,232064.0
6075,254,2,2026-09-11,Peak_Monsoon_2,39664.0,148000.0,29600.0,14800.0,232064.0
6076,254,3,2026-09-11,Peak_Monsoon_2,47064.0,185000.0,29600.0,24400.0,286064.0
6077,254,4,2026-09-11,Peak_Monsoon_2,47064.0,185000.0,29600.0,23800.0,285464.0
6078,254,5,2026-09-11,Peak_Monsoon_2,49728.0,185000.0,40256.0,23500.0,298484.0
6079,254,6,2026-09-11,Peak_Monsoon_2,48544.0,242720.0,29600.0,29060.0,349924.0
6080,254,7,2026-09-11,Peak_Monsoon_2,48544.0,242720.0,29600.0,32860.0,353724.0
6081,254,8,2026-09-11,Peak_Monsoon_2,48544.0,242720.0,29600.0,32860.0,353724.0
6082,254,9,2026-09-11,Peak_Monsoon_2,41144.0,205720.0,29600.0,22360.0,298824.0
6083,254,10,2026-09-11,Peak_Monsoon_2,41144.0,205720.0,40256.0,22360.0,309480.0
6084,254,11,2026-09-11,Peak_Monsoon_2,41144.0,205720.0,40256.0,20895.0,308015.0
6085,254,12,2026-09-11,Peak_Monsoon_2,32264.0,161320.0,40256.0,22360.0,256200.0
6086,254,13,2026-09-11,Peak_Monsoon_2,32264.0,161320.0,40256.0,11860.0,245700.0
6087,254,14,2026-09-11,Peak_Monsoon_2,32264.0,174640.0,40256.0,8930.0,256090.0
6088,254,15,2026-09-11,Peak_Monsoon_2,34928.0,766640.0,40256.0,8930.0,850754.0
6089,254,16,2026-09-11,Peak_Monsoon_2,58608.0,256040.0,40256.0,6300.0,361204.0
6090,254,17,2026-09-11,Peak_Monsoon_2,61272.0,256040.0,50912.0,5100.0,373324.0
6091,254,18,2026-09-11,Peak_Monsoon_2,71336.0,269360.0,50912.0,5700.0,397308.0
6092,254,19,2026-09-11,Peak_Monsoon_2,74000.0,269360.0,40256.0,5600.0,389216.0
6093,254,20,2026-09-11,Peak_Monsoon_2,66600.0,269360.0,40256.0,6200.0,382416.0
6094,254,21,2026-09-11,Peak_Monsoon_2,61272.0,256040.0,40256.0,5200.0,362768.0
6095,254,22,2026-09-11,Peak_Monsoon_2,44992.0,211640.0,29600.0,5200.0,291432.0
6096,254,23,2026-09-11,Peak_Monsoon_2,39664.0,185000.0,29600.0,15700.0,269964.0
6097,255,0,2026-09-12,Peak_Monsoon_Weekend,48544.0,229400.0,40256.0,14200.0,332400.0
6098,255,1,2026-09-12,Peak_Monsoon_Weekend,48544.0,185000.0,40256.0,14200.0,288000.0
6099,255,2,2026-09-12,Peak_Monsoon_Weekend,48544.0,185000.0,29600.0,14200.0,277344.0
6100,255,3,2026-09-12,Peak_Monsoon_Weekend,47064.0,222000.0,29600.0,13500.0,312164.0
6101,255,4,2026-09-12,Peak_Monsoon_Weekend,47064.0,222000.0,29600.0,12900.0,311564.0
6102,255,5,2026-09-12,Peak_Monsoon_Weekend,49728.0,222000.0,40256.0,13000.0,324984.0
6103,255,6,2026-09-12,Peak_Monsoon_Weekend,48544.0,198320.0,40256.0,12300.0,299420.0
6104,255,7,2026-09-12,Peak_Monsoon_Weekend,48544.0,198320.0,40256.0,15900.0,303020.0
6105,255,8,2026-09-12,Peak_Monsoon_Weekend,48544.0,242720.0,59200.0,15900.0,366364.0
6106,255,9,2026-09-12,Peak_Monsoon_Weekend,48544.0,242720.0,69856.0,5400.0,366520.0
6107,255,10,2026-09-12,Peak_Monsoon_Weekend,92944.0,205720.0,69856.0,6000.0,374520.0
6108,255,11,2026-09-12,Peak_Monsoon_Weekend,41144.0,205720.0,69856.0,6000.0,322720.0
6109,255,12,2026-09-12,Peak_Monsoon_Weekend,41144.0,205720.0,69856.0,6000.0,322720.0
6110,255,13,2026-09-12,Peak_Monsoon_Weekend,159544.0,797720.0,69856.0,5000.0,1032120.0
6111,255,14,2026-09-12,Peak_Monsoon_Weekend,159544.0,219040.0,69856.0,5000.0,453440.0
6112,255,15,2026-09-12,Peak_Monsoon_Weekend,58608.0,256040.0,80512.0,5000.0,400160.0
6113,255,16,2026-09-12,Peak_Monsoon_Weekend,58608.0,256040.0,80512.0,5700.0,400860.0
6114,255,17,2026-09-12,Peak_Monsoon_Weekend,61272.0,256040.0,80512.0,4900.0,402724.0
6115,255,18,2026-09-12,Peak_Monsoon_Weekend,71336.0,306360.0,80512.0,5500.0,463708.0
6116,255,19,2026-09-12,Peak_Monsoon_Weekend,74000.0,306360.0,80512.0,5400.0,466272.0
6117,255,20,2026-09-12,Peak_Monsoon_Weekend,74000.0,306360.0,80512.0,5600.0,466472.0
6118,255,21,2026-09-12,Peak_Monsoon_Weekend,61272.0,256040.0,80512.0,5200.0,403024.0
6119,255,22,2026-09-12,Peak_Monsoon_Weekend,61272.0,256040.0,80512.0,5200.0,403024.0
6120,255,23,2026-09-12,Peak_Monsoon_Weekend,55944.0,229400.0,80512.0,5200.0,371056.0
6121,256,0,2026-09-13,Peak_Monsoon_Weekend,48544.0,229400.0,40256.0,14200.0,332400.0
6122,256,1,2026-09-13,Peak_Monsoon_Weekend,48544.0,185000.0,40256.0,14200.0,288000.0
6123,256,2,2026-09-13,Peak_Monsoon_Weekend,48544.0,185000.0,29600.0,14200.0,277344.0
6124,256,3,2026-09-13,Peak_Monsoon_Weekend,47064.0,222000.0,29600.0,13500.0,312164.0
6125,256,4,2026-09-13,Peak_Monsoon_Weekend,47064.0,222000.0,29600.0,12900.0,311564.0
6126,256,5,2026-09-13,Peak_Monsoon_Weekend,49728.0,222000.0,40256.0,13000.0,324984.0
6127,256,6,2026-09-13,Peak_Monsoon_Weekend,48544.0,198320.0,40256.0,12300.0,299420.0
6128,256,7,2026-09-13,Peak_Monsoon_Weekend,48544.0,198320.0,40256.0,15900.0,303020.0
6129,256,8,2026-09-13,Peak_Monsoon_Weekend,48544.0,242720.0,59200.0,15900.0,366364.0
6130,256,9,2026-09-13,Peak_Monsoon_Weekend,48544.0,242720.0,69856.0,5400.0,366520.0
6131,256,10,2026-09-13,Peak_Monsoon_Weekend,92944.0,205720.0,69856.0,6000.0,374520.0
6132,256,11,2026-09-13,Peak_Monsoon_Weekend,41144.0,205720.0,69856.0,6000.0,322720.0
6133,256,12,2026-09-13,Peak_Monsoon_Weekend,41144.0,205720.0,69856.0,6000.0,322720.0
6134,256,13,2026-09-13,Peak_Monsoon_Weekend,159544.0,797720.0,69856.0,5000.0,1032120.0
6135,256,14,2026-09-13,Peak_Monsoon_Weekend,159544.0,219040.0,69856.0,5000.0,453440.0
6136,256,15,2026-09-13,Peak_Monsoon_Weekend,58608.0,256040.0,80512.0,5000.0,400160.0
6137,256,16,2026-09-13,Peak_Monsoon_Weekend,58608.0,256040.0,80512.0,5700.0,400860.0
6138,256,17,2026-09-13,Peak_Monsoon_Weekend,61272.0,256040.0,80512.0,4900.0,402724.0
6139,256,18,2026-09-13,Peak_Monsoon_Weekend,71336.0,306360.0,80512.0,5500.0,463708.0
6140,256,19,2026-09-13,Peak_Monsoon_Weekend,74000.0,306360.0,80512.0,5400.0,466272.0
6141,256,20,2026-09-13,Peak_Monsoon_Weekend,74000.0,306360.0,80512.0,5600.0,466472.0
6142,256,21,2026-09-13,Peak_Monsoon_Weekend,61272.0,256040.0,80512.0,5200.0,403024.0
6143,256,22,2026-09-13,Peak_Monsoon_Weekend,61272.0,256040.0,80512.0,5200.0,403024.0
6144,256,23,2026-09-13,Peak_Monsoon_Weekend,55944.0,229400.0,80512.0,5200.0,371056.0
6145,257,0,2026-09-14,Peak_Monsoon_2,39664.0,148000.0,29600.0,14800.0,232064.0
6146,257,1,2026-09-14,Peak_Monsoon_2,39664.0,148000.0,29600.0,14800.0,232064.0
6147,257,2,2026-09-14,Peak_Monsoon_2,39664.0,148000.0,29600.0,14800.0,232064.0
6148,257,3,2026-09-14,Peak_Monsoon_2,47064.0,185000.0,29600.0,24400.0,286064.0
6149,257,4,2026-09-14,Peak_Monsoon_2,47064.0,185000.0,29600.0,23800.0,285464.0
6150,257,5,2026-09-14,Peak_Monsoon_2,49728.0,185000.0,40256.0,23500.0,298484.0
6151,257,6,2026-09-14,Peak_Monsoon_2,48544.0,242720.0,29600.0,29060.0,349924.0
6152,257,7,2026-09-14,Peak_Monsoon_2,48544.0,242720.0,29600.0,32860.0,353724.0
6153,257,8,2026-09-14,Peak_Monsoon_2,48544.0,242720.0,29600.0,32860.0,353724.0
6154,257,9,2026-09-14,Peak_Monsoon_2,41144.0,205720.0,29600.0,22360.0,298824.0
6155,257,10,2026-09-14,Peak_Monsoon_2,41144.0,205720.0,40256.0,22360.0,309480.0
6156,257,11,2026-09-14,Peak_Monsoon_2,41144.0,205720.0,40256.0,20895.0,308015.0
6157,257,12,2026-09-14,Peak_Monsoon_2,32264.0,161320.0,40256.0,22360.0,256200.0
6158,257,13,2026-09-14,Peak_Monsoon_2,32264.0,161320.0,40256.0,11860.0,245700.0
6159,257,14,2026-09-14,Peak_Monsoon_2,32264.0,174640.0,40256.0,8930.0,256090.0
6160,257,15,2026-09-14,Peak_Monsoon_2,34928.0,766640.0,40256.0,8930.0,850754.0
6161,257,16,2026-09-14,Peak_Monsoon_2,58608.0,256040.0,40256.0,6300.0,361204.0
6162,257,17,2026-09-14,Peak_Monsoon_2,61272.0,256040.0,50912.0,5100.0,373324.0
6163,257,18,2026-09-14,Peak_Monsoon_2,71336.0,269360.0,50912.0,5700.0,397308.0
6164,257,19,2026-09-14,Peak_Monsoon_2,74000.0,269360.0,40256.0,5600.0,389216.0
6165,257,20,2026-09-14,Peak_Monsoon_2,66600.0,269360.0,40256.0,6200.0,382416.0
6166,257,21,2026-09-14,Peak_Monsoon_2,61272.0,256040.0,40256.0,5200.0,362768.0
6167,257,22,2026-09-14,Peak_Monsoon_2,44992.0,211640.0,29600.0,5200.0,291432.0
6168,257,23,2026-09-14,Peak_Monsoon_2,39664.0,185000.0,29600.0,15700.0,269964.0
6169,258,0,2026-09-15,Peak_Monsoon_2,39664.0,148000.0,29600.0,14800.0,232064.0
6170,258,1,2026-09-15,Peak_Monsoon_2,39664.0,148000.0,29600.0,14800.0,232064.0
6171,258,2,2026-09-15,Peak_Monsoon_2,39664.0,148000.0,29600.0,14800.0,232064.0
6172,258,3,2026-09-15,Peak_Monsoon_2,47064.0,185000.0,29600.0,24400.0,286064.0
6173,258,4,2026-09-15,Peak_Monsoon_2,47064.0,185000.0,29600.0,23800.0,285464.0
6174,258,5,2026-09-15,Peak_Monsoon_2,49728.0,185000.0,40256.0,23500.0,298484.0
6175,258,6,2026-09-15,Peak_Monsoon_2,48544.0,242720.0,29600.0,29060.0,349924.0
6176,258,7,2026-09-15,Peak_Monsoon_2,48544.0,242720.0,29600.0,32860.0,353724.0
6177,258,8,2026-09-15,Peak_Monsoon_2,48544.0,242720.0,29600.0,32860.0,353724.0
6178,258,9,2026-09-15,Peak_Monsoon_2,41144.0,205720.0,29600.0,22360.0,298824.0
6179,258,10,2026-09-15,Peak_Monsoon_2,41144.0,205720.0,40256.0,22360.0,309480.0
6180,258,11,2026-09-15,Peak_Monsoon_2,41144.0,205720.0,40256.0,20895.0,308015.0
6181,258,12,2026-09-15,Peak_Monsoon_2,32264.0,161320.0,40256.0,22360.0,256200.0
6182,258,13,2026-09-15,Peak_Monsoon_2,32264.0,161320.0,40256.0,11860.0,245700.0
6183,258,14,2026-09-15,Peak_Monsoon_2,32264.0,174640.0,40256.0,8930.0,256090.0
6184,258,15,2026-09-15,Peak_Monsoon_2,34928.0,766640.0,40256.0,8930.0,850754.0
6185,258,16,2026-09-15,Peak_Monsoon_2,58608.0,256040.0,40256.0,6300.0,361204.0
6186,258,17,2026-09-15,Peak_Monsoon_2,61272.0,256040.0,50912.0,5100.0,373324.0
6187,258,18,2026-09-15,Peak_Monsoon_2,71336.0,269360.0,50912.0,5700.0,397308.0
6188,258,19,2026-09-15,Peak_Monsoon_2,74000.0,269360.0,40256.0,5600.0,389216.0
6189,258,20,2026-09-15,Peak_Monsoon_2,66600.0,269360.0,40256.0,6200.0,382416.0
6190,258,21,2026-09-15,Peak_Monsoon_2,61272.0,256040.0,40256.0,5200.0,362768.0
6191,258,22,2026-09-15,Peak_Monsoon_2,44992.0,211640.0,29600.0,5200.0,291432.0
6192,258,23,2026-09-15,Peak_Monsoon_2,39664.0,185000.0,29600.0,15700.0,269964.0
6193,259,0,2026-09-16,Late_Summer,47064.0,222000.0,29600.0,25300.0,323964.0
6194,259,1,2026-09-16,Late_Summer,47064.0,222000.0,29600.0,25300.0,323964.0
6195,259,2,2026-09-16,Late_Summer,47064.0,222000.0,29600.0,35800.0,334464.0
6196,259,3,2026-09-16,Late_Summer,47064.0,222000.0,29600.0,45400.0,344064.0
6197,259,4,2026-09-16,Late_Summer,47064.0,222000.0,29600.0,44800.0,343464.0
6198,259,5,2026-09-16,Late_Summer,57128.0,222000.0,40256.0,44500.0,363884.0
6199,259,6,2026-09-16,Late_Summer,48544.0,242720.0,29600.0,39560.0,360424.0
6200,259,7,2026-09-16,Late_Summer,48544.0,242720.0,29600.0,43360.0,364224.0
6201,259,8,2026-09-16,Late_Summer,48544.0,242720.0,29600.0,43360.0,364224.0
6202,259,9,2026-09-16,Late_Summer,48544.0,242720.0,29600.0,43360.0,364224.0
6203,259,10,2026-09-16,Late_Summer,48544.0,242720.0,40256.0,32860.0,364380.0
6204,259,11,2026-09-16,Late_Summer,48544.0,242720.0,40256.0,31395.0,362915.0
6205,259,12,2026-09-16,Late_Summer,39664.0,198320.0,40256.0,32860.0,311100.0
6206,259,13,2026-09-16,Late_Summer,47064.0,235320.0,40256.0,32860.0,355500.0
6207,259,14,2026-09-16,Late_Summer,47064.0,248640.0,40256.0,29930.0,365890.0
6208,259,15,2026-09-16,Late_Summer,49728.0,840640.0,40256.0,29930.0,960554.0
6209,259,16,2026-09-16,Late_Summer,66008.0,293040.0,40256.0,27300.0,426604.0
6210,259,17,2026-09-16,Late_Summer,68672.0,293040.0,50912.0,26100.0,438724.0
6211,259,18,2026-09-16,Late_Summer,71336.0,306360.0,50912.0,26700.0,455308.0
6212,259,19,2026-09-16,Late_Summer,74000.0,306360.0,40256.0,26600.0,447216.0
6213,259,20,2026-09-16,Late_Summer,74000.0,306360.0,40256.0,16700.0,437316.0
6214,259,21,2026-09-16,Late_Summer,61272.0,293040.0,40256.0,15700.0,410268.0
6215,259,22,2026-09-16,Late_Summer,52392.0,248640.0,29600.0,15700.0,346332.0
6216,259,23,2026-09-16,Late_Summer,47064.0,222000.0,29600.0,15700.0,314364.0
6217,260,0,2026-09-17,Late_Summer,47064.0,222000.0,29600.0,25300.0,323964.0
6218,260,1,2026-09-17,Late_Summer,47064.0,222000.0,29600.0,25300.0,323964.0
6219,260,2,2026-09-17,Late_Summer,47064.0,222000.0,29600.0,35800.0,334464.0
6220,260,3,2026-09-17,Late_Summer,47064.0,222000.0,29600.0,45400.0,344064.0
6221,260,4,2026-09-17,Late_Summer,47064.0,222000.0,29600.0,44800.0,343464.0
6222,260,5,2026-09-17,Late_Summer,57128.0,222000.0,40256.0,44500.0,363884.0
6223,260,6,2026-09-17,Late_Summer,48544.0,242720.0,29600.0,39560.0,360424.0
6224,260,7,2026-09-17,Late_Summer,48544.0,242720.0,29600.0,43360.0,364224.0
6225,260,8,2026-09-17,Late_Summer,48544.0,242720.0,29600.0,43360.0,364224.0
6226,260,9,2026-09-17,Late_Summer,48544.0,242720.0,29600.0,43360.0,364224.0
6227,260,10,2026-09-17,Late_Summer,48544.0,242720.0,40256.0,32860.0,364380.0
6228,260,11,2026-09-17,Late_Summer,48544.0,242720.0,40256.0,31395.0,362915.0
6229,260,12,2026-09-17,Late_Summer,39664.0,198320.0,40256.0,32860.0,311100.0
6230,260,13,2026-09-17,Late_Summer,47064.0,235320.0,40256.0,32860.0,355500.0
6231,260,14,2026-09-17,Late_Summer,47064.0,248640.0,40256.0,29930.0,365890.0
6232,260,15,2026-09-17,Late_Summer,49728.0,840640.0,40256.0,29930.0,960554.0
6233,260,16,2026-09-17,Late_Summer,66008.0,293040.0,40256.0,27300.0,426604.0
6234,260,17,2026-09-17,Late_Summer,68672.0,293040.0,50912.0,26100.0,438724.0
6235,260,18,2026-09-17,Late_Summer,71336.0,306360.0,50912.0,26700.0,455308.0
6236,260,19,2026-09-17,Late_Summer,74000.0,306360.0,40256.0,26600.0,447216.0
6237,260,20,2026-09-17,Late_Summer,74000.0,306360.0,40256.0,16700.0,437316.0
6238,260,21,2026-09-17,Late_Summer,61272.0,293040.0,40256.0,15700.0,410268.0
6239,260,22,2026-09-17,Late_Summer,52392.0,248640.0,29600.0,15700.0,346332.0
6240,260,23,2026-09-17,Late_Summer,47064.0,222000.0,29600.0,15700.0,314364.0
6241,261,0,2026-09-18,Late_Summer,47064.0,222000.0,29600.0,25300.0,323964.0
6242,261,1,2026-09-18,Late_Summer,47064.0,222000.0,29600.0,25300.0,323964.0
6243,261,2,2026-09-18,Late_Summer,47064.0,222000.0,29600.0,35800.0,334464.0
6244,261,3,2026-09-18,Late_Summer,47064.0,222000.0,29600.0,45400.0,344064.0
6245,261,4,2026-09-18,Late_Summer,47064.0,222000.0,29600.0,44800.0,343464.0
6246,261,5,2026-09-18,Late_Summer,57128.0,222000.0,40256.0,44500.0,363884.0
6247,261,6,2026-09-18,Late_Summer,48544.0,242720.0,29600.0,39560.0,360424.0
6248,261,7,2026-09-18,Late_Summer,48544.0,242720.0,29600.0,43360.0,364224.0
6249,261,8,2026-09-18,Late_Summer,48544.0,242720.0,29600.0,43360.0,364224.0
6250,261,9,2026-09-18,Late_Summer,48544.0,242720.0,29600.0,43360.0,364224.0
6251,261,10,2026-09-18,Late_Summer,48544.0,242720.0,40256.0,32860.0,364380.0
6252,261,11,2026-09-18,Late_Summer,48544.0,242720.0,40256.0,31395.0,362915.0
6253,261,12,2026-09-18,Late_Summer,39664.0,198320.0,40256.0,32860.0,311100.0
6254,261,13,2026-09-18,Late_Summer,47064.0,235320.0,40256.0,32860.0,355500.0
6255,261,14,2026-09-18,Late_Summer,47064.0,248640.0,40256.0,29930.0,365890.0
6256,261,15,2026-09-18,Late_Summer,49728.0,840640.0,40256.0,29930.0,960554.0
6257,261,16,2026-09-18,Late_Summer,66008.0,293040.0,40256.0,27300.0,426604.0
6258,261,17,2026-09-18,Late_Summer,68672.0,293040.0,50912.0,26100.0,438724.0
6259,261,18,2026-09-18,Late_Summer,71336.0,306360.0,50912.0,26700.0,455308.0
6260,261,19,2026-09-18,Late_Summer,74000.0,306360.0,40256.0,26600.0,447216.0
6261,261,20,2026-09-18,Late_Summer,74000.0,306360.0,40256.0,16700.0,437316.0
6262,261,21,2026-09-18,Late_Summer,61272.0,293040.0,40256.0,15700.0,410268.0
6263,261,22,2026-09-18,Late_Summer,52392.0,248640.0,29600.0,15700.0,346332.0
6264,261,23,2026-09-18,Late_Summer,47064.0,222000.0,29600.0,15700.0,314364.0
6265,262,0,2026-09-19,Late_Summer_Weekend,55944.0,266400.0,29600.0,25700.0,377644.0
6266,262,1,2026-09-19,Late_Summer_Weekend,55944.0,222000.0,29600.0,25700.0,333244.0
6267,262,2,2026-09-19,Late_Summer_Weekend,55944.0,222000.0,29600.0,25700.0,333244.0
6268,262,3,2026-09-19,Late_Summer_Weekend,47064.0,222000.0,29600.0,35300.0,333964.0
6269,262,4,2026-09-19,Late_Summer_Weekend,47064.0,222000.0,29600.0,34700.0,333364.0
6270,262,5,2026-09-19,Late_Summer_Weekend,57128.0,222000.0,40256.0,34400.0,353784.0
6271,262,6,2026-09-19,Late_Summer_Weekend,48544.0,198320.0,29600.0,33700.0,310164.0
6272,262,7,2026-09-19,Late_Summer_Weekend,48544.0,198320.0,29600.0,36900.0,313364.0
6273,262,8,2026-09-19,Late_Summer_Weekend,48544.0,242720.0,29600.0,36900.0,357764.0
6274,262,9,2026-09-19,Late_Summer_Weekend,100344.0,242720.0,29600.0,36900.0,409564.0
6275,262,10,2026-09-19,Late_Summer_Weekend,100344.0,242720.0,40256.0,27000.0,410320.0
6276,262,11,2026-09-19,Late_Summer_Weekend,107744.0,242720.0,40256.0,27000.0,417720.0
6277,262,12,2026-09-19,Late_Summer_Weekend,55944.0,242720.0,40256.0,27000.0,365920.0
6278,262,13,2026-09-19,Late_Summer_Weekend,174344.0,871720.0,40256.0,27000.0,1113320.0
6279,262,14,2026-09-19,Late_Summer_Weekend,174344.0,293040.0,40256.0,27000.0,534640.0
6280,262,15,2026-09-19,Late_Summer_Weekend,58608.0,293040.0,40256.0,16500.0,408404.0
6281,262,16,2026-09-19,Late_Summer_Weekend,66008.0,293040.0,40256.0,16200.0,415504.0
6282,262,17,2026-09-19,Late_Summer_Weekend,68672.0,293040.0,50912.0,15400.0,428024.0
6283,262,18,2026-09-19,Late_Summer_Weekend,71336.0,306360.0,50912.0,16000.0,444608.0
6284,262,19,2026-09-19,Late_Summer_Weekend,74000.0,306360.0,40256.0,15900.0,436516.0
6285,262,20,2026-09-19,Late_Summer_Weekend,74000.0,306360.0,40256.0,16500.0,437116.0
6286,262,21,2026-09-19,Late_Summer_Weekend,68672.0,293040.0,40256.0,16100.0,418068.0
6287,262,22,2026-09-19,Late_Summer_Weekend,61272.0,293040.0,29600.0,16100.0,400012.0
6288,262,23,2026-09-19,Late_Summer_Weekend,55944.0,266400.0,29600.0,16100.0,368044.0
6289,263,0,2026-09-20,Late_Summer_Weekend,55944.0,266400.0,29600.0,25700.0,377644.0
6290,263,1,2026-09-20,Late_Summer_Weekend,55944.0,222000.0,29600.0,25700.0,333244.0
6291,263,2,2026-09-20,Late_Summer_Weekend,55944.0,222000.0,29600.0,25700.0,333244.0
6292,263,3,2026-09-20,Late_Summer_Weekend,47064.0,222000.0,29600.0,35300.0,333964.0
6293,263,4,2026-09-20,Late_Summer_Weekend,47064.0,222000.0,29600.0,34700.0,333364.0
6294,263,5,2026-09-20,Late_Summer_Weekend,57128.0,222000.0,40256.0,34400.0,353784.0
6295,263,6,2026-09-20,Late_Summer_Weekend,48544.0,198320.0,29600.0,33700.0,310164.0
6296,263,7,2026-09-20,Late_Summer_Weekend,48544.0,198320.0,29600.0,36900.0,313364.0
6297,263,8,2026-09-20,Late_Summer_Weekend,48544.0,242720.0,29600.0,36900.0,357764.0
6298,263,9,2026-09-20,Late_Summer_Weekend,100344.0,242720.0,29600.0,36900.0,409564.0
6299,263,10,2026-09-20,Late_Summer_Weekend,100344.0,242720.0,40256.0,27000.0,410320.0
6300,263,11,2026-09-20,Late_Summer_Weekend,107744.0,242720.0,40256.0,27000.0,417720.0
6301,263,12,2026-09-20,Late_Summer_Weekend,55944.0,242720.0,40256.0,27000.0,365920.0
6302,263,13,2026-09-20,Late_Summer_Weekend,174344.0,871720.0,40256.0,27000.0,1113320.0
6303,263,14,2026-09-20,Late_Summer_Weekend,174344.0,293040.0,40256.0,27000.0,534640.0
6304,263,15,2026-09-20,Late_Summer_Weekend,58608.0,293040.0,40256.0,16500.0,408404.0
6305,263,16,2026-09-20,Late_Summer_Weekend,66008.0,293040.0,40256.0,16200.0,415504.0
6306,263,17,2026-09-20,Late_Summer_Weekend,68672.0,293040.0,50912.0,15400.0,428024.0
6307,263,18,2026-09-20,Late_Summer_Weekend,71336.0,306360.0,50912.0,16000.0,444608.0
6308,263,19,2026-09-20,Late_Summer_Weekend,74000.0,306360.0,40256.0,15900.0,436516.0
6309,263,20,2026-09-20,Late_Summer_Weekend,74000.0,306360.0,40256.0,16500.0,437116.0
6310,263,21,2026-09-20,Late_Summer_Weekend,68672.0,293040.0,40256.0,16100.0,418068.0
6311,263,22,2026-09-20,Late_Summer_Weekend,61272.0,293040.0,29600.0,16100.0,400012.0
6312,263,23,2026-09-20,Late_Summer_Weekend,55944.0,266400.0,29600.0,16100.0,368044.0
6313,264,0,2026-09-21,Late_Summer,47064.0,222000.0,29600.0,25300.0,323964.0
6314,264,1,2026-09-21,Late_Summer,47064.0,222000.0,29600.0,25300.0,323964.0
6315,264,2,2026-09-21,Late_Summer,47064.0,222000.0,29600.0,35800.0,334464.0
6316,264,3,2026-09-21,Late_Summer,47064.0,222000.0,29600.0,45400.0,344064.0
6317,264,4,2026-09-21,Late_Summer,47064.0,222000.0,29600.0,44800.0,343464.0
6318,264,5,2026-09-21,Late_Summer,57128.0,222000.0,40256.0,44500.0,363884.0
6319,264,6,2026-09-21,Late_Summer,48544.0,242720.0,29600.0,39560.0,360424.0
6320,264,7,2026-09-21,Late_Summer,48544.0,242720.0,29600.0,43360.0,364224.0
6321,264,8,2026-09-21,Late_Summer,48544.0,242720.0,29600.0,43360.0,364224.0
6322,264,9,2026-09-21,Late_Summer,48544.0,242720.0,29600.0,43360.0,364224.0
6323,264,10,2026-09-21,Late_Summer,48544.0,242720.0,40256.0,32860.0,364380.0
6324,264,11,2026-09-21,Late_Summer,48544.0,242720.0,40256.0,31395.0,362915.0
6325,264,12,2026-09-21,Late_Summer,39664.0,198320.0,40256.0,32860.0,311100.0
6326,264,13,2026-09-21,Late_Summer,47064.0,235320.0,40256.0,32860.0,355500.0
6327,264,14,2026-09-21,Late_Summer,47064.0,248640.0,40256.0,29930.0,365890.0
6328,264,15,2026-09-21,Late_Summer,49728.0,840640.0,40256.0,29930.0,960554.0
6329,264,16,2026-09-21,Late_Summer,66008.0,293040.0,40256.0,27300.0,426604.0
6330,264,17,2026-09-21,Late_Summer,68672.0,293040.0,50912.0,26100.0,438724.0
6331,264,18,2026-09-21,Late_Summer,71336.0,306360.0,50912.0,26700.0,455308.0
6332,264,19,2026-09-21,Late_Summer,74000.0,306360.0,40256.0,26600.0,447216.0
6333,264,20,2026-09-21,Late_Summer,74000.0,306360.0,40256.0,16700.0,437316.0
6334,264,21,2026-09-21,Late_Summer,61272.0,293040.0,40256.0,15700.0,410268.0
6335,264,22,2026-09-21,Late_Summer,52392.0,248640.0,29600.0,15700.0,346332.0
6336,264,23,2026-09-21,Late_Summer,47064.0,222000.0,29600.0,15700.0,314364.0
6337,265,0,2026-09-22,Late_Summer,47064.0,222000.0,29600.0,25300.0,323964.0
6338,265,1,2026-09-22,Late_Summer,47064.0,222000.0,29600.0,25300.0,323964.0
6339,265,2,2026-09-22,Late_Summer,47064.0,222000.0,29600.0,35800.0,334464.0
6340,265,3,2026-09-22,Late_Summer,47064.0,222000.0,29600.0,45400.0,344064.0
6341,265,4,2026-09-22,Late_Summer,47064.0,222000.0,29600.0,44800.0,343464.0
6342,265,5,2026-09-22,Late_Summer,57128.0,222000.0,40256.0,44500.0,363884.0
6343,265,6,2026-09-22,Late_Summer,48544.0,242720.0,29600.0,39560.0,360424.0
6344,265,7,2026-09-22,Late_Summer,48544.0,242720.0,29600.0,43360.0,364224.0
6345,265,8,2026-09-22,Late_Summer,48544.0,242720.0,29600.0,43360.0,364224.0
6346,265,9,2026-09-22,Late_Summer,48544.0,242720.0,29600.0,43360.0,364224.0
6347,265,10,2026-09-22,Late_Summer,48544.0,242720.0,40256.0,32860.0,364380.0
6348,265,11,2026-09-22,Late_Summer,48544.0,242720.0,40256.0,31395.0,362915.0
6349,265,12,2026-09-22,Late_Summer,39664.0,198320.0,40256.0,32860.0,311100.0
6350,265,13,2026-09-22,Late_Summer,47064.0,235320.0,40256.0,32860.0,355500.0
6351,265,14,2026-09-22,Late_Summer,47064.0,248640.0,40256.0,29930.0,365890.0
6352,265,15,2026-09-22,Late_Summer,49728.0,840640.0,40256.0,29930.0,960554.0
6353,265,16,2026-09-22,Late_Summer,66008.0,293040.0,40256.0,27300.0,426604.0
6354,265,17,2026-09-22,Late_Summer,68672.0,293040.0,50912.0,26100.0,438724.0
6355,265,18,2026-09-22,Late_Summer,71336.0,306360.0,50912.0,26700.0,455308.0
6356,265,19,2026-09-22,Late_Summer,74000.0,306360.0,40256.0,26600.0,447216.0
6357,265,20,2026-09-22,Late_Summer,74000.0,306360.0,40256.0,16700.0,437316.0
6358,265,21,2026-09-22,Late_Summer,61272.0,293040.0,40256.0,15700.0,410268.0
6359,265,22,2026-09-22,Late_Summer,52392.0,248640.0,29600.0,15700.0,346332.0
6360,265,23,2026-09-22,Late_Summer,47064.0,222000.0,29600.0,15700.0,314364.0
6361,266,0,2026-09-23,Late_Summer,47064.0,222000.0,29600.0,25300.0,323964.0
6362,266,1,2026-09-23,Late_Summer,47064.0,222000.0,29600.0,25300.0,323964.0
6363,266,2,2026-09-23,Late_Summer,47064.0,222000.0,29600.0,35800.0,334464.0
6364,266,3,2026-09-23,Late_Summer,47064.0,222000.0,29600.0,45400.0,344064.0
6365,266,4,2026-09-23,Late_Summer,47064.0,222000.0,29600.0,44800.0,343464.0
6366,266,5,2026-09-23,Late_Summer,57128.0,222000.0,40256.0,44500.0,363884.0
6367,266,6,2026-09-23,Late_Summer,48544.0,242720.0,29600.0,39560.0,360424.0
6368,266,7,2026-09-23,Late_Summer,48544.0,242720.0,29600.0,43360.0,364224.0
6369,266,8,2026-09-23,Late_Summer,48544.0,242720.0,29600.0,43360.0,364224.0
6370,266,9,2026-09-23,Late_Summer,48544.0,242720.0,29600.0,43360.0,364224.0
6371,266,10,2026-09-23,Late_Summer,48544.0,242720.0,40256.0,32860.0,364380.0
6372,266,11,2026-09-23,Late_Summer,48544.0,242720.0,40256.0,31395.0,362915.0
6373,266,12,2026-09-23,Late_Summer,39664.0,198320.0,40256.0,32860.0,311100.0
6374,266,13,2026-09-23,Late_Summer,47064.0,235320.0,40256.0,32860.0,355500.0
6375,266,14,2026-09-23,Late_Summer,47064.0,248640.0,40256.0,29930.0,365890.0
6376,266,15,2026-09-23,Late_Summer,49728.0,840640.0,40256.0,29930.0,960554.0
6377,266,16,2026-09-23,Late_Summer,66008.0,293040.0,40256.0,27300.0,426604.0
6378,266,17,2026-09-23,Late_Summer,68672.0,293040.0,50912.0,26100.0,438724.0
6379,266,18,2026-09-23,Late_Summer,71336.0,306360.0,50912.0,26700.0,455308.0
6380,266,19,2026-09-23,Late_Summer,74000.0,306360.0,40256.0,26600.0,447216.0
6381,266,20,2026-09-23,Late_Summer,74000.0,306360.0,40256.0,16700.0,437316.0
6382,266,21,2026-09-23,Late_Summer,61272.0,293040.0,40256.0,15700.0,410268.0
6383,266,22,2026-09-23,Late_Summer,52392.0,248640.0,29600.0,15700.0,346332.0
6384,266,23,2026-09-23,Late_Summer,47064.0,222000.0,29600.0,15700.0,314364.0
6385,267,0,2026-09-24,Late_Summer,47064.0,222000.0,29600.0,25300.0,323964.0
6386,267,1,2026-09-24,Late_Summer,47064.0,222000.0,29600.0,25300.0,323964.0
6387,267,2,2026-09-24,Late_Summer,47064.0,222000.0,29600.0,35800.0,334464.0
6388,267,3,2026-09-24,Late_Summer,47064.0,222000.0,29600.0,45400.0,344064.0
6389,267,4,2026-09-24,Late_Summer,47064.0,222000.0,29600.0,44800.0,343464.0
6390,267,5,2026-09-24,Late_Summer,57128.0,222000.0,40256.0,44500.0,363884.0
6391,267,6,2026-09-24,Late_Summer,48544.0,242720.0,29600.0,39560.0,360424.0
6392,267,7,2026-09-24,Late_Summer,48544.0,242720.0,29600.0,43360.0,364224.0
6393,267,8,2026-09-24,Late_Summer,48544.0,242720.0,29600.0,43360.0,364224.0
6394,267,9,2026-09-24,Late_Summer,48544.0,242720.0,29600.0,43360.0,364224.0
6395,267,10,2026-09-24,Late_Summer,48544.0,242720.0,40256.0,32860.0,364380.0
6396,267,11,2026-09-24,Late_Summer,48544.0,242720.0,40256.0,31395.0,362915.0
6397,267,12,2026-09-24,Late_Summer,39664.0,198320.0,40256.0,32860.0,311100.0
6398,267,13,2026-09-24,Late_Summer,47064.0,235320.0,40256.0,32860.0,355500.0
6399,267,14,2026-09-24,Late_Summer,47064.0,248640.0,40256.0,29930.0,365890.0
6400,267,15,2026-09-24,Late_Summer,49728.0,840640.0,40256.0,29930.0,960554.0
6401,267,16,2026-09-24,Late_Summer,66008.0,293040.0,40256.0,27300.0,426604.0
6402,267,17,2026-09-24,Late_Summer,68672.0,293040.0,50912.0,26100.0,438724.0
6403,267,18,2026-09-24,Late_Summer,71336.0,306360.0,50912.0,26700.0,455308.0
6404,267,19,2026-09-24,Late_Summer,74000.0,306360.0,40256.0,26600.0,447216.0
6405,267,20,2026-09-24,Late_Summer,74000.0,306360.0,40256.0,16700.0,437316.0
6406,267,21,2026-09-24,Late_Summer,61272.0,293040.0,40256.0,15700.0,410268.0
6407,267,22,2026-09-24,Late_Summer,52392.0,248640.0,29600.0,15700.0,346332.0
6408,267,23,2026-09-24,Late_Summer,47064.0,222000.0,29600.0,15700.0,314364.0
6409,268,0,2026-09-25,Late_Summer,47064.0,222000.0,29600.0,25300.0,323964.0
6410,268,1,2026-09-25,Late_Summer,47064.0,222000.0,29600.0,25300.0,323964.0
6411,268,2,2026-09-25,Late_Summer,47064.0,222000.0,29600.0,35800.0,334464.0
6412,268,3,2026-09-25,Late_Summer,47064.0,222000.0,29600.0,45400.0,344064.0
6413,268,4,2026-09-25,Late_Summer,47064.0,222000.0,29600.0,44800.0,343464.0
6414,268,5,2026-09-25,Late_Summer,57128.0,222000.0,40256.0,44500.0,363884.0
6415,268,6,2026-09-25,Late_Summer,48544.0,242720.0,29600.0,39560.0,360424.0
6416,268,7,2026-09-25,Late_Summer,48544.0,242720.0,29600.0,43360.0,364224.0
6417,268,8,2026-09-25,Late_Summer,48544.0,242720.0,29600.0,43360.0,364224.0
6418,268,9,2026-09-25,Late_Summer,48544.0,242720.0,29600.0,43360.0,364224.0
6419,268,10,2026-09-25,Late_Summer,48544.0,242720.0,40256.0,32860.0,364380.0
6420,268,11,2026-09-25,Late_Summer,48544.0,242720.0,40256.0,31395.0,362915.0
6421,268,12,2026-09-25,Late_Summer,39664.0,198320.0,40256.0,32860.0,311100.0
6422,268,13,2026-09-25,Late_Summer,47064.0,235320.0,40256.0,32860.0,355500.0
6423,268,14,2026-09-25,Late_Summer,47064.0,248640.0,40256.0,29930.0,365890.0
6424,268,15,2026-09-25,Late_Summer,49728.0,840640.0,40256.0,29930.0,960554.0
6425,268,16,2026-09-25,Late_Summer,66008.0,293040.0,40256.0,27300.0,426604.0
6426,268,17,2026-09-25,Late_Summer,68672.0,293040.0,50912.0,26100.0,438724.0
6427,268,18,2026-09-25,Late_Summer,71336.0,306360.0,50912.0,26700.0,455308.0
6428,268,19,2026-09-25,Late_Summer,74000.0,306360.0,40256.0,26600.0,447216.0
6429,268,20,2026-09-25,Late_Summer,74000.0,306360.0,40256.0,16700.0,437316.0
6430,268,21,2026-09-25,Late_Summer,61272.0,293040.0,40256.0,15700.0,410268.0
6431,268,22,2026-09-25,Late_Summer,52392.0,248640.0,29600.0,15700.0,346332.0
6432,268,23,2026-09-25,Late_Summer,47064.0,222000.0,29600.0,15700.0,314364.0
6433,269,0,2026-09-26,Late_Summer_Weekend,55944.0,266400.0,29600.0,25700.0,377644.0
6434,269,1,2026-09-26,Late_Summer_Weekend,55944.0,222000.0,29600.0,25700.0,333244.0
6435,269,2,2026-09-26,Late_Summer_Weekend,55944.0,222000.0,29600.0,25700.0,333244.0
6436,269,3,2026-09-26,Late_Summer_Weekend,47064.0,222000.0,29600.0,35300.0,333964.0
6437,269,4,2026-09-26,Late_Summer_Weekend,47064.0,222000.0,29600.0,34700.0,333364.0
6438,269,5,2026-09-26,Late_Summer_Weekend,57128.0,222000.0,40256.0,34400.0,353784.0
6439,269,6,2026-09-26,Late_Summer_Weekend,48544.0,198320.0,29600.0,33700.0,310164.0
6440,269,7,2026-09-26,Late_Summer_Weekend,48544.0,198320.0,29600.0,36900.0,313364.0
6441,269,8,2026-09-26,Late_Summer_Weekend,48544.0,242720.0,29600.0,36900.0,357764.0
6442,269,9,2026-09-26,Late_Summer_Weekend,100344.0,242720.0,29600.0,36900.0,409564.0
6443,269,10,2026-09-26,Late_Summer_Weekend,100344.0,242720.0,40256.0,27000.0,410320.0
6444,269,11,2026-09-26,Late_Summer_Weekend,107744.0,242720.0,40256.0,27000.0,417720.0
6445,269,12,2026-09-26,Late_Summer_Weekend,55944.0,242720.0,40256.0,27000.0,365920.0
6446,269,13,2026-09-26,Late_Summer_Weekend,174344.0,871720.0,40256.0,27000.0,1113320.0
6447,269,14,2026-09-26,Late_Summer_Weekend,174344.0,293040.0,40256.0,27000.0,534640.0
6448,269,15,2026-09-26,Late_Summer_Weekend,58608.0,293040.0,40256.0,16500.0,408404.0
6449,269,16,2026-09-26,Late_Summer_Weekend,66008.0,293040.0,40256.0,16200.0,415504.0
6450,269,17,2026-09-26,Late_Summer_Weekend,68672.0,293040.0,50912.0,15400.0,428024.0
6451,269,18,2026-09-26,Late_Summer_Weekend,71336.0,306360.0,50912.0,16000.0,444608.0
6452,269,19,2026-09-26,Late_Summer_Weekend,74000.0,306360.0,40256.0,15900.0,436516.0
6453,269,20,2026-09-26,Late_Summer_Weekend,74000.0,306360.0,40256.0,16500.0,437116.0
6454,269,21,2026-09-26,Late_Summer_Weekend,68672.0,293040.0,40256.0,16100.0,418068.0
6455,269,22,2026-09-26,Late_Summer_Weekend,61272.0,293040.0,29600.0,16100.0,400012.0
6456,269,23,2026-09-26,Late_Summer_Weekend,55944.0,266400.0,29600.0,16100.0,368044.0
6457,270,0,2026-09-27,Late_Summer_Weekend,55944.0,266400.0,29600.0,25700.0,377644.0
6458,270,1,2026-09-27,Late_Summer_Weekend,55944.0,222000.0,29600.0,25700.0,333244.0
6459,270,2,2026-09-27,Late_Summer_Weekend,55944.0,222000.0,29600.0,25700.0,333244.0
6460,270,3,2026-09-27,Late_Summer_Weekend,47064.0,222000.0,29600.0,35300.0,333964.0
6461,270,4,2026-09-27,Late_Summer_Weekend,47064.0,222000.0,29600.0,34700.0,333364.0
6462,270,5,2026-09-27,Late_Summer_Weekend,57128.0,222000.0,40256.0,34400.0,353784.0
6463,270,6,2026-09-27,Late_Summer_Weekend,48544.0,198320.0,29600.0,33700.0,310164.0
6464,270,7,2026-09-27,Late_Summer_Weekend,48544.0,198320.0,29600.0,36900.0,313364.0
6465,270,8,2026-09-27,Late_Summer_Weekend,48544.0,242720.0,29600.0,36900.0,357764.0
6466,270,9,2026-09-27,Late_Summer_Weekend,100344.0,242720.0,29600.0,36900.0,409564.0
6467,270,10,2026-09-27,Late_Summer_Weekend,100344.0,242720.0,40256.0,27000.0,410320.0
6468,270,11,2026-09-27,Late_Summer_Weekend,107744.0,242720.0,40256.0,27000.0,417720.0
6469,270,12,2026-09-27,Late_Summer_Weekend,55944.0,242720.0,40256.0,27000.0,365920.0
6470,270,13,2026-09-27,Late_Summer_Weekend,174344.0,871720.0,40256.0,27000.0,1113320.0
6471,270,14,2026-09-27,Late_Summer_Weekend,174344.0,293040.0,40256.0,27000.0,534640.0
6472,270,15,2026-09-27,Late_Summer_Weekend,58608.0,293040.0,40256.0,16500.0,408404.0
6473,270,16,2026-09-27,Late_Summer_Weekend,66008.0,293040.0,40256.0,16200.0,415504.0
6474,270,17,2026-09-27,Late_Summer_Weekend,68672.0,293040.0,50912.0,15400.0,428024.0
6475,270,18,2026-09-27,Late_Summer_Weekend,71336.0,306360.0,50912.0,16000.0,444608.0
6476,270,19,2026-09-27,Late_Summer_Weekend,74000.0,306360.0,40256.0,15900.0,436516.0
6477,270,20,2026-09-27,Late_Summer_Weekend,74000.0,306360.0,40256.0,16500.0,437116.0
6478,270,21,2026-09-27,Late_Summer_Weekend,68672.0,293040.0,40256.0,16100.0,418068.0
6479,270,22,2026-09-27,Late_Summer_Weekend,61272.0,293040.0,29600.0,16100.0,400012.0
6480,270,23,2026-09-27,Late_Summer_Weekend,55944.0,266400.0,29600.0,16100.0,368044.0
6481,271,0,2026-09-28,Late_Summer,47064.0,222000.0,29600.0,25300.0,323964.0
6482,271,1,2026-09-28,Late_Summer,47064.0,222000.0,29600.0,25300.0,323964.0
6483,271,2,2026-09-28,Late_Summer,47064.0,222000.0,29600.0,35800.0,334464.0
6484,271,3,2026-09-28,Late_Summer,47064.0,222000.0,29600.0,45400.0,344064.0
6485,271,4,2026-09-28,Late_Summer,47064.0,222000.0,29600.0,44800.0,343464.0
6486,271,5,2026-09-28,Late_Summer,57128.0,222000.0,40256.0,44500.0,363884.0
6487,271,6,2026-09-28,Late_Summer,48544.0,242720.0,29600.0,39560.0,360424.0
6488,271,7,2026-09-28,Late_Summer,48544.0,242720.0,29600.0,43360.0,364224.0
6489,271,8,2026-09-28,Late_Summer,48544.0,242720.0,29600.0,43360.0,364224.0
6490,271,9,2026-09-28,Late_Summer,48544.0,242720.0,29600.0,43360.0,364224.0
6491,271,10,2026-09-28,Late_Summer,48544.0,242720.0,40256.0,32860.0,364380.0
6492,271,11,2026-09-28,Late_Summer,48544.0,242720.0,40256.0,31395.0,362915.0
6493,271,12,2026-09-28,Late_Summer,39664.0,198320.0,40256.0,32860.0,311100.0
6494,271,13,2026-09-28,Late_Summer,47064.0,235320.0,40256.0,32860.0,355500.0
6495,271,14,2026-09-28,Late_Summer,47064.0,248640.0,40256.0,29930.0,365890.0
6496,271,15,2026-09-28,Late_Summer,49728.0,840640.0,40256.0,29930.0,960554.0
6497,271,16,2026-09-28,Late_Summer,66008.0,293040.0,40256.0,27300.0,426604.0
6498,271,17,2026-09-28,Late_Summer,68672.0,293040.0,50912.0,26100.0,438724.0
6499,271,18,2026-09-28,Late_Summer,71336.0,306360.0,50912.0,26700.0,455308.0
6500,271,19,2026-09-28,Late_Summer,74000.0,306360.0,40256.0,26600.0,447216.0
6501,271,20,2026-09-28,Late_Summer,74000.0,306360.0,40256.0,16700.0,437316.0
6502,271,21,2026-09-28,Late_Summer,61272.0,293040.0,40256.0,15700.0,410268.0
6503,271,22,2026-09-28,Late_Summer,52392.0,248640.0,29600.0,15700.0,346332.0
6504,271,23,2026-09-28,Late_Summer,47064.0,222000.0,29600.0,15700.0,314364.0
6505,272,0,2026-09-29,Late_Summer,47064.0,222000.0,29600.0,25300.0,323964.0
6506,272,1,2026-09-29,Late_Summer,47064.0,222000.0,29600.0,25300.0,323964.0
6507,272,2,2026-09-29,Late_Summer,47064.0,222000.0,29600.0,35800.0,334464.0
6508,272,3,2026-09-29,Late_Summer,47064.0,222000.0,29600.0,45400.0,344064.0
6509,272,4,2026-09-29,Late_Summer,47064.0,222000.0,29600.0,44800.0,343464.0
6510,272,5,2026-09-29,Late_Summer,57128.0,222000.0,40256.0,44500.0,363884.0
6511,272,6,2026-09-29,Late_Summer,48544.0,242720.0,29600.0,39560.0,360424.0
6512,272,7,2026-09-29,Late_Summer,48544.0,242720.0,29600.0,43360.0,364224.0
6513,272,8,2026-09-29,Late_Summer,48544.0,242720.0,29600.0,43360.0,364224.0
6514,272,9,2026-09-29,Late_Summer,48544.0,242720.0,29600.0,43360.0,364224.0
6515,272,10,2026-09-29,Late_Summer,48544.0,242720.0,40256.0,32860.0,364380.0
6516,272,11,2026-09-29,Late_Summer,48544.0,242720.0,40256.0,31395.0,362915.0
6517,272,12,2026-09-29,Late_Summer,39664.0,198320.0,40256.0,32860.0,311100.0
6518,272,13,2026-09-29,Late_Summer,47064.0,235320.0,40256.0,32860.0,355500.0
6519,272,14,2026-09-29,Late_Summer,47064.0,248640.0,40256.0,29930.0,365890.0
6520,272,15,2026-09-29,Late_Summer,49728.0,840640.0,40256.0,29930.0,960554.0
6521,272,16,2026-09-29,Late_Summer,66008.0,293040.0,40256.0,27300.0,426604.0
6522,272,17,2026-09-29,Late_Summer,68672.0,293040.0,50912.0,26100.0,438724.0
6523,272,18,2026-09-29,Late_Summer,71336.0,306360.0,50912.0,26700.0,455308.0
6524,272,19,2026-09-29,Late_Summer,74000.0,306360.0,40256.0,26600.0,447216.0
6525,272,20,2026-09-29,Late_Summer,74000.0,306360.0,40256.0,16700.0,437316.0
6526,272,21,2026-09-29,Late_Summer,61272.0,293040.0,40256.0,15700.0,410268.0
6527,272,22,2026-09-29,Late_Summer,52392.0,248640.0,29600.0,15700.0,346332.0
6528,272,23,2026-09-29,Late_Summer,47064.0,222000.0,29600.0,15700.0,314364.0
6529,273,0,2026-09-30,Late_Summer,47064.0,222000.0,29600.0,25300.0,323964.0
6530,273,1,2026-09-30,Late_Summer,47064.0,222000.0,29600.0,25300.0,323964.0
6531,273,2,2026-09-30,Late_Summer,47064.0,222000.0,29600.0,35800.0,334464.0
6532,273,3,2026-09-30,Late_Summer,47064.0,222000.0,29600.0,45400.0,344064.0
6533,273,4,2026-09-30,Late_Summer,47064.0,222000.0,29600.0,44800.0,343464.0
6534,273,5,2026-09-30,Late_Summer,57128.0,222000.0,40256.0,44500.0,363884.0
6535,273,6,2026-09-30,Late_Summer,48544.0,242720.0,29600.0,39560.0,360424.0
6536,273,7,2026-09-30,Late_Summer,48544.0,242720.0,29600.0,43360.0,364224.0
6537,273,8,2026-09-30,Late_Summer,48544.0,242720.0,29600.0,43360.0,364224.0
6538,273,9,2026-09-30,Late_Summer,48544.0,242720.0,29600.0,43360.0,364224.0
6539,273,10,2026-09-30,Late_Summer,48544.0,242720.0,40256.0,32860.0,364380.0
6540,273,11,2026-09-30,Late_Summer,48544.0,242720.0,40256.0,31395.0,362915.0
6541,273,12,2026-09-30,Late_Summer,39664.0,198320.0,40256.0,32860.0,311100.0
6542,273,13,2026-09-30,Late_Summer,47064.0,235320.0,40256.0,32860.0,355500.0
6543,273,14,2026-09-30,Late_Summer,47064.0,248640.0,40256.0,29930.0,365890.0
6544,273,15,2026-09-30,Late_Summer,49728.0,840640.0,40256.0,29930.0,960554.0
6545,273,16,2026-09-30,Late_Summer,66008.0,293040.0,40256.0,27300.0,426604.0
6546,273,17,2026-09-30,Late_Summer,68672.0,293040.0,50912.0,26100.0,438724.0
6547,273,18,2026-09-30,Late_Summer,71336.0,306360.0,50912.0,26700.0,455308.0
6548,273,19,2026-09-30,Late_Summer,74000.0,306360.0,40256.0,26600.0,447216.0
6549,273,20,2026-09-30,Late_Summer,74000.0,306360.0,40256.0,16700.0,437316.0
6550,273,21,2026-09-30,Late_Summer,61272.0,293040.0,40256.0,15700.0,410268.0
6551,273,22,2026-09-30,Late_Summer,52392.0,248640.0,29600.0,15700.0,346332.0
6552,273,23,2026-09-30,Late_Summer,47064.0,222000.0,29600.0,15700.0,314364.0
6553,274,0,2026-10-01,Late_Summer,47064.0,222000.0,29600.0,25300.0,323964.0
6554,274,1,2026-10-01,Late_Summer,47064.0,222000.0,29600.0,25300.0,323964.0
6555,274,2,2026-10-01,Late_Summer,47064.0,222000.0,29600.0,35800.0,334464.0
6556,274,3,2026-10-01,Late_Summer,47064.0,222000.0,29600.0,45400.0,344064.0
6557,274,4,2026-10-01,Late_Summer,47064.0,222000.0,29600.0,44800.0,343464.0
6558,274,5,2026-10-01,Late_Summer,57128.0,222000.0,40256.0,44500.0,363884.0
6559,274,6,2026-10-01,Late_Summer,48544.0,242720.0,29600.0,39560.0,360424.0
6560,274,7,2026-10-01,Late_Summer,48544.0,242720.0,29600.0,43360.0,364224.0
6561,274,8,2026-10-01,Late_Summer,48544.0,242720.0,29600.0,43360.0,364224.0
6562,274,9,2026-10-01,Late_Summer,48544.0,242720.0,29600.0,43360.0,364224.0
6563,274,10,2026-10-01,Late_Summer,48544.0,242720.0,40256.0,32860.0,364380.0
6564,274,11,2026-10-01,Late_Summer,48544.0,242720.0,40256.0,31395.0,362915.0
6565,274,12,2026-10-01,Late_Summer,39664.0,198320.0,40256.0,32860.0,311100.0
6566,274,13,2026-10-01,Late_Summer,47064.0,235320.0,40256.0,32860.0,355500.0
6567,274,14,2026-10-01,Late_Summer,47064.0,248640.0,40256.0,29930.0,365890.0
6568,274,15,2026-10-01,Late_Summer,49728.0,840640.0,40256.0,29930.0,960554.0
6569,274,16,2026-10-01,Late_Summer,66008.0,293040.0,40256.0,27300.0,426604.0
6570,274,17,2026-10-01,Late_Summer,68672.0,293040.0,50912.0,26100.0,438724.0
6571,274,18,2026-10-01,Late_Summer,71336.0,306360.0,50912.0,26700.0,455308.0
6572,274,19,2026-10-01,Late_Summer,74000.0,306360.0,40256.0,26600.0,447216.0
6573,274,20,2026-10-01,Late_Summer,74000.0,306360.0,40256.0,16700.0,437316.0
6574,274,21,2026-10-01,Late_Summer,61272.0,293040.0,40256.0,15700.0,410268.0
6575,274,22,2026-10-01,Late_Summer,52392.0,248640.0,29600.0,15700.0,346332.0
6576,274,23,2026-10-01,Late_Summer,47064.0,222000.0,29600.0,15700.0,314364.0
6577,275,0,2026-10-02,Late_Summer,47064.0,222000.0,29600.0,25300.0,323964.0
6578,275,1,2026-10-02,Late_Summer,47064.0,222000.0,29600.0,25300.0,323964.0
6579,275,2,2026-10-02,Late_Summer,47064.0,222000.0,29600.0,35800.0,334464.0
6580,275,3,2026-10-02,Late_Summer,47064.0,222000.0,29600.0,45400.0,344064.0
6581,275,4,2026-10-02,Late_Summer,47064.0,222000.0,29600.0,44800.0,343464.0
6582,275,5,2026-10-02,Late_Summer,57128.0,222000.0,40256.0,44500.0,363884.0
6583,275,6,2026-10-02,Late_Summer,48544.0,242720.0,29600.0,39560.0,360424.0
6584,275,7,2026-10-02,Late_Summer,48544.0,242720.0,29600.0,43360.0,364224.0
6585,275,8,2026-10-02,Late_Summer,48544.0,242720.0,29600.0,43360.0,364224.0
6586,275,9,2026-10-02,Late_Summer,48544.0,242720.0,29600.0,43360.0,364224.0
6587,275,10,2026-10-02,Late_Summer,48544.0,242720.0,40256.0,32860.0,364380.0
6588,275,11,2026-10-02,Late_Summer,48544.0,242720.0,40256.0,31395.0,362915.0
6589,275,12,2026-10-02,Late_Summer,39664.0,198320.0,40256.0,32860.0,311100.0
6590,275,13,2026-10-02,Late_Summer,47064.0,235320.0,40256.0,32860.0,355500.0
6591,275,14,2026-10-02,Late_Summer,47064.0,248640.0,40256.0,29930.0,365890.0
6592,275,15,2026-10-02,Late_Summer,49728.0,840640.0,40256.0,29930.0,960554.0
6593,275,16,2026-10-02,Late_Summer,66008.0,293040.0,40256.0,27300.0,426604.0
6594,275,17,2026-10-02,Late_Summer,68672.0,293040.0,50912.0,26100.0,438724.0
6595,275,18,2026-10-02,Late_Summer,71336.0,306360.0,50912.0,26700.0,455308.0
6596,275,19,2026-10-02,Late_Summer,74000.0,306360.0,40256.0,26600.0,447216.0
6597,275,20,2026-10-02,Late_Summer,74000.0,306360.0,40256.0,16700.0,437316.0
6598,275,21,2026-10-02,Late_Summer,61272.0,293040.0,40256.0,15700.0,410268.0
6599,275,22,2026-10-02,Late_Summer,52392.0,248640.0,29600.0,15700.0,346332.0
6600,275,23,2026-10-02,Late_Summer,47064.0,222000.0,29600.0,15700.0,314364.0
6601,276,0,2026-10-03,Late_Summer_Weekend,55944.0,266400.0,29600.0,25700.0,377644.0
6602,276,1,2026-10-03,Late_Summer_Weekend,55944.0,222000.0,29600.0,25700.0,333244.0
6603,276,2,2026-10-03,Late_Summer_Weekend,55944.0,222000.0,29600.0,25700.0,333244.0
6604,276,3,2026-10-03,Late_Summer_Weekend,47064.0,222000.0,29600.0,35300.0,333964.0
6605,276,4,2026-10-03,Late_Summer_Weekend,47064.0,222000.0,29600.0,34700.0,333364.0
6606,276,5,2026-10-03,Late_Summer_Weekend,57128.0,222000.0,40256.0,34400.0,353784.0
6607,276,6,2026-10-03,Late_Summer_Weekend,48544.0,198320.0,29600.0,33700.0,310164.0
6608,276,7,2026-10-03,Late_Summer_Weekend,48544.0,198320.0,29600.0,36900.0,313364.0
6609,276,8,2026-10-03,Late_Summer_Weekend,48544.0,242720.0,29600.0,36900.0,357764.0
6610,276,9,2026-10-03,Late_Summer_Weekend,100344.0,242720.0,29600.0,36900.0,409564.0
6611,276,10,2026-10-03,Late_Summer_Weekend,100344.0,242720.0,40256.0,27000.0,410320.0
6612,276,11,2026-10-03,Late_Summer_Weekend,107744.0,242720.0,40256.0,27000.0,417720.0
6613,276,12,2026-10-03,Late_Summer_Weekend,55944.0,242720.0,40256.0,27000.0,365920.0
6614,276,13,2026-10-03,Late_Summer_Weekend,174344.0,871720.0,40256.0,27000.0,1113320.0
6615,276,14,2026-10-03,Late_Summer_Weekend,174344.0,293040.0,40256.0,27000.0,534640.0
6616,276,15,2026-10-03,Late_Summer_Weekend,58608.0,293040.0,40256.0,16500.0,408404.0
6617,276,16,2026-10-03,Late_Summer_Weekend,66008.0,293040.0,40256.0,16200.0,415504.0
6618,276,17,2026-10-03,Late_Summer_Weekend,68672.0,293040.0,50912.0,15400.0,428024.0
6619,276,18,2026-10-03,Late_Summer_Weekend,71336.0,306360.0,50912.0,16000.0,444608.0
6620,276,19,2026-10-03,Late_Summer_Weekend,74000.0,306360.0,40256.0,15900.0,436516.0
6621,276,20,2026-10-03,Late_Summer_Weekend,74000.0,306360.0,40256.0,16500.0,437116.0
6622,276,21,2026-10-03,Late_Summer_Weekend,68672.0,293040.0,40256.0,16100.0,418068.0
6623,276,22,2026-10-03,Late_Summer_Weekend,61272.0,293040.0,29600.0,16100.0,400012.0
6624,276,23,2026-10-03,Late_Summer_Weekend,55944.0,266400.0,29600.0,16100.0,368044.0
6625,277,0,2026-10-04,Late_Summer_Weekend,55944.0,266400.0,29600.0,25700.0,377644.0
6626,277,1,2026-10-04,Late_Summer_Weekend,55944.0,222000.0,29600.0,25700.0,333244.0
6627,277,2,2026-10-04,Late_Summer_Weekend,55944.0,222000.0,29600.0,25700.0,333244.0
6628,277,3,2026-10-04,Late_Summer_Weekend,47064.0,222000.0,29600.0,35300.0,333964.0
6629,277,4,2026-10-04,Late_Summer_Weekend,47064.0,222000.0,29600.0,34700.0,333364.0
6630,277,5,2026-10-04,Late_Summer_Weekend,57128.0,222000.0,40256.0,34400.0,353784.0
6631,277,6,2026-10-04,Late_Summer_Weekend,48544.0,198320.0,29600.0,33700.0,310164.0
6632,277,7,2026-10-04,Late_Summer_Weekend,48544.0,198320.0,29600.0,36900.0,313364.0
6633,277,8,2026-10-04,Late_Summer_Weekend,48544.0,242720.0,29600.0,36900.0,357764.0
6634,277,9,2026-10-04,Late_Summer_Weekend,100344.0,242720.0,29600.0,36900.0,409564.0
6635,277,10,2026-10-04,Late_Summer_Weekend,100344.0,242720.0,40256.0,27000.0,410320.0
6636,277,11,2026-10-04,Late_Summer_Weekend,107744.0,242720.0,40256.0,27000.0,417720.0
6637,277,12,2026-10-04,Late_Summer_Weekend,55944.0,242720.0,40256.0,27000.0,365920.0
6638,277,13,2026-10-04,Late_Summer_Weekend,174344.0,871720.0,40256.0,27000.0,1113320.0
6639,277,14,2026-10-04,Late_Summer_Weekend,174344.0,293040.0,40256.0,27000.0,534640.0
6640,277,15,2026-10-04,Late_Summer_Weekend,58608.0,293040.0,40256.0,16500.0,408404.0
6641,277,16,2026-10-04,Late_Summer_Weekend,66008.0,293040.0,40256.0,16200.0,415504.0
6642,277,17,2026-10-04,Late_Summer_Weekend,68672.0,293040.0,50912.0,15400.0,428024.0
6643,277,18,2026-10-04,Late_Summer_Weekend,71336.0,306360.0,50912.0,16000.0,444608.0
6644,277,19,2026-10-04,Late_Summer_Weekend,74000.0,306360.0,40256.0,15900.0,436516.0
6645,277,20,2026-10-04,Late_Summer_Weekend,74000.0,306360.0,40256.0,16500.0,437116.0
6646,277,21,2026-10-04,Late_Summer_Weekend,68672.0,293040.0,40256.0,16100.0,418068.0
6647,277,22,2026-10-04,Late_Summer_Weekend,61272.0,293040.0,29600.0,16100.0,400012.0
6648,277,23,2026-10-04,Late_Summer_Weekend,55944.0,266400.0,29600.0,16100.0,368044.0
6649,278,0,2026-10-05,Late_Summer,47064.0,222000.0,29600.0,25300.0,323964.0
6650,278,1,2026-10-05,Late_Summer,47064.0,222000.0,29600.0,25300.0,323964.0
6651,278,2,2026-10-05,Late_Summer,47064.0,222000.0,29600.0,35800.0,334464.0
6652,278,3,2026-10-05,Late_Summer,47064.0,222000.0,29600.0,45400.0,344064.0
6653,278,4,2026-10-05,Late_Summer,47064.0,222000.0,29600.0,44800.0,343464.0
6654,278,5,2026-10-05,Late_Summer,57128.0,222000.0,40256.0,44500.0,363884.0
6655,278,6,2026-10-05,Late_Summer,48544.0,242720.0,29600.0,39560.0,360424.0
6656,278,7,2026-10-05,Late_Summer,48544.0,242720.0,29600.0,43360.0,364224.0
6657,278,8,2026-10-05,Late_Summer,48544.0,242720.0,29600.0,43360.0,364224.0
6658,278,9,2026-10-05,Late_Summer,48544.0,242720.0,29600.0,43360.0,364224.0
6659,278,10,2026-10-05,Late_Summer,48544.0,242720.0,40256.0,32860.0,364380.0
6660,278,11,2026-10-05,Late_Summer,48544.0,242720.0,40256.0,31395.0,362915.0
6661,278,12,2026-10-05,Late_Summer,39664.0,198320.0,40256.0,32860.0,311100.0
6662,278,13,2026-10-05,Late_Summer,47064.0,235320.0,40256.0,32860.0,355500.0
6663,278,14,2026-10-05,Late_Summer,47064.0,248640.0,40256.0,29930.0,365890.0
6664,278,15,2026-10-05,Late_Summer,49728.0,840640.0,40256.0,29930.0,960554.0
6665,278,16,2026-10-05,Late_Summer,66008.0,293040.0,40256.0,27300.0,426604.0
6666,278,17,2026-10-05,Late_Summer,68672.0,293040.0,50912.0,26100.0,438724.0
6667,278,18,2026-10-05,Late_Summer,71336.0,306360.0,50912.0,26700.0,455308.0
6668,278,19,2026-10-05,Late_Summer,74000.0,306360.0,40256.0,26600.0,447216.0
6669,278,20,2026-10-05,Late_Summer,74000.0,306360.0,40256.0,16700.0,437316.0
6670,278,21,2026-10-05,Late_Summer,61272.0,293040.0,40256.0,15700.0,410268.0
6671,278,22,2026-10-05,Late_Summer,52392.0,248640.0,29600.0,15700.0,346332.0
6672,278,23,2026-10-05,Late_Summer,47064.0,222000.0,29600.0,15700.0,314364.0
6673,279,0,2026-10-06,Late_Summer,47064.0,222000.0,29600.0,25300.0,323964.0
6674,279,1,2026-10-06,Late_Summer,47064.0,222000.0,29600.0,25300.0,323964.0
6675,279,2,2026-10-06,Late_Summer,47064.0,222000.0,29600.0,35800.0,334464.0
6676,279,3,2026-10-06,Late_Summer,47064.0,222000.0,29600.0,45400.0,344064.0
6677,279,4,2026-10-06,Late_Summer,47064.0,222000.0,29600.0,44800.0,343464.0
6678,279,5,2026-10-06,Late_Summer,57128.0,222000.0,40256.0,44500.0,363884.0
6679,279,6,2026-10-06,Late_Summer,48544.0,242720.0,29600.0,39560.0,360424.0
6680,279,7,2026-10-06,Late_Summer,48544.0,242720.0,29600.0,43360.0,364224.0
6681,279,8,2026-10-06,Late_Summer,48544.0,242720.0,29600.0,43360.0,364224.0
6682,279,9,2026-10-06,Late_Summer,48544.0,242720.0,29600.0,43360.0,364224.0
6683,279,10,2026-10-06,Late_Summer,48544.0,242720.0,40256.0,32860.0,364380.0
6684,279,11,2026-10-06,Late_Summer,48544.0,242720.0,40256.0,31395.0,362915.0
6685,279,12,2026-10-06,Late_Summer,39664.0,198320.0,40256.0,32860.0,311100.0
6686,279,13,2026-10-06,Late_Summer,47064.0,235320.0,40256.0,32860.0,355500.0
6687,279,14,2026-10-06,Late_Summer,47064.0,248640.0,40256.0,29930.0,365890.0
6688,279,15,2026-10-06,Late_Summer,49728.0,840640.0,40256.0,29930.0,960554.0
6689,279,16,2026-10-06,Late_Summer,66008.0,293040.0,40256.0,27300.0,426604.0
6690,279,17,2026-10-06,Late_Summer,68672.0,293040.0,50912.0,26100.0,438724.0
6691,279,18,2026-10-06,Late_Summer,71336.0,306360.0,50912.0,26700.0,455308.0
6692,279,19,2026-10-06,Late_Summer,74000.0,306360.0,40256.0,26600.0,447216.0
6693,279,20,2026-10-06,Late_Summer,74000.0,306360.0,40256.0,16700.0,437316.0
6694,279,21,2026-10-06,Late_Summer,61272.0,293040.0,40256.0,15700.0,410268.0
6695,279,22,2026-10-06,Late_Summer,52392.0,248640.0,29600.0,15700.0,346332.0
6696,279,23,2026-10-06,Late_Summer,47064.0,222000.0,29600.0,15700.0,314364.0
6697,280,0,2026-10-07,Late_Summer,47064.0,222000.0,29600.0,25300.0,323964.0
6698,280,1,2026-10-07,Late_Summer,47064.0,222000.0,29600.0,25300.0,323964.0
6699,280,2,2026-10-07,Late_Summer,47064.0,222000.0,29600.0,35800.0,334464.0
6700,280,3,2026-10-07,Late_Summer,47064.0,222000.0,29600.0,45400.0,344064.0
6701,280,4,2026-10-07,Late_Summer,47064.0,222000.0,29600.0,44800.0,343464.0
6702,280,5,2026-10-07,Late_Summer,57128.0,222000.0,40256.0,44500.0,363884.0
6703,280,6,2026-10-07,Late_Summer,48544.0,242720.0,29600.0,39560.0,360424.0
6704,280,7,2026-10-07,Late_Summer,48544.0,242720.0,29600.0,43360.0,364224.0
6705,280,8,2026-10-07,Late_Summer,48544.0,242720.0,29600.0,43360.0,364224.0
6706,280,9,2026-10-07,Late_Summer,48544.0,242720.0,29600.0,43360.0,364224.0
6707,280,10,2026-10-07,Late_Summer,48544.0,242720.0,40256.0,32860.0,364380.0
6708,280,11,2026-10-07,Late_Summer,48544.0,242720.0,40256.0,31395.0,362915.0
6709,280,12,2026-10-07,Late_Summer,39664.0,198320.0,40256.0,32860.0,311100.0
6710,280,13,2026-10-07,Late_Summer,47064.0,235320.0,40256.0,32860.0,355500.0
6711,280,14,2026-10-07,Late_Summer,47064.0,248640.0,40256.0,29930.0,365890.0
6712,280,15,2026-10-07,Late_Summer,49728.0,840640.0,40256.0,29930.0,960554.0
6713,280,16,2026-10-07,Late_Summer,66008.0,293040.0,40256.0,27300.0,426604.0
6714,280,17,2026-10-07,Late_Summer,68672.0,293040.0,50912.0,26100.0,438724.0
6715,280,18,2026-10-07,Late_Summer,71336.0,306360.0,50912.0,26700.0,455308.0
6716,280,19,2026-10-07,Late_Summer,74000.0,306360.0,40256.0,26600.0,447216.0
6717,280,20,2026-10-07,Late_Summer,74000.0,306360.0,40256.0,16700.0,437316.0
6718,280,21,2026-10-07,Late_Summer,61272.0,293040.0,40256.0,15700.0,410268.0
6719,280,22,2026-10-07,Late_Summer,52392.0,248640.0,29600.0,15700.0,346332.0
6720,280,23,2026-10-07,Late_Summer,47064.0,222000.0,29600.0,15700.0,314364.0
6721,281,0,2026-10-08,Late_Summer,47064.0,222000.0,29600.0,25300.0,323964.0
6722,281,1,2026-10-08,Late_Summer,47064.0,222000.0,29600.0,25300.0,323964.0
6723,281,2,2026-10-08,Late_Summer,47064.0,222000.0,29600.0,35800.0,334464.0
6724,281,3,2026-10-08,Late_Summer,47064.0,222000.0,29600.0,45400.0,344064.0
6725,281,4,2026-10-08,Late_Summer,47064.0,222000.0,29600.0,44800.0,343464.0
6726,281,5,2026-10-08,Late_Summer,57128.0,222000.0,40256.0,44500.0,363884.0
6727,281,6,2026-10-08,Late_Summer,48544.0,242720.0,29600.0,39560.0,360424.0
6728,281,7,2026-10-08,Late_Summer,48544.0,242720.0,29600.0,43360.0,364224.0
6729,281,8,2026-10-08,Late_Summer,48544.0,242720.0,29600.0,43360.0,364224.0
6730,281,9,2026-10-08,Late_Summer,48544.0,242720.0,29600.0,43360.0,364224.0
6731,281,10,2026-10-08,Late_Summer,48544.0,242720.0,40256.0,32860.0,364380.0
6732,281,11,2026-10-08,Late_Summer,48544.0,242720.0,40256.0,31395.0,362915.0
6733,281,12,2026-10-08,Late_Summer,39664.0,198320.0,40256.0,32860.0,311100.0
6734,281,13,2026-10-08,Late_Summer,47064.0,235320.0,40256.0,32860.0,355500.0
6735,281,14,2026-10-08,Late_Summer,47064.0,248640.0,40256.0,29930.0,365890.0
6736,281,15,2026-10-08,Late_Summer,49728.0,840640.0,40256.0,29930.0,960554.0
6737,281,16,2026-10-08,Late_Summer,66008.0,293040.0,40256.0,27300.0,426604.0
6738,281,17,2026-10-08,Late_Summer,68672.0,293040.0,50912.0,26100.0,438724.0
6739,281,18,2026-10-08,Late_Summer,71336.0,306360.0,50912.0,26700.0,455308.0
6740,281,19,2026-10-08,Late_Summer,74000.0,306360.0,40256.0,26600.0,447216.0
6741,281,20,2026-10-08,Late_Summer,74000.0,306360.0,40256.0,16700.0,437316.0
6742,281,21,2026-10-08,Late_Summer,61272.0,293040.0,40256.0,15700.0,410268.0
6743,281,22,2026-10-08,Late_Summer,52392.0,248640.0,29600.0,15700.0,346332.0
6744,281,23,2026-10-08,Late_Summer,47064.0,222000.0,29600.0,15700.0,314364.0
6745,282,0,2026-10-09,Late_Summer,47064.0,222000.0,29600.0,25300.0,323964.0
6746,282,1,2026-10-09,Late_Summer,47064.0,222000.0,29600.0,25300.0,323964.0
6747,282,2,2026-10-09,Late_Summer,47064.0,222000.0,29600.0,35800.0,334464.0
6748,282,3,2026-10-09,Late_Summer,47064.0,222000.0,29600.0,45400.0,344064.0
6749,282,4,2026-10-09,Late_Summer,47064.0,222000.0,29600.0,44800.0,343464.0
6750,282,5,2026-10-09,Late_Summer,57128.0,222000.0,40256.0,44500.0,363884.0
6751,282,6,2026-10-09,Late_Summer,48544.0,242720.0,29600.0,39560.0,360424.0
6752,282,7,2026-10-09,Late_Summer,48544.0,242720.0,29600.0,43360.0,364224.0
6753,282,8,2026-10-09,Late_Summer,48544.0,242720.0,29600.0,43360.0,364224.0
6754,282,9,2026-10-09,Late_Summer,48544.0,242720.0,29600.0,43360.0,364224.0
6755,282,10,2026-10-09,Late_Summer,48544.0,242720.0,40256.0,32860.0,364380.0
6756,282,11,2026-10-09,Late_Summer,48544.0,242720.0,40256.0,31395.0,362915.0
6757,282,12,2026-10-09,Late_Summer,39664.0,198320.0,40256.0,32860.0,311100.0
6758,282,13,2026-10-09,Late_Summer,47064.0,235320.0,40256.0,32860.0,355500.0
6759,282,14,2026-10-09,Late_Summer,47064.0,248640.0,40256.0,29930.0,365890.0
6760,282,15,2026-10-09,Late_Summer,49728.0,840640.0,40256.0,29930.0,960554.0
6761,282,16,2026-10-09,Late_Summer,66008.0,293040.0,40256.0,27300.0,426604.0
6762,282,17,2026-10-09,Late_Summer,68672.0,293040.0,50912.0,26100.0,438724.0
6763,282,18,2026-10-09,Late_Summer,71336.0,306360.0,50912.0,26700.0,455308.0
6764,282,19,2026-10-09,Late_Summer,74000.0,306360.0,40256.0,26600.0,447216.0
6765,282,20,2026-10-09,Late_Summer,74000.0,306360.0,40256.0,16700.0,437316.0
6766,282,21,2026-10-09,Late_Summer,61272.0,293040.0,40256.0,15700.0,410268.0
6767,282,22,2026-10-09,Late_Summer,52392.0,248640.0,29600.0,15700.0,346332.0
6768,282,23,2026-10-09,Late_Summer,47064.0,222000.0,29600.0,15700.0,314364.0
6769,283,0,2026-10-10,Late_Summer_Weekend,55944.0,266400.0,29600.0,25700.0,377644.0
6770,283,1,2026-10-10,Late_Summer_Weekend,55944.0,222000.0,29600.0,25700.0,333244.0
6771,283,2,2026-10-10,Late_Summer_Weekend,55944.0,222000.0,29600.0,25700.0,333244.0
6772,283,3,2026-10-10,Late_Summer_Weekend,47064.0,222000.0,29600.0,35300.0,333964.0
6773,283,4,2026-10-10,Late_Summer_Weekend,47064.0,222000.0,29600.0,34700.0,333364.0
6774,283,5,2026-10-10,Late_Summer_Weekend,57128.0,222000.0,40256.0,34400.0,353784.0
6775,283,6,2026-10-10,Late_Summer_Weekend,48544.0,198320.0,29600.0,33700.0,310164.0
6776,283,7,2026-10-10,Late_Summer_Weekend,48544.0,198320.0,29600.0,36900.0,313364.0
6777,283,8,2026-10-10,Late_Summer_Weekend,48544.0,242720.0,29600.0,36900.0,357764.0
6778,283,9,2026-10-10,Late_Summer_Weekend,100344.0,242720.0,29600.0,36900.0,409564.0
6779,283,10,2026-10-10,Late_Summer_Weekend,100344.0,242720.0,40256.0,27000.0,410320.0
6780,283,11,2026-10-10,Late_Summer_Weekend,107744.0,242720.0,40256.0,27000.0,417720.0
6781,283,12,2026-10-10,Late_Summer_Weekend,55944.0,242720.0,40256.0,27000.0,365920.0
6782,283,13,2026-10-10,Late_Summer_Weekend,174344.0,871720.0,40256.0,27000.0,1113320.0
6783,283,14,2026-10-10,Late_Summer_Weekend,174344.0,293040.0,40256.0,27000.0,534640.0
6784,283,15,2026-10-10,Late_Summer_Weekend,58608.0,293040.0,40256.0,16500.0,408404.0
6785,283,16,2026-10-10,Late_Summer_Weekend,66008.0,293040.0,40256.0,16200.0,415504.0
6786,283,17,2026-10-10,Late_Summer_Weekend,68672.0,293040.0,50912.0,15400.0,428024.0
6787,283,18,2026-10-10,Late_Summer_Weekend,71336.0,306360.0,50912.0,16000.0,444608.0
6788,283,19,2026-10-10,Late_Summer_Weekend,74000.0,306360.0,40256.0,15900.0,436516.0
6789,283,20,2026-10-10,Late_Summer_Weekend,74000.0,306360.0,40256.0,16500.0,437116.0
6790,283,21,2026-10-10,Late_Summer_Weekend,68672.0,293040.0,40256.0,16100.0,418068.0
6791,283,22,2026-10-10,Late_Summer_Weekend,61272.0,293040.0,29600.0,16100.0,400012.0
6792,283,23,2026-10-10,Late_Summer_Weekend,55944.0,266400.0,29600.0,16100.0,368044.0
6793,284,0,2026-10-11,Late_Summer_Weekend,55944.0,266400.0,29600.0,25700.0,377644.0
6794,284,1,2026-10-11,Late_Summer_Weekend,55944.0,222000.0,29600.0,25700.0,333244.0
6795,284,2,2026-10-11,Late_Summer_Weekend,55944.0,222000.0,29600.0,25700.0,333244.0
6796,284,3,2026-10-11,Late_Summer_Weekend,47064.0,222000.0,29600.0,35300.0,333964.0
6797,284,4,2026-10-11,Late_Summer_Weekend,47064.0,222000.0,29600.0,34700.0,333364.0
6798,284,5,2026-10-11,Late_Summer_Weekend,57128.0,222000.0,40256.0,34400.0,353784.0
6799,284,6,2026-10-11,Late_Summer_Weekend,48544.0,198320.0,29600.0,33700.0,310164.0
6800,284,7,2026-10-11,Late_Summer_Weekend,48544.0,198320.0,29600.0,36900.0,313364.0
6801,284,8,2026-10-11,Late_Summer_Weekend,48544.0,242720.0,29600.0,36900.0,357764.0
6802,284,9,2026-10-11,Late_Summer_Weekend,100344.0,242720.0,29600.0,36900.0,409564.0
6803,284,10,2026-10-11,Late_Summer_Weekend,100344.0,242720.0,40256.0,27000.0,410320.0
6804,284,11,2026-10-11,Late_Summer_Weekend,107744.0,242720.0,40256.0,27000.0,417720.0
6805,284,12,2026-10-11,Late_Summer_Weekend,55944.0,242720.0,40256.0,27000.0,365920.0
6806,284,13,2026-10-11,Late_Summer_Weekend,174344.0,871720.0,40256.0,27000.0,1113320.0
6807,284,14,2026-10-11,Late_Summer_Weekend,174344.0,293040.0,40256.0,27000.0,534640.0
6808,284,15,2026-10-11,Late_Summer_Weekend,58608.0,293040.0,40256.0,16500.0,408404.0
6809,284,16,2026-10-11,Late_Summer_Weekend,66008.0,293040.0,40256.0,16200.0,415504.0
6810,284,17,2026-10-11,Late_Summer_Weekend,68672.0,293040.0,50912.0,15400.0,428024.0
6811,284,18,2026-10-11,Late_Summer_Weekend,71336.0,306360.0,50912.0,16000.0,444608.0
6812,284,19,2026-10-11,Late_Summer_Weekend,74000.0,306360.0,40256.0,15900.0,436516.0
6813,284,20,2026-10-11,Late_Summer_Weekend,74000.0,306360.0,40256.0,16500.0,437116.0
6814,284,21,2026-10-11,Late_Summer_Weekend,68672.0,293040.0,40256.0,16100.0,418068.0
6815,284,22,2026-10-11,Late_Summer_Weekend,61272.0,293040.0,29600.0,16100.0,400012.0
6816,284,23,2026-10-11,Late_Summer_Weekend,55944.0,266400.0,29600.0,16100.0,368044.0
6817,285,0,2026-10-12,Late_Summer,47064.0,222000.0,29600.0,25300.0,323964.0
6818,285,1,2026-10-12,Late_Summer,47064.0,222000.0,29600.0,25300.0,323964.0
6819,285,2,2026-10-12,Late_Summer,47064.0,222000.0,29600.0,35800.0,334464.0
6820,285,3,2026-10-12,Late_Summer,47064.0,222000.0,29600.0,45400.0,344064.0
6821,285,4,2026-10-12,Late_Summer,47064.0,222000.0,29600.0,44800.0,343464.0
6822,285,5,2026-10-12,Late_Summer,57128.0,222000.0,40256.0,44500.0,363884.0
6823,285,6,2026-10-12,Late_Summer,48544.0,242720.0,29600.0,39560.0,360424.0
6824,285,7,2026-10-12,Late_Summer,48544.0,242720.0,29600.0,43360.0,364224.0
6825,285,8,2026-10-12,Late_Summer,48544.0,242720.0,29600.0,43360.0,364224.0
6826,285,9,2026-10-12,Late_Summer,48544.0,242720.0,29600.0,43360.0,364224.0
6827,285,10,2026-10-12,Late_Summer,48544.0,242720.0,40256.0,32860.0,364380.0
6828,285,11,2026-10-12,Late_Summer,48544.0,242720.0,40256.0,31395.0,362915.0
6829,285,12,2026-10-12,Late_Summer,39664.0,198320.0,40256.0,32860.0,311100.0
6830,285,13,2026-10-12,Late_Summer,47064.0,235320.0,40256.0,32860.0,355500.0
6831,285,14,2026-10-12,Late_Summer,47064.0,248640.0,40256.0,29930.0,365890.0
6832,285,15,2026-10-12,Late_Summer,49728.0,840640.0,40256.0,29930.0,960554.0
6833,285,16,2026-10-12,Late_Summer,66008.0,293040.0,40256.0,27300.0,426604.0
6834,285,17,2026-10-12,Late_Summer,68672.0,293040.0,50912.0,26100.0,438724.0
6835,285,18,2026-10-12,Late_Summer,71336.0,306360.0,50912.0,26700.0,455308.0
6836,285,19,2026-10-12,Late_Summer,74000.0,306360.0,40256.0,26600.0,447216.0
6837,285,20,2026-10-12,Late_Summer,74000.0,306360.0,40256.0,16700.0,437316.0
6838,285,21,2026-10-12,Late_Summer,61272.0,293040.0,40256.0,15700.0,410268.0
6839,285,22,2026-10-12,Late_Summer,52392.0,248640.0,29600.0,15700.0,346332.0
6840,285,23,2026-10-12,Late_Summer,47064.0,222000.0,29600.0,15700.0,314364.0
6841,286,0,2026-10-13,Late_Summer,47064.0,222000.0,29600.0,25300.0,323964.0
6842,286,1,2026-10-13,Late_Summer,47064.0,222000.0,29600.0,25300.0,323964.0
6843,286,2,2026-10-13,Late_Summer,47064.0,222000.0,29600.0,35800.0,334464.0
6844,286,3,2026-10-13,Late_Summer,47064.0,222000.0,29600.0,45400.0,344064.0
6845,286,4,2026-10-13,Late_Summer,47064.0,222000.0,29600.0,44800.0,343464.0
6846,286,5,2026-10-13,Late_Summer,57128.0,222000.0,40256.0,44500.0,363884.0
6847,286,6,2026-10-13,Late_Summer,48544.0,242720.0,29600.0,39560.0,360424.0
6848,286,7,2026-10-13,Late_Summer,48544.0,242720.0,29600.0,43360.0,364224.0
6849,286,8,2026-10-13,Late_Summer,48544.0,242720.0,29600.0,43360.0,364224.0
6850,286,9,2026-10-13,Late_Summer,48544.0,242720.0,29600.0,43360.0,364224.0
6851,286,10,2026-10-13,Late_Summer,48544.0,242720.0,40256.0,32860.0,364380.0
6852,286,11,2026-10-13,Late_Summer,48544.0,242720.0,40256.0,31395.0,362915.0
6853,286,12,2026-10-13,Late_Summer,39664.0,198320.0,40256.0,32860.0,311100.0
6854,286,13,2026-10-13,Late_Summer,47064.0,235320.0,40256.0,32860.0,355500.0
6855,286,14,2026-10-13,Late_Summer,47064.0,248640.0,40256.0,29930.0,365890.0
6856,286,15,2026-10-13,Late_Summer,49728.0,840640.0,40256.0,29930.0,960554.0
6857,286,16,2026-10-13,Late_Summer,66008.0,293040.0,40256.0,27300.0,426604.0
6858,286,17,2026-10-13,Late_Summer,68672.0,293040.0,50912.0,26100.0,438724.0
6859,286,18,2026-10-13,Late_Summer,71336.0,306360.0,50912.0,26700.0,455308.0
6860,286,19,2026-10-13,Late_Summer,74000.0,306360.0,40256.0,26600.0,447216.0
6861,286,20,2026-10-13,Late_Summer,74000.0,306360.0,40256.0,16700.0,437316.0
6862,286,21,2026-10-13,Late_Summer,61272.0,293040.0,40256.0,15700.0,410268.0
6863,286,22,2026-10-13,Late_Summer,52392.0,248640.0,29600.0,15700.0,346332.0
6864,286,23,2026-10-13,Late_Summer,47064.0,222000.0,29600.0,15700.0,314364.0
6865,287,0,2026-10-14,Late_Summer,47064.0,222000.0,29600.0,25300.0,323964.0
6866,287,1,2026-10-14,Late_Summer,47064.0,222000.0,29600.0,25300.0,323964.0
6867,287,2,2026-10-14,Late_Summer,47064.0,222000.0,29600.0,35800.0,334464.0
6868,287,3,2026-10-14,Late_Summer,47064.0,222000.0,29600.0,45400.0,344064.0
6869,287,4,2026-10-14,Late_Summer,47064.0,222000.0,29600.0,44800.0,343464.0
6870,287,5,2026-10-14,Late_Summer,57128.0,222000.0,40256.0,44500.0,363884.0
6871,287,6,2026-10-14,Late_Summer,48544.0,242720.0,29600.0,39560.0,360424.0
6872,287,7,2026-10-14,Late_Summer,48544.0,242720.0,29600.0,43360.0,364224.0
6873,287,8,2026-10-14,Late_Summer,48544.0,242720.0,29600.0,43360.0,364224.0
6874,287,9,2026-10-14,Late_Summer,48544.0,242720.0,29600.0,43360.0,364224.0
6875,287,10,2026-10-14,Late_Summer,48544.0,242720.0,40256.0,32860.0,364380.0
6876,287,11,2026-10-14,Late_Summer,48544.0,242720.0,40256.0,31395.0,362915.0
6877,287,12,2026-10-14,Late_Summer,39664.0,198320.0,40256.0,32860.0,311100.0
6878,287,13,2026-10-14,Late_Summer,47064.0,235320.0,40256.0,32860.0,355500.0
6879,287,14,2026-10-14,Late_Summer,47064.0,248640.0,40256.0,29930.0,365890.0
6880,287,15,2026-10-14,Late_Summer,49728.0,840640.0,40256.0,29930.0,960554.0
6881,287,16,2026-10-14,Late_Summer,66008.0,293040.0,40256.0,27300.0,426604.0
6882,287,17,2026-10-14,Late_Summer,68672.0,293040.0,50912.0,26100.0,438724.0
6883,287,18,2026-10-14,Late_Summer,71336.0,306360.0,50912.0,26700.0,455308.0
6884,287,19,2026-10-14,Late_Summer,74000.0,306360.0,40256.0,26600.0,447216.0
6885,287,20,2026-10-14,Late_Summer,74000.0,306360.0,40256.0,16700.0,437316.0
6886,287,21,2026-10-14,Late_Summer,61272.0,293040.0,40256.0,15700.0,410268.0
6887,287,22,2026-10-14,Late_Summer,52392.0,248640.0,29600.0,15700.0,346332.0
6888,287,23,2026-10-14,Late_Summer,47064.0,222000.0,29600.0,15700.0,314364.0
6889,288,0,2026-10-15,Late_Summer,47064.0,222000.0,29600.0,25300.0,323964.0
6890,288,1,2026-10-15,Late_Summer,47064.0,222000.0,29600.0,25300.0,323964.0
6891,288,2,2026-10-15,Late_Summer,47064.0,222000.0,29600.0,35800.0,334464.0
6892,288,3,2026-10-15,Late_Summer,47064.0,222000.0,29600.0,45400.0,344064.0
6893,288,4,2026-10-15,Late_Summer,47064.0,222000.0,29600.0,44800.0,343464.0
6894,288,5,2026-10-15,Late_Summer,57128.0,222000.0,40256.0,44500.0,363884.0
6895,288,6,2026-10-15,Late_Summer,48544.0,242720.0,29600.0,39560.0,360424.0
6896,288,7,2026-10-15,Late_Summer,48544.0,242720.0,29600.0,43360.0,364224.0
6897,288,8,2026-10-15,Late_Summer,48544.0,242720.0,29600.0,43360.0,364224.0
6898,288,9,2026-10-15,Late_Summer,48544.0,242720.0,29600.0,43360.0,364224.0
6899,288,10,2026-10-15,Late_Summer,48544.0,242720.0,40256.0,32860.0,364380.0
6900,288,11,2026-10-15,Late_Summer,48544.0,242720.0,40256.0,31395.0,362915.0
6901,288,12,2026-10-15,Late_Summer,39664.0,198320.0,40256.0,32860.0,311100.0
6902,288,13,2026-10-15,Late_Summer,47064.0,235320.0,40256.0,32860.0,355500.0
6903,288,14,2026-10-15,Late_Summer,47064.0,248640.0,40256.0,29930.0,365890.0
6904,288,15,2026-10-15,Late_Summer,49728.0,840640.0,40256.0,29930.0,960554.0
6905,288,16,2026-10-15,Late_Summer,66008.0,293040.0,40256.0,27300.0,426604.0
6906,288,17,2026-10-15,Late_Summer,68672.0,293040.0,50912.0,26100.0,438724.0
6907,288,18,2026-10-15,Late_Summer,71336.0,306360.0,50912.0,26700.0,455308.0
6908,288,19,2026-10-15,Late_Summer,74000.0,306360.0,40256.0,26600.0,447216.0
6909,288,20,2026-10-15,Late_Summer,74000.0,306360.0,40256.0,16700.0,437316.0
6910,288,21,2026-10-15,Late_Summer,61272.0,293040.0,40256.0,15700.0,410268.0
6911,288,22,2026-10-15,Late_Summer,52392.0,248640.0,29600.0,15700.0,346332.0
6912,288,23,2026-10-15,Late_Summer,47064.0,222000.0,29600.0,15700.0,314364.0
6913,289,0,2026-10-16,Late_Summer,47064.0,222000.0,29600.0,25300.0,323964.0
6914,289,1,2026-10-16,Late_Summer,47064.0,222000.0,29600.0,25300.0,323964.0
6915,289,2,2026-10-16,Late_Summer,47064.0,222000.0,29600.0,35800.0,334464.0
6916,289,3,2026-10-16,Late_Summer,47064.0,222000.0,29600.0,45400.0,344064.0
6917,289,4,2026-10-16,Late_Summer,47064.0,222000.0,29600.0,44800.0,343464.0
6918,289,5,2026-10-16,Late_Summer,57128.0,222000.0,40256.0,44500.0,363884.0
6919,289,6,2026-10-16,Late_Summer,48544.0,242720.0,29600.0,39560.0,360424.0
6920,289,7,2026-10-16,Late_Summer,48544.0,242720.0,29600.0,43360.0,364224.0
6921,289,8,2026-10-16,Late_Summer,48544.0,242720.0,29600.0,43360.0,364224.0
6922,289,9,2026-10-16,Late_Summer,48544.0,242720.0,29600.0,43360.0,364224.0
6923,289,10,2026-10-16,Late_Summer,48544.0,242720.0,40256.0,32860.0,364380.0
6924,289,11,2026-10-16,Late_Summer,48544.0,242720.0,40256.0,31395.0,362915.0
6925,289,12,2026-10-16,Late_Summer,39664.0,198320.0,40256.0,32860.0,311100.0
6926,289,13,2026-10-16,Late_Summer,47064.0,235320.0,40256.0,32860.0,355500.0
6927,289,14,2026-10-16,Late_Summer,47064.0,248640.0,40256.0,29930.0,365890.0
6928,289,15,2026-10-16,Late_Summer,49728.0,840640.0,40256.0,29930.0,960554.0
6929,289,16,2026-10-16,Late_Summer,66008.0,293040.0,40256.0,27300.0,426604.0
6930,289,17,2026-10-16,Late_Summer,68672.0,293040.0,50912.0,26100.0,438724.0
6931,289,18,2026-10-16,Late_Summer,71336.0,306360.0,50912.0,26700.0,455308.0
6932,289,19,2026-10-16,Late_Summer,74000.0,306360.0,40256.0,26600.0,447216.0
6933,289,20,2026-10-16,Late_Summer,74000.0,306360.0,40256.0,16700.0,437316.0
6934,289,21,2026-10-16,Late_Summer,61272.0,293040.0,40256.0,15700.0,410268.0
6935,289,22,2026-10-16,Late_Summer,52392.0,248640.0,29600.0,15700.0,346332.0
6936,289,23,2026-10-16,Late_Summer,47064.0,222000.0,29600.0,15700.0,314364.0
6937,290,0,2026-10-17,Late_Summer_Weekend,55944.0,266400.0,29600.0,25700.0,377644.0
6938,290,1,2026-10-17,Late_Summer_Weekend,55944.0,222000.0,29600.0,25700.0,333244.0
6939,290,2,2026-10-17,Late_Summer_Weekend,55944.0,222000.0,29600.0,25700.0,333244.0
6940,290,3,2026-10-17,Late_Summer_Weekend,47064.0,222000.0,29600.0,35300.0,333964.0
6941,290,4,2026-10-17,Late_Summer_Weekend,47064.0,222000.0,29600.0,34700.0,333364.0
6942,290,5,2026-10-17,Late_Summer_Weekend,57128.0,222000.0,40256.0,34400.0,353784.0
6943,290,6,2026-10-17,Late_Summer_Weekend,48544.0,198320.0,29600.0,33700.0,310164.0
6944,290,7,2026-10-17,Late_Summer_Weekend,48544.0,198320.0,29600.0,36900.0,313364.0
6945,290,8,2026-10-17,Late_Summer_Weekend,48544.0,242720.0,29600.0,36900.0,357764.0
6946,290,9,2026-10-17,Late_Summer_Weekend,100344.0,242720.0,29600.0,36900.0,409564.0
6947,290,10,2026-10-17,Late_Summer_Weekend,100344.0,242720.0,40256.0,27000.0,410320.0
6948,290,11,2026-10-17,Late_Summer_Weekend,107744.0,242720.0,40256.0,27000.0,417720.0
6949,290,12,2026-10-17,Late_Summer_Weekend,55944.0,242720.0,40256.0,27000.0,365920.0
6950,290,13,2026-10-17,Late_Summer_Weekend,174344.0,871720.0,40256.0,27000.0,1113320.0
6951,290,14,2026-10-17,Late_Summer_Weekend,174344.0,293040.0,40256.0,27000.0,534640.0
6952,290,15,2026-10-17,Late_Summer_Weekend,58608.0,293040.0,40256.0,16500.0,408404.0
6953,290,16,2026-10-17,Late_Summer_Weekend,66008.0,293040.0,40256.0,16200.0,415504.0
6954,290,17,2026-10-17,Late_Summer_Weekend,68672.0,293040.0,50912.0,15400.0,428024.0
6955,290,18,2026-10-17,Late_Summer_Weekend,71336.0,306360.0,50912.0,16000.0,444608.0
6956,290,19,2026-10-17,Late_Summer_Weekend,74000.0,306360.0,40256.0,15900.0,436516.0
6957,290,20,2026-10-17,Late_Summer_Weekend,74000.0,306360.0,40256.0,16500.0,437116.0
6958,290,21,2026-10-17,Late_Summer_Weekend,68672.0,293040.0,40256.0,16100.0,418068.0
6959,290,22,2026-10-17,Late_Summer_Weekend,61272.0,293040.0,29600.0,16100.0,400012.0
6960,290,23,2026-10-17,Late_Summer_Weekend,55944.0,266400.0,29600.0,16100.0,368044.0
6961,291,0,2026-10-18,Late_Summer_Weekend,55944.0,266400.0,29600.0,25700.0,377644.0
6962,291,1,2026-10-18,Late_Summer_Weekend,55944.0,222000.0,29600.0,25700.0,333244.0
6963,291,2,2026-10-18,Late_Summer_Weekend,55944.0,222000.0,29600.0,25700.0,333244.0
6964,291,3,2026-10-18,Late_Summer_Weekend,47064.0,222000.0,29600.0,35300.0,333964.0
6965,291,4,2026-10-18,Late_Summer_Weekend,47064.0,222000.0,29600.0,34700.0,333364.0
6966,291,5,2026-10-18,Late_Summer_Weekend,57128.0,222000.0,40256.0,34400.0,353784.0
6967,291,6,2026-10-18,Late_Summer_Weekend,48544.0,198320.0,29600.0,33700.0,310164.0
6968,291,7,2026-10-18,Late_Summer_Weekend,48544.0,198320.0,29600.0,36900.0,313364.0
6969,291,8,2026-10-18,Late_Summer_Weekend,48544.0,242720.0,29600.0,36900.0,357764.0
6970,291,9,2026-10-18,Late_Summer_Weekend,100344.0,242720.0,29600.0,36900.0,409564.0
6971,291,10,2026-10-18,Late_Summer_Weekend,100344.0,242720.0,40256.0,27000.0,410320.0
6972,291,11,2026-10-18,Late_Summer_Weekend,107744.0,242720.0,40256.0,27000.0,417720.0
6973,291,12,2026-10-18,Late_Summer_Weekend,55944.0,242720.0,40256.0,27000.0,365920.0
6974,291,13,2026-10-18,Late_Summer_Weekend,174344.0,871720.0,40256.0,27000.0,1113320.0
6975,291,14,2026-10-18,Late_Summer_Weekend,174344.0,293040.0,40256.0,27000.0,534640.0
6976,291,15,2026-10-18,Late_Summer_Weekend,58608.0,293040.0,40256.0,16500.0,408404.0
6977,291,16,2026-10-18,Late_Summer_Weekend,66008.0,293040.0,40256.0,16200.0,415504.0
6978,291,17,2026-10-18,Late_Summer_Weekend,68672.0,293040.0,50912.0,15400.0,428024.0
6979,291,18,2026-10-18,Late_Summer_Weekend,71336.0,306360.0,50912.0,16000.0,444608.0
6980,291,19,2026-10-18,Late_Summer_Weekend,74000.0,306360.0,40256.0,15900.0,436516.0
6981,291,20,2026-10-18,Late_Summer_Weekend,74000.0,306360.0,40256.0,16500.0,437116.0
6982,291,21,2026-10-18,Late_Summer_Weekend,68672.0,293040.0,40256.0,16100.0,418068.0
6983,291,22,2026-10-18,Late_Summer_Weekend,61272.0,293040.0,29600.0,16100.0,400012.0
6984,291,23,2026-10-18,Late_Summer_Weekend,55944.0,266400.0,29600.0,16100.0,368044.0
6985,292,0,2026-10-19,Late_Summer,47064.0,222000.0,29600.0,25300.0,323964.0
6986,292,1,2026-10-19,Late_Summer,47064.0,222000.0,29600.0,25300.0,323964.0
6987,292,2,2026-10-19,Late_Summer,47064.0,222000.0,29600.0,35800.0,334464.0
6988,292,3,2026-10-19,Late_Summer,47064.0,222000.0,29600.0,45400.0,344064.0
6989,292,4,2026-10-19,Late_Summer,47064.0,222000.0,29600.0,44800.0,343464.0
6990,292,5,2026-10-19,Late_Summer,57128.0,222000.0,40256.0,44500.0,363884.0
6991,292,6,2026-10-19,Late_Summer,48544.0,242720.0,29600.0,39560.0,360424.0
6992,292,7,2026-10-19,Late_Summer,48544.0,242720.0,29600.0,43360.0,364224.0
6993,292,8,2026-10-19,Late_Summer,48544.0,242720.0,29600.0,43360.0,364224.0
6994,292,9,2026-10-19,Late_Summer,48544.0,242720.0,29600.0,43360.0,364224.0
6995,292,10,2026-10-19,Late_Summer,48544.0,242720.0,40256.0,32860.0,364380.0
6996,292,11,2026-10-19,Late_Summer,48544.0,242720.0,40256.0,31395.0,362915.0
6997,292,12,2026-10-19,Late_Summer,39664.0,198320.0,40256.0,32860.0,311100.0
6998,292,13,2026-10-19,Late_Summer,47064.0,235320.0,40256.0,32860.0,355500.0
6999,292,14,2026-10-19,Late_Summer,47064.0,248640.0,40256.0,29930.0,365890.0
7000,292,15,2026-10-19,Late_Summer,49728.0,840640.0,40256.0,29930.0,960554.0
7001,292,16,2026-10-19,Late_Summer,66008.0,293040.0,40256.0,27300.0,426604.0
7002,292,17,2026-10-19,Late_Summer,68672.0,293040.0,50912.0,26100.0,438724.0
7003,292,18,2026-10-19,Late_Summer,71336.0,306360.0,50912.0,26700.0,455308.0
7004,292,19,2026-10-19,Late_Summer,74000.0,306360.0,40256.0,26600.0,447216.0
7005,292,20,2026-10-19,Late_Summer,74000.0,306360.0,40256.0,16700.0,437316.0
7006,292,21,2026-10-19,Late_Summer,61272.0,293040.0,40256.0,15700.0,410268.0
7007,292,22,2026-10-19,Late_Summer,52392.0,248640.0,29600.0,15700.0,346332.0
7008,292,23,2026-10-19,Late_Summer,47064.0,222000.0,29600.0,15700.0,314364.0
7009,293,0,2026-10-20,Late_Summer,47064.0,222000.0,29600.0,25300.0,323964.0
7010,293,1,2026-10-20,Late_Summer,47064.0,222000.0,29600.0,25300.0,323964.0
7011,293,2,2026-10-20,Late_Summer,47064.0,222000.0,29600.0,35800.0,334464.0
7012,293,3,2026-10-20,Late_Summer,47064.0,222000.0,29600.0,45400.0,344064.0
7013,293,4,2026-10-20,Late_Summer,47064.0,222000.0,29600.0,44800.0,343464.0
7014,293,5,2026-10-20,Late_Summer,57128.0,222000.0,40256.0,44500.0,363884.0
7015,293,6,2026-10-20,Late_Summer,48544.0,242720.0,29600.0,39560.0,360424.0
7016,293,7,2026-10-20,Late_Summer,48544.0,242720.0,29600.0,43360.0,364224.0
7017,293,8,2026-10-20,Late_Summer,48544.0,242720.0,29600.0,43360.0,364224.0
7018,293,9,2026-10-20,Late_Summer,48544.0,242720.0,29600.0,43360.0,364224.0
7019,293,10,2026-10-20,Late_Summer,48544.0,242720.0,40256.0,32860.0,364380.0
7020,293,11,2026-10-20,Late_Summer,48544.0,242720.0,40256.0,31395.0,362915.0
7021,293,12,2026-10-20,Late_Summer,39664.0,198320.0,40256.0,32860.0,311100.0
7022,293,13,2026-10-20,Late_Summer,47064.0,235320.0,40256.0,32860.0,355500.0
7023,293,14,2026-10-20,Late_Summer,47064.0,248640.0,40256.0,29930.0,365890.0
7024,293,15,2026-10-20,Late_Summer,49728.0,840640.0,40256.0,29930.0,960554.0
7025,293,16,2026-10-20,Late_Summer,66008.0,293040.0,40256.0,27300.0,426604.0
7026,293,17,2026-10-20,Late_Summer,68672.0,293040.0,50912.0,26100.0,438724.0
7027,293,18,2026-10-20,Late_Summer,71336.0,306360.0,50912.0,26700.0,455308.0
7028,293,19,2026-10-20,Late_Summer,74000.0,306360.0,40256.0,26600.0,447216.0
7029,293,20,2026-10-20,Late_Summer,74000.0,306360.0,40256.0,16700.0,437316.0
7030,293,21,2026-10-20,Late_Summer,61272.0,293040.0,40256.0,15700.0,410268.0
7031,293,22,2026-10-20,Late_Summer,52392.0,248640.0,29600.0,15700.0,346332.0
7032,293,23,2026-10-20,Late_Summer,47064.0,222000.0,29600.0,15700.0,314364.0
7033,294,0,2026-10-21,Late_Summer,47064.0,222000.0,29600.0,25300.0,323964.0
7034,294,1,2026-10-21,Late_Summer,47064.0,222000.0,29600.0,25300.0,323964.0
7035,294,2,2026-10-21,Late_Summer,47064.0,222000.0,29600.0,35800.0,334464.0
7036,294,3,2026-10-21,Late_Summer,47064.0,222000.0,29600.0,45400.0,344064.0
7037,294,4,2026-10-21,Late_Summer,47064.0,222000.0,29600.0,44800.0,343464.0
7038,294,5,2026-10-21,Late_Summer,57128.0,222000.0,40256.0,44500.0,363884.0
7039,294,6,2026-10-21,Late_Summer,48544.0,242720.0,29600.0,39560.0,360424.0
7040,294,7,2026-10-21,Late_Summer,48544.0,242720.0,29600.0,43360.0,364224.0
7041,294,8,2026-10-21,Late_Summer,48544.0,242720.0,29600.0,43360.0,364224.0
7042,294,9,2026-10-21,Late_Summer,48544.0,242720.0,29600.0,43360.0,364224.0
7043,294,10,2026-10-21,Late_Summer,48544.0,242720.0,40256.0,32860.0,364380.0
7044,294,11,2026-10-21,Late_Summer,48544.0,242720.0,40256.0,31395.0,362915.0
7045,294,12,2026-10-21,Late_Summer,39664.0,198320.0,40256.0,32860.0,311100.0
7046,294,13,2026-10-21,Late_Summer,47064.0,235320.0,40256.0,32860.0,355500.0
7047,294,14,2026-10-21,Late_Summer,47064.0,248640.0,40256.0,29930.0,365890.0
7048,294,15,2026-10-21,Late_Summer,49728.0,840640.0,40256.0,29930.0,960554.0
7049,294,16,2026-10-21,Late_Summer,66008.0,293040.0,40256.0,27300.0,426604.0
7050,294,17,2026-10-21,Late_Summer,68672.0,293040.0,50912.0,26100.0,438724.0
7051,294,18,2026-10-21,Late_Summer,71336.0,306360.0,50912.0,26700.0,455308.0
7052,294,19,2026-10-21,Late_Summer,74000.0,306360.0,40256.0,26600.0,447216.0
7053,294,20,2026-10-21,Late_Summer,74000.0,306360.0,40256.0,16700.0,437316.0
7054,294,21,2026-10-21,Late_Summer,61272.0,293040.0,40256.0,15700.0,410268.0
7055,294,22,2026-10-21,Late_Summer,52392.0,248640.0,29600.0,15700.0,346332.0
7056,294,23,2026-10-21,Late_Summer,47064.0,222000.0,29600.0,15700.0,314364.0
7057,295,0,2026-10-22,Late_Summer,47064.0,222000.0,29600.0,25300.0,323964.0
7058,295,1,2026-10-22,Late_Summer,47064.0,222000.0,29600.0,25300.0,323964.0
7059,295,2,2026-10-22,Late_Summer,47064.0,222000.0,29600.0,35800.0,334464.0
7060,295,3,2026-10-22,Late_Summer,47064.0,222000.0,29600.0,45400.0,344064.0
7061,295,4,2026-10-22,Late_Summer,47064.0,222000.0,29600.0,44800.0,343464.0
7062,295,5,2026-10-22,Late_Summer,57128.0,222000.0,40256.0,44500.0,363884.0
7063,295,6,2026-10-22,Late_Summer,48544.0,242720.0,29600.0,39560.0,360424.0
7064,295,7,2026-10-22,Late_Summer,48544.0,242720.0,29600.0,43360.0,364224.0
7065,295,8,2026-10-22,Late_Summer,48544.0,242720.0,29600.0,43360.0,364224.0
7066,295,9,2026-10-22,Late_Summer,48544.0,242720.0,29600.0,43360.0,364224.0
7067,295,10,2026-10-22,Late_Summer,48544.0,242720.0,40256.0,32860.0,364380.0
7068,295,11,2026-10-22,Late_Summer,48544.0,242720.0,40256.0,31395.0,362915.0
7069,295,12,2026-10-22,Late_Summer,39664.0,198320.0,40256.0,32860.0,311100.0
7070,295,13,2026-10-22,Late_Summer,47064.0,235320.0,40256.0,32860.0,355500.0
7071,295,14,2026-10-22,Late_Summer,47064.0,248640.0,40256.0,29930.0,365890.0
7072,295,15,2026-10-22,Late_Summer,49728.0,840640.0,40256.0,29930.0,960554.0
7073,295,16,2026-10-22,Late_Summer,66008.0,293040.0,40256.0,27300.0,426604.0
7074,295,17,2026-10-22,Late_Summer,68672.0,293040.0,50912.0,26100.0,438724.0
7075,295,18,2026-10-22,Late_Summer,71336.0,306360.0,50912.0,26700.0,455308.0
7076,295,19,2026-10-22,Late_Summer,74000.0,306360.0,40256.0,26600.0,447216.0
7077,295,20,2026-10-22,Late_Summer,74000.0,306360.0,40256.0,16700.0,437316.0
7078,295,21,2026-10-22,Late_Summer,61272.0,293040.0,40256.0,15700.0,410268.0
7079,295,22,2026-10-22,Late_Summer,52392.0,248640.0,29600.0,15700.0,346332.0
7080,295,23,2026-10-22,Late_Summer,47064.0,222000.0,29600.0,15700.0,314364.0
7081,296,0,2026-10-23,Late_Summer,47064.0,222000.0,29600.0,25300.0,323964.0
7082,296,1,2026-10-23,Late_Summer,47064.0,222000.0,29600.0,25300.0,323964.0
7083,296,2,2026-10-23,Late_Summer,47064.0,222000.0,29600.0,35800.0,334464.0
7084,296,3,2026-10-23,Late_Summer,47064.0,222000.0,29600.0,45400.0,344064.0
7085,296,4,2026-10-23,Late_Summer,47064.0,222000.0,29600.0,44800.0,343464.0
7086,296,5,2026-10-23,Late_Summer,57128.0,222000.0,40256.0,44500.0,363884.0
7087,296,6,2026-10-23,Late_Summer,48544.0,242720.0,29600.0,39560.0,360424.0
7088,296,7,2026-10-23,Late_Summer,48544.0,242720.0,29600.0,43360.0,364224.0
7089,296,8,2026-10-23,Late_Summer,48544.0,242720.0,29600.0,43360.0,364224.0
7090,296,9,2026-10-23,Late_Summer,48544.0,242720.0,29600.0,43360.0,364224.0
7091,296,10,2026-10-23,Late_Summer,48544.0,242720.0,40256.0,32860.0,364380.0
7092,296,11,2026-10-23,Late_Summer,48544.0,242720.0,40256.0,31395.0,362915.0
7093,296,12,2026-10-23,Late_Summer,39664.0,198320.0,40256.0,32860.0,311100.0
7094,296,13,2026-10-23,Late_Summer,47064.0,235320.0,40256.0,32860.0,355500.0
7095,296,14,2026-10-23,Late_Summer,47064.0,248640.0,40256.0,29930.0,365890.0
7096,296,15,2026-10-23,Late_Summer,49728.0,840640.0,40256.0,29930.0,960554.0
7097,296,16,2026-10-23,Late_Summer,66008.0,293040.0,40256.0,27300.0,426604.0
7098,296,17,2026-10-23,Late_Summer,68672.0,293040.0,50912.0,26100.0,438724.0
7099,296,18,2026-10-23,Late_Summer,71336.0,306360.0,50912.0,26700.0,455308.0
7100,296,19,2026-10-23,Late_Summer,74000.0,306360.0,40256.0,26600.0,447216.0
7101,296,20,2026-10-23,Late_Summer,74000.0,306360.0,40256.0,16700.0,437316.0
7102,296,21,2026-10-23,Late_Summer,61272.0,293040.0,40256.0,15700.0,410268.0
7103,296,22,2026-10-23,Late_Summer,52392.0,248640.0,29600.0,15700.0,346332.0
7104,296,23,2026-10-23,Late_Summer,47064.0,222000.0,29600.0,15700.0,314364.0
7105,297,0,2026-10-24,Late_Summer_Weekend,55944.0,266400.0,29600.0,25700.0,377644.0
7106,297,1,2026-10-24,Late_Summer_Weekend,55944.0,222000.0,29600.0,25700.0,333244.0
7107,297,2,2026-10-24,Late_Summer_Weekend,55944.0,222000.0,29600.0,25700.0,333244.0
7108,297,3,2026-10-24,Late_Summer_Weekend,47064.0,222000.0,29600.0,35300.0,333964.0
7109,297,4,2026-10-24,Late_Summer_Weekend,47064.0,222000.0,29600.0,34700.0,333364.0
7110,297,5,2026-10-24,Late_Summer_Weekend,57128.0,222000.0,40256.0,34400.0,353784.0
7111,297,6,2026-10-24,Late_Summer_Weekend,48544.0,198320.0,29600.0,33700.0,310164.0
7112,297,7,2026-10-24,Late_Summer_Weekend,48544.0,198320.0,29600.0,36900.0,313364.0
7113,297,8,2026-10-24,Late_Summer_Weekend,48544.0,242720.0,29600.0,36900.0,357764.0
7114,297,9,2026-10-24,Late_Summer_Weekend,100344.0,242720.0,29600.0,36900.0,409564.0
7115,297,10,2026-10-24,Late_Summer_Weekend,100344.0,242720.0,40256.0,27000.0,410320.0
7116,297,11,2026-10-24,Late_Summer_Weekend,107744.0,242720.0,40256.0,27000.0,417720.0
7117,297,12,2026-10-24,Late_Summer_Weekend,55944.0,242720.0,40256.0,27000.0,365920.0
7118,297,13,2026-10-24,Late_Summer_Weekend,174344.0,871720.0,40256.0,27000.0,1113320.0
7119,297,14,2026-10-24,Late_Summer_Weekend,174344.0,293040.0,40256.0,27000.0,534640.0
7120,297,15,2026-10-24,Late_Summer_Weekend,58608.0,293040.0,40256.0,16500.0,408404.0
7121,297,16,2026-10-24,Late_Summer_Weekend,66008.0,293040.0,40256.0,16200.0,415504.0
7122,297,17,2026-10-24,Late_Summer_Weekend,68672.0,293040.0,50912.0,15400.0,428024.0
7123,297,18,2026-10-24,Late_Summer_Weekend,71336.0,306360.0,50912.0,16000.0,444608.0
7124,297,19,2026-10-24,Late_Summer_Weekend,74000.0,306360.0,40256.0,15900.0,436516.0
7125,297,20,2026-10-24,Late_Summer_Weekend,74000.0,306360.0,40256.0,16500.0,437116.0
7126,297,21,2026-10-24,Late_Summer_Weekend,68672.0,293040.0,40256.0,16100.0,418068.0
7127,297,22,2026-10-24,Late_Summer_Weekend,61272.0,293040.0,29600.0,16100.0,400012.0
7128,297,23,2026-10-24,Late_Summer_Weekend,55944.0,266400.0,29600.0,16100.0,368044.0
7129,298,0,2026-10-25,Late_Summer_Weekend,55944.0,266400.0,29600.0,25700.0,377644.0
7130,298,1,2026-10-25,Late_Summer_Weekend,55944.0,222000.0,29600.0,25700.0,333244.0
7131,298,2,2026-10-25,Late_Summer_Weekend,55944.0,222000.0,29600.0,25700.0,333244.0
7132,298,3,2026-10-25,Late_Summer_Weekend,47064.0,222000.0,29600.0,35300.0,333964.0
7133,298,4,2026-10-25,Late_Summer_Weekend,47064.0,222000.0,29600.0,34700.0,333364.0
7134,298,5,2026-10-25,Late_Summer_Weekend,57128.0,222000.0,40256.0,34400.0,353784.0
7135,298,6,2026-10-25,Late_Summer_Weekend,48544.0,198320.0,29600.0,33700.0,310164.0
7136,298,7,2026-10-25,Late_Summer_Weekend,48544.0,198320.0,29600.0,36900.0,313364.0
7137,298,8,2026-10-25,Late_Summer_Weekend,48544.0,242720.0,29600.0,36900.0,357764.0
7138,298,9,2026-10-25,Late_Summer_Weekend,100344.0,242720.0,29600.0,36900.0,409564.0
7139,298,10,2026-10-25,Late_Summer_Weekend,100344.0,242720.0,40256.0,27000.0,410320.0
7140,298,11,2026-10-25,Late_Summer_Weekend,107744.0,242720.0,40256.0,27000.0,417720.0
7141,298,12,2026-10-25,Late_Summer_Weekend,55944.0,242720.0,40256.0,27000.0,365920.0
7142,298,13,2026-10-25,Late_Summer_Weekend,174344.0,871720.0,40256.0,27000.0,1113320.0
7143,298,14,2026-10-25,Late_Summer_Weekend,174344.0,293040.0,40256.0,27000.0,534640.0
7144,298,15,2026-10-25,Late_Summer_Weekend,58608.0,293040.0,40256.0,16500.0,408404.0
7145,298,16,2026-10-25,Late_Summer_Weekend,66008.0,293040.0,40256.0,16200.0,415504.0
7146,298,17,2026-10-25,Late_Summer_Weekend,68672.0,293040.0,50912.0,15400.0,428024.0
7147,298,18,2026-10-25,Late_Summer_Weekend,71336.0,306360.0,50912.0,16000.0,444608.0
7148,298,19,2026-10-25,Late_Summer_Weekend,74000.0,306360.0,40256.0,15900.0,436516.0
7149,298,20,2026-10-25,Late_Summer_Weekend,74000.0,306360.0,40256.0,16500.0,437116.0
7150,298,21,2026-10-25,Late_Summer_Weekend,68672.0,293040.0,40256.0,16100.0,418068.0
7151,298,22,2026-10-25,Late_Summer_Weekend,61272.0,293040.0,29600.0,16100.0,400012.0
7152,298,23,2026-10-25,Late_Summer_Weekend,55944.0,266400.0,29600.0,16100.0,368044.0
7153,299,0,2026-10-26,Late_Summer,47064.0,222000.0,29600.0,25300.0,323964.0
7154,299,1,2026-10-26,Late_Summer,47064.0,222000.0,29600.0,25300.0,323964.0
7155,299,2,2026-10-26,Late_Summer,47064.0,222000.0,29600.0,35800.0,334464.0
7156,299,3,2026-10-26,Late_Summer,47064.0,222000.0,29600.0,45400.0,344064.0
7157,299,4,2026-10-26,Late_Summer,47064.0,222000.0,29600.0,44800.0,343464.0
7158,299,5,2026-10-26,Late_Summer,57128.0,222000.0,40256.0,44500.0,363884.0
7159,299,6,2026-10-26,Late_Summer,48544.0,242720.0,29600.0,39560.0,360424.0
7160,299,7,2026-10-26,Late_Summer,48544.0,242720.0,29600.0,43360.0,364224.0
7161,299,8,2026-10-26,Late_Summer,48544.0,242720.0,29600.0,43360.0,364224.0
7162,299,9,2026-10-26,Late_Summer,48544.0,242720.0,29600.0,43360.0,364224.0
7163,299,10,2026-10-26,Late_Summer,48544.0,242720.0,40256.0,32860.0,364380.0
7164,299,11,2026-10-26,Late_Summer,48544.0,242720.0,40256.0,31395.0,362915.0
7165,299,12,2026-10-26,Late_Summer,39664.0,198320.0,40256.0,32860.0,311100.0
7166,299,13,2026-10-26,Late_Summer,47064.0,235320.0,40256.0,32860.0,355500.0
7167,299,14,2026-10-26,Late_Summer,47064.0,248640.0,40256.0,29930.0,365890.0
7168,299,15,2026-10-26,Late_Summer,49728.0,840640.0,40256.0,29930.0,960554.0
7169,299,16,2026-10-26,Late_Summer,66008.0,293040.0,40256.0,27300.0,426604.0
7170,299,17,2026-10-26,Late_Summer,68672.0,293040.0,50912.0,26100.0,438724.0
7171,299,18,2026-10-26,Late_Summer,71336.0,306360.0,50912.0,26700.0,455308.0
7172,299,19,2026-10-26,Late_Summer,74000.0,306360.0,40256.0,26600.0,447216.0
7173,299,20,2026-10-26,Late_Summer,74000.0,306360.0,40256.0,16700.0,437316.0
7174,299,21,2026-10-26,Late_Summer,61272.0,293040.0,40256.0,15700.0,410268.0
7175,299,22,2026-10-26,Late_Summer,52392.0,248640.0,29600.0,15700.0,346332.0
7176,299,23,2026-10-26,Late_Summer,47064.0,222000.0,29600.0,15700.0,314364.0
7177,300,0,2026-10-27,Late_Summer,47064.0,222000.0,29600.0,25300.0,323964.0
7178,300,1,2026-10-27,Late_Summer,47064.0,222000.0,29600.0,25300.0,323964.0
7179,300,2,2026-10-27,Late_Summer,47064.0,222000.0,29600.0,35800.0,334464.0
7180,300,3,2026-10-27,Late_Summer,47064.0,222000.0,29600.0,45400.0,344064.0
7181,300,4,2026-10-27,Late_Summer,47064.0,222000.0,29600.0,44800.0,343464.0
7182,300,5,2026-10-27,Late_Summer,57128.0,222000.0,40256.0,44500.0,363884.0
7183,300,6,2026-10-27,Late_Summer,48544.0,242720.0,29600.0,39560.0,360424.0
7184,300,7,2026-10-27,Late_Summer,48544.0,242720.0,29600.0,43360.0,364224.0
7185,300,8,2026-10-27,Late_Summer,48544.0,242720.0,29600.0,43360.0,364224.0
7186,300,9,2026-10-27,Late_Summer,48544.0,242720.0,29600.0,43360.0,364224.0
7187,300,10,2026-10-27,Late_Summer,48544.0,242720.0,40256.0,32860.0,364380.0
7188,300,11,2026-10-27,Late_Summer,48544.0,242720.0,40256.0,31395.0,362915.0
7189,300,12,2026-10-27,Late_Summer,39664.0,198320.0,40256.0,32860.0,311100.0
7190,300,13,2026-10-27,Late_Summer,47064.0,235320.0,40256.0,32860.0,355500.0
7191,300,14,2026-10-27,Late_Summer,47064.0,248640.0,40256.0,29930.0,365890.0
7192,300,15,2026-10-27,Late_Summer,49728.0,840640.0,40256.0,29930.0,960554.0
7193,300,16,2026-10-27,Late_Summer,66008.0,293040.0,40256.0,27300.0,426604.0
7194,300,17,2026-10-27,Late_Summer,68672.0,293040.0,50912.0,26100.0,438724.0
7195,300,18,2026-10-27,Late_Summer,71336.0,306360.0,50912.0,26700.0,455308.0
7196,300,19,2026-10-27,Late_Summer,74000.0,306360.0,40256.0,26600.0,447216.0
7197,300,20,2026-10-27,Late_Summer,74000.0,306360.0,40256.0,16700.0,437316.0
7198,300,21,2026-10-27,Late_Summer,61272.0,293040.0,40256.0,15700.0,410268.0
7199,300,22,2026-10-27,Late_Summer,52392.0,248640.0,29600.0,15700.0,346332.0
7200,300,23,2026-10-27,Late_Summer,47064.0,222000.0,29600.0,15700.0,314364.0
7201,301,0,2026-10-28,Late_Summer,47064.0,222000.0,29600.0,25300.0,323964.0
7202,301,1,2026-10-28,Late_Summer,47064.0,222000.0,29600.0,25300.0,323964.0
7203,301,2,2026-10-28,Late_Summer,47064.0,222000.0,29600.0,35800.0,334464.0
7204,301,3,2026-10-28,Late_Summer,47064.0,222000.0,29600.0,45400.0,344064.0
7205,301,4,2026-10-28,Late_Summer,47064.0,222000.0,29600.0,44800.0,343464.0
7206,301,5,2026-10-28,Late_Summer,57128.0,222000.0,40256.0,44500.0,363884.0
7207,301,6,2026-10-28,Late_Summer,48544.0,242720.0,29600.0,39560.0,360424.0
7208,301,7,2026-10-28,Late_Summer,48544.0,242720.0,29600.0,43360.0,364224.0
7209,301,8,2026-10-28,Late_Summer,48544.0,242720.0,29600.0,43360.0,364224.0
7210,301,9,2026-10-28,Late_Summer,48544.0,242720.0,29600.0,43360.0,364224.0
7211,301,10,2026-10-28,Late_Summer,48544.0,242720.0,40256.0,32860.0,364380.0
7212,301,11,2026-10-28,Late_Summer,48544.0,242720.0,40256.0,31395.0,362915.0
7213,301,12,2026-10-28,Late_Summer,39664.0,198320.0,40256.0,32860.0,311100.0
7214,301,13,2026-10-28,Late_Summer,47064.0,235320.0,40256.0,32860.0,355500.0
7215,301,14,2026-10-28,Late_Summer,47064.0,248640.0,40256.0,29930.0,365890.0
7216,301,15,2026-10-28,Late_Summer,49728.0,840640.0,40256.0,29930.0,960554.0
7217,301,16,2026-10-28,Late_Summer,66008.0,293040.0,40256.0,27300.0,426604.0
7218,301,17,2026-10-28,Late_Summer,68672.0,293040.0,50912.0,26100.0,438724.0
7219,301,18,2026-10-28,Late_Summer,71336.0,306360.0,50912.0,26700.0,455308.0
7220,301,19,2026-10-28,Late_Summer,74000.0,306360.0,40256.0,26600.0,447216.0
7221,301,20,2026-10-28,Late_Summer,74000.0,306360.0,40256.0,16700.0,437316.0
7222,301,21,2026-10-28,Late_Summer,61272.0,293040.0,40256.0,15700.0,410268.0
7223,301,22,2026-10-28,Late_Summer,52392.0,248640.0,29600.0,15700.0,346332.0
7224,301,23,2026-10-28,Late_Summer,47064.0,222000.0,29600.0,15700.0,314364.0
7225,302,0,2026-10-29,Late_Summer,47064.0,222000.0,29600.0,25300.0,323964.0
7226,302,1,2026-10-29,Late_Summer,47064.0,222000.0,29600.0,25300.0,323964.0
7227,302,2,2026-10-29,Late_Summer,47064.0,222000.0,29600.0,35800.0,334464.0
7228,302,3,2026-10-29,Late_Summer,47064.0,222000.0,29600.0,45400.0,344064.0
7229,302,4,2026-10-29,Late_Summer,47064.0,222000.0,29600.0,44800.0,343464.0
7230,302,5,2026-10-29,Late_Summer,57128.0,222000.0,40256.0,44500.0,363884.0
7231,302,6,2026-10-29,Late_Summer,48544.0,242720.0,29600.0,39560.0,360424.0
7232,302,7,2026-10-29,Late_Summer,48544.0,242720.0,29600.0,43360.0,364224.0
7233,302,8,2026-10-29,Late_Summer,48544.0,242720.0,29600.0,43360.0,364224.0
7234,302,9,2026-10-29,Late_Summer,48544.0,242720.0,29600.0,43360.0,364224.0
7235,302,10,2026-10-29,Late_Summer,48544.0,242720.0,40256.0,32860.0,364380.0
7236,302,11,2026-10-29,Late_Summer,48544.0,242720.0,40256.0,31395.0,362915.0
7237,302,12,2026-10-29,Late_Summer,39664.0,198320.0,40256.0,32860.0,311100.0
7238,302,13,2026-10-29,Late_Summer,47064.0,235320.0,40256.0,32860.0,355500.0
7239,302,14,2026-10-29,Late_Summer,47064.0,248640.0,40256.0,29930.0,365890.0
7240,302,15,2026-10-29,Late_Summer,49728.0,840640.0,40256.0,29930.0,960554.0
7241,302,16,2026-10-29,Late_Summer,66008.0,293040.0,40256.0,27300.0,426604.0
7242,302,17,2026-10-29,Late_Summer,68672.0,293040.0,50912.0,26100.0,438724.0
7243,302,18,2026-10-29,Late_Summer,71336.0,306360.0,50912.0,26700.0,455308.0
7244,302,19,2026-10-29,Late_Summer,74000.0,306360.0,40256.0,26600.0,447216.0
7245,302,20,2026-10-29,Late_Summer,74000.0,306360.0,40256.0,16700.0,437316.0
7246,302,21,2026-10-29,Late_Summer,61272.0,293040.0,40256.0,15700.0,410268.0
7247,302,22,2026-10-29,Late_Summer,52392.0,248640.0,29600.0,15700.0,346332.0
7248,302,23,2026-10-29,Late_Summer,47064.0,222000.0,29600.0,15700.0,314364.0
7249,303,0,2026-10-30,Late_Summer,47064.0,222000.0,29600.0,25300.0,323964.0
7250,303,1,2026-10-30,Late_Summer,47064.0,222000.0,29600.0,25300.0,323964.0
7251,303,2,2026-10-30,Late_Summer,47064.0,222000.0,29600.0,35800.0,334464.0
7252,303,3,2026-10-30,Late_Summer,47064.0,222000.0,29600.0,45400.0,344064.0
7253,303,4,2026-10-30,Late_Summer,47064.0,222000.0,29600.0,44800.0,343464.0
7254,303,5,2026-10-30,Late_Summer,57128.0,222000.0,40256.0,44500.0,363884.0
7255,303,6,2026-10-30,Late_Summer,48544.0,242720.0,29600.0,39560.0,360424.0
7256,303,7,2026-10-30,Late_Summer,48544.0,242720.0,29600.0,43360.0,364224.0
7257,303,8,2026-10-30,Late_Summer,48544.0,242720.0,29600.0,43360.0,364224.0
7258,303,9,2026-10-30,Late_Summer,48544.0,242720.0,29600.0,43360.0,364224.0
7259,303,10,2026-10-30,Late_Summer,48544.0,242720.0,40256.0,32860.0,364380.0
7260,303,11,2026-10-30,Late_Summer,48544.0,242720.0,40256.0,31395.0,362915.0
7261,303,12,2026-10-30,Late_Summer,39664.0,198320.0,40256.0,32860.0,311100.0
7262,303,13,2026-10-30,Late_Summer,47064.0,235320.0,40256.0,32860.0,355500.0
7263,303,14,2026-10-30,Late_Summer,47064.0,248640.0,40256.0,29930.0,365890.0
7264,303,15,2026-10-30,Late_Summer,49728.0,840640.0,40256.0,29930.0,960554.0
7265,303,16,2026-10-30,Late_Summer,66008.0,293040.0,40256.0,27300.0,426604.0
7266,303,17,2026-10-30,Late_Summer,68672.0,293040.0,50912.0,26100.0,438724.0
7267,303,18,2026-10-30,Late_Summer,71336.0,306360.0,50912.0,26700.0,455308.0
7268,303,19,2026-10-30,Late_Summer,74000.0,306360.0,40256.0,26600.0,447216.0
7269,303,20,2026-10-30,Late_Summer,74000.0,306360.0,40256.0,16700.0,437316.0
7270,303,21,2026-10-30,Late_Summer,61272.0,293040.0,40256.0,15700.0,410268.0
7271,303,22,2026-10-30,Late_Summer,52392.0,248640.0,29600.0,15700.0,346332.0
7272,303,23,2026-10-30,Late_Summer,47064.0,222000.0,29600.0,15700.0,314364.0
7273,304,0,2026-10-31,Late_Summer_Weekend,55944.0,266400.0,29600.0,25700.0,377644.0
7274,304,1,2026-10-31,Late_Summer_Weekend,55944.0,222000.0,29600.0,25700.0,333244.0
7275,304,2,2026-10-31,Late_Summer_Weekend,55944.0,222000.0,29600.0,25700.0,333244.0
7276,304,3,2026-10-31,Late_Summer_Weekend,47064.0,222000.0,29600.0,35300.0,333964.0
7277,304,4,2026-10-31,Late_Summer_Weekend,47064.0,222000.0,29600.0,34700.0,333364.0
7278,304,5,2026-10-31,Late_Summer_Weekend,57128.0,222000.0,40256.0,34400.0,353784.0
7279,304,6,2026-10-31,Late_Summer_Weekend,48544.0,198320.0,29600.0,33700.0,310164.0
7280,304,7,2026-10-31,Late_Summer_Weekend,48544.0,198320.0,29600.0,36900.0,313364.0
7281,304,8,2026-10-31,Late_Summer_Weekend,48544.0,242720.0,29600.0,36900.0,357764.0
7282,304,9,2026-10-31,Late_Summer_Weekend,100344.0,242720.0,29600.0,36900.0,409564.0
7283,304,10,2026-10-31,Late_Summer_Weekend,100344.0,242720.0,40256.0,27000.0,410320.0
7284,304,11,2026-10-31,Late_Summer_Weekend,107744.0,242720.0,40256.0,27000.0,417720.0
7285,304,12,2026-10-31,Late_Summer_Weekend,55944.0,242720.0,40256.0,27000.0,365920.0
7286,304,13,2026-10-31,Late_Summer_Weekend,174344.0,871720.0,40256.0,27000.0,1113320.0
7287,304,14,2026-10-31,Late_Summer_Weekend,174344.0,293040.0,40256.0,27000.0,534640.0
7288,304,15,2026-10-31,Late_Summer_Weekend,58608.0,293040.0,40256.0,16500.0,408404.0
7289,304,16,2026-10-31,Late_Summer_Weekend,66008.0,293040.0,40256.0,16200.0,415504.0
7290,304,17,2026-10-31,Late_Summer_Weekend,68672.0,293040.0,50912.0,15400.0,428024.0
7291,304,18,2026-10-31,Late_Summer_Weekend,71336.0,306360.0,50912.0,16000.0,444608.0
7292,304,19,2026-10-31,Late_Summer_Weekend,74000.0,306360.0,40256.0,15900.0,436516.0
7293,304,20,2026-10-31,Late_Summer_Weekend,74000.0,306360.0,40256.0,16500.0,437116.0
7294,304,21,2026-10-31,Late_Summer_Weekend,68672.0,293040.0,40256.0,16100.0,418068.0
7295,304,22,2026-10-31,Late_Summer_Weekend,61272.0,293040.0,29600.0,16100.0,400012.0
7296,304,23,2026-10-31,Late_Summer_Weekend,55944.0,266400.0,29600.0,16100.0,368044.0
7297,305,0,2026-11-01,Winter_Weekend,61272.0,256040.0,40256.0,46400.0,403968.0
7298,305,1,2026-11-01,Winter_Weekend,61272.0,211640.0,40256.0,46400.0,359568.0
7299,305,2,2026-11-01,Winter_Weekend,58608.0,198320.0,29600.0,56900.0,343428.0
7300,305,3,2026-11-01,Winter_Weekend,47064.0,198320.0,29600.0,56900.0,331884.0
7301,305,4,2026-11-01,Winter_Weekend,47064.0,198320.0,29600.0,56000.0,330984.0
7302,305,5,2026-11-01,Winter_Weekend,54464.0,198320.0,29600.0,55400.0,337784.0
7303,305,6,2026-11-01,Winter_Weekend,63344.0,198320.0,40256.0,54700.0,356620.0
7304,305,7,2026-11-01,Winter_Weekend,66008.0,248640.0,40256.0,58500.0,413404.0
7305,305,8,2026-11-01,Winter_Weekend,58608.0,293040.0,40256.0,58500.0,450404.0
7306,305,9,2026-11-01,Winter_Weekend,61272.0,293040.0,40256.0,58500.0,453068.0
7307,305,10,2026-11-01,Winter_Weekend,115736.0,293040.0,40256.0,58500.0,507532.0
7308,305,11,2026-11-01,Winter_Weekend,63936.0,293040.0,40256.0,58500.0,455732.0
7309,305,12,2026-11-01,Winter_Weekend,61272.0,293040.0,40256.0,48000.0,442568.0
7310,305,13,2026-11-01,Winter_Weekend,179672.0,885040.0,40256.0,48000.0,1152968.0
7311,305,14,2026-11-01,Winter_Weekend,182336.0,306360.0,40256.0,48000.0,576952.0
7312,305,15,2026-11-01,Winter_Weekend,66600.0,306360.0,40256.0,48420.0,461636.0
7313,305,16,2026-11-01,Winter_Weekend,74000.0,306360.0,40256.0,48900.0,469516.0
7314,305,17,2026-11-01,Winter_Weekend,74000.0,306360.0,50912.0,47500.0,478772.0
7315,305,18,2026-11-01,Winter_Weekend,74000.0,306360.0,50912.0,47500.0,478772.0
7316,305,19,2026-11-01,Winter_Weekend,74000.0,269360.0,40256.0,36600.0,420216.0
7317,305,20,2026-11-01,Winter_Weekend,74000.0,269360.0,40256.0,36900.0,420516.0
7318,305,21,2026-11-01,Winter_Weekend,66600.0,269360.0,40256.0,25400.0,401616.0
7319,305,22,2026-11-01,Winter_Weekend,66600.0,269360.0,40256.0,25400.0,401616.0
7320,305,23,2026-11-01,Winter_Weekend,66600.0,269360.0,40256.0,25400.0,401616.0
7321,306,0,2026-11-02,November,39664.0,185000.0,0.0,36100.0,260764.0
7322,306,1,2026-11-02,November,39664.0,185000.0,0.0,36100.0,260764.0
7323,306,2,2026-11-02,November,39664.0,185000.0,0.0,57100.0,281764.0
7324,306,3,2026-11-02,November,39664.0,185000.0,0.0,57100.0,281764.0
7325,306,4,2026-11-02,November,39664.0,185000.0,0.0,56200.0,280864.0
7326,306,5,2026-11-02,November,49728.0,235320.0,10656.0,55600.0,351304.0
7327,306,6,2026-11-02,November,51208.0,242720.0,10656.0,60860.0,365444.0
7328,306,7,2026-11-02,November,48544.0,242720.0,10656.0,64360.0,366280.0
7329,306,8,2026-11-02,November,48544.0,242720.0,0.0,64360.0,355624.0
7330,306,9,2026-11-02,November,48544.0,242720.0,0.0,64360.0,355624.0
7331,306,10,2026-11-02,November,48544.0,242720.0,40256.0,64360.0,395880.0
7332,306,11,2026-11-02,November,48544.0,242720.0,40256.0,60551.0,392071.0
7333,306,12,2026-11-02,November,39664.0,198320.0,40256.0,53860.0,332100.0
7334,306,13,2026-11-02,November,39664.0,198320.0,40256.0,53860.0,332100.0
7335,306,14,2026-11-02,November,42328.0,211640.0,40256.0,50930.0,345154.0
7336,306,15,2026-11-02,November,44992.0,211640.0,40256.0,40451.0,337339.0
7337,306,16,2026-11-02,November,66600.0,256040.0,40256.0,39000.0,401896.0
7338,306,17,2026-11-02,November,66600.0,269360.0,50912.0,37500.0,424372.0
7339,306,18,2026-11-02,November,66600.0,269360.0,50912.0,37800.0,424672.0
7340,306,19,2026-11-02,November,66600.0,269360.0,10656.0,27200.0,373816.0
7341,306,20,2026-11-02,November,66600.0,269360.0,10656.0,27200.0,373816.0
7342,306,21,2026-11-02,November,53872.0,256040.0,10656.0,26200.0,346768.0
7343,306,22,2026-11-02,November,44992.0,211640.0,0.0,26200.0,282832.0
7344,306,23,2026-11-02,November,42328.0,185000.0,0.0,26200.0,253528.0
7345,307,0,2026-11-03,November,39664.0,185000.0,0.0,36100.0,260764.0
7346,307,1,2026-11-03,November,39664.0,185000.0,0.0,36100.0,260764.0
7347,307,2,2026-11-03,November,39664.0,185000.0,0.0,57100.0,281764.0
7348,307,3,2026-11-03,November,39664.0,185000.0,0.0,57100.0,281764.0
7349,307,4,2026-11-03,November,39664.0,185000.0,0.0,56200.0,280864.0
7350,307,5,2026-11-03,November,49728.0,235320.0,10656.0,55600.0,351304.0
7351,307,6,2026-11-03,November,51208.0,242720.0,10656.0,60860.0,365444.0
7352,307,7,2026-11-03,November,48544.0,242720.0,10656.0,64360.0,366280.0
7353,307,8,2026-11-03,November,48544.0,242720.0,0.0,64360.0,355624.0
7354,307,9,2026-11-03,November,48544.0,242720.0,0.0,64360.0,355624.0
7355,307,10,2026-11-03,November,48544.0,242720.0,40256.0,64360.0,395880.0
7356,307,11,2026-11-03,November,48544.0,242720.0,40256.0,60551.0,392071.0
7357,307,12,2026-11-03,November,39664.0,198320.0,40256.0,53860.0,332100.0
7358,307,13,2026-11-03,November,39664.0,198320.0,40256.0,53860.0,332100.0
7359,307,14,2026-11-03,November,42328.0,211640.0,40256.0,50930.0,345154.0
7360,307,15,2026-11-03,November,44992.0,211640.0,40256.0,40451.0,337339.0
7361,307,16,2026-11-03,November,66600.0,256040.0,40256.0,39000.0,401896.0
7362,307,17,2026-11-03,November,66600.0,269360.0,50912.0,37500.0,424372.0
7363,307,18,2026-11-03,November,66600.0,269360.0,50912.0,37800.0,424672.0
7364,307,19,2026-11-03,November,66600.0,269360.0,10656.0,27200.0,373816.0
7365,307,20,2026-11-03,November,66600.0,269360.0,10656.0,27200.0,373816.0
7366,307,21,2026-11-03,November,53872.0,256040.0,10656.0,26200.0,346768.0
7367,307,22,2026-11-03,November,44992.0,211640.0,0.0,26200.0,282832.0
7368,307,23,2026-11-03,November,42328.0,185000.0,0.0,26200.0,253528.0
7369,308,0,2026-11-04,November,39664.0,185000.0,0.0,36100.0,260764.0
7370,308,1,2026-11-04,November,39664.0,185000.0,0.0,36100.0,260764.0
7371,308,2,2026-11-04,November,39664.0,185000.0,0.0,57100.0,281764.0
7372,308,3,2026-11-04,November,39664.0,185000.0,0.0,57100.0,281764.0
7373,308,4,2026-11-04,November,39664.0,185000.0,0.0,56200.0,280864.0
7374,308,5,2026-11-04,November,49728.0,235320.0,10656.0,55600.0,351304.0
7375,308,6,2026-11-04,November,51208.0,242720.0,10656.0,60860.0,365444.0
7376,308,7,2026-11-04,November,48544.0,242720.0,10656.0,64360.0,366280.0
7377,308,8,2026-11-04,November,48544.0,242720.0,0.0,64360.0,355624.0
7378,308,9,2026-11-04,November,48544.0,242720.0,0.0,64360.0,355624.0
7379,308,10,2026-11-04,November,48544.0,242720.0,40256.0,64360.0,395880.0
7380,308,11,2026-11-04,November,48544.0,242720.0,40256.0,60551.0,392071.0
7381,308,12,2026-11-04,November,39664.0,198320.0,40256.0,53860.0,332100.0
7382,308,13,2026-11-04,November,39664.0,198320.0,40256.0,53860.0,332100.0
7383,308,14,2026-11-04,November,42328.0,211640.0,40256.0,50930.0,345154.0
7384,308,15,2026-11-04,November,44992.0,211640.0,40256.0,40451.0,337339.0
7385,308,16,2026-11-04,November,66600.0,256040.0,40256.0,39000.0,401896.0
7386,308,17,2026-11-04,November,66600.0,269360.0,50912.0,37500.0,424372.0
7387,308,18,2026-11-04,November,66600.0,269360.0,50912.0,37800.0,424672.0
7388,308,19,2026-11-04,November,66600.0,269360.0,10656.0,27200.0,373816.0
7389,308,20,2026-11-04,November,66600.0,269360.0,10656.0,27200.0,373816.0
7390,308,21,2026-11-04,November,53872.0,256040.0,10656.0,26200.0,346768.0
7391,308,22,2026-11-04,November,44992.0,211640.0,0.0,26200.0,282832.0
7392,308,23,2026-11-04,November,42328.0,185000.0,0.0,26200.0,253528.0
7393,309,0,2026-11-05,November,39664.0,185000.0,0.0,36100.0,260764.0
7394,309,1,2026-11-05,November,39664.0,185000.0,0.0,36100.0,260764.0
7395,309,2,2026-11-05,November,39664.0,185000.0,0.0,57100.0,281764.0
7396,309,3,2026-11-05,November,39664.0,185000.0,0.0,57100.0,281764.0
7397,309,4,2026-11-05,November,39664.0,185000.0,0.0,56200.0,280864.0
7398,309,5,2026-11-05,November,49728.0,235320.0,10656.0,55600.0,351304.0
7399,309,6,2026-11-05,November,51208.0,242720.0,10656.0,60860.0,365444.0
7400,309,7,2026-11-05,November,48544.0,242720.0,10656.0,64360.0,366280.0
7401,309,8,2026-11-05,November,48544.0,242720.0,0.0,64360.0,355624.0
7402,309,9,2026-11-05,November,48544.0,242720.0,0.0,64360.0,355624.0
7403,309,10,2026-11-05,November,48544.0,242720.0,40256.0,64360.0,395880.0
7404,309,11,2026-11-05,November,48544.0,242720.0,40256.0,60551.0,392071.0
7405,309,12,2026-11-05,November,39664.0,198320.0,40256.0,53860.0,332100.0
7406,309,13,2026-11-05,November,39664.0,198320.0,40256.0,53860.0,332100.0
7407,309,14,2026-11-05,November,42328.0,211640.0,40256.0,50930.0,345154.0
7408,309,15,2026-11-05,November,44992.0,211640.0,40256.0,40451.0,337339.0
7409,309,16,2026-11-05,November,66600.0,256040.0,40256.0,39000.0,401896.0
7410,309,17,2026-11-05,November,66600.0,269360.0,50912.0,37500.0,424372.0
7411,309,18,2026-11-05,November,66600.0,269360.0,50912.0,37800.0,424672.0
7412,309,19,2026-11-05,November,66600.0,269360.0,10656.0,27200.0,373816.0
7413,309,20,2026-11-05,November,66600.0,269360.0,10656.0,27200.0,373816.0
7414,309,21,2026-11-05,November,53872.0,256040.0,10656.0,26200.0,346768.0
7415,309,22,2026-11-05,November,44992.0,211640.0,0.0,26200.0,282832.0
7416,309,23,2026-11-05,November,42328.0,185000.0,0.0,26200.0,253528.0
7417,310,0,2026-11-06,November,39664.0,185000.0,0.0,36100.0,260764.0
7418,310,1,2026-11-06,November,39664.0,185000.0,0.0,36100.0,260764.0
7419,310,2,2026-11-06,November,39664.0,185000.0,0.0,57100.0,281764.0
7420,310,3,2026-11-06,November,39664.0,185000.0,0.0,57100.0,281764.0
7421,310,4,2026-11-06,November,39664.0,185000.0,0.0,56200.0,280864.0
7422,310,5,2026-11-06,November,49728.0,235320.0,10656.0,55600.0,351304.0
7423,310,6,2026-11-06,November,51208.0,242720.0,10656.0,60860.0,365444.0
7424,310,7,2026-11-06,November,48544.0,242720.0,10656.0,64360.0,366280.0
7425,310,8,2026-11-06,November,48544.0,242720.0,0.0,64360.0,355624.0
7426,310,9,2026-11-06,November,48544.0,242720.0,0.0,64360.0,355624.0
7427,310,10,2026-11-06,November,48544.0,242720.0,40256.0,64360.0,395880.0
7428,310,11,2026-11-06,November,48544.0,242720.0,40256.0,60551.0,392071.0
7429,310,12,2026-11-06,November,39664.0,198320.0,40256.0,53860.0,332100.0
7430,310,13,2026-11-06,November,39664.0,198320.0,40256.0,53860.0,332100.0
7431,310,14,2026-11-06,November,42328.0,211640.0,40256.0,50930.0,345154.0
7432,310,15,2026-11-06,November,44992.0,211640.0,40256.0,40451.0,337339.0
7433,310,16,2026-11-06,November,66600.0,256040.0,40256.0,39000.0,401896.0
7434,310,17,2026-11-06,November,66600.0,269360.0,50912.0,37500.0,424372.0
7435,310,18,2026-11-06,November,66600.0,269360.0,50912.0,37800.0,424672.0
7436,310,19,2026-11-06,November,66600.0,269360.0,10656.0,27200.0,373816.0
7437,310,20,2026-11-06,November,66600.0,269360.0,10656.0,27200.0,373816.0
7438,310,21,2026-11-06,November,53872.0,256040.0,10656.0,26200.0,346768.0
7439,310,22,2026-11-06,November,44992.0,211640.0,0.0,26200.0,282832.0
7440,310,23,2026-11-06,November,42328.0,185000.0,0.0,26200.0,253528.0
7441,311,0,2026-11-07,Winter_Weekend,61272.0,256040.0,40256.0,46400.0,403968.0
7442,311,1,2026-11-07,Winter_Weekend,61272.0,211640.0,40256.0,46400.0,359568.0
7443,311,2,2026-11-07,Winter_Weekend,58608.0,198320.0,29600.0,56900.0,343428.0
7444,311,3,2026-11-07,Winter_Weekend,47064.0,198320.0,29600.0,56900.0,331884.0
7445,311,4,2026-11-07,Winter_Weekend,47064.0,198320.0,29600.0,56000.0,330984.0
7446,311,5,2026-11-07,Winter_Weekend,54464.0,198320.0,29600.0,55400.0,337784.0
7447,311,6,2026-11-07,Winter_Weekend,63344.0,198320.0,40256.0,54700.0,356620.0
7448,311,7,2026-11-07,Winter_Weekend,66008.0,248640.0,40256.0,58500.0,413404.0
7449,311,8,2026-11-07,Winter_Weekend,58608.0,293040.0,40256.0,58500.0,450404.0
7450,311,9,2026-11-07,Winter_Weekend,61272.0,293040.0,40256.0,58500.0,453068.0
7451,311,10,2026-11-07,Winter_Weekend,115736.0,293040.0,40256.0,58500.0,507532.0
7452,311,11,2026-11-07,Winter_Weekend,63936.0,293040.0,40256.0,58500.0,455732.0
7453,311,12,2026-11-07,Winter_Weekend,61272.0,293040.0,40256.0,48000.0,442568.0
7454,311,13,2026-11-07,Winter_Weekend,179672.0,885040.0,40256.0,48000.0,1152968.0
7455,311,14,2026-11-07,Winter_Weekend,182336.0,306360.0,40256.0,48000.0,576952.0
7456,311,15,2026-11-07,Winter_Weekend,66600.0,306360.0,40256.0,48420.0,461636.0
7457,311,16,2026-11-07,Winter_Weekend,74000.0,306360.0,40256.0,48900.0,469516.0
7458,311,17,2026-11-07,Winter_Weekend,74000.0,306360.0,50912.0,47500.0,478772.0
7459,311,18,2026-11-07,Winter_Weekend,74000.0,306360.0,50912.0,47500.0,478772.0
7460,311,19,2026-11-07,Winter_Weekend,74000.0,269360.0,40256.0,36600.0,420216.0
7461,311,20,2026-11-07,Winter_Weekend,74000.0,269360.0,40256.0,36900.0,420516.0
7462,311,21,2026-11-07,Winter_Weekend,66600.0,269360.0,40256.0,25400.0,401616.0
7463,311,22,2026-11-07,Winter_Weekend,66600.0,269360.0,40256.0,25400.0,401616.0
7464,311,23,2026-11-07,Winter_Weekend,66600.0,269360.0,40256.0,25400.0,401616.0
7465,312,0,2026-11-08,Winter_Weekend,61272.0,256040.0,40256.0,46400.0,403968.0
7466,312,1,2026-11-08,Winter_Weekend,61272.0,211640.0,40256.0,46400.0,359568.0
7467,312,2,2026-11-08,Winter_Weekend,58608.0,198320.0,29600.0,56900.0,343428.0
7468,312,3,2026-11-08,Winter_Weekend,47064.0,198320.0,29600.0,56900.0,331884.0
7469,312,4,2026-11-08,Winter_Weekend,47064.0,198320.0,29600.0,56000.0,330984.0
7470,312,5,2026-11-08,Winter_Weekend,54464.0,198320.0,29600.0,55400.0,337784.0
7471,312,6,2026-11-08,Winter_Weekend,63344.0,198320.0,40256.0,54700.0,356620.0
7472,312,7,2026-11-08,Winter_Weekend,66008.0,248640.0,40256.0,58500.0,413404.0
7473,312,8,2026-11-08,Winter_Weekend,58608.0,293040.0,40256.0,58500.0,450404.0
7474,312,9,2026-11-08,Winter_Weekend,61272.0,293040.0,40256.0,58500.0,453068.0
7475,312,10,2026-11-08,Winter_Weekend,115736.0,293040.0,40256.0,58500.0,507532.0
7476,312,11,2026-11-08,Winter_Weekend,63936.0,293040.0,40256.0,58500.0,455732.0
7477,312,12,2026-11-08,Winter_Weekend,61272.0,293040.0,40256.0,48000.0,442568.0
7478,312,13,2026-11-08,Winter_Weekend,179672.0,885040.0,40256.0,48000.0,1152968.0
7479,312,14,2026-11-08,Winter_Weekend,182336.0,306360.0,40256.0,48000.0,576952.0
7480,312,15,2026-11-08,Winter_Weekend,66600.0,306360.0,40256.0,48420.0,461636.0
7481,312,16,2026-11-08,Winter_Weekend,74000.0,306360.0,40256.0,48900.0,469516.0
7482,312,17,2026-11-08,Winter_Weekend,74000.0,306360.0,50912.0,47500.0,478772.0
7483,312,18,2026-11-08,Winter_Weekend,74000.0,306360.0,50912.0,47500.0,478772.0
7484,312,19,2026-11-08,Winter_Weekend,74000.0,269360.0,40256.0,36600.0,420216.0
7485,312,20,2026-11-08,Winter_Weekend,74000.0,269360.0,40256.0,36900.0,420516.0
7486,312,21,2026-11-08,Winter_Weekend,66600.0,269360.0,40256.0,25400.0,401616.0
7487,312,22,2026-11-08,Winter_Weekend,66600.0,269360.0,40256.0,25400.0,401616.0
7488,312,23,2026-11-08,Winter_Weekend,66600.0,269360.0,40256.0,25400.0,401616.0
7489,313,0,2026-11-09,Public_Holiday,63936.0,269360.0,0.0,26900.0,360196.0
7490,313,1,2026-11-09,Public_Holiday,63936.0,269360.0,0.0,26900.0,360196.0
7491,313,2,2026-11-09,Public_Holiday,52392.0,211640.0,0.0,24100.0,288132.0
7492,313,3,2026-11-09,Public_Holiday,52392.0,211640.0,0.0,33700.0,297732.0
7493,313,4,2026-11-09,Public_Holiday,52392.0,211640.0,0.0,33100.0,297132.0
7494,313,5,2026-11-09,Public_Holiday,57128.0,248640.0,10656.0,35600.0,352024.0
7495,313,6,2026-11-09,Public_Holiday,58608.0,256040.0,10656.0,35300.0,360604.0
7496,313,7,2026-11-09,Public_Holiday,58608.0,256040.0,10656.0,36500.0,361804.0
7497,313,8,2026-11-09,Public_Holiday,58608.0,256040.0,0.0,36500.0,351148.0
7498,313,9,2026-11-09,Public_Holiday,58608.0,256040.0,0.0,36500.0,351148.0
7499,313,10,2026-11-09,Public_Holiday,110408.0,256040.0,40256.0,26000.0,432704.0
7500,313,11,2026-11-09,Public_Holiday,58608.0,256040.0,40256.0,26000.0,380904.0
7501,313,12,2026-11-09,Public_Holiday,58608.0,256040.0,40256.0,26000.0,380904.0
7502,313,13,2026-11-09,Public_Holiday,58608.0,256040.0,40256.0,26000.0,380904.0
7503,313,14,2026-11-09,Public_Holiday,66600.0,269360.0,40256.0,26000.0,402216.0
7504,313,15,2026-11-09,Public_Holiday,185000.0,861360.0,40256.0,15500.0,1102116.0
7505,313,16,2026-11-09,Public_Holiday,66600.0,269360.0,40256.0,15800.0,392016.0
7506,313,17,2026-11-09,Public_Holiday,66600.0,269360.0,50912.0,17000.0,403872.0
7507,313,18,2026-11-09,Public_Holiday,66600.0,269360.0,50912.0,17600.0,404472.0
7508,313,19,2026-11-09,Public_Holiday,66600.0,269360.0,10656.0,17900.0,364516.0
7509,313,20,2026-11-09,Public_Holiday,66600.0,269360.0,10656.0,18500.0,365116.0
7510,313,21,2026-11-09,Public_Holiday,63936.0,269360.0,10656.0,17300.0,361252.0
7511,313,22,2026-11-09,Public_Holiday,63936.0,269360.0,0.0,17300.0,350596.0
7512,313,23,2026-11-09,Public_Holiday,63936.0,269360.0,0.0,17300.0,350596.0
7513,314,0,2026-11-10,November,39664.0,185000.0,0.0,36100.0,260764.0
7514,314,1,2026-11-10,November,39664.0,185000.0,0.0,36100.0,260764.0
7515,314,2,2026-11-10,November,39664.0,185000.0,0.0,57100.0,281764.0
7516,314,3,2026-11-10,November,39664.0,185000.0,0.0,57100.0,281764.0
7517,314,4,2026-11-10,November,39664.0,185000.0,0.0,56200.0,280864.0
7518,314,5,2026-11-10,November,49728.0,235320.0,10656.0,55600.0,351304.0
7519,314,6,2026-11-10,November,51208.0,242720.0,10656.0,60860.0,365444.0
7520,314,7,2026-11-10,November,48544.0,242720.0,10656.0,64360.0,366280.0
7521,314,8,2026-11-10,November,48544.0,242720.0,0.0,64360.0,355624.0
7522,314,9,2026-11-10,November,48544.0,242720.0,0.0,64360.0,355624.0
7523,314,10,2026-11-10,November,48544.0,242720.0,40256.0,64360.0,395880.0
7524,314,11,2026-11-10,November,48544.0,242720.0,40256.0,60551.0,392071.0
7525,314,12,2026-11-10,November,39664.0,198320.0,40256.0,53860.0,332100.0
7526,314,13,2026-11-10,November,39664.0,198320.0,40256.0,53860.0,332100.0
7527,314,14,2026-11-10,November,42328.0,211640.0,40256.0,50930.0,345154.0
7528,314,15,2026-11-10,November,44992.0,211640.0,40256.0,40451.0,337339.0
7529,314,16,2026-11-10,November,66600.0,256040.0,40256.0,39000.0,401896.0
7530,314,17,2026-11-10,November,66600.0,269360.0,50912.0,37500.0,424372.0
7531,314,18,2026-11-10,November,66600.0,269360.0,50912.0,37800.0,424672.0
7532,314,19,2026-11-10,November,66600.0,269360.0,10656.0,27200.0,373816.0
7533,314,20,2026-11-10,November,66600.0,269360.0,10656.0,27200.0,373816.0
7534,314,21,2026-11-10,November,53872.0,256040.0,10656.0,26200.0,346768.0
7535,314,22,2026-11-10,November,44992.0,211640.0,0.0,26200.0,282832.0
7536,314,23,2026-11-10,November,42328.0,185000.0,0.0,26200.0,253528.0
7537,315,0,2026-11-11,November,39664.0,185000.0,0.0,36100.0,260764.0
7538,315,1,2026-11-11,November,39664.0,185000.0,0.0,36100.0,260764.0
7539,315,2,2026-11-11,November,39664.0,185000.0,0.0,57100.0,281764.0
7540,315,3,2026-11-11,November,39664.0,185000.0,0.0,57100.0,281764.0
7541,315,4,2026-11-11,November,39664.0,185000.0,0.0,56200.0,280864.0
7542,315,5,2026-11-11,November,49728.0,235320.0,10656.0,55600.0,351304.0
7543,315,6,2026-11-11,November,51208.0,242720.0,10656.0,60860.0,365444.0
7544,315,7,2026-11-11,November,48544.0,242720.0,10656.0,64360.0,366280.0
7545,315,8,2026-11-11,November,48544.0,242720.0,0.0,64360.0,355624.0
7546,315,9,2026-11-11,November,48544.0,242720.0,0.0,64360.0,355624.0
7547,315,10,2026-11-11,November,48544.0,242720.0,40256.0,64360.0,395880.0
7548,315,11,2026-11-11,November,48544.0,242720.0,40256.0,60551.0,392071.0
7549,315,12,2026-11-11,November,39664.0,198320.0,40256.0,53860.0,332100.0
7550,315,13,2026-11-11,November,39664.0,198320.0,40256.0,53860.0,332100.0
7551,315,14,2026-11-11,November,42328.0,211640.0,40256.0,50930.0,345154.0
7552,315,15,2026-11-11,November,44992.0,211640.0,40256.0,40451.0,337339.0
7553,315,16,2026-11-11,November,66600.0,256040.0,40256.0,39000.0,401896.0
7554,315,17,2026-11-11,November,66600.0,269360.0,50912.0,37500.0,424372.0
7555,315,18,2026-11-11,November,66600.0,269360.0,50912.0,37800.0,424672.0
7556,315,19,2026-11-11,November,66600.0,269360.0,10656.0,27200.0,373816.0
7557,315,20,2026-11-11,November,66600.0,269360.0,10656.0,27200.0,373816.0
7558,315,21,2026-11-11,November,53872.0,256040.0,10656.0,26200.0,346768.0
7559,315,22,2026-11-11,November,44992.0,211640.0,0.0,26200.0,282832.0
7560,315,23,2026-11-11,November,42328.0,185000.0,0.0,26200.0,253528.0
7561,316,0,2026-11-12,November,39664.0,185000.0,0.0,36100.0,260764.0
7562,316,1,2026-11-12,November,39664.0,185000.0,0.0,36100.0,260764.0
7563,316,2,2026-11-12,November,39664.0,185000.0,0.0,57100.0,281764.0
7564,316,3,2026-11-12,November,39664.0,185000.0,0.0,57100.0,281764.0
7565,316,4,2026-11-12,November,39664.0,185000.0,0.0,56200.0,280864.0
7566,316,5,2026-11-12,November,49728.0,235320.0,10656.0,55600.0,351304.0
7567,316,6,2026-11-12,November,51208.0,242720.0,10656.0,60860.0,365444.0
7568,316,7,2026-11-12,November,48544.0,242720.0,10656.0,64360.0,366280.0
7569,316,8,2026-11-12,November,48544.0,242720.0,0.0,64360.0,355624.0
7570,316,9,2026-11-12,November,48544.0,242720.0,0.0,64360.0,355624.0
7571,316,10,2026-11-12,November,48544.0,242720.0,40256.0,64360.0,395880.0
7572,316,11,2026-11-12,November,48544.0,242720.0,40256.0,60551.0,392071.0
7573,316,12,2026-11-12,November,39664.0,198320.0,40256.0,53860.0,332100.0
7574,316,13,2026-11-12,November,39664.0,198320.0,40256.0,53860.0,332100.0
7575,316,14,2026-11-12,November,42328.0,211640.0,40256.0,50930.0,345154.0
7576,316,15,2026-11-12,November,44992.0,211640.0,40256.0,40451.0,337339.0
7577,316,16,2026-11-12,November,66600.0,256040.0,40256.0,39000.0,401896.0
7578,316,17,2026-11-12,November,66600.0,269360.0,50912.0,37500.0,424372.0
7579,316,18,2026-11-12,November,66600.0,269360.0,50912.0,37800.0,424672.0
7580,316,19,2026-11-12,November,66600.0,269360.0,10656.0,27200.0,373816.0
7581,316,20,2026-11-12,November,66600.0,269360.0,10656.0,27200.0,373816.0
7582,316,21,2026-11-12,November,53872.0,256040.0,10656.0,26200.0,346768.0
7583,316,22,2026-11-12,November,44992.0,211640.0,0.0,26200.0,282832.0
7584,316,23,2026-11-12,November,42328.0,185000.0,0.0,26200.0,253528.0
7585,317,0,2026-11-13,November,39664.0,185000.0,0.0,36100.0,260764.0
7586,317,1,2026-11-13,November,39664.0,185000.0,0.0,36100.0,260764.0
7587,317,2,2026-11-13,November,39664.0,185000.0,0.0,57100.0,281764.0
7588,317,3,2026-11-13,November,39664.0,185000.0,0.0,57100.0,281764.0
7589,317,4,2026-11-13,November,39664.0,185000.0,0.0,56200.0,280864.0
7590,317,5,2026-11-13,November,49728.0,235320.0,10656.0,55600.0,351304.0
7591,317,6,2026-11-13,November,51208.0,242720.0,10656.0,60860.0,365444.0
7592,317,7,2026-11-13,November,48544.0,242720.0,10656.0,64360.0,366280.0
7593,317,8,2026-11-13,November,48544.0,242720.0,0.0,64360.0,355624.0
7594,317,9,2026-11-13,November,48544.0,242720.0,0.0,64360.0,355624.0
7595,317,10,2026-11-13,November,48544.0,242720.0,40256.0,64360.0,395880.0
7596,317,11,2026-11-13,November,48544.0,242720.0,40256.0,60551.0,392071.0
7597,317,12,2026-11-13,November,39664.0,198320.0,40256.0,53860.0,332100.0
7598,317,13,2026-11-13,November,39664.0,198320.0,40256.0,53860.0,332100.0
7599,317,14,2026-11-13,November,42328.0,211640.0,40256.0,50930.0,345154.0
7600,317,15,2026-11-13,November,44992.0,211640.0,40256.0,40451.0,337339.0
7601,317,16,2026-11-13,November,66600.0,256040.0,40256.0,39000.0,401896.0
7602,317,17,2026-11-13,November,66600.0,269360.0,50912.0,37500.0,424372.0
7603,317,18,2026-11-13,November,66600.0,269360.0,50912.0,37800.0,424672.0
7604,317,19,2026-11-13,November,66600.0,269360.0,10656.0,27200.0,373816.0
7605,317,20,2026-11-13,November,66600.0,269360.0,10656.0,27200.0,373816.0
7606,317,21,2026-11-13,November,53872.0,256040.0,10656.0,26200.0,346768.0
7607,317,22,2026-11-13,November,44992.0,211640.0,0.0,26200.0,282832.0
7608,317,23,2026-11-13,November,42328.0,185000.0,0.0,26200.0,253528.0
7609,318,0,2026-11-14,Winter_Weekend,61272.0,256040.0,40256.0,46400.0,403968.0
7610,318,1,2026-11-14,Winter_Weekend,61272.0,211640.0,40256.0,46400.0,359568.0
7611,318,2,2026-11-14,Winter_Weekend,58608.0,198320.0,29600.0,56900.0,343428.0
7612,318,3,2026-11-14,Winter_Weekend,47064.0,198320.0,29600.0,56900.0,331884.0
7613,318,4,2026-11-14,Winter_Weekend,47064.0,198320.0,29600.0,56000.0,330984.0
7614,318,5,2026-11-14,Winter_Weekend,54464.0,198320.0,29600.0,55400.0,337784.0
7615,318,6,2026-11-14,Winter_Weekend,63344.0,198320.0,40256.0,54700.0,356620.0
7616,318,7,2026-11-14,Winter_Weekend,66008.0,248640.0,40256.0,58500.0,413404.0
7617,318,8,2026-11-14,Winter_Weekend,58608.0,293040.0,40256.0,58500.0,450404.0
7618,318,9,2026-11-14,Winter_Weekend,61272.0,293040.0,40256.0,58500.0,453068.0
7619,318,10,2026-11-14,Winter_Weekend,115736.0,293040.0,40256.0,58500.0,507532.0
7620,318,11,2026-11-14,Winter_Weekend,63936.0,293040.0,40256.0,58500.0,455732.0
7621,318,12,2026-11-14,Winter_Weekend,61272.0,293040.0,40256.0,48000.0,442568.0
7622,318,13,2026-11-14,Winter_Weekend,179672.0,885040.0,40256.0,48000.0,1152968.0
7623,318,14,2026-11-14,Winter_Weekend,182336.0,306360.0,40256.0,48000.0,576952.0
7624,318,15,2026-11-14,Winter_Weekend,66600.0,306360.0,40256.0,48420.0,461636.0
7625,318,16,2026-11-14,Winter_Weekend,74000.0,306360.0,40256.0,48900.0,469516.0
7626,318,17,2026-11-14,Winter_Weekend,74000.0,306360.0,50912.0,47500.0,478772.0
7627,318,18,2026-11-14,Winter_Weekend,74000.0,306360.0,50912.0,47500.0,478772.0
7628,318,19,2026-11-14,Winter_Weekend,74000.0,269360.0,40256.0,36600.0,420216.0
7629,318,20,2026-11-14,Winter_Weekend,74000.0,269360.0,40256.0,36900.0,420516.0
7630,318,21,2026-11-14,Winter_Weekend,66600.0,269360.0,40256.0,25400.0,401616.0
7631,318,22,2026-11-14,Winter_Weekend,66600.0,269360.0,40256.0,25400.0,401616.0
7632,318,23,2026-11-14,Winter_Weekend,66600.0,269360.0,40256.0,25400.0,401616.0
7633,319,0,2026-11-15,Winter_Weekend,61272.0,256040.0,40256.0,46400.0,403968.0
7634,319,1,2026-11-15,Winter_Weekend,61272.0,211640.0,40256.0,46400.0,359568.0
7635,319,2,2026-11-15,Winter_Weekend,58608.0,198320.0,29600.0,56900.0,343428.0
7636,319,3,2026-11-15,Winter_Weekend,47064.0,198320.0,29600.0,56900.0,331884.0
7637,319,4,2026-11-15,Winter_Weekend,47064.0,198320.0,29600.0,56000.0,330984.0
7638,319,5,2026-11-15,Winter_Weekend,54464.0,198320.0,29600.0,55400.0,337784.0
7639,319,6,2026-11-15,Winter_Weekend,63344.0,198320.0,40256.0,54700.0,356620.0
7640,319,7,2026-11-15,Winter_Weekend,66008.0,248640.0,40256.0,58500.0,413404.0
7641,319,8,2026-11-15,Winter_Weekend,58608.0,293040.0,40256.0,58500.0,450404.0
7642,319,9,2026-11-15,Winter_Weekend,61272.0,293040.0,40256.0,58500.0,453068.0
7643,319,10,2026-11-15,Winter_Weekend,115736.0,293040.0,40256.0,58500.0,507532.0
7644,319,11,2026-11-15,Winter_Weekend,63936.0,293040.0,40256.0,58500.0,455732.0
7645,319,12,2026-11-15,Winter_Weekend,61272.0,293040.0,40256.0,48000.0,442568.0
7646,319,13,2026-11-15,Winter_Weekend,179672.0,885040.0,40256.0,48000.0,1152968.0
7647,319,14,2026-11-15,Winter_Weekend,182336.0,306360.0,40256.0,48000.0,576952.0
7648,319,15,2026-11-15,Winter_Weekend,66600.0,306360.0,40256.0,48420.0,461636.0
7649,319,16,2026-11-15,Winter_Weekend,74000.0,306360.0,40256.0,48900.0,469516.0
7650,319,17,2026-11-15,Winter_Weekend,74000.0,306360.0,50912.0,47500.0,478772.0
7651,319,18,2026-11-15,Winter_Weekend,74000.0,306360.0,50912.0,47500.0,478772.0
7652,319,19,2026-11-15,Winter_Weekend,74000.0,269360.0,40256.0,36600.0,420216.0
7653,319,20,2026-11-15,Winter_Weekend,74000.0,269360.0,40256.0,36900.0,420516.0
7654,319,21,2026-11-15,Winter_Weekend,66600.0,269360.0,40256.0,25400.0,401616.0
7655,319,22,2026-11-15,Winter_Weekend,66600.0,269360.0,40256.0,25400.0,401616.0
7656,319,23,2026-11-15,Winter_Weekend,66600.0,269360.0,40256.0,25400.0,401616.0
7657,320,0,2026-11-16,November,39664.0,185000.0,0.0,36100.0,260764.0
7658,320,1,2026-11-16,November,39664.0,185000.0,0.0,36100.0,260764.0
7659,320,2,2026-11-16,November,39664.0,185000.0,0.0,57100.0,281764.0
7660,320,3,2026-11-16,November,39664.0,185000.0,0.0,57100.0,281764.0
7661,320,4,2026-11-16,November,39664.0,185000.0,0.0,56200.0,280864.0
7662,320,5,2026-11-16,November,49728.0,235320.0,10656.0,55600.0,351304.0
7663,320,6,2026-11-16,November,51208.0,242720.0,10656.0,60860.0,365444.0
7664,320,7,2026-11-16,November,48544.0,242720.0,10656.0,64360.0,366280.0
7665,320,8,2026-11-16,November,48544.0,242720.0,0.0,64360.0,355624.0
7666,320,9,2026-11-16,November,48544.0,242720.0,0.0,64360.0,355624.0
7667,320,10,2026-11-16,November,48544.0,242720.0,40256.0,64360.0,395880.0
7668,320,11,2026-11-16,November,48544.0,242720.0,40256.0,60551.0,392071.0
7669,320,12,2026-11-16,November,39664.0,198320.0,40256.0,53860.0,332100.0
7670,320,13,2026-11-16,November,39664.0,198320.0,40256.0,53860.0,332100.0
7671,320,14,2026-11-16,November,42328.0,211640.0,40256.0,50930.0,345154.0
7672,320,15,2026-11-16,November,44992.0,211640.0,40256.0,40451.0,337339.0
7673,320,16,2026-11-16,November,66600.0,256040.0,40256.0,39000.0,401896.0
7674,320,17,2026-11-16,November,66600.0,269360.0,50912.0,37500.0,424372.0
7675,320,18,2026-11-16,November,66600.0,269360.0,50912.0,37800.0,424672.0
7676,320,19,2026-11-16,November,66600.0,269360.0,10656.0,27200.0,373816.0
7677,320,20,2026-11-16,November,66600.0,269360.0,10656.0,27200.0,373816.0
7678,320,21,2026-11-16,November,53872.0,256040.0,10656.0,26200.0,346768.0
7679,320,22,2026-11-16,November,44992.0,211640.0,0.0,26200.0,282832.0
7680,320,23,2026-11-16,November,42328.0,185000.0,0.0,26200.0,253528.0
7681,321,0,2026-11-17,November,39664.0,185000.0,0.0,36100.0,260764.0
7682,321,1,2026-11-17,November,39664.0,185000.0,0.0,36100.0,260764.0
7683,321,2,2026-11-17,November,39664.0,185000.0,0.0,57100.0,281764.0
7684,321,3,2026-11-17,November,39664.0,185000.0,0.0,57100.0,281764.0
7685,321,4,2026-11-17,November,39664.0,185000.0,0.0,56200.0,280864.0
7686,321,5,2026-11-17,November,49728.0,235320.0,10656.0,55600.0,351304.0
7687,321,6,2026-11-17,November,51208.0,242720.0,10656.0,60860.0,365444.0
7688,321,7,2026-11-17,November,48544.0,242720.0,10656.0,64360.0,366280.0
7689,321,8,2026-11-17,November,48544.0,242720.0,0.0,64360.0,355624.0
7690,321,9,2026-11-17,November,48544.0,242720.0,0.0,64360.0,355624.0
7691,321,10,2026-11-17,November,48544.0,242720.0,40256.0,64360.0,395880.0
7692,321,11,2026-11-17,November,48544.0,242720.0,40256.0,60551.0,392071.0
7693,321,12,2026-11-17,November,39664.0,198320.0,40256.0,53860.0,332100.0
7694,321,13,2026-11-17,November,39664.0,198320.0,40256.0,53860.0,332100.0
7695,321,14,2026-11-17,November,42328.0,211640.0,40256.0,50930.0,345154.0
7696,321,15,2026-11-17,November,44992.0,211640.0,40256.0,40451.0,337339.0
7697,321,16,2026-11-17,November,66600.0,256040.0,40256.0,39000.0,401896.0
7698,321,17,2026-11-17,November,66600.0,269360.0,50912.0,37500.0,424372.0
7699,321,18,2026-11-17,November,66600.0,269360.0,50912.0,37800.0,424672.0
7700,321,19,2026-11-17,November,66600.0,269360.0,10656.0,27200.0,373816.0
7701,321,20,2026-11-17,November,66600.0,269360.0,10656.0,27200.0,373816.0
7702,321,21,2026-11-17,November,53872.0,256040.0,10656.0,26200.0,346768.0
7703,321,22,2026-11-17,November,44992.0,211640.0,0.0,26200.0,282832.0
7704,321,23,2026-11-17,November,42328.0,185000.0,0.0,26200.0,253528.0
7705,322,0,2026-11-18,November,39664.0,185000.0,0.0,36100.0,260764.0
7706,322,1,2026-11-18,November,39664.0,185000.0,0.0,36100.0,260764.0
7707,322,2,2026-11-18,November,39664.0,185000.0,0.0,57100.0,281764.0
7708,322,3,2026-11-18,November,39664.0,185000.0,0.0,57100.0,281764.0
7709,322,4,2026-11-18,November,39664.0,185000.0,0.0,56200.0,280864.0
7710,322,5,2026-11-18,November,49728.0,235320.0,10656.0,55600.0,351304.0
7711,322,6,2026-11-18,November,51208.0,242720.0,10656.0,60860.0,365444.0
7712,322,7,2026-11-18,November,48544.0,242720.0,10656.0,64360.0,366280.0
7713,322,8,2026-11-18,November,48544.0,242720.0,0.0,64360.0,355624.0
7714,322,9,2026-11-18,November,48544.0,242720.0,0.0,64360.0,355624.0
7715,322,10,2026-11-18,November,48544.0,242720.0,40256.0,64360.0,395880.0
7716,322,11,2026-11-18,November,48544.0,242720.0,40256.0,60551.0,392071.0
7717,322,12,2026-11-18,November,39664.0,198320.0,40256.0,53860.0,332100.0
7718,322,13,2026-11-18,November,39664.0,198320.0,40256.0,53860.0,332100.0
7719,322,14,2026-11-18,November,42328.0,211640.0,40256.0,50930.0,345154.0
7720,322,15,2026-11-18,November,44992.0,211640.0,40256.0,40451.0,337339.0
7721,322,16,2026-11-18,November,66600.0,256040.0,40256.0,39000.0,401896.0
7722,322,17,2026-11-18,November,66600.0,269360.0,50912.0,37500.0,424372.0
7723,322,18,2026-11-18,November,66600.0,269360.0,50912.0,37800.0,424672.0
7724,322,19,2026-11-18,November,66600.0,269360.0,10656.0,27200.0,373816.0
7725,322,20,2026-11-18,November,66600.0,269360.0,10656.0,27200.0,373816.0
7726,322,21,2026-11-18,November,53872.0,256040.0,10656.0,26200.0,346768.0
7727,322,22,2026-11-18,November,44992.0,211640.0,0.0,26200.0,282832.0
7728,322,23,2026-11-18,November,42328.0,185000.0,0.0,26200.0,253528.0
7729,323,0,2026-11-19,November,39664.0,185000.0,0.0,36100.0,260764.0
7730,323,1,2026-11-19,November,39664.0,185000.0,0.0,36100.0,260764.0
7731,323,2,2026-11-19,November,39664.0,185000.0,0.0,57100.0,281764.0
7732,323,3,2026-11-19,November,39664.0,185000.0,0.0,57100.0,281764.0
7733,323,4,2026-11-19,November,39664.0,185000.0,0.0,56200.0,280864.0
7734,323,5,2026-11-19,November,49728.0,235320.0,10656.0,55600.0,351304.0
7735,323,6,2026-11-19,November,51208.0,242720.0,10656.0,60860.0,365444.0
7736,323,7,2026-11-19,November,48544.0,242720.0,10656.0,64360.0,366280.0
7737,323,8,2026-11-19,November,48544.0,242720.0,0.0,64360.0,355624.0
7738,323,9,2026-11-19,November,48544.0,242720.0,0.0,64360.0,355624.0
7739,323,10,2026-11-19,November,48544.0,242720.0,40256.0,64360.0,395880.0
7740,323,11,2026-11-19,November,48544.0,242720.0,40256.0,60551.0,392071.0
7741,323,12,2026-11-19,November,39664.0,198320.0,40256.0,53860.0,332100.0
7742,323,13,2026-11-19,November,39664.0,198320.0,40256.0,53860.0,332100.0
7743,323,14,2026-11-19,November,42328.0,211640.0,40256.0,50930.0,345154.0
7744,323,15,2026-11-19,November,44992.0,211640.0,40256.0,40451.0,337339.0
7745,323,16,2026-11-19,November,66600.0,256040.0,40256.0,39000.0,401896.0
7746,323,17,2026-11-19,November,66600.0,269360.0,50912.0,37500.0,424372.0
7747,323,18,2026-11-19,November,66600.0,269360.0,50912.0,37800.0,424672.0
7748,323,19,2026-11-19,November,66600.0,269360.0,10656.0,27200.0,373816.0
7749,323,20,2026-11-19,November,66600.0,269360.0,10656.0,27200.0,373816.0
7750,323,21,2026-11-19,November,53872.0,256040.0,10656.0,26200.0,346768.0
7751,323,22,2026-11-19,November,44992.0,211640.0,0.0,26200.0,282832.0
7752,323,23,2026-11-19,November,42328.0,185000.0,0.0,26200.0,253528.0
7753,324,0,2026-11-20,November,39664.0,185000.0,0.0,36100.0,260764.0
7754,324,1,2026-11-20,November,39664.0,185000.0,0.0,36100.0,260764.0
7755,324,2,2026-11-20,November,39664.0,185000.0,0.0,57100.0,281764.0
7756,324,3,2026-11-20,November,39664.0,185000.0,0.0,57100.0,281764.0
7757,324,4,2026-11-20,November,39664.0,185000.0,0.0,56200.0,280864.0
7758,324,5,2026-11-20,November,49728.0,235320.0,10656.0,55600.0,351304.0
7759,324,6,2026-11-20,November,51208.0,242720.0,10656.0,60860.0,365444.0
7760,324,7,2026-11-20,November,48544.0,242720.0,10656.0,64360.0,366280.0
7761,324,8,2026-11-20,November,48544.0,242720.0,0.0,64360.0,355624.0
7762,324,9,2026-11-20,November,48544.0,242720.0,0.0,64360.0,355624.0
7763,324,10,2026-11-20,November,48544.0,242720.0,40256.0,64360.0,395880.0
7764,324,11,2026-11-20,November,48544.0,242720.0,40256.0,60551.0,392071.0
7765,324,12,2026-11-20,November,39664.0,198320.0,40256.0,53860.0,332100.0
7766,324,13,2026-11-20,November,39664.0,198320.0,40256.0,53860.0,332100.0
7767,324,14,2026-11-20,November,42328.0,211640.0,40256.0,50930.0,345154.0
7768,324,15,2026-11-20,November,44992.0,211640.0,40256.0,40451.0,337339.0
7769,324,16,2026-11-20,November,66600.0,256040.0,40256.0,39000.0,401896.0
7770,324,17,2026-11-20,November,66600.0,269360.0,50912.0,37500.0,424372.0
7771,324,18,2026-11-20,November,66600.0,269360.0,50912.0,37800.0,424672.0
7772,324,19,2026-11-20,November,66600.0,269360.0,10656.0,27200.0,373816.0
7773,324,20,2026-11-20,November,66600.0,269360.0,10656.0,27200.0,373816.0
7774,324,21,2026-11-20,November,53872.0,256040.0,10656.0,26200.0,346768.0
7775,324,22,2026-11-20,November,44992.0,211640.0,0.0,26200.0,282832.0
7776,324,23,2026-11-20,November,42328.0,185000.0,0.0,26200.0,253528.0
7777,325,0,2026-11-21,Winter_Weekend,61272.0,256040.0,40256.0,46400.0,403968.0
7778,325,1,2026-11-21,Winter_Weekend,61272.0,211640.0,40256.0,46400.0,359568.0
7779,325,2,2026-11-21,Winter_Weekend,58608.0,198320.0,29600.0,56900.0,343428.0
7780,325,3,2026-11-21,Winter_Weekend,47064.0,198320.0,29600.0,56900.0,331884.0
7781,325,4,2026-11-21,Winter_Weekend,47064.0,198320.0,29600.0,56000.0,330984.0
7782,325,5,2026-11-21,Winter_Weekend,54464.0,198320.0,29600.0,55400.0,337784.0
7783,325,6,2026-11-21,Winter_Weekend,63344.0,198320.0,40256.0,54700.0,356620.0
7784,325,7,2026-11-21,Winter_Weekend,66008.0,248640.0,40256.0,58500.0,413404.0
7785,325,8,2026-11-21,Winter_Weekend,58608.0,293040.0,40256.0,58500.0,450404.0
7786,325,9,2026-11-21,Winter_Weekend,61272.0,293040.0,40256.0,58500.0,453068.0
7787,325,10,2026-11-21,Winter_Weekend,115736.0,293040.0,40256.0,58500.0,507532.0
7788,325,11,2026-11-21,Winter_Weekend,63936.0,293040.0,40256.0,58500.0,455732.0
7789,325,12,2026-11-21,Winter_Weekend,61272.0,293040.0,40256.0,48000.0,442568.0
7790,325,13,2026-11-21,Winter_Weekend,179672.0,885040.0,40256.0,48000.0,1152968.0
7791,325,14,2026-11-21,Winter_Weekend,182336.0,306360.0,40256.0,48000.0,576952.0
7792,325,15,2026-11-21,Winter_Weekend,66600.0,306360.0,40256.0,48420.0,461636.0
7793,325,16,2026-11-21,Winter_Weekend,74000.0,306360.0,40256.0,48900.0,469516.0
7794,325,17,2026-11-21,Winter_Weekend,74000.0,306360.0,50912.0,47500.0,478772.0
7795,325,18,2026-11-21,Winter_Weekend,74000.0,306360.0,50912.0,47500.0,478772.0
7796,325,19,2026-11-21,Winter_Weekend,74000.0,269360.0,40256.0,36600.0,420216.0
7797,325,20,2026-11-21,Winter_Weekend,74000.0,269360.0,40256.0,36900.0,420516.0
7798,325,21,2026-11-21,Winter_Weekend,66600.0,269360.0,40256.0,25400.0,401616.0
7799,325,22,2026-11-21,Winter_Weekend,66600.0,269360.0,40256.0,25400.0,401616.0
7800,325,23,2026-11-21,Winter_Weekend,66600.0,269360.0,40256.0,25400.0,401616.0
7801,326,0,2026-11-22,Winter_Weekend,61272.0,256040.0,40256.0,46400.0,403968.0
7802,326,1,2026-11-22,Winter_Weekend,61272.0,211640.0,40256.0,46400.0,359568.0
7803,326,2,2026-11-22,Winter_Weekend,58608.0,198320.0,29600.0,56900.0,343428.0
7804,326,3,2026-11-22,Winter_Weekend,47064.0,198320.0,29600.0,56900.0,331884.0
7805,326,4,2026-11-22,Winter_Weekend,47064.0,198320.0,29600.0,56000.0,330984.0
7806,326,5,2026-11-22,Winter_Weekend,54464.0,198320.0,29600.0,55400.0,337784.0
7807,326,6,2026-11-22,Winter_Weekend,63344.0,198320.0,40256.0,54700.0,356620.0
7808,326,7,2026-11-22,Winter_Weekend,66008.0,248640.0,40256.0,58500.0,413404.0
7809,326,8,2026-11-22,Winter_Weekend,58608.0,293040.0,40256.0,58500.0,450404.0
7810,326,9,2026-11-22,Winter_Weekend,61272.0,293040.0,40256.0,58500.0,453068.0
7811,326,10,2026-11-22,Winter_Weekend,115736.0,293040.0,40256.0,58500.0,507532.0
7812,326,11,2026-11-22,Winter_Weekend,63936.0,293040.0,40256.0,58500.0,455732.0
7813,326,12,2026-11-22,Winter_Weekend,61272.0,293040.0,40256.0,48000.0,442568.0
7814,326,13,2026-11-22,Winter_Weekend,179672.0,885040.0,40256.0,48000.0,1152968.0
7815,326,14,2026-11-22,Winter_Weekend,182336.0,306360.0,40256.0,48000.0,576952.0
7816,326,15,2026-11-22,Winter_Weekend,66600.0,306360.0,40256.0,48420.0,461636.0
7817,326,16,2026-11-22,Winter_Weekend,74000.0,306360.0,40256.0,48900.0,469516.0
7818,326,17,2026-11-22,Winter_Weekend,74000.0,306360.0,50912.0,47500.0,478772.0
7819,326,18,2026-11-22,Winter_Weekend,74000.0,306360.0,50912.0,47500.0,478772.0
7820,326,19,2026-11-22,Winter_Weekend,74000.0,269360.0,40256.0,36600.0,420216.0
7821,326,20,2026-11-22,Winter_Weekend,74000.0,269360.0,40256.0,36900.0,420516.0
7822,326,21,2026-11-22,Winter_Weekend,66600.0,269360.0,40256.0,25400.0,401616.0
7823,326,22,2026-11-22,Winter_Weekend,66600.0,269360.0,40256.0,25400.0,401616.0
7824,326,23,2026-11-22,Winter_Weekend,66600.0,269360.0,40256.0,25400.0,401616.0
7825,327,0,2026-11-23,November,39664.0,185000.0,0.0,36100.0,260764.0
7826,327,1,2026-11-23,November,39664.0,185000.0,0.0,36100.0,260764.0
7827,327,2,2026-11-23,November,39664.0,185000.0,0.0,57100.0,281764.0
7828,327,3,2026-11-23,November,39664.0,185000.0,0.0,57100.0,281764.0
7829,327,4,2026-11-23,November,39664.0,185000.0,0.0,56200.0,280864.0
7830,327,5,2026-11-23,November,49728.0,235320.0,10656.0,55600.0,351304.0
7831,327,6,2026-11-23,November,51208.0,242720.0,10656.0,60860.0,365444.0
7832,327,7,2026-11-23,November,48544.0,242720.0,10656.0,64360.0,366280.0
7833,327,8,2026-11-23,November,48544.0,242720.0,0.0,64360.0,355624.0
7834,327,9,2026-11-23,November,48544.0,242720.0,0.0,64360.0,355624.0
7835,327,10,2026-11-23,November,48544.0,242720.0,40256.0,64360.0,395880.0
7836,327,11,2026-11-23,November,48544.0,242720.0,40256.0,60551.0,392071.0
7837,327,12,2026-11-23,November,39664.0,198320.0,40256.0,53860.0,332100.0
7838,327,13,2026-11-23,November,39664.0,198320.0,40256.0,53860.0,332100.0
7839,327,14,2026-11-23,November,42328.0,211640.0,40256.0,50930.0,345154.0
7840,327,15,2026-11-23,November,44992.0,211640.0,40256.0,40451.0,337339.0
7841,327,16,2026-11-23,November,66600.0,256040.0,40256.0,39000.0,401896.0
7842,327,17,2026-11-23,November,66600.0,269360.0,50912.0,37500.0,424372.0
7843,327,18,2026-11-23,November,66600.0,269360.0,50912.0,37800.0,424672.0
7844,327,19,2026-11-23,November,66600.0,269360.0,10656.0,27200.0,373816.0
7845,327,20,2026-11-23,November,66600.0,269360.0,10656.0,27200.0,373816.0
7846,327,21,2026-11-23,November,53872.0,256040.0,10656.0,26200.0,346768.0
7847,327,22,2026-11-23,November,44992.0,211640.0,0.0,26200.0,282832.0
7848,327,23,2026-11-23,November,42328.0,185000.0,0.0,26200.0,253528.0
7849,328,0,2026-11-24,November,39664.0,185000.0,0.0,36100.0,260764.0
7850,328,1,2026-11-24,November,39664.0,185000.0,0.0,36100.0,260764.0
7851,328,2,2026-11-24,November,39664.0,185000.0,0.0,57100.0,281764.0
7852,328,3,2026-11-24,November,39664.0,185000.0,0.0,57100.0,281764.0
7853,328,4,2026-11-24,November,39664.0,185000.0,0.0,56200.0,280864.0
7854,328,5,2026-11-24,November,49728.0,235320.0,10656.0,55600.0,351304.0
7855,328,6,2026-11-24,November,51208.0,242720.0,10656.0,60860.0,365444.0
7856,328,7,2026-11-24,November,48544.0,242720.0,10656.0,64360.0,366280.0
7857,328,8,2026-11-24,November,48544.0,242720.0,0.0,64360.0,355624.0
7858,328,9,2026-11-24,November,48544.0,242720.0,0.0,64360.0,355624.0
7859,328,10,2026-11-24,November,48544.0,242720.0,40256.0,64360.0,395880.0
7860,328,11,2026-11-24,November,48544.0,242720.0,40256.0,60551.0,392071.0
7861,328,12,2026-11-24,November,39664.0,198320.0,40256.0,53860.0,332100.0
7862,328,13,2026-11-24,November,39664.0,198320.0,40256.0,53860.0,332100.0
7863,328,14,2026-11-24,November,42328.0,211640.0,40256.0,50930.0,345154.0
7864,328,15,2026-11-24,November,44992.0,211640.0,40256.0,40451.0,337339.0
7865,328,16,2026-11-24,November,66600.0,256040.0,40256.0,39000.0,401896.0
7866,328,17,2026-11-24,November,66600.0,269360.0,50912.0,37500.0,424372.0
7867,328,18,2026-11-24,November,66600.0,269360.0,50912.0,37800.0,424672.0
7868,328,19,2026-11-24,November,66600.0,269360.0,10656.0,27200.0,373816.0
7869,328,20,2026-11-24,November,66600.0,269360.0,10656.0,27200.0,373816.0
7870,328,21,2026-11-24,November,53872.0,256040.0,10656.0,26200.0,346768.0
7871,328,22,2026-11-24,November,44992.0,211640.0,0.0,26200.0,282832.0
7872,328,23,2026-11-24,November,42328.0,185000.0,0.0,26200.0,253528.0
7873,329,0,2026-11-25,November,39664.0,185000.0,0.0,36100.0,260764.0
7874,329,1,2026-11-25,November,39664.0,185000.0,0.0,36100.0,260764.0
7875,329,2,2026-11-25,November,39664.0,185000.0,0.0,57100.0,281764.0
7876,329,3,2026-11-25,November,39664.0,185000.0,0.0,57100.0,281764.0
7877,329,4,2026-11-25,November,39664.0,185000.0,0.0,56200.0,280864.0
7878,329,5,2026-11-25,November,49728.0,235320.0,10656.0,55600.0,351304.0
7879,329,6,2026-11-25,November,51208.0,242720.0,10656.0,60860.0,365444.0
7880,329,7,2026-11-25,November,48544.0,242720.0,10656.0,64360.0,366280.0
7881,329,8,2026-11-25,November,48544.0,242720.0,0.0,64360.0,355624.0
7882,329,9,2026-11-25,November,48544.0,242720.0,0.0,64360.0,355624.0
7883,329,10,2026-11-25,November,48544.0,242720.0,40256.0,64360.0,395880.0
7884,329,11,2026-11-25,November,48544.0,242720.0,40256.0,60551.0,392071.0
7885,329,12,2026-11-25,November,39664.0,198320.0,40256.0,53860.0,332100.0
7886,329,13,2026-11-25,November,39664.0,198320.0,40256.0,53860.0,332100.0
7887,329,14,2026-11-25,November,42328.0,211640.0,40256.0,50930.0,345154.0
7888,329,15,2026-11-25,November,44992.0,211640.0,40256.0,40451.0,337339.0
7889,329,16,2026-11-25,November,66600.0,256040.0,40256.0,39000.0,401896.0
7890,329,17,2026-11-25,November,66600.0,269360.0,50912.0,37500.0,424372.0
7891,329,18,2026-11-25,November,66600.0,269360.0,50912.0,37800.0,424672.0
7892,329,19,2026-11-25,November,66600.0,269360.0,10656.0,27200.0,373816.0
7893,329,20,2026-11-25,November,66600.0,269360.0,10656.0,27200.0,373816.0
7894,329,21,2026-11-25,November,53872.0,256040.0,10656.0,26200.0,346768.0
7895,329,22,2026-11-25,November,44992.0,211640.0,0.0,26200.0,282832.0
7896,329,23,2026-11-25,November,42328.0,185000.0,0.0,26200.0,253528.0
7897,330,0,2026-11-26,November,39664.0,185000.0,0.0,36100.0,260764.0
7898,330,1,2026-11-26,November,39664.0,185000.0,0.0,36100.0,260764.0
7899,330,2,2026-11-26,November,39664.0,185000.0,0.0,57100.0,281764.0
7900,330,3,2026-11-26,November,39664.0,185000.0,0.0,57100.0,281764.0
7901,330,4,2026-11-26,November,39664.0,185000.0,0.0,56200.0,280864.0
7902,330,5,2026-11-26,November,49728.0,235320.0,10656.0,55600.0,351304.0
7903,330,6,2026-11-26,November,51208.0,242720.0,10656.0,60860.0,365444.0
7904,330,7,2026-11-26,November,48544.0,242720.0,10656.0,64360.0,366280.0
7905,330,8,2026-11-26,November,48544.0,242720.0,0.0,64360.0,355624.0
7906,330,9,2026-11-26,November,48544.0,242720.0,0.0,64360.0,355624.0
7907,330,10,2026-11-26,November,48544.0,242720.0,40256.0,64360.0,395880.0
7908,330,11,2026-11-26,November,48544.0,242720.0,40256.0,60551.0,392071.0
7909,330,12,2026-11-26,November,39664.0,198320.0,40256.0,53860.0,332100.0
7910,330,13,2026-11-26,November,39664.0,198320.0,40256.0,53860.0,332100.0
7911,330,14,2026-11-26,November,42328.0,211640.0,40256.0,50930.0,345154.0
7912,330,15,2026-11-26,November,44992.0,211640.0,40256.0,40451.0,337339.0
7913,330,16,2026-11-26,November,66600.0,256040.0,40256.0,39000.0,401896.0
7914,330,17,2026-11-26,November,66600.0,269360.0,50912.0,37500.0,424372.0
7915,330,18,2026-11-26,November,66600.0,269360.0,50912.0,37800.0,424672.0
7916,330,19,2026-11-26,November,66600.0,269360.0,10656.0,27200.0,373816.0
7917,330,20,2026-11-26,November,66600.0,269360.0,10656.0,27200.0,373816.0
7918,330,21,2026-11-26,November,53872.0,256040.0,10656.0,26200.0,346768.0
7919,330,22,2026-11-26,November,44992.0,211640.0,0.0,26200.0,282832.0
7920,330,23,2026-11-26,November,42328.0,185000.0,0.0,26200.0,253528.0
7921,331,0,2026-11-27,November,39664.0,185000.0,0.0,36100.0,260764.0
7922,331,1,2026-11-27,November,39664.0,185000.0,0.0,36100.0,260764.0
7923,331,2,2026-11-27,November,39664.0,185000.0,0.0,57100.0,281764.0
7924,331,3,2026-11-27,November,39664.0,185000.0,0.0,57100.0,281764.0
7925,331,4,2026-11-27,November,39664.0,185000.0,0.0,56200.0,280864.0
7926,331,5,2026-11-27,November,49728.0,235320.0,10656.0,55600.0,351304.0
7927,331,6,2026-11-27,November,51208.0,242720.0,10656.0,60860.0,365444.0
7928,331,7,2026-11-27,November,48544.0,242720.0,10656.0,64360.0,366280.0
7929,331,8,2026-11-27,November,48544.0,242720.0,0.0,64360.0,355624.0
7930,331,9,2026-11-27,November,48544.0,242720.0,0.0,64360.0,355624.0
7931,331,10,2026-11-27,November,48544.0,242720.0,40256.0,64360.0,395880.0
7932,331,11,2026-11-27,November,48544.0,242720.0,40256.0,60551.0,392071.0
7933,331,12,2026-11-27,November,39664.0,198320.0,40256.0,53860.0,332100.0
7934,331,13,2026-11-27,November,39664.0,198320.0,40256.0,53860.0,332100.0
7935,331,14,2026-11-27,November,42328.0,211640.0,40256.0,50930.0,345154.0
7936,331,15,2026-11-27,November,44992.0,211640.0,40256.0,40451.0,337339.0
7937,331,16,2026-11-27,November,66600.0,256040.0,40256.0,39000.0,401896.0
7938,331,17,2026-11-27,November,66600.0,269360.0,50912.0,37500.0,424372.0
7939,331,18,2026-11-27,November,66600.0,269360.0,50912.0,37800.0,424672.0
7940,331,19,2026-11-27,November,66600.0,269360.0,10656.0,27200.0,373816.0
7941,331,20,2026-11-27,November,66600.0,269360.0,10656.0,27200.0,373816.0
7942,331,21,2026-11-27,November,53872.0,256040.0,10656.0,26200.0,346768.0
7943,331,22,2026-11-27,November,44992.0,211640.0,0.0,26200.0,282832.0
7944,331,23,2026-11-27,November,42328.0,185000.0,0.0,26200.0,253528.0
7945,332,0,2026-11-28,Winter_Weekend,61272.0,256040.0,40256.0,46400.0,403968.0
7946,332,1,2026-11-28,Winter_Weekend,61272.0,211640.0,40256.0,46400.0,359568.0
7947,332,2,2026-11-28,Winter_Weekend,58608.0,198320.0,29600.0,56900.0,343428.0
7948,332,3,2026-11-28,Winter_Weekend,47064.0,198320.0,29600.0,56900.0,331884.0
7949,332,4,2026-11-28,Winter_Weekend,47064.0,198320.0,29600.0,56000.0,330984.0
7950,332,5,2026-11-28,Winter_Weekend,54464.0,198320.0,29600.0,55400.0,337784.0
7951,332,6,2026-11-28,Winter_Weekend,63344.0,198320.0,40256.0,54700.0,356620.0
7952,332,7,2026-11-28,Winter_Weekend,66008.0,248640.0,40256.0,58500.0,413404.0
7953,332,8,2026-11-28,Winter_Weekend,58608.0,293040.0,40256.0,58500.0,450404.0
7954,332,9,2026-11-28,Winter_Weekend,61272.0,293040.0,40256.0,58500.0,453068.0
7955,332,10,2026-11-28,Winter_Weekend,115736.0,293040.0,40256.0,58500.0,507532.0
7956,332,11,2026-11-28,Winter_Weekend,63936.0,293040.0,40256.0,58500.0,455732.0
7957,332,12,2026-11-28,Winter_Weekend,61272.0,293040.0,40256.0,48000.0,442568.0
7958,332,13,2026-11-28,Winter_Weekend,179672.0,885040.0,40256.0,48000.0,1152968.0
7959,332,14,2026-11-28,Winter_Weekend,182336.0,306360.0,40256.0,48000.0,576952.0
7960,332,15,2026-11-28,Winter_Weekend,66600.0,306360.0,40256.0,48420.0,461636.0
7961,332,16,2026-11-28,Winter_Weekend,74000.0,306360.0,40256.0,48900.0,469516.0
7962,332,17,2026-11-28,Winter_Weekend,74000.0,306360.0,50912.0,47500.0,478772.0
7963,332,18,2026-11-28,Winter_Weekend,74000.0,306360.0,50912.0,47500.0,478772.0
7964,332,19,2026-11-28,Winter_Weekend,74000.0,269360.0,40256.0,36600.0,420216.0
7965,332,20,2026-11-28,Winter_Weekend,74000.0,269360.0,40256.0,36900.0,420516.0
7966,332,21,2026-11-28,Winter_Weekend,66600.0,269360.0,40256.0,25400.0,401616.0
7967,332,22,2026-11-28,Winter_Weekend,66600.0,269360.0,40256.0,25400.0,401616.0
7968,332,23,2026-11-28,Winter_Weekend,66600.0,269360.0,40256.0,25400.0,401616.0
7969,333,0,2026-11-29,Winter_Weekend,61272.0,256040.0,40256.0,46400.0,403968.0
7970,333,1,2026-11-29,Winter_Weekend,61272.0,211640.0,40256.0,46400.0,359568.0
7971,333,2,2026-11-29,Winter_Weekend,58608.0,198320.0,29600.0,56900.0,343428.0
7972,333,3,2026-11-29,Winter_Weekend,47064.0,198320.0,29600.0,56900.0,331884.0
7973,333,4,2026-11-29,Winter_Weekend,47064.0,198320.0,29600.0,56000.0,330984.0
7974,333,5,2026-11-29,Winter_Weekend,54464.0,198320.0,29600.0,55400.0,337784.0
7975,333,6,2026-11-29,Winter_Weekend,63344.0,198320.0,40256.0,54700.0,356620.0
7976,333,7,2026-11-29,Winter_Weekend,66008.0,248640.0,40256.0,58500.0,413404.0
7977,333,8,2026-11-29,Winter_Weekend,58608.0,293040.0,40256.0,58500.0,450404.0
7978,333,9,2026-11-29,Winter_Weekend,61272.0,293040.0,40256.0,58500.0,453068.0
7979,333,10,2026-11-29,Winter_Weekend,115736.0,293040.0,40256.0,58500.0,507532.0
7980,333,11,2026-11-29,Winter_Weekend,63936.0,293040.0,40256.0,58500.0,455732.0
7981,333,12,2026-11-29,Winter_Weekend,61272.0,293040.0,40256.0,48000.0,442568.0
7982,333,13,2026-11-29,Winter_Weekend,179672.0,885040.0,40256.0,48000.0,1152968.0
7983,333,14,2026-11-29,Winter_Weekend,182336.0,306360.0,40256.0,48000.0,576952.0
7984,333,15,2026-11-29,Winter_Weekend,66600.0,306360.0,40256.0,48420.0,461636.0
7985,333,16,2026-11-29,Winter_Weekend,74000.0,306360.0,40256.0,48900.0,469516.0
7986,333,17,2026-11-29,Winter_Weekend,74000.0,306360.0,50912.0,47500.0,478772.0
7987,333,18,2026-11-29,Winter_Weekend,74000.0,306360.0,50912.0,47500.0,478772.0
7988,333,19,2026-11-29,Winter_Weekend,74000.0,269360.0,40256.0,36600.0,420216.0
7989,333,20,2026-11-29,Winter_Weekend,74000.0,269360.0,40256.0,36900.0,420516.0
7990,333,21,2026-11-29,Winter_Weekend,66600.0,269360.0,40256.0,25400.0,401616.0
7991,333,22,2026-11-29,Winter_Weekend,66600.0,269360.0,40256.0,25400.0,401616.0
7992,333,23,2026-11-29,Winter_Weekend,66600.0,269360.0,40256.0,25400.0,401616.0
7993,334,0,2026-11-30,November,39664.0,185000.0,0.0,36100.0,260764.0
7994,334,1,2026-11-30,November,39664.0,185000.0,0.0,36100.0,260764.0
7995,334,2,2026-11-30,November,39664.0,185000.0,0.0,57100.0,281764.0
7996,334,3,2026-11-30,November,39664.0,185000.0,0.0,57100.0,281764.0
7997,334,4,2026-11-30,November,39664.0,185000.0,0.0,56200.0,280864.0
7998,334,5,2026-11-30,November,49728.0,235320.0,10656.0,55600.0,351304.0
7999,334,6,2026-11-30,November,51208.0,242720.0,10656.0,60860.0,365444.0
8000,334,7,2026-11-30,November,48544.0,242720.0,10656.0,64360.0,366280.0
8001,334,8,2026-11-30,November,48544.0,242720.0,0.0,64360.0,355624.0
8002,334,9,2026-11-30,November,48544.0,242720.0,0.0,64360.0,355624.0
8003,334,10,2026-11-30,November,48544.0,242720.0,40256.0,64360.0,395880.0
8004,334,11,2026-11-30,November,48544.0,242720.0,40256.0,60551.0,392071.0
8005,334,12,2026-11-30,November,39664.0,198320.0,40256.0,53860.0,332100.0
8006,334,13,2026-11-30,November,39664.0,198320.0,40256.0,53860.0,332100.0
8007,334,14,2026-11-30,November,42328.0,211640.0,40256.0,50930.0,345154.0
8008,334,15,2026-11-30,November,44992.0,211640.0,40256.0,40451.0,337339.0
8009,334,16,2026-11-30,November,66600.0,256040.0,40256.0,39000.0,401896.0
8010,334,17,2026-11-30,November,66600.0,269360.0,50912.0,37500.0,424372.0
8011,334,18,2026-11-30,November,66600.0,269360.0,50912.0,37800.0,424672.0
8012,334,19,2026-11-30,November,66600.0,269360.0,10656.0,27200.0,373816.0
8013,334,20,2026-11-30,November,66600.0,269360.0,10656.0,27200.0,373816.0
8014,334,21,2026-11-30,November,53872.0,256040.0,10656.0,26200.0,346768.0
8015,334,22,2026-11-30,November,44992.0,211640.0,0.0,26200.0,282832.0
8016,334,23,2026-11-30,November,42328.0,185000.0,0.0,26200.0,253528.0
8017,335,0,2026-12-01,December,39664.0,185000.0,0.0,36100.0,260764.0
8018,335,1,2026-12-01,December,39664.0,185000.0,0.0,36100.0,260764.0
8019,335,2,2026-12-01,December,39664.0,185000.0,0.0,57100.0,281764.0
8020,335,3,2026-12-01,December,39664.0,185000.0,0.0,57100.0,281764.0
8021,335,4,2026-12-01,December,39664.0,185000.0,0.0,56200.0,280864.0
8022,335,5,2026-12-01,December,49728.0,198320.0,10656.0,55600.0,314304.0
8023,335,6,2026-12-01,December,51208.0,242720.0,10656.0,60860.0,365444.0
8024,335,7,2026-12-01,December,48544.0,242720.0,10656.0,64360.0,366280.0
8025,335,8,2026-12-01,December,48544.0,242720.0,0.0,64360.0,355624.0
8026,335,9,2026-12-01,December,48544.0,242720.0,0.0,64360.0,355624.0
8027,335,10,2026-12-01,December,48544.0,242720.0,40256.0,64360.0,395880.0
8028,335,11,2026-12-01,December,48544.0,242720.0,40256.0,60551.0,392071.0
8029,335,12,2026-12-01,December,39664.0,198320.0,40256.0,53860.0,332100.0
8030,335,13,2026-12-01,December,39664.0,198320.0,40256.0,53860.0,332100.0
8031,335,14,2026-12-01,December,42328.0,211640.0,40256.0,50930.0,345154.0
8032,335,15,2026-12-01,December,44992.0,211640.0,40256.0,40451.0,337339.0
8033,335,16,2026-12-01,December,66600.0,256040.0,40256.0,39000.0,401896.0
8034,335,17,2026-12-01,December,66600.0,269360.0,50912.0,37500.0,424372.0
8035,335,18,2026-12-01,December,66600.0,269360.0,50912.0,37800.0,424672.0
8036,335,19,2026-12-01,December,66600.0,269360.0,10656.0,27200.0,373816.0
8037,335,20,2026-12-01,December,66600.0,269360.0,10656.0,27200.0,373816.0
8038,335,21,2026-12-01,December,53872.0,256040.0,10656.0,26200.0,346768.0
8039,335,22,2026-12-01,December,44992.0,211640.0,0.0,26200.0,282832.0
8040,335,23,2026-12-01,December,42328.0,185000.0,0.0,26200.0,253528.0
8041,336,0,2026-12-02,December,39664.0,185000.0,0.0,36100.0,260764.0
8042,336,1,2026-12-02,December,39664.0,185000.0,0.0,36100.0,260764.0
8043,336,2,2026-12-02,December,39664.0,185000.0,0.0,57100.0,281764.0
8044,336,3,2026-12-02,December,39664.0,185000.0,0.0,57100.0,281764.0
8045,336,4,2026-12-02,December,39664.0,185000.0,0.0,56200.0,280864.0
8046,336,5,2026-12-02,December,49728.0,198320.0,10656.0,55600.0,314304.0
8047,336,6,2026-12-02,December,51208.0,242720.0,10656.0,60860.0,365444.0
8048,336,7,2026-12-02,December,48544.0,242720.0,10656.0,64360.0,366280.0
8049,336,8,2026-12-02,December,48544.0,242720.0,0.0,64360.0,355624.0
8050,336,9,2026-12-02,December,48544.0,242720.0,0.0,64360.0,355624.0
8051,336,10,2026-12-02,December,48544.0,242720.0,40256.0,64360.0,395880.0
8052,336,11,2026-12-02,December,48544.0,242720.0,40256.0,60551.0,392071.0
8053,336,12,2026-12-02,December,39664.0,198320.0,40256.0,53860.0,332100.0
8054,336,13,2026-12-02,December,39664.0,198320.0,40256.0,53860.0,332100.0
8055,336,14,2026-12-02,December,42328.0,211640.0,40256.0,50930.0,345154.0
8056,336,15,2026-12-02,December,44992.0,211640.0,40256.0,40451.0,337339.0
8057,336,16,2026-12-02,December,66600.0,256040.0,40256.0,39000.0,401896.0
8058,336,17,2026-12-02,December,66600.0,269360.0,50912.0,37500.0,424372.0
8059,336,18,2026-12-02,December,66600.0,269360.0,50912.0,37800.0,424672.0
8060,336,19,2026-12-02,December,66600.0,269360.0,10656.0,27200.0,373816.0
8061,336,20,2026-12-02,December,66600.0,269360.0,10656.0,27200.0,373816.0
8062,336,21,2026-12-02,December,53872.0,256040.0,10656.0,26200.0,346768.0
8063,336,22,2026-12-02,December,44992.0,211640.0,0.0,26200.0,282832.0
8064,336,23,2026-12-02,December,42328.0,185000.0,0.0,26200.0,253528.0
8065,337,0,2026-12-03,December,39664.0,185000.0,0.0,36100.0,260764.0
8066,337,1,2026-12-03,December,39664.0,185000.0,0.0,36100.0,260764.0
8067,337,2,2026-12-03,December,39664.0,185000.0,0.0,57100.0,281764.0
8068,337,3,2026-12-03,December,39664.0,185000.0,0.0,57100.0,281764.0
8069,337,4,2026-12-03,December,39664.0,185000.0,0.0,56200.0,280864.0
8070,337,5,2026-12-03,December,49728.0,198320.0,10656.0,55600.0,314304.0
8071,337,6,2026-12-03,December,51208.0,242720.0,10656.0,60860.0,365444.0
8072,337,7,2026-12-03,December,48544.0,242720.0,10656.0,64360.0,366280.0
8073,337,8,2026-12-03,December,48544.0,242720.0,0.0,64360.0,355624.0
8074,337,9,2026-12-03,December,48544.0,242720.0,0.0,64360.0,355624.0
8075,337,10,2026-12-03,December,48544.0,242720.0,40256.0,64360.0,395880.0
8076,337,11,2026-12-03,December,48544.0,242720.0,40256.0,60551.0,392071.0
8077,337,12,2026-12-03,December,39664.0,198320.0,40256.0,53860.0,332100.0
8078,337,13,2026-12-03,December,39664.0,198320.0,40256.0,53860.0,332100.0
8079,337,14,2026-12-03,December,42328.0,211640.0,40256.0,50930.0,345154.0
8080,337,15,2026-12-03,December,44992.0,211640.0,40256.0,40451.0,337339.0
8081,337,16,2026-12-03,December,66600.0,256040.0,40256.0,39000.0,401896.0
8082,337,17,2026-12-03,December,66600.0,269360.0,50912.0,37500.0,424372.0
8083,337,18,2026-12-03,December,66600.0,269360.0,50912.0,37800.0,424672.0
8084,337,19,2026-12-03,December,66600.0,269360.0,10656.0,27200.0,373816.0
8085,337,20,2026-12-03,December,66600.0,269360.0,10656.0,27200.0,373816.0
8086,337,21,2026-12-03,December,53872.0,256040.0,10656.0,26200.0,346768.0
8087,337,22,2026-12-03,December,44992.0,211640.0,0.0,26200.0,282832.0
8088,337,23,2026-12-03,December,42328.0,185000.0,0.0,26200.0,253528.0
8089,338,0,2026-12-04,December,39664.0,185000.0,0.0,36100.0,260764.0
8090,338,1,2026-12-04,December,39664.0,185000.0,0.0,36100.0,260764.0
8091,338,2,2026-12-04,December,39664.0,185000.0,0.0,57100.0,281764.0
8092,338,3,2026-12-04,December,39664.0,185000.0,0.0,57100.0,281764.0
8093,338,4,2026-12-04,December,39664.0,185000.0,0.0,56200.0,280864.0
8094,338,5,2026-12-04,December,49728.0,198320.0,10656.0,55600.0,314304.0
8095,338,6,2026-12-04,December,51208.0,242720.0,10656.0,60860.0,365444.0
8096,338,7,2026-12-04,December,48544.0,242720.0,10656.0,64360.0,366280.0
8097,338,8,2026-12-04,December,48544.0,242720.0,0.0,64360.0,355624.0
8098,338,9,2026-12-04,December,48544.0,242720.0,0.0,64360.0,355624.0
8099,338,10,2026-12-04,December,48544.0,242720.0,40256.0,64360.0,395880.0
8100,338,11,2026-12-04,December,48544.0,242720.0,40256.0,60551.0,392071.0
8101,338,12,2026-12-04,December,39664.0,198320.0,40256.0,53860.0,332100.0
8102,338,13,2026-12-04,December,39664.0,198320.0,40256.0,53860.0,332100.0
8103,338,14,2026-12-04,December,42328.0,211640.0,40256.0,50930.0,345154.0
8104,338,15,2026-12-04,December,44992.0,211640.0,40256.0,40451.0,337339.0
8105,338,16,2026-12-04,December,66600.0,256040.0,40256.0,39000.0,401896.0
8106,338,17,2026-12-04,December,66600.0,269360.0,50912.0,37500.0,424372.0
8107,338,18,2026-12-04,December,66600.0,269360.0,50912.0,37800.0,424672.0
8108,338,19,2026-12-04,December,66600.0,269360.0,10656.0,27200.0,373816.0
8109,338,20,2026-12-04,December,66600.0,269360.0,10656.0,27200.0,373816.0
8110,338,21,2026-12-04,December,53872.0,256040.0,10656.0,26200.0,346768.0
8111,338,22,2026-12-04,December,44992.0,211640.0,0.0,26200.0,282832.0
8112,338,23,2026-12-04,December,42328.0,185000.0,0.0,26200.0,253528.0
8113,339,0,2026-12-05,Winter_Weekend,61272.0,256040.0,40256.0,46400.0,403968.0
8114,339,1,2026-12-05,Winter_Weekend,61272.0,211640.0,40256.0,46400.0,359568.0
8115,339,2,2026-12-05,Winter_Weekend,58608.0,198320.0,29600.0,56900.0,343428.0
8116,339,3,2026-12-05,Winter_Weekend,47064.0,198320.0,29600.0,56900.0,331884.0
8117,339,4,2026-12-05,Winter_Weekend,47064.0,198320.0,29600.0,56000.0,330984.0
8118,339,5,2026-12-05,Winter_Weekend,54464.0,198320.0,29600.0,55400.0,337784.0
8119,339,6,2026-12-05,Winter_Weekend,63344.0,198320.0,40256.0,54700.0,356620.0
8120,339,7,2026-12-05,Winter_Weekend,66008.0,248640.0,40256.0,58500.0,413404.0
8121,339,8,2026-12-05,Winter_Weekend,58608.0,293040.0,40256.0,58500.0,450404.0
8122,339,9,2026-12-05,Winter_Weekend,61272.0,293040.0,40256.0,58500.0,453068.0
8123,339,10,2026-12-05,Winter_Weekend,115736.0,293040.0,40256.0,58500.0,507532.0
8124,339,11,2026-12-05,Winter_Weekend,63936.0,293040.0,40256.0,58500.0,455732.0
8125,339,12,2026-12-05,Winter_Weekend,61272.0,293040.0,40256.0,48000.0,442568.0
8126,339,13,2026-12-05,Winter_Weekend,179672.0,885040.0,40256.0,48000.0,1152968.0
8127,339,14,2026-12-05,Winter_Weekend,182336.0,306360.0,40256.0,48000.0,576952.0
8128,339,15,2026-12-05,Winter_Weekend,66600.0,306360.0,40256.0,48420.0,461636.0
8129,339,16,2026-12-05,Winter_Weekend,74000.0,306360.0,40256.0,48900.0,469516.0
8130,339,17,2026-12-05,Winter_Weekend,74000.0,306360.0,50912.0,47500.0,478772.0
8131,339,18,2026-12-05,Winter_Weekend,74000.0,306360.0,50912.0,47500.0,478772.0
8132,339,19,2026-12-05,Winter_Weekend,74000.0,269360.0,40256.0,36600.0,420216.0
8133,339,20,2026-12-05,Winter_Weekend,74000.0,269360.0,40256.0,36900.0,420516.0
8134,339,21,2026-12-05,Winter_Weekend,66600.0,269360.0,40256.0,25400.0,401616.0
8135,339,22,2026-12-05,Winter_Weekend,66600.0,269360.0,40256.0,25400.0,401616.0
8136,339,23,2026-12-05,Winter_Weekend,66600.0,269360.0,40256.0,25400.0,401616.0
8137,340,0,2026-12-06,Winter_Weekend,61272.0,256040.0,40256.0,46400.0,403968.0
8138,340,1,2026-12-06,Winter_Weekend,61272.0,211640.0,40256.0,46400.0,359568.0
8139,340,2,2026-12-06,Winter_Weekend,58608.0,198320.0,29600.0,56900.0,343428.0
8140,340,3,2026-12-06,Winter_Weekend,47064.0,198320.0,29600.0,56900.0,331884.0
8141,340,4,2026-12-06,Winter_Weekend,47064.0,198320.0,29600.0,56000.0,330984.0
8142,340,5,2026-12-06,Winter_Weekend,54464.0,198320.0,29600.0,55400.0,337784.0
8143,340,6,2026-12-06,Winter_Weekend,63344.0,198320.0,40256.0,54700.0,356620.0
8144,340,7,2026-12-06,Winter_Weekend,66008.0,248640.0,40256.0,58500.0,413404.0
8145,340,8,2026-12-06,Winter_Weekend,58608.0,293040.0,40256.0,58500.0,450404.0
8146,340,9,2026-12-06,Winter_Weekend,61272.0,293040.0,40256.0,58500.0,453068.0
8147,340,10,2026-12-06,Winter_Weekend,115736.0,293040.0,40256.0,58500.0,507532.0
8148,340,11,2026-12-06,Winter_Weekend,63936.0,293040.0,40256.0,58500.0,455732.0
8149,340,12,2026-12-06,Winter_Weekend,61272.0,293040.0,40256.0,48000.0,442568.0
8150,340,13,2026-12-06,Winter_Weekend,179672.0,885040.0,40256.0,48000.0,1152968.0
8151,340,14,2026-12-06,Winter_Weekend,182336.0,306360.0,40256.0,48000.0,576952.0
8152,340,15,2026-12-06,Winter_Weekend,66600.0,306360.0,40256.0,48420.0,461636.0
8153,340,16,2026-12-06,Winter_Weekend,74000.0,306360.0,40256.0,48900.0,469516.0
8154,340,17,2026-12-06,Winter_Weekend,74000.0,306360.0,50912.0,47500.0,478772.0
8155,340,18,2026-12-06,Winter_Weekend,74000.0,306360.0,50912.0,47500.0,478772.0
8156,340,19,2026-12-06,Winter_Weekend,74000.0,269360.0,40256.0,36600.0,420216.0
8157,340,20,2026-12-06,Winter_Weekend,74000.0,269360.0,40256.0,36900.0,420516.0
8158,340,21,2026-12-06,Winter_Weekend,66600.0,269360.0,40256.0,25400.0,401616.0
8159,340,22,2026-12-06,Winter_Weekend,66600.0,269360.0,40256.0,25400.0,401616.0
8160,340,23,2026-12-06,Winter_Weekend,66600.0,269360.0,40256.0,25400.0,401616.0
8161,341,0,2026-12-07,December,39664.0,185000.0,0.0,36100.0,260764.0
8162,341,1,2026-12-07,December,39664.0,185000.0,0.0,36100.0,260764.0
8163,341,2,2026-12-07,December,39664.0,185000.0,0.0,57100.0,281764.0
8164,341,3,2026-12-07,December,39664.0,185000.0,0.0,57100.0,281764.0
8165,341,4,2026-12-07,December,39664.0,185000.0,0.0,56200.0,280864.0
8166,341,5,2026-12-07,December,49728.0,198320.0,10656.0,55600.0,314304.0
8167,341,6,2026-12-07,December,51208.0,242720.0,10656.0,60860.0,365444.0
8168,341,7,2026-12-07,December,48544.0,242720.0,10656.0,64360.0,366280.0
8169,341,8,2026-12-07,December,48544.0,242720.0,0.0,64360.0,355624.0
8170,341,9,2026-12-07,December,48544.0,242720.0,0.0,64360.0,355624.0
8171,341,10,2026-12-07,December,48544.0,242720.0,40256.0,64360.0,395880.0
8172,341,11,2026-12-07,December,48544.0,242720.0,40256.0,60551.0,392071.0
8173,341,12,2026-12-07,December,39664.0,198320.0,40256.0,53860.0,332100.0
8174,341,13,2026-12-07,December,39664.0,198320.0,40256.0,53860.0,332100.0
8175,341,14,2026-12-07,December,42328.0,211640.0,40256.0,50930.0,345154.0
8176,341,15,2026-12-07,December,44992.0,211640.0,40256.0,40451.0,337339.0
8177,341,16,2026-12-07,December,66600.0,256040.0,40256.0,39000.0,401896.0
8178,341,17,2026-12-07,December,66600.0,269360.0,50912.0,37500.0,424372.0
8179,341,18,2026-12-07,December,66600.0,269360.0,50912.0,37800.0,424672.0
8180,341,19,2026-12-07,December,66600.0,269360.0,10656.0,27200.0,373816.0
8181,341,20,2026-12-07,December,66600.0,269360.0,10656.0,27200.0,373816.0
8182,341,21,2026-12-07,December,53872.0,256040.0,10656.0,26200.0,346768.0
8183,341,22,2026-12-07,December,44992.0,211640.0,0.0,26200.0,282832.0
8184,341,23,2026-12-07,December,42328.0,185000.0,0.0,26200.0,253528.0
8185,342,0,2026-12-08,December,39664.0,185000.0,0.0,36100.0,260764.0
8186,342,1,2026-12-08,December,39664.0,185000.0,0.0,36100.0,260764.0
8187,342,2,2026-12-08,December,39664.0,185000.0,0.0,57100.0,281764.0
8188,342,3,2026-12-08,December,39664.0,185000.0,0.0,57100.0,281764.0
8189,342,4,2026-12-08,December,39664.0,185000.0,0.0,56200.0,280864.0
8190,342,5,2026-12-08,December,49728.0,198320.0,10656.0,55600.0,314304.0
8191,342,6,2026-12-08,December,51208.0,242720.0,10656.0,60860.0,365444.0
8192,342,7,2026-12-08,December,48544.0,242720.0,10656.0,64360.0,366280.0
8193,342,8,2026-12-08,December,48544.0,242720.0,0.0,64360.0,355624.0
8194,342,9,2026-12-08,December,48544.0,242720.0,0.0,64360.0,355624.0
8195,342,10,2026-12-08,December,48544.0,242720.0,40256.0,64360.0,395880.0
8196,342,11,2026-12-08,December,48544.0,242720.0,40256.0,60551.0,392071.0
8197,342,12,2026-12-08,December,39664.0,198320.0,40256.0,53860.0,332100.0
8198,342,13,2026-12-08,December,39664.0,198320.0,40256.0,53860.0,332100.0
8199,342,14,2026-12-08,December,42328.0,211640.0,40256.0,50930.0,345154.0
8200,342,15,2026-12-08,December,44992.0,211640.0,40256.0,40451.0,337339.0
8201,342,16,2026-12-08,December,66600.0,256040.0,40256.0,39000.0,401896.0
8202,342,17,2026-12-08,December,66600.0,269360.0,50912.0,37500.0,424372.0
8203,342,18,2026-12-08,December,66600.0,269360.0,50912.0,37800.0,424672.0
8204,342,19,2026-12-08,December,66600.0,269360.0,10656.0,27200.0,373816.0
8205,342,20,2026-12-08,December,66600.0,269360.0,10656.0,27200.0,373816.0
8206,342,21,2026-12-08,December,53872.0,256040.0,10656.0,26200.0,346768.0
8207,342,22,2026-12-08,December,44992.0,211640.0,0.0,26200.0,282832.0
8208,342,23,2026-12-08,December,42328.0,185000.0,0.0,26200.0,253528.0
8209,343,0,2026-12-09,December,39664.0,185000.0,0.0,36100.0,260764.0
8210,343,1,2026-12-09,December,39664.0,185000.0,0.0,36100.0,260764.0
8211,343,2,2026-12-09,December,39664.0,185000.0,0.0,57100.0,281764.0
8212,343,3,2026-12-09,December,39664.0,185000.0,0.0,57100.0,281764.0
8213,343,4,2026-12-09,December,39664.0,185000.0,0.0,56200.0,280864.0
8214,343,5,2026-12-09,December,49728.0,198320.0,10656.0,55600.0,314304.0
8215,343,6,2026-12-09,December,51208.0,242720.0,10656.0,60860.0,365444.0
8216,343,7,2026-12-09,December,48544.0,242720.0,10656.0,64360.0,366280.0
8217,343,8,2026-12-09,December,48544.0,242720.0,0.0,64360.0,355624.0
8218,343,9,2026-12-09,December,48544.0,242720.0,0.0,64360.0,355624.0
8219,343,10,2026-12-09,December,48544.0,242720.0,40256.0,64360.0,395880.0
8220,343,11,2026-12-09,December,48544.0,242720.0,40256.0,60551.0,392071.0
8221,343,12,2026-12-09,December,39664.0,198320.0,40256.0,53860.0,332100.0
8222,343,13,2026-12-09,December,39664.0,198320.0,40256.0,53860.0,332100.0
8223,343,14,2026-12-09,December,42328.0,211640.0,40256.0,50930.0,345154.0
8224,343,15,2026-12-09,December,44992.0,211640.0,40256.0,40451.0,337339.0
8225,343,16,2026-12-09,December,66600.0,256040.0,40256.0,39000.0,401896.0
8226,343,17,2026-12-09,December,66600.0,269360.0,50912.0,37500.0,424372.0
8227,343,18,2026-12-09,December,66600.0,269360.0,50912.0,37800.0,424672.0
8228,343,19,2026-12-09,December,66600.0,269360.0,10656.0,27200.0,373816.0
8229,343,20,2026-12-09,December,66600.0,269360.0,10656.0,27200.0,373816.0
8230,343,21,2026-12-09,December,53872.0,256040.0,10656.0,26200.0,346768.0
8231,343,22,2026-12-09,December,44992.0,211640.0,0.0,26200.0,282832.0
8232,343,23,2026-12-09,December,42328.0,185000.0,0.0,26200.0,253528.0
8233,344,0,2026-12-10,December,39664.0,185000.0,0.0,36100.0,260764.0
8234,344,1,2026-12-10,December,39664.0,185000.0,0.0,36100.0,260764.0
8235,344,2,2026-12-10,December,39664.0,185000.0,0.0,57100.0,281764.0
8236,344,3,2026-12-10,December,39664.0,185000.0,0.0,57100.0,281764.0
8237,344,4,2026-12-10,December,39664.0,185000.0,0.0,56200.0,280864.0
8238,344,5,2026-12-10,December,49728.0,198320.0,10656.0,55600.0,314304.0
8239,344,6,2026-12-10,December,51208.0,242720.0,10656.0,60860.0,365444.0
8240,344,7,2026-12-10,December,48544.0,242720.0,10656.0,64360.0,366280.0
8241,344,8,2026-12-10,December,48544.0,242720.0,0.0,64360.0,355624.0
8242,344,9,2026-12-10,December,48544.0,242720.0,0.0,64360.0,355624.0
8243,344,10,2026-12-10,December,48544.0,242720.0,40256.0,64360.0,395880.0
8244,344,11,2026-12-10,December,48544.0,242720.0,40256.0,60551.0,392071.0
8245,344,12,2026-12-10,December,39664.0,198320.0,40256.0,53860.0,332100.0
8246,344,13,2026-12-10,December,39664.0,198320.0,40256.0,53860.0,332100.0
8247,344,14,2026-12-10,December,42328.0,211640.0,40256.0,50930.0,345154.0
8248,344,15,2026-12-10,December,44992.0,211640.0,40256.0,40451.0,337339.0
8249,344,16,2026-12-10,December,66600.0,256040.0,40256.0,39000.0,401896.0
8250,344,17,2026-12-10,December,66600.0,269360.0,50912.0,37500.0,424372.0
8251,344,18,2026-12-10,December,66600.0,269360.0,50912.0,37800.0,424672.0
8252,344,19,2026-12-10,December,66600.0,269360.0,10656.0,27200.0,373816.0
8253,344,20,2026-12-10,December,66600.0,269360.0,10656.0,27200.0,373816.0
8254,344,21,2026-12-10,December,53872.0,256040.0,10656.0,26200.0,346768.0
8255,344,22,2026-12-10,December,44992.0,211640.0,0.0,26200.0,282832.0
8256,344,23,2026-12-10,December,42328.0,185000.0,0.0,26200.0,253528.0
8257,345,0,2026-12-11,December,39664.0,185000.0,0.0,36100.0,260764.0
8258,345,1,2026-12-11,December,39664.0,185000.0,0.0,36100.0,260764.0
8259,345,2,2026-12-11,December,39664.0,185000.0,0.0,57100.0,281764.0
8260,345,3,2026-12-11,December,39664.0,185000.0,0.0,57100.0,281764.0
8261,345,4,2026-12-11,December,39664.0,185000.0,0.0,56200.0,280864.0
8262,345,5,2026-12-11,December,49728.0,198320.0,10656.0,55600.0,314304.0
8263,345,6,2026-12-11,December,51208.0,242720.0,10656.0,60860.0,365444.0
8264,345,7,2026-12-11,December,48544.0,242720.0,10656.0,64360.0,366280.0
8265,345,8,2026-12-11,December,48544.0,242720.0,0.0,64360.0,355624.0
8266,345,9,2026-12-11,December,48544.0,242720.0,0.0,64360.0,355624.0
8267,345,10,2026-12-11,December,48544.0,242720.0,40256.0,64360.0,395880.0
8268,345,11,2026-12-11,December,48544.0,242720.0,40256.0,60551.0,392071.0
8269,345,12,2026-12-11,December,39664.0,198320.0,40256.0,53860.0,332100.0
8270,345,13,2026-12-11,December,39664.0,198320.0,40256.0,53860.0,332100.0
8271,345,14,2026-12-11,December,42328.0,211640.0,40256.0,50930.0,345154.0
8272,345,15,2026-12-11,December,44992.0,211640.0,40256.0,40451.0,337339.0
8273,345,16,2026-12-11,December,66600.0,256040.0,40256.0,39000.0,401896.0
8274,345,17,2026-12-11,December,66600.0,269360.0,50912.0,37500.0,424372.0
8275,345,18,2026-12-11,December,66600.0,269360.0,50912.0,37800.0,424672.0
8276,345,19,2026-12-11,December,66600.0,269360.0,10656.0,27200.0,373816.0
8277,345,20,2026-12-11,December,66600.0,269360.0,10656.0,27200.0,373816.0
8278,345,21,2026-12-11,December,53872.0,256040.0,10656.0,26200.0,346768.0
8279,345,22,2026-12-11,December,44992.0,211640.0,0.0,26200.0,282832.0
8280,345,23,2026-12-11,December,42328.0,185000.0,0.0,26200.0,253528.0
8281,346,0,2026-12-12,Winter_Weekend,61272.0,256040.0,40256.0,46400.0,403968.0
8282,346,1,2026-12-12,Winter_Weekend,61272.0,211640.0,40256.0,46400.0,359568.0
8283,346,2,2026-12-12,Winter_Weekend,58608.0,198320.0,29600.0,56900.0,343428.0
8284,346,3,2026-12-12,Winter_Weekend,47064.0,198320.0,29600.0,56900.0,331884.0
8285,346,4,2026-12-12,Winter_Weekend,47064.0,198320.0,29600.0,56000.0,330984.0
8286,346,5,2026-12-12,Winter_Weekend,54464.0,198320.0,29600.0,55400.0,337784.0
8287,346,6,2026-12-12,Winter_Weekend,63344.0,198320.0,40256.0,54700.0,356620.0
8288,346,7,2026-12-12,Winter_Weekend,66008.0,248640.0,40256.0,58500.0,413404.0
8289,346,8,2026-12-12,Winter_Weekend,58608.0,293040.0,40256.0,58500.0,450404.0
8290,346,9,2026-12-12,Winter_Weekend,61272.0,293040.0,40256.0,58500.0,453068.0
8291,346,10,2026-12-12,Winter_Weekend,115736.0,293040.0,40256.0,58500.0,507532.0
8292,346,11,2026-12-12,Winter_Weekend,63936.0,293040.0,40256.0,58500.0,455732.0
8293,346,12,2026-12-12,Winter_Weekend,61272.0,293040.0,40256.0,48000.0,442568.0
8294,346,13,2026-12-12,Winter_Weekend,179672.0,885040.0,40256.0,48000.0,1152968.0
8295,346,14,2026-12-12,Winter_Weekend,182336.0,306360.0,40256.0,48000.0,576952.0
8296,346,15,2026-12-12,Winter_Weekend,66600.0,306360.0,40256.0,48420.0,461636.0
8297,346,16,2026-12-12,Winter_Weekend,74000.0,306360.0,40256.0,48900.0,469516.0
8298,346,17,2026-12-12,Winter_Weekend,74000.0,306360.0,50912.0,47500.0,478772.0
8299,346,18,2026-12-12,Winter_Weekend,74000.0,306360.0,50912.0,47500.0,478772.0
8300,346,19,2026-12-12,Winter_Weekend,74000.0,269360.0,40256.0,36600.0,420216.0
8301,346,20,2026-12-12,Winter_Weekend,74000.0,269360.0,40256.0,36900.0,420516.0
8302,346,21,2026-12-12,Winter_Weekend,66600.0,269360.0,40256.0,25400.0,401616.0
8303,346,22,2026-12-12,Winter_Weekend,66600.0,269360.0,40256.0,25400.0,401616.0
8304,346,23,2026-12-12,Winter_Weekend,66600.0,269360.0,40256.0,25400.0,401616.0
8305,347,0,2026-12-13,Winter_Weekend,61272.0,256040.0,40256.0,46400.0,403968.0
8306,347,1,2026-12-13,Winter_Weekend,61272.0,211640.0,40256.0,46400.0,359568.0
8307,347,2,2026-12-13,Winter_Weekend,58608.0,198320.0,29600.0,56900.0,343428.0
8308,347,3,2026-12-13,Winter_Weekend,47064.0,198320.0,29600.0,56900.0,331884.0
8309,347,4,2026-12-13,Winter_Weekend,47064.0,198320.0,29600.0,56000.0,330984.0
8310,347,5,2026-12-13,Winter_Weekend,54464.0,198320.0,29600.0,55400.0,337784.0
8311,347,6,2026-12-13,Winter_Weekend,63344.0,198320.0,40256.0,54700.0,356620.0
8312,347,7,2026-12-13,Winter_Weekend,66008.0,248640.0,40256.0,58500.0,413404.0
8313,347,8,2026-12-13,Winter_Weekend,58608.0,293040.0,40256.0,58500.0,450404.0
8314,347,9,2026-12-13,Winter_Weekend,61272.0,293040.0,40256.0,58500.0,453068.0
8315,347,10,2026-12-13,Winter_Weekend,115736.0,293040.0,40256.0,58500.0,507532.0
8316,347,11,2026-12-13,Winter_Weekend,63936.0,293040.0,40256.0,58500.0,455732.0
8317,347,12,2026-12-13,Winter_Weekend,61272.0,293040.0,40256.0,48000.0,442568.0
8318,347,13,2026-12-13,Winter_Weekend,179672.0,885040.0,40256.0,48000.0,1152968.0
8319,347,14,2026-12-13,Winter_Weekend,182336.0,306360.0,40256.0,48000.0,576952.0
8320,347,15,2026-12-13,Winter_Weekend,66600.0,306360.0,40256.0,48420.0,461636.0
8321,347,16,2026-12-13,Winter_Weekend,74000.0,306360.0,40256.0,48900.0,469516.0
8322,347,17,2026-12-13,Winter_Weekend,74000.0,306360.0,50912.0,47500.0,478772.0
8323,347,18,2026-12-13,Winter_Weekend,74000.0,306360.0,50912.0,47500.0,478772.0
8324,347,19,2026-12-13,Winter_Weekend,74000.0,269360.0,40256.0,36600.0,420216.0
8325,347,20,2026-12-13,Winter_Weekend,74000.0,269360.0,40256.0,36900.0,420516.0
8326,347,21,2026-12-13,Winter_Weekend,66600.0,269360.0,40256.0,25400.0,401616.0
8327,347,22,2026-12-13,Winter_Weekend,66600.0,269360.0,40256.0,25400.0,401616.0
8328,347,23,2026-12-13,Winter_Weekend,66600.0,269360.0,40256.0,25400.0,401616.0
8329,348,0,2026-12-14,December,39664.0,185000.0,0.0,36100.0,260764.0
8330,348,1,2026-12-14,December,39664.0,185000.0,0.0,36100.0,260764.0
8331,348,2,2026-12-14,December,39664.0,185000.0,0.0,57100.0,281764.0
8332,348,3,2026-12-14,December,39664.0,185000.0,0.0,57100.0,281764.0
8333,348,4,2026-12-14,December,39664.0,185000.0,0.0,56200.0,280864.0
8334,348,5,2026-12-14,December,49728.0,198320.0,10656.0,55600.0,314304.0
8335,348,6,2026-12-14,December,51208.0,242720.0,10656.0,60860.0,365444.0
8336,348,7,2026-12-14,December,48544.0,242720.0,10656.0,64360.0,366280.0
8337,348,8,2026-12-14,December,48544.0,242720.0,0.0,64360.0,355624.0
8338,348,9,2026-12-14,December,48544.0,242720.0,0.0,64360.0,355624.0
8339,348,10,2026-12-14,December,48544.0,242720.0,40256.0,64360.0,395880.0
8340,348,11,2026-12-14,December,48544.0,242720.0,40256.0,60551.0,392071.0
8341,348,12,2026-12-14,December,39664.0,198320.0,40256.0,53860.0,332100.0
8342,348,13,2026-12-14,December,39664.0,198320.0,40256.0,53860.0,332100.0
8343,348,14,2026-12-14,December,42328.0,211640.0,40256.0,50930.0,345154.0
8344,348,15,2026-12-14,December,44992.0,211640.0,40256.0,40451.0,337339.0
8345,348,16,2026-12-14,December,66600.0,256040.0,40256.0,39000.0,401896.0
8346,348,17,2026-12-14,December,66600.0,269360.0,50912.0,37500.0,424372.0
8347,348,18,2026-12-14,December,66600.0,269360.0,50912.0,37800.0,424672.0
8348,348,19,2026-12-14,December,66600.0,269360.0,10656.0,27200.0,373816.0
8349,348,20,2026-12-14,December,66600.0,269360.0,10656.0,27200.0,373816.0
8350,348,21,2026-12-14,December,53872.0,256040.0,10656.0,26200.0,346768.0
8351,348,22,2026-12-14,December,44992.0,211640.0,0.0,26200.0,282832.0
8352,348,23,2026-12-14,December,42328.0,185000.0,0.0,26200.0,253528.0
8353,349,0,2026-12-15,December,39664.0,185000.0,0.0,36100.0,260764.0
8354,349,1,2026-12-15,December,39664.0,185000.0,0.0,36100.0,260764.0
8355,349,2,2026-12-15,December,39664.0,185000.0,0.0,57100.0,281764.0
8356,349,3,2026-12-15,December,39664.0,185000.0,0.0,57100.0,281764.0
8357,349,4,2026-12-15,December,39664.0,185000.0,0.0,56200.0,280864.0
8358,349,5,2026-12-15,December,49728.0,198320.0,10656.0,55600.0,314304.0
8359,349,6,2026-12-15,December,51208.0,242720.0,10656.0,60860.0,365444.0
8360,349,7,2026-12-15,December,48544.0,242720.0,10656.0,64360.0,366280.0
8361,349,8,2026-12-15,December,48544.0,242720.0,0.0,64360.0,355624.0
8362,349,9,2026-12-15,December,48544.0,242720.0,0.0,64360.0,355624.0
8363,349,10,2026-12-15,December,48544.0,242720.0,40256.0,64360.0,395880.0
8364,349,11,2026-12-15,December,48544.0,242720.0,40256.0,60551.0,392071.0
8365,349,12,2026-12-15,December,39664.0,198320.0,40256.0,53860.0,332100.0
8366,349,13,2026-12-15,December,39664.0,198320.0,40256.0,53860.0,332100.0
8367,349,14,2026-12-15,December,42328.0,211640.0,40256.0,50930.0,345154.0
8368,349,15,2026-12-15,December,44992.0,211640.0,40256.0,40451.0,337339.0
8369,349,16,2026-12-15,December,66600.0,256040.0,40256.0,39000.0,401896.0
8370,349,17,2026-12-15,December,66600.0,269360.0,50912.0,37500.0,424372.0
8371,349,18,2026-12-15,December,66600.0,269360.0,50912.0,37800.0,424672.0
8372,349,19,2026-12-15,December,66600.0,269360.0,10656.0,27200.0,373816.0
8373,349,20,2026-12-15,December,66600.0,269360.0,10656.0,27200.0,373816.0
8374,349,21,2026-12-15,December,53872.0,256040.0,10656.0,26200.0,346768.0
8375,349,22,2026-12-15,December,44992.0,211640.0,0.0,26200.0,282832.0
8376,349,23,2026-12-15,December,42328.0,185000.0,0.0,26200.0,253528.0
8377,350,0,2026-12-16,December,39664.0,185000.0,0.0,36100.0,260764.0
8378,350,1,2026-12-16,December,39664.0,185000.0,0.0,36100.0,260764.0
8379,350,2,2026-12-16,December,39664.0,185000.0,0.0,57100.0,281764.0
8380,350,3,2026-12-16,December,39664.0,185000.0,0.0,57100.0,281764.0
8381,350,4,2026-12-16,December,39664.0,185000.0,0.0,56200.0,280864.0
8382,350,5,2026-12-16,December,49728.0,198320.0,10656.0,55600.0,314304.0
8383,350,6,2026-12-16,December,51208.0,242720.0,10656.0,60860.0,365444.0
8384,350,7,2026-12-16,December,48544.0,242720.0,10656.0,64360.0,366280.0
8385,350,8,2026-12-16,December,48544.0,242720.0,0.0,64360.0,355624.0
8386,350,9,2026-12-16,December,48544.0,242720.0,0.0,64360.0,355624.0
8387,350,10,2026-12-16,December,48544.0,242720.0,40256.0,64360.0,395880.0
8388,350,11,2026-12-16,December,48544.0,242720.0,40256.0,60551.0,392071.0
8389,350,12,2026-12-16,December,39664.0,198320.0,40256.0,53860.0,332100.0
8390,350,13,2026-12-16,December,39664.0,198320.0,40256.0,53860.0,332100.0
8391,350,14,2026-12-16,December,42328.0,211640.0,40256.0,50930.0,345154.0
8392,350,15,2026-12-16,December,44992.0,211640.0,40256.0,40451.0,337339.0
8393,350,16,2026-12-16,December,66600.0,256040.0,40256.0,39000.0,401896.0
8394,350,17,2026-12-16,December,66600.0,269360.0,50912.0,37500.0,424372.0
8395,350,18,2026-12-16,December,66600.0,269360.0,50912.0,37800.0,424672.0
8396,350,19,2026-12-16,December,66600.0,269360.0,10656.0,27200.0,373816.0
8397,350,20,2026-12-16,December,66600.0,269360.0,10656.0,27200.0,373816.0
8398,350,21,2026-12-16,December,53872.0,256040.0,10656.0,26200.0,346768.0
8399,350,22,2026-12-16,December,44992.0,211640.0,0.0,26200.0,282832.0
8400,350,23,2026-12-16,December,42328.0,185000.0,0.0,26200.0,253528.0
8401,351,0,2026-12-17,December,39664.0,185000.0,0.0,36100.0,260764.0
8402,351,1,2026-12-17,December,39664.0,185000.0,0.0,36100.0,260764.0
8403,351,2,2026-12-17,December,39664.0,185000.0,0.0,57100.0,281764.0
8404,351,3,2026-12-17,December,39664.0,185000.0,0.0,57100.0,281764.0
8405,351,4,2026-12-17,December,39664.0,185000.0,0.0,56200.0,280864.0
8406,351,5,2026-12-17,December,49728.0,198320.0,10656.0,55600.0,314304.0
8407,351,6,2026-12-17,December,51208.0,242720.0,10656.0,60860.0,365444.0
8408,351,7,2026-12-17,December,48544.0,242720.0,10656.0,64360.0,366280.0
8409,351,8,2026-12-17,December,48544.0,242720.0,0.0,64360.0,355624.0
8410,351,9,2026-12-17,December,48544.0,242720.0,0.0,64360.0,355624.0
8411,351,10,2026-12-17,December,48544.0,242720.0,40256.0,64360.0,395880.0
8412,351,11,2026-12-17,December,48544.0,242720.0,40256.0,60551.0,392071.0
8413,351,12,2026-12-17,December,39664.0,198320.0,40256.0,53860.0,332100.0
8414,351,13,2026-12-17,December,39664.0,198320.0,40256.0,53860.0,332100.0
8415,351,14,2026-12-17,December,42328.0,211640.0,40256.0,50930.0,345154.0
8416,351,15,2026-12-17,December,44992.0,211640.0,40256.0,40451.0,337339.0
8417,351,16,2026-12-17,December,66600.0,256040.0,40256.0,39000.0,401896.0
8418,351,17,2026-12-17,December,66600.0,269360.0,50912.0,37500.0,424372.0
8419,351,18,2026-12-17,December,66600.0,269360.0,50912.0,37800.0,424672.0
8420,351,19,2026-12-17,December,66600.0,269360.0,10656.0,27200.0,373816.0
8421,351,20,2026-12-17,December,66600.0,269360.0,10656.0,27200.0,373816.0
8422,351,21,2026-12-17,December,53872.0,256040.0,10656.0,26200.0,346768.0
8423,351,22,2026-12-17,December,44992.0,211640.0,0.0,26200.0,282832.0
8424,351,23,2026-12-17,December,42328.0,185000.0,0.0,26200.0,253528.0
8425,352,0,2026-12-18,December,39664.0,185000.0,0.0,36100.0,260764.0
8426,352,1,2026-12-18,December,39664.0,185000.0,0.0,36100.0,260764.0
8427,352,2,2026-12-18,December,39664.0,185000.0,0.0,57100.0,281764.0
8428,352,3,2026-12-18,December,39664.0,185000.0,0.0,57100.0,281764.0
8429,352,4,2026-12-18,December,39664.0,185000.0,0.0,56200.0,280864.0
8430,352,5,2026-12-18,December,49728.0,198320.0,10656.0,55600.0,314304.0
8431,352,6,2026-12-18,December,51208.0,242720.0,10656.0,60860.0,365444.0
8432,352,7,2026-12-18,December,48544.0,242720.0,10656.0,64360.0,366280.0
8433,352,8,2026-12-18,December,48544.0,242720.0,0.0,64360.0,355624.0
8434,352,9,2026-12-18,December,48544.0,242720.0,0.0,64360.0,355624.0
8435,352,10,2026-12-18,December,48544.0,242720.0,40256.0,64360.0,395880.0
8436,352,11,2026-12-18,December,48544.0,242720.0,40256.0,60551.0,392071.0
8437,352,12,2026-12-18,December,39664.0,198320.0,40256.0,53860.0,332100.0
8438,352,13,2026-12-18,December,39664.0,198320.0,40256.0,53860.0,332100.0
8439,352,14,2026-12-18,December,42328.0,211640.0,40256.0,50930.0,345154.0
8440,352,15,2026-12-18,December,44992.0,211640.0,40256.0,40451.0,337339.0
8441,352,16,2026-12-18,December,66600.0,256040.0,40256.0,39000.0,401896.0
8442,352,17,2026-12-18,December,66600.0,269360.0,50912.0,37500.0,424372.0
8443,352,18,2026-12-18,December,66600.0,269360.0,50912.0,37800.0,424672.0
8444,352,19,2026-12-18,December,66600.0,269360.0,10656.0,27200.0,373816.0
8445,352,20,2026-12-18,December,66600.0,269360.0,10656.0,27200.0,373816.0
8446,352,21,2026-12-18,December,53872.0,256040.0,10656.0,26200.0,346768.0
8447,352,22,2026-12-18,December,44992.0,211640.0,0.0,26200.0,282832.0
8448,352,23,2026-12-18,December,42328.0,185000.0,0.0,26200.0,253528.0
8449,353,0,2026-12-19,Winter_Weekend,61272.0,256040.0,40256.0,46400.0,403968.0
8450,353,1,2026-12-19,Winter_Weekend,61272.0,211640.0,40256.0,46400.0,359568.0
8451,353,2,2026-12-19,Winter_Weekend,58608.0,198320.0,29600.0,56900.0,343428.0
8452,353,3,2026-12-19,Winter_Weekend,47064.0,198320.0,29600.0,56900.0,331884.0
8453,353,4,2026-12-19,Winter_Weekend,47064.0,198320.0,29600.0,56000.0,330984.0
8454,353,5,2026-12-19,Winter_Weekend,54464.0,198320.0,29600.0,55400.0,337784.0
8455,353,6,2026-12-19,Winter_Weekend,63344.0,198320.0,40256.0,54700.0,356620.0
8456,353,7,2026-12-19,Winter_Weekend,66008.0,248640.0,40256.0,58500.0,413404.0
8457,353,8,2026-12-19,Winter_Weekend,58608.0,293040.0,40256.0,58500.0,450404.0
8458,353,9,2026-12-19,Winter_Weekend,61272.0,293040.0,40256.0,58500.0,453068.0
8459,353,10,2026-12-19,Winter_Weekend,115736.0,293040.0,40256.0,58500.0,507532.0
8460,353,11,2026-12-19,Winter_Weekend,63936.0,293040.0,40256.0,58500.0,455732.0
8461,353,12,2026-12-19,Winter_Weekend,61272.0,293040.0,40256.0,48000.0,442568.0
8462,353,13,2026-12-19,Winter_Weekend,179672.0,885040.0,40256.0,48000.0,1152968.0
8463,353,14,2026-12-19,Winter_Weekend,182336.0,306360.0,40256.0,48000.0,576952.0
8464,353,15,2026-12-19,Winter_Weekend,66600.0,306360.0,40256.0,48420.0,461636.0
8465,353,16,2026-12-19,Winter_Weekend,74000.0,306360.0,40256.0,48900.0,469516.0
8466,353,17,2026-12-19,Winter_Weekend,74000.0,306360.0,50912.0,47500.0,478772.0
8467,353,18,2026-12-19,Winter_Weekend,74000.0,306360.0,50912.0,47500.0,478772.0
8468,353,19,2026-12-19,Winter_Weekend,74000.0,269360.0,40256.0,36600.0,420216.0
8469,353,20,2026-12-19,Winter_Weekend,74000.0,269360.0,40256.0,36900.0,420516.0
8470,353,21,2026-12-19,Winter_Weekend,66600.0,269360.0,40256.0,25400.0,401616.0
8471,353,22,2026-12-19,Winter_Weekend,66600.0,269360.0,40256.0,25400.0,401616.0
8472,353,23,2026-12-19,Winter_Weekend,66600.0,269360.0,40256.0,25400.0,401616.0
8473,354,0,2026-12-20,Winter_Weekend,61272.0,256040.0,40256.0,46400.0,403968.0
8474,354,1,2026-12-20,Winter_Weekend,61272.0,211640.0,40256.0,46400.0,359568.0
8475,354,2,2026-12-20,Winter_Weekend,58608.0,198320.0,29600.0,56900.0,343428.0
8476,354,3,2026-12-20,Winter_Weekend,47064.0,198320.0,29600.0,56900.0,331884.0
8477,354,4,2026-12-20,Winter_Weekend,47064.0,198320.0,29600.0,56000.0,330984.0
8478,354,5,2026-12-20,Winter_Weekend,54464.0,198320.0,29600.0,55400.0,337784.0
8479,354,6,2026-12-20,Winter_Weekend,63344.0,198320.0,40256.0,54700.0,356620.0
8480,354,7,2026-12-20,Winter_Weekend,66008.0,248640.0,40256.0,58500.0,413404.0
8481,354,8,2026-12-20,Winter_Weekend,58608.0,293040.0,40256.0,58500.0,450404.0
8482,354,9,2026-12-20,Winter_Weekend,61272.0,293040.0,40256.0,58500.0,453068.0
8483,354,10,2026-12-20,Winter_Weekend,115736.0,293040.0,40256.0,58500.0,507532.0
8484,354,11,2026-12-20,Winter_Weekend,63936.0,293040.0,40256.0,58500.0,455732.0
8485,354,12,2026-12-20,Winter_Weekend,61272.0,293040.0,40256.0,48000.0,442568.0
8486,354,13,2026-12-20,Winter_Weekend,179672.0,885040.0,40256.0,48000.0,1152968.0
8487,354,14,2026-12-20,Winter_Weekend,182336.0,306360.0,40256.0,48000.0,576952.0
8488,354,15,2026-12-20,Winter_Weekend,66600.0,306360.0,40256.0,48420.0,461636.0
8489,354,16,2026-12-20,Winter_Weekend,74000.0,306360.0,40256.0,48900.0,469516.0
8490,354,17,2026-12-20,Winter_Weekend,74000.0,306360.0,50912.0,47500.0,478772.0
8491,354,18,2026-12-20,Winter_Weekend,74000.0,306360.0,50912.0,47500.0,478772.0
8492,354,19,2026-12-20,Winter_Weekend,74000.0,269360.0,40256.0,36600.0,420216.0
8493,354,20,2026-12-20,Winter_Weekend,74000.0,269360.0,40256.0,36900.0,420516.0
8494,354,21,2026-12-20,Winter_Weekend,66600.0,269360.0,40256.0,25400.0,401616.0
8495,354,22,2026-12-20,Winter_Weekend,66600.0,269360.0,40256.0,25400.0,401616.0
8496,354,23,2026-12-20,Winter_Weekend,66600.0,269360.0,40256.0,25400.0,401616.0
8497,355,0,2026-12-21,December,39664.0,185000.0,0.0,36100.0,260764.0
8498,355,1,2026-12-21,December,39664.0,185000.0,0.0,36100.0,260764.0
8499,355,2,2026-12-21,December,39664.0,185000.0,0.0,57100.0,281764.0
8500,355,3,2026-12-21,December,39664.0,185000.0,0.0,57100.0,281764.0
8501,355,4,2026-12-21,December,39664.0,185000.0,0.0,56200.0,280864.0
8502,355,5,2026-12-21,December,49728.0,198320.0,10656.0,55600.0,314304.0
8503,355,6,2026-12-21,December,51208.0,242720.0,10656.0,60860.0,365444.0
8504,355,7,2026-12-21,December,48544.0,242720.0,10656.0,64360.0,366280.0
8505,355,8,2026-12-21,December,48544.0,242720.0,0.0,64360.0,355624.0
8506,355,9,2026-12-21,December,48544.0,242720.0,0.0,64360.0,355624.0
8507,355,10,2026-12-21,December,48544.0,242720.0,40256.0,64360.0,395880.0
8508,355,11,2026-12-21,December,48544.0,242720.0,40256.0,60551.0,392071.0
8509,355,12,2026-12-21,December,39664.0,198320.0,40256.0,53860.0,332100.0
8510,355,13,2026-12-21,December,39664.0,198320.0,40256.0,53860.0,332100.0
8511,355,14,2026-12-21,December,42328.0,211640.0,40256.0,50930.0,345154.0
8512,355,15,2026-12-21,December,44992.0,211640.0,40256.0,40451.0,337339.0
8513,355,16,2026-12-21,December,66600.0,256040.0,40256.0,39000.0,401896.0
8514,355,17,2026-12-21,December,66600.0,269360.0,50912.0,37500.0,424372.0
8515,355,18,2026-12-21,December,66600.0,269360.0,50912.0,37800.0,424672.0
8516,355,19,2026-12-21,December,66600.0,269360.0,10656.0,27200.0,373816.0
8517,355,20,2026-12-21,December,66600.0,269360.0,10656.0,27200.0,373816.0
8518,355,21,2026-12-21,December,53872.0,256040.0,10656.0,26200.0,346768.0
8519,355,22,2026-12-21,December,44992.0,211640.0,0.0,26200.0,282832.0
8520,355,23,2026-12-21,December,42328.0,185000.0,0.0,26200.0,253528.0
8521,356,0,2026-12-22,December,39664.0,185000.0,0.0,36100.0,260764.0
8522,356,1,2026-12-22,December,39664.0,185000.0,0.0,36100.0,260764.0
8523,356,2,2026-12-22,December,39664.0,185000.0,0.0,57100.0,281764.0
8524,356,3,2026-12-22,December,39664.0,185000.0,0.0,57100.0,281764.0
8525,356,4,2026-12-22,December,39664.0,185000.0,0.0,56200.0,280864.0
8526,356,5,2026-12-22,December,49728.0,198320.0,10656.0,55600.0,314304.0
8527,356,6,2026-12-22,December,51208.0,242720.0,10656.0,60860.0,365444.0
8528,356,7,2026-12-22,December,48544.0,242720.0,10656.0,64360.0,366280.0
8529,356,8,2026-12-22,December,48544.0,242720.0,0.0,64360.0,355624.0
8530,356,9,2026-12-22,December,48544.0,242720.0,0.0,64360.0,355624.0
8531,356,10,2026-12-22,December,48544.0,242720.0,40256.0,64360.0,395880.0
8532,356,11,2026-12-22,December,48544.0,242720.0,40256.0,60551.0,392071.0
8533,356,12,2026-12-22,December,39664.0,198320.0,40256.0,53860.0,332100.0
8534,356,13,2026-12-22,December,39664.0,198320.0,40256.0,53860.0,332100.0
8535,356,14,2026-12-22,December,42328.0,211640.0,40256.0,50930.0,345154.0
8536,356,15,2026-12-22,December,44992.0,211640.0,40256.0,40451.0,337339.0
8537,356,16,2026-12-22,December,66600.0,256040.0,40256.0,39000.0,401896.0
8538,356,17,2026-12-22,December,66600.0,269360.0,50912.0,37500.0,424372.0
8539,356,18,2026-12-22,December,66600.0,269360.0,50912.0,37800.0,424672.0
8540,356,19,2026-12-22,December,66600.0,269360.0,10656.0,27200.0,373816.0
8541,356,20,2026-12-22,December,66600.0,269360.0,10656.0,27200.0,373816.0
8542,356,21,2026-12-22,December,53872.0,256040.0,10656.0,26200.0,346768.0
8543,356,22,2026-12-22,December,44992.0,211640.0,0.0,26200.0,282832.0
8544,356,23,2026-12-22,December,42328.0,185000.0,0.0,26200.0,253528.0
8545,357,0,2026-12-23,December,39664.0,185000.0,0.0,36100.0,260764.0
8546,357,1,2026-12-23,December,39664.0,185000.0,0.0,36100.0,260764.0
8547,357,2,2026-12-23,December,39664.0,185000.0,0.0,57100.0,281764.0
8548,357,3,2026-12-23,December,39664.0,185000.0,0.0,57100.0,281764.0
8549,357,4,2026-12-23,December,39664.0,185000.0,0.0,56200.0,280864.0
8550,357,5,2026-12-23,December,49728.0,198320.0,10656.0,55600.0,314304.0
8551,357,6,2026-12-23,December,51208.0,242720.0,10656.0,60860.0,365444.0
8552,357,7,2026-12-23,December,48544.0,242720.0,10656.0,64360.0,366280.0
8553,357,8,2026-12-23,December,48544.0,242720.0,0.0,64360.0,355624.0
8554,357,9,2026-12-23,December,48544.0,242720.0,0.0,64360.0,355624.0
8555,357,10,2026-12-23,December,48544.0,242720.0,40256.0,64360.0,395880.0
8556,357,11,2026-12-23,December,48544.0,242720.0,40256.0,60551.0,392071.0
8557,357,12,2026-12-23,December,39664.0,198320.0,40256.0,53860.0,332100.0
8558,357,13,2026-12-23,December,39664.0,198320.0,40256.0,53860.0,332100.0
8559,357,14,2026-12-23,December,42328.0,211640.0,40256.0,50930.0,345154.0
8560,357,15,2026-12-23,December,44992.0,211640.0,40256.0,40451.0,337339.0
8561,357,16,2026-12-23,December,66600.0,256040.0,40256.0,39000.0,401896.0
8562,357,17,2026-12-23,December,66600.0,269360.0,50912.0,37500.0,424372.0
8563,357,18,2026-12-23,December,66600.0,269360.0,50912.0,37800.0,424672.0
8564,357,19,2026-12-23,December,66600.0,269360.0,10656.0,27200.0,373816.0
8565,357,20,2026-12-23,December,66600.0,269360.0,10656.0,27200.0,373816.0
8566,357,21,2026-12-23,December,53872.0,256040.0,10656.0,26200.0,346768.0
8567,357,22,2026-12-23,December,44992.0,211640.0,0.0,26200.0,282832.0
8568,357,23,2026-12-23,December,42328.0,185000.0,0.0,26200.0,253528.0
8569,358,0,2026-12-24,December,39664.0,185000.0,0.0,36100.0,260764.0
8570,358,1,2026-12-24,December,39664.0,185000.0,0.0,36100.0,260764.0
8571,358,2,2026-12-24,December,39664.0,185000.0,0.0,57100.0,281764.0
8572,358,3,2026-12-24,December,39664.0,185000.0,0.0,57100.0,281764.0
8573,358,4,2026-12-24,December,39664.0,185000.0,0.0,56200.0,280864.0
8574,358,5,2026-12-24,December,49728.0,198320.0,10656.0,55600.0,314304.0
8575,358,6,2026-12-24,December,51208.0,242720.0,10656.0,60860.0,365444.0
8576,358,7,2026-12-24,December,48544.0,242720.0,10656.0,64360.0,366280.0
8577,358,8,2026-12-24,December,48544.0,242720.0,0.0,64360.0,355624.0
8578,358,9,2026-12-24,December,48544.0,242720.0,0.0,64360.0,355624.0
8579,358,10,2026-12-24,December,48544.0,242720.0,40256.0,64360.0,395880.0
8580,358,11,2026-12-24,December,48544.0,242720.0,40256.0,60551.0,392071.0
8581,358,12,2026-12-24,December,39664.0,198320.0,40256.0,53860.0,332100.0
8582,358,13,2026-12-24,December,39664.0,198320.0,40256.0,53860.0,332100.0
8583,358,14,2026-12-24,December,42328.0,211640.0,40256.0,50930.0,345154.0
8584,358,15,2026-12-24,December,44992.0,211640.0,40256.0,40451.0,337339.0
8585,358,16,2026-12-24,December,66600.0,256040.0,40256.0,39000.0,401896.0
8586,358,17,2026-12-24,December,66600.0,269360.0,50912.0,37500.0,424372.0
8587,358,18,2026-12-24,December,66600.0,269360.0,50912.0,37800.0,424672.0
8588,358,19,2026-12-24,December,66600.0,269360.0,10656.0,27200.0,373816.0
8589,358,20,2026-12-24,December,66600.0,269360.0,10656.0,27200.0,373816.0
8590,358,21,2026-12-24,December,53872.0,256040.0,10656.0,26200.0,346768.0
8591,358,22,2026-12-24,December,44992.0,211640.0,0.0,26200.0,282832.0
8592,358,23,2026-12-24,December,42328.0,185000.0,0.0,26200.0,253528.0
8593,359,0,2026-12-25,Public_Holiday,63936.0,269360.0,0.0,26900.0,360196.0
8594,359,1,2026-12-25,Public_Holiday,63936.0,269360.0,0.0,26900.0,360196.0
8595,359,2,2026-12-25,Public_Holiday,52392.0,211640.0,0.0,24100.0,288132.0
8596,359,3,2026-12-25,Public_Holiday,52392.0,211640.0,0.0,33700.0,297732.0
8597,359,4,2026-12-25,Public_Holiday,52392.0,211640.0,0.0,33100.0,297132.0
8598,359,5,2026-12-25,Public_Holiday,57128.0,248640.0,10656.0,35600.0,352024.0
8599,359,6,2026-12-25,Public_Holiday,58608.0,256040.0,10656.0,35300.0,360604.0
8600,359,7,2026-12-25,Public_Holiday,58608.0,256040.0,10656.0,36500.0,361804.0
8601,359,8,2026-12-25,Public_Holiday,58608.0,256040.0,0.0,36500.0,351148.0
8602,359,9,2026-12-25,Public_Holiday,58608.0,256040.0,0.0,36500.0,351148.0
8603,359,10,2026-12-25,Public_Holiday,110408.0,256040.0,40256.0,26000.0,432704.0
8604,359,11,2026-12-25,Public_Holiday,58608.0,256040.0,40256.0,26000.0,380904.0
8605,359,12,2026-12-25,Public_Holiday,58608.0,256040.0,40256.0,26000.0,380904.0
8606,359,13,2026-12-25,Public_Holiday,58608.0,256040.0,40256.0,26000.0,380904.0
8607,359,14,2026-12-25,Public_Holiday,66600.0,269360.0,40256.0,26000.0,402216.0
8608,359,15,2026-12-25,Public_Holiday,185000.0,861360.0,40256.0,15500.0,1102116.0
8609,359,16,2026-12-25,Public_Holiday,66600.0,269360.0,40256.0,15800.0,392016.0
8610,359,17,2026-12-25,Public_Holiday,66600.0,269360.0,50912.0,17000.0,403872.0
8611,359,18,2026-12-25,Public_Holiday,66600.0,269360.0,50912.0,17600.0,404472.0
8612,359,19,2026-12-25,Public_Holiday,66600.0,269360.0,10656.0,17900.0,364516.0
8613,359,20,2026-12-25,Public_Holiday,66600.0,269360.0,10656.0,18500.0,365116.0
8614,359,21,2026-12-25,Public_Holiday,63936.0,269360.0,10656.0,17300.0,361252.0
8615,359,22,2026-12-25,Public_Holiday,63936.0,269360.0,0.0,17300.0,350596.0
8616,359,23,2026-12-25,Public_Holiday,63936.0,269360.0,0.0,17300.0,350596.0
8617,360,0,2026-12-26,Winter_Weekend,61272.0,256040.0,40256.0,46400.0,403968.0
8618,360,1,2026-12-26,Winter_Weekend,61272.0,211640.0,40256.0,46400.0,359568.0
8619,360,2,2026-12-26,Winter_Weekend,58608.0,198320.0,29600.0,56900.0,343428.0
8620,360,3,2026-12-26,Winter_Weekend,47064.0,198320.0,29600.0,56900.0,331884.0
8621,360,4,2026-12-26,Winter_Weekend,47064.0,198320.0,29600.0,56000.0,330984.0
8622,360,5,2026-12-26,Winter_Weekend,54464.0,198320.0,29600.0,55400.0,337784.0
8623,360,6,2026-12-26,Winter_Weekend,63344.0,198320.0,40256.0,54700.0,356620.0
8624,360,7,2026-12-26,Winter_Weekend,66008.0,248640.0,40256.0,58500.0,413404.0
8625,360,8,2026-12-26,Winter_Weekend,58608.0,293040.0,40256.0,58500.0,450404.0
8626,360,9,2026-12-26,Winter_Weekend,61272.0,293040.0,40256.0,58500.0,453068.0
8627,360,10,2026-12-26,Winter_Weekend,115736.0,293040.0,40256.0,58500.0,507532.0
8628,360,11,2026-12-26,Winter_Weekend,63936.0,293040.0,40256.0,58500.0,455732.0
8629,360,12,2026-12-26,Winter_Weekend,61272.0,293040.0,40256.0,48000.0,442568.0
8630,360,13,2026-12-26,Winter_Weekend,179672.0,885040.0,40256.0,48000.0,1152968.0
8631,360,14,2026-12-26,Winter_Weekend,182336.0,306360.0,40256.0,48000.0,576952.0
8632,360,15,2026-12-26,Winter_Weekend,66600.0,306360.0,40256.0,48420.0,461636.0
8633,360,16,2026-12-26,Winter_Weekend,74000.0,306360.0,40256.0,48900.0,469516.0
8634,360,17,2026-12-26,Winter_Weekend,74000.0,306360.0,50912.0,47500.0,478772.0
8635,360,18,2026-12-26,Winter_Weekend,74000.0,306360.0,50912.0,47500.0,478772.0
8636,360,19,2026-12-26,Winter_Weekend,74000.0,269360.0,40256.0,36600.0,420216.0
8637,360,20,2026-12-26,Winter_Weekend,74000.0,269360.0,40256.0,36900.0,420516.0
8638,360,21,2026-12-26,Winter_Weekend,66600.0,269360.0,40256.0,25400.0,401616.0
8639,360,22,2026-12-26,Winter_Weekend,66600.0,269360.0,40256.0,25400.0,401616.0
8640,360,23,2026-12-26,Winter_Weekend,66600.0,269360.0,40256.0,25400.0,401616.0
8641,361,0,2026-12-27,Winter_Weekend,61272.0,256040.0,40256.0,46400.0,403968.0
8642,361,1,2026-12-27,Winter_Weekend,61272.0,211640.0,40256.0,46400.0,359568.0
8643,361,2,2026-12-27,Winter_Weekend,58608.0,198320.0,29600.0,56900.0,343428.0
8644,361,3,2026-12-27,Winter_Weekend,47064.0,198320.0,29600.0,56900.0,331884.0
8645,361,4,2026-12-27,Winter_Weekend,47064.0,198320.0,29600.0,56000.0,330984.0
8646,361,5,2026-12-27,Winter_Weekend,54464.0,198320.0,29600.0,55400.0,337784.0
8647,361,6,2026-12-27,Winter_Weekend,63344.0,198320.0,40256.0,54700.0,356620.0
8648,361,7,2026-12-27,Winter_Weekend,66008.0,248640.0,40256.0,58500.0,413404.0
8649,361,8,2026-12-27,Winter_Weekend,58608.0,293040.0,40256.0,58500.0,450404.0
8650,361,9,2026-12-27,Winter_Weekend,61272.0,293040.0,40256.0,58500.0,453068.0
8651,361,10,2026-12-27,Winter_Weekend,115736.0,293040.0,40256.0,58500.0,507532.0
8652,361,11,2026-12-27,Winter_Weekend,63936.0,293040.0,40256.0,58500.0,455732.0
8653,361,12,2026-12-27,Winter_Weekend,61272.0,293040.0,40256.0,48000.0,442568.0
8654,361,13,2026-12-27,Winter_Weekend,179672.0,885040.0,40256.0,48000.0,1152968.0
8655,361,14,2026-12-27,Winter_Weekend,182336.0,306360.0,40256.0,48000.0,576952.0
8656,361,15,2026-12-27,Winter_Weekend,66600.0,306360.0,40256.0,48420.0,461636.0
8657,361,16,2026-12-27,Winter_Weekend,74000.0,306360.0,40256.0,48900.0,469516.0
8658,361,17,2026-12-27,Winter_Weekend,74000.0,306360.0,50912.0,47500.0,478772.0
8659,361,18,2026-12-27,Winter_Weekend,74000.0,306360.0,50912.0,47500.0,478772.0
8660,361,19,2026-12-27,Winter_Weekend,74000.0,269360.0,40256.0,36600.0,420216.0
8661,361,20,2026-12-27,Winter_Weekend,74000.0,269360.0,40256.0,36900.0,420516.0
8662,361,21,2026-12-27,Winter_Weekend,66600.0,269360.0,40256.0,25400.0,401616.0
8663,361,22,2026-12-27,Winter_Weekend,66600.0,269360.0,40256.0,25400.0,401616.0
8664,361,23,2026-12-27,Winter_Weekend,66600.0,269360.0,40256.0,25400.0,401616.0
8665,362,0,2026-12-28,December,39664.0,185000.0,0.0,36100.0,260764.0
8666,362,1,2026-12-28,December,39664.0,185000.0,0.0,36100.0,260764.0
8667,362,2,2026-12-28,December,39664.0,185000.0,0.0,57100.0,281764.0
8668,362,3,2026-12-28,December,39664.0,185000.0,0.0,57100.0,281764.0
8669,362,4,2026-12-28,December,39664.0,185000.0,0.0,56200.0,280864.0
8670,362,5,2026-12-28,December,49728.0,198320.0,10656.0,55600.0,314304.0
8671,362,6,2026-12-28,December,51208.0,242720.0,10656.0,60860.0,365444.0
8672,362,7,2026-12-28,December,48544.0,242720.0,10656.0,64360.0,366280.0
8673,362,8,2026-12-28,December,48544.0,242720.0,0.0,64360.0,355624.0
8674,362,9,2026-12-28,December,48544.0,242720.0,0.0,64360.0,355624.0
8675,362,10,2026-12-28,December,48544.0,242720.0,40256.0,64360.0,395880.0
8676,362,11,2026-12-28,December,48544.0,242720.0,40256.0,60551.0,392071.0
8677,362,12,2026-12-28,December,39664.0,198320.0,40256.0,53860.0,332100.0
8678,362,13,2026-12-28,December,39664.0,198320.0,40256.0,53860.0,332100.0
8679,362,14,2026-12-28,December,42328.0,211640.0,40256.0,50930.0,345154.0
8680,362,15,2026-12-28,December,44992.0,211640.0,40256.0,40451.0,337339.0
8681,362,16,2026-12-28,December,66600.0,256040.0,40256.0,39000.0,401896.0
8682,362,17,2026-12-28,December,66600.0,269360.0,50912.0,37500.0,424372.0
8683,362,18,2026-12-28,December,66600.0,269360.0,50912.0,37800.0,424672.0
8684,362,19,2026-12-28,December,66600.0,269360.0,10656.0,27200.0,373816.0
8685,362,20,2026-12-28,December,66600.0,269360.0,10656.0,27200.0,373816.0
8686,362,21,2026-12-28,December,53872.0,256040.0,10656.0,26200.0,346768.0
8687,362,22,2026-12-28,December,44992.0,211640.0,0.0,26200.0,282832.0
8688,362,23,2026-12-28,December,42328.0,185000.0,0.0,26200.0,253528.0
8689,363,0,2026-12-29,December,39664.0,185000.0,0.0,36100.0,260764.0
8690,363,1,2026-12-29,December,39664.0,185000.0,0.0,36100.0,260764.0
8691,363,2,2026-12-29,December,39664.0,185000.0,0.0,57100.0,281764.0
8692,363,3,2026-12-29,December,39664.0,185000.0,0.0,57100.0,281764.0
8693,363,4,2026-12-29,December,39664.0,185000.0,0.0,56200.0,280864.0
8694,363,5,2026-12-29,December,49728.0,198320.0,10656.0,55600.0,314304.0
8695,363,6,2026-12-29,December,51208.0,242720.0,10656.0,60860.0,365444.0
8696,363,7,2026-12-29,December,48544.0,242720.0,10656.0,64360.0,366280.0
8697,363,8,2026-12-29,December,48544.0,242720.0,0.0,64360.0,355624.0
8698,363,9,2026-12-29,December,48544.0,242720.0,0.0,64360.0,355624.0
8699,363,10,2026-12-29,December,48544.0,242720.0,40256.0,64360.0,395880.0
8700,363,11,2026-12-29,December,48544.0,242720.0,40256.0,60551.0,392071.0
8701,363,12,2026-12-29,December,39664.0,198320.0,40256.0,53860.0,332100.0
8702,363,13,2026-12-29,December,39664.0,198320.0,40256.0,53860.0,332100.0
8703,363,14,2026-12-29,December,42328.0,211640.0,40256.0,50930.0,345154.0
8704,363,15,2026-12-29,December,44992.0,211640.0,40256.0,40451.0,337339.0
8705,363,16,2026-12-29,December,66600.0,256040.0,40256.0,39000.0,401896.0
8706,363,17,2026-12-29,December,66600.0,269360.0,50912.0,37500.0,424372.0
8707,363,18,2026-12-29,December,66600.0,269360.0,50912.0,37800.0,424672.0
8708,363,19,2026-12-29,December,66600.0,269360.0,10656.0,27200.0,373816.0
8709,363,20,2026-12-29,December,66600.0,269360.0,10656.0,27200.0,373816.0
8710,363,21,2026-12-29,December,53872.0,256040.0,10656.0,26200.0,346768.0
8711,363,22,2026-12-29,December,44992.0,211640.0,0.0,26200.0,282832.0
8712,363,23,2026-12-29,December,42328.0,185000.0,0.0,26200.0,253528.0
8713,364,0,2026-12-30,December,39664.0,185000.0,0.0,36100.0,260764.0
8714,364,1,2026-12-30,December,39664.0,185000.0,0.0,36100.0,260764.0
8715,364,2,2026-12-30,December,39664.0,185000.0,0.0,57100.0,281764.0
8716,364,3,2026-12-30,December,39664.0,185000.0,0.0,57100.0,281764.0
8717,364,4,2026-12-30,December,39664.0,185000.0,0.0,56200.0,280864.0
8718,364,5,2026-12-30,December,49728.0,198320.0,10656.0,55600.0,314304.0
8719,364,6,2026-12-30,December,51208.0,242720.0,10656.0,60860.0,365444.0
8720,364,7,2026-12-30,December,48544.0,242720.0,10656.0,64360.0,366280.0
8721,364,8,2026-12-30,December,48544.0,242720.0,0.0,64360.0,355624.0
8722,364,9,2026-12-30,December,48544.0,242720.0,0.0,64360.0,355624.0
8723,364,10,2026-12-30,December,48544.0,242720.0,40256.0,64360.0,395880.0
8724,364,11,2026-12-30,December,48544.0,242720.0,40256.0,60551.0,392071.0
8725,364,12,2026-12-30,December,39664.0,198320.0,40256.0,53860.0,332100.0
8726,364,13,2026-12-30,December,39664.0,198320.0,40256.0,53860.0,332100.0
8727,364,14,2026-12-30,December,42328.0,211640.0,40256.0,50930.0,345154.0
8728,364,15,2026-12-30,December,44992.0,211640.0,40256.0,40451.0,337339.0
8729,364,16,2026-12-30,December,66600.0,256040.0,40256.0,39000.0,401896.0
8730,364,17,2026-12-30,December,66600.0,269360.0,50912.0,37500.0,424372.0
8731,364,18,2026-12-30,December,66600.0,269360.0,50912.0,37800.0,424672.0
8732,364,19,2026-12-30,December,66600.0,269360.0,10656.0,27200.0,373816.0
8733,364,20,2026-12-30,December,66600.0,269360.0,10656.0,27200.0,373816.0
8734,364,21,2026-12-30,December,53872.0,256040.0,10656.0,26200.0,346768.0
8735,364,22,2026-12-30,December,44992.0,211640.0,0.0,26200.0,282832.0
8736,364,23,2026-12-30,December,42328.0,185000.0,0.0,26200.0,253528.0
8737,365,0,2026-12-31,December,39664.0,185000.0,0.0,36100.0,260764.0
8738,365,1,2026-12-31,December,39664.0,185000.0,0.0,36100.0,260764.0
8739,365,2,2026-12-31,December,39664.0,185000.0,0.0,57100.0,281764.0
8740,365,3,2026-12-31,December,39664.0,185000.0,0.0,57100.0,281764.0
8741,365,4,2026-12-31,December,39664.0,185000.0,0.0,56200.0,280864.0
8742,365,5,2026-12-31,December,49728.0,198320.0,10656.0,55600.0,314304.0
8743,365,6,2026-12-31,December,51208.0,242720.0,10656.0,60860.0,365444.0
8744,365,7,2026-12-31,December,48544.0,242720.0,10656.0,64360.0,366280.0
8745,365,8,2026-12-31,December,48544.0,242720.0,0.0,64360.0,355624.0
8746,365,9,2026-12-31,December,48544.0,242720.0,0.0,64360.0,355624.0
8747,365,10,2026-12-31,December,48544.0,242720.0,40256.0,64360.0,395880.0
8748,365,11,2026-12-31,December,48544.0,242720.0,40256.0,60551.0,392071.0
8749,365,12,2026-12-31,December,39664.0,198320.0,40256.0,53860.0,332100.0
8750,365,13,2026-12-31,December,39664.0,198320.0,40256.0,53860.0,332100.0
8751,365,14,2026-12-31,December,42328.0,211640.0,40256.0,50930.0,345154.0
8752,365,15,2026-12-31,December,44992.0,211640.0,40256.0,40451.0,337339.0
8753,365,16,2026-12-31,December,66600.0,256040.0,40256.0,39000.0,401896.0
8754,365,17,2026-12-31,December,66600.0,269360.0,50912.0,37500.0,424372.0
8755,365,18,2026-12-31,December,66600.0,269360.0,50912.0,37800.0,424672.0
8756,365,19,2026-12-31,December,66600.0,269360.0,10656.0,27200.0,373816.0
8757,365,20,2026-12-31,December,66600.0,269360.0,10656.0,27200.0,373816.0
8758,365,21,2026-12-31,December,53872.0,256040.0,10656.0,26200.0,346768.0
8759,365,22,2026-12-31,December,44992.0,211640.0,0.0,26200.0,282832.0
8760,365,23,2026-12-31,December,42328.0,185000.0,0.0,26200.0,253528.0
