hour_of_year,demand_wh,ghi_wm2,egen_wh,delta_e_wh,block_id,battery_soc_wh
1,261300.0,0.0,0.0,-261300.0,1,8738700.0
2,261300.0,0.0,0.0,-261300.0,1,8477400.0
3,282300.0,17.7,30090.0,-252210.0,1,8225190.0
4,282300.0,174.1,295970.0,13670.0,2,8238860.0
5,281400.0,348.51,592467.0,311067.0,2,8549927.0
6,307440.0,523.16,889371.9999999999,581931.9999999999,2,9000000.0
7,366100.0,626.06,1064302.0,698202.0,2,9000000.0
8,366900.0,627.56,1066851.9999999998,699951.9999999998,2,9000000.0
9,356280.0,641.91,1091247.0,734967.0,2,9000000.0
10,356280.0,480.56,816952.0,460672.0,2,9000000.0
11,396400.0,341.71,580906.9999999999,184506.99999999988,2,9000000.0
12,392591.0,188.7,320789.99999999994,-71801.00000000006,3,8928199.0
13,332500.0,34.59,58803.0,-273697.0,3,8654502.0
14,332500.0,0.0,0.0,-332500.0,3,8322002.0
15,345590.0,0.0,0.0,-345590.0,3,7976412.0
16,337811.0,0.0,0.0,-337811.0,3,7638601.0
17,350760.0,0.0,0.0,-350760.0,3,7287841.0
18,373200.0,0.0,0.0,-373200.0,3,6914641.0
19,425400.0,0.0,0.0,-425400.0,3,6489241.0
20,374680.0,0.0,0.0,-374680.0,3,6114561.0
21,374680.0,0.0,0.0,-374680.0,3,5739881.0
22,347460.0,0.0,0.0,-347460.0,3,5392421.0
23,283440.0,0.0,0.0,-283440.0,3,5108981.0
24,254100.0,0.0,0.0,-254100.0,3,4854881.0
25,261300.0,0.0,0.0,-261300.0,3,4593581.0
26,261300.0,0.0,0.0,-261300.0,3,4332281.0
27,282300.0,13.55,23035.000000000004,-259265.0,3,4073016.0
28,282300.0,158.75,269875.0,-12425.0,3,4060591.0
29,281400.0,301.96,513332.0,231932.0,4,4292523.0
30,307440.0,426.81,725577.0,418137.0,4,4710660.0
31,366100.0,354.35,602395.0,236295.0,4,4946955.0
32,366900.0,384.6,653820.0,286920.0,4,5233875.0
33,356280.0,264.85,450245.00000000006,93965.00000000006,4,5327840.0
34,356280.0,245.2,416840.0,60560.0,4,5388400.0
35,396400.0,155.45,264264.99999999994,-132135.00000000006,5,5256265.0
36,392591.0,87.0,147900.0,-244691.0,5,5011574.0
37,332500.0,27.2,46240.0,-286260.0,5,4725314.0
38,332500.0,0.0,0.0,-332500.0,5,4392814.0
39,345590.0,0.0,0.0,-345590.0,5,4047224.0
40,337811.0,0.0,0.0,-337811.0,5,3709413.0
41,350760.0,0.0,0.0,-350760.0,5,3358653.0
42,373200.0,0.0,0.0,-373200.0,5,2985453.0
43,425400.0,0.0,0.0,-425400.0,5,2560053.0
44,374680.0,0.0,0.0,-374680.0,5,2185373.0
45,374680.0,0.0,0.0,-374680.0,5,1810693.0
46,347460.0,0.0,0.0,-347460.0,5,1463233.0
47,283440.0,0.0,0.0,-283440.0,5,1179793.0
48,254100.0,0.0,0.0,-254100.0,5,925693.0
49,404660.0,0.0,0.0,-404660.0,5,521033.0
50,360260.0,0.0,0.0,-360260.0,5,160773.0
51,344120.0,14.35,24395.0,-319725.0,5,0.0
52,332420.0,186.26,316641.99999999994,-15778.000000000058,5,0.0
53,331520.0,381.26,648142.0,316622.0,6,316622.0
54,338420.0,543.61,924137.0,585717.0,6,902339.0
55,357340.0,652.21,1108757.0000000002,751417.0000000002,6,1653756.0000000002
56,414160.0,693.21,1178457.0,764297.0,6,2418053.0
57,451060.0,662.16,1125672.0,674612.0,6,3092665.0
58,453760.0,566.16,962472.0,508712.0,6,3601377.0
59,508960.0,416.66,708322.0000000001,199362.00000000012,6,3800739.0
60,456460.0,228.51,388467.0,-67993.0,7,3732746.0
61,443260.0,42.79,72743.0,-370517.0,7,3362229.0
62,1155260.0,0.0,0.0,-1155260.0,7,2206969.0
63,579280.0,0.0,0.0,-579280.0,7,1627689.0
64,462400.0,0.0,0.0,-462400.0,7,1165289.0
65,470380.0,0.0,0.0,-470380.0,7,694909.0
66,479600.0,0.0,0.0,-479600.0,7,215309.0
67,479600.0,0.0,0.0,-479600.0,7,0.0
68,421080.0,0.0,0.0,-421080.0,7,0.0
69,421380.0,0.0,0.0,-421380.0,7,0.0
70,402380.0,0.0,0.0,-402380.0,7,0.0
71,402380.0,0.0,0.0,-402380.0,7,0.0
72,402380.0,0.0,0.0,-402380.0,7,0.0
73,404660.0,0.0,0.0,-404660.0,7,0.0
74,360260.0,0.0,0.0,-360260.0,7,0.0
75,344120.0,14.95,25415.0,-318705.0,7,0.0
76,332420.0,180.91,307547.0,-24873.0,7,0.0
77,331520.0,353.71,601306.9999999999,269786.9999999999,8,269786.9999999999
78,338420.0,520.31,884526.9999999999,546106.9999999999,8,815893.9999999998
79,357340.0,637.61,1083937.0,726597.0,8,1542490.9999999998
80,414160.0,684.91,1164347.0,750187.0,8,2292678.0
81,451060.0,633.41,1076796.9999999998,625736.9999999998,8,2918415.0
82,453760.0,555.76,944792.0,491032.0,8,3409447.0
83,508960.0,401.66,682822.0,173862.0,8,3583309.0
84,456460.0,226.51,385067.0,-71393.0,9,3511916.0
85,443260.0,43.66,74222.0,-369038.0,9,3142878.0
86,1155260.0,0.0,0.0,-1155260.0,9,1987618.0
87,579280.0,0.0,0.0,-579280.0,9,1408338.0
88,462400.0,0.0,0.0,-462400.0,9,945938.0
89,470380.0,0.0,0.0,-470380.0,9,475558.0
90,479600.0,0.0,0.0,-479600.0,9,0.0
91,479600.0,0.0,0.0,-479600.0,9,0.0
92,421080.0,0.0,0.0,-421080.0,9,0.0
93,421380.0,0.0,0.0,-421380.0,9,0.0
94,402380.0,0.0,0.0,-402380.0,9,0.0
95,402380.0,0.0,0.0,-402380.0,9,0.0
96,402380.0,0.0,0.0,-402380.0,9,0.0
97,261300.0,0.0,0.0,-261300.0,9,0.0
98,261300.0,0.0,0.0,-261300.0,9,0.0
99,282300.0,13.05,22185.0,-260115.0,9,0.0
100,282300.0,170.95,290615.0,8315.0,10,8315.0
101,281400.0,345.66,587622.0,306222.0,10,314537.0
102,307440.0,515.66,876622.0,569182.0,10,883719.0
103,366100.0,552.16,938672.0,572572.0,10,1456291.0
104,366900.0,641.81,1091077.0,724177.0,10,2180468.0
105,356280.0,596.01,1013217.0,656937.0,10,2837405.0
106,356280.0,507.91,863447.0,507167.0,10,3344572.0
107,396400.0,385.76,655792.0,259392.0,10,3603964.0
108,392591.0,225.46,383282.00000000006,-9308.999999999942,11,3594655.0
109,332500.0,44.96,76432.0,-256068.0,11,3338587.0
110,332500.0,0.0,0.0,-332500.0,11,3006087.0
111,345590.0,0.0,0.0,-345590.0,11,2660497.0
112,337811.0,0.0,0.0,-337811.0,11,2322686.0
113,350760.0,0.0,0.0,-350760.0,11,1971926.0
114,373200.0,0.0,0.0,-373200.0,11,1598726.0
115,425400.0,0.0,0.0,-425400.0,11,1173326.0
116,374680.0,0.0,0.0,-374680.0,11,798646.0
117,374680.0,0.0,0.0,-374680.0,11,423966.0
118,347460.0,0.0,0.0,-347460.0,11,76506.0
119,283440.0,0.0,0.0,-283440.0,11,0.0
120,254100.0,0.0,0.0,-254100.0,11,0.0
121,261300.0,0.0,0.0,-261300.0,11,0.0
122,261300.0,0.0,0.0,-261300.0,11,0.0
123,282300.0,13.05,22185.0,-260115.0,11,0.0
124,282300.0,181.46,308482.0,26182.0,12,26182.0
125,281400.0,348.11,591787.0000000001,310387.0000000001,12,336569.0000000001
126,307440.0,492.01,836417.0,528977.0,12,865546.0000000001
127,366100.0,630.31,1071526.9999999998,705426.9999999998,12,1570973.0
128,366900.0,672.46,1143182.0,776282.0,12,2347255.0
129,356280.0,638.96,1086232.0000000002,729952.0000000002,12,3077207.0
130,356280.0,527.21,896257.0000000001,539977.0000000001,12,3617184.0
131,396400.0,407.41,692597.0000000001,296197.0000000001,12,3913381.0
132,392591.0,228.86,389062.0,-3529.0,13,3909852.0
133,332500.0,47.01,79916.99999999999,-252583.0,13,3657269.0
134,332500.0,0.0,0.0,-332500.0,13,3324769.0
135,345590.0,0.0,0.0,-345590.0,13,2979179.0
136,337811.0,0.0,0.0,-337811.0,13,2641368.0
137,350760.0,0.0,0.0,-350760.0,13,2290608.0
138,373200.0,0.0,0.0,-373200.0,13,1917408.0
139,425400.0,0.0,0.0,-425400.0,13,1492008.0
140,374680.0,0.0,0.0,-374680.0,13,1117328.0
141,374680.0,0.0,0.0,-374680.0,13,742648.0
142,347460.0,0.0,0.0,-347460.0,13,395188.0
143,283440.0,0.0,0.0,-283440.0,13,111748.0
144,254100.0,0.0,0.0,-254100.0,13,0.0
145,261300.0,0.0,0.0,-261300.0,13,0.0
146,261300.0,0.0,0.0,-261300.0,13,0.0
147,282300.0,12.55,21335.0,-260965.0,13,0.0
148,282300.0,178.56,303552.0,21252.0,14,21252.0
149,281400.0,363.66,618222.0000000001,336822.0000000001,14,358074.0000000001
150,307440.0,509.26,865742.0000000001,558302.0000000001,14,916376.0000000002
151,366100.0,535.66,910621.9999999998,544521.9999999998,14,1460898.0
152,366900.0,487.31,828427.0,461527.0,14,1922425.0
153,356280.0,451.56,767652.0,411372.0,14,2333797.0
154,356280.0,519.71,883507.0,527227.0,14,2861024.0
155,396400.0,394.26,670242.0,273842.0,14,3134866.0
156,392591.0,167.55,284835.0,-107756.0,15,3027110.0
157,332500.0,34.91,59347.0,-273153.0,15,2753957.0
158,332500.0,0.0,0.0,-332500.0,15,2421457.0
159,345590.0,0.0,0.0,-345590.0,15,2075867.0
160,337811.0,0.0,0.0,-337811.0,15,1738056.0
161,350760.0,0.0,0.0,-350760.0,15,1387296.0
162,373200.0,0.0,0.0,-373200.0,15,1014096.0
163,425400.0,0.0,0.0,-425400.0,15,588696.0
164,374680.0,0.0,0.0,-374680.0,15,214016.0
165,374680.0,0.0,0.0,-374680.0,15,0.0
166,347460.0,0.0,0.0,-347460.0,15,0.0
167,283440.0,0.0,0.0,-283440.0,15,0.0
168,254100.0,0.0,0.0,-254100.0,15,0.0
169,261300.0,0.0,0.0,-261300.0,15,0.0
170,261300.0,0.0,0.0,-261300.0,15,0.0
171,282300.0,12.8,21760.0,-260540.0,15,0.0
172,282300.0,190.91,324547.0,42247.0,16,42247.0
173,281400.0,391.46,665482.0,384082.0,16,426329.0
174,307440.0,569.66,968422.0,660982.0,16,1087311.0
175,366100.0,685.61,1165537.0,799437.0,16,1886748.0
176,366900.0,734.91,1249347.0,882447.0,16,2769195.0
177,356280.0,711.46,1209482.0,853202.0,16,3622397.0
178,356280.0,616.01,1047217.0,690937.0,16,4313334.0
179,396400.0,459.11,780487.0,384087.0,16,4697421.0
180,392591.0,259.66,441422.0,48831.0,16,4746252.0
181,332500.0,55.0,93500.0,-239000.0,17,4507252.0
182,332500.0,0.0,0.0,-332500.0,17,4174752.0
183,345590.0,0.0,0.0,-345590.0,17,3829162.0
184,337811.0,0.0,0.0,-337811.0,17,3491351.0
185,350760.0,0.0,0.0,-350760.0,17,3140591.0
186,373200.0,0.0,0.0,-373200.0,17,2767391.0
187,425400.0,0.0,0.0,-425400.0,17,2341991.0
188,374680.0,0.0,0.0,-374680.0,17,1967311.0
189,374680.0,0.0,0.0,-374680.0,17,1592631.0
190,347460.0,0.0,0.0,-347460.0,17,1245171.0
191,283440.0,0.0,0.0,-283440.0,17,961731.0
192,254100.0,0.0,0.0,-254100.0,17,707631.0
193,261300.0,0.0,0.0,-261300.0,17,446331.0
194,261300.0,0.0,0.0,-261300.0,17,185031.0
195,282300.0,13.1,22269.999999999996,-260030.0,17,0.0
196,282300.0,199.26,338742.0,56442.0,18,56442.0
197,281400.0,404.86,688262.0,406862.0,18,463304.0
198,307440.0,576.31,979727.0,672287.0,18,1135591.0
199,366100.0,692.36,1177012.0,810912.0,18,1946503.0
200,366900.0,739.91,1257847.0,890947.0,18,2837450.0
201,356280.0,714.56,1214752.0,858472.0,18,3695922.0
202,356280.0,618.56,1051552.0,695272.0,18,4391194.0
203,396400.0,461.56,784652.0,388252.0,18,4779446.0
204,392591.0,262.06,445502.00000000006,52911.00000000006,18,4832357.0
205,332500.0,56.47,95999.0,-236501.0,19,4595856.0
206,332500.0,0.0,0.0,-332500.0,19,4263356.0
207,345590.0,0.0,0.0,-345590.0,19,3917766.0
208,337811.0,0.0,0.0,-337811.0,19,3579955.0
209,350760.0,0.0,0.0,-350760.0,19,3229195.0
210,373200.0,0.0,0.0,-373200.0,19,2855995.0
211,425400.0,0.0,0.0,-425400.0,19,2430595.0
212,374680.0,0.0,0.0,-374680.0,19,2055915.0
213,374680.0,0.0,0.0,-374680.0,19,1681235.0
214,347460.0,0.0,0.0,-347460.0,19,1333775.0
215,283440.0,0.0,0.0,-283440.0,19,1050335.0
216,254100.0,0.0,0.0,-254100.0,19,796235.0
217,404660.0,0.0,0.0,-404660.0,19,391575.0
218,360260.0,0.0,0.0,-360260.0,19,31315.0
219,344120.0,12.65,21505.0,-322615.0,19,0.0
220,332420.0,195.21,331857.0,-563.0,19,0.0
221,331520.0,380.51,646867.0,315347.0,20,315347.0
222,338420.0,443.06,753202.0,414782.0,20,730129.0
223,357340.0,556.36,945812.0,588472.0,20,1318601.0
224,414160.0,702.16,1193672.0,779512.0,20,2098113.0
225,451060.0,682.71,1160607.0,709547.0,20,2807660.0
226,453760.0,583.81,992476.9999999998,538716.9999999998,20,3346377.0
227,508960.0,436.31,741727.0,232767.0,20,3579144.0
228,456460.0,245.06,416602.0,-39858.0,21,3539286.0
229,443260.0,54.62,92853.99999999999,-350406.0,21,3188880.0
230,1155260.0,0.0,0.0,-1155260.0,21,2033620.0
231,579280.0,0.0,0.0,-579280.0,21,1454340.0
232,462400.0,0.0,0.0,-462400.0,21,991940.0
233,470380.0,0.0,0.0,-470380.0,21,521560.0
234,479600.0,0.0,0.0,-479600.0,21,41960.0
235,479600.0,0.0,0.0,-479600.0,21,0.0
236,421080.0,0.0,0.0,-421080.0,21,0.0
237,421380.0,0.0,0.0,-421380.0,21,0.0
238,402380.0,0.0,0.0,-402380.0,21,0.0
239,402380.0,0.0,0.0,-402380.0,21,0.0
240,402380.0,0.0,0.0,-402380.0,21,0.0
241,404660.0,0.0,0.0,-404660.0,21,0.0
242,360260.0,0.0,0.0,-360260.0,21,0.0
243,344120.0,12.3,20910.0,-323210.0,21,0.0
244,332420.0,187.51,318766.99999999994,-13653.000000000058,21,0.0
245,331520.0,384.01,652817.0,321297.0,22,321297.0
246,338420.0,551.61,937737.0,599317.0,22,920614.0
247,357340.0,664.31,1129327.0,771987.0,22,1692601.0
248,414160.0,710.56,1207952.0,793792.0,22,2486393.0
249,451060.0,686.46,1166982.0000000002,715922.0000000002,22,3202315.0
250,453760.0,594.61,1010837.0,557077.0,22,3759392.0
251,508960.0,443.46,753881.9999999999,244921.99999999988,22,4004314.0
252,456460.0,251.81,428076.99999999994,-28383.00000000006,23,3975931.0
253,443260.0,55.97,95149.0,-348111.0,23,3627820.0
254,1155260.0,0.0,0.0,-1155260.0,23,2472560.0
255,579280.0,0.0,0.0,-579280.0,23,1893280.0
256,462400.0,0.0,0.0,-462400.0,23,1430880.0
257,470380.0,0.0,0.0,-470380.0,23,960500.0
258,479600.0,0.0,0.0,-479600.0,23,480900.0
259,479600.0,0.0,0.0,-479600.0,23,1300.0
260,421080.0,0.0,0.0,-421080.0,23,0.0
261,421380.0,0.0,0.0,-421380.0,23,0.0
262,402380.0,0.0,0.0,-402380.0,23,0.0
263,402380.0,0.0,0.0,-402380.0,23,0.0
264,402380.0,0.0,0.0,-402380.0,23,0.0
265,261300.0,0.0,0.0,-261300.0,23,0.0
266,261300.0,0.0,0.0,-261300.0,23,0.0
267,282300.0,12.1,20570.0,-261730.0,23,0.0
268,282300.0,184.41,313497.0,31197.0,24,31197.0
269,281400.0,331.66,563822.0,282422.0,24,313619.0
270,307440.0,495.81,842877.0,535437.0,24,849056.0
271,366100.0,651.66,1107822.0,741722.0,24,1590778.0
272,366900.0,657.51,1117767.0,750867.0,24,2341645.0
273,356280.0,485.76,825791.9999999999,469511.9999999999,24,2811157.0
274,356280.0,342.45,582165.0,225885.0,24,3037042.0
275,396400.0,201.65,342805.0,-53595.0,25,2983447.0
276,392591.0,48.1,81770.00000000001,-310821.0,25,2672626.0
277,332500.0,17.2,29240.0,-303260.0,25,2369366.0
278,332500.0,0.0,0.0,-332500.0,25,2036866.0
279,345590.0,0.0,0.0,-345590.0,25,1691276.0
280,337811.0,0.0,0.0,-337811.0,25,1353465.0
281,350760.0,0.0,0.0,-350760.0,25,1002705.0
282,373200.0,0.0,0.0,-373200.0,25,629505.0
283,425400.0,0.0,0.0,-425400.0,25,204105.0
284,374680.0,0.0,0.0,-374680.0,25,0.0
285,374680.0,0.0,0.0,-374680.0,25,0.0
286,347460.0,0.0,0.0,-347460.0,25,0.0
287,283440.0,0.0,0.0,-283440.0,25,0.0
288,254100.0,0.0,0.0,-254100.0,25,0.0
289,261300.0,0.0,0.0,-261300.0,25,0.0
290,261300.0,0.0,0.0,-261300.0,25,0.0
291,282300.0,12.6,21420.0,-260880.0,25,0.0
292,282300.0,174.96,297432.0,15132.0,26,15132.0
293,281400.0,360.91,613547.0,332147.0,26,347279.0
294,307440.0,544.21,925157.0000000001,617717.0000000001,26,964996.0000000001
295,366100.0,666.61,1133237.0,767137.0,26,1732133.0
296,366900.0,730.26,1241442.0,874542.0,26,2606675.0
297,356280.0,709.06,1205401.9999999998,849121.9999999998,26,3455797.0
298,356280.0,614.11,1043987.0,687707.0,26,4143504.0
299,396400.0,464.36,789412.0,393012.0,26,4536516.0
300,392591.0,270.06,459102.0,66511.0,26,4603027.0
301,332500.0,71.5,121550.0,-210950.0,27,4392077.0
302,332500.0,0.0,0.0,-332500.0,27,4059577.0
303,345590.0,0.0,0.0,-345590.0,27,3713987.0
304,337811.0,0.0,0.0,-337811.0,27,3376176.0
305,350760.0,0.0,0.0,-350760.0,27,3025416.0
306,373200.0,0.0,0.0,-373200.0,27,2652216.0
307,425400.0,0.0,0.0,-425400.0,27,2226816.0
308,374680.0,0.0,0.0,-374680.0,27,1852136.0
309,374680.0,0.0,0.0,-374680.0,27,1477456.0
310,347460.0,0.0,0.0,-347460.0,27,1129996.0
311,283440.0,0.0,0.0,-283440.0,27,846556.0
312,254100.0,0.0,0.0,-254100.0,27,592456.0
313,261300.0,0.0,0.0,-261300.0,27,331156.0
314,261300.0,0.0,0.0,-261300.0,27,69856.0
315,282300.0,12.9,21930.0,-260370.0,27,0.0
316,282300.0,198.66,337722.0,55422.0,28,55422.0
317,281400.0,405.56,689452.0,408052.0,28,463474.0
318,307440.0,578.76,983891.9999999998,676451.9999999998,28,1139925.9999999998
319,366100.0,694.56,1180752.0,814652.0,28,1954577.9999999998
320,366900.0,743.11,1263287.0,896387.0,28,2850965.0
321,356280.0,719.51,1223167.0,866887.0,28,3717852.0
322,356280.0,626.01,1064217.0,707937.0,28,4425789.0
323,396400.0,471.36,801312.0,404912.0,28,4830701.0
324,392591.0,273.11,464287.0,71696.0,28,4902397.0
325,332500.0,73.5,124950.0,-207550.0,29,4694847.0
326,332500.0,0.0,0.0,-332500.0,29,4362347.0
327,345590.0,0.0,0.0,-345590.0,29,4016757.0
328,337811.0,0.0,0.0,-337811.0,29,3678946.0
329,350760.0,0.0,0.0,-350760.0,29,3328186.0
330,373200.0,0.0,0.0,-373200.0,29,2954986.0
331,425400.0,0.0,0.0,-425400.0,29,2529586.0
332,374680.0,0.0,0.0,-374680.0,29,2154906.0
333,374680.0,0.0,0.0,-374680.0,29,1780226.0
334,347460.0,0.0,0.0,-347460.0,29,1432766.0
335,283440.0,0.0,0.0,-283440.0,29,1149326.0
336,254100.0,0.0,0.0,-254100.0,29,895226.0
337,261300.0,0.0,0.0,-261300.0,29,633926.0
338,261300.0,0.0,0.0,-261300.0,29,372626.0
339,282300.0,12.75,21675.0,-260625.0,29,112001.0
340,282300.0,194.21,330157.00000000006,47857.00000000006,30,159858.00000000006
341,281400.0,395.86,672962.0,391562.0,30,551420.0
342,307440.0,559.36,950912.0,643472.0,30,1194892.0
343,366100.0,675.51,1148367.0,782267.0,30,1977159.0
344,366900.0,723.36,1229712.0,862812.0,30,2839971.0
345,356280.0,682.76,1160692.0,804412.0,30,3644383.0
346,356280.0,603.66,1026222.0,669942.0,30,4314325.0
347,396400.0,460.71,783206.9999999999,386806.9999999999,30,4701132.0
348,392591.0,267.01,453916.9999999999,61325.99999999988,30,4762458.0
349,332500.0,73.95,125715.0,-206785.0,31,4555673.0
350,332500.0,0.0,0.0,-332500.0,31,4223173.0
351,345590.0,0.0,0.0,-345590.0,31,3877583.0
352,337811.0,0.0,0.0,-337811.0,31,3539772.0
353,350760.0,0.0,0.0,-350760.0,31,3189012.0
354,373200.0,0.0,0.0,-373200.0,31,2815812.0
355,425400.0,0.0,0.0,-425400.0,31,2390412.0
356,374680.0,0.0,0.0,-374680.0,31,2015732.0
357,374680.0,0.0,0.0,-374680.0,31,1641052.0
358,347460.0,0.0,0.0,-347460.0,31,1293592.0
359,283440.0,0.0,0.0,-283440.0,31,1010152.0
360,254100.0,0.0,0.0,-254100.0,31,756052.0
361,361060.0,0.0,0.0,-361060.0,31,394992.0
362,361060.0,0.0,0.0,-361060.0,31,33932.0
363,288840.0,12.75,21675.0,-267165.0,31,0.0
364,298440.0,194.76,331092.0,32652.0,32,32652.0
365,297840.0,400.71,681206.9999999999,383366.9999999999,32,416018.9999999999
366,352760.0,574.41,976497.0,623737.0,32,1039755.9999999999
367,361360.0,694.81,1181176.9999999998,819816.9999999998,32,1859572.9999999995
368,362560.0,745.56,1267452.0,904892.0,32,2764464.9999999995
369,351940.0,723.41,1229797.0,877857.0,32,3642321.9999999995
370,351940.0,630.81,1072377.0,720437.0,32,4362759.0
371,434060.0,476.91,810747.0,376687.0,32,4739446.0
372,381560.0,279.01,474317.0,92757.0,32,4832203.0
373,381560.0,77.85,132344.99999999997,-249215.00000000003,33,4582988.0
374,381560.0,0.0,0.0,-381560.0,33,4201428.0
375,402980.0,0.0,0.0,-402980.0,33,3798448.0
376,1104480.0,0.0,0.0,-1104480.0,33,2693968.0
377,392780.0,0.0,0.0,-392780.0,33,2301188.0
378,404600.0,0.0,0.0,-404600.0,33,1896588.0
379,405200.0,0.0,0.0,-405200.0,33,1491388.0
380,365380.0,0.0,0.0,-365380.0,33,1126008.0
381,365980.0,0.0,0.0,-365980.0,33,760028.0
382,362080.0,0.0,0.0,-362080.0,33,397948.0
383,351460.0,0.0,0.0,-351460.0,33,46488.0
384,351460.0,0.0,0.0,-351460.0,33,0.0
385,404660.0,0.0,0.0,-404660.0,33,0.0
386,360260.0,0.0,0.0,-360260.0,33,0.0
387,344120.0,12.8,21760.0,-322360.0,33,0.0
388,332420.0,197.71,336107.0,3687.0,34,3687.0
389,331520.0,404.86,688262.0,356742.0,34,360429.0
390,338420.0,578.76,983891.9999999998,645471.9999999998,34,1005900.9999999998
391,357340.0,697.96,1186532.0,829192.0,34,1835092.9999999998
392,414160.0,748.11,1271787.0,857627.0,34,2692720.0
393,451060.0,726.26,1234642.0,783582.0,34,3476302.0
394,453760.0,634.26,1078242.0,624482.0,34,4100784.0
395,508960.0,480.96,817632.0,308672.0,34,4409456.0
396,456460.0,283.21,481456.9999999999,24996.999999999884,34,4434453.0
397,443260.0,80.4,136680.0,-306580.0,35,4127873.0
398,1155260.0,0.0,0.0,-1155260.0,35,2972613.0
399,579280.0,0.0,0.0,-579280.0,35,2393333.0
400,462400.0,0.0,0.0,-462400.0,35,1930933.0
401,470380.0,0.0,0.0,-470380.0,35,1460553.0
402,479600.0,0.0,0.0,-479600.0,35,980953.0
403,479600.0,0.0,0.0,-479600.0,35,501353.0
404,421080.0,0.0,0.0,-421080.0,35,80273.0
405,421380.0,0.0,0.0,-421380.0,35,0.0
406,402380.0,0.0,0.0,-402380.0,35,0.0
407,402380.0,0.0,0.0,-402380.0,35,0.0
408,402380.0,0.0,0.0,-402380.0,35,0.0
409,404660.0,0.0,0.0,-404660.0,35,0.0
410,360260.0,0.0,0.0,-360260.0,35,0.0
411,344120.0,12.95,22015.0,-322105.0,35,0.0
412,332420.0,199.86,339762.0,7342.0,36,7342.0
413,331520.0,408.01,693617.0,362097.0,36,369439.0
414,338420.0,582.91,990946.9999999998,652526.9999999998,36,1021965.9999999998
415,357340.0,702.21,1193757.0,836417.0,36,1858382.9999999998
416,414160.0,752.56,1279351.9999999998,865191.9999999998,36,2723574.9999999995
417,451060.0,730.11,1241187.0,790127.0,36,3513701.9999999995
418,453760.0,637.06,1083002.0,629242.0,36,4142943.9999999995
419,508960.0,482.26,819841.9999999999,310881.9999999999,36,4453825.999999999
420,456460.0,283.61,482137.0,25677.0,36,4479502.999999999
421,443260.0,81.0,137700.0,-305560.0,37,4173942.999999999
422,1155260.0,0.0,0.0,-1155260.0,37,3018682.999999999
423,579280.0,0.0,0.0,-579280.0,37,2439402.999999999
424,462400.0,0.0,0.0,-462400.0,37,1977002.999999999
425,470380.0,0.0,0.0,-470380.0,37,1506622.999999999
426,479600.0,0.0,0.0,-479600.0,37,1027022.9999999991
427,479600.0,0.0,0.0,-479600.0,37,547422.9999999991
428,421080.0,0.0,0.0,-421080.0,37,126342.99999999907
429,421380.0,0.0,0.0,-421380.0,37,0.0
430,402380.0,0.0,0.0,-402380.0,37,0.0
431,402380.0,0.0,0.0,-402380.0,37,0.0
432,402380.0,0.0,0.0,-402380.0,37,0.0
433,261300.0,0.0,0.0,-261300.0,37,0.0
434,261300.0,0.0,0.0,-261300.0,37,0.0
435,282300.0,14.8,25160.0,-257140.0,37,0.0
436,282300.0,189.61,322337.0,40037.0,38,40037.0
437,281400.0,405.71,689706.9999999999,408306.9999999999,38,448343.9999999999
438,307440.0,580.81,987376.9999999998,679936.9999999998,38,1128280.9999999995
439,366100.0,700.81,1191376.9999999998,825276.9999999998,38,1953557.9999999993
440,366900.0,751.76,1277992.0,911092.0,38,2864649.999999999
441,356280.0,729.86,1240762.0000000002,884482.0000000002,38,3749131.999999999
442,356280.0,637.51,1083767.0,727487.0,38,4476618.999999999
443,396400.0,483.61,822137.0000000001,425737.0000000001,38,4902355.999999999
444,392591.0,285.16,484772.0,92181.0,38,4994536.999999999
445,332500.0,83.05,141185.0,-191315.0,39,4803221.999999999
446,332500.0,0.0,0.0,-332500.0,39,4470721.999999999
447,345590.0,0.0,0.0,-345590.0,39,4125131.999999999
448,337811.0,0.0,0.0,-337811.0,39,3787320.999999999
449,350760.0,0.0,0.0,-350760.0,39,3436560.999999999
450,373200.0,0.0,0.0,-373200.0,39,3063360.999999999
451,425400.0,0.0,0.0,-425400.0,39,2637960.999999999
452,374680.0,0.0,0.0,-374680.0,39,2263280.999999999
453,374680.0,0.0,0.0,-374680.0,39,1888600.999999999
454,347460.0,0.0,0.0,-347460.0,39,1541140.999999999
455,283440.0,0.0,0.0,-283440.0,39,1257700.999999999
456,254100.0,0.0,0.0,-254100.0,39,1003600.9999999991
457,261300.0,0.0,0.0,-261300.0,39,742300.9999999991
458,261300.0,0.0,0.0,-261300.0,39,481000.99999999907
459,282300.0,13.1,22269.999999999996,-260030.0,39,220970.99999999907
460,282300.0,198.51,337467.0,55167.0,40,276137.99999999907
461,281400.0,406.21,690556.9999999999,409156.9999999999,40,685294.999999999
462,307440.0,580.91,987546.9999999998,680106.9999999998,40,1365401.9999999986
463,366100.0,700.61,1191037.0000000002,824937.0000000002,40,2190338.999999999
464,366900.0,753.31,1280626.9999999998,913726.9999999998,40,3104065.999999999
465,356280.0,732.31,1244926.9999999998,888646.9999999998,40,3992712.999999999
466,356280.0,640.81,1089377.0,733097.0,40,4725809.999999999
467,396400.0,487.31,828427.0,432027.0,40,5157836.999999999
468,392591.0,289.31,491827.0,99236.0,40,5257072.999999999
469,332500.0,85.6,145520.0,-186980.0,41,5070092.999999999
470,332500.0,0.0,0.0,-332500.0,41,4737592.999999999
471,345590.0,0.0,0.0,-345590.0,41,4392002.999999999
472,337811.0,0.0,0.0,-337811.0,41,4054191.999999999
473,350760.0,0.0,0.0,-350760.0,41,3703431.999999999
474,373200.0,0.0,0.0,-373200.0,41,3330231.999999999
475,425400.0,0.0,0.0,-425400.0,41,2904831.999999999
476,374680.0,0.0,0.0,-374680.0,41,2530151.999999999
477,374680.0,0.0,0.0,-374680.0,41,2155471.999999999
478,347460.0,0.0,0.0,-347460.0,41,1808011.999999999
479,283440.0,0.0,0.0,-283440.0,41,1524571.999999999
480,254100.0,0.0,0.0,-254100.0,41,1270471.999999999
481,261300.0,0.0,0.0,-261300.0,41,1009171.9999999991
482,261300.0,0.0,0.0,-261300.0,41,747871.9999999991
483,282300.0,12.35,20995.0,-261305.0,41,486566.99999999907
484,282300.0,177.4,301580.0,19280.0,42,505846.99999999907
485,281400.0,373.26,634542.0,353142.0,42,858988.9999999991
486,307440.0,537.11,913087.0,605647.0,42,1464635.999999999
487,366100.0,677.01,1150917.0,784817.0,42,2249452.999999999
488,366900.0,735.01,1249516.9999999998,882616.9999999998,42,3132069.999999999
489,356280.0,708.61,1204637.0,848357.0,42,3980426.999999999
490,356280.0,621.26,1056142.0,699862.0,42,4680288.999999999
491,396400.0,471.86,802162.0,405762.0,42,5086050.999999999
492,392591.0,279.81,475677.0,83086.0,42,5169136.999999999
493,332500.0,83.75,142375.0,-190125.0,43,4979011.999999999
494,332500.0,0.0,0.0,-332500.0,43,4646511.999999999
495,345590.0,0.0,0.0,-345590.0,43,4300921.999999999
496,337811.0,0.0,0.0,-337811.0,43,3963110.999999999
497,350760.0,0.0,0.0,-350760.0,43,3612350.999999999
498,373200.0,0.0,0.0,-373200.0,43,3239150.999999999
499,425400.0,0.0,0.0,-425400.0,43,2813750.999999999
500,374680.0,0.0,0.0,-374680.0,43,2439070.999999999
501,374680.0,0.0,0.0,-374680.0,43,2064390.999999999
502,347460.0,0.0,0.0,-347460.0,43,1716930.999999999
503,283440.0,0.0,0.0,-283440.0,43,1433490.999999999
504,254100.0,0.0,0.0,-254100.0,43,1179390.999999999
505,261300.0,0.0,0.0,-261300.0,43,918090.9999999991
506,261300.0,0.0,0.0,-261300.0,43,656790.9999999991
507,282300.0,13.35,22694.999999999996,-259605.0,43,397185.99999999907
508,282300.0,194.06,329902.0,47602.0,44,444787.99999999907
509,281400.0,398.81,677977.0,396577.0,44,841364.9999999991
510,307440.0,572.01,972417.0,664977.0,44,1506341.999999999
511,366100.0,691.81,1176076.9999999998,809976.9999999998,44,2316318.999999999
512,366900.0,742.46,1262182.0,895282.0,44,3211600.999999999
513,356280.0,722.31,1227926.9999999998,871646.9999999998,44,4083247.999999999
514,356280.0,632.86,1075862.0,719582.0,44,4802829.999999999
515,396400.0,482.71,820607.0,424207.0,44,5227036.999999999
516,392591.0,287.16,488172.0,95581.0,44,5322617.999999999
517,332500.0,87.3,148410.0,-184090.0,45,5138527.999999999
518,332500.0,0.0,0.0,-332500.0,45,4806027.999999999
519,345590.0,0.0,0.0,-345590.0,45,4460437.999999999
520,337811.0,0.0,0.0,-337811.0,45,4122626.999999999
521,350760.0,0.0,0.0,-350760.0,45,3771866.999999999
522,373200.0,0.0,0.0,-373200.0,45,3398666.999999999
523,425400.0,0.0,0.0,-425400.0,45,2973266.999999999
524,374680.0,0.0,0.0,-374680.0,45,2598586.999999999
525,374680.0,0.0,0.0,-374680.0,45,2223906.999999999
526,347460.0,0.0,0.0,-347460.0,45,1876446.999999999
527,283440.0,0.0,0.0,-283440.0,45,1593006.999999999
528,254100.0,0.0,0.0,-254100.0,45,1338906.999999999
529,261300.0,0.0,0.0,-261300.0,45,1077606.999999999
530,261300.0,0.0,0.0,-261300.0,45,816306.9999999991
531,282300.0,13.95,23714.999999999996,-258585.0,45,557721.9999999991
532,282300.0,197.31,335427.0,53127.0,46,610848.9999999991
533,281400.0,404.11,686987.0,405587.0,46,1016435.9999999991
534,307440.0,579.61,985337.0,677897.0,46,1694332.999999999
535,366100.0,697.96,1186532.0,820432.0,46,2514764.999999999
536,366900.0,752.01,1278417.0,911517.0,46,3426281.999999999
537,356280.0,732.61,1245437.0,889157.0,46,4315438.999999999
538,356280.0,642.66,1092522.0,736242.0,46,5051680.999999999
539,396400.0,490.76,834292.0,437892.0,46,5489572.999999999
540,392591.0,294.31,500327.0,107736.0,46,5597308.999999999
541,332500.0,91.0,154700.0,-177800.0,47,5419508.999999999
542,332500.0,0.0,0.0,-332500.0,47,5087008.999999999
543,345590.0,0.0,0.0,-345590.0,47,4741418.999999999
544,337811.0,0.0,0.0,-337811.0,47,4403607.999999999
545,350760.0,0.0,0.0,-350760.0,47,4052847.999999999
546,373200.0,0.0,0.0,-373200.0,47,3679647.999999999
547,425400.0,0.0,0.0,-425400.0,47,3254247.999999999
548,374680.0,0.0,0.0,-374680.0,47,2879567.999999999
549,374680.0,0.0,0.0,-374680.0,47,2504887.999999999
550,347460.0,0.0,0.0,-347460.0,47,2157427.999999999
551,283440.0,0.0,0.0,-283440.0,47,1873987.999999999
552,254100.0,0.0,0.0,-254100.0,47,1619887.999999999
553,404660.0,0.0,0.0,-404660.0,47,1215227.999999999
554,360260.0,0.0,0.0,-360260.0,47,854967.9999999991
555,344120.0,13.7,23289.999999999996,-320830.0,47,534137.9999999991
556,332420.0,198.36,337212.0,4792.0,48,538929.9999999991
557,331520.0,405.51,689367.0,357847.0,48,896776.9999999991
558,338420.0,581.06,987801.9999999998,649381.9999999998,48,1546158.9999999988
559,357340.0,701.91,1193246.9999999998,835906.9999999998,48,2382065.9999999986
560,414160.0,754.66,1282922.0,868762.0,48,3250827.9999999986
561,451060.0,734.71,1249007.0000000002,797947.0000000002,48,4048774.999999999
562,453760.0,643.91,1094647.0,640887.0,48,4689661.999999999
563,508960.0,491.31,835227.0,326267.0,48,5015928.999999999
564,456460.0,294.71,501007.0,44547.0,48,5060475.999999999
565,443260.0,92.05,156485.0,-286775.0,49,4773700.999999999
566,1155260.0,0.0,0.0,-1155260.0,49,3618440.999999999
567,579280.0,0.0,0.0,-579280.0,49,3039160.999999999
568,462400.0,0.0,0.0,-462400.0,49,2576760.999999999
569,470380.0,0.0,0.0,-470380.0,49,2106380.999999999
570,479600.0,0.0,0.0,-479600.0,49,1626780.999999999
571,479600.0,0.0,0.0,-479600.0,49,1147180.999999999
572,421080.0,0.0,0.0,-421080.0,49,726100.9999999991
573,421380.0,0.0,0.0,-421380.0,49,304720.99999999907
574,402380.0,0.0,0.0,-402380.0,49,0.0
575,402380.0,0.0,0.0,-402380.0,49,0.0
576,402380.0,0.0,0.0,-402380.0,49,0.0
577,404660.0,0.0,0.0,-404660.0,49,0.0
578,360260.0,0.0,0.0,-360260.0,49,0.0
579,344120.0,14.25,24225.0,-319895.0,49,0.0
580,332420.0,191.21,325057.00000000006,-7362.999999999942,49,0.0
581,331520.0,352.66,599522.0,268002.0,50,268002.0
582,338420.0,433.41,736797.0,398377.0,50,666379.0
583,357340.0,517.16,879171.9999999999,521831.9999999999,50,1188211.0
584,414160.0,609.46,1036082.0,621922.0,50,1810133.0
585,451060.0,677.21,1151257.0000000002,700197.0000000002,50,2510330.0
586,453760.0,614.06,1043901.9999999998,590141.9999999998,50,3100472.0
587,508960.0,419.16,712572.0000000001,203612.00000000012,50,3304084.0
588,456460.0,263.61,448137.0,-8323.0,51,3295761.0
589,443260.0,89.2,151640.0,-291620.0,51,3004141.0
590,1155260.0,0.0,0.0,-1155260.0,51,1848881.0
591,579280.0,0.0,0.0,-579280.0,51,1269601.0
592,462400.0,0.0,0.0,-462400.0,51,807201.0
593,470380.0,0.0,0.0,-470380.0,51,336821.0
594,479600.0,0.0,0.0,-479600.0,51,0.0
595,479600.0,0.0,0.0,-479600.0,51,0.0
596,421080.0,0.0,0.0,-421080.0,51,0.0
597,421380.0,0.0,0.0,-421380.0,51,0.0
598,402380.0,0.0,0.0,-402380.0,51,0.0
599,402380.0,0.0,0.0,-402380.0,51,0.0
600,402380.0,0.0,0.0,-402380.0,51,0.0
601,261300.0,0.0,0.0,-261300.0,51,0.0
602,261300.0,0.0,0.0,-261300.0,51,0.0
603,282300.0,13.25,22525.0,-259775.0,51,0.0
604,282300.0,169.25,287725.0,5425.0,52,5425.0
605,281400.0,329.51,560166.9999999999,278766.9999999999,52,284191.9999999999
606,307440.0,453.71,771307.0,463867.0,52,748058.9999999999
607,366100.0,663.56,1128051.9999999998,761951.9999999998,52,1510010.9999999995
608,366900.0,735.36,1250112.0,883212.0,52,2393222.9999999995
609,356280.0,683.91,1162647.0,806367.0,52,3199589.9999999995
610,356280.0,600.01,1020017.0,663737.0,52,3863326.9999999995
611,396400.0,404.01,686817.0,290417.0,52,4153743.9999999995
612,392591.0,226.05,384285.0,-8306.0,53,4145437.9999999995
613,332500.0,72.1,122570.0,-209930.0,53,3935507.9999999995
614,332500.0,0.0,0.0,-332500.0,53,3603007.9999999995
615,345590.0,0.0,0.0,-345590.0,53,3257417.9999999995
616,337811.0,0.0,0.0,-337811.0,53,2919606.9999999995
617,350760.0,0.0,0.0,-350760.0,53,2568846.9999999995
618,373200.0,0.0,0.0,-373200.0,53,2195646.9999999995
619,425400.0,0.0,0.0,-425400.0,53,1770246.9999999995
620,374680.0,0.0,0.0,-374680.0,53,1395566.9999999995
621,374680.0,0.0,0.0,-374680.0,53,1020886.9999999995
622,347460.0,0.0,0.0,-347460.0,53,673426.9999999995
623,283440.0,0.0,0.0,-283440.0,53,389986.99999999953
624,254100.0,0.0,0.0,-254100.0,53,135886.99999999953
625,261300.0,0.0,0.0,-261300.0,53,0.0
626,261300.0,0.0,0.0,-261300.0,53,0.0
627,282300.0,12.05,20485.0,-261815.0,53,0.0
628,282300.0,176.35,299795.0,17495.0,54,17495.0
629,281400.0,334.16,568072.0,286672.0,54,304167.0
630,307440.0,552.01,938417.0,630977.0,54,935144.0
631,366100.0,584.86,994262.0,628162.0,54,1563306.0
632,366900.0,626.16,1064471.9999999998,697571.9999999998,54,2260878.0
633,356280.0,673.86,1145562.0,789282.0,54,3050160.0
634,356280.0,558.81,949976.9999999998,593696.9999999998,54,3643857.0
635,396400.0,414.96,705432.0,309032.0,54,3952889.0
636,392591.0,291.71,495906.9999999999,103315.99999999988,54,4056205.0
637,332500.0,95.95,163115.00000000003,-169384.99999999997,55,3886820.0
638,332500.0,0.0,0.0,-332500.0,55,3554320.0
639,345590.0,0.0,0.0,-345590.0,55,3208730.0
640,337811.0,0.0,0.0,-337811.0,55,2870919.0
641,350760.0,0.0,0.0,-350760.0,55,2520159.0
642,373200.0,0.0,0.0,-373200.0,55,2146959.0
643,425400.0,0.0,0.0,-425400.0,55,1721559.0
644,374680.0,0.0,0.0,-374680.0,55,1346879.0
645,374680.0,0.0,0.0,-374680.0,55,972199.0
646,347460.0,0.0,0.0,-347460.0,55,624739.0
647,283440.0,0.0,0.0,-283440.0,55,341299.0
648,254100.0,0.0,0.0,-254100.0,55,87199.0
649,261300.0,0.0,0.0,-261300.0,55,0.0
650,261300.0,0.0,0.0,-261300.0,55,0.0
651,282300.0,15.05,25585.0,-256715.0,55,0.0
652,282300.0,206.11,350387.00000000006,68087.00000000006,56,68087.00000000006
653,281400.0,418.56,711552.0,430152.0,56,498239.00000000006
654,307440.0,599.26,1018742.0,711302.0,56,1209541.0
655,366100.0,725.71,1233707.0000000002,867607.0000000002,56,2077148.0000000002
656,366900.0,783.41,1331796.9999999998,964896.9999999998,56,3042045.0
657,356280.0,771.06,1310802.0,954522.0,56,3996567.0
658,356280.0,680.56,1156952.0,800672.0,56,4797239.0
659,396400.0,525.36,893112.0,496712.0,56,5293951.0
660,392591.0,322.06,547502.0,154911.0,56,5448862.0
661,332500.0,107.35,182495.0,-150005.0,57,5298857.0
662,332500.0,0.0,0.0,-332500.0,57,4966357.0
663,345590.0,0.0,0.0,-345590.0,57,4620767.0
664,337811.0,0.0,0.0,-337811.0,57,4282956.0
665,350760.0,0.0,0.0,-350760.0,57,3932196.0
666,373200.0,0.0,0.0,-373200.0,57,3558996.0
667,425400.0,0.0,0.0,-425400.0,57,3133596.0
668,374680.0,0.0,0.0,-374680.0,57,2758916.0
669,374680.0,0.0,0.0,-374680.0,57,2384236.0
670,347460.0,0.0,0.0,-347460.0,57,2036776.0
671,283440.0,0.0,0.0,-283440.0,57,1753336.0
672,254100.0,0.0,0.0,-254100.0,57,1499236.0
673,261300.0,0.0,0.0,-261300.0,57,1237936.0
674,261300.0,0.0,0.0,-261300.0,57,976636.0
675,282300.0,15.6,26520.0,-255780.0,57,720856.0
676,282300.0,215.01,365516.99999999994,83216.99999999994,58,804073.0
677,281400.0,432.36,735012.0,453612.0,58,1257685.0
678,307440.0,615.76,1046792.0,739352.0,58,1997037.0
679,366100.0,738.56,1255552.0,889452.0,58,2886489.0
680,366900.0,794.36,1350412.0000000002,983512.0000000002,58,3870001.0
681,356280.0,775.81,1318877.0,962597.0,58,4832598.0
682,356280.0,684.31,1163327.0,807047.0,58,5639645.0
683,396400.0,528.36,898212.0,501812.0,58,6141457.0
684,392591.0,324.76,552092.0,159501.0,58,6300958.0
685,332500.0,109.6,186319.99999999997,-146180.00000000003,59,6154778.0
686,332500.0,0.0,0.0,-332500.0,59,5822278.0
687,345590.0,0.0,0.0,-345590.0,59,5476688.0
688,337811.0,0.0,0.0,-337811.0,59,5138877.0
689,350760.0,0.0,0.0,-350760.0,59,4788117.0
690,373200.0,0.0,0.0,-373200.0,59,4414917.0
691,425400.0,0.0,0.0,-425400.0,59,3989517.0
692,374680.0,0.0,0.0,-374680.0,59,3614837.0
693,374680.0,0.0,0.0,-374680.0,59,3240157.0
694,347460.0,0.0,0.0,-347460.0,59,2892697.0
695,283440.0,0.0,0.0,-283440.0,59,2609257.0
696,254100.0,0.0,0.0,-254100.0,59,2355157.0
697,261300.0,0.0,0.0,-261300.0,59,2093857.0
698,261300.0,0.0,0.0,-261300.0,59,1832557.0
699,282300.0,15.6,26520.0,-255780.0,59,1576777.0
700,282300.0,211.66,359822.0,77522.0,60,1654299.0
701,281400.0,425.46,723282.0,441882.0,60,2096181.0
702,307440.0,605.96,1030132.0,722692.0,60,2818873.0
703,366100.0,728.01,1237617.0,871517.0,60,3690390.0
704,366900.0,783.31,1331627.0,964727.0,60,4655117.0
705,356280.0,765.11,1300687.0000000002,944407.0000000002,60,5599524.0
706,356280.0,674.61,1146837.0,790557.0,60,6390081.0
707,396400.0,520.26,884441.9999999999,488041.9999999999,60,6878123.0
708,392591.0,319.76,543592.0,151001.0,60,7029124.0
709,332500.0,108.75,184875.0,-147625.0,61,6881499.0
710,332500.0,0.0,0.0,-332500.0,61,6548999.0
711,345590.0,0.0,0.0,-345590.0,61,6203409.0
712,337811.0,0.0,0.0,-337811.0,61,5865598.0
713,350760.0,0.0,0.0,-350760.0,61,5514838.0
714,373200.0,0.0,0.0,-373200.0,61,5141638.0
715,425400.0,0.0,0.0,-425400.0,61,4716238.0
716,374680.0,0.0,0.0,-374680.0,61,4341558.0
717,374680.0,0.0,0.0,-374680.0,61,3966878.0
718,347460.0,0.0,0.0,-347460.0,61,3619418.0
719,283440.0,0.0,0.0,-283440.0,61,3335978.0
720,254100.0,0.0,0.0,-254100.0,61,3081878.0
721,404660.0,0.0,0.0,-404660.0,61,2677218.0
722,360260.0,0.0,0.0,-360260.0,61,2316958.0
723,344120.0,27.23,46291.0,-297829.0,61,2019129.0
724,332420.0,211.96,360332.0,27912.0,62,2047041.0
725,331520.0,426.71,725407.0,393887.0,62,2440928.0
726,338420.0,608.86,1035062.0000000001,696642.0000000001,62,3137570.0
727,357340.0,733.06,1246201.9999999998,888861.9999999998,62,4026432.0
728,414160.0,789.01,1341317.0,927157.0,62,4953589.0
729,451060.0,771.16,1310972.0,859912.0,62,5813501.0
730,453760.0,681.01,1157717.0,703957.0,62,6517458.0
731,508960.0,526.56,895151.9999999998,386191.99999999977,62,6903650.0
732,456460.0,324.81,552177.0,95717.0,62,6999367.0
733,443260.0,111.85,190144.99999999997,-253115.00000000003,63,6746252.0
734,1155260.0,0.0,0.0,-1155260.0,63,5590992.0
735,579280.0,0.0,0.0,-579280.0,63,5011712.0
736,462400.0,0.0,0.0,-462400.0,63,4549312.0
737,470380.0,0.0,0.0,-470380.0,63,4078932.0
738,479600.0,0.0,0.0,-479600.0,63,3599332.0
739,479600.0,0.0,0.0,-479600.0,63,3119732.0
740,421080.0,0.0,0.0,-421080.0,63,2698652.0
741,421380.0,0.0,0.0,-421380.0,63,2277272.0
742,402380.0,0.0,0.0,-402380.0,63,1874892.0
743,402380.0,0.0,0.0,-402380.0,63,1472512.0
744,402380.0,0.0,0.0,-402380.0,63,1070132.0
745,404660.0,0.0,0.0,-404660.0,63,665472.0
746,360260.0,0.0,0.0,-360260.0,63,305212.0
747,344120.0,27.58,46885.99999999999,-297234.0,63,7978.0
748,332420.0,211.01,358717.0,26297.0,64,34275.0
749,331520.0,424.96,722432.0,390912.0,64,425187.0
750,338420.0,607.31,1032426.9999999998,694006.9999999998,64,1119193.9999999998
751,357340.0,731.56,1243652.0,886312.0,64,2005505.9999999998
752,414160.0,788.06,1339702.0,925542.0,64,2931048.0
753,451060.0,770.36,1309612.0,858552.0,64,3789600.0
754,453760.0,679.81,1155676.9999999998,701916.9999999998,64,4491517.0
755,508960.0,525.21,892857.0000000001,383897.0000000001,64,4875414.0
756,456460.0,324.31,551327.0,94867.0,64,4970281.0
757,443260.0,112.7,191590.00000000003,-251669.99999999997,65,4718611.0
758,1155260.0,0.0,0.0,-1155260.0,65,3563351.0
759,579280.0,0.0,0.0,-579280.0,65,2984071.0
760,462400.0,0.0,0.0,-462400.0,65,2521671.0
761,470380.0,0.0,0.0,-470380.0,65,2051291.0
762,479600.0,0.0,0.0,-479600.0,65,1571691.0
763,479600.0,0.0,0.0,-479600.0,65,1092091.0
764,421080.0,0.0,0.0,-421080.0,65,671011.0
765,421380.0,0.0,0.0,-421380.0,65,249631.0
766,402380.0,0.0,0.0,-402380.0,65,0.0
767,402380.0,0.0,0.0,-402380.0,65,0.0
768,402380.0,0.0,0.0,-402380.0,65,0.0
769,290500.0,0.0,0.0,-290500.0,65,0.0
770,290500.0,0.0,0.0,-290500.0,65,0.0
771,311500.0,28.55,48535.0,-262965.0,65,0.0
772,311500.0,215.31,366027.0,54527.0,66,54527.0
773,310600.0,429.01,729317.0,418717.0,66,473244.0
774,336640.0,610.86,1038462.0,701822.0,66,1175066.0
775,395300.0,737.81,1254277.0,858977.0,66,2034043.0
776,396400.0,794.06,1349902.0,953502.0,66,2987545.0
777,385780.0,776.26,1319642.0,933862.0,66,3921407.0
778,385780.0,685.91,1166047.0,780267.0,66,4701674.0
779,396400.0,531.31,903227.0,506827.0,66,5208501.0
780,392591.0,329.36,559912.0,167321.0,66,5375822.0
781,340000.0,115.6,196520.0,-143480.0,67,5232342.0
782,377000.0,0.0,0.0,-377000.0,67,4855342.0
783,390090.0,0.0,0.0,-390090.0,67,4465252.0
784,382011.0,0.0,0.0,-382011.0,67,4083241.0
785,446860.0,0.0,0.0,-446860.0,67,3636381.0
786,469300.0,0.0,0.0,-469300.0,67,3167081.0
787,469600.0,0.0,0.0,-469600.0,67,2697481.0
788,404180.0,0.0,0.0,-404180.0,67,2293301.0
789,404180.0,0.0,0.0,-404180.0,67,1889121.0
790,376960.0,0.0,0.0,-376960.0,67,1512161.0
791,312940.0,0.0,0.0,-312940.0,67,1199221.0
792,283600.0,0.0,0.0,-283600.0,67,915621.0
793,290500.0,0.0,0.0,-290500.0,67,625121.0
794,290500.0,0.0,0.0,-290500.0,67,334621.0
795,311500.0,28.68,48756.0,-262744.0,67,71877.0
796,311500.0,211.96,360332.0,48832.0,68,120709.0
797,310600.0,424.26,721241.9999999999,410641.9999999999,68,531350.9999999999
798,336640.0,605.11,1028687.0,692047.0,68,1223398.0
799,395300.0,732.41,1245097.0,849797.0,68,2073195.0
800,396400.0,788.91,1341147.0,944747.0,68,3017942.0
801,385780.0,771.86,1312162.0,926382.0,68,3944324.0
802,385780.0,682.61,1160437.0,774657.0,68,4718981.0
803,396400.0,530.41,901696.9999999998,505296.99999999977,68,5224278.0
804,392591.0,329.01,559316.9999999999,166725.99999999988,68,5391004.0
805,340000.0,116.35,197795.0,-142205.0,69,5248799.0
806,377000.0,0.0,0.0,-377000.0,69,4871799.0
807,390090.0,0.0,0.0,-390090.0,69,4481709.0
808,382011.0,0.0,0.0,-382011.0,69,4099698.0
809,446860.0,0.0,0.0,-446860.0,69,3652838.0
810,469300.0,0.0,0.0,-469300.0,69,3183538.0
811,469600.0,0.0,0.0,-469600.0,69,2713938.0
812,404180.0,0.0,0.0,-404180.0,69,2309758.0
813,404180.0,0.0,0.0,-404180.0,69,1905578.0
814,376960.0,0.0,0.0,-376960.0,69,1528618.0
815,312940.0,0.0,0.0,-312940.0,69,1215678.0
816,283600.0,0.0,0.0,-283600.0,69,932078.0
817,290500.0,0.0,0.0,-290500.0,69,641578.0
818,290500.0,0.0,0.0,-290500.0,69,351078.0
819,311500.0,23.9,40629.99999999999,-270870.0,69,80208.0
820,311500.0,181.7,308890.0,-2610.0,69,77598.0
821,310600.0,346.16,588472.0,277872.0,70,355470.0
822,336640.0,583.66,992222.0,655582.0,70,1011052.0
823,395300.0,714.71,1215007.0000000002,819707.0000000002,70,1830759.0000000002
824,396400.0,744.76,1266092.0,869692.0,70,2700451.0
825,385780.0,760.01,1292017.0,906237.0,70,3606688.0
826,385780.0,671.46,1141482.0,755702.0,70,4362390.0
827,396400.0,496.26,843642.0,447242.0,70,4809632.0
828,392591.0,299.51,509167.0,116576.0,70,4926208.0
829,340000.0,110.85,188444.99999999997,-151555.00000000003,71,4774653.0
830,377000.0,0.0,0.0,-377000.0,71,4397653.0
831,390090.0,0.0,0.0,-390090.0,71,4007563.0
832,382011.0,0.0,0.0,-382011.0,71,3625552.0
833,446860.0,0.0,0.0,-446860.0,71,3178692.0
834,469300.0,0.0,0.0,-469300.0,71,2709392.0
835,469600.0,0.0,0.0,-469600.0,71,2239792.0
836,404180.0,0.0,0.0,-404180.0,71,1835612.0
837,404180.0,0.0,0.0,-404180.0,71,1431432.0
838,376960.0,0.0,0.0,-376960.0,71,1054472.0
839,312940.0,0.0,0.0,-312940.0,71,741532.0
840,283600.0,0.0,0.0,-283600.0,71,457932.0
841,361060.0,0.0,0.0,-361060.0,71,96872.0
842,361060.0,0.0,0.0,-361060.0,71,0.0
843,288840.0,30.55,51935.0,-236905.0,71,0.0
844,298440.0,217.25,369325.0,70885.0,72,70885.0
845,297840.0,431.41,733397.0,435557.0,72,506442.0
846,352760.0,619.86,1053762.0,701002.0,72,1207444.0
847,361360.0,741.26,1260142.0,898782.0,72,2106226.0
848,362560.0,796.86,1354662.0,992102.0,72,3098328.0
849,351940.0,779.06,1324402.0,972462.0,72,4070790.0
850,351940.0,688.41,1170297.0,818357.0,72,4889147.0
851,434060.0,534.46,908582.0,474522.0,72,5363669.0
852,381560.0,333.91,567647.0000000001,186087.00000000012,72,5549756.0
853,381560.0,121.0,205700.0,-175860.0,73,5373896.0
854,381560.0,0.0,0.0,-381560.0,73,4992336.0
855,402980.0,0.0,0.0,-402980.0,73,4589356.0
856,1104480.0,0.0,0.0,-1104480.0,73,3484876.0
857,392780.0,0.0,0.0,-392780.0,73,3092096.0
858,404600.0,0.0,0.0,-404600.0,73,2687496.0
859,405200.0,0.0,0.0,-405200.0,73,2282296.0
860,365380.0,0.0,0.0,-365380.0,73,1916916.0
861,365980.0,0.0,0.0,-365980.0,73,1550936.0
862,362080.0,0.0,0.0,-362080.0,73,1188856.0
863,351460.0,0.0,0.0,-351460.0,73,837396.0
864,351460.0,0.0,0.0,-351460.0,73,485936.0
865,290500.0,0.0,0.0,-290500.0,73,195436.0
866,290500.0,0.0,0.0,-290500.0,73,0.0
867,311500.0,31.44,53448.00000000001,-258052.0,73,0.0
868,311500.0,219.05,372385.00000000006,60885.00000000006,74,60885.00000000006
869,310600.0,433.66,737222.0000000001,426622.0000000001,74,487507.0000000002
870,336640.0,616.01,1047217.0,710577.0,74,1198084.0000000002
871,395300.0,742.01,1261417.0,866117.0,74,2064201.0000000002
872,396400.0,798.86,1358062.0,961662.0,74,3025863.0
873,385780.0,781.66,1328822.0,943042.0,74,3968905.0
874,385780.0,692.06,1176501.9999999998,790721.9999999998,74,4759627.0
875,396400.0,538.56,915551.9999999998,519151.99999999977,74,5278779.0
876,392591.0,337.81,574277.0,181686.0,74,5460465.0
877,340000.0,123.95,210715.0,-129285.0,75,5331180.0
878,377000.0,0.0,0.0,-377000.0,75,4954180.0
879,390090.0,0.0,0.0,-390090.0,75,4564090.0
880,382011.0,0.0,0.0,-382011.0,75,4182079.0
881,446860.0,0.0,0.0,-446860.0,75,3735219.0
882,469300.0,0.0,0.0,-469300.0,75,3265919.0
883,469600.0,0.0,0.0,-469600.0,75,2796319.0
884,404180.0,0.0,0.0,-404180.0,75,2392139.0
885,404180.0,0.0,0.0,-404180.0,75,1987959.0
886,376960.0,0.0,0.0,-376960.0,75,1610999.0
887,312940.0,0.0,0.0,-312940.0,75,1298059.0
888,283600.0,0.0,0.0,-283600.0,75,1014459.0
889,404660.0,0.0,0.0,-404660.0,75,609799.0
890,360260.0,0.0,0.0,-360260.0,75,249539.0
891,344120.0,32.22,54774.0,-289346.0,75,0.0
892,332420.0,219.25,372725.0,40305.0,76,40305.0
893,331520.0,432.61,735437.0,403917.0,76,444222.0
894,338420.0,614.36,1044412.0,705992.0,76,1150214.0
895,357340.0,744.36,1265412.0,908072.0,76,2058286.0
896,414160.0,802.76,1364692.0,950532.0,76,3008818.0
897,451060.0,786.26,1336642.0,885582.0,76,3894400.0
898,453760.0,696.11,1183387.0,729627.0,76,4624027.0
899,508960.0,541.66,920821.9999999998,411861.99999999977,76,5035889.0
900,456460.0,340.01,578017.0,121557.0,76,5157446.0
901,443260.0,125.55,213435.0,-229825.0,77,4927621.0
902,1155260.0,0.0,0.0,-1155260.0,77,3772361.0
903,579280.0,0.0,0.0,-579280.0,77,3193081.0
904,462400.0,0.0,0.0,-462400.0,77,2730681.0
905,470380.0,0.0,0.0,-470380.0,77,2260301.0
906,479600.0,0.0,0.0,-479600.0,77,1780701.0
907,479600.0,0.0,0.0,-479600.0,77,1301101.0
908,421080.0,0.0,0.0,-421080.0,77,880021.0
909,421380.0,0.0,0.0,-421380.0,77,458641.0
910,402380.0,0.0,0.0,-402380.0,77,56261.0
911,402380.0,0.0,0.0,-402380.0,77,0.0
912,402380.0,0.0,0.0,-402380.0,77,0.0
913,404660.0,0.0,0.0,-404660.0,77,0.0
914,360260.0,0.0,0.0,-360260.0,77,0.0
915,344120.0,34.18,58106.0,-286014.0,77,0.0
916,332420.0,228.9,389130.0,56710.0,78,56710.0
917,331520.0,447.91,761447.0000000001,429927.0000000001,78,486637.0000000001
918,338420.0,633.36,1076712.0,738292.0,78,1224929.0
919,357340.0,761.51,1294567.0,937227.0,78,2162156.0
920,414160.0,819.76,1393592.0,979432.0,78,3141588.0
921,451060.0,802.76,1364692.0,913632.0,78,4055220.0
922,453760.0,711.81,1210077.0,756317.0,78,4811537.0
923,508960.0,555.31,944027.0,435067.0,78,5246604.0
924,456460.0,350.41,595697.0,139237.0,78,5385841.0
925,443260.0,131.15,222955.00000000003,-220304.99999999997,79,5165536.0
926,1155260.0,0.0,0.0,-1155260.0,79,4010276.0
927,579280.0,0.0,0.0,-579280.0,79,3430996.0
928,462400.0,0.0,0.0,-462400.0,79,2968596.0
929,470380.0,0.0,0.0,-470380.0,79,2498216.0
930,479600.0,0.0,0.0,-479600.0,79,2018616.0
931,479600.0,0.0,0.0,-479600.0,79,1539016.0
932,421080.0,0.0,0.0,-421080.0,79,1117936.0
933,421380.0,0.0,0.0,-421380.0,79,696556.0
934,402380.0,0.0,0.0,-402380.0,79,294176.0
935,402380.0,0.0,0.0,-402380.0,79,0.0
936,402380.0,0.0,0.0,-402380.0,79,0.0
937,290500.0,0.0,0.0,-290500.0,79,0.0
938,290500.0,0.0,0.0,-290500.0,79,0.0
939,311500.0,35.39,60163.0,-251337.0,79,0.0
940,311500.0,232.6,395420.0,83920.0,80,83920.0
941,310600.0,453.06,770202.0,459602.0,80,543522.0
942,336640.0,639.81,1087677.0,751037.0,80,1294559.0
943,395300.0,769.76,1308592.0,913292.0,80,2207851.0
944,396400.0,827.71,1407107.0,1010707.0,80,3218558.0
945,385780.0,809.41,1375997.0,990217.0,80,4208775.0
946,385780.0,716.96,1218832.0,833052.0,80,5041827.0
947,396400.0,559.46,951082.0000000001,554682.0000000001,80,5596509.0
948,392591.0,354.06,601902.0,209311.0,80,5805820.0
949,340000.0,133.8,227460.0,-112540.0,81,5693280.0
950,377000.0,0.0,0.0,-377000.0,81,5316280.0
951,390090.0,0.0,0.0,-390090.0,81,4926190.0
952,382011.0,0.0,0.0,-382011.0,81,4544179.0
953,446860.0,0.0,0.0,-446860.0,81,4097319.0
954,469300.0,0.0,0.0,-469300.0,81,3628019.0
955,469600.0,0.0,0.0,-469600.0,81,3158419.0
956,404180.0,0.0,0.0,-404180.0,81,2754239.0
957,404180.0,0.0,0.0,-404180.0,81,2350059.0
958,376960.0,0.0,0.0,-376960.0,81,1973099.0
959,312940.0,0.0,0.0,-312940.0,81,1660159.0
960,283600.0,0.0,0.0,-283600.0,81,1376559.0
961,290500.0,0.0,0.0,-290500.0,81,1086059.0
962,290500.0,0.0,0.0,-290500.0,81,795559.0
963,311500.0,35.88,60996.0,-250504.0,81,545055.0
964,311500.0,230.7,392190.0,80690.0,82,625745.0
965,310600.0,448.26,762042.0,451442.0,82,1077187.0
966,336640.0,632.51,1075267.0,738627.0,82,1815814.0
967,395300.0,760.41,1292696.9999999998,897396.9999999998,82,2713211.0
968,396400.0,818.01,1390617.0,994217.0,82,3707428.0
969,385780.0,800.51,1360867.0,975087.0,82,4682515.0
970,385780.0,709.61,1206337.0,820557.0,82,5503072.0
971,396400.0,553.76,941392.0,544992.0,82,6048064.0
972,392591.0,350.16,595272.0,202681.0,82,6250745.0
973,340000.0,132.65,225505.00000000003,-114494.99999999997,83,6136250.0
974,377000.0,0.0,0.0,-377000.0,83,5759250.0
975,390090.0,0.0,0.0,-390090.0,83,5369160.0
976,382011.0,0.0,0.0,-382011.0,83,4987149.0
977,446860.0,0.0,0.0,-446860.0,83,4540289.0
978,469300.0,0.0,0.0,-469300.0,83,4070989.0
979,469600.0,0.0,0.0,-469600.0,83,3601389.0
980,404180.0,0.0,0.0,-404180.0,83,3197209.0
981,404180.0,0.0,0.0,-404180.0,83,2793029.0
982,376960.0,0.0,0.0,-376960.0,83,2416069.0
983,312940.0,0.0,0.0,-312940.0,83,2103129.0
984,283600.0,0.0,0.0,-283600.0,83,1819529.0
985,290500.0,0.0,0.0,-290500.0,83,1529029.0
986,290500.0,0.0,0.0,-290500.0,83,1238529.0
987,311500.0,36.41,61897.0,-249603.0,83,988926.0
988,311500.0,229.65,390405.0,78905.0,84,1067831.0
989,310600.0,445.36,757112.0000000001,446512.0000000001,84,1514343.0
990,336640.0,628.41,1068296.9999999998,731656.9999999998,84,2246000.0
991,395300.0,751.41,1277397.0,882097.0,84,3128097.0
992,396400.0,808.96,1375232.0,978832.0,84,4106929.0
993,385780.0,792.31,1346927.0,961147.0,84,5068076.0
994,385780.0,702.61,1194437.0000000002,808657.0000000002,84,5876733.0
995,396400.0,548.61,932637.0,536237.0,84,6412970.0
996,392591.0,347.26,590342.0,197751.0,84,6610721.0
997,340000.0,132.35,224995.0,-115005.0,85,6495716.0
998,377000.0,0.0,0.0,-377000.0,85,6118716.0
999,390090.0,0.0,0.0,-390090.0,85,5728626.0
1000,382011.0,0.0,0.0,-382011.0,85,5346615.0
1001,446860.0,0.0,0.0,-446860.0,85,4899755.0
1002,469300.0,0.0,0.0,-469300.0,85,4430455.0
1003,469600.0,0.0,0.0,-469600.0,85,3960855.0
1004,404180.0,0.0,0.0,-404180.0,85,3556675.0
1005,404180.0,0.0,0.0,-404180.0,85,3152495.0
1006,376960.0,0.0,0.0,-376960.0,85,2775535.0
1007,312940.0,0.0,0.0,-312940.0,85,2462595.0
1008,283600.0,0.0,0.0,-283600.0,85,2178995.0
1009,290500.0,0.0,0.0,-290500.0,85,1888495.0
1010,290500.0,0.0,0.0,-290500.0,85,1597995.0
1011,311500.0,37.64,63988.0,-247512.0,85,1350483.0
1012,311500.0,232.65,395505.0,84005.0,86,1434488.0
1013,310600.0,449.46,764081.9999999999,453481.9999999999,86,1887970.0
1014,336640.0,632.31,1074926.9999999998,738286.9999999998,86,2626257.0
1015,395300.0,754.61,1282837.0,887537.0,86,3513794.0
1016,396400.0,810.91,1378547.0,982147.0,86,4495941.0
1017,385780.0,793.21,1348457.0000000002,962677.0000000002,86,5458618.0
1018,385780.0,701.41,1192397.0,806617.0,86,6265235.0
1019,396400.0,547.01,929917.0,533517.0,86,6798752.0
1020,392591.0,344.26,585242.0,192651.0,86,6991403.0
1021,340000.0,132.2,224739.99999999994,-115260.00000000006,87,6876143.0
1022,377000.0,0.0,0.0,-377000.0,87,6499143.0
1023,390090.0,0.0,0.0,-390090.0,87,6109053.0
1024,382011.0,0.0,0.0,-382011.0,87,5727042.0
1025,446860.0,0.0,0.0,-446860.0,87,5280182.0
1026,469300.0,0.0,0.0,-469300.0,87,4810882.0
1027,469600.0,0.0,0.0,-469600.0,87,4341282.0
1028,404180.0,0.0,0.0,-404180.0,87,3937102.0
1029,404180.0,0.0,0.0,-404180.0,87,3532922.0
1030,376960.0,0.0,0.0,-376960.0,87,3155962.0
1031,312940.0,0.0,0.0,-312940.0,87,2843022.0
1032,283600.0,0.0,0.0,-283600.0,87,2559422.0
1033,290500.0,0.0,0.0,-290500.0,87,2268922.0
1034,290500.0,0.0,0.0,-290500.0,87,1978422.0
1035,311500.0,37.48,63716.0,-247784.0,87,1730638.0
1036,311500.0,225.45,383264.99999999994,71764.99999999994,88,1802403.0
1037,310600.0,430.96,732631.9999999999,422031.9999999999,88,2224435.0
1038,336640.0,612.71,1041607.0000000001,704967.0000000001,88,2929402.0
1039,395300.0,737.81,1254277.0,858977.0,88,3788379.0
1040,396400.0,794.56,1350751.9999999998,954351.9999999998,88,4742731.0
1041,385780.0,778.31,1323127.0,937347.0,88,5680078.0
1042,385780.0,687.21,1168257.0,782477.0,88,6462555.0
1043,396400.0,529.86,900762.0,504362.0,88,6966917.0
1044,392591.0,336.76,572492.0,179901.0,88,7146818.0
1045,340000.0,132.0,224400.0,-115600.0,89,7031218.0
1046,377000.0,0.0,0.0,-377000.0,89,6654218.0
1047,390090.0,0.0,0.0,-390090.0,89,6264128.0
1048,382011.0,0.0,0.0,-382011.0,89,5882117.0
1049,446860.0,0.0,0.0,-446860.0,89,5435257.0
1050,469300.0,0.0,0.0,-469300.0,89,4965957.0
1051,469600.0,0.0,0.0,-469600.0,89,4496357.0
1052,404180.0,0.0,0.0,-404180.0,89,4092177.0
1053,404180.0,0.0,0.0,-404180.0,89,3687997.0
1054,376960.0,0.0,0.0,-376960.0,89,3311037.0
1055,312940.0,0.0,0.0,-312940.0,89,2998097.0
1056,283600.0,0.0,0.0,-283600.0,89,2714497.0
1057,404660.0,0.0,0.0,-404660.0,89,2309837.0
1058,360260.0,0.0,0.0,-360260.0,89,1949577.0
1059,344120.0,39.91,67846.99999999999,-276273.0,89,1673304.0
1060,332420.0,235.7,400690.0,68270.0,90,1741574.0
1061,331520.0,452.01,768416.9999999999,436896.9999999999,90,2178471.0
1062,338420.0,634.51,1078667.0,740247.0,90,2918718.0
1063,357340.0,760.81,1293377.0,936037.0,90,3854755.0
1064,414160.0,818.11,1390787.0,976627.0,90,4831382.0
1065,451060.0,800.96,1361632.0,910572.0,90,5741954.0
1066,453760.0,702.81,1194776.9999999998,741016.9999999998,90,6482971.0
1067,508960.0,543.46,923882.0,414922.0,90,6897893.0
1068,456460.0,344.56,585752.0,129292.0,90,7027185.0
1069,443260.0,134.75,229075.0,-214185.0,91,6813000.0
1070,1155260.0,0.0,0.0,-1155260.0,91,5657740.0
1071,579280.0,0.0,0.0,-579280.0,91,5078460.0
1072,462400.0,0.0,0.0,-462400.0,91,4616060.0
1073,470380.0,0.0,0.0,-470380.0,91,4145680.0
1074,479600.0,0.0,0.0,-479600.0,91,3666080.0
1075,479600.0,0.0,0.0,-479600.0,91,3186480.0
1076,421080.0,0.0,0.0,-421080.0,91,2765400.0
1077,421380.0,0.0,0.0,-421380.0,91,2344020.0
1078,402380.0,0.0,0.0,-402380.0,91,1941640.0
1079,402380.0,0.0,0.0,-402380.0,91,1539260.0
1080,402380.0,0.0,0.0,-402380.0,91,1136880.0
1081,404660.0,0.0,0.0,-404660.0,91,732220.0
1082,360260.0,0.0,0.0,-360260.0,91,371960.0
1083,344120.0,42.0,71400.0,-272720.0,91,99240.0
1084,332420.0,244.15,415055.0,82635.0,92,181875.0
1085,331520.0,465.56,791452.0000000001,459932.0000000001,92,641807.0000000001
1086,338420.0,653.31,1110627.0,772207.0,92,1414014.0
1087,357340.0,779.71,1325507.0,968167.0,92,2382181.0
1088,414160.0,839.36,1426912.0,1012752.0,92,3394933.0
1089,451060.0,823.51,1399967.0,948907.0,92,4343840.0
1090,453760.0,733.61,1247137.0,793377.0,92,5137217.0
1091,508960.0,577.96,982532.0,473572.0,92,5610789.0
1092,456460.0,372.06,632502.0,176042.0,92,5786831.0
1093,443260.0,147.9,251430.0,-191830.0,93,5595001.0
1094,1155260.0,0.0,0.0,-1155260.0,93,4439741.0
1095,579280.0,0.0,0.0,-579280.0,93,3860461.0
1096,462400.0,0.0,0.0,-462400.0,93,3398061.0
1097,470380.0,0.0,0.0,-470380.0,93,2927681.0
1098,479600.0,0.0,0.0,-479600.0,93,2448081.0
1099,479600.0,0.0,0.0,-479600.0,93,1968481.0
1100,421080.0,0.0,0.0,-421080.0,93,1547401.0
1101,421380.0,0.0,0.0,-421380.0,93,1126021.0
1102,402380.0,0.0,0.0,-402380.0,93,723641.0
1103,402380.0,0.0,0.0,-402380.0,93,321261.0
1104,402380.0,0.0,0.0,-402380.0,93,0.0
1105,290500.0,0.0,0.0,-290500.0,93,0.0
1106,290500.0,0.0,0.0,-290500.0,93,0.0
1107,311500.0,44.09,74953.00000000001,-236547.0,93,0.0
1108,311500.0,249.65,424405.0,112905.0,94,112905.0
1109,310600.0,472.11,802587.0000000001,491987.0000000001,94,604892.0000000001
1110,336640.0,659.86,1121762.0,785122.0,94,1390014.0
1111,395300.0,788.96,1341232.0,945932.0,94,2335946.0
1112,396400.0,847.21,1440257.0,1043857.0,94,3379803.0
1113,385780.0,829.66,1410422.0,1024642.0,94,4404445.0
1114,385780.0,738.11,1254787.0,869007.0,94,5273452.0
1115,396400.0,580.51,986867.0,590467.0,94,5863919.0
1116,392591.0,373.36,634712.0,242121.0,94,6106040.0
1117,340000.0,149.25,253725.0,-86275.0,95,6019765.0
1118,377000.0,0.0,0.0,-377000.0,95,5642765.0
1119,390090.0,0.0,0.0,-390090.0,95,5252675.0
1120,382011.0,0.0,0.0,-382011.0,95,4870664.0
1121,446860.0,0.0,0.0,-446860.0,95,4423804.0
1122,469300.0,0.0,0.0,-469300.0,95,3954504.0
1123,469600.0,0.0,0.0,-469600.0,95,3484904.0
1124,404180.0,0.0,0.0,-404180.0,95,3080724.0
1125,404180.0,0.0,0.0,-404180.0,95,2676544.0
1126,376960.0,0.0,0.0,-376960.0,95,2299584.0
1127,312940.0,0.0,0.0,-312940.0,95,1986644.0
1128,283600.0,0.0,0.0,-283600.0,95,1703044.0
1129,290500.0,0.0,0.0,-290500.0,95,1412544.0
1130,290500.0,0.0,0.0,-290500.0,95,1122044.0
1131,311500.0,45.54,77418.0,-234082.0,95,887962.0
1132,311500.0,252.8,429760.00000000006,118260.00000000006,96,1006222.0
1133,310600.0,475.16,807772.0,497172.0,96,1503394.0
1134,336640.0,662.36,1126012.0000000002,789372.0000000002,96,2292766.0
1135,395300.0,793.61,1349137.0,953837.0,96,3246603.0
1136,396400.0,851.96,1448332.0,1051932.0,96,4298535.0
1137,385780.0,834.01,1417817.0,1032037.0,96,5330572.0
1138,385780.0,741.26,1260142.0,874362.0,96,6204934.0
1139,396400.0,582.61,990437.0,594037.0,96,6798971.0
1140,392591.0,375.06,637602.0,245011.0,96,7043982.0
1141,340000.0,150.9,256530.0,-83470.0,97,6960512.0
1142,377000.0,0.0,0.0,-377000.0,97,6583512.0
1143,390090.0,0.0,0.0,-390090.0,97,6193422.0
1144,382011.0,0.0,0.0,-382011.0,97,5811411.0
1145,446860.0,0.0,0.0,-446860.0,97,5364551.0
1146,469300.0,0.0,0.0,-469300.0,97,4895251.0
1147,469600.0,0.0,0.0,-469600.0,97,4425651.0
1148,404180.0,0.0,0.0,-404180.0,97,4021471.0
1149,404180.0,0.0,0.0,-404180.0,97,3617291.0
1150,376960.0,0.0,0.0,-376960.0,97,3240331.0
1151,312940.0,0.0,0.0,-312940.0,97,2927391.0
1152,283600.0,0.0,0.0,-283600.0,97,2643791.0
1153,290500.0,0.0,0.0,-290500.0,97,2353291.0
1154,290500.0,0.0,0.0,-290500.0,97,2062791.0
1155,311500.0,43.53,74001.0,-237499.0,97,1825292.0
1156,311500.0,236.2,401540.0,90040.0,98,1915332.0
1157,310600.0,453.86,771562.0000000001,460962.0000000001,98,2376294.0
1158,336640.0,653.46,1110882.0,774242.0,98,3150536.0
1159,395300.0,737.06,1253001.9999999998,857701.9999999998,98,4008238.0
1160,396400.0,758.91,1290147.0,893747.0,98,4901985.0
1161,385780.0,660.06,1122102.0,736322.0,98,5638307.0
1162,385780.0,647.46,1100682.0,714902.0,98,6353209.0
1163,396400.0,506.36,860812.0000000001,464412.0000000001,98,6817621.0
1164,392591.0,306.8,521560.0,128969.0,98,6946590.0
1165,340000.0,132.45,225164.99999999994,-114835.00000000006,99,6831755.0
1166,377000.0,0.0,0.0,-377000.0,99,6454755.0
1167,390090.0,0.0,0.0,-390090.0,99,6064665.0
1168,382011.0,0.0,0.0,-382011.0,99,5682654.0
1169,446860.0,0.0,0.0,-446860.0,99,5235794.0
1170,469300.0,0.0,0.0,-469300.0,99,4766494.0
1171,469600.0,0.0,0.0,-469600.0,99,4296894.0
1172,404180.0,0.0,0.0,-404180.0,99,3892714.0
1173,404180.0,0.0,0.0,-404180.0,99,3488534.0
1174,376960.0,0.0,0.0,-376960.0,99,3111574.0
1175,312940.0,0.0,0.0,-312940.0,99,2798634.0
1176,283600.0,0.0,0.0,-283600.0,99,2515034.0
1177,290500.0,0.0,0.0,-290500.0,99,2224534.0
1178,290500.0,0.0,0.0,-290500.0,99,1934034.0
1179,311500.0,42.81,72777.0,-238723.0,99,1695311.0
1180,311500.0,215.2,365840.0,54340.0,100,1749651.0
1181,310600.0,420.75,715275.0,404675.0,100,2154326.0
1182,336640.0,619.61,1053337.0,716697.0,100,2871023.0
1183,395300.0,734.56,1248752.0,853452.0,100,3724475.0
1184,396400.0,803.76,1366392.0,969992.0,100,4694467.0
1185,385780.0,826.21,1404557.0,1018777.0,100,5713244.0
1186,385780.0,743.11,1263287.0,877507.0,100,6590751.0
1187,396400.0,582.11,989587.0,593187.0,100,7183938.0
1188,392591.0,377.16,641172.0000000001,248581.00000000012,100,7432519.0
1189,340000.0,153.7,261289.99999999994,-78710.00000000006,101,7353809.0
1190,377000.0,0.0,0.0,-377000.0,101,6976809.0
1191,390090.0,0.0,0.0,-390090.0,101,6586719.0
1192,382011.0,0.0,0.0,-382011.0,101,6204708.0
1193,446860.0,0.0,0.0,-446860.0,101,5757848.0
1194,469300.0,0.0,0.0,-469300.0,101,5288548.0
1195,469600.0,0.0,0.0,-469600.0,101,4818948.0
1196,404180.0,0.0,0.0,-404180.0,101,4414768.0
1197,404180.0,0.0,0.0,-404180.0,101,4010588.0
1198,376960.0,0.0,0.0,-376960.0,101,3633628.0
1199,312940.0,0.0,0.0,-312940.0,101,3320688.0
1200,283600.0,0.0,0.0,-283600.0,101,3037088.0
1201,290500.0,0.0,0.0,-290500.0,101,2746588.0
1202,290500.0,0.0,0.0,-290500.0,101,2456088.0
1203,311500.0,50.8,86360.0,-225140.0,101,2230948.0
1204,311500.0,263.6,448120.0,136620.0,102,2367568.0
1205,310600.0,488.31,830127.0,519527.0,102,2887095.0
1206,336640.0,676.21,1149557.0000000002,812917.0000000002,102,3700012.0
1207,395300.0,804.56,1367752.0,972452.0,102,4672464.0
1208,396400.0,862.61,1466437.0,1070037.0,102,5742501.0
1209,385780.0,844.16,1435072.0,1049292.0,102,6791793.0
1210,385780.0,750.51,1275867.0,890087.0,102,7681880.0
1211,396400.0,590.71,1004207.0000000001,607807.0000000001,102,8289687.0
1212,392591.0,381.81,649077.0,256486.0,102,8546173.0
1213,340000.0,156.3,265710.00000000006,-74289.99999999994,103,8471883.0
1214,377000.0,0.0,0.0,-377000.0,103,8094883.0
1215,390090.0,0.0,0.0,-390090.0,103,7704793.0
1216,382011.0,0.0,0.0,-382011.0,103,7322782.0
1217,446860.0,0.0,0.0,-446860.0,103,6875922.0
1218,469300.0,0.0,0.0,-469300.0,103,6406622.0
1219,469600.0,0.0,0.0,-469600.0,103,5937022.0
1220,404180.0,0.0,0.0,-404180.0,103,5532842.0
1221,404180.0,0.0,0.0,-404180.0,103,5128662.0
1222,376960.0,0.0,0.0,-376960.0,103,4751702.0
1223,312940.0,0.0,0.0,-312940.0,103,4438762.0
1224,283600.0,0.0,0.0,-283600.0,103,4155162.0
1225,404660.0,0.0,0.0,-404660.0,103,3750502.0
1226,360260.0,0.0,0.0,-360260.0,103,3390242.0
1227,344120.0,50.49,85833.0,-258287.0,103,3131955.0
1228,332420.0,251.0,426700.0,94280.0,104,3226235.0
1229,331520.0,474.16,806072.0,474552.0,104,3700787.0
1230,338420.0,657.46,1117682.0,779262.0,104,4480049.0
1231,357340.0,793.26,1348542.0,991202.0,104,5471251.0
1232,414160.0,852.31,1448926.9999999998,1034766.9999999998,104,6506018.0
1233,451060.0,819.41,1392997.0,941937.0,104,7447955.0
1234,453760.0,732.46,1245182.0,791422.0,104,8239377.0
1235,508960.0,574.46,976582.0000000001,467622.0000000001,104,8706999.0
1236,456460.0,371.31,631227.0,174767.0,104,8881766.0
1237,443260.0,153.35,260695.0,-182565.0,105,8699201.0
1238,1155260.0,0.0,0.0,-1155260.0,105,7543941.0
1239,579280.0,0.0,0.0,-579280.0,105,6964661.0
1240,462400.0,0.0,0.0,-462400.0,105,6502261.0
1241,470380.0,0.0,0.0,-470380.0,105,6031881.0
1242,479600.0,0.0,0.0,-479600.0,105,5552281.0
1243,479600.0,0.0,0.0,-479600.0,105,5072681.0
1244,421080.0,0.0,0.0,-421080.0,105,4651601.0
1245,421380.0,0.0,0.0,-421380.0,105,4230221.0
1246,402380.0,0.0,0.0,-402380.0,105,3827841.0
1247,402380.0,0.0,0.0,-402380.0,105,3425461.0
1248,402380.0,0.0,0.0,-402380.0,105,3023081.0
1249,404660.0,0.0,0.0,-404660.0,105,2618421.0
1250,360260.0,0.0,0.0,-360260.0,105,2258161.0
1251,344120.0,51.78,88026.0,-256094.0,105,2002067.0
1252,332420.0,257.4,437579.99999999994,105159.99999999994,106,2107227.0
1253,331520.0,476.26,809642.0,478122.0,106,2585349.0
1254,338420.0,659.81,1121676.9999999998,783256.9999999998,106,3368606.0
1255,357340.0,785.61,1335537.0,978197.0,106,4346803.0
1256,414160.0,842.61,1432437.0,1018277.0,106,5365080.0
1257,451060.0,824.81,1402176.9999999998,951116.9999999998,106,6316197.0
1258,453760.0,733.66,1247222.0,793462.0,106,7109659.0
1259,508960.0,577.51,981767.0,472807.0,106,7582466.0
1260,456460.0,373.41,634797.0,178337.0,106,7760803.0
1261,443260.0,153.95,261714.99999999994,-181545.00000000006,107,7579258.0
1262,1155260.0,0.0,0.0,-1155260.0,107,6423998.0
1263,579280.0,0.0,0.0,-579280.0,107,5844718.0
1264,462400.0,0.0,0.0,-462400.0,107,5382318.0
1265,470380.0,0.0,0.0,-470380.0,107,4911938.0
1266,479600.0,0.0,0.0,-479600.0,107,4432338.0
1267,479600.0,0.0,0.0,-479600.0,107,3952738.0
1268,421080.0,0.0,0.0,-421080.0,107,3531658.0
1269,421380.0,0.0,0.0,-421380.0,107,3110278.0
1270,402380.0,0.0,0.0,-402380.0,107,2707898.0
1271,402380.0,0.0,0.0,-402380.0,107,2305518.0
1272,402380.0,0.0,0.0,-402380.0,107,1903138.0
1273,290500.0,0.0,0.0,-290500.0,107,1612638.0
1274,290500.0,0.0,0.0,-290500.0,107,1322138.0
1275,311500.0,52.38,89046.0,-222454.0,107,1099684.0
1276,311500.0,255.8,434860.00000000006,123360.00000000006,108,1223044.0
1277,310600.0,471.06,800802.0,490202.0,108,1713246.0
1278,336640.0,646.11,1098387.0,761747.0,108,2474993.0
1279,395300.0,779.21,1324657.0000000002,929357.0000000002,108,3404350.0
1280,396400.0,837.96,1424532.0,1028132.0,108,4432482.0
1281,385780.0,820.31,1394527.0,1008747.0,108,5441229.0
1282,385780.0,729.76,1240592.0,854812.0,108,6296041.0
1283,396400.0,575.16,977772.0,581372.0,108,6877413.0
1284,392591.0,373.01,634117.0,241526.0,108,7118939.0
1285,340000.0,155.15,263755.0,-76245.0,109,7042694.0
1286,377000.0,0.0,0.0,-377000.0,109,6665694.0
1287,390090.0,0.0,0.0,-390090.0,109,6275604.0
1288,382011.0,0.0,0.0,-382011.0,109,5893593.0
1289,446860.0,0.0,0.0,-446860.0,109,5446733.0
1290,469300.0,0.0,0.0,-469300.0,109,4977433.0
1291,469600.0,0.0,0.0,-469600.0,109,4507833.0
1292,404180.0,0.0,0.0,-404180.0,109,4103653.0
1293,404180.0,0.0,0.0,-404180.0,109,3699473.0
1294,376960.0,0.0,0.0,-376960.0,109,3322513.0
1295,312940.0,0.0,0.0,-312940.0,109,3009573.0
1296,283600.0,0.0,0.0,-283600.0,109,2725973.0
1297,290500.0,0.0,0.0,-290500.0,109,2435473.0
1298,290500.0,0.0,0.0,-290500.0,109,2144973.0
1299,311500.0,62.1,105570.0,-205930.0,109,1939043.0
1300,311500.0,264.0,448800.0,137300.0,110,2076343.0
1301,310600.0,482.51,820267.0,509667.0,110,2586010.0
1302,336640.0,666.71,1133407.0,796767.0,110,3382777.0
1303,395300.0,793.66,1349221.9999999998,953921.9999999998,110,4336699.0
1304,396400.0,850.81,1446377.0,1049977.0,110,5386676.0
1305,385780.0,832.86,1415862.0,1030082.0,110,6416758.0
1306,385780.0,741.61,1260737.0,874957.0,110,7291715.0
1307,396400.0,585.61,995537.0,599137.0,110,7890852.0
1308,392591.0,381.41,648397.0,255806.0,110,8146658.0
1309,340000.0,160.15,272255.00000000006,-67744.99999999994,111,8078913.0
1310,377000.0,0.0,0.0,-377000.0,111,7701913.0
1311,390090.0,0.0,0.0,-390090.0,111,7311823.0
1312,382011.0,0.0,0.0,-382011.0,111,6929812.0
1313,446860.0,0.0,0.0,-446860.0,111,6482952.0
1314,469300.0,0.0,0.0,-469300.0,111,6013652.0
1315,469600.0,0.0,0.0,-469600.0,111,5544052.0
1316,404180.0,0.0,0.0,-404180.0,111,5139872.0
1317,404180.0,0.0,0.0,-404180.0,111,4735692.0
1318,376960.0,0.0,0.0,-376960.0,111,4358732.0
1319,312940.0,0.0,0.0,-312940.0,111,4045792.0
1320,283600.0,0.0,0.0,-283600.0,111,3762192.0
1321,290500.0,0.0,0.0,-290500.0,111,3471692.0
1322,290500.0,0.0,0.0,-290500.0,111,3181192.0
1323,311500.0,63.45,107865.00000000001,-203635.0,111,2977557.0
1324,311500.0,264.1,448970.0,137470.0,112,3115027.0
1325,310600.0,478.16,812872.0000000001,502272.0000000001,112,3617299.0
1326,336640.0,646.96,1099832.0000000002,763192.0000000002,112,4380491.0
1327,395300.0,774.66,1316922.0,921622.0,112,5302113.0
1328,396400.0,841.41,1430397.0,1033997.0,112,6336110.0
1329,385780.0,825.31,1403027.0,1017247.0,112,7353357.0
1330,385780.0,732.71,1245607.0000000002,859827.0000000002,112,8213184.0
1331,396400.0,562.06,955501.9999999998,559101.9999999998,112,8772286.0
1332,392591.0,354.9,603330.0,210739.0,112,8983025.0
1333,340000.0,144.7,245990.0,-94010.0,113,8889015.0
1334,377000.0,0.0,0.0,-377000.0,113,8512015.0
1335,390090.0,0.0,0.0,-390090.0,113,8121925.0
1336,382011.0,0.0,0.0,-382011.0,113,7739914.0
1337,446860.0,0.0,0.0,-446860.0,113,7293054.0
1338,469300.0,0.0,0.0,-469300.0,113,6823754.0
1339,469600.0,0.0,0.0,-469600.0,113,6354154.0
1340,404180.0,0.0,0.0,-404180.0,113,5949974.0
1341,404180.0,0.0,0.0,-404180.0,113,5545794.0
1342,376960.0,0.0,0.0,-376960.0,113,5168834.0
1343,312940.0,0.0,0.0,-312940.0,113,4855894.0
1344,283600.0,0.0,0.0,-283600.0,113,4572294.0
1345,290500.0,0.0,0.0,-290500.0,113,4281794.0
1346,290500.0,0.0,0.0,-290500.0,113,3991294.0
1347,311500.0,55.65,94605.0,-216895.0,113,3774399.0
1348,311500.0,221.9,377230.0,65730.0,114,3840129.0
1349,310600.0,430.95,732615.0,422015.0,114,4262144.0
1350,336640.0,667.96,1135532.0,798892.0,114,5061036.0
1351,395300.0,794.96,1351432.0,956132.0,114,6017168.0
1352,396400.0,826.01,1404217.0,1007817.0,114,7024985.0
1353,385780.0,834.16,1418072.0,1032292.0,114,8057277.0
1354,385780.0,742.71,1262607.0,876827.0,114,8934104.0
1355,396400.0,588.11,999787.0,603387.0,114,9000000.0
1356,392591.0,385.6,655520.0,262929.0,114,9000000.0
1357,340000.0,162.15,275655.00000000006,-64344.99999999994,115,8935655.0
1358,377000.0,0.0,0.0,-377000.0,115,8558655.0
1359,390090.0,0.0,0.0,-390090.0,115,8168565.0
1360,382011.0,0.0,0.0,-382011.0,115,7786554.0
1361,446860.0,0.0,0.0,-446860.0,115,7339694.0
1362,469300.0,0.0,0.0,-469300.0,115,6870394.0
1363,469600.0,0.0,0.0,-469600.0,115,6400794.0
1364,404180.0,0.0,0.0,-404180.0,115,5996614.0
1365,404180.0,0.0,0.0,-404180.0,115,5592434.0
1366,376960.0,0.0,0.0,-376960.0,115,5215474.0
1367,312940.0,0.0,0.0,-312940.0,115,4902534.0
1368,283600.0,0.0,0.0,-283600.0,115,4618934.0
1369,290500.0,0.0,0.0,-290500.0,115,4328434.0
1370,290500.0,0.0,0.0,-290500.0,115,4037934.0
1371,311500.0,71.0,120700.0,-190800.0,115,3847134.0
1372,311500.0,277.4,471580.0,160080.0,116,4007214.0
1373,310600.0,491.86,836162.0,525562.0,116,4532776.0
1374,336640.0,680.16,1156272.0,819632.0,116,5352408.0
1375,395300.0,767.06,1304002.0,908702.0,116,6261110.0
1376,396400.0,815.21,1385857.0,989457.0,116,7250567.0
1377,385780.0,790.36,1343612.0000000002,957832.0000000002,116,8208399.0
1378,385780.0,688.11,1169787.0,784007.0,116,8992406.0
1379,396400.0,526.26,894642.0,498242.0,116,9000000.0
1380,392591.0,346.4,588880.0,196289.0,116,9000000.0
1381,340000.0,151.1,256869.99999999994,-83130.00000000006,117,8916870.0
1382,377000.0,9.7,16489.999999999996,-360510.0,117,8556360.0
1383,390090.0,0.0,0.0,-390090.0,117,8166270.0
1384,382011.0,0.0,0.0,-382011.0,117,7784259.0
1385,446860.0,0.0,0.0,-446860.0,117,7337399.0
1386,469300.0,0.0,0.0,-469300.0,117,6868099.0
1387,469600.0,0.0,0.0,-469600.0,117,6398499.0
1388,404180.0,0.0,0.0,-404180.0,117,5994319.0
1389,404180.0,0.0,0.0,-404180.0,117,5590139.0
1390,376960.0,0.0,0.0,-376960.0,117,5213179.0
1391,312940.0,0.0,0.0,-312940.0,117,4900239.0
1392,283600.0,0.0,0.0,-283600.0,117,4616639.0
1393,404660.0,0.0,0.0,-404660.0,117,4211979.0
1394,360260.0,0.0,0.0,-360260.0,117,3851719.0
1395,344120.0,60.3,102510.0,-241610.0,117,3610109.0
1396,332420.0,259.8,441660.00000000006,109240.00000000006,118,3719349.0
1397,331520.0,462.31,785927.0,454407.0,118,4173756.0
1398,338420.0,630.31,1071526.9999999998,733106.9999999998,118,4906863.0
1399,357340.0,769.91,1308847.0,951507.0,118,5858370.0
1400,414160.0,840.36,1428612.0,1014452.0,118,6872822.0
1401,451060.0,827.76,1407191.9999999998,956131.9999999998,118,7828954.0
1402,453760.0,742.31,1261926.9999999998,808166.9999999998,118,8637121.0
1403,508960.0,583.21,991457.0,482497.0,118,9000000.0
1404,456460.0,383.05,651185.0,194725.0,118,9000000.0
1405,443260.0,162.85,276845.0,-166415.0,119,8833585.0
1406,1155260.0,9.4,15980.0,-1139280.0,119,7694305.0
1407,579280.0,0.0,0.0,-579280.0,119,7115025.0
1408,462400.0,0.0,0.0,-462400.0,119,6652625.0
1409,470380.0,0.0,0.0,-470380.0,119,6182245.0
1410,479600.0,0.0,0.0,-479600.0,119,5702645.0
1411,479600.0,0.0,0.0,-479600.0,119,5223045.0
1412,421080.0,0.0,0.0,-421080.0,119,4801965.0
1413,421380.0,0.0,0.0,-421380.0,119,4380585.0
1414,402380.0,0.0,0.0,-402380.0,119,3978205.0
1415,402380.0,0.0,0.0,-402380.0,119,3575825.0
1416,402380.0,0.0,0.0,-402380.0,119,3173445.0
1417,404660.0,0.0,0.0,-404660.0,119,2768785.0
1418,360260.0,0.0,0.0,-360260.0,119,2408525.0
1419,344120.0,69.7,118490.0,-225630.0,119,2182895.0
1420,332420.0,264.7,449990.0,117570.0,120,2300465.0
1421,331520.0,468.46,796382.0,464862.0,120,2765327.0
1422,338420.0,671.81,1142076.9999999998,803656.9999999998,120,3568984.0
1423,357340.0,803.31,1365627.0,1008287.0,120,4577271.0
1424,414160.0,865.51,1471367.0,1057207.0,120,5634478.0
1425,451060.0,839.21,1426657.0,975597.0,120,6610075.0
1426,453760.0,744.11,1264987.0,811227.0,120,7421302.0
1427,508960.0,584.46,993582.0000000001,484622.0000000001,120,7905924.0
1428,456460.0,381.35,648295.0,191835.0,120,8097759.0
1429,443260.0,167.65,285005.0,-158255.0,121,7939504.0
1430,1155260.0,10.0,17000.0,-1138260.0,121,6801244.0
1431,579280.0,0.0,0.0,-579280.0,121,6221964.0
1432,462400.0,0.0,0.0,-462400.0,121,5759564.0
1433,470380.0,0.0,0.0,-470380.0,121,5289184.0
1434,479600.0,0.0,0.0,-479600.0,121,4809584.0
1435,479600.0,0.0,0.0,-479600.0,121,4329984.0
1436,421080.0,0.0,0.0,-421080.0,121,3908904.0
1437,421380.0,0.0,0.0,-421380.0,121,3487524.0
1438,402380.0,0.0,0.0,-402380.0,121,3085144.0
1439,402380.0,0.0,0.0,-402380.0,121,2682764.0
1440,402380.0,0.0,0.0,-402380.0,121,2280384.0
1441,298000.0,0.0,0.0,-298000.0,121,1982384.0
1442,298000.0,0.0,0.0,-298000.0,121,1684384.0
1443,319000.0,79.7,135490.0,-183510.0,121,1500874.0
1444,319000.0,291.05,494785.00000000006,175785.00000000006,122,1676659.0
1445,318100.0,512.71,871607.0,553507.0,122,2230166.0
1446,351640.0,697.91,1186446.9999999998,834806.9999999998,122,3064973.0
1447,410300.0,829.36,1409912.0,999612.0,122,4064585.0
1448,448400.0,885.01,1504517.0,1056117.0,122,5120702.0
1449,430280.0,864.06,1468901.9999999998,1038621.9999999998,122,6159324.0
1450,430280.0,769.16,1307572.0,877292.0,122,7036616.0
1451,440900.0,609.46,1036082.0,595182.0,122,7631798.0
1452,437091.0,401.4,682380.0,245289.0,122,7877087.0
1453,377000.0,175.55,298435.0,-78565.0,123,7798522.0
1454,377000.0,10.5,17850.0,-359150.0,123,7439372.0
1455,390090.0,0.0,0.0,-390090.0,123,7049282.0
1456,382011.0,0.0,0.0,-382011.0,123,6667271.0
1457,446860.0,0.0,0.0,-446860.0,123,6220411.0
1458,469300.0,0.0,0.0,-469300.0,123,5751111.0
1459,469600.0,0.0,0.0,-469600.0,123,5281511.0
1460,411680.0,0.0,0.0,-411680.0,123,4869831.0
1461,411680.0,0.0,0.0,-411680.0,123,4458151.0
1462,384460.0,0.0,0.0,-384460.0,123,4073691.0
1463,320440.0,0.0,0.0,-320440.0,123,3753251.0
1464,291100.0,0.0,0.0,-291100.0,123,3462151.0
1465,298000.0,0.0,0.0,-298000.0,123,3164151.0
1466,298000.0,0.0,0.0,-298000.0,123,2866151.0
1467,319000.0,83.3,141610.0,-177390.0,123,2688761.0
1468,319000.0,297.9,506430.0,187430.0,124,2876191.0
1469,318100.0,521.46,886482.0000000001,568382.0000000001,124,3444573.0
1470,351640.0,707.96,1203532.0,851892.0,124,4296465.0
1471,410300.0,831.91,1414246.9999999998,1003946.9999999998,124,5300412.0
1472,448400.0,887.51,1508767.0,1060367.0,124,6360779.0
1473,430280.0,867.31,1474426.9999999998,1044146.9999999998,124,7404926.0
1474,430280.0,773.06,1314202.0,883922.0,124,8288848.0
1475,440900.0,613.81,1043477.0,602577.0,124,8891425.0
1476,437091.0,406.3,690710.0,253619.0,124,9000000.0
1477,377000.0,179.15,304555.0,-72445.0,125,8927555.0
1478,377000.0,10.95,18615.0,-358385.0,125,8569170.0
1479,390090.0,0.0,0.0,-390090.0,125,8179080.0
1480,382011.0,0.0,0.0,-382011.0,125,7797069.0
1481,446860.0,0.0,0.0,-446860.0,125,7350209.0
1482,469300.0,0.0,0.0,-469300.0,125,6880909.0
1483,469600.0,0.0,0.0,-469600.0,125,6411309.0
1484,411680.0,0.0,0.0,-411680.0,125,5999629.0
1485,411680.0,0.0,0.0,-411680.0,125,5587949.0
1486,384460.0,0.0,0.0,-384460.0,125,5203489.0
1487,320440.0,0.0,0.0,-320440.0,125,4883049.0
1488,291100.0,0.0,0.0,-291100.0,125,4591949.0
1489,298000.0,0.0,0.0,-298000.0,125,4293949.0
1490,298000.0,0.0,0.0,-298000.0,125,3995949.0
1491,319000.0,74.85,127245.0,-191755.0,125,3804194.0
1492,319000.0,269.65,458405.0,139405.0,126,3943599.0
1493,318100.0,499.26,848742.0,530642.0,126,4474241.0
1494,351640.0,658.21,1118957.0000000002,767317.0000000002,126,5241558.0
1495,410300.0,803.11,1365287.0,954987.0,126,6196545.0
1496,448400.0,861.96,1465332.0000000002,1016932.0000000002,126,7213477.0
1497,430280.0,866.21,1472557.0,1042277.0,126,8255754.0
1498,430280.0,757.46,1287682.0,857402.0,126,9000000.0
1499,440900.0,613.56,1043052.0,602152.0,126,9000000.0
1500,437091.0,408.5,694450.0,257359.0,126,9000000.0
1501,377000.0,178.8,303960.0,-73040.0,127,8926960.0
1502,377000.0,11.4,19380.0,-357620.0,127,8569340.0
1503,390090.0,0.0,0.0,-390090.0,127,8179250.0
1504,382011.0,0.0,0.0,-382011.0,127,7797239.0
1505,446860.0,0.0,0.0,-446860.0,127,7350379.0
1506,469300.0,0.0,0.0,-469300.0,127,6881079.0
1507,469600.0,0.0,0.0,-469600.0,127,6411479.0
1508,411680.0,0.0,0.0,-411680.0,127,5999799.0
1509,411680.0,0.0,0.0,-411680.0,127,5588119.0
1510,384460.0,0.0,0.0,-384460.0,127,5203659.0
1511,320440.0,0.0,0.0,-320440.0,127,4883219.0
1512,291100.0,0.0,0.0,-291100.0,127,4592119.0
1513,298000.0,0.0,0.0,-298000.0,127,4294119.0
1514,298000.0,0.0,0.0,-298000.0,127,3996119.0
1515,319000.0,81.2,138040.00000000003,-180959.99999999997,127,3815159.0
1516,319000.0,274.65,466904.9999999999,147904.99999999988,128,3963064.0
1517,318100.0,482.95,821015.0,502915.0,128,4465979.0
1518,351640.0,603.56,1026052.0,674412.0,128,5140391.0
1519,410300.0,717.86,1220362.0,810062.0,128,5950453.0
1520,448400.0,853.81,1451477.0,1003077.0,128,6953530.0
1521,430280.0,791.66,1345821.9999999998,915541.9999999998,128,7869072.0
1522,430280.0,668.26,1136042.0,705762.0,128,8574834.0
1523,440900.0,593.41,1008797.0,567897.0,128,9000000.0
1524,437091.0,409.95,696915.0,259824.0,128,9000000.0
1525,377000.0,184.35,313395.0,-63605.0,129,8936395.0
1526,377000.0,11.8,20060.000000000004,-356940.0,129,8579455.0
1527,390090.0,0.0,0.0,-390090.0,129,8189365.0
1528,382011.0,0.0,0.0,-382011.0,129,7807354.0
1529,446860.0,0.0,0.0,-446860.0,129,7360494.0
1530,469300.0,0.0,0.0,-469300.0,129,6891194.0
1531,469600.0,0.0,0.0,-469600.0,129,6421594.0
1532,411680.0,0.0,0.0,-411680.0,129,6009914.0
1533,411680.0,0.0,0.0,-411680.0,129,5598234.0
1534,384460.0,0.0,0.0,-384460.0,129,5213774.0
1535,320440.0,0.0,0.0,-320440.0,129,4893334.0
1536,291100.0,0.0,0.0,-291100.0,129,4602234.0
1537,298000.0,0.0,0.0,-298000.0,129,4304234.0
1538,298000.0,0.0,0.0,-298000.0,129,4006234.0
1539,319000.0,96.85,164644.99999999997,-154355.00000000003,129,3851879.0
1540,319000.0,322.3,547910.0000000001,228910.00000000012,130,4080789.0
1541,318100.0,551.11,936887.0,618787.0,130,4699576.0
1542,351640.0,739.91,1257847.0,906207.0,130,5605783.0
1543,410300.0,866.61,1473237.0,1062937.0,130,6668720.0
1544,448400.0,922.16,1567672.0,1119272.0,130,7787992.0
1545,430280.0,900.51,1530867.0,1100587.0,130,8888579.0
1546,430280.0,803.11,1365287.0,935007.0,130,9000000.0
1547,440900.0,638.96,1086232.0000000002,645332.0000000002,130,9000000.0
1548,437091.0,424.4,721480.0,284389.0,130,9000000.0
1549,377000.0,189.75,322575.0,-54425.0,131,8945575.0
1550,377000.0,12.1,20570.0,-356430.0,131,8589145.0
1551,390090.0,0.0,0.0,-390090.0,131,8199055.0
1552,382011.0,0.0,0.0,-382011.0,131,7817044.0
1553,446860.0,0.0,0.0,-446860.0,131,7370184.0
1554,469300.0,0.0,0.0,-469300.0,131,6900884.0
1555,469600.0,0.0,0.0,-469600.0,131,6431284.0
1556,411680.0,0.0,0.0,-411680.0,131,6019604.0
1557,411680.0,0.0,0.0,-411680.0,131,5607924.0
1558,384460.0,0.0,0.0,-384460.0,131,5223464.0
1559,320440.0,0.0,0.0,-320440.0,131,4903024.0
1560,291100.0,0.0,0.0,-291100.0,131,4611924.0
1561,404660.0,0.0,0.0,-404660.0,131,4207264.0
1562,360260.0,0.0,0.0,-360260.0,131,3847004.0
1563,344120.0,96.5,164050.0,-180070.0,131,3666934.0
1564,332420.0,317.45,539665.0,207245.0,132,3874179.0
1565,331520.0,543.21,923457.0000000001,591937.0000000001,132,4466116.0
1566,338420.0,730.21,1241357.0,902937.0,132,5369053.0
1567,357340.0,858.21,1458957.0,1101617.0,132,6470670.0
1568,414160.0,914.16,1554072.0,1139912.0,132,7610582.0
1569,451060.0,893.36,1518712.0,1067652.0,132,8678234.0
1570,453760.0,798.11,1356787.0,903027.0,132,9000000.0
1571,508960.0,636.71,1082407.0,573447.0,132,9000000.0
1572,456460.0,425.0,722500.0,266040.0,132,9000000.0
1573,443260.0,191.8,326060.0,-117200.0,133,8882800.0
1574,1155260.0,12.55,21335.0,-1133925.0,133,7748875.0
1575,579280.0,0.0,0.0,-579280.0,133,7169595.0
1576,462400.0,0.0,0.0,-462400.0,133,6707195.0
1577,470380.0,0.0,0.0,-470380.0,133,6236815.0
1578,479600.0,0.0,0.0,-479600.0,133,5757215.0
1579,479600.0,0.0,0.0,-479600.0,133,5277615.0
1580,421080.0,0.0,0.0,-421080.0,133,4856535.0
1581,421380.0,0.0,0.0,-421380.0,133,4435155.0
1582,402380.0,0.0,0.0,-402380.0,133,4032775.0
1583,402380.0,0.0,0.0,-402380.0,133,3630395.0
1584,402380.0,0.0,0.0,-402380.0,133,3228015.0
1585,404660.0,0.0,0.0,-404660.0,133,2823355.0
1586,360260.0,0.0,0.0,-360260.0,133,2463095.0
1587,344120.0,102.15,173655.0,-170465.0,133,2292630.0
1588,332420.0,328.6,558620.0,226200.0,134,2518830.0
1589,331520.0,556.96,946832.0,615312.0,134,3134142.0
1590,338420.0,744.56,1265752.0,927332.0,134,4061474.0
1591,357340.0,870.56,1479952.0,1122612.0,134,5184086.0
1592,414160.0,924.51,1571667.0,1157507.0,134,6341593.0
1593,451060.0,901.11,1531887.0,1080827.0,134,7422420.0
1594,453760.0,802.61,1364437.0,910677.0,134,8333097.0
1595,508960.0,638.31,1085126.9999999998,576166.9999999998,134,8909264.0
1596,456460.0,424.8,722160.0,265700.0,134,9000000.0
1597,443260.0,191.55,325635.0,-117625.0,135,8882375.0
1598,1155260.0,12.75,21675.0,-1133585.0,135,7748790.0
1599,579280.0,0.0,0.0,-579280.0,135,7169510.0
1600,462400.0,0.0,0.0,-462400.0,135,6707110.0
1601,470380.0,0.0,0.0,-470380.0,135,6236730.0
1602,479600.0,0.0,0.0,-479600.0,135,5757130.0
1603,479600.0,0.0,0.0,-479600.0,135,5277530.0
1604,421080.0,0.0,0.0,-421080.0,135,4856450.0
1605,421380.0,0.0,0.0,-421380.0,135,4435070.0
1606,402380.0,0.0,0.0,-402380.0,135,4032690.0
1607,402380.0,0.0,0.0,-402380.0,135,3630310.0
1608,402380.0,0.0,0.0,-402380.0,135,3227930.0
1609,298000.0,0.0,0.0,-298000.0,135,2929930.0
1610,298000.0,0.0,0.0,-298000.0,135,2631930.0
1611,319000.0,97.85,166344.99999999997,-152655.00000000003,135,2479275.0
1612,319000.0,314.8,535160.0,216160.0,136,2695435.0
1613,318100.0,541.26,920142.0,602042.0,136,3297477.0
1614,351640.0,722.61,1228437.0,876797.0,136,4174274.0
1615,410300.0,858.01,1458616.9999999998,1048316.9999999998,136,5222591.0
1616,448400.0,898.56,1527551.9999999998,1079151.9999999998,136,6301743.0
1617,430280.0,881.41,1498396.9999999998,1068116.9999999998,136,7369860.0
1618,430280.0,779.96,1325932.0,895652.0,136,8265512.0
1619,440900.0,604.01,1026816.9999999998,585916.9999999998,136,8851429.0
1620,437091.0,408.55,694535.0,257444.0,136,9000000.0
1621,377000.0,185.4,315180.0,-61820.0,137,8938180.0
1622,377000.0,13.4,22780.0,-354220.0,137,8583960.0
1623,390090.0,0.0,0.0,-390090.0,137,8193870.0
1624,382011.0,0.0,0.0,-382011.0,137,7811859.0
1625,446860.0,0.0,0.0,-446860.0,137,7364999.0
1626,469300.0,0.0,0.0,-469300.0,137,6895699.0
1627,469600.0,0.0,0.0,-469600.0,137,6426099.0
1628,411680.0,0.0,0.0,-411680.0,137,6014419.0
1629,411680.0,0.0,0.0,-411680.0,137,5602739.0
1630,384460.0,0.0,0.0,-384460.0,137,5218279.0
1631,320440.0,0.0,0.0,-320440.0,137,4897839.0
1632,291100.0,0.0,0.0,-291100.0,137,4606739.0
1633,298000.0,0.0,0.0,-298000.0,137,4308739.0
1634,298000.0,0.0,0.0,-298000.0,137,4010739.0
1635,319000.0,103.9,176630.0,-142370.0,137,3868369.0
1636,319000.0,324.2,551140.0,232140.0,138,4100509.0
1637,318100.0,538.36,915212.0000000001,597112.0000000001,138,4697621.0
1638,351640.0,726.81,1235577.0,883937.0,138,5581558.0
1639,410300.0,846.21,1438557.0,1028257.0,138,6609815.0
1640,448400.0,875.51,1488367.0,1039967.0,138,7649782.0
1641,430280.0,859.01,1460316.9999999998,1030036.9999999998,138,8679819.0
1642,430280.0,788.81,1340976.9999999998,910696.9999999998,138,9000000.0
1643,440900.0,614.46,1044582.0,603682.0,138,9000000.0
1644,437091.0,418.35,711195.0,274104.0,138,9000000.0
1645,377000.0,190.1,323170.0,-53830.0,139,8946170.0
1646,377000.0,13.1,22269.999999999996,-354730.0,139,8591440.0
1647,390090.0,0.0,0.0,-390090.0,139,8201350.0
1648,382011.0,0.0,0.0,-382011.0,139,7819339.0
1649,446860.0,0.0,0.0,-446860.0,139,7372479.0
1650,469300.0,0.0,0.0,-469300.0,139,6903179.0
1651,469600.0,0.0,0.0,-469600.0,139,6433579.0
1652,411680.0,0.0,0.0,-411680.0,139,6021899.0
1653,411680.0,0.0,0.0,-411680.0,139,5610219.0
1654,384460.0,0.0,0.0,-384460.0,139,5225759.0
1655,320440.0,0.0,0.0,-320440.0,139,4905319.0
1656,291100.0,0.0,0.0,-291100.0,139,4614219.0
1657,298000.0,0.0,0.0,-298000.0,139,4316219.0
1658,298000.0,0.0,0.0,-298000.0,139,4018219.0
1659,319000.0,113.25,192525.0,-126475.0,139,3891744.0
1660,319000.0,344.4,585480.0,266480.0,140,4158224.0
1661,318100.0,573.46,974882.0000000001,656782.0000000001,140,4815006.0
1662,351640.0,760.36,1292612.0,940972.0,140,5755978.0
1663,410300.0,884.31,1503326.9999999998,1093026.9999999998,140,6849005.0
1664,448400.0,937.01,1592917.0,1144517.0,140,7993522.0
1665,430280.0,913.51,1552967.0,1122687.0,140,9000000.0
1666,430280.0,815.76,1386792.0,956512.0,140,9000000.0
1667,440900.0,651.96,1108332.0,667432.0,140,9000000.0
1668,437091.0,437.95,744515.0,307424.0,140,9000000.0
1669,377000.0,201.55,342635.0,-34365.0,141,8965635.0
1670,377000.0,14.0,23800.0,-353200.0,141,8612435.0
1671,390090.0,0.0,0.0,-390090.0,141,8222345.0
1672,382011.0,0.0,0.0,-382011.0,141,7840334.0
1673,446860.0,0.0,0.0,-446860.0,141,7393474.0
1674,469300.0,0.0,0.0,-469300.0,141,6924174.0
1675,469600.0,0.0,0.0,-469600.0,141,6454574.0
1676,411680.0,0.0,0.0,-411680.0,141,6042894.0
1677,411680.0,0.0,0.0,-411680.0,141,5631214.0
1678,384460.0,0.0,0.0,-384460.0,141,5246754.0
1679,320440.0,0.0,0.0,-320440.0,141,4926314.0
1680,291100.0,0.0,0.0,-291100.0,141,4635214.0
1681,298000.0,0.0,0.0,-298000.0,141,4337214.0
1682,298000.0,0.0,0.0,-298000.0,141,4039214.0
1683,319000.0,117.25,199325.0,-119675.0,141,3919539.0
1684,319000.0,350.3,595510.0,276510.0,142,4196049.0
1685,318100.0,580.56,986952.0,668852.0,142,4864901.0
1686,351640.0,763.81,1298477.0,946837.0,142,5811738.0
1687,410300.0,893.41,1518796.9999999998,1108496.9999999998,142,6920235.0
1688,448400.0,943.51,1603967.0,1155567.0,142,8075802.0
1689,430280.0,923.01,1569117.0,1138837.0,142,9000000.0
1690,430280.0,825.81,1403876.9999999998,973596.9999999998,142,9000000.0
1691,440900.0,660.96,1123632.0,682732.0,142,9000000.0
1692,437091.0,443.85,754545.0,317454.0,142,9000000.0
1693,377000.0,203.55,346035.0,-30965.0,143,8969035.0
1694,377000.0,14.2,24139.999999999996,-352860.0,143,8616175.0
1695,390090.0,0.0,0.0,-390090.0,143,8226085.0
1696,382011.0,0.0,0.0,-382011.0,143,7844074.0
1697,446860.0,0.0,0.0,-446860.0,143,7397214.0
1698,469300.0,0.0,0.0,-469300.0,143,6927914.0
1699,469600.0,0.0,0.0,-469600.0,143,6458314.0
1700,411680.0,0.0,0.0,-411680.0,143,6046634.0
1701,411680.0,0.0,0.0,-411680.0,143,5634954.0
1702,384460.0,0.0,0.0,-384460.0,143,5250494.0
1703,320440.0,0.0,0.0,-320440.0,143,4930054.0
1704,291100.0,0.0,0.0,-291100.0,143,4638954.0
1705,298000.0,0.0,0.0,-298000.0,143,4340954.0
1706,298000.0,0.0,0.0,-298000.0,143,4042954.0
1707,319000.0,117.1,199070.0,-119930.0,143,3923024.0
1708,319000.0,346.5,589050.0,270050.0,144,4193074.0
1709,318100.0,575.26,977942.0,659842.0,144,4852916.0
1710,351640.0,763.71,1298307.0,946667.0,144,5799583.0
1711,410300.0,888.71,1510807.0,1100507.0,144,6900090.0
1712,448400.0,942.76,1602692.0,1154292.0,144,8054382.0
1713,430280.0,919.56,1563251.9999999998,1132971.9999999998,144,9000000.0
1714,430280.0,820.86,1395462.0,965182.0,144,9000000.0
1715,440900.0,655.06,1113602.0,672702.0,144,9000000.0
1716,437091.0,439.1,746470.0000000001,309379.0000000001,144,9000000.0
1717,377000.0,202.2,343740.0,-33260.0,145,8966740.0
1718,377000.0,14.35,24395.0,-352605.0,145,8614135.0
1719,390090.0,0.0,0.0,-390090.0,145,8224045.0
1720,382011.0,0.0,0.0,-382011.0,145,7842034.0
1721,446860.0,0.0,0.0,-446860.0,145,7395174.0
1722,469300.0,0.0,0.0,-469300.0,145,6925874.0
1723,469600.0,0.0,0.0,-469600.0,145,6456274.0
1724,411680.0,0.0,0.0,-411680.0,145,6044594.0
1725,411680.0,0.0,0.0,-411680.0,145,5632914.0
1726,384460.0,0.0,0.0,-384460.0,145,5248454.0
1727,320440.0,0.0,0.0,-320440.0,145,4928014.0
1728,291100.0,0.0,0.0,-291100.0,145,4636914.0
1729,404660.0,0.0,0.0,-404660.0,145,4232254.0
1730,360260.0,0.0,0.0,-360260.0,145,3871994.0
1731,344120.0,119.6,203320.0,-140800.0,145,3731194.0
1732,332420.0,348.55,592535.0,260115.0,146,3991309.0
1733,331520.0,576.66,980322.0,648802.0,146,4640111.0
1734,338420.0,764.06,1298902.0,960482.0,146,5600593.0
1735,357340.0,890.81,1514377.0,1157037.0,146,6757630.0
1736,414160.0,943.31,1603627.0,1189467.0,146,7947097.0
1737,451060.0,918.86,1562062.0,1111002.0,146,9000000.0
1738,453760.0,819.81,1393676.9999999998,939916.9999999998,146,9000000.0
1739,508960.0,654.41,1112496.9999999998,603536.9999999998,146,9000000.0
1740,456460.0,439.1,746470.0000000001,290010.0000000001,146,9000000.0
1741,443260.0,203.4,345780.0,-97480.0,147,8902520.0
1742,1155260.0,14.9,25330.0,-1129930.0,147,7772590.0
1743,579280.0,0.0,0.0,-579280.0,147,7193310.0
1744,462400.0,0.0,0.0,-462400.0,147,6730910.0
1745,470380.0,0.0,0.0,-470380.0,147,6260530.0
1746,479600.0,0.0,0.0,-479600.0,147,5780930.0
1747,479600.0,0.0,0.0,-479600.0,147,5301330.0
1748,421080.0,0.0,0.0,-421080.0,147,4880250.0
1749,421380.0,0.0,0.0,-421380.0,147,4458870.0
1750,402380.0,0.0,0.0,-402380.0,147,4056490.0
1751,402380.0,0.0,0.0,-402380.0,147,3654110.0
1752,402380.0,0.0,0.0,-402380.0,147,3251730.0
1753,404660.0,0.0,0.0,-404660.0,147,2847070.0
1754,360260.0,0.0,0.0,-360260.0,147,2486810.0
1755,344120.0,97.35,165494.99999999997,-178625.00000000003,147,2308185.0
1756,332420.0,258.0,438600.0,106180.0,148,2414365.0
1757,331520.0,467.9,795430.0,463910.0,148,2878275.0
1758,338420.0,650.0,1105000.0,766580.0,148,3644855.0
1759,357340.0,862.46,1466182.0,1108842.0,148,4753697.0
1760,414160.0,919.11,1562487.0,1148327.0,148,5902024.0
1761,451060.0,868.86,1477062.0,1026002.0,148,6928026.0
1762,453760.0,707.5,1202750.0,748990.0,148,7677016.0
1763,508960.0,562.75,956675.0,447715.0,148,8124731.0
1764,456460.0,362.3,615910.0,159450.0,148,8284181.0
1765,443260.0,171.15,290955.0,-152305.0,149,8131876.0
1766,1155260.0,16.15,27454.999999999996,-1127805.0,149,7004071.0
1767,579280.0,0.0,0.0,-579280.0,149,6424791.0
1768,462400.0,0.0,0.0,-462400.0,149,5962391.0
1769,470380.0,0.0,0.0,-470380.0,149,5492011.0
1770,479600.0,0.0,0.0,-479600.0,149,5012411.0
1771,479600.0,0.0,0.0,-479600.0,149,4532811.0
1772,421080.0,0.0,0.0,-421080.0,149,4111731.0
1773,421380.0,0.0,0.0,-421380.0,149,3690351.0
1774,402380.0,0.0,0.0,-402380.0,149,3287971.0
1775,402380.0,0.0,0.0,-402380.0,149,2885591.0
1776,402380.0,0.0,0.0,-402380.0,149,2483211.0
1777,298000.0,0.0,0.0,-298000.0,149,2185211.0
1778,298000.0,0.0,0.0,-298000.0,149,1887211.0
1779,319000.0,97.75,166175.0,-152825.0,149,1734386.0
1780,319000.0,278.9,474130.0,155130.0,150,1889516.0
1781,318100.0,508.05,863685.0,545585.0,150,2435101.0
1782,351640.0,597.65,1016005.0,664365.0,150,3099466.0
1783,410300.0,835.26,1419942.0,1009642.0,150,4109108.0
1784,448400.0,915.96,1557132.0,1108732.0,150,5217840.0
1785,430280.0,879.61,1495337.0,1065057.0,150,6282897.0
1786,430280.0,764.06,1298902.0,868622.0,150,7151519.0
1787,440900.0,629.56,1070251.9999999998,629351.9999999998,150,7780871.0
1788,437091.0,418.15,710854.9999999999,273763.9999999999,150,8054635.0
1789,377000.0,190.95,324614.99999999994,-52385.00000000006,151,8002250.0
1790,377000.0,14.9,25330.0,-351670.0,151,7650580.0
1791,390090.0,0.0,0.0,-390090.0,151,7260490.0
1792,382011.0,0.0,0.0,-382011.0,151,6878479.0
1793,446860.0,0.0,0.0,-446860.0,151,6431619.0
1794,469300.0,0.0,0.0,-469300.0,151,5962319.0
1795,469600.0,0.0,0.0,-469600.0,151,5492719.0
1796,411680.0,0.0,0.0,-411680.0,151,5081039.0
1797,411680.0,0.0,0.0,-411680.0,151,4669359.0
1798,384460.0,0.0,0.0,-384460.0,151,4284899.0
1799,320440.0,0.0,0.0,-320440.0,151,3964459.0
1800,291100.0,0.0,0.0,-291100.0,151,3673359.0
1801,298000.0,0.0,0.0,-298000.0,151,3375359.0
1802,298000.0,0.0,0.0,-298000.0,151,3077359.0
1803,319000.0,124.15,211055.00000000003,-107944.99999999997,151,2969414.0
1804,319000.0,340.25,578425.0,259425.0,152,3228839.0
1805,318100.0,572.2,972740.0,654640.0,152,3883479.0
1806,351640.0,741.76,1260992.0,909352.0,152,4792831.0
1807,410300.0,881.36,1498312.0,1088012.0,152,5880843.0
1808,448400.0,932.91,1585947.0,1137547.0,152,7018390.0
1809,430280.0,908.11,1543787.0,1113507.0,152,8131897.0
1810,430280.0,809.21,1375657.0,945377.0,152,9000000.0
1811,440900.0,645.26,1096942.0,656042.0,152,9000000.0
1812,437091.0,433.05,736185.0,299094.0,152,9000000.0
1813,377000.0,201.3,342210.0,-34790.0,153,8965210.0
1814,377000.0,15.15,25755.0,-351245.0,153,8613965.0
1815,390090.0,0.0,0.0,-390090.0,153,8223875.0
1816,382011.0,0.0,0.0,-382011.0,153,7841864.0
1817,446860.0,0.0,0.0,-446860.0,153,7395004.0
1818,469300.0,0.0,0.0,-469300.0,153,6925704.0
1819,469600.0,0.0,0.0,-469600.0,153,6456104.0
1820,411680.0,0.0,0.0,-411680.0,153,6044424.0
1821,411680.0,0.0,0.0,-411680.0,153,5632744.0
1822,384460.0,0.0,0.0,-384460.0,153,5248284.0
1823,320440.0,0.0,0.0,-320440.0,153,4927844.0
1824,291100.0,0.0,0.0,-291100.0,153,4636744.0
1825,298000.0,0.0,0.0,-298000.0,153,4338744.0
1826,298000.0,0.0,0.0,-298000.0,153,4040744.0
1827,319000.0,129.8,220660.0,-98340.0,153,3942404.0
1828,319000.0,356.95,606815.0,287815.0,154,4230219.0
1829,318100.0,580.75,987275.0,669175.0,154,4899394.0
1830,351640.0,763.66,1298222.0,946582.0,154,5845976.0
1831,410300.0,885.96,1506132.0000000002,1095832.0000000002,154,6941808.0
1832,448400.0,935.71,1590707.0,1142307.0,154,8084115.0
1833,430280.0,909.21,1545657.0000000002,1115377.0000000002,154,9000000.0
1834,430280.0,809.51,1376167.0,945887.0,154,9000000.0
1835,440900.0,645.41,1097196.9999999998,656296.9999999998,154,9000000.0
1836,437091.0,429.85,730745.0,293654.0,154,9000000.0
1837,377000.0,200.9,341530.0,-35470.0,155,8964530.0
1838,377000.0,15.5,26350.0,-350650.0,155,8613880.0
1839,390090.0,0.0,0.0,-390090.0,155,8223790.0
1840,382011.0,0.0,0.0,-382011.0,155,7841779.0
1841,446860.0,0.0,0.0,-446860.0,155,7394919.0
1842,469300.0,0.0,0.0,-469300.0,155,6925619.0
1843,469600.0,0.0,0.0,-469600.0,155,6456019.0
1844,411680.0,0.0,0.0,-411680.0,155,6044339.0
1845,411680.0,0.0,0.0,-411680.0,155,5632659.0
1846,384460.0,0.0,0.0,-384460.0,155,5248199.0
1847,320440.0,0.0,0.0,-320440.0,155,4927759.0
1848,291100.0,0.0,0.0,-291100.0,155,4636659.0
1849,298000.0,0.0,0.0,-298000.0,155,4338659.0
1850,298000.0,0.0,0.0,-298000.0,155,4040659.0
1851,319000.0,130.05,221085.0,-97915.0,155,3942744.0
1852,319000.0,356.8,606560.0,287560.0,156,4230304.0
1853,318100.0,589.35,1001895.0,683795.0,156,4914099.0
1854,351640.0,775.11,1317687.0,966047.0,156,5880146.0
1855,410300.0,903.06,1535202.0,1124902.0,156,7005048.0
1856,448400.0,953.21,1620457.0,1172057.0,156,8177105.0
1857,430280.0,926.76,1575492.0,1145212.0,156,9000000.0
1858,430280.0,823.31,1399627.0,969347.0,156,9000000.0
1859,440900.0,645.65,1097605.0,656705.0,156,9000000.0
1860,437091.0,426.25,724625.0,287534.0,156,9000000.0
1861,377000.0,190.75,324275.0,-52725.0,157,8947275.0
1862,377000.0,20.1,34170.0,-342830.0,157,8604445.0
1863,390090.0,0.0,0.0,-390090.0,157,8214355.0
1864,382011.0,0.0,0.0,-382011.0,157,7832344.0
1865,446860.0,0.0,0.0,-446860.0,157,7385484.0
1866,469300.0,0.0,0.0,-469300.0,157,6916184.0
1867,469600.0,0.0,0.0,-469600.0,157,6446584.0
1868,411680.0,0.0,0.0,-411680.0,157,6034904.0
1869,411680.0,0.0,0.0,-411680.0,157,5623224.0
1870,384460.0,0.0,0.0,-384460.0,157,5238764.0
1871,320440.0,0.0,0.0,-320440.0,157,4918324.0
1872,291100.0,0.0,0.0,-291100.0,157,4627224.0
1873,298000.0,0.0,0.0,-298000.0,157,4329224.0
1874,298000.0,0.0,0.0,-298000.0,157,4031224.0
1875,319000.0,133.2,226439.99999999994,-92560.00000000006,157,3938664.0
1876,319000.0,356.65,606304.9999999999,287304.9999999999,158,4225969.0
1877,318100.0,576.15,979454.9999999998,661354.9999999998,158,4887324.0
1878,351640.0,754.31,1282326.9999999998,930686.9999999998,158,5818011.0
1879,410300.0,873.81,1485477.0,1075177.0,158,6893188.0
1880,448400.0,923.01,1569117.0,1120717.0,158,8013905.0
1881,430280.0,896.41,1523896.9999999998,1093616.9999999998,158,9000000.0
1882,430280.0,796.91,1354747.0,924467.0,158,9000000.0
1883,440900.0,634.4,1078480.0,637580.0,158,9000000.0
1884,437091.0,425.6,723520.0000000001,286429.0000000001,158,9000000.0
1885,377000.0,193.2,328439.99999999994,-48560.00000000006,159,8951440.0
1886,377000.0,23.04,39167.99999999999,-337832.0,159,8613608.0
1887,390090.0,0.0,0.0,-390090.0,159,8223518.0
1888,382011.0,0.0,0.0,-382011.0,159,7841507.0
1889,446860.0,0.0,0.0,-446860.0,159,7394647.0
1890,469300.0,0.0,0.0,-469300.0,159,6925347.0
1891,469600.0,0.0,0.0,-469600.0,159,6455747.0
1892,411680.0,0.0,0.0,-411680.0,159,6044067.0
1893,411680.0,0.0,0.0,-411680.0,159,5632387.0
1894,384460.0,0.0,0.0,-384460.0,159,5247927.0
1895,320440.0,0.0,0.0,-320440.0,159,4927487.0
1896,291100.0,0.0,0.0,-291100.0,159,4636387.0
1897,413940.0,0.0,0.0,-413940.0,159,4222447.0
1898,413940.0,0.0,0.0,-413940.0,159,3808507.0
1899,336620.0,128.15,217855.00000000003,-118764.99999999997,159,3689742.0
1900,333020.0,343.6,584120.0,251100.0,160,3940842.0
1901,330020.0,544.75,926075.0,596055.0,160,4536897.0
1902,1081780.0,741.46,1260482.0,178702.0,160,4715599.0
1903,409140.0,860.76,1463292.0,1054152.0,160,5769751.0
1904,410340.0,908.31,1544127.0,1133787.0,160,6903538.0
1905,410340.0,884.36,1503412.0,1093072.0,160,7996610.0
1906,410340.0,782.91,1330947.0,920607.0,160,8917217.0
1907,473460.0,549.55,934235.0,460775.0,160,9000000.0
1908,420960.0,273.4,464780.0,43820.0,160,9000000.0
1909,420960.0,86.6,147220.0,-273740.0,161,8726260.0
1910,420960.0,16.47,27999.0,-392961.0,161,8333299.0
1911,434280.0,0.0,0.0,-434280.0,161,7899019.0
1912,436980.0,0.0,0.0,-436980.0,161,7462039.0
1913,437280.0,0.0,0.0,-437280.0,161,7024759.0
1914,1161100.0,0.0,0.0,-1161100.0,161,5863659.0
1915,449700.0,0.0,0.0,-449700.0,161,5413959.0
1916,439380.0,0.0,0.0,-439380.0,161,4974579.0
1917,439980.0,0.0,0.0,-439980.0,161,4534599.0
1918,439580.0,0.0,0.0,-439580.0,161,4095019.0
1919,428960.0,0.0,0.0,-428960.0,161,3666059.0
1920,428960.0,0.0,0.0,-428960.0,161,3237099.0
1921,413940.0,0.0,0.0,-413940.0,161,2823159.0
1922,413940.0,0.0,0.0,-413940.0,161,2409219.0
1923,336620.0,94.75,161075.0,-175545.0,161,2233674.0
1924,333020.0,243.95,414715.0,81695.0,162,2315369.0
1925,330020.0,540.1,918170.0,588150.0,162,2903519.0
1926,1081780.0,637.15,1083155.0,1375.0,162,2904894.0
1927,409140.0,773.26,1314542.0,905402.0,162,3810296.0
1928,410340.0,862.91,1466947.0,1056607.0,162,4866903.0
1929,410340.0,864.36,1469412.0,1059072.0,162,5925975.0
1930,410340.0,783.06,1331202.0,920862.0,162,6846837.0
1931,473460.0,581.25,988125.0,514665.0,162,7361502.0
1932,420960.0,341.8,581060.0,160100.0,162,7521602.0
1933,420960.0,125.7,213690.0,-207270.0,163,7314332.0
1934,420960.0,19.9,33829.99999999999,-387130.0,163,6927202.0
1935,434280.0,0.0,0.0,-434280.0,163,6492922.0
1936,436980.0,0.0,0.0,-436980.0,163,6055942.0
1937,437280.0,0.0,0.0,-437280.0,163,5618662.0
1938,1161100.0,0.0,0.0,-1161100.0,163,4457562.0
1939,449700.0,0.0,0.0,-449700.0,163,4007862.0
1940,439380.0,0.0,0.0,-439380.0,163,3568482.0
1941,439980.0,0.0,0.0,-439980.0,163,3128502.0
1942,439580.0,0.0,0.0,-439580.0,163,2688922.0
1943,428960.0,0.0,0.0,-428960.0,163,2259962.0
1944,428960.0,0.0,0.0,-428960.0,163,1831002.0
1945,413940.0,0.0,0.0,-413940.0,163,1417062.0
1946,413940.0,0.0,0.0,-413940.0,163,1003122.0
1947,336620.0,102.65,174505.0,-162115.0,163,841007.0
1948,333020.0,258.85,440045.00000000006,107025.00000000006,164,948032.0
1949,330020.0,465.2,790840.0,460820.0,164,1408852.0
1950,1081780.0,635.65,1080604.9999999998,-1175.0000000002328,165,1407676.9999999998
1951,409140.0,274.8,467160.0,58020.0,166,1465696.9999999998
1952,410340.0,439.45,747065.0,336725.0,166,1802421.9999999998
1953,410340.0,594.4,1010479.9999999998,600139.9999999998,166,2402561.9999999995
1954,410340.0,491.25,835125.0,424785.0,166,2827346.9999999995
1955,473460.0,379.9,645829.9999999999,172369.99999999988,166,2999716.9999999995
1956,420960.0,233.25,396525.0,-24435.0,167,2975281.9999999995
1957,420960.0,147.7,251090.0,-169870.0,167,2805411.9999999995
1958,420960.0,24.58,41785.99999999999,-379174.0,167,2426237.9999999995
1959,434280.0,0.0,0.0,-434280.0,167,1991957.9999999995
1960,436980.0,0.0,0.0,-436980.0,167,1554977.9999999995
1961,437280.0,0.0,0.0,-437280.0,167,1117697.9999999995
1962,1161100.0,0.0,0.0,-1161100.0,167,0.0
1963,449700.0,0.0,0.0,-449700.0,167,0.0
1964,439380.0,0.0,0.0,-439380.0,167,0.0
1965,439980.0,0.0,0.0,-439980.0,167,0.0
1966,439580.0,0.0,0.0,-439580.0,167,0.0
1967,428960.0,0.0,0.0,-428960.0,167,0.0
1968,428960.0,0.0,0.0,-428960.0,167,0.0
1969,298000.0,0.0,0.0,-298000.0,167,0.0
1970,298000.0,0.0,0.0,-298000.0,167,0.0
1971,319000.0,106.95,181815.0,-137185.0,167,0.0
1972,319000.0,264.95,450414.9999999999,131414.99999999988,168,131414.99999999988
1973,318100.0,448.95,763215.0,445115.0,168,576529.9999999999
1974,351640.0,627.1,1066070.0,714430.0,168,1290960.0
1975,410300.0,746.9,1269730.0,859430.0,168,2150390.0
1976,448400.0,862.61,1466437.0,1018037.0,168,3168427.0
1977,430280.0,855.46,1454282.0,1024002.0,168,4192429.0
1978,430280.0,782.26,1329842.0,899562.0,168,5091991.0
1979,440900.0,610.0,1037000.0,596100.0,168,5688091.0
1980,437091.0,407.6,692920.0,255829.0,168,5943920.0
1981,377000.0,192.75,327675.0,-49325.0,169,5894595.0
1982,377000.0,24.35,41395.0,-335605.0,169,5558990.0
1983,390090.0,0.0,0.0,-390090.0,169,5168900.0
1984,382011.0,0.0,0.0,-382011.0,169,4786889.0
1985,446860.0,0.0,0.0,-446860.0,169,4340029.0
1986,469300.0,0.0,0.0,-469300.0,169,3870729.0
1987,469600.0,0.0,0.0,-469600.0,169,3401129.0
1988,411680.0,0.0,0.0,-411680.0,169,2989449.0
1989,411680.0,0.0,0.0,-411680.0,169,2577769.0
1990,384460.0,0.0,0.0,-384460.0,169,2193309.0
1991,320440.0,0.0,0.0,-320440.0,169,1872869.0
1992,291100.0,0.0,0.0,-291100.0,169,1581769.0
1993,298000.0,0.0,0.0,-298000.0,169,1283769.0
1994,298000.0,0.0,0.0,-298000.0,169,985769.0
1995,319000.0,126.35,214794.99999999997,-104205.00000000003,169,881564.0
1996,319000.0,328.95,559214.9999999999,240214.99999999988,170,1121779.0
1997,318100.0,498.25,847025.0,528925.0,170,1650704.0
1998,351640.0,649.25,1103725.0,752085.0,170,2402789.0
1999,410300.0,763.6,1298120.0,887820.0,170,3290609.0
2000,448400.0,811.3,1379209.9999999998,930809.9999999998,170,4221419.0
2001,430280.0,712.6,1211420.0,781140.0,170,5002559.0
2002,430280.0,653.05,1110184.9999999998,679904.9999999998,170,5682464.0
2003,440900.0,492.95,838015.0,397115.0,170,6079579.0
2004,437091.0,297.6,505920.00000000006,68829.00000000006,170,6148408.0
2005,377000.0,142.1,241570.0,-135430.0,171,6012978.0
2006,377000.0,20.0,34000.0,-343000.0,171,5669978.0
2007,390090.0,0.0,0.0,-390090.0,171,5279888.0
2008,382011.0,0.0,0.0,-382011.0,171,4897877.0
2009,446860.0,0.0,0.0,-446860.0,171,4451017.0
2010,469300.0,0.0,0.0,-469300.0,171,3981717.0
2011,469600.0,0.0,0.0,-469600.0,171,3512117.0
2012,411680.0,0.0,0.0,-411680.0,171,3100437.0
2013,411680.0,0.0,0.0,-411680.0,171,2688757.0
2014,384460.0,0.0,0.0,-384460.0,171,2304297.0
2015,320440.0,0.0,0.0,-320440.0,171,1983857.0
2016,291100.0,0.0,0.0,-291100.0,171,1692757.0
2017,298000.0,0.0,0.0,-298000.0,171,1394757.0
2018,298000.0,0.0,0.0,-298000.0,171,1096757.0
2019,319000.0,35.7,60690.0,-258310.0,171,838447.0
2020,319000.0,120.65,205105.0,-113895.0,171,724552.0
2021,318100.0,183.85,312545.0,-5555.0,171,718997.0
2022,351640.0,169.85,288745.0,-62895.0,171,656102.0
2023,410300.0,250.7,426189.99999999994,15889.999999999942,172,671992.0
2024,448400.0,225.05,382585.0,-65815.0,173,606177.0
2025,430280.0,164.1,278970.0,-151310.0,173,454867.0
2026,430280.0,145.65,247605.0,-182675.0,173,272192.0
2027,440900.0,195.2,331839.99999999994,-109060.00000000006,173,163131.99999999994
2028,437091.0,104.15,177055.0,-260036.0,173,0.0
2029,377000.0,105.85,179945.0,-197055.0,173,0.0
2030,377000.0,20.94,35598.0,-341402.0,173,0.0
2031,390090.0,0.0,0.0,-390090.0,173,0.0
2032,382011.0,0.0,0.0,-382011.0,173,0.0
2033,446860.0,0.0,0.0,-446860.0,173,0.0
2034,469300.0,0.0,0.0,-469300.0,173,0.0
2035,469600.0,0.0,0.0,-469600.0,173,0.0
2036,411680.0,0.0,0.0,-411680.0,173,0.0
2037,411680.0,0.0,0.0,-411680.0,173,0.0
2038,384460.0,0.0,0.0,-384460.0,173,0.0
2039,320440.0,0.0,0.0,-320440.0,173,0.0
2040,291100.0,0.0,0.0,-291100.0,173,0.0
2041,298000.0,0.0,0.0,-298000.0,173,0.0
2042,298000.0,0.0,0.0,-298000.0,173,0.0
2043,319000.0,152.9,259930.0,-59070.0,173,0.0
2044,319000.0,355.1,603670.0,284670.0,174,284670.0
2045,318100.0,549.2,933640.0,615540.0,174,900210.0
2046,351640.0,775.55,1318435.0,966795.0,174,1867005.0
2047,410300.0,879.81,1495677.0,1085377.0,174,2952382.0
2048,448400.0,918.31,1561127.0,1112727.0,174,4065109.0
2049,430280.0,866.11,1472387.0,1042107.0,174,5107216.0
2050,430280.0,782.11,1329587.0,899307.0,174,6006523.0
2051,440900.0,653.15,1110355.0,669455.0,174,6675978.0
2052,437091.0,445.75,757775.0,320684.0,174,6996662.0
2053,377000.0,216.7,368389.99999999994,-8610.000000000058,175,6988052.0
2054,377000.0,28.69,48773.0,-328227.0,175,6659825.0
2055,390090.0,0.0,0.0,-390090.0,175,6269735.0
2056,382011.0,0.0,0.0,-382011.0,175,5887724.0
2057,446860.0,0.0,0.0,-446860.0,175,5440864.0
2058,469300.0,0.0,0.0,-469300.0,175,4971564.0
2059,469600.0,0.0,0.0,-469600.0,175,4501964.0
2060,411680.0,0.0,0.0,-411680.0,175,4090284.0
2061,411680.0,0.0,0.0,-411680.0,175,3678604.0
2062,384460.0,0.0,0.0,-384460.0,175,3294144.0
2063,320440.0,0.0,0.0,-320440.0,175,2973704.0
2064,291100.0,0.0,0.0,-291100.0,175,2682604.0
2065,404660.0,0.0,0.0,-404660.0,175,2277944.0
2066,360260.0,0.0,0.0,-360260.0,175,1917684.0
2067,344120.0,159.95,271914.99999999994,-72205.00000000006,175,1845479.0
2068,332420.0,388.25,660025.0,327605.0,176,2173084.0
2069,331520.0,606.6,1031220.0,699700.0,176,2872784.0
2070,338420.0,784.25,1333225.0,994805.0,176,3867589.0
2071,357340.0,901.06,1531802.0,1174462.0,176,5042051.0
2072,414160.0,947.06,1610001.9999999998,1195841.9999999998,176,6237893.0
2073,451060.0,847.91,1441446.9999999998,990386.9999999998,176,7228280.0
2074,453760.0,759.75,1291575.0,837815.0,176,8066095.0
2075,508960.0,582.15,989655.0,480695.0,176,8546790.0
2076,456460.0,410.45,697765.0,241305.0,176,8788095.0
2077,443260.0,204.8,348160.0,-95100.0,177,8692995.0
2078,1155260.0,28.26,48042.0,-1107218.0,177,7585777.0
2079,579280.0,0.0,0.0,-579280.0,177,7006497.0
2080,462400.0,0.0,0.0,-462400.0,177,6544097.0
2081,470380.0,0.0,0.0,-470380.0,177,6073717.0
2082,479600.0,0.0,0.0,-479600.0,177,5594117.0
2083,479600.0,0.0,0.0,-479600.0,177,5114517.0
2084,421080.0,0.0,0.0,-421080.0,177,4693437.0
2085,421380.0,0.0,0.0,-421380.0,177,4272057.0
2086,402380.0,0.0,0.0,-402380.0,177,3869677.0
2087,402380.0,0.0,0.0,-402380.0,177,3467297.0
2088,402380.0,0.0,0.0,-402380.0,177,3064917.0
2089,404660.0,0.0,0.0,-404660.0,177,2660257.0
2090,360260.0,0.0,0.0,-360260.0,177,2299997.0
2091,344120.0,164.45,279564.99999999994,-64555.00000000006,177,2235442.0
2092,332420.0,391.45,665464.9999999999,333044.9999999999,178,2568487.0
2093,331520.0,615.85,1046945.0,715425.0,178,3283912.0
2094,338420.0,794.45,1350565.0000000002,1012145.0000000002,178,4296057.0
2095,357340.0,911.11,1548887.0,1191547.0,178,5487604.0
2096,414160.0,957.61,1627937.0,1213777.0,178,6701381.0
2097,451060.0,928.66,1578721.9999999998,1127661.9999999998,178,7829043.0
2098,453760.0,826.66,1405322.0,951562.0,178,8780605.0
2099,508960.0,660.9,1123529.9999999998,614569.9999999998,178,9000000.0
2100,456460.0,448.0,761600.0,305140.0,178,9000000.0
2101,443260.0,216.2,367539.99999999994,-75720.00000000006,179,8924280.0
2102,1155260.0,29.54,50218.0,-1105042.0,179,7819238.0
2103,579280.0,0.0,0.0,-579280.0,179,7239958.0
2104,462400.0,0.0,0.0,-462400.0,179,6777558.0
2105,470380.0,0.0,0.0,-470380.0,179,6307178.0
2106,479600.0,0.0,0.0,-479600.0,179,5827578.0
2107,479600.0,0.0,0.0,-479600.0,179,5347978.0
2108,421080.0,0.0,0.0,-421080.0,179,4926898.0
2109,421380.0,0.0,0.0,-421380.0,179,4505518.0
2110,402380.0,0.0,0.0,-402380.0,179,4103138.0
2111,402380.0,0.0,0.0,-402380.0,179,3700758.0
2112,402380.0,0.0,0.0,-402380.0,179,3298378.0
2113,298000.0,0.0,0.0,-298000.0,179,3000378.0
2114,298000.0,0.0,0.0,-298000.0,179,2702378.0
2115,319000.0,168.55,286535.0,-32465.0,179,2669913.0
2116,319000.0,398.15,676855.0,357855.0,180,3027768.0
2117,318100.0,617.8,1050259.9999999998,732159.9999999998,180,3759928.0
2118,351640.0,794.95,1351415.0,999775.0,180,4759703.0
2119,410300.0,910.91,1548547.0,1138247.0,180,5897950.0
2120,448400.0,958.66,1629722.0,1181322.0,180,7079272.0
2121,430280.0,926.86,1575662.0,1145382.0,180,8224654.0
2122,430280.0,806.65,1371305.0,941025.0,180,9000000.0
2123,440900.0,594.45,1010565.0,569665.0,180,9000000.0
2124,437091.0,367.55,624835.0,187744.0,180,9000000.0
2125,377000.0,179.85,305744.99999999994,-71255.00000000006,181,8928745.0
2126,377000.0,28.97,49249.0,-327751.0,181,8600994.0
2127,390090.0,0.0,0.0,-390090.0,181,8210904.0
2128,382011.0,0.0,0.0,-382011.0,181,7828893.0
2129,446860.0,0.0,0.0,-446860.0,181,7382033.0
2130,469300.0,0.0,0.0,-469300.0,181,6912733.0
2131,469600.0,0.0,0.0,-469600.0,181,6443133.0
2132,411680.0,0.0,0.0,-411680.0,181,6031453.0
2133,411680.0,0.0,0.0,-411680.0,181,5619773.0
2134,384460.0,0.0,0.0,-384460.0,181,5235313.0
2135,320440.0,0.0,0.0,-320440.0,181,4914873.0
2136,291100.0,0.0,0.0,-291100.0,181,4623773.0
2137,298000.0,0.0,0.0,-298000.0,181,4325773.0
2138,298000.0,6.95,11815.0,-286185.0,181,4039588.0
2139,319000.0,108.75,184875.0,-134125.0,181,3905463.0
2140,319000.0,318.15,540855.0,221855.0,182,4127318.0
2141,318100.0,549.0,933300.0,615200.0,182,4742518.0
2142,351640.0,788.6,1340620.0,988980.0,182,5731498.0
2143,410300.0,910.61,1548037.0,1137737.0,182,6869235.0
2144,448400.0,955.91,1625046.9999999998,1176646.9999999998,182,8045882.0
2145,430280.0,925.46,1573282.0000000002,1143002.0000000002,182,9000000.0
2146,430280.0,822.2,1397740.0,967460.0,182,9000000.0
2147,440900.0,656.25,1115625.0,674725.0,182,9000000.0
2148,437091.0,443.75,754375.0,317284.0,182,9000000.0
2149,377000.0,215.25,365925.0,-11075.0,183,8988925.0
2150,377000.0,30.59,52003.0,-324997.0,183,8663928.0
2151,390090.0,0.0,0.0,-390090.0,183,8273838.0
2152,382011.0,0.0,0.0,-382011.0,183,7891827.0
2153,446860.0,0.0,0.0,-446860.0,183,7444967.0
2154,469300.0,0.0,0.0,-469300.0,183,6975667.0
2155,469600.0,0.0,0.0,-469600.0,183,6506067.0
2156,411680.0,0.0,0.0,-411680.0,183,6094387.0
2157,411680.0,0.0,0.0,-411680.0,183,5682707.0
2158,384460.0,0.0,0.0,-384460.0,183,5298247.0
2159,320440.0,0.0,0.0,-320440.0,183,4977807.0
2160,291100.0,0.0,0.0,-291100.0,183,4686707.0
2161,348020.0,0.0,0.0,-348020.0,183,4338687.0
2162,348020.0,11.5,19550.0,-328470.0,183,4010217.0
2163,348020.0,156.2,265539.99999999994,-82480.00000000006,183,3927737.0
2164,344600.0,356.85,606645.0,262045.0,184,4189782.0
2165,307000.0,599.15,1018555.0,711555.0,184,4901337.0
2166,324820.0,797.85,1356345.0000000002,1031525.0000000002,184,5932862.0
2167,365660.0,929.91,1580847.0,1215187.0,184,7148049.0
2168,369460.0,978.01,1662617.0,1293157.0,184,8441206.0
2169,422480.0,947.11,1610087.0,1187607.0,184,9000000.0
2170,422480.0,843.25,1433525.0,1011045.0,184,9000000.0
2171,433100.0,678.35,1153195.0,720095.0,184,9000000.0
2172,431635.0,462.6,786420.0,354785.0,184,9000000.0
2173,387200.0,226.25,384625.0,-2575.0,185,8997425.0
2174,387200.0,32.3,54909.99999999999,-332290.0,185,8665135.0
2175,373770.0,0.0,0.0,-373770.0,185,8291365.0
2176,981790.0,0.0,0.0,-981790.0,185,7309575.0
2177,440560.0,0.0,0.0,-440560.0,185,6869015.0
2178,449080.0,0.0,0.0,-449080.0,185,6419935.0
2179,468700.0,0.0,0.0,-468700.0,185,5951235.0
2180,458580.0,0.0,0.0,-458580.0,185,5492655.0
2181,438180.0,0.0,0.0,-438180.0,185,5054475.0
2182,431780.0,0.0,0.0,-431780.0,185,4622695.0
2183,360260.0,0.0,0.0,-360260.0,185,4262435.0
2184,360260.0,0.0,0.0,-360260.0,185,3902175.0
2185,348020.0,0.0,0.0,-348020.0,185,3554155.0
2186,348020.0,11.95,20314.999999999996,-327705.0,185,3226450.0
2187,348020.0,176.75,300475.0,-47545.0,185,3178905.0
2188,344600.0,405.3,689010.0,344410.0,186,3523315.0
2189,307000.0,623.3,1059610.0,752610.0,186,4275925.0
2190,324820.0,799.35,1358895.0,1034075.0,186,5310000.0
2191,365660.0,913.91,1553647.0,1187987.0,186,6497987.0
2192,369460.0,960.66,1633122.0,1263662.0,186,7761649.0
2193,422480.0,931.91,1584247.0,1161767.0,186,8923416.0
2194,422480.0,829.65,1410405.0,987925.0,186,9000000.0
2195,433100.0,662.5,1126250.0,693150.0,186,9000000.0
2196,431635.0,442.35,751995.0,320360.0,186,9000000.0
2197,387200.0,219.3,372810.00000000006,-14389.999999999942,187,8985610.0
2198,387200.0,31.97,54349.0,-332851.0,187,8652759.0
2199,373770.0,0.0,0.0,-373770.0,187,8278989.0
2200,981790.0,0.0,0.0,-981790.0,187,7297199.0
2201,440560.0,0.0,0.0,-440560.0,187,6856639.0
2202,449080.0,0.0,0.0,-449080.0,187,6407559.0
2203,468700.0,0.0,0.0,-468700.0,187,5938859.0
2204,458580.0,0.0,0.0,-458580.0,187,5480279.0
2205,438180.0,0.0,0.0,-438180.0,187,5042099.0
2206,431780.0,0.0,0.0,-431780.0,187,4610319.0
2207,360260.0,0.0,0.0,-360260.0,187,4250059.0
2208,360260.0,0.0,0.0,-360260.0,187,3889799.0
2209,348020.0,0.0,0.0,-348020.0,187,3541779.0
2210,348020.0,12.6,21420.0,-326600.0,187,3215179.0
2211,348020.0,183.45,311865.0,-36155.0,187,3179024.0
2212,344600.0,413.7,703290.0,358690.0,188,3537714.0
2213,307000.0,631.5,1073550.0,766550.0,188,4304264.0
2214,324820.0,806.7,1371390.0000000002,1046570.0000000002,188,5350834.0
2215,365660.0,920.61,1565037.0,1199377.0,188,6550211.0
2216,369460.0,963.81,1638477.0,1269017.0,188,7819228.0
2217,422480.0,934.01,1587817.0,1165337.0,188,8984565.0
2218,422480.0,832.05,1414485.0,992005.0,188,9000000.0
2219,433100.0,664.1,1128970.0,695870.0,188,9000000.0
2220,431635.0,453.0,770100.0,338465.0,188,9000000.0
2221,387200.0,224.0,380800.0,-6400.0,189,8993600.0
2222,387200.0,32.97,56049.0,-331151.0,189,8662449.0
2223,373770.0,0.0,0.0,-373770.0,189,8288679.0
2224,981790.0,0.0,0.0,-981790.0,189,7306889.0
2225,440560.0,0.0,0.0,-440560.0,189,6866329.0
2226,449080.0,0.0,0.0,-449080.0,189,6417249.0
2227,468700.0,0.0,0.0,-468700.0,189,5948549.0
2228,458580.0,0.0,0.0,-458580.0,189,5489969.0
2229,438180.0,0.0,0.0,-438180.0,189,5051789.0
2230,431780.0,0.0,0.0,-431780.0,189,4620009.0
2231,360260.0,0.0,0.0,-360260.0,189,4259749.0
2232,360260.0,0.0,0.0,-360260.0,189,3899489.0
2233,361060.0,0.0,0.0,-361060.0,189,3538429.0
2234,361060.0,13.25,22525.0,-338535.0,189,3199894.0
2235,288840.0,186.9,317730.0,28890.0,190,3228784.0
2236,298440.0,418.5,711450.0,413010.0,190,3641794.0
2237,297840.0,637.7,1084090.0,786250.0,190,4428044.0
2238,352760.0,814.0,1383800.0,1031040.0,190,5459084.0
2239,361360.0,930.26,1581442.0,1220082.0,190,6679166.0
2240,362560.0,974.91,1657347.0,1294787.0,190,7973953.0
2241,351940.0,944.86,1606262.0,1254322.0,190,9000000.0
2242,351940.0,842.25,1431825.0,1079885.0,190,9000000.0
2243,434060.0,675.8,1148860.0,714800.0,190,9000000.0
2244,381560.0,462.15,785654.9999999999,404094.9999999999,190,9000000.0
2245,381560.0,228.45,388365.0,6805.0,190,9000000.0
2246,381560.0,34.26,58242.0,-323318.0,191,8676682.0
2247,402980.0,0.0,0.0,-402980.0,191,8273702.0
2248,1104480.0,0.0,0.0,-1104480.0,191,7169222.0
2249,392780.0,0.0,0.0,-392780.0,191,6776442.0
2250,404600.0,0.0,0.0,-404600.0,191,6371842.0
2251,405200.0,0.0,0.0,-405200.0,191,5966642.0
2252,365380.0,0.0,0.0,-365380.0,191,5601262.0
2253,365980.0,0.0,0.0,-365980.0,191,5235282.0
2254,362080.0,0.0,0.0,-362080.0,191,4873202.0
2255,351460.0,0.0,0.0,-351460.0,191,4521742.0
2256,351460.0,0.0,0.0,-351460.0,191,4170282.0
2257,428760.0,0.0,0.0,-428760.0,191,3741522.0
2258,384360.0,13.85,23545.0,-360815.0,191,3380707.0
2259,384360.0,187.9,319430.0,-64930.0,191,3315777.0
2260,368820.0,417.5,709750.0,340930.0,192,3656707.0
2261,368220.0,635.05,1079585.0,711365.0,192,4368072.0
2262,386040.0,810.2,1377340.0,991300.0,192,5359372.0
2263,342340.0,924.16,1571072.0,1228732.0,192,6588104.0
2264,348840.0,966.96,1643832.0,1294992.0,192,7883096.0
2265,432940.0,935.11,1589687.0,1156747.0,192,9000000.0
2266,443560.0,822.35,1397995.0,954435.0,192,9000000.0
2267,485560.0,626.9,1065730.0,580170.0,192,9000000.0
2268,485560.0,427.1,726070.0000000001,240510.00000000012,192,9000000.0
2269,446080.0,218.3,371110.00000000006,-74969.99999999994,193,8925030.0
2270,1181760.0,31.74,53957.99999999999,-1127802.0,193,7797228.0
2271,592580.0,0.0,0.0,-592580.0,193,7204648.0
2272,483200.0,0.0,0.0,-483200.0,193,6721448.0
2273,483500.0,0.0,0.0,-483500.0,193,6237948.0
2274,484500.0,0.0,0.0,-484500.0,193,5753448.0
2275,485400.0,0.0,0.0,-485400.0,193,5268048.0
2276,478100.0,0.0,0.0,-478100.0,193,4789948.0
2277,478700.0,0.0,0.0,-478700.0,193,4311248.0
2278,451480.0,0.0,0.0,-451480.0,193,3859768.0
2279,451480.0,0.0,0.0,-451480.0,193,3408288.0
2280,451480.0,0.0,0.0,-451480.0,193,2956808.0
2281,348020.0,0.0,0.0,-348020.0,193,2608788.0
2282,348020.0,15.35,26094.999999999996,-321925.0,193,2286863.0
2283,348020.0,185.65,315605.0,-32415.0,193,2254448.0
2284,344600.0,423.45,719865.0,375265.0,194,2629713.0
2285,307000.0,652.9,1109929.9999999998,802929.9999999998,194,3432643.0
2286,324820.0,828.6,1408620.0,1083800.0,194,4516443.0
2287,365660.0,937.91,1594447.0,1228787.0,194,5745230.0
2288,369460.0,979.56,1665252.0,1295792.0,194,7041022.0
2289,422480.0,947.11,1610087.0,1187607.0,194,8228629.0
2290,422480.0,843.9,1434630.0,1012150.0,194,9000000.0
2291,433100.0,675.0,1147500.0,714400.0,194,9000000.0
2292,431635.0,454.6,772820.0,341185.0,194,9000000.0
2293,387200.0,228.5,388450.0,1250.0,194,9000000.0
2294,387200.0,34.35,58395.0,-328805.0,195,8671195.0
2295,373770.0,0.0,0.0,-373770.0,195,8297425.0
2296,981790.0,0.0,0.0,-981790.0,195,7315635.0
2297,440560.0,0.0,0.0,-440560.0,195,6875075.0
2298,449080.0,0.0,0.0,-449080.0,195,6425995.0
2299,468700.0,0.0,0.0,-468700.0,195,5957295.0
2300,458580.0,0.0,0.0,-458580.0,195,5498715.0
2301,438180.0,0.0,0.0,-438180.0,195,5060535.0
2302,431780.0,0.0,0.0,-431780.0,195,4628755.0
2303,360260.0,0.0,0.0,-360260.0,195,4268495.0
2304,360260.0,0.0,0.0,-360260.0,195,3908235.0
2305,348020.0,0.0,0.0,-348020.0,195,3560215.0
2306,348020.0,17.75,30175.0,-317845.0,195,3242370.0
2307,348020.0,170.7,290190.0,-57830.0,195,3184540.0
2308,344600.0,314.95,535415.0,190815.0,196,3375355.0
2309,307000.0,537.85,914345.0,607345.0,196,3982700.0
2310,324820.0,715.9,1217030.0,892210.0,196,4874910.0
2311,365660.0,886.55,1507135.0,1141475.0,196,6016385.0
2312,369460.0,959.71,1631507.0000000002,1262047.0000000002,196,7278432.0
2313,422480.0,946.36,1608812.0,1186332.0,196,8464764.0
2314,422480.0,842.8,1432760.0,1010280.0,196,9000000.0
2315,433100.0,663.0,1127100.0,694000.0,196,9000000.0
2316,431635.0,433.5,736950.0,305315.0,196,9000000.0
2317,387200.0,213.1,362269.99999999994,-24930.00000000006,197,8975070.0
2318,387200.0,34.17,58089.0,-329111.0,197,8645959.0
2319,373770.0,0.0,0.0,-373770.0,197,8272189.0
2320,981790.0,0.0,0.0,-981790.0,197,7290399.0
2321,440560.0,0.0,0.0,-440560.0,197,6849839.0
2322,449080.0,0.0,0.0,-449080.0,197,6400759.0
2323,468700.0,0.0,0.0,-468700.0,197,5932059.0
2324,458580.0,0.0,0.0,-458580.0,197,5473479.0
2325,438180.0,0.0,0.0,-438180.0,197,5035299.0
2326,431780.0,0.0,0.0,-431780.0,197,4603519.0
2327,360260.0,0.0,0.0,-360260.0,197,4243259.0
2328,360260.0,0.0,0.0,-360260.0,197,3882999.0
2329,348020.0,0.0,0.0,-348020.0,197,3534979.0
2330,348020.0,19.4,32979.99999999999,-315040.0,197,3219939.0
2331,348020.0,168.15,285855.0,-62165.0,197,3157774.0
2332,344600.0,358.8,609960.0,265360.0,198,3423134.0
2333,307000.0,592.6,1007420.0,700420.0,198,4123554.0
2334,324820.0,815.35,1386095.0,1061275.0,198,5184829.0
2335,365660.0,926.5,1575050.0,1209390.0,198,6394219.0
2336,369460.0,971.61,1651737.0,1282277.0,198,7676496.0
2337,422480.0,939.85,1597745.0000000002,1175265.0000000002,198,8851761.0
2338,422480.0,840.25,1428425.0,1005945.0,198,9000000.0
2339,433100.0,665.6,1131520.0,698420.0,198,9000000.0
2340,431635.0,466.1,792370.0,360735.0,198,9000000.0
2341,387200.0,223.6,380120.0,-7080.0,199,8992920.0
2342,387200.0,35.17,59789.0,-327411.0,199,8665509.0
2343,373770.0,0.0,0.0,-373770.0,199,8291739.0
2344,981790.0,0.0,0.0,-981790.0,199,7309949.0
2345,440560.0,0.0,0.0,-440560.0,199,6869389.0
2346,449080.0,0.0,0.0,-449080.0,199,6420309.0
2347,468700.0,0.0,0.0,-468700.0,199,5951609.0
2348,458580.0,0.0,0.0,-458580.0,199,5493029.0
2349,438180.0,0.0,0.0,-438180.0,199,5054849.0
2350,431780.0,0.0,0.0,-431780.0,199,4623069.0
2351,360260.0,0.0,0.0,-360260.0,199,4262809.0
2352,360260.0,0.0,0.0,-360260.0,199,3902549.0
2353,348020.0,0.0,0.0,-348020.0,199,3554529.0
2354,348020.0,16.7,28390.0,-319630.0,199,3234899.0
2355,348020.0,203.05,345185.0,-2835.0,199,3232064.0
2356,344600.0,435.25,739925.0,395325.0,200,3627389.0
2357,307000.0,652.5,1109250.0,802250.0,200,4429639.0
2358,324820.0,825.8,1403860.0,1079040.0,200,5508679.0
2359,365660.0,939.1,1596470.0,1230810.0,200,6739489.0
2360,369460.0,981.36,1668312.0,1298852.0,200,8038341.0
2361,422480.0,949.35,1613895.0,1191415.0,200,9000000.0
2362,422480.0,845.4,1437179.9999999998,1014699.9999999998,200,9000000.0
2363,433100.0,678.85,1154045.0000000002,720945.0000000002,200,9000000.0
2364,431635.0,466.05,792285.0,360650.0,200,9000000.0
2365,387200.0,233.7,397290.0,10090.0,200,9000000.0
2366,387200.0,37.32,63444.0,-323756.0,201,8676244.0
2367,373770.0,0.0,0.0,-373770.0,201,8302474.0
2368,981790.0,0.0,0.0,-981790.0,201,7320684.0
2369,440560.0,0.0,0.0,-440560.0,201,6880124.0
2370,449080.0,0.0,0.0,-449080.0,201,6431044.0
2371,468700.0,0.0,0.0,-468700.0,201,5962344.0
2372,458580.0,0.0,0.0,-458580.0,201,5503764.0
2373,438180.0,0.0,0.0,-438180.0,201,5065584.0
2374,431780.0,0.0,0.0,-431780.0,201,4633804.0
2375,360260.0,0.0,0.0,-360260.0,201,4273544.0
2376,360260.0,0.0,0.0,-360260.0,201,3913284.0
2377,348020.0,0.0,0.0,-348020.0,201,3565264.0
2378,348020.0,25.64,43588.0,-304432.0,201,3260832.0
2379,348020.0,206.25,350625.0,2605.0,202,3263437.0
2380,344600.0,437.8,744260.0,399660.0,202,3663097.0
2381,307000.0,654.8,1113159.9999999998,806159.9999999998,202,4469257.0
2382,324820.0,828.15,1407854.9999999998,1083034.9999999998,202,5552292.0
2383,365660.0,935.75,1590775.0,1225115.0,202,6777407.0
2384,369460.0,976.95,1660815.0000000002,1291355.0000000002,202,8068762.0
2385,422480.0,944.25,1605225.0,1182745.0,202,9000000.0
2386,422480.0,840.55,1428934.9999999998,1006454.9999999998,202,9000000.0
2387,433100.0,674.85,1147245.0000000002,714145.0000000002,202,9000000.0
2388,431635.0,464.2,789140.0,357505.0,202,9000000.0
2389,387200.0,232.15,394655.0,7455.0,202,9000000.0
2390,387200.0,37.15,63154.999999999985,-324045.0,203,8675955.0
2391,373770.0,0.0,0.0,-373770.0,203,8302185.0
2392,981790.0,0.0,0.0,-981790.0,203,7320395.0
2393,440560.0,0.0,0.0,-440560.0,203,6879835.0
2394,449080.0,0.0,0.0,-449080.0,203,6430755.0
2395,468700.0,0.0,0.0,-468700.0,203,5962055.0
2396,458580.0,0.0,0.0,-458580.0,203,5503475.0
2397,438180.0,0.0,0.0,-438180.0,203,5065295.0
2398,431780.0,0.0,0.0,-431780.0,203,4633515.0
2399,360260.0,0.0,0.0,-360260.0,203,4273255.0
2400,360260.0,0.0,0.0,-360260.0,203,3912995.0
2401,428760.0,0.0,0.0,-428760.0,203,3484235.0
2402,384360.0,27.21,46257.0,-338103.0,203,3146132.0
2403,384360.0,210.9,358530.0,-25830.0,203,3120302.0
2404,368820.0,444.55,755735.0,386915.0,204,3507217.0
2405,368220.0,661.7,1124890.0000000002,756670.0000000002,204,4263887.0
2406,386040.0,834.3,1418309.9999999998,1032269.9999999998,204,5296157.0
2407,342340.0,946.7,1609390.0000000002,1267050.0000000002,204,6563207.0
2408,348840.0,986.55,1677134.9999999998,1328294.9999999998,204,7891502.0
2409,432940.0,951.3,1617209.9999999998,1184269.9999999998,204,9000000.0
2410,443560.0,843.5,1433950.0,990390.0,204,9000000.0
2411,485560.0,675.8,1148860.0,663300.0,204,9000000.0
2412,485560.0,461.4,784380.0,298820.0,204,9000000.0
2413,446080.0,224.9,382330.00000000006,-63749.99999999994,205,8936250.0
2414,1181760.0,37.11,63087.0,-1118673.0,205,7817577.0
2415,592580.0,0.0,0.0,-592580.0,205,7224997.0
2416,483200.0,0.0,0.0,-483200.0,205,6741797.0
2417,483500.0,0.0,0.0,-483500.0,205,6258297.0
2418,484500.0,0.0,0.0,-484500.0,205,5773797.0
2419,485400.0,0.0,0.0,-485400.0,205,5288397.0
2420,478100.0,0.0,0.0,-478100.0,205,4810297.0
2421,478700.0,0.0,0.0,-478700.0,205,4331597.0
2422,451480.0,0.0,0.0,-451480.0,205,3880117.0
2423,451480.0,0.0,0.0,-451480.0,205,3428637.0
2424,451480.0,0.0,0.0,-451480.0,205,2977157.0
2425,428760.0,0.0,0.0,-428760.0,205,2548397.0
2426,384360.0,28.77,48909.0,-335451.0,205,2212946.0
2427,384360.0,209.35,355894.99999999994,-28465.00000000006,205,2184481.0
2428,368820.0,436.35,741795.0,372975.0,206,2557456.0
2429,368220.0,657.85,1118345.0,750125.0,206,3307581.0
2430,386040.0,833.4,1416780.0,1030740.0,206,4338321.0
2431,342340.0,950.15,1615254.9999999998,1272914.9999999998,206,5611236.0
2432,348840.0,990.7,1684190.0,1335350.0,206,6946586.0
2433,432940.0,956.5,1626050.0,1193110.0,206,8139696.0
2434,443560.0,850.7,1446190.0,1002630.0,206,9000000.0
2435,485560.0,682.4,1160080.0,674520.0,206,9000000.0
2436,485560.0,468.1,795770.0,310210.0,206,9000000.0
2437,446080.0,235.15,399755.0,-46325.0,207,8953675.0
2438,1181760.0,38.97,66249.0,-1115511.0,207,7838164.0
2439,592580.0,0.0,0.0,-592580.0,207,7245584.0
2440,483200.0,0.0,0.0,-483200.0,207,6762384.0
2441,483500.0,0.0,0.0,-483500.0,207,6278884.0
2442,484500.0,0.0,0.0,-484500.0,207,5794384.0
2443,485400.0,0.0,0.0,-485400.0,207,5308984.0
2444,478100.0,0.0,0.0,-478100.0,207,4830884.0
2445,478700.0,0.0,0.0,-478700.0,207,4352184.0
2446,451480.0,0.0,0.0,-451480.0,207,3900704.0
2447,451480.0,0.0,0.0,-451480.0,207,3449224.0
2448,451480.0,0.0,0.0,-451480.0,207,2997744.0
2449,348020.0,0.0,0.0,-348020.0,207,2649724.0
2450,348020.0,29.64,50388.0,-297632.0,207,2352092.0
2451,348020.0,213.45,362865.0,14845.0,208,2366937.0
2452,344600.0,441.9,751229.9999999999,406629.9999999999,208,2773567.0
2453,307000.0,657.25,1117325.0,810325.0,208,3583892.0
2454,324820.0,831.1,1412870.0000000002,1088050.0000000002,208,4671942.0
2455,365660.0,941.8,1601060.0,1235400.0,208,5907342.0
2456,369460.0,986.3,1676710.0,1307250.0,208,7214592.0
2457,422480.0,943.65,1604205.0,1181725.0,208,8396317.0
2458,422480.0,839.0,1426300.0,1003820.0,208,9000000.0
2459,433100.0,667.95,1135515.0,702415.0,208,9000000.0
2460,431635.0,453.1,770270.0,338635.0,208,9000000.0
2461,387200.0,226.7,385389.99999999994,-1810.0000000000582,209,8998190.0
2462,387200.0,38.65,65705.0,-321495.0,209,8676695.0
2463,373770.0,0.0,0.0,-373770.0,209,8302925.0
2464,981790.0,0.0,0.0,-981790.0,209,7321135.0
2465,440560.0,0.0,0.0,-440560.0,209,6880575.0
2466,449080.0,0.0,0.0,-449080.0,209,6431495.0
2467,468700.0,0.0,0.0,-468700.0,209,5962795.0
2468,458580.0,0.0,0.0,-458580.0,209,5504215.0
2469,438180.0,0.0,0.0,-438180.0,209,5066035.0
2470,431780.0,0.0,0.0,-431780.0,209,4634255.0
2471,360260.0,0.0,0.0,-360260.0,209,4273995.0
2472,360260.0,0.0,0.0,-360260.0,209,3913735.0
2473,348020.0,0.0,0.0,-348020.0,209,3565715.0
2474,348020.0,29.81,50677.0,-297343.0,209,3268372.0
2475,348020.0,150.9,256530.0,-91490.0,209,3176882.0
2476,344600.0,294.1,499970.0,155370.0,210,3332252.0
2477,307000.0,537.25,913325.0,606325.0,210,3938577.0
2478,324820.0,698.05,1186685.0,861865.0,210,4800442.0
2479,365660.0,643.75,1094375.0,728715.0,210,5529157.0
2480,369460.0,565.5,961350.0,591890.0,210,6121047.0
2481,422480.0,751.75,1277975.0,855495.0,210,6976542.0
2482,422480.0,670.05,1139084.9999999998,716604.9999999998,210,7693147.0
2483,433100.0,575.7,978690.0000000001,545590.0000000001,210,8238737.0
2484,431635.0,419.5,713150.0,281515.0,210,8520252.0
2485,387200.0,194.45,330564.99999999994,-56635.00000000006,211,8463617.0
2486,387200.0,31.47,53498.99999999999,-333701.0,211,8129916.0
2487,373770.0,0.0,0.0,-373770.0,211,7756146.0
2488,981790.0,0.0,0.0,-981790.0,211,6774356.0
2489,440560.0,0.0,0.0,-440560.0,211,6333796.0
2490,449080.0,0.0,0.0,-449080.0,211,5884716.0
2491,468700.0,0.0,0.0,-468700.0,211,5416016.0
2492,458580.0,0.0,0.0,-458580.0,211,4957436.0
2493,438180.0,0.0,0.0,-438180.0,211,4519256.0
2494,431780.0,0.0,0.0,-431780.0,211,4087476.0
2495,360260.0,0.0,0.0,-360260.0,211,3727216.0
2496,360260.0,0.0,0.0,-360260.0,211,3366956.0
2497,348020.0,0.0,0.0,-348020.0,211,3018936.0
2498,348020.0,31.29,53193.0,-294827.0,211,2724109.0
2499,348020.0,198.35,337195.0,-10825.0,211,2713284.0
2500,344600.0,433.0,736100.0,391500.0,212,3104784.0
2501,307000.0,621.9,1057230.0,750230.0,212,3855014.0
2502,324820.0,811.2,1379040.0,1054220.0,212,4909234.0
2503,365660.0,900.15,1530255.0,1164595.0,212,6073829.0
2504,369460.0,914.95,1555415.0,1185955.0,212,7259784.0
2505,422480.0,923.75,1570375.0,1147895.0,212,8407679.0
2506,422480.0,823.55,1400035.0,977555.0,212,9000000.0
2507,433100.0,658.0,1118600.0,685500.0,212,9000000.0
2508,431635.0,460.5,782850.0,351215.0,212,9000000.0
2509,387200.0,232.35,394995.0,7795.0,212,9000000.0
2510,387200.0,39.99,67983.00000000001,-319217.0,213,8680783.0
2511,373770.0,0.0,0.0,-373770.0,213,8307013.0
2512,981790.0,0.0,0.0,-981790.0,213,7325223.0
2513,440560.0,0.0,0.0,-440560.0,213,6884663.0
2514,449080.0,0.0,0.0,-449080.0,213,6435583.0
2515,468700.0,0.0,0.0,-468700.0,213,5966883.0
2516,458580.0,0.0,0.0,-458580.0,213,5508303.0
2517,438180.0,0.0,0.0,-438180.0,213,5070123.0
2518,431780.0,0.0,0.0,-431780.0,213,4638343.0
2519,360260.0,0.0,0.0,-360260.0,213,4278083.0
2520,360260.0,0.0,0.0,-360260.0,213,3917823.0
2521,348020.0,0.0,0.0,-348020.0,213,3569803.0
2522,348020.0,32.76,55691.99999999999,-292328.0,213,3277475.0
2523,348020.0,186.9,317730.0,-30290.0,213,3247185.0
2524,344600.0,383.8,652460.0000000001,307860.0000000001,214,3555045.0
2525,307000.0,391.45,665464.9999999999,358464.9999999999,214,3913510.0
2526,324820.0,643.3,1093610.0,768790.0,214,4682300.0
2527,365660.0,540.3,918510.0,552850.0,214,5235150.0
2528,369460.0,719.4,1222979.9999999998,853519.9999999998,214,6088670.0
2529,422480.0,725.1,1232670.0000000002,810190.0000000002,214,6898860.0
2530,422480.0,508.1,863770.0,441290.0,214,7340150.0
2531,433100.0,373.7,635290.0,202190.0,214,7542340.0
2532,431635.0,324.6,551820.0,120185.0,214,7662525.0
2533,387200.0,174.45,296565.0,-90635.0,215,7571890.0
2534,387200.0,36.81,62577.0,-324623.0,215,7247267.0
2535,373770.0,0.0,0.0,-373770.0,215,6873497.0
2536,981790.0,0.0,0.0,-981790.0,215,5891707.0
2537,440560.0,0.0,0.0,-440560.0,215,5451147.0
2538,449080.0,0.0,0.0,-449080.0,215,5002067.0
2539,468700.0,0.0,0.0,-468700.0,215,4533367.0
2540,458580.0,0.0,0.0,-458580.0,215,4074787.0
2541,438180.0,0.0,0.0,-438180.0,215,3636607.0
2542,431780.0,0.0,0.0,-431780.0,215,3204827.0
2543,360260.0,0.0,0.0,-360260.0,215,2844567.0
2544,360260.0,0.0,0.0,-360260.0,215,2484307.0
2545,348020.0,0.0,0.0,-348020.0,215,2136287.0
2546,348020.0,35.38,60146.0,-287874.0,215,1848413.0
2547,348020.0,222.95,379014.99999999994,30994.99999999994,216,1879408.0
2548,344600.0,451.65,767805.0,423205.0,216,2302613.0
2549,307000.0,663.55,1128035.0,821035.0,216,3123648.0
2550,324820.0,830.45,1411765.0,1086945.0,216,4210593.0
2551,365660.0,927.5,1576750.0,1211090.0,216,5421683.0
2552,369460.0,969.4,1647979.9999999998,1278519.9999999998,216,6700203.0
2553,422480.0,951.05,1616785.0,1194305.0,216,7894508.0
2554,422480.0,843.85,1434545.0,1012065.0,216,8906573.0
2555,433100.0,679.35,1154895.0,721795.0,216,9000000.0
2556,431635.0,467.8,795260.0,363625.0,216,9000000.0
2557,387200.0,237.65,404005.0,16805.0,216,9000000.0
2558,387200.0,42.14,71638.00000000001,-315562.0,217,8684438.0
2559,373770.0,0.0,0.0,-373770.0,217,8310668.0
2560,981790.0,0.0,0.0,-981790.0,217,7328878.0
2561,440560.0,0.0,0.0,-440560.0,217,6888318.0
2562,449080.0,0.0,0.0,-449080.0,217,6439238.0
2563,468700.0,0.0,0.0,-468700.0,217,5970538.0
2564,458580.0,0.0,0.0,-458580.0,217,5511958.0
2565,438180.0,0.0,0.0,-438180.0,217,5073778.0
2566,431780.0,0.0,0.0,-431780.0,217,4641998.0
2567,360260.0,0.0,0.0,-360260.0,217,4281738.0
2568,360260.0,0.0,0.0,-360260.0,217,3921478.0
2569,428760.0,0.0,0.0,-428760.0,217,3492718.0
2570,384360.0,32.66,55521.99999999999,-328838.0,217,3163880.0
2571,384360.0,217.6,369920.0,-14440.0,217,3149440.0
2572,368820.0,444.0,754800.0,385980.0,218,3535420.0
2573,368220.0,659.7,1121490.0000000002,753270.0000000002,218,4288690.0
2574,386040.0,828.05,1407685.0,1021645.0,218,5310335.0
2575,342340.0,939.0,1596300.0,1253960.0,218,6564295.0
2576,348840.0,978.4,1663279.9999999998,1314439.9999999998,218,7878735.0
2577,432940.0,943.45,1603865.0,1170925.0,218,9000000.0
2578,443560.0,839.95,1427915.0000000002,984355.0000000002,218,9000000.0
2579,485560.0,670.95,1140615.0,655055.0,218,9000000.0
2580,485560.0,464.15,789054.9999999999,303494.9999999999,218,9000000.0
2581,446080.0,236.05,401285.0,-44795.0,219,8955205.0
2582,1181760.0,41.43,70431.0,-1111329.0,219,7843876.0
2583,592580.0,0.0,0.0,-592580.0,219,7251296.0
2584,483200.0,0.0,0.0,-483200.0,219,6768096.0
2585,483500.0,0.0,0.0,-483500.0,219,6284596.0
2586,484500.0,0.0,0.0,-484500.0,219,5800096.0
2587,485400.0,0.0,0.0,-485400.0,219,5314696.0
2588,478100.0,0.0,0.0,-478100.0,219,4836596.0
2589,478700.0,0.0,0.0,-478700.0,219,4357896.0
2590,451480.0,0.0,0.0,-451480.0,219,3906416.0
2591,451480.0,0.0,0.0,-451480.0,219,3454936.0
2592,451480.0,0.0,0.0,-451480.0,219,3003456.0
2593,428760.0,0.0,0.0,-428760.0,219,2574696.0
2594,384360.0,36.32,61744.0,-322616.0,219,2252080.0
2595,384360.0,215.95,367114.99999999994,-17245.00000000006,219,2234835.0
2596,368820.0,409.2,695640.0,326820.0,220,2561655.0
2597,368220.0,665.4,1131180.0,762960.0,220,3324615.0
2598,386040.0,834.15,1418055.0,1032015.0,220,4356630.0
2599,342340.0,932.8,1585760.0,1243420.0,220,5600050.0
2600,348840.0,965.5,1641350.0,1292510.0,220,6892560.0
2601,432940.0,933.75,1587375.0,1154435.0,220,8046995.0
2602,443560.0,820.65,1395105.0,951545.0,220,8998540.0
2603,485560.0,649.65,1104405.0,618845.0,220,9000000.0
2604,485560.0,414.4,704480.0,218920.0,220,9000000.0
2605,446080.0,214.1,363969.99999999994,-82110.00000000006,221,8917890.0
2606,1181760.0,41.43,70431.0,-1111329.0,221,7806561.0
2607,592580.0,0.0,0.0,-592580.0,221,7213981.0
2608,483200.0,0.0,0.0,-483200.0,221,6730781.0
2609,483500.0,0.0,0.0,-483500.0,221,6247281.0
2610,484500.0,0.0,0.0,-484500.0,221,5762781.0
2611,485400.0,0.0,0.0,-485400.0,221,5277381.0
2612,478100.0,0.0,0.0,-478100.0,221,4799281.0
2613,478700.0,0.0,0.0,-478700.0,221,4320581.0
2614,451480.0,0.0,0.0,-451480.0,221,3869101.0
2615,451480.0,0.0,0.0,-451480.0,221,3417621.0
2616,451480.0,0.0,0.0,-451480.0,221,2966141.0
2617,348020.0,0.0,0.0,-348020.0,221,2618121.0
2618,348020.0,37.11,63087.0,-284933.0,221,2333188.0
2619,348020.0,214.75,365075.0,17055.0,222,2350243.0
2620,344600.0,439.75,747575.0,402975.0,222,2753218.0
2621,307000.0,658.35,1119195.0,812195.0,222,3565413.0
2622,324820.0,823.75,1400375.0,1075555.0,222,4640968.0
2623,365660.0,925.75,1573775.0,1208115.0,222,5849083.0
2624,369460.0,963.4,1637779.9999999998,1268319.9999999998,222,7117403.0
2625,422480.0,915.45,1556265.0000000002,1133785.0000000002,222,8251188.0
2626,422480.0,805.05,1368584.9999999998,946104.9999999998,222,9000000.0
2627,433100.0,662.45,1126165.0000000002,693065.0000000002,222,9000000.0
2628,431635.0,448.0,761600.0,329965.0,222,9000000.0
2629,387200.0,220.7,375189.99999999994,-12010.000000000058,223,8987990.0
2630,387200.0,42.19,71723.0,-315477.0,223,8672513.0
2631,373770.0,0.0,0.0,-373770.0,223,8298743.0
2632,981790.0,0.0,0.0,-981790.0,223,7316953.0
2633,440560.0,0.0,0.0,-440560.0,223,6876393.0
2634,449080.0,0.0,0.0,-449080.0,223,6427313.0
2635,468700.0,0.0,0.0,-468700.0,223,5958613.0
2636,458580.0,0.0,0.0,-458580.0,223,5500033.0
2637,438180.0,0.0,0.0,-438180.0,223,5061853.0
2638,431780.0,0.0,0.0,-431780.0,223,4630073.0
2639,360260.0,0.0,0.0,-360260.0,223,4269813.0
2640,360260.0,0.0,0.0,-360260.0,223,3909553.0
2641,348020.0,0.0,0.0,-348020.0,223,3561533.0
2642,348020.0,40.22,68374.0,-279646.0,223,3281887.0
2643,348020.0,226.65,385305.00000000006,37285.00000000006,224,3319172.0
2644,344600.0,449.7,764490.0,419890.0,224,3739062.0
2645,307000.0,653.5,1110950.0,803950.0,224,4543012.0
2646,324820.0,816.55,1388135.0,1063315.0,224,5606327.0
2647,365660.0,929.7,1580490.0000000002,1214830.0000000002,224,6821157.0
2648,369460.0,965.65,1641605.0,1272145.0,224,8093302.0
2649,422480.0,932.95,1586015.0,1163535.0,224,9000000.0
2650,422480.0,826.15,1404454.9999999998,981974.9999999998,224,9000000.0
2651,433100.0,670.55,1139935.0,706835.0,224,9000000.0
2652,431635.0,453.45,770864.9999999999,339229.9999999999,224,9000000.0
2653,387200.0,222.15,377655.0,-9545.0,225,8990455.0
2654,387200.0,42.67,72539.0,-314661.0,225,8675794.0
2655,373770.0,0.0,0.0,-373770.0,225,8302024.0
2656,981790.0,0.0,0.0,-981790.0,225,7320234.0
2657,440560.0,0.0,0.0,-440560.0,225,6879674.0
2658,449080.0,0.0,0.0,-449080.0,225,6430594.0
2659,468700.0,0.0,0.0,-468700.0,225,5961894.0
2660,458580.0,0.0,0.0,-458580.0,225,5503314.0
2661,438180.0,0.0,0.0,-438180.0,225,5065134.0
2662,431780.0,0.0,0.0,-431780.0,225,4633354.0
2663,360260.0,0.0,0.0,-360260.0,225,4273094.0
2664,360260.0,0.0,0.0,-360260.0,225,3912834.0
2665,348020.0,0.0,0.0,-348020.0,225,3564814.0
2666,348020.0,40.75,69275.0,-278745.0,225,3286069.0
2667,348020.0,209.55,356235.0,8215.0,226,3294284.0
2668,344600.0,417.25,709325.0,364725.0,226,3659009.0
2669,307000.0,639.25,1086725.0,779725.0,226,4438734.0
2670,324820.0,824.9,1402330.0,1077510.0,226,5516244.0
2671,365660.0,939.1,1596470.0,1230810.0,226,6747054.0
2672,369460.0,977.0,1660900.0,1291440.0,226,8038494.0
2673,422480.0,944.05,1604885.0,1182405.0,226,9000000.0
2674,422480.0,845.75,1437775.0,1015295.0,226,9000000.0
2675,433100.0,677.4,1151580.0,718480.0,226,9000000.0
2676,431635.0,469.9,798830.0,367195.0,226,9000000.0
2677,387200.0,243.4,413780.0,26580.0,226,9000000.0
2678,387200.0,45.79,77843.0,-309357.0,227,8690643.0
2679,373770.0,0.0,0.0,-373770.0,227,8316873.0
2680,981790.0,0.0,0.0,-981790.0,227,7335083.0
2681,440560.0,0.0,0.0,-440560.0,227,6894523.0
2682,449080.0,0.0,0.0,-449080.0,227,6445443.0
2683,468700.0,0.0,0.0,-468700.0,227,5976743.0
2684,458580.0,0.0,0.0,-458580.0,227,5518163.0
2685,438180.0,0.0,0.0,-438180.0,227,5079983.0
2686,431780.0,0.0,0.0,-431780.0,227,4648203.0
2687,360260.0,0.0,0.0,-360260.0,227,4287943.0
2688,360260.0,0.0,0.0,-360260.0,227,3927683.0
2689,348020.0,0.0,0.0,-348020.0,227,3579663.0
2690,348020.0,43.78,74426.0,-273594.0,227,3306069.0
2691,348020.0,237.15,403155.0,55135.0,228,3361204.0
2692,344600.0,461.4,784380.0,439780.0,228,3800984.0
2693,307000.0,668.0,1135600.0,828600.0,228,4629584.0
2694,324820.0,831.0,1412700.0,1087880.0,228,5717464.0
2695,365660.0,932.45,1585165.0,1219505.0,228,6936969.0
2696,369460.0,968.7,1646790.0,1277330.0,228,8214299.0
2697,422480.0,940.05,1598084.9999999998,1175604.9999999998,228,9000000.0
2698,422480.0,837.3,1423409.9999999998,1000929.9999999998,228,9000000.0
2699,433100.0,678.4,1153280.0,720180.0,228,9000000.0
2700,431635.0,467.4,794580.0,362945.0,228,9000000.0
2701,387200.0,240.45,408765.0,21565.0,228,9000000.0
2702,387200.0,45.92,78064.0,-309136.0,229,8690864.0
2703,373770.0,0.0,0.0,-373770.0,229,8317094.0
2704,981790.0,0.0,0.0,-981790.0,229,7335304.0
2705,440560.0,0.0,0.0,-440560.0,229,6894744.0
2706,449080.0,0.0,0.0,-449080.0,229,6445664.0
2707,468700.0,0.0,0.0,-468700.0,229,5976964.0
2708,458580.0,0.0,0.0,-458580.0,229,5518384.0
2709,438180.0,0.0,0.0,-438180.0,229,5080204.0
2710,431780.0,0.0,0.0,-431780.0,229,4648424.0
2711,360260.0,0.0,0.0,-360260.0,229,4288164.0
2712,360260.0,0.0,0.0,-360260.0,229,3927904.0
2713,348020.0,0.0,0.0,-348020.0,229,3579884.0
2714,348020.0,46.18,78506.0,-269514.0,229,3310370.0
2715,348020.0,241.65,410805.0,62785.0,230,3373155.0
2716,344600.0,470.95,800615.0,456015.0,230,3829170.0
2717,307000.0,678.55,1153535.0,846535.0,230,4675705.0
2718,324820.0,842.05,1431485.0,1106665.0,230,5782370.0
2719,365660.0,944.2,1605140.0,1239480.0,230,7021850.0
2720,369460.0,979.25,1664725.0,1295265.0,230,8317115.0
2721,422480.0,946.0,1608200.0,1185720.0,230,9000000.0
2722,422480.0,840.55,1428934.9999999998,1006454.9999999998,230,9000000.0
2723,433100.0,680.25,1156425.0,723325.0,230,9000000.0
2724,431635.0,471.35,801295.0000000001,369660.0000000001,230,9000000.0
2725,387200.0,243.2,413440.0,26240.0,230,9000000.0
2726,387200.0,45.8,77860.0,-309340.0,231,8690660.0
2727,373770.0,0.0,0.0,-373770.0,231,8316890.0
2728,981790.0,0.0,0.0,-981790.0,231,7335100.0
2729,440560.0,0.0,0.0,-440560.0,231,6894540.0
2730,449080.0,0.0,0.0,-449080.0,231,6445460.0
2731,468700.0,0.0,0.0,-468700.0,231,5976760.0
2732,458580.0,0.0,0.0,-458580.0,231,5518180.0
2733,438180.0,0.0,0.0,-438180.0,231,5080000.0
2734,431780.0,0.0,0.0,-431780.0,231,4648220.0
2735,360260.0,0.0,0.0,-360260.0,231,4287960.0
2736,360260.0,0.0,0.0,-360260.0,231,3927700.0
2737,428760.0,0.0,0.0,-428760.0,231,3498940.0
2738,384360.0,47.02,79934.00000000001,-304426.0,231,3194514.0
2739,384360.0,242.55,412335.00000000006,27975.00000000006,232,3222489.0
2740,368820.0,464.85,790245.0000000001,421425.0000000001,232,3643914.0
2741,368220.0,673.55,1145035.0,776815.0,232,4420729.0
2742,386040.0,837.25,1423325.0,1037285.0,232,5458014.0
2743,342340.0,939.85,1597745.0000000002,1255405.0000000002,232,6713419.0
2744,348840.0,976.4,1659879.9999999998,1311039.9999999998,232,8024459.0
2745,432940.0,941.65,1600805.0,1167865.0,232,9000000.0
2746,443560.0,840.3,1428509.9999999998,984949.9999999998,232,9000000.0
2747,485560.0,676.85,1150645.0000000002,665085.0000000002,232,9000000.0
2748,485560.0,468.45,796365.0,310805.0,232,9000000.0
2749,446080.0,245.35,417094.99999999994,-28985.00000000006,233,8971015.0
2750,1181760.0,47.01,79916.99999999999,-1101843.0,233,7869172.0
2751,592580.0,0.0,0.0,-592580.0,233,7276592.0
2752,483200.0,0.0,0.0,-483200.0,233,6793392.0
2753,483500.0,0.0,0.0,-483500.0,233,6309892.0
2754,484500.0,0.0,0.0,-484500.0,233,5825392.0
2755,485400.0,0.0,0.0,-485400.0,233,5339992.0
2756,478100.0,0.0,0.0,-478100.0,233,4861892.0
2757,478700.0,0.0,0.0,-478700.0,233,4383192.0
2758,451480.0,0.0,0.0,-451480.0,233,3931712.0
2759,451480.0,0.0,0.0,-451480.0,233,3480232.0
2760,451480.0,0.0,0.0,-451480.0,233,3028752.0
2761,428760.0,0.0,0.0,-428760.0,233,2599992.0
2762,384360.0,48.26,82042.0,-302318.0,233,2297674.0
2763,384360.0,244.35,415394.99999999994,31034.99999999994,234,2328709.0
2764,368820.0,469.9,798830.0,430010.0,234,2758719.0
2765,368220.0,677.8,1152260.0,784040.0,234,3542759.0
2766,386040.0,842.2,1431740.0000000002,1045700.0000000002,234,4588459.0
2767,342340.0,949.5,1614150.0,1271810.0,234,5860269.0
2768,348840.0,986.5,1677050.0,1328210.0,234,7188479.0
2769,432940.0,953.25,1620525.0,1187585.0,234,8376064.0
2770,443560.0,849.75,1444575.0,1001015.0,234,9000000.0
2771,485560.0,689.85,1172745.0000000002,687185.0000000002,234,9000000.0
2772,485560.0,471.6,801720.0,316160.0,234,9000000.0
2773,446080.0,237.65,404005.0,-42075.0,235,8957925.0
2774,1181760.0,47.72,81124.0,-1100636.0,235,7857289.0
2775,592580.0,0.0,0.0,-592580.0,235,7264709.0
2776,483200.0,0.0,0.0,-483200.0,235,6781509.0
2777,483500.0,0.0,0.0,-483500.0,235,6298009.0
2778,484500.0,0.0,0.0,-484500.0,235,5813509.0
2779,485400.0,0.0,0.0,-485400.0,235,5328109.0
2780,478100.0,0.0,0.0,-478100.0,235,4850009.0
2781,478700.0,0.0,0.0,-478700.0,235,4371309.0
2782,451480.0,0.0,0.0,-451480.0,235,3919829.0
2783,451480.0,0.0,0.0,-451480.0,235,3468349.0
2784,451480.0,0.0,0.0,-451480.0,235,3016869.0
2785,348020.0,0.0,0.0,-348020.0,235,2668849.0
2786,348020.0,52.85,89845.0,-258175.0,235,2410674.0
2787,348020.0,232.3,394910.0,46890.0,236,2457564.0
2788,344600.0,443.65,754205.0,409605.0,236,2867169.0
2789,307000.0,662.65,1126505.0,819505.0,236,3686674.0
2790,324820.0,821.0,1395700.0,1070880.0,236,4757554.0
2791,365660.0,932.65,1585505.0,1219845.0,236,5977399.0
2792,369460.0,981.5,1668550.0,1299090.0,236,7276489.0
2793,422480.0,944.7,1605990.0000000002,1183510.0000000002,236,8459999.0
2794,422480.0,841.15,1429955.0,1007475.0,236,9000000.0
2795,433100.0,682.2,1159740.0,726640.0,236,9000000.0
2796,431635.0,474.7,806990.0,375355.0,236,9000000.0
2797,387200.0,246.55,419135.00000000006,31935.00000000006,236,9000000.0
2798,387200.0,54.55,92734.99999999999,-294465.0,237,8705535.0
2799,373770.0,0.0,0.0,-373770.0,237,8331765.0
2800,981790.0,0.0,0.0,-981790.0,237,7349975.0
2801,440560.0,0.0,0.0,-440560.0,237,6909415.0
2802,449080.0,0.0,0.0,-449080.0,237,6460335.0
2803,468700.0,0.0,0.0,-468700.0,237,5991635.0
2804,458580.0,0.0,0.0,-458580.0,237,5533055.0
2805,438180.0,0.0,0.0,-438180.0,237,5094875.0
2806,431780.0,0.0,0.0,-431780.0,237,4663095.0
2807,360260.0,0.0,0.0,-360260.0,237,4302835.0
2808,360260.0,0.0,0.0,-360260.0,237,3942575.0
2809,348020.0,0.0,0.0,-348020.0,237,3594555.0
2810,348020.0,50.85,86445.0,-261575.0,237,3332980.0
2811,348020.0,242.2,411740.0,63720.0,238,3396700.0
2812,344600.0,457.0,776900.0,432300.0,238,3829000.0
2813,307000.0,677.9,1152430.0,845430.0,238,4674430.0
2814,324820.0,824.1,1400970.0,1076150.0,238,5750580.0
2815,365660.0,886.5,1507050.0,1141390.0,238,6891970.0
2816,369460.0,930.8,1582360.0,1212900.0,238,8104870.0
2817,422480.0,923.4,1569780.0,1147300.0,238,9000000.0
2818,422480.0,849.9,1444830.0,1022350.0,238,9000000.0
2819,433100.0,668.7,1136790.0000000002,703690.0000000002,238,9000000.0
2820,431635.0,472.15,802654.9999999999,371019.9999999999,238,9000000.0
2821,387200.0,247.65,421005.0,33805.0,238,9000000.0
2822,387200.0,55.8,94859.99999999999,-292340.0,239,8707660.0
2823,373770.0,0.0,0.0,-373770.0,239,8333890.0
2824,981790.0,0.0,0.0,-981790.0,239,7352100.0
2825,440560.0,0.0,0.0,-440560.0,239,6911540.0
2826,449080.0,0.0,0.0,-449080.0,239,6462460.0
2827,468700.0,0.0,0.0,-468700.0,239,5993760.0
2828,458580.0,0.0,0.0,-458580.0,239,5535180.0
2829,438180.0,0.0,0.0,-438180.0,239,5097000.0
2830,431780.0,0.0,0.0,-431780.0,239,4665220.0
2831,360260.0,0.0,0.0,-360260.0,239,4304960.0
2832,360260.0,0.0,0.0,-360260.0,239,3944700.0
2833,348020.0,0.0,0.0,-348020.0,239,3596680.0
2834,348020.0,58.15,98855.0,-249165.0,239,3347515.0
2835,348020.0,250.8,426360.00000000006,78340.00000000006,240,3425855.0
2836,344600.0,462.05,785485.0,440885.0,240,3866740.0
2837,307000.0,678.9,1154130.0,847130.0,240,4713870.0
2838,324820.0,852.75,1449675.0,1124855.0,240,5838725.0
2839,365660.0,957.3,1627409.9999999998,1261749.9999999998,240,7100475.0
2840,369460.0,995.35,1692095.0000000002,1322635.0000000002,240,8423110.0
2841,422480.0,961.25,1634125.0,1211645.0,240,9000000.0
2842,422480.0,856.4,1455879.9999999998,1033399.9999999998,240,9000000.0
2843,433100.0,691.35,1175295.0,742195.0,240,9000000.0
2844,431635.0,482.3,819910.0,388275.0,240,9000000.0
2845,387200.0,254.05,431885.0,44685.0,240,9000000.0
2846,387200.0,57.7,98090.0,-289110.0,241,8710890.0
2847,373770.0,0.0,0.0,-373770.0,241,8337120.0
2848,981790.0,0.0,0.0,-981790.0,241,7355330.0
2849,440560.0,0.0,0.0,-440560.0,241,6914770.0
2850,449080.0,0.0,0.0,-449080.0,241,6465690.0
2851,468700.0,0.0,0.0,-468700.0,241,5996990.0
2852,458580.0,0.0,0.0,-458580.0,241,5538410.0
2853,438180.0,0.0,0.0,-438180.0,241,5100230.0
2854,431780.0,0.0,0.0,-431780.0,241,4668450.0
2855,360260.0,0.0,0.0,-360260.0,241,4308190.0
2856,360260.0,0.0,0.0,-360260.0,241,3947930.0
2857,348020.0,0.0,0.0,-348020.0,241,3599910.0
2858,348020.0,51.5,87550.0,-260470.0,241,3339440.0
2859,348020.0,238.9,406130.0,58110.0,242,3397550.0
2860,344600.0,465.25,790925.0,446325.0,242,3843875.0
2861,307000.0,688.4,1170280.0,863280.0,242,4707155.0
2862,324820.0,849.95,1444915.0000000002,1120095.0000000002,242,5827250.0
2863,365660.0,951.65,1617805.0,1252145.0,242,7079395.0
2864,369460.0,990.2,1683340.0000000002,1313880.0000000002,242,8393275.0
2865,422480.0,957.0,1626900.0,1204420.0,242,9000000.0
2866,422480.0,853.05,1450185.0,1027705.0,242,9000000.0
2867,433100.0,689.4,1171980.0,738880.0,242,9000000.0
2868,431635.0,481.75,818975.0,387340.0,242,9000000.0
2869,387200.0,254.6,432820.0,45620.0,242,9000000.0
2870,387200.0,58.6,99620.0,-287580.0,243,8712420.0
2871,373770.0,0.0,0.0,-373770.0,243,8338650.0
2872,981790.0,0.0,0.0,-981790.0,243,7356860.0
2873,440560.0,0.0,0.0,-440560.0,243,6916300.0
2874,449080.0,0.0,0.0,-449080.0,243,6467220.0
2875,468700.0,0.0,0.0,-468700.0,243,5998520.0
2876,458580.0,0.0,0.0,-458580.0,243,5539940.0
2877,438180.0,0.0,0.0,-438180.0,243,5101760.0
2878,431780.0,0.0,0.0,-431780.0,243,4669980.0
2879,360260.0,0.0,0.0,-360260.0,243,4309720.0
2880,360260.0,0.0,0.0,-360260.0,243,3949460.0
2881,361060.0,0.0,0.0,-361060.0,243,3588400.0
2882,361060.0,58.8,99960.0,-261100.0,243,3327300.0
2883,288840.0,238.1,404770.0,115930.0,244,3443230.0
2884,298440.0,451.05,766785.0,468345.0,244,3911575.0
2885,297840.0,675.7,1148690.0000000002,850850.0000000002,244,4762425.0
2886,352760.0,827.15,1406154.9999999998,1053394.9999999998,244,5815820.0
2887,361360.0,921.85,1567145.0000000002,1205785.0000000002,244,7021605.0
2888,362560.0,982.15,1669655.0,1307095.0,244,8328700.0
2889,351940.0,946.55,1609135.0,1257195.0,244,9000000.0
2890,351940.0,843.45,1433865.0,1081925.0,244,9000000.0
2891,434060.0,680.4,1156680.0,722620.0,244,9000000.0
2892,381560.0,474.45,806565.0,425005.0,244,9000000.0
2893,381560.0,250.6,426020.0,44460.0,244,9000000.0
2894,381560.0,58.3,99110.0,-282450.0,245,8717550.0
2895,402980.0,0.0,0.0,-402980.0,245,8314570.0
2896,1104480.0,0.0,0.0,-1104480.0,245,7210090.0
2897,392780.0,0.0,0.0,-392780.0,245,6817310.0
2898,404600.0,0.0,0.0,-404600.0,245,6412710.0
2899,405200.0,0.0,0.0,-405200.0,245,6007510.0
2900,365380.0,0.0,0.0,-365380.0,245,5642130.0
2901,365980.0,0.0,0.0,-365980.0,245,5276150.0
2902,362080.0,0.0,0.0,-362080.0,245,4914070.0
2903,351460.0,0.0,0.0,-351460.0,245,4562610.0
2904,351460.0,0.0,0.0,-351460.0,245,4211150.0
2905,428760.0,0.0,0.0,-428760.0,245,3782390.0
2906,384360.0,61.05,103785.0,-280575.0,245,3501815.0
2907,384360.0,252.05,428485.0,44125.0,246,3545940.0
2908,368820.0,470.85,800445.0000000001,431625.0000000001,246,3977565.0
2909,368220.0,665.55,1131435.0,763215.0,246,4740780.0
2910,386040.0,832.35,1414995.0,1028955.0,246,5769735.0
2911,342340.0,932.85,1585845.0000000002,1243505.0000000002,246,7013240.0
2912,348840.0,967.15,1644155.0,1295315.0,246,8308555.0
2913,432940.0,930.85,1582445.0000000002,1149505.0000000002,246,9000000.0
2914,443560.0,828.45,1408365.0,964805.0,246,9000000.0
2915,485560.0,671.5,1141550.0,655990.0,246,9000000.0
2916,485560.0,470.45,799765.0,314205.0,246,9000000.0
2917,446080.0,246.4,418880.0,-27200.0,247,8972800.0
2918,1181760.0,57.6,97920.0,-1083840.0,247,7888960.0
2919,592580.0,0.0,0.0,-592580.0,247,7296380.0
2920,483200.0,0.0,0.0,-483200.0,247,6813180.0
2921,483500.0,0.0,0.0,-483500.0,247,6329680.0
2922,484500.0,0.0,0.0,-484500.0,247,5845180.0
2923,485400.0,0.0,0.0,-485400.0,247,5359780.0
2924,478100.0,0.0,0.0,-478100.0,247,4881680.0
2925,478700.0,0.0,0.0,-478700.0,247,4402980.0
2926,451480.0,0.0,0.0,-451480.0,247,3951500.0
2927,451480.0,0.0,0.0,-451480.0,247,3500020.0
2928,451480.0,0.0,0.0,-451480.0,247,3048540.0
2929,428760.0,0.0,0.0,-428760.0,247,2619780.0
2930,384360.0,52.9,89929.99999999999,-294430.0,247,2325350.0
2931,384360.0,227.45,386665.0,2305.0,248,2327655.0
2932,368820.0,442.85,752845.0,384025.0,248,2711680.0
2933,368220.0,665.95,1132115.0,763895.0,248,3475575.0
2934,386040.0,830.4,1411680.0,1025640.0,248,4501215.0
2935,342340.0,936.1,1591370.0,1249030.0,248,5750245.0
2936,348840.0,970.7,1650190.0,1301350.0,248,7051595.0
2937,432940.0,936.85,1592645.0000000002,1159705.0000000002,248,8211300.0
2938,443560.0,834.0,1417800.0,974240.0,248,9000000.0
2939,485560.0,676.8,1150560.0,665000.0,248,9000000.0
2940,485560.0,477.4,811580.0,326020.0,248,9000000.0
2941,446080.0,251.35,427295.00000000006,-18784.99999999994,249,8981215.0
2942,1181760.0,59.7,101490.0,-1080270.0,249,7900945.0
2943,592580.0,0.0,0.0,-592580.0,249,7308365.0
2944,483200.0,0.0,0.0,-483200.0,249,6825165.0
2945,483500.0,0.0,0.0,-483500.0,249,6341665.0
2946,484500.0,0.0,0.0,-484500.0,249,5857165.0
2947,485400.0,0.0,0.0,-485400.0,249,5371765.0
2948,478100.0,0.0,0.0,-478100.0,249,4893665.0
2949,478700.0,0.0,0.0,-478700.0,249,4414965.0
2950,451480.0,0.0,0.0,-451480.0,249,3963485.0
2951,451480.0,0.0,0.0,-451480.0,249,3512005.0
2952,451480.0,0.0,0.0,-451480.0,249,3060525.0
2953,348020.0,0.0,0.0,-348020.0,249,2712505.0
2954,348020.0,64.9,110330.0,-237690.0,249,2474815.0
2955,348020.0,256.4,435879.99999999994,87859.99999999994,250,2562675.0
2956,344600.0,476.75,810475.0,465875.0,250,3028550.0
2957,307000.0,678.6,1153620.0,846620.0,250,3875170.0
2958,324820.0,836.95,1422815.0000000002,1097995.0000000002,250,4973165.0
2959,365660.0,933.3,1586609.9999999998,1220949.9999999998,250,6194115.0
2960,369460.0,967.8,1645260.0,1275800.0,250,7469915.0
2961,422480.0,932.7,1585590.0000000002,1163110.0000000002,250,8633025.0
2962,422480.0,833.05,1416185.0,993705.0,250,9000000.0
2963,433100.0,648.4,1102280.0,669180.0,250,9000000.0
2964,431635.0,431.6,733720.0000000001,302085.0000000001,250,9000000.0
2965,387200.0,252.2,428739.99999999994,41539.99999999994,250,9000000.0
2966,387200.0,60.95,103615.00000000001,-283585.0,251,8716415.0
2967,373770.0,0.0,0.0,-373770.0,251,8342645.0
2968,981790.0,0.0,0.0,-981790.0,251,7360855.0
2969,440560.0,0.0,0.0,-440560.0,251,6920295.0
2970,449080.0,0.0,0.0,-449080.0,251,6471215.0
2971,468700.0,0.0,0.0,-468700.0,251,6002515.0
2972,458580.0,0.0,0.0,-458580.0,251,5543935.0
2973,438180.0,0.0,0.0,-438180.0,251,5105755.0
2974,431780.0,0.0,0.0,-431780.0,251,4673975.0
2975,360260.0,0.0,0.0,-360260.0,251,4313715.0
2976,360260.0,0.0,0.0,-360260.0,251,3953455.0
2977,348020.0,0.0,0.0,-348020.0,251,3605435.0
2978,348020.0,67.85,115345.0,-232675.0,251,3372760.0
2979,348020.0,263.25,447525.0,99505.0,252,3472265.0
2980,344600.0,487.1,828070.0000000001,483470.0000000001,252,3955735.0
2981,307000.0,691.2,1175040.0,868040.0,252,4823775.0
2982,324820.0,851.05,1446785.0,1121965.0,252,5945740.0
2983,365660.0,952.85,1619845.0,1254185.0,252,7199925.0
2984,369460.0,985.35,1675095.0000000002,1305635.0000000002,252,8505560.0
2985,422480.0,948.95,1613215.0000000002,1190735.0000000002,252,9000000.0
2986,422480.0,850.15,1445255.0,1022775.0,252,9000000.0
2987,433100.0,671.75,1141975.0,708875.0,252,9000000.0
2988,431635.0,473.75,805375.0,373740.0,252,9000000.0
2989,387200.0,247.45,420664.99999999994,33464.99999999994,252,9000000.0
2990,387200.0,62.75,106675.0,-280525.0,253,8719475.0
2991,373770.0,0.0,0.0,-373770.0,253,8345705.0
2992,981790.0,0.0,0.0,-981790.0,253,7363915.0
2993,440560.0,0.0,0.0,-440560.0,253,6923355.0
2994,449080.0,0.0,0.0,-449080.0,253,6474275.0
2995,468700.0,0.0,0.0,-468700.0,253,6005575.0
2996,458580.0,0.0,0.0,-458580.0,253,5546995.0
2997,438180.0,0.0,0.0,-438180.0,253,5108815.0
2998,431780.0,0.0,0.0,-431780.0,253,4677035.0
2999,360260.0,0.0,0.0,-360260.0,253,4316775.0
3000,360260.0,0.0,0.0,-360260.0,253,3956515.0
3001,348020.0,0.0,0.0,-348020.0,253,3608495.0
3002,348020.0,70.15,119255.0,-228765.0,253,3379730.0
3003,348020.0,268.0,455600.0,107580.0,254,3487310.0
3004,344600.0,493.2,838440.0,493840.0,254,3981150.0
3005,307000.0,699.4,1188980.0,881980.0,254,4863130.0
3006,324820.0,862.25,1465825.0,1141005.0,254,6004135.0
3007,365660.0,969.15,1647555.0,1281895.0,254,7286030.0
3008,369460.0,1005.0,1708499.9999999998,1339039.9999999998,254,8625070.0
3009,422480.0,969.25,1647725.0,1225245.0,254,9000000.0
3010,422480.0,864.75,1470075.0,1047595.0,254,9000000.0
3011,433100.0,699.7,1189490.0000000002,756390.0000000002,254,9000000.0
3012,431635.0,491.45,835465.0,403830.0,254,9000000.0
3013,387200.0,265.4,451179.9999999999,63979.99999999988,254,9000000.0
3014,387200.0,66.6,113219.99999999997,-273980.0,255,8726020.0
3015,373770.0,0.0,0.0,-373770.0,255,8352250.0
3016,981790.0,0.0,0.0,-981790.0,255,7370460.0
3017,440560.0,0.0,0.0,-440560.0,255,6929900.0
3018,449080.0,0.0,0.0,-449080.0,255,6480820.0
3019,468700.0,0.0,0.0,-468700.0,255,6012120.0
3020,458580.0,0.0,0.0,-458580.0,255,5553540.0
3021,438180.0,0.0,0.0,-438180.0,255,5115360.0
3022,431780.0,0.0,0.0,-431780.0,255,4683580.0
3023,360260.0,0.0,0.0,-360260.0,255,4323320.0
3024,360260.0,0.0,0.0,-360260.0,255,3963060.0
3025,348020.0,0.0,0.0,-348020.0,255,3615040.0
3026,348020.0,72.2,122740.0,-225280.0,255,3389760.0
3027,348020.0,271.0,460700.0,112680.0,256,3502440.0
3028,344600.0,495.7,842690.0,498090.0,256,4000530.0
3029,307000.0,699.8,1189660.0,882660.0,256,4883190.0
3030,324820.0,859.15,1460555.0,1135735.0,256,6018925.0
3031,365660.0,958.9,1630130.0,1264470.0,256,7283395.0
3032,369460.0,992.95,1688015.0,1318555.0,256,8601950.0
3033,422480.0,956.7,1626390.0,1203910.0,256,9000000.0
3034,422480.0,853.55,1451034.9999999998,1028554.9999999998,256,9000000.0
3035,433100.0,692.25,1176825.0,743725.0,256,9000000.0
3036,431635.0,487.45,828665.0,397030.0,256,9000000.0
3037,387200.0,262.6,446420.0,59220.0,256,9000000.0
3038,387200.0,66.0,112200.0,-275000.0,257,8725000.0
3039,373770.0,0.0,0.0,-373770.0,257,8351230.0
3040,981790.0,0.0,0.0,-981790.0,257,7369440.0
3041,440560.0,0.0,0.0,-440560.0,257,6928880.0
3042,449080.0,0.0,0.0,-449080.0,257,6479800.0
3043,468700.0,0.0,0.0,-468700.0,257,6011100.0
3044,458580.0,0.0,0.0,-458580.0,257,5552520.0
3045,438180.0,0.0,0.0,-438180.0,257,5114340.0
3046,431780.0,0.0,0.0,-431780.0,257,4682560.0
3047,360260.0,0.0,0.0,-360260.0,257,4322300.0
3048,360260.0,0.0,0.0,-360260.0,257,3962040.0
3049,348020.0,0.0,0.0,-348020.0,257,3614020.0
3050,348020.0,65.4,111180.0,-236840.0,257,3377180.0
3051,348020.0,253.2,430439.99999999994,82419.99999999994,258,3459600.0
3052,344600.0,475.65,808604.9999999999,464004.9999999999,258,3923605.0
3053,307000.0,679.15,1154555.0,847555.0,258,4771160.0
3054,324820.0,823.1,1399270.0,1074450.0,258,5845610.0
3055,365660.0,926.75,1575475.0,1209815.0,258,7055425.0
3056,369460.0,982.15,1669655.0,1300195.0,258,8355620.0
3057,422480.0,943.25,1603525.0,1181045.0,258,9000000.0
3058,422480.0,841.05,1429785.0,1007305.0,258,9000000.0
3059,433100.0,684.75,1164075.0,730975.0,258,9000000.0
3060,431635.0,478.7,813790.0,382155.0,258,9000000.0
3061,387200.0,254.45,432565.0,45365.0,258,9000000.0
3062,387200.0,63.0,107100.0,-280100.0,259,8719900.0
3063,373770.0,0.0,0.0,-373770.0,259,8346130.0
3064,981790.0,0.0,0.0,-981790.0,259,7364340.0
3065,440560.0,0.0,0.0,-440560.0,259,6923780.0
3066,449080.0,0.0,0.0,-449080.0,259,6474700.0
3067,468700.0,0.0,0.0,-468700.0,259,6006000.0
3068,458580.0,0.0,0.0,-458580.0,259,5547420.0
3069,438180.0,0.0,0.0,-438180.0,259,5109240.0
3070,431780.0,0.0,0.0,-431780.0,259,4677460.0
3071,360260.0,0.0,0.0,-360260.0,259,4317200.0
3072,360260.0,0.0,0.0,-360260.0,259,3956940.0
3073,428760.0,0.0,0.0,-428760.0,259,3528180.0
3074,384360.0,66.25,112625.0,-271735.0,259,3256445.0
3075,384360.0,218.2,370939.99999999994,-13420.000000000058,259,3243025.0
3076,368820.0,441.7,750890.0,382070.0,260,3625095.0
3077,368220.0,655.2,1113840.0,745620.0,260,4370715.0
3078,386040.0,792.25,1346825.0,960785.0,260,5331500.0
3079,342340.0,933.4,1586780.0,1244440.0,260,6575940.0
3080,348840.0,977.75,1662175.0,1313335.0,260,7889275.0
3081,432940.0,949.3,1613809.9999999998,1180869.9999999998,260,9000000.0
3082,443560.0,843.1,1433270.0000000002,989710.0000000002,260,9000000.0
3083,485560.0,685.35,1165095.0,679535.0,260,9000000.0
3084,485560.0,480.0,816000.0,330440.0,260,9000000.0
3085,446080.0,256.2,435539.99999999994,-10540.000000000058,261,8989460.0
3086,1181760.0,63.15,107355.0,-1074405.0,261,7915055.0
3087,592580.0,0.0,0.0,-592580.0,261,7322475.0
3088,483200.0,0.0,0.0,-483200.0,261,6839275.0
3089,483500.0,0.0,0.0,-483500.0,261,6355775.0
3090,484500.0,0.0,0.0,-484500.0,261,5871275.0
3091,485400.0,0.0,0.0,-485400.0,261,5385875.0
3092,478100.0,0.0,0.0,-478100.0,261,4907775.0
3093,478700.0,0.0,0.0,-478700.0,261,4429075.0
3094,451480.0,0.0,0.0,-451480.0,261,3977595.0
3095,451480.0,0.0,0.0,-451480.0,261,3526115.0
3096,451480.0,0.0,0.0,-451480.0,261,3074635.0
3097,428760.0,0.0,0.0,-428760.0,261,2645875.0
3098,384360.0,62.4,106080.0,-278280.0,261,2367595.0
3099,384360.0,217.5,369750.0,-14610.0,261,2352985.0
3100,368820.0,418.75,711875.0,343055.0,262,2696040.0
3101,368220.0,672.4,1143080.0,774860.0,262,3470900.0
3102,386040.0,826.45,1404965.0,1018925.0,262,4489825.0
3103,342340.0,930.75,1582275.0,1239935.0,262,5729760.0
3104,348840.0,966.25,1642625.0,1293785.0,262,7023545.0
3105,432940.0,941.6,1600720.0,1167780.0,262,8191325.0
3106,443560.0,821.1,1395870.0,952310.0,262,9000000.0
3107,485560.0,680.15,1156255.0,670695.0,262,9000000.0
3108,485560.0,471.3,801210.0,315650.0,262,9000000.0
3109,446080.0,247.3,420410.00000000006,-25669.99999999994,263,8974330.0
3110,1181760.0,60.65,103104.99999999999,-1078655.0,263,7895675.0
3111,592580.0,0.0,0.0,-592580.0,263,7303095.0
3112,483200.0,0.0,0.0,-483200.0,263,6819895.0
3113,483500.0,0.0,0.0,-483500.0,263,6336395.0
3114,484500.0,0.0,0.0,-484500.0,263,5851895.0
3115,485400.0,0.0,0.0,-485400.0,263,5366495.0
3116,478100.0,0.0,0.0,-478100.0,263,4888395.0
3117,478700.0,0.0,0.0,-478700.0,263,4409695.0
3118,451480.0,0.0,0.0,-451480.0,263,3958215.0
3119,451480.0,0.0,0.0,-451480.0,263,3506735.0
3120,451480.0,0.0,0.0,-451480.0,263,3055255.0
3121,348020.0,0.0,0.0,-348020.0,263,2707235.0
3122,348020.0,59.55,101235.0,-246785.0,263,2460450.0
3123,348020.0,240.7,409190.0,61170.0,264,2521620.0
3124,344600.0,449.75,764575.0,419975.0,264,2941595.0
3125,307000.0,577.85,982345.0,675345.0,264,3616940.0
3126,324820.0,736.45,1251965.0,927145.0,264,4544085.0
3127,365660.0,913.45,1552865.0000000002,1187205.0000000002,264,5731290.0
3128,369460.0,974.5,1656650.0,1287190.0,264,7018480.0
3129,422480.0,934.65,1588905.0,1166425.0,264,8184905.0
3130,422480.0,836.6,1422220.0,999740.0,264,9000000.0
3131,433100.0,677.3,1151409.9999999998,718309.9999999998,264,9000000.0
3132,431635.0,478.25,813025.0,381390.0,264,9000000.0
3133,387200.0,258.45,439365.0,52165.0,264,9000000.0
3134,387200.0,66.95,113815.00000000001,-273385.0,265,8726615.0
3135,373770.0,0.0,0.0,-373770.0,265,8352845.0
3136,981790.0,0.0,0.0,-981790.0,265,7371055.0
3137,440560.0,0.0,0.0,-440560.0,265,6930495.0
3138,449080.0,0.0,0.0,-449080.0,265,6481415.0
3139,468700.0,0.0,0.0,-468700.0,265,6012715.0
3140,458580.0,0.0,0.0,-458580.0,265,5554135.0
3141,438180.0,0.0,0.0,-438180.0,265,5115955.0
3142,431780.0,0.0,0.0,-431780.0,265,4684175.0
3143,360260.0,0.0,0.0,-360260.0,265,4323915.0
3144,360260.0,0.0,0.0,-360260.0,265,3963655.0
3145,348020.0,0.0,0.0,-348020.0,265,3615635.0
3146,348020.0,67.05,113985.0,-234035.0,265,3381600.0
3147,348020.0,265.1,450670.0,102650.0,266,3484250.0
3148,344600.0,483.55,822035.0000000001,477435.0000000001,266,3961685.0
3149,307000.0,690.3,1173509.9999999998,866509.9999999998,266,4828195.0
3150,324820.0,820.25,1394425.0,1069605.0,266,5897800.0
3151,365660.0,934.05,1587884.9999999998,1222224.9999999998,266,7120025.0
3152,369460.0,971.7,1651890.0,1282430.0,266,8402455.0
3153,422480.0,917.9,1560429.9999999998,1137949.9999999998,266,9000000.0
3154,422480.0,836.95,1422815.0000000002,1000335.0000000002,266,9000000.0
3155,433100.0,672.5,1143250.0,710150.0,266,9000000.0
3156,431635.0,475.05,807585.0,375950.0,266,9000000.0
3157,387200.0,259.45,441065.0,53865.0,266,9000000.0
3158,387200.0,68.2,115940.0,-271260.0,267,8728740.0
3159,373770.0,0.0,0.0,-373770.0,267,8354970.0
3160,981790.0,0.0,0.0,-981790.0,267,7373180.0
3161,440560.0,0.0,0.0,-440560.0,267,6932620.0
3162,449080.0,0.0,0.0,-449080.0,267,6483540.0
3163,468700.0,0.0,0.0,-468700.0,267,6014840.0
3164,458580.0,0.0,0.0,-458580.0,267,5556260.0
3165,438180.0,0.0,0.0,-438180.0,267,5118080.0
3166,431780.0,0.0,0.0,-431780.0,267,4686300.0
3167,360260.0,0.0,0.0,-360260.0,267,4326040.0
3168,360260.0,0.0,0.0,-360260.0,267,3965780.0
3169,348020.0,0.0,0.0,-348020.0,267,3617760.0
3170,348020.0,64.8,110160.0,-237860.0,267,3379900.0
3171,348020.0,227.45,386665.0,38645.0,268,3418545.0
3172,344600.0,422.95,719015.0,374415.0,268,3792960.0
3173,307000.0,645.65,1097605.0,790605.0,268,4583565.0
3174,324820.0,770.2,1309340.0,984520.0,268,5568085.0
3175,365660.0,913.75,1553375.0,1187715.0,268,6755800.0
3176,369460.0,962.95,1637015.0000000002,1267555.0000000002,268,8023355.0
3177,422480.0,931.1,1582870.0,1160390.0,268,9000000.0
3178,422480.0,832.2,1414740.0,992260.0,268,9000000.0
3179,433100.0,675.3,1148009.9999999998,714909.9999999998,268,9000000.0
3180,431635.0,475.75,808775.0,377140.0,268,9000000.0
3181,387200.0,258.2,438939.99999999994,51739.99999999994,268,9000000.0
3182,387200.0,67.9,115430.0,-271770.0,269,8728230.0
3183,373770.0,0.0,0.0,-373770.0,269,8354460.0
3184,981790.0,0.0,0.0,-981790.0,269,7372670.0
3185,440560.0,0.0,0.0,-440560.0,269,6932110.0
3186,449080.0,0.0,0.0,-449080.0,269,6483030.0
3187,468700.0,0.0,0.0,-468700.0,269,6014330.0
3188,458580.0,0.0,0.0,-458580.0,269,5555750.0
3189,438180.0,0.0,0.0,-438180.0,269,5117570.0
3190,431780.0,0.0,0.0,-431780.0,269,4685790.0
3191,360260.0,0.0,0.0,-360260.0,269,4325530.0
3192,360260.0,0.0,0.0,-360260.0,269,3965270.0
3193,348020.0,0.0,0.0,-348020.0,269,3617250.0
3194,348020.0,68.75,116875.0,-231145.0,269,3386105.0
3195,348020.0,232.55,395335.0,47315.0,270,3433420.0
3196,344600.0,430.8,732360.0,387760.0,270,3821180.0
3197,307000.0,662.95,1127015.0,820015.0,270,4641195.0
3198,324820.0,775.7,1318690.0,993870.0,270,5635065.0
3199,365660.0,891.4,1515380.0,1149720.0,270,6784785.0
3200,369460.0,956.95,1626815.0000000002,1257355.0000000002,270,8042140.0
3201,422480.0,936.8,1592560.0,1170080.0,270,9000000.0
3202,422480.0,833.5,1416950.0,994470.0,270,9000000.0
3203,433100.0,665.2,1130840.0,697740.0,270,9000000.0
3204,431635.0,477.05,810985.0000000001,379350.0000000001,270,9000000.0
3205,387200.0,258.95,440215.0,53015.0,270,9000000.0
3206,387200.0,69.9,118830.0,-268370.0,271,8731630.0
3207,373770.0,0.0,0.0,-373770.0,271,8357860.0
3208,981790.0,0.0,0.0,-981790.0,271,7376070.0
3209,440560.0,0.0,0.0,-440560.0,271,6935510.0
3210,449080.0,0.0,0.0,-449080.0,271,6486430.0
3211,468700.0,0.0,0.0,-468700.0,271,6017730.0
3212,458580.0,0.0,0.0,-458580.0,271,5559150.0
3213,438180.0,0.0,0.0,-438180.0,271,5120970.0
3214,431780.0,0.0,0.0,-431780.0,271,4689190.0
3215,360260.0,0.0,0.0,-360260.0,271,4328930.0
3216,360260.0,0.0,0.0,-360260.0,271,3968670.0
3217,348020.0,0.0,0.0,-348020.0,271,3620650.0
3218,348020.0,65.95,112115.00000000001,-235905.0,271,3384745.0
3219,348020.0,241.45,410465.0,62445.0,272,3447190.0
3220,344600.0,434.4,738479.9999999999,393879.9999999999,272,3841070.0
3221,307000.0,614.3,1044310.0,737310.0,272,4578380.0
3222,324820.0,789.95,1342915.0,1018095.0,272,5596475.0
3223,365660.0,909.1,1545470.0,1179810.0,272,6776285.0
3224,369460.0,933.0,1586100.0,1216640.0,272,7992925.0
3225,422480.0,928.6,1578620.0,1156140.0,272,9000000.0
3226,422480.0,827.7,1407090.0,984610.0,272,9000000.0
3227,433100.0,675.2,1147840.0,714740.0,272,9000000.0
3228,431635.0,480.45,816765.0,385130.0,272,9000000.0
3229,387200.0,263.55,448035.0,60835.0,272,9000000.0
3230,387200.0,72.2,122740.0,-264460.0,273,8735540.0
3231,373770.0,0.0,0.0,-373770.0,273,8361770.0
3232,981790.0,0.0,0.0,-981790.0,273,7379980.0
3233,440560.0,0.0,0.0,-440560.0,273,6939420.0
3234,449080.0,0.0,0.0,-449080.0,273,6490340.0
3235,468700.0,0.0,0.0,-468700.0,273,6021640.0
3236,458580.0,0.0,0.0,-458580.0,273,5563060.0
3237,438180.0,0.0,0.0,-438180.0,273,5124880.0
3238,431780.0,0.0,0.0,-431780.0,273,4693100.0
3239,360260.0,0.0,0.0,-360260.0,273,4332840.0
3240,360260.0,0.0,0.0,-360260.0,273,3972580.0
3241,428760.0,0.0,0.0,-428760.0,273,3543820.0
3242,384360.0,70.05,119085.0,-265275.0,273,3278545.0
3243,384360.0,268.0,455600.0,71240.0,274,3349785.0
3244,368820.0,496.95,844815.0,475995.0,274,3825780.0
3245,368220.0,690.1,1173170.0,804950.0,274,4630730.0
3246,386040.0,862.2,1465740.0000000002,1079700.0000000002,274,5710430.0
3247,342340.0,958.45,1629365.0,1287025.0,274,6997455.0
3248,348840.0,992.15,1686655.0,1337815.0,274,8335270.0
3249,432940.0,964.5,1639650.0,1206710.0,274,9000000.0
3250,443560.0,775.45,1318265.0000000002,874705.0000000002,274,9000000.0
3251,485560.0,574.65,976905.0,491345.0,274,9000000.0
3252,485560.0,458.35,779195.0000000001,293635.0000000001,274,9000000.0
3253,446080.0,269.9,458830.0,12750.0,274,9000000.0
3254,1181760.0,75.15,127755.00000000001,-1054005.0,275,7945995.0
3255,592580.0,0.0,0.0,-592580.0,275,7353415.0
3256,483200.0,0.0,0.0,-483200.0,275,6870215.0
3257,483500.0,0.0,0.0,-483500.0,275,6386715.0
3258,484500.0,0.0,0.0,-484500.0,275,5902215.0
3259,485400.0,0.0,0.0,-485400.0,275,5416815.0
3260,478100.0,0.0,0.0,-478100.0,275,4938715.0
3261,478700.0,0.0,0.0,-478700.0,275,4460015.0
3262,451480.0,0.0,0.0,-451480.0,275,4008535.0
3263,451480.0,0.0,0.0,-451480.0,275,3557055.0
3264,451480.0,0.0,0.0,-451480.0,275,3105575.0
3265,428760.0,0.0,0.0,-428760.0,275,2676815.0
3266,384360.0,79.9,135830.0,-248530.0,275,2428285.0
3267,384360.0,281.25,478125.0,93765.0,276,2522050.0
3268,368820.0,500.3,850509.9999999999,481689.9999999999,276,3003740.0
3269,368220.0,697.95,1186515.0000000002,818295.0000000002,276,3822035.0
3270,386040.0,842.3,1431909.9999999998,1045869.9999999998,276,4867905.0
3271,342340.0,948.75,1612875.0,1270535.0,276,6138440.0
3272,348840.0,986.2,1676540.0000000002,1327700.0000000002,276,7466140.0
3273,432940.0,941.55,1600635.0,1167695.0,276,8633835.0
3274,443560.0,844.95,1436415.0000000002,992855.0000000002,276,9000000.0
3275,485560.0,686.7,1167390.0000000002,681830.0000000002,276,9000000.0
3276,485560.0,476.1,809370.0,323810.0,276,9000000.0
3277,446080.0,268.5,456450.0,10370.0,276,9000000.0
3278,1181760.0,74.0,125800.0,-1055960.0,277,7944040.0
3279,592580.0,0.0,0.0,-592580.0,277,7351460.0
3280,483200.0,0.0,0.0,-483200.0,277,6868260.0
3281,483500.0,0.0,0.0,-483500.0,277,6384760.0
3282,484500.0,0.0,0.0,-484500.0,277,5900260.0
3283,485400.0,0.0,0.0,-485400.0,277,5414860.0
3284,478100.0,0.0,0.0,-478100.0,277,4936760.0
3285,478700.0,0.0,0.0,-478700.0,277,4458060.0
3286,451480.0,0.0,0.0,-451480.0,277,4006580.0
3287,451480.0,0.0,0.0,-451480.0,277,3555100.0
3288,451480.0,0.0,0.0,-451480.0,277,3103620.0
3289,348020.0,0.0,0.0,-348020.0,277,2755600.0
3290,348020.0,75.5,128350.0,-219670.0,277,2535930.0
3291,348020.0,260.8,443360.00000000006,95340.00000000006,278,2631270.0
3292,344600.0,423.35,719695.0,375095.0,278,3006365.0
3293,307000.0,622.1,1057570.0,750570.0,278,3756935.0
3294,324820.0,798.35,1357195.0,1032375.0,278,4789310.0
3295,365660.0,923.1,1569270.0,1203610.0,278,5992920.0
3296,369460.0,968.15,1645855.0,1276395.0,278,7269315.0
3297,422480.0,944.9,1606330.0,1183850.0,278,8453165.0
3298,422480.0,844.8,1436160.0,1013680.0,278,9000000.0
3299,433100.0,667.4,1134580.0,701480.0,278,9000000.0
3300,431635.0,435.4,740179.9999999999,308544.9999999999,278,9000000.0
3301,387200.0,253.7,431289.99999999994,44089.99999999994,278,9000000.0
3302,387200.0,75.0,127500.0,-259700.0,279,8740300.0
3303,373770.0,0.0,0.0,-373770.0,279,8366530.0
3304,981790.0,0.0,0.0,-981790.0,279,7384740.0
3305,440560.0,0.0,0.0,-440560.0,279,6944180.0
3306,449080.0,0.0,0.0,-449080.0,279,6495100.0
3307,468700.0,0.0,0.0,-468700.0,279,6026400.0
3308,458580.0,0.0,0.0,-458580.0,279,5567820.0
3309,438180.0,0.0,0.0,-438180.0,279,5129640.0
3310,431780.0,0.0,0.0,-431780.0,279,4697860.0
3311,360260.0,0.0,0.0,-360260.0,279,4337600.0
3312,360260.0,0.0,0.0,-360260.0,279,3977340.0
3313,348020.0,0.0,0.0,-348020.0,279,3629320.0
3314,348020.0,81.7,138890.00000000003,-209129.99999999997,279,3420190.0
3315,348020.0,260.0,442000.0,93980.0,280,3514170.0
3316,344600.0,441.55,750635.0,406035.0,280,3920205.0
3317,307000.0,699.6,1189320.0,882320.0,280,4802525.0
3318,324820.0,859.65,1461405.0,1136585.0,280,5939110.0
3319,365660.0,964.1,1638970.0000000002,1273310.0000000002,280,7212420.0
3320,369460.0,1000.1,1700170.0,1330710.0,280,8543130.0
3321,422480.0,965.25,1640925.0,1218445.0,280,9000000.0
3322,422480.0,863.55,1468034.9999999998,1045554.9999999998,280,9000000.0
3323,433100.0,704.5,1197650.0,764550.0,280,9000000.0
3324,431635.0,502.2,853740.0,422105.0,280,9000000.0
3325,387200.0,279.2,474640.0,87440.0,280,9000000.0
3326,387200.0,79.7,135490.0,-251710.0,281,8748290.0
3327,373770.0,0.0,0.0,-373770.0,281,8374520.0
3328,981790.0,0.0,0.0,-981790.0,281,7392730.0
3329,440560.0,0.0,0.0,-440560.0,281,6952170.0
3330,449080.0,0.0,0.0,-449080.0,281,6503090.0
3331,468700.0,0.0,0.0,-468700.0,281,6034390.0
3332,458580.0,0.0,0.0,-458580.0,281,5575810.0
3333,438180.0,0.0,0.0,-438180.0,281,5137630.0
3334,431780.0,0.0,0.0,-431780.0,281,4705850.0
3335,360260.0,0.0,0.0,-360260.0,281,4345590.0
3336,360260.0,0.0,0.0,-360260.0,281,3985330.0
3337,348020.0,0.0,0.0,-348020.0,281,3637310.0
3338,348020.0,75.7,128690.0,-219330.0,281,3417980.0
3339,348020.0,245.45,417265.0,69245.0,282,3487225.0
3340,344600.0,475.5,808350.0,463750.0,282,3950975.0
3341,307000.0,708.45,1204365.0,897365.0,282,4848340.0
3342,324820.0,866.6,1473220.0,1148400.0,282,5996740.0
3343,365660.0,965.25,1640925.0,1275265.0,282,7272005.0
3344,369460.0,997.55,1695834.9999999998,1326374.9999999998,282,8598380.0
3345,422480.0,961.1,1633870.0000000002,1211390.0000000002,282,9000000.0
3346,422480.0,859.95,1461915.0,1039435.0,282,9000000.0
3347,433100.0,699.75,1189575.0,756475.0,282,9000000.0
3348,431635.0,497.4,845579.9999999999,413944.9999999999,282,9000000.0
3349,387200.0,275.9,469030.0,81830.0,282,9000000.0
3350,387200.0,79.05,134385.0,-252815.0,283,8747185.0
3351,373770.0,0.0,0.0,-373770.0,283,8373415.0
3352,981790.0,0.0,0.0,-981790.0,283,7391625.0
3353,440560.0,0.0,0.0,-440560.0,283,6951065.0
3354,449080.0,0.0,0.0,-449080.0,283,6501985.0
3355,468700.0,0.0,0.0,-468700.0,283,6033285.0
3356,458580.0,0.0,0.0,-458580.0,283,5574705.0
3357,438180.0,0.0,0.0,-438180.0,283,5136525.0
3358,431780.0,0.0,0.0,-431780.0,283,4704745.0
3359,360260.0,0.0,0.0,-360260.0,283,4344485.0
3360,360260.0,0.0,0.0,-360260.0,283,3984225.0
3361,348020.0,0.0,0.0,-348020.0,283,3636205.0
3362,348020.0,84.55,143735.0,-204285.0,283,3431920.0
3363,348020.0,280.1,476170.0,128150.0,284,3560070.0
3364,344600.0,492.55,837335.0,492735.0,284,4052805.0
3365,307000.0,696.95,1184815.0000000002,877815.0000000002,284,4930620.0
3366,324820.0,852.4,1449079.9999999998,1124259.9999999998,284,6054880.0
3367,365660.0,949.4,1613980.0,1248320.0,284,7303200.0
3368,369460.0,982.05,1669485.0,1300025.0,284,8603225.0
3369,422480.0,946.65,1609305.0,1186825.0,284,9000000.0
3370,422480.0,846.6,1439220.0,1016740.0,284,9000000.0
3371,433100.0,690.25,1173425.0,740325.0,284,9000000.0
3372,431635.0,488.5,830450.0,398815.0,284,9000000.0
3373,387200.0,271.0,460700.0,73500.0,284,9000000.0
3374,387200.0,77.6,131919.99999999997,-255280.00000000003,285,8744720.0
3375,373770.0,0.0,0.0,-373770.0,285,8370950.0
3376,981790.0,0.0,0.0,-981790.0,285,7389160.0
3377,440560.0,0.0,0.0,-440560.0,285,6948600.0
3378,449080.0,0.0,0.0,-449080.0,285,6499520.0
3379,468700.0,0.0,0.0,-468700.0,285,6030820.0
3380,458580.0,0.0,0.0,-458580.0,285,5572240.0
3381,438180.0,0.0,0.0,-438180.0,285,5134060.0
3382,431780.0,0.0,0.0,-431780.0,285,4702280.0
3383,360260.0,0.0,0.0,-360260.0,285,4342020.0
3384,360260.0,0.0,0.0,-360260.0,285,3981760.0
3385,348020.0,0.0,0.0,-348020.0,285,3633740.0
3386,348020.0,82.6,140420.0,-207600.0,285,3426140.0
3387,348020.0,273.15,464355.0,116335.0,286,3542475.0
3388,344600.0,488.0,829600.0,485000.0,286,4027475.0
3389,307000.0,685.0,1164500.0,857500.0,286,4884975.0
3390,324820.0,839.8,1427660.0,1102840.0,286,5987815.0
3391,365660.0,932.35,1584995.0,1219335.0,286,7207150.0
3392,369460.0,965.45,1641265.0,1271805.0,286,8478955.0
3393,422480.0,932.8,1585760.0,1163280.0,286,9000000.0
3394,422480.0,836.05,1421285.0,998805.0,286,9000000.0
3395,433100.0,683.0,1161100.0,728000.0,286,9000000.0
3396,431635.0,485.9,826030.0,394395.0,286,9000000.0
3397,387200.0,268.8,456960.00000000006,69760.00000000006,286,9000000.0
3398,387200.0,75.4,128180.00000000001,-259020.0,287,8740980.0
3399,373770.0,0.0,0.0,-373770.0,287,8367210.0
3400,981790.0,0.0,0.0,-981790.0,287,7385420.0
3401,440560.0,0.0,0.0,-440560.0,287,6944860.0
3402,449080.0,0.0,0.0,-449080.0,287,6495780.0
3403,468700.0,0.0,0.0,-468700.0,287,6027080.0
3404,458580.0,0.0,0.0,-458580.0,287,5568500.0
3405,438180.0,0.0,0.0,-438180.0,287,5130320.0
3406,431780.0,0.0,0.0,-431780.0,287,4698540.0
3407,360260.0,0.0,0.0,-360260.0,287,4338280.0
3408,360260.0,0.0,0.0,-360260.0,287,3978020.0
3409,428760.0,0.0,0.0,-428760.0,287,3549260.0
3410,384360.0,82.45,140165.00000000003,-244194.99999999997,287,3305065.0
3411,384360.0,274.7,466990.0,82630.0,288,3387695.0
3412,368820.0,490.25,833425.0,464605.0,288,3852300.0
3413,368220.0,685.95,1166115.0000000002,797895.0000000002,288,4650195.0
3414,386040.0,841.45,1430465.0,1044425.0,288,5694620.0
3415,342340.0,940.8,1599360.0,1257020.0,288,6951640.0
3416,348840.0,974.5,1656650.0,1307810.0,288,8259450.0
3417,432940.0,940.8,1599360.0,1166420.0,288,9000000.0
3418,443560.0,842.8,1432760.0,989200.0,288,9000000.0
3419,485560.0,689.35,1171895.0,686335.0,288,9000000.0
3420,485560.0,489.55,832235.0,346675.0,288,9000000.0
3421,446080.0,270.55,459935.0,13855.0,288,9000000.0
3422,1181760.0,78.85,134044.99999999997,-1047715.0,289,7952285.0
3423,592580.0,0.0,0.0,-592580.0,289,7359705.0
3424,483200.0,0.0,0.0,-483200.0,289,6876505.0
3425,483500.0,0.0,0.0,-483500.0,289,6393005.0
3426,484500.0,0.0,0.0,-484500.0,289,5908505.0
3427,485400.0,0.0,0.0,-485400.0,289,5423105.0
3428,478100.0,0.0,0.0,-478100.0,289,4945005.0
3429,478700.0,0.0,0.0,-478700.0,289,4466305.0
3430,451480.0,0.0,0.0,-451480.0,289,4014825.0
3431,451480.0,0.0,0.0,-451480.0,289,3563345.0
3432,451480.0,0.0,0.0,-451480.0,289,3111865.0
3433,428760.0,0.0,0.0,-428760.0,289,2683105.0
3434,384360.0,75.2,127840.0,-256520.0,289,2426585.0
3435,384360.0,246.85,419645.0,35285.0,290,2461870.0
3436,368820.0,484.35,823395.0,454575.0,290,2916445.0
3437,368220.0,666.9,1133729.9999999998,765509.9999999998,290,3681955.0
3438,386040.0,846.35,1438795.0,1052755.0,290,4734710.0
3439,342340.0,909.2,1545640.0,1203300.0,290,5938010.0
3440,348840.0,974.35,1656395.0,1307555.0,290,7245565.0
3441,432940.0,937.7,1594090.0000000002,1161150.0000000002,290,8406715.0
3442,443560.0,841.15,1429955.0,986395.0,290,9000000.0
3443,485560.0,684.9,1164330.0,678770.0,290,9000000.0
3444,485560.0,488.05,829685.0,344125.0,290,9000000.0
3445,446080.0,270.6,460020.0,13940.0,290,9000000.0
3446,1181760.0,79.75,135575.0,-1046185.0,291,7953815.0
3447,592580.0,0.0,0.0,-592580.0,291,7361235.0
3448,483200.0,0.0,0.0,-483200.0,291,6878035.0
3449,483500.0,0.0,0.0,-483500.0,291,6394535.0
3450,484500.0,0.0,0.0,-484500.0,291,5910035.0
3451,485400.0,0.0,0.0,-485400.0,291,5424635.0
3452,478100.0,0.0,0.0,-478100.0,291,4946535.0
3453,478700.0,0.0,0.0,-478700.0,291,4467835.0
3454,451480.0,0.0,0.0,-451480.0,291,4016355.0
3455,451480.0,0.0,0.0,-451480.0,291,3564875.0
3456,451480.0,0.0,0.0,-451480.0,291,3113395.0
3457,348020.0,0.0,0.0,-348020.0,291,2765375.0
3458,348020.0,81.5,138550.0,-209470.0,291,2555905.0
3459,348020.0,265.3,451010.00000000006,102990.00000000006,292,2658895.0
3460,344600.0,481.85,819145.0,474545.0,292,3133440.0
3461,307000.0,659.4,1120980.0,813980.0,292,3947420.0
3462,324820.0,829.6,1410320.0,1085500.0,292,5032920.0
3463,365660.0,921.35,1566295.0,1200635.0,292,6233555.0
3464,369460.0,957.55,1627834.9999999998,1258374.9999999998,292,7491930.0
3465,422480.0,933.45,1586865.0,1164385.0,292,8656315.0
3466,422480.0,833.7,1417290.0,994810.0,292,9000000.0
3467,433100.0,677.7,1152090.0000000002,718990.0000000002,292,9000000.0
3468,431635.0,481.25,818125.0,386490.0,292,9000000.0
3469,387200.0,267.7,455090.0,67890.0,292,9000000.0
3470,387200.0,79.45,135065.0,-252135.0,293,8747865.0
3471,373770.0,0.0,0.0,-373770.0,293,8374095.0
3472,981790.0,0.0,0.0,-981790.0,293,7392305.0
3473,440560.0,0.0,0.0,-440560.0,293,6951745.0
3474,449080.0,0.0,0.0,-449080.0,293,6502665.0
3475,468700.0,0.0,0.0,-468700.0,293,6033965.0
3476,458580.0,0.0,0.0,-458580.0,293,5575385.0
3477,438180.0,0.0,0.0,-438180.0,293,5137205.0
3478,431780.0,0.0,0.0,-431780.0,293,4705425.0
3479,360260.0,0.0,0.0,-360260.0,293,4345165.0
3480,360260.0,0.0,0.0,-360260.0,293,3984905.0
3481,348020.0,0.0,0.0,-348020.0,293,3636885.0
3482,348020.0,77.55,131835.0,-216185.0,293,3420700.0
3483,348020.0,269.9,458830.0,110810.0,294,3531510.0
3484,344600.0,484.7,823989.9999999999,479389.9999999999,294,4010900.0
3485,307000.0,674.05,1145884.9999999998,838884.9999999998,294,4849785.0
3486,324820.0,833.9,1417630.0,1092810.0,294,5942595.0
3487,365660.0,908.3,1544110.0,1178450.0,294,7121045.0
3488,369460.0,964.8,1640160.0,1270700.0,294,8391745.0
3489,422480.0,932.15,1584654.9999999998,1162174.9999999998,294,9000000.0
3490,422480.0,834.65,1418905.0,996425.0,294,9000000.0
3491,433100.0,681.0,1157700.0,724600.0,294,9000000.0
3492,431635.0,485.7,825689.9999999999,394054.9999999999,294,9000000.0
3493,387200.0,272.3,462910.0,75710.0,294,9000000.0
3494,387200.0,81.6,138719.99999999997,-248480.00000000003,295,8751520.0
3495,373770.0,0.0,0.0,-373770.0,295,8377750.0
3496,981790.0,0.0,0.0,-981790.0,295,7395960.0
3497,440560.0,0.0,0.0,-440560.0,295,6955400.0
3498,449080.0,0.0,0.0,-449080.0,295,6506320.0
3499,468700.0,0.0,0.0,-468700.0,295,6037620.0
3500,458580.0,0.0,0.0,-458580.0,295,5579040.0
3501,438180.0,0.0,0.0,-438180.0,295,5140860.0
3502,431780.0,0.0,0.0,-431780.0,295,4709080.0
3503,360260.0,0.0,0.0,-360260.0,295,4348820.0
3504,360260.0,0.0,0.0,-360260.0,295,3988560.0
3505,348020.0,0.0,0.0,-348020.0,295,3640540.0
3506,348020.0,84.45,143565.0,-204455.0,295,3436085.0
3507,348020.0,273.85,465545.00000000006,117525.00000000006,296,3553610.0
3508,344600.0,488.0,829600.0,485000.0,296,4038610.0
3509,307000.0,683.0,1161100.0,854100.0,296,4892710.0
3510,324820.0,836.95,1422815.0000000002,1097995.0000000002,296,5990705.0
3511,365660.0,932.8,1585760.0,1220100.0,296,7210805.0
3512,369460.0,966.75,1643475.0,1274015.0,296,8484820.0
3513,422480.0,934.05,1587884.9999999998,1165404.9999999998,296,9000000.0
3514,422480.0,835.9,1421030.0,998550.0,296,9000000.0
3515,433100.0,680.9,1157530.0,724430.0,296,9000000.0
3516,431635.0,484.6,823820.0000000001,392185.0000000001,296,9000000.0
3517,387200.0,271.1,460870.0,73670.0,296,9000000.0
3518,387200.0,81.6,138719.99999999997,-248480.00000000003,297,8751520.0
3519,373770.0,0.0,0.0,-373770.0,297,8377750.0
3520,981790.0,0.0,0.0,-981790.0,297,7395960.0
3521,440560.0,0.0,0.0,-440560.0,297,6955400.0
3522,449080.0,0.0,0.0,-449080.0,297,6506320.0
3523,468700.0,0.0,0.0,-468700.0,297,6037620.0
3524,458580.0,0.0,0.0,-458580.0,297,5579040.0
3525,438180.0,0.0,0.0,-438180.0,297,5140860.0
3526,431780.0,0.0,0.0,-431780.0,297,4709080.0
3527,360260.0,0.0,0.0,-360260.0,297,4348820.0
3528,360260.0,0.0,0.0,-360260.0,297,3988560.0
3529,413940.0,0.0,0.0,-413940.0,297,3574620.0
3530,413940.0,85.05,144585.0,-269355.0,297,3305265.0
3531,336620.0,274.7,466990.0,130370.0,298,3435635.0
3532,333020.0,486.45,826965.0,493945.0,298,3929580.0
3533,330020.0,680.6,1157020.0,827000.0,298,4756580.0
3534,1081780.0,833.85,1417545.0,335765.0,298,5092345.0
3535,409140.0,929.25,1579725.0,1170585.0,298,6262930.0
3536,410340.0,964.6,1639820.0,1229480.0,298,7492410.0
3537,410340.0,932.3,1584909.9999999998,1174569.9999999998,298,8666980.0
3538,410340.0,833.9,1417630.0,1007290.0,298,9000000.0
3539,473460.0,679.25,1154725.0,681265.0,298,9000000.0
3540,420960.0,484.45,823565.0,402605.0,298,9000000.0
3541,420960.0,271.7,461890.0,40930.0,298,9000000.0
3542,420960.0,82.3,139910.0,-281050.0,299,8718950.0
3543,434280.0,0.0,0.0,-434280.0,299,8284670.0
3544,436980.0,0.0,0.0,-436980.0,299,7847690.0
3545,437280.0,0.0,0.0,-437280.0,299,7410410.0
3546,1161100.0,0.0,0.0,-1161100.0,299,6249310.0
3547,449700.0,0.0,0.0,-449700.0,299,5799610.0
3548,439380.0,0.0,0.0,-439380.0,299,5360230.0
3549,439980.0,0.0,0.0,-439980.0,299,4920250.0
3550,439580.0,0.0,0.0,-439580.0,299,4480670.0
3551,428960.0,0.0,0.0,-428960.0,299,4051710.0
3552,428960.0,0.0,0.0,-428960.0,299,3622750.0
3553,413940.0,0.0,0.0,-413940.0,299,3208810.0
3554,413940.0,77.6,131919.99999999997,-282020.0,299,2926790.0
3555,336620.0,228.35,388195.0,51575.0,300,2978365.0
3556,333020.0,449.6,764320.0,431300.0,300,3409665.0
3557,330020.0,631.75,1073975.0,743955.0,300,4153620.0
3558,1081780.0,820.25,1394425.0,312645.0,300,4466265.0
3559,409140.0,933.0,1586100.0,1176960.0,300,5643225.0
3560,410340.0,965.85,1641945.0,1231605.0,300,6874830.0
3561,410340.0,929.75,1580575.0,1170235.0,300,8045065.0
3562,410340.0,834.75,1419075.0,1008735.0,300,9000000.0
3563,473460.0,682.2,1159740.0,686280.0,300,9000000.0
3564,420960.0,486.6,827220.0000000001,406260.0000000001,300,9000000.0
3565,420960.0,269.45,458064.9999999999,37104.99999999988,300,9000000.0
3566,420960.0,81.4,138380.0,-282580.0,301,8717420.0
3567,434280.0,0.0,0.0,-434280.0,301,8283140.0
3568,436980.0,0.0,0.0,-436980.0,301,7846160.0
3569,437280.0,0.0,0.0,-437280.0,301,7408880.0
3570,1161100.0,0.0,0.0,-1161100.0,301,6247780.0
3571,449700.0,0.0,0.0,-449700.0,301,5798080.0
3572,439380.0,0.0,0.0,-439380.0,301,5358700.0
3573,439980.0,0.0,0.0,-439980.0,301,4918720.0
3574,439580.0,0.0,0.0,-439580.0,301,4479140.0
3575,428960.0,0.0,0.0,-428960.0,301,4050180.0
3576,428960.0,0.0,0.0,-428960.0,301,3621220.0
3577,428760.0,0.0,0.0,-428760.0,301,3192460.0
3578,384360.0,64.25,109225.0,-275135.0,301,2917325.0
3579,384360.0,232.15,394655.0,10295.0,302,2927620.0
3580,368820.0,413.55,703035.0,334215.0,302,3261835.0
3581,368220.0,636.05,1081285.0,713065.0,302,3974900.0
3582,386040.0,748.6,1272620.0,886580.0,302,4861480.0
3583,342340.0,855.15,1453755.0,1111415.0,302,5972895.0
3584,348840.0,869.8,1478659.9999999998,1129819.9999999998,302,7102715.0
3585,432940.0,859.4,1460979.9999999998,1028039.9999999998,302,8130755.0
3586,443560.0,787.65,1339005.0,895445.0,302,9000000.0
3587,485560.0,641.3,1090210.0,604650.0,302,9000000.0
3588,485560.0,452.95,770014.9999999999,284454.9999999999,302,9000000.0
3589,446080.0,231.4,393380.0,-52700.0,303,8947300.0
3590,1181760.0,70.4,119680.0,-1062080.0,303,7885220.0
3591,592580.0,0.0,0.0,-592580.0,303,7292640.0
3592,483200.0,0.0,0.0,-483200.0,303,6809440.0
3593,483500.0,0.0,0.0,-483500.0,303,6325940.0
3594,484500.0,0.0,0.0,-484500.0,303,5841440.0
3595,485400.0,0.0,0.0,-485400.0,303,5356040.0
3596,478100.0,0.0,0.0,-478100.0,303,4877940.0
3597,478700.0,0.0,0.0,-478700.0,303,4399240.0
3598,451480.0,0.0,0.0,-451480.0,303,3947760.0
3599,451480.0,0.0,0.0,-451480.0,303,3496280.0
3600,451480.0,0.0,0.0,-451480.0,303,3044800.0
3601,428760.0,0.0,0.0,-428760.0,303,2616040.0
3602,384360.0,61.75,104975.0,-279385.0,303,2336655.0
3603,384360.0,207.15,352155.0,-32205.0,303,2304450.0
3604,368820.0,414.3,704310.0,335490.0,304,2639940.0
3605,368220.0,529.1,899470.0,531250.0,304,3171190.0
3606,386040.0,626.0,1064200.0,678160.0,304,3849350.0
3607,342340.0,766.2,1302540.0,960200.0,304,4809550.0
3608,348840.0,824.7,1401990.0000000002,1053150.0000000002,304,5862700.0
3609,432940.0,769.45,1308065.0000000002,875125.0000000002,304,6737825.0
3610,443560.0,703.4,1195780.0,752220.0,304,7490045.0
3611,485560.0,553.4,940780.0,455220.0,304,7945265.0
3612,485560.0,435.85,740945.0,255385.0,304,8200650.0
3613,446080.0,231.05,392785.0,-53295.0,305,8147355.0
3614,1181760.0,72.55,123335.0,-1058425.0,305,7088930.0
3615,592580.0,0.0,0.0,-592580.0,305,6496350.0
3616,483200.0,0.0,0.0,-483200.0,305,6013150.0
3617,483500.0,0.0,0.0,-483500.0,305,5529650.0
3618,484500.0,0.0,0.0,-484500.0,305,5045150.0
3619,485400.0,0.0,0.0,-485400.0,305,4559750.0
3620,478100.0,0.0,0.0,-478100.0,305,4081650.0
3621,478700.0,0.0,0.0,-478700.0,305,3602950.0
3622,451480.0,0.0,0.0,-451480.0,305,3151470.0
3623,451480.0,0.0,0.0,-451480.0,305,2699990.0
3624,451480.0,0.0,0.0,-451480.0,305,2248510.0
3625,348020.0,0.0,0.0,-348020.0,305,1900490.0
3626,348020.0,57.85,98345.0,-249675.0,305,1650815.0
3627,348020.0,206.3,350710.0,2690.0,306,1653505.0
3628,344600.0,397.15,675155.0,330555.0,306,1984060.0
3629,307000.0,551.25,937125.0,630125.0,306,2614185.0
3630,324820.0,653.9,1111629.9999999998,786809.9999999998,306,3400995.0
3631,365660.0,838.9,1426130.0,1060470.0,306,4461465.0
3632,369460.0,771.8,1312059.9999999998,942599.9999999998,306,5404065.0
3633,422480.0,846.15,1438455.0,1015975.0,306,6420040.0
3634,422480.0,703.85,1196545.0,774065.0,306,7194105.0
3635,433100.0,598.65,1017705.0,584605.0,306,7778710.0
3636,431635.0,442.9,752929.9999999999,321294.9999999999,306,8100005.0
3637,387200.0,245.6,417519.99999999994,30319.99999999994,306,8130325.0
3638,387200.0,72.45,123165.0,-264035.0,307,7866290.0
3639,373770.0,0.0,0.0,-373770.0,307,7492520.0
3640,981790.0,0.0,0.0,-981790.0,307,6510730.0
3641,440560.0,0.0,0.0,-440560.0,307,6070170.0
3642,449080.0,0.0,0.0,-449080.0,307,5621090.0
3643,468700.0,0.0,0.0,-468700.0,307,5152390.0
3644,458580.0,0.0,0.0,-458580.0,307,4693810.0
3645,438180.0,0.0,0.0,-438180.0,307,4255630.0
3646,431780.0,0.0,0.0,-431780.0,307,3823850.0
3647,360260.0,0.0,0.0,-360260.0,307,3463590.0
3648,360260.0,0.0,0.0,-360260.0,307,3103330.0
3649,348020.0,0.0,0.0,-348020.0,307,2755310.0
3650,348020.0,47.8,81259.99999999999,-266760.0,307,2488550.0
3651,348020.0,195.2,331839.99999999994,-16180.000000000058,307,2472370.0
3652,344600.0,376.05,639285.0,294685.0,308,2767055.0
3653,307000.0,496.7,844390.0,537390.0,308,3304445.0
3654,324820.0,702.1,1193570.0,868750.0,308,4173195.0
3655,365660.0,719.1,1222470.0000000002,856810.0000000002,308,5030005.0
3656,369460.0,906.35,1540795.0,1171335.0,308,6201340.0
3657,422480.0,818.8,1391960.0,969480.0,308,7170820.0
3658,422480.0,789.55,1342235.0,919755.0,308,8090575.0
3659,433100.0,643.7,1094290.0,661190.0,308,8751765.0
3660,431635.0,456.65,776305.0,344670.0,308,9000000.0
3661,387200.0,262.85,446845.0,59645.0,308,9000000.0
3662,387200.0,81.4,138380.0,-248820.0,309,8751180.0
3663,373770.0,0.0,0.0,-373770.0,309,8377410.0
3664,981790.0,0.0,0.0,-981790.0,309,7395620.0
3665,440560.0,0.0,0.0,-440560.0,309,6955060.0
3666,449080.0,0.0,0.0,-449080.0,309,6505980.0
3667,468700.0,0.0,0.0,-468700.0,309,6037280.0
3668,458580.0,0.0,0.0,-458580.0,309,5578700.0
3669,438180.0,0.0,0.0,-438180.0,309,5140520.0
3670,431780.0,0.0,0.0,-431780.0,309,4708740.0
3671,360260.0,0.0,0.0,-360260.0,309,4348480.0
3672,360260.0,0.0,0.0,-360260.0,309,3988220.0
3673,348020.0,0.0,0.0,-348020.0,309,3640200.0
3674,348020.0,55.7,94690.0,-253330.0,309,3386870.0
3675,348020.0,198.5,337450.0,-10570.0,309,3376300.0
3676,344600.0,371.3,631210.0,286610.0,310,3662910.0
3677,307000.0,590.6,1004020.0,697020.0,310,4359930.0
3678,324820.0,787.65,1339005.0,1014185.0,310,5374115.0
3679,365660.0,884.95,1504415.0,1138755.0,310,6512870.0
3680,369460.0,926.0,1574200.0,1204740.0,310,7717610.0
3681,422480.0,913.65,1553205.0,1130725.0,310,8848335.0
3682,422480.0,818.35,1391195.0,968715.0,310,9000000.0
3683,433100.0,659.7,1121490.0000000002,688390.0000000002,310,9000000.0
3684,431635.0,477.4,811580.0,379945.0,310,9000000.0
3685,387200.0,266.3,452710.00000000006,65510.00000000006,310,9000000.0
3686,387200.0,82.65,140505.0,-246695.0,311,8753305.0
3687,373770.0,0.0,0.0,-373770.0,311,8379535.0
3688,981790.0,0.0,0.0,-981790.0,311,7397745.0
3689,440560.0,0.0,0.0,-440560.0,311,6957185.0
3690,449080.0,0.0,0.0,-449080.0,311,6508105.0
3691,468700.0,0.0,0.0,-468700.0,311,6039405.0
3692,458580.0,0.0,0.0,-458580.0,311,5580825.0
3693,438180.0,0.0,0.0,-438180.0,311,5142645.0
3694,431780.0,0.0,0.0,-431780.0,311,4710865.0
3695,360260.0,0.0,0.0,-360260.0,311,4350605.0
3696,360260.0,0.0,0.0,-360260.0,311,3990345.0
3697,348020.0,0.0,0.0,-348020.0,311,3642325.0
3698,348020.0,72.05,122485.0,-225535.0,311,3416790.0
3699,348020.0,223.25,379525.0,31505.0,312,3448295.0
3700,344600.0,418.4,711280.0,366680.0,312,3814975.0
3701,307000.0,607.9,1033430.0,726430.0,312,4541405.0
3702,324820.0,783.05,1331184.9999999998,1006364.9999999998,312,5547770.0
3703,365660.0,893.5,1518950.0,1153290.0,312,6701060.0
3704,369460.0,941.05,1599785.0,1230325.0,312,7931385.0
3705,422480.0,896.45,1523965.0000000002,1101485.0000000002,312,9000000.0
3706,422480.0,809.9,1376830.0,954350.0,312,9000000.0
3707,433100.0,662.9,1126929.9999999998,693829.9999999998,312,9000000.0
3708,431635.0,456.4,775880.0,344245.0,312,9000000.0
3709,387200.0,235.75,400775.0,13575.0,312,9000000.0
3710,387200.0,77.5,131750.0,-255450.0,313,8744550.0
3711,373770.0,0.0,0.0,-373770.0,313,8370780.0
3712,981790.0,0.0,0.0,-981790.0,313,7388990.0
3713,440560.0,0.0,0.0,-440560.0,313,6948430.0
3714,449080.0,0.0,0.0,-449080.0,313,6499350.0
3715,468700.0,0.0,0.0,-468700.0,313,6030650.0
3716,458580.0,0.0,0.0,-458580.0,313,5572070.0
3717,438180.0,0.0,0.0,-438180.0,313,5133890.0
3718,431780.0,0.0,0.0,-431780.0,313,4702110.0
3719,360260.0,0.0,0.0,-360260.0,313,4341850.0
3720,360260.0,0.0,0.0,-360260.0,313,3981590.0
3721,348020.0,0.0,0.0,-348020.0,313,3633570.0
3722,348020.0,67.55,114835.0,-233185.0,313,3400385.0
3723,348020.0,246.25,418625.0,70605.0,314,3470990.0
3724,344600.0,416.95,708815.0,364215.0,314,3835205.0
3725,307000.0,638.8,1085959.9999999998,778959.9999999998,314,4614165.0
3726,324820.0,770.65,1310105.0,985285.0,314,5599450.0
3727,365660.0,853.4,1450779.9999999998,1085119.9999999998,314,6684570.0
3728,369460.0,936.35,1591795.0,1222335.0,314,7906905.0
3729,422480.0,905.4,1539180.0,1116700.0,314,9000000.0
3730,422480.0,816.0,1387200.0,964720.0,314,9000000.0
3731,433100.0,662.55,1126335.0,693235.0,314,9000000.0
3732,431635.0,475.95,809115.0,377480.0,314,9000000.0
3733,387200.0,263.0,447100.0,59900.0,314,9000000.0
3734,387200.0,84.75,144075.0,-243125.0,315,8756875.0
3735,373770.0,0.0,0.0,-373770.0,315,8383105.0
3736,981790.0,0.0,0.0,-981790.0,315,7401315.0
3737,440560.0,0.0,0.0,-440560.0,315,6960755.0
3738,449080.0,0.0,0.0,-449080.0,315,6511675.0
3739,468700.0,0.0,0.0,-468700.0,315,6042975.0
3740,458580.0,0.0,0.0,-458580.0,315,5584395.0
3741,438180.0,0.0,0.0,-438180.0,315,5146215.0
3742,431780.0,0.0,0.0,-431780.0,315,4714435.0
3743,360260.0,0.0,0.0,-360260.0,315,4354175.0
3744,360260.0,0.0,0.0,-360260.0,315,3993915.0
3745,428760.0,0.0,0.0,-428760.0,315,3565155.0
3746,384360.0,59.8,101660.0,-282700.0,315,3282455.0
3747,384360.0,223.0,379100.0,-5260.0,315,3277195.0
3748,368820.0,399.35,678895.0000000001,310075.0000000001,316,3587270.0
3749,368220.0,583.65,992205.0,623985.0,316,4211255.0
3750,386040.0,689.45,1172065.0,786025.0,316,4997280.0
3751,342340.0,794.2,1350140.0,1007800.0,316,6005080.0
3752,348840.0,823.55,1400035.0,1051195.0,316,7056275.0
3753,432940.0,852.45,1449165.0,1016225.0,316,8072500.0
3754,443560.0,788.7,1340790.0000000002,897230.0000000002,316,8969730.0
3755,485560.0,644.25,1095225.0,609665.0,316,9000000.0
3756,485560.0,467.75,795175.0,309615.0,316,9000000.0
3757,446080.0,259.85,441745.00000000006,-4334.999999999942,317,8995665.0
3758,1181760.0,81.35,138294.99999999997,-1043465.0,317,7952200.0
3759,592580.0,0.0,0.0,-592580.0,317,7359620.0
3760,483200.0,0.0,0.0,-483200.0,317,6876420.0
3761,483500.0,0.0,0.0,-483500.0,317,6392920.0
3762,484500.0,0.0,0.0,-484500.0,317,5908420.0
3763,485400.0,0.0,0.0,-485400.0,317,5423020.0
3764,478100.0,0.0,0.0,-478100.0,317,4944920.0
3765,478700.0,0.0,0.0,-478700.0,317,4466220.0
3766,451480.0,0.0,0.0,-451480.0,317,4014740.0
3767,451480.0,0.0,0.0,-451480.0,317,3563260.0
3768,451480.0,0.0,0.0,-451480.0,317,3111780.0
3769,428760.0,0.0,0.0,-428760.0,317,2683020.0
3770,384360.0,73.75,125375.0,-258985.0,317,2424035.0
3771,384360.0,251.45,427465.0,43105.0,318,2467140.0
3772,368820.0,428.8,728960.0,360140.0,318,2827280.0
3773,368220.0,603.6,1026120.0,657900.0,318,3485180.0
3774,386040.0,786.7,1337390.0000000002,951350.0000000002,318,4436530.0
3775,342340.0,855.6,1454520.0,1112180.0,318,5548710.0
3776,348840.0,902.9,1534929.9999999998,1186089.9999999998,318,6734800.0
3777,432940.0,824.8,1402160.0,969220.0,318,7704020.0
3778,443560.0,795.75,1352775.0,909215.0,318,8613235.0
3779,485560.0,656.7,1116390.0000000002,630830.0000000002,318,9000000.0
3780,485560.0,466.6,793220.0,307660.0,318,9000000.0
3781,446080.0,264.5,449650.0,3570.0,318,9000000.0
3782,1181760.0,84.85,144245.0,-1037515.0,319,7962485.0
3783,592580.0,0.0,0.0,-592580.0,319,7369905.0
3784,483200.0,0.0,0.0,-483200.0,319,6886705.0
3785,483500.0,0.0,0.0,-483500.0,319,6403205.0
3786,484500.0,0.0,0.0,-484500.0,319,5918705.0
3787,485400.0,0.0,0.0,-485400.0,319,5433305.0
3788,478100.0,0.0,0.0,-478100.0,319,4955205.0
3789,478700.0,0.0,0.0,-478700.0,319,4476505.0
3790,451480.0,0.0,0.0,-451480.0,319,4025025.0
3791,451480.0,0.0,0.0,-451480.0,319,3573545.0
3792,451480.0,0.0,0.0,-451480.0,319,3122065.0
3793,348020.0,0.0,0.0,-348020.0,319,2774045.0
3794,348020.0,65.95,112115.00000000001,-235905.0,319,2538140.0
3795,348020.0,178.0,302600.0,-45420.0,319,2492720.0
3796,344600.0,379.85,645745.0,301145.0,320,2793865.0
3797,307000.0,591.5,1005550.0,698550.0,320,3492415.0
3798,324820.0,697.5,1185750.0,860930.0,320,4353345.0
3799,365660.0,888.8,1510959.9999999998,1145299.9999999998,320,5498645.0
3800,369460.0,910.15,1547255.0,1177795.0,320,6676440.0
3801,422480.0,896.3,1523710.0,1101230.0,320,7777670.0
3802,422480.0,804.65,1367905.0,945425.0,320,8723095.0
3803,433100.0,656.75,1116475.0,683375.0,320,9000000.0
3804,431635.0,467.5,794750.0,363115.0,320,9000000.0
3805,387200.0,264.3,449310.00000000006,62110.00000000006,320,9000000.0
3806,387200.0,83.6,142120.0,-245080.0,321,8754920.0
3807,373770.0,0.0,0.0,-373770.0,321,8381150.0
3808,981790.0,0.0,0.0,-981790.0,321,7399360.0
3809,440560.0,0.0,0.0,-440560.0,321,6958800.0
3810,449080.0,0.0,0.0,-449080.0,321,6509720.0
3811,468700.0,0.0,0.0,-468700.0,321,6041020.0
3812,458580.0,0.0,0.0,-458580.0,321,5582440.0
3813,438180.0,0.0,0.0,-438180.0,321,5144260.0
3814,431780.0,0.0,0.0,-431780.0,321,4712480.0
3815,360260.0,0.0,0.0,-360260.0,321,4352220.0
3816,360260.0,0.0,0.0,-360260.0,321,3991960.0
3817,348020.0,0.0,0.0,-348020.0,321,3643940.0
3818,348020.0,70.0,119000.0,-229020.0,321,3414920.0
3819,348020.0,206.25,350625.0,2605.0,322,3417525.0
3820,344600.0,431.7,733890.0,389290.0,322,3806815.0
3821,307000.0,559.0,950300.0,643300.0,322,4450115.0
3822,324820.0,766.85,1303645.0,978825.0,322,5428940.0
3823,365660.0,856.25,1455625.0,1089965.0,322,6518905.0
3824,369460.0,878.8,1493959.9999999998,1124499.9999999998,322,7643405.0
3825,422480.0,867.4,1474580.0,1052100.0,322,8695505.0
3826,422480.0,792.7,1347590.0000000002,925110.0000000002,322,9000000.0
3827,433100.0,650.35,1105595.0,672495.0,322,9000000.0
3828,431635.0,457.95,778514.9999999999,346879.9999999999,322,9000000.0
3829,387200.0,259.6,441320.0,54120.0,322,9000000.0
3830,387200.0,84.25,143225.0,-243975.0,323,8756025.0
3831,373770.0,0.0,0.0,-373770.0,323,8382255.0
3832,981790.0,0.0,0.0,-981790.0,323,7400465.0
3833,440560.0,0.0,0.0,-440560.0,323,6959905.0
3834,449080.0,0.0,0.0,-449080.0,323,6510825.0
3835,468700.0,0.0,0.0,-468700.0,323,6042125.0
3836,458580.0,0.0,0.0,-458580.0,323,5583545.0
3837,438180.0,0.0,0.0,-438180.0,323,5145365.0
3838,431780.0,0.0,0.0,-431780.0,323,4713585.0
3839,360260.0,0.0,0.0,-360260.0,323,4353325.0
3840,360260.0,0.0,0.0,-360260.0,323,3993065.0
3841,348020.0,0.0,0.0,-348020.0,323,3645045.0
3842,348020.0,69.85,118745.0,-229275.0,323,3415770.0
3843,348020.0,229.55,390235.0,42215.0,324,3457985.0
3844,344600.0,422.9,718930.0,374330.0,324,3832315.0
3845,307000.0,552.65,939505.0,632505.0,324,4464820.0
3846,324820.0,696.8,1184560.0,859740.0,324,5324560.0
3847,365660.0,780.85,1327445.0,961785.0,324,6286345.0
3848,369460.0,843.05,1433185.0,1063725.0,324,7350070.0
3849,422480.0,762.35,1295995.0,873515.0,324,8223585.0
3850,422480.0,730.0,1241000.0,818520.0,324,9000000.0
3851,433100.0,618.75,1051875.0,618775.0,324,9000000.0
3852,431635.0,437.95,744515.0,312880.0,324,9000000.0
3853,387200.0,237.05,402985.0,15785.0,324,9000000.0
3854,387200.0,72.6,123420.0,-263780.0,325,8736220.0
3855,373770.0,0.0,0.0,-373770.0,325,8362450.0
3856,981790.0,0.0,0.0,-981790.0,325,7380660.0
3857,440560.0,0.0,0.0,-440560.0,325,6940100.0
3858,449080.0,0.0,0.0,-449080.0,325,6491020.0
3859,468700.0,0.0,0.0,-468700.0,325,6022320.0
3860,458580.0,0.0,0.0,-458580.0,325,5563740.0
3861,438180.0,0.0,0.0,-438180.0,325,5125560.0
3862,431780.0,0.0,0.0,-431780.0,325,4693780.0
3863,360260.0,0.0,0.0,-360260.0,325,4333520.0
3864,360260.0,0.0,0.0,-360260.0,325,3973260.0
3865,348020.0,0.0,0.0,-348020.0,325,3625240.0
3866,348020.0,63.0,107100.0,-240920.0,325,3384320.0
3867,348020.0,221.65,376805.0,28785.0,326,3413105.0
3868,344600.0,329.7,560490.0,215890.0,326,3628995.0
3869,307000.0,527.95,897515.0,590515.0,326,4219510.0
3870,324820.0,528.9,899129.9999999998,574309.9999999998,326,4793820.0
3871,365660.0,728.6,1238620.0,872960.0,326,5666780.0
3872,369460.0,836.95,1422815.0000000002,1053355.0000000002,326,6720135.0
3873,422480.0,834.9,1419330.0,996850.0,326,7716985.0
3874,422480.0,757.5,1287750.0,865270.0,326,8582255.0
3875,433100.0,636.6,1082220.0,649120.0,326,9000000.0
3876,431635.0,415.55,706435.0000000001,274800.0000000001,326,9000000.0
3877,387200.0,256.15,435455.0,48255.0,326,9000000.0
3878,387200.0,79.7,135490.0,-251710.0,327,8748290.0
3879,373770.0,0.0,0.0,-373770.0,327,8374520.0
3880,981790.0,0.0,0.0,-981790.0,327,7392730.0
3881,440560.0,0.0,0.0,-440560.0,327,6952170.0
3882,449080.0,0.0,0.0,-449080.0,327,6503090.0
3883,468700.0,0.0,0.0,-468700.0,327,6034390.0
3884,458580.0,0.0,0.0,-458580.0,327,5575810.0
3885,438180.0,0.0,0.0,-438180.0,327,5137630.0
3886,431780.0,0.0,0.0,-431780.0,327,4705850.0
3887,360260.0,0.0,0.0,-360260.0,327,4345590.0
3888,360260.0,0.0,0.0,-360260.0,327,3985330.0
3889,348020.0,0.0,0.0,-348020.0,327,3637310.0
3890,348020.0,58.65,99705.0,-248315.0,327,3388995.0
3891,348020.0,212.3,360910.00000000006,12890.000000000058,328,3401885.0
3892,344600.0,432.15,734655.0,390055.0,328,3791940.0
3893,307000.0,501.1,851870.0,544870.0,328,4336810.0
3894,324820.0,668.65,1136705.0,811885.0,328,5148695.0
3895,365660.0,809.75,1376575.0,1010915.0,328,6159610.0
3896,369460.0,848.25,1442025.0,1072565.0,328,7232175.0
3897,422480.0,842.1,1431570.0000000002,1009090.0000000002,328,8241265.0
3898,422480.0,793.45,1348865.0000000002,926385.0000000002,328,9000000.0
3899,433100.0,654.05,1111884.9999999998,678784.9999999998,328,9000000.0
3900,431635.0,469.1,797470.0,365835.0,328,9000000.0
3901,387200.0,266.2,452540.0,65340.0,328,9000000.0
3902,387200.0,88.15,149855.0,-237345.0,329,8762655.0
3903,373770.0,0.0,0.0,-373770.0,329,8388885.0
3904,981790.0,0.0,0.0,-981790.0,329,7407095.0
3905,440560.0,0.0,0.0,-440560.0,329,6966535.0
3906,449080.0,0.0,0.0,-449080.0,329,6517455.0
3907,468700.0,0.0,0.0,-468700.0,329,6048755.0
3908,458580.0,0.0,0.0,-458580.0,329,5590175.0
3909,438180.0,0.0,0.0,-438180.0,329,5151995.0
3910,431780.0,0.0,0.0,-431780.0,329,4720215.0
3911,360260.0,0.0,0.0,-360260.0,329,4359955.0
3912,360260.0,0.0,0.0,-360260.0,329,3999695.0
3913,428760.0,0.0,0.0,-428760.0,329,3570935.0
3914,384360.0,69.4,117980.0,-266380.0,329,3304555.0
3915,384360.0,230.2,391340.0,6980.0,330,3311535.0
3916,368820.0,396.95,674814.9999999999,305994.9999999999,330,3617530.0
3917,368220.0,589.0,1001300.0,633080.0,330,4250610.0
3918,386040.0,801.8,1363060.0,977020.0,330,5227630.0
3919,342340.0,886.9,1507730.0,1165390.0,330,6393020.0
3920,348840.0,936.35,1591795.0,1242955.0,330,7635975.0
3921,432940.0,906.4,1540880.0,1107940.0,330,8743915.0
3922,443560.0,813.6,1383120.0,939560.0,330,9000000.0
3923,485560.0,664.35,1129395.0,643835.0,330,9000000.0
3924,485560.0,476.05,809285.0,323725.0,330,9000000.0
3925,446080.0,265.8,451860.00000000006,5780.000000000058,330,9000000.0
3926,1181760.0,89.25,151725.0,-1030035.0,331,7969965.0
3927,592580.0,0.0,0.0,-592580.0,331,7377385.0
3928,483200.0,0.0,0.0,-483200.0,331,6894185.0
3929,483500.0,0.0,0.0,-483500.0,331,6410685.0
3930,484500.0,0.0,0.0,-484500.0,331,5926185.0
3931,485400.0,0.0,0.0,-485400.0,331,5440785.0
3932,478100.0,0.0,0.0,-478100.0,331,4962685.0
3933,478700.0,0.0,0.0,-478700.0,331,4483985.0
3934,451480.0,0.0,0.0,-451480.0,331,4032505.0
3935,451480.0,0.0,0.0,-451480.0,331,3581025.0
3936,451480.0,0.0,0.0,-451480.0,331,3129545.0
3937,428760.0,0.0,0.0,-428760.0,331,2700785.0
3938,384360.0,72.4,123080.0,-261280.0,331,2439505.0
3939,384360.0,242.55,412335.00000000006,27975.00000000006,332,2467480.0
3940,368820.0,448.4,762279.9999999999,393459.9999999999,332,2860940.0
3941,368220.0,621.05,1055785.0,687565.0,332,3548505.0
3942,386040.0,782.7,1330590.0000000002,944550.0000000002,332,4493055.0
3943,342340.0,874.8,1487159.9999999998,1144819.9999999998,332,5637875.0
3944,348840.0,936.05,1591284.9999999998,1242444.9999999998,332,6880320.0
3945,432940.0,905.5,1539350.0,1106410.0,332,7986730.0
3946,443560.0,817.3,1389409.9999999998,945849.9999999998,332,8932580.0
3947,485560.0,637.75,1084175.0,598615.0,332,9000000.0
3948,485560.0,476.45,809965.0,324405.0,332,9000000.0
3949,446080.0,269.8,458660.0,12580.0,332,9000000.0
3950,1181760.0,85.8,145860.0,-1035900.0,333,7964100.0
3951,592580.0,0.0,0.0,-592580.0,333,7371520.0
3952,483200.0,0.0,0.0,-483200.0,333,6888320.0
3953,483500.0,0.0,0.0,-483500.0,333,6404820.0
3954,484500.0,0.0,0.0,-484500.0,333,5920320.0
3955,485400.0,0.0,0.0,-485400.0,333,5434920.0
3956,478100.0,0.0,0.0,-478100.0,333,4956820.0
3957,478700.0,0.0,0.0,-478700.0,333,4478120.0
3958,451480.0,0.0,0.0,-451480.0,333,4026640.0
3959,451480.0,0.0,0.0,-451480.0,333,3575160.0
3960,451480.0,0.0,0.0,-451480.0,333,3123680.0
3961,348020.0,0.0,0.0,-348020.0,333,2775660.0
3962,348020.0,74.05,125884.99999999997,-222135.00000000003,333,2553525.0
3963,348020.0,245.35,417094.99999999994,69074.99999999994,334,2622600.0
3964,344600.0,454.35,772395.0000000001,427795.0000000001,334,3050395.0
3965,307000.0,634.75,1079075.0,772075.0,334,3822470.0
3966,324820.0,799.3,1358809.9999999998,1033989.9999999998,334,4856460.0
3967,365660.0,897.8,1526259.9999999998,1160599.9999999998,334,6017060.0
3968,369460.0,935.9,1591030.0,1221570.0,334,7238630.0
3969,422480.0,907.05,1541984.9999999998,1119504.9999999998,334,8358135.0
3970,422480.0,814.7,1384990.0000000002,962510.0000000002,334,9000000.0
3971,433100.0,667.8,1135260.0,702160.0,334,9000000.0
3972,431635.0,468.4,796280.0,364645.0,334,9000000.0
3973,387200.0,229.1,389470.0,2270.0,334,9000000.0
3974,387200.0,86.4,146880.0,-240320.0,335,8759680.0
3975,373770.0,0.0,0.0,-373770.0,335,8385910.0
3976,981790.0,0.0,0.0,-981790.0,335,7404120.0
3977,440560.0,0.0,0.0,-440560.0,335,6963560.0
3978,449080.0,0.0,0.0,-449080.0,335,6514480.0
3979,468700.0,0.0,0.0,-468700.0,335,6045780.0
3980,458580.0,0.0,0.0,-458580.0,335,5587200.0
3981,438180.0,0.0,0.0,-438180.0,335,5149020.0
3982,431780.0,0.0,0.0,-431780.0,335,4717240.0
3983,360260.0,0.0,0.0,-360260.0,335,4356980.0
3984,360260.0,0.0,0.0,-360260.0,335,3996720.0
3985,293320.0,0.0,0.0,-293320.0,335,3703400.0
3986,293320.0,70.8,120360.0,-172960.0,335,3530440.0
3987,293320.0,231.25,393125.0,99805.0,336,3630245.0
3988,300100.0,441.55,750635.0,450535.0,336,4080780.0
3989,299500.0,616.35,1047795.0000000001,748295.0000000001,336,4829075.0
3990,322840.0,768.55,1306535.0,983695.0,336,5812770.0
3991,371140.0,875.5,1488350.0,1117210.0,336,6929980.0
3992,374940.0,927.8,1577260.0,1202320.0,336,8132300.0
3993,335100.0,895.1,1521670.0,1186570.0,336,9000000.0
3994,348420.0,814.7,1384990.0000000002,1036570.0000000002,336,9000000.0
3995,322040.0,667.55,1134835.0,812795.0,336,9000000.0
3996,314540.0,479.35,814895.0,500355.0,336,9000000.0
3997,263840.0,272.7,463590.0,199750.0,336,9000000.0
3998,279860.0,91.6,155720.0,-124140.0,337,8875860.0
3999,269360.0,0.0,0.0,-269360.0,337,8606500.0
4000,905860.0,0.0,0.0,-905860.0,337,7700640.0
4001,388380.0,0.0,0.0,-388380.0,337,7312260.0
4002,399600.0,0.0,0.0,-399600.0,337,6912660.0
4003,393300.0,0.0,0.0,-393300.0,337,6519360.0
4004,390080.0,0.0,0.0,-390080.0,337,6129280.0
4005,390680.0,0.0,0.0,-390680.0,337,5738600.0
4006,374680.0,0.0,0.0,-374680.0,337,5363920.0
4007,347660.0,0.0,0.0,-347660.0,337,5016260.0
4008,326120.0,0.0,0.0,-326120.0,337,4690140.0
4009,293320.0,0.0,0.0,-293320.0,337,4396820.0
4010,293320.0,58.3,99110.0,-194210.0,337,4202610.0
4011,293320.0,201.5,342550.0,49230.0,338,4251840.0
4012,300100.0,375.6,638520.0000000001,338420.0000000001,338,4590260.0
4013,299500.0,565.9,962030.0,662530.0,338,5252790.0
4014,322840.0,686.85,1167645.0000000002,844805.0000000002,338,6097595.0
4015,371140.0,833.2,1416440.0,1045300.0,338,7142895.0
4016,374940.0,930.6,1582020.0,1207080.0,338,8349975.0
4017,335100.0,902.05,1533484.9999999998,1198384.9999999998,338,9000000.0
4018,348420.0,811.0,1378700.0,1030280.0,338,9000000.0
4019,322040.0,657.65,1118005.0,795965.0,338,9000000.0
4020,314540.0,474.45,806565.0,492025.0,338,9000000.0
4021,263840.0,265.6,451520.0,187680.0,338,9000000.0
4022,279860.0,85.8,145860.0,-134000.0,339,8866000.0
4023,269360.0,0.0,0.0,-269360.0,339,8596640.0
4024,905860.0,0.0,0.0,-905860.0,339,7690780.0
4025,388380.0,0.0,0.0,-388380.0,339,7302400.0
4026,399600.0,0.0,0.0,-399600.0,339,6902800.0
4027,393300.0,0.0,0.0,-393300.0,339,6509500.0
4028,390080.0,0.0,0.0,-390080.0,339,6119420.0
4029,390680.0,0.0,0.0,-390680.0,339,5728740.0
4030,374680.0,0.0,0.0,-374680.0,339,5354060.0
4031,347660.0,0.0,0.0,-347660.0,339,5006400.0
4032,326120.0,0.0,0.0,-326120.0,339,4680280.0
4033,293320.0,0.0,0.0,-293320.0,339,4386960.0
4034,293320.0,64.35,109394.99999999999,-183925.0,339,4203035.0
4035,293320.0,214.75,365075.0,71755.0,340,4274790.0
4036,300100.0,413.5,702950.0,402850.0,340,4677640.0
4037,299500.0,615.35,1046095.0000000001,746595.0000000001,340,5424235.0
4038,322840.0,756.0,1285200.0,962360.0,340,6386595.0
4039,371140.0,893.3,1518610.0,1147470.0,340,7534065.0
4040,374940.0,933.85,1587545.0000000002,1212605.0000000002,340,8746670.0
4041,335100.0,897.65,1526005.0,1190905.0,340,9000000.0
4042,348420.0,806.7,1371390.0000000002,1022970.0000000002,340,9000000.0
4043,322040.0,658.15,1118855.0,796815.0,340,9000000.0
4044,314540.0,474.35,806395.0000000001,491855.0000000001,340,9000000.0
4045,263840.0,270.2,459340.0,195500.0,340,9000000.0
4046,279860.0,90.0,153000.0,-126860.0,341,8873140.0
4047,269360.0,0.0,0.0,-269360.0,341,8603780.0
4048,905860.0,0.0,0.0,-905860.0,341,7697920.0
4049,388380.0,0.0,0.0,-388380.0,341,7309540.0
4050,399600.0,0.0,0.0,-399600.0,341,6909940.0
4051,393300.0,0.0,0.0,-393300.0,341,6516640.0
4052,390080.0,0.0,0.0,-390080.0,341,6126560.0
4053,390680.0,0.0,0.0,-390680.0,341,5735880.0
4054,374680.0,0.0,0.0,-374680.0,341,5361200.0
4055,347660.0,0.0,0.0,-347660.0,341,5013540.0
4056,326120.0,0.0,0.0,-326120.0,341,4687420.0
4057,293320.0,0.0,0.0,-293320.0,341,4394100.0
4058,293320.0,65.0,110500.0,-182820.0,341,4211280.0
4059,293320.0,219.7,373489.99999999994,80169.99999999994,342,4291450.0
4060,300100.0,422.6,718420.0000000001,418320.0000000001,342,4709770.0
4061,299500.0,629.2,1069640.0000000002,770140.0000000002,342,5479910.0
4062,322840.0,785.2,1334840.0,1012000.0,342,6491910.0
4063,371140.0,880.2,1496340.0000000002,1125200.0000000002,342,7617110.0
4064,374940.0,920.95,1565615.0,1190675.0,342,8807785.0
4065,335100.0,896.85,1524645.0,1189545.0,342,9000000.0
4066,348420.0,802.85,1364845.0000000002,1016425.0000000002,342,9000000.0
4067,322040.0,645.25,1096925.0,774885.0,342,9000000.0
4068,314540.0,461.9,785230.0,470690.0,342,9000000.0
4069,263840.0,267.85,455345.00000000006,191505.00000000006,342,9000000.0
4070,279860.0,89.85,152745.0,-127115.0,343,8872885.0
4071,269360.0,0.0,0.0,-269360.0,343,8603525.0
4072,905860.0,0.0,0.0,-905860.0,343,7697665.0
4073,388380.0,0.0,0.0,-388380.0,343,7309285.0
4074,399600.0,0.0,0.0,-399600.0,343,6909685.0
4075,393300.0,0.0,0.0,-393300.0,343,6516385.0
4076,390080.0,0.0,0.0,-390080.0,343,6126305.0
4077,390680.0,0.0,0.0,-390680.0,343,5735625.0
4078,374680.0,0.0,0.0,-374680.0,343,5360945.0
4079,347660.0,0.0,0.0,-347660.0,343,5013285.0
4080,326120.0,0.0,0.0,-326120.0,343,4687165.0
4081,406760.0,0.0,0.0,-406760.0,343,4280405.0
4082,406760.0,64.2,109140.00000000001,-297620.0,343,3982785.0
4083,335720.0,239.6,407320.0,71600.0,344,4054385.0
4084,347020.0,422.75,718675.0,371655.0,344,4426040.0
4085,346420.0,565.6,961520.0,615100.0,344,5041140.0
4086,354140.0,648.35,1102195.0,748055.0,344,5789195.0
4087,310440.0,770.6,1310020.0000000002,999580.0000000002,344,6788775.0
4088,316740.0,821.5,1396550.0,1079810.0,344,7868585.0
4089,382840.0,826.7,1405390.0,1022550.0,344,8891135.0
4090,393460.0,738.9,1256130.0,862670.0,344,9000000.0
4091,446560.0,634.4,1078480.0,631920.0,344,9000000.0
4092,402060.0,439.75,747575.0,345515.0,344,9000000.0
4093,365580.0,267.55,454835.0,89255.0,344,9000000.0
4094,1070760.0,88.0,149600.0,-921160.0,345,8078840.0
4095,481580.0,0.0,0.0,-481580.0,345,7597260.0
4096,416700.0,0.0,0.0,-416700.0,345,7180560.0
4097,424900.0,0.0,0.0,-424900.0,345,6755660.0
4098,425900.0,0.0,0.0,-425900.0,345,6329760.0
4099,464400.0,0.0,0.0,-464400.0,345,5865360.0
4100,467000.0,0.0,0.0,-467000.0,345,5398360.0
4101,467200.0,0.0,0.0,-467200.0,345,4931160.0
4102,403580.0,0.0,0.0,-403580.0,345,4527580.0
4103,403580.0,0.0,0.0,-403580.0,345,4124000.0
4104,403580.0,0.0,0.0,-403580.0,345,3720420.0
4105,406760.0,0.0,0.0,-406760.0,345,3313660.0
4106,406760.0,67.25,114325.0,-292435.0,345,3021225.0
4107,335720.0,225.85,383945.0,48225.0,346,3069450.0
4108,347020.0,393.8,669460.0000000001,322440.0000000001,346,3391890.0
4109,346420.0,587.65,999005.0,652585.0,346,4044475.0
4110,354140.0,715.2,1215840.0,861700.0,346,4906175.0
4111,310440.0,856.65,1456305.0,1145865.0,346,6052040.0
4112,316740.0,909.85,1546745.0,1230005.0,346,7282045.0
4113,382840.0,856.35,1455795.0,1072955.0,346,8355000.0
4114,393460.0,765.6,1301520.0000000002,908060.0000000002,346,9000000.0
4115,446560.0,630.65,1072104.9999999998,625544.9999999998,346,9000000.0
4116,402060.0,456.05,775285.0,373225.0,346,9000000.0
4117,365580.0,257.75,438174.99999999994,72594.99999999994,346,9000000.0
4118,1070760.0,89.1,151470.0,-919290.0,347,8080710.0
4119,481580.0,0.0,0.0,-481580.0,347,7599130.0
4120,416700.0,0.0,0.0,-416700.0,347,7182430.0
4121,424900.0,0.0,0.0,-424900.0,347,6757530.0
4122,425900.0,0.0,0.0,-425900.0,347,6331630.0
4123,464400.0,0.0,0.0,-464400.0,347,5867230.0
4124,467000.0,0.0,0.0,-467000.0,347,5400230.0
4125,467200.0,0.0,0.0,-467200.0,347,4933030.0
4126,403580.0,0.0,0.0,-403580.0,347,4529450.0
4127,403580.0,0.0,0.0,-403580.0,347,4125870.0
4128,403580.0,0.0,0.0,-403580.0,347,3722290.0
4129,293320.0,0.0,0.0,-293320.0,347,3428970.0
4130,293320.0,66.4,112880.0,-180440.0,347,3248530.0
4131,293320.0,222.0,377400.0,84080.0,348,3332610.0
4132,300100.0,410.0,697000.0,396900.0,348,3729510.0
4133,299500.0,618.95,1052215.0,752715.0,348,4482225.0
4134,322840.0,775.3,1318010.0,995170.0,348,5477395.0
4135,371140.0,880.3,1496510.0,1125370.0,348,6602765.0
4136,374940.0,923.75,1570375.0,1195435.0,348,7798200.0
4137,335100.0,882.05,1499485.0,1164385.0,348,8962585.0
4138,348420.0,796.65,1354305.0,1005885.0,348,9000000.0
4139,322040.0,653.6,1111120.0000000002,789080.0000000002,348,9000000.0
4140,314540.0,471.35,801295.0000000001,486755.0000000001,348,9000000.0
4141,263840.0,271.2,461040.0,197200.0,348,9000000.0
4142,279860.0,91.25,155125.0,-124735.0,349,8875265.0
4143,269360.0,0.0,0.0,-269360.0,349,8605905.0
4144,905860.0,0.0,0.0,-905860.0,349,7700045.0
4145,388380.0,0.0,0.0,-388380.0,349,7311665.0
4146,399600.0,0.0,0.0,-399600.0,349,6912065.0
4147,393300.0,0.0,0.0,-393300.0,349,6518765.0
4148,390080.0,0.0,0.0,-390080.0,349,6128685.0
4149,390680.0,0.0,0.0,-390680.0,349,5738005.0
4150,374680.0,0.0,0.0,-374680.0,349,5363325.0
4151,347660.0,0.0,0.0,-347660.0,349,5015665.0
4152,326120.0,0.0,0.0,-326120.0,349,4689545.0
4153,293320.0,0.0,0.0,-293320.0,349,4396225.0
4154,293320.0,48.9,83130.0,-210190.0,349,4186035.0
4155,293320.0,208.6,354620.0,61300.0,350,4247335.0
4156,300100.0,397.25,675325.0,375225.0,350,4622560.0
4157,299500.0,529.1,899470.0,599970.0,350,5222530.0
4158,322840.0,693.9,1179630.0,856790.0,350,6079320.0
4159,371140.0,790.95,1344615.0,973475.0,350,7052795.0
4160,374940.0,871.65,1481804.9999999998,1106864.9999999998,350,8159660.0
4161,335100.0,799.45,1359065.0,1023965.0,350,9000000.0
4162,348420.0,767.5,1304750.0,956330.0,350,9000000.0
4163,322040.0,620.7,1055190.0,733150.0,350,9000000.0
4164,314540.0,410.4,697680.0,383140.0,350,9000000.0
4165,263840.0,224.7,381989.99999999994,118149.99999999994,350,9000000.0
4166,279860.0,70.65,120105.0,-159755.0,351,8840245.0
4167,269360.0,0.0,0.0,-269360.0,351,8570885.0
4168,905860.0,0.0,0.0,-905860.0,351,7665025.0
4169,388380.0,0.0,0.0,-388380.0,351,7276645.0
4170,399600.0,0.0,0.0,-399600.0,351,6877045.0
4171,393300.0,0.0,0.0,-393300.0,351,6483745.0
4172,390080.0,0.0,0.0,-390080.0,351,6093665.0
4173,390680.0,0.0,0.0,-390680.0,351,5702985.0
4174,374680.0,0.0,0.0,-374680.0,351,5328305.0
4175,347660.0,0.0,0.0,-347660.0,351,4980645.0
4176,326120.0,0.0,0.0,-326120.0,351,4654525.0
4177,293320.0,0.0,0.0,-293320.0,351,4361205.0
4178,293320.0,57.35,97495.0,-195825.0,351,4165380.0
4179,293320.0,198.1,336770.0,43450.0,352,4208830.0
4180,300100.0,363.8,618460.0,318360.0,352,4527190.0
4181,299500.0,592.5,1007250.0,707750.0,352,5234940.0
4182,322840.0,663.0,1127100.0,804260.0,352,6039200.0
4183,371140.0,846.6,1439220.0,1068080.0,352,7107280.0
4184,374940.0,788.15,1339855.0,964915.0,352,8072195.0
4185,335100.0,838.8,1425960.0,1090860.0,352,9000000.0
4186,348420.0,728.65,1238705.0,890285.0,352,9000000.0
4187,322040.0,631.65,1073804.9999999998,751764.9999999998,352,9000000.0
4188,314540.0,457.4,777580.0,463040.0,352,9000000.0
4189,263840.0,260.4,442679.99999999994,178839.99999999994,352,9000000.0
4190,279860.0,88.45,150365.0,-129495.0,353,8870505.0
4191,269360.0,0.0,0.0,-269360.0,353,8601145.0
4192,905860.0,0.0,0.0,-905860.0,353,7695285.0
4193,388380.0,0.0,0.0,-388380.0,353,7306905.0
4194,399600.0,0.0,0.0,-399600.0,353,6907305.0
4195,393300.0,0.0,0.0,-393300.0,353,6514005.0
4196,390080.0,0.0,0.0,-390080.0,353,6123925.0
4197,390680.0,0.0,0.0,-390680.0,353,5733245.0
4198,374680.0,0.0,0.0,-374680.0,353,5358565.0
4199,347660.0,0.0,0.0,-347660.0,353,5010905.0
4200,326120.0,0.0,0.0,-326120.0,353,4684785.0
4201,413940.0,0.0,0.0,-413940.0,353,4270845.0
4202,413940.0,54.6,92820.0,-321120.0,353,3949725.0
4203,336620.0,182.9,310930.0,-25690.0,353,3924035.0
4204,333020.0,354.1,601970.0,268950.0,354,4192985.0
4205,330020.0,517.15,879155.0,549135.0,354,4742120.0
4206,1081780.0,683.85,1162545.0000000002,80765.00000000023,354,4822885.0
4207,409140.0,845.55,1437434.9999999998,1028294.9999999998,354,5851180.0
4208,410340.0,882.3,1499910.0,1089570.0,354,6940750.0
4209,410340.0,818.1,1390770.0,980430.0,354,7921180.0
4210,410340.0,777.0,1320900.0,910560.0,354,8831740.0
4211,473460.0,632.1,1074570.0,601110.0,354,9000000.0
4212,420960.0,458.15,778855.0,357895.0,354,9000000.0
4213,420960.0,261.2,444040.0,23080.0,354,9000000.0
4214,420960.0,88.55,150535.0,-270425.0,355,8729575.0
4215,434280.0,0.0,0.0,-434280.0,355,8295295.0
4216,436980.0,0.0,0.0,-436980.0,355,7858315.0
4217,437280.0,0.0,0.0,-437280.0,355,7421035.0
4218,1161100.0,0.0,0.0,-1161100.0,355,6259935.0
4219,449700.0,0.0,0.0,-449700.0,355,5810235.0
4220,439380.0,0.0,0.0,-439380.0,355,5370855.0
4221,439980.0,0.0,0.0,-439980.0,355,4930875.0
4222,439580.0,0.0,0.0,-439580.0,355,4491295.0
4223,428960.0,0.0,0.0,-428960.0,355,4062335.0
4224,428960.0,0.0,0.0,-428960.0,355,3633375.0
4225,413940.0,0.0,0.0,-413940.0,355,3219435.0
4226,413940.0,58.7,99790.0,-314150.0,355,2905285.0
4227,336620.0,215.5,366350.0,29730.0,356,2935015.0
4228,333020.0,396.65,674305.0,341285.0,356,3276300.0
4229,330020.0,519.0,882300.0,552280.0,356,3828580.0
4230,1081780.0,697.45,1185665.0,103885.0,356,3932465.0
4231,409140.0,761.75,1294975.0,885835.0,356,4818300.0
4232,410340.0,849.15,1443555.0,1033215.0,356,5851515.0
4233,410340.0,804.15,1367055.0,956715.0,356,6808230.0
4234,410340.0,767.0,1303900.0,893560.0,356,7701790.0
4235,473460.0,627.15,1066155.0,592695.0,356,8294485.0
4236,420960.0,450.5,765850.0,344890.0,356,8639375.0
4237,420960.0,236.35,401795.0,-19165.0,357,8620210.0
4238,420960.0,81.0,137700.0,-283260.0,357,8336950.0
4239,434280.0,0.0,0.0,-434280.0,357,7902670.0
4240,436980.0,0.0,0.0,-436980.0,357,7465690.0
4241,437280.0,0.0,0.0,-437280.0,357,7028410.0
4242,1161100.0,0.0,0.0,-1161100.0,357,5867310.0
4243,449700.0,0.0,0.0,-449700.0,357,5417610.0
4244,439380.0,0.0,0.0,-439380.0,357,4978230.0
4245,439980.0,0.0,0.0,-439980.0,357,4538250.0
4246,439580.0,0.0,0.0,-439580.0,357,4098670.0
4247,428960.0,0.0,0.0,-428960.0,357,3669710.0
4248,428960.0,0.0,0.0,-428960.0,357,3240750.0
4249,406760.0,0.0,0.0,-406760.0,357,2833990.0
4250,406760.0,59.1,100470.0,-306290.0,357,2527700.0
4251,335720.0,185.7,315689.99999999994,-20030.00000000006,357,2507670.0
4252,347020.0,323.45,549865.0,202845.0,358,2710515.0
4253,346420.0,493.95,839715.0,493295.0,358,3203810.0
4254,354140.0,621.9,1057230.0,703090.0,358,3906900.0
4255,310440.0,728.8,1238960.0,928520.0,358,4835420.0
4256,316740.0,754.25,1282225.0,965485.0,358,5800905.0
4257,382840.0,694.6,1180820.0,797980.0,358,6598885.0
4258,393460.0,687.75,1169175.0,775715.0,358,7374600.0
4259,446560.0,539.15,916555.0,469995.0,358,7844595.0
4260,402060.0,370.85,630445.0,228385.0,358,8072980.0
4261,365580.0,222.8,378760.0,13180.0,358,8086160.0
4262,1070760.0,66.7,113390.00000000001,-957370.0,359,7128790.0
4263,481580.0,0.0,0.0,-481580.0,359,6647210.0
4264,416700.0,0.0,0.0,-416700.0,359,6230510.0
4265,424900.0,0.0,0.0,-424900.0,359,5805610.0
4266,425900.0,0.0,0.0,-425900.0,359,5379710.0
4267,464400.0,0.0,0.0,-464400.0,359,4915310.0
4268,467000.0,0.0,0.0,-467000.0,359,4448310.0
4269,467200.0,0.0,0.0,-467200.0,359,3981110.0
4270,403580.0,0.0,0.0,-403580.0,359,3577530.0
4271,403580.0,0.0,0.0,-403580.0,359,3173950.0
4272,403580.0,0.0,0.0,-403580.0,359,2770370.0
4273,406760.0,0.0,0.0,-406760.0,359,2363610.0
4274,406760.0,60.85,103445.0,-303315.0,359,2060295.0
4275,335720.0,214.35,364394.99999999994,28674.99999999994,360,2088970.0
4276,347020.0,392.45,667164.9999999999,320144.9999999999,360,2409115.0
4277,346420.0,589.75,1002575.0,656155.0,360,3065270.0
4278,354140.0,665.6,1131520.0,777380.0,360,3842650.0
4279,310440.0,822.2,1397740.0,1087300.0,360,4929950.0
4280,316740.0,746.7,1269390.0,952650.0,360,5882600.0
4281,382840.0,740.4,1258680.0,875840.0,360,6758440.0
4282,393460.0,645.95,1098115.0,704655.0,360,7463095.0
4283,446560.0,623.25,1059525.0,612965.0,360,8076060.0
4284,402060.0,432.8,735760.0,333700.0,360,8409760.0
4285,365580.0,255.5,434350.0,68770.0,360,8478530.0
4286,1070760.0,83.55,142035.0,-928725.0,361,7549805.0
4287,481580.0,0.0,0.0,-481580.0,361,7068225.0
4288,416700.0,0.0,0.0,-416700.0,361,6651525.0
4289,424900.0,0.0,0.0,-424900.0,361,6226625.0
4290,425900.0,0.0,0.0,-425900.0,361,5800725.0
4291,464400.0,0.0,0.0,-464400.0,361,5336325.0
4292,467000.0,0.0,0.0,-467000.0,361,4869325.0
4293,467200.0,0.0,0.0,-467200.0,361,4402125.0
4294,403580.0,0.0,0.0,-403580.0,361,3998545.0
4295,403580.0,0.0,0.0,-403580.0,361,3594965.0
4296,403580.0,0.0,0.0,-403580.0,361,3191385.0
4297,293320.0,0.0,0.0,-293320.0,361,2898065.0
4298,293320.0,50.8,86360.0,-206960.0,361,2691105.0
4299,293320.0,168.25,286025.0,-7295.0,361,2683810.0
4300,300100.0,300.05,510085.00000000006,209985.00000000006,362,2893795.0
4301,299500.0,495.5,842350.0,542850.0,362,3436645.0
4302,322840.0,603.6,1026120.0,703280.0,362,4139925.0
4303,371140.0,646.55,1099135.0,727995.0,362,4867920.0
4304,374940.0,626.8,1065559.9999999998,690619.9999999998,362,5558540.0
4305,335100.0,637.05,1082985.0,747885.0,362,6306425.0
4306,348420.0,503.05,855185.0,506765.0,362,6813190.0
4307,322040.0,471.65,801804.9999999999,479764.9999999999,362,7292955.0
4308,314540.0,311.0,528700.0,214160.0,362,7507115.0
4309,263840.0,197.85,336345.0,72505.0,362,7579620.0
4310,279860.0,75.8,128859.99999999997,-151000.00000000003,363,7428620.0
4311,269360.0,0.0,0.0,-269360.0,363,7159260.0
4312,905860.0,0.0,0.0,-905860.0,363,6253400.0
4313,388380.0,0.0,0.0,-388380.0,363,5865020.0
4314,399600.0,0.0,0.0,-399600.0,363,5465420.0
4315,393300.0,0.0,0.0,-393300.0,363,5072120.0
4316,390080.0,0.0,0.0,-390080.0,363,4682040.0
4317,390680.0,0.0,0.0,-390680.0,363,4291360.0
4318,374680.0,0.0,0.0,-374680.0,363,3916680.0
4319,347660.0,0.0,0.0,-347660.0,363,3569020.0
4320,326120.0,0.0,0.0,-326120.0,363,3242900.0
4321,293320.0,0.0,0.0,-293320.0,363,2949580.0
4322,293320.0,61.1,103870.0,-189450.0,363,2760130.0
4323,293320.0,191.5,325550.0,32230.0,364,2792360.0
4324,300100.0,387.05,657985.0,357885.0,364,3150245.0
4325,299500.0,549.4,933980.0,634480.0,364,3784725.0
4326,322840.0,667.75,1135175.0,812335.0,364,4597060.0
4327,371140.0,768.2,1305940.0,934800.0,364,5531860.0
4328,374940.0,818.25,1391025.0,1016085.0,364,6547945.0
4329,335100.0,822.85,1398845.0,1063745.0,364,7611690.0
4330,348420.0,728.6,1238620.0,890200.0,364,8501890.0
4331,322040.0,621.85,1057145.0,735105.0,364,9000000.0
4332,314540.0,466.2,792540.0,478000.0,364,9000000.0
4333,263840.0,253.75,431374.99999999994,167534.99999999994,364,9000000.0
4334,279860.0,89.9,152830.00000000003,-127029.99999999997,365,8872970.0
4335,269360.0,0.0,0.0,-269360.0,365,8603610.0
4336,905860.0,0.0,0.0,-905860.0,365,7697750.0
4337,388380.0,0.0,0.0,-388380.0,365,7309370.0
4338,399600.0,0.0,0.0,-399600.0,365,6909770.0
4339,393300.0,0.0,0.0,-393300.0,365,6516470.0
4340,390080.0,0.0,0.0,-390080.0,365,6126390.0
4341,390680.0,0.0,0.0,-390680.0,365,5735710.0
4342,374680.0,0.0,0.0,-374680.0,365,5361030.0
4343,347660.0,0.0,0.0,-347660.0,365,5013370.0
4344,326120.0,0.0,0.0,-326120.0,365,4687250.0
4345,293320.0,0.0,0.0,-293320.0,365,4393930.0
4346,293320.0,62.35,105995.0,-187325.0,365,4206605.0
4347,293320.0,222.9,378930.00000000006,85610.00000000006,366,4292215.0
4348,300100.0,416.45,707965.0,407865.0,366,4700080.0
4349,299500.0,603.75,1026375.0,726875.0,366,5426955.0
4350,322840.0,755.85,1284945.0,962105.0,366,6389060.0
4351,371140.0,854.05,1451885.0,1080745.0,366,7469805.0
4352,374940.0,893.95,1519715.0,1144775.0,366,8614580.0
4353,335100.0,867.55,1474834.9999999998,1139734.9999999998,366,9000000.0
4354,348420.0,776.85,1320645.0,972225.0,366,9000000.0
4355,322040.0,632.7,1075590.0,753550.0,366,9000000.0
4356,314540.0,413.1,702270.0,387730.0,366,9000000.0
4357,263840.0,227.15,386155.00000000006,122315.00000000006,366,9000000.0
4358,279860.0,77.4,131580.00000000003,-148279.99999999997,367,8851720.0
4359,269360.0,0.0,0.0,-269360.0,367,8582360.0
4360,905860.0,0.0,0.0,-905860.0,367,7676500.0
4361,388380.0,0.0,0.0,-388380.0,367,7288120.0
4362,399600.0,0.0,0.0,-399600.0,367,6888520.0
4363,393300.0,0.0,0.0,-393300.0,367,6495220.0
4364,390080.0,0.0,0.0,-390080.0,367,6105140.0
4365,390680.0,0.0,0.0,-390680.0,367,5714460.0
4366,374680.0,0.0,0.0,-374680.0,367,5339780.0
4367,347660.0,0.0,0.0,-347660.0,367,4992120.0
4368,326120.0,0.0,0.0,-326120.0,367,4666000.0
4369,293320.0,0.0,0.0,-293320.0,367,4372680.0
4370,293320.0,52.55,89335.0,-203985.0,367,4168695.0
4371,293320.0,180.0,306000.0,12680.0,368,4181375.0
4372,300100.0,291.8,496060.0,195960.0,368,4377335.0
4373,299500.0,547.75,931175.0,631675.0,368,5009010.0
4374,322840.0,689.65,1172405.0,849565.0,368,5858575.0
4375,371140.0,766.5,1303050.0,931910.0,368,6790485.0
4376,374940.0,858.0,1458600.0,1083660.0,368,7874145.0
4377,335100.0,840.65,1429105.0,1094005.0,368,8968150.0
4378,348420.0,766.0,1302200.0,953780.0,368,9000000.0
4379,322040.0,567.9,965430.0,643390.0,368,9000000.0
4380,314540.0,378.25,643025.0,328485.0,368,9000000.0
4381,263840.0,205.8,349860.0,86020.0,368,9000000.0
4382,279860.0,68.35,116195.0,-163665.0,369,8836335.0
4383,269360.0,0.0,0.0,-269360.0,369,8566975.0
4384,905860.0,0.0,0.0,-905860.0,369,7661115.0
4385,388380.0,0.0,0.0,-388380.0,369,7272735.0
4386,399600.0,0.0,0.0,-399600.0,369,6873135.0
4387,393300.0,0.0,0.0,-393300.0,369,6479835.0
4388,390080.0,0.0,0.0,-390080.0,369,6089755.0
4389,390680.0,0.0,0.0,-390680.0,369,5699075.0
4390,374680.0,0.0,0.0,-374680.0,369,5324395.0
4391,347660.0,0.0,0.0,-347660.0,369,4976735.0
4392,326120.0,0.0,0.0,-326120.0,369,4650615.0
4393,293320.0,0.0,0.0,-293320.0,369,4357295.0
4394,293320.0,45.0,76500.0,-216820.0,369,4140475.0
4395,293320.0,169.15,287555.0,-5765.0,369,4134710.0
4396,300100.0,398.2,676940.0,376840.0,370,4511550.0
4397,299500.0,482.85,820845.0,521345.0,370,5032895.0
4398,322840.0,696.6,1184220.0,861380.0,370,5894275.0
4399,371140.0,829.95,1410915.0000000002,1039775.0000000002,370,6934050.0
4400,374940.0,882.6,1500420.0,1125480.0,370,8059530.0
4401,335100.0,870.4,1479680.0,1144580.0,370,9000000.0
4402,348420.0,777.95,1322515.0,974095.0,370,9000000.0
4403,322040.0,644.7,1095990.0,773950.0,370,9000000.0
4404,314540.0,459.3,780810.0,466270.0,370,9000000.0
4405,263840.0,265.0,450500.0,186660.0,370,9000000.0
4406,279860.0,90.1,153170.0,-126690.0,371,8873310.0
4407,269360.0,0.0,0.0,-269360.0,371,8603950.0
4408,905860.0,0.0,0.0,-905860.0,371,7698090.0
4409,388380.0,0.0,0.0,-388380.0,371,7309710.0
4410,399600.0,0.0,0.0,-399600.0,371,6910110.0
4411,393300.0,0.0,0.0,-393300.0,371,6516810.0
4412,390080.0,0.0,0.0,-390080.0,371,6126730.0
4413,390680.0,0.0,0.0,-390680.0,371,5736050.0
4414,374680.0,0.0,0.0,-374680.0,371,5361370.0
4415,347660.0,0.0,0.0,-347660.0,371,5013710.0
4416,326120.0,0.0,0.0,-326120.0,371,4687590.0
4417,406760.0,0.0,0.0,-406760.0,371,4280830.0
4418,406760.0,60.7,103190.00000000001,-303570.0,371,3977260.0
4419,335720.0,202.95,345015.0,9295.0,372,3986555.0
4420,347020.0,372.65,633505.0,286485.0,372,4273040.0
4421,346420.0,525.35,893095.0,546675.0,372,4819715.0
4422,354140.0,717.7,1220090.0,865950.0,372,5685665.0
4423,310440.0,815.75,1386775.0,1076335.0,372,6762000.0
4424,316740.0,829.5,1410150.0,1093410.0,372,7855410.0
4425,382840.0,851.8,1448060.0,1065220.0,372,8920630.0
4426,393460.0,768.7,1306790.0,913330.0,372,9000000.0
4427,446560.0,619.15,1052555.0,605995.0,372,9000000.0
4428,402060.0,459.6,781320.0,379260.0,372,9000000.0
4429,365580.0,257.15,437155.0,71575.0,372,9000000.0
4430,1070760.0,81.75,138975.0,-931785.0,373,8068215.0
4431,481580.0,0.0,0.0,-481580.0,373,7586635.0
4432,416700.0,0.0,0.0,-416700.0,373,7169935.0
4433,424900.0,0.0,0.0,-424900.0,373,6745035.0
4434,425900.0,0.0,0.0,-425900.0,373,6319135.0
4435,464400.0,0.0,0.0,-464400.0,373,5854735.0
4436,467000.0,0.0,0.0,-467000.0,373,5387735.0
4437,467200.0,0.0,0.0,-467200.0,373,4920535.0
4438,403580.0,0.0,0.0,-403580.0,373,4516955.0
4439,403580.0,0.0,0.0,-403580.0,373,4113375.0
4440,403580.0,0.0,0.0,-403580.0,373,3709795.0
4441,406760.0,0.0,0.0,-406760.0,373,3303035.0
4442,406760.0,53.45,90865.00000000001,-315895.0,373,2987140.0
4443,335720.0,196.45,333965.0,-1755.0,373,2985385.0
4444,347020.0,353.6,601120.0,254100.0,374,3239485.0
4445,346420.0,449.9,764829.9999999999,418409.9999999999,374,3657895.0
4446,354140.0,502.35,853995.0000000001,499855.0000000001,374,4157750.0
4447,310440.0,780.2,1326340.0,1015900.0,374,5173650.0
4448,316740.0,763.1,1297270.0,980530.0,374,6154180.0
4449,382840.0,729.3,1239810.0,856970.0,374,7011150.0
4450,393460.0,618.7,1051790.0,658330.0,374,7669480.0
4451,446560.0,484.1,822970.0000000001,376410.0000000001,374,8045890.0
4452,402060.0,418.7,711789.9999999999,309729.9999999999,374,8355620.0
4453,365580.0,226.25,384625.0,19045.0,374,8374665.0
4454,1070760.0,79.75,135575.0,-935185.0,375,7439480.0
4455,481580.0,0.0,0.0,-481580.0,375,6957900.0
4456,416700.0,0.0,0.0,-416700.0,375,6541200.0
4457,424900.0,0.0,0.0,-424900.0,375,6116300.0
4458,425900.0,0.0,0.0,-425900.0,375,5690400.0
4459,464400.0,0.0,0.0,-464400.0,375,5226000.0
4460,467000.0,0.0,0.0,-467000.0,375,4759000.0
4461,467200.0,0.0,0.0,-467200.0,375,4291800.0
4462,403580.0,0.0,0.0,-403580.0,375,3888220.0
4463,403580.0,0.0,0.0,-403580.0,375,3484640.0
4464,403580.0,0.0,0.0,-403580.0,375,3081060.0
4465,293320.0,0.0,0.0,-293320.0,375,2787740.0
4466,293320.0,50.6,86020.0,-207300.0,375,2580440.0
4467,293320.0,182.4,310080.0,16760.0,376,2597200.0
4468,300100.0,377.7,642090.0,341990.0,376,2939190.0
4469,299500.0,584.4,993480.0,693980.0,376,3633170.0
4470,322840.0,707.1,1202070.0000000002,879230.0000000002,376,4512400.0
4471,371140.0,817.9,1390430.0,1019290.0,376,5531690.0
4472,374940.0,827.75,1407175.0,1032235.0,376,6563925.0
4473,335100.0,823.45,1399865.0,1064765.0,376,7628690.0
4474,348420.0,702.5,1194250.0,845830.0,376,8474520.0
4475,322040.0,531.0,902700.0,580660.0,376,9000000.0
4476,314540.0,430.15,731255.0,416715.0,376,9000000.0
4477,263840.0,245.25,416925.0,153085.0,376,9000000.0
4478,279860.0,81.25,138125.0,-141735.0,377,8858265.0
4479,269360.0,0.0,0.0,-269360.0,377,8588905.0
4480,905860.0,0.0,0.0,-905860.0,377,7683045.0
4481,388380.0,0.0,0.0,-388380.0,377,7294665.0
4482,399600.0,0.0,0.0,-399600.0,377,6895065.0
4483,393300.0,0.0,0.0,-393300.0,377,6501765.0
4484,390080.0,0.0,0.0,-390080.0,377,6111685.0
4485,390680.0,0.0,0.0,-390680.0,377,5721005.0
4486,374680.0,0.0,0.0,-374680.0,377,5346325.0
4487,347660.0,0.0,0.0,-347660.0,377,4998665.0
4488,326120.0,0.0,0.0,-326120.0,377,4672545.0
4489,293320.0,0.0,0.0,-293320.0,377,4379225.0
4490,293320.0,50.9,86530.0,-206790.0,377,4172435.0
4491,293320.0,179.0,304300.0,10980.0,378,4183415.0
4492,300100.0,335.15,569755.0,269655.0,378,4453070.0
4493,299500.0,434.0,737800.0,438300.0,378,4891370.0
4494,322840.0,463.3,787610.0,464770.0,378,5356140.0
4495,371140.0,579.95,985915.0000000001,614775.0000000001,378,5970915.0
4496,374940.0,545.55,927435.0,552495.0,378,6523410.0
4497,335100.0,375.05,637585.0,302485.0,378,6825895.0
4498,348420.0,211.95,360315.0,11895.0,378,6837790.0
4499,322040.0,115.7,196690.0,-125350.0,379,6712440.0
4500,314540.0,83.95,142715.0,-171825.0,379,6540615.0
4501,263840.0,39.55,67234.99999999999,-196605.0,379,6344010.0
4502,279860.0,15.8,26860.000000000004,-253000.0,379,6091010.0
4503,269360.0,0.0,0.0,-269360.0,379,5821650.0
4504,905860.0,0.0,0.0,-905860.0,379,4915790.0
4505,388380.0,0.0,0.0,-388380.0,379,4527410.0
4506,399600.0,0.0,0.0,-399600.0,379,4127810.0
4507,393300.0,0.0,0.0,-393300.0,379,3734510.0
4508,390080.0,0.0,0.0,-390080.0,379,3344430.0
4509,390680.0,0.0,0.0,-390680.0,379,2953750.0
4510,374680.0,0.0,0.0,-374680.0,379,2579070.0
4511,347660.0,0.0,0.0,-347660.0,379,2231410.0
4512,326120.0,0.0,0.0,-326120.0,379,1905290.0
4513,293320.0,0.0,0.0,-293320.0,379,1611970.0
4514,293320.0,5.5,9350.0,-283970.0,379,1328000.0
4515,293320.0,20.55,34935.00000000001,-258385.0,379,1069615.0
4516,300100.0,38.3,65109.999999999985,-234990.0,379,834625.0
4517,299500.0,83.3,141610.0,-157890.0,379,676735.0
4518,322840.0,96.95,164815.00000000003,-158024.99999999997,379,518710.0
4519,371140.0,256.55,436135.0,64995.0,380,583705.0
4520,374940.0,217.85,370345.0,-4595.0,381,579110.0
4521,335100.0,197.95,336515.0,1415.0,382,580525.0
4522,348420.0,232.75,395675.0,47255.0,382,627780.0
4523,322040.0,168.7,286790.0,-35250.0,383,592530.0
4524,314540.0,117.8,200260.0,-114280.0,383,478250.0
4525,263840.0,56.15,95455.0,-168385.0,383,309865.0
4526,279860.0,31.3,53210.0,-226650.0,383,83215.0
4527,269360.0,0.0,0.0,-269360.0,383,0.0
4528,905860.0,0.0,0.0,-905860.0,383,0.0
4529,388380.0,0.0,0.0,-388380.0,383,0.0
4530,399600.0,0.0,0.0,-399600.0,383,0.0
4531,393300.0,0.0,0.0,-393300.0,383,0.0
4532,390080.0,0.0,0.0,-390080.0,383,0.0
4533,390680.0,0.0,0.0,-390680.0,383,0.0
4534,374680.0,0.0,0.0,-374680.0,383,0.0
4535,347660.0,0.0,0.0,-347660.0,383,0.0
4536,326120.0,0.0,0.0,-326120.0,383,0.0
4537,293320.0,0.0,0.0,-293320.0,383,0.0
4538,293320.0,46.5,79050.0,-214270.0,383,0.0
4539,293320.0,119.25,202725.0,-90595.0,383,0.0
4540,300100.0,187.95,319514.99999999994,19414.99999999994,384,19414.99999999994
4541,299500.0,330.8,562360.0000000001,262860.0000000001,384,282275.00000000006
4542,322840.0,436.6,742220.0000000001,419380.0000000001,384,701655.0000000002
4543,371140.0,602.1,1023570.0,652430.0,384,1354085.0000000002
4544,374940.0,689.95,1172915.0000000002,797975.0000000002,384,2152060.0000000005
4545,335100.0,573.05,974185.0,639085.0,384,2791145.0000000005
4546,348420.0,434.2,738140.0,389720.0,384,3180865.0000000005
4547,322040.0,403.15,685354.9999999999,363314.9999999999,384,3544180.0000000005
4548,314540.0,322.55,548335.0,233795.0,384,3777975.0000000005
4549,263840.0,187.5,318750.0,54910.0,384,3832885.0000000005
4550,279860.0,73.25,124525.0,-155335.0,385,3677550.0000000005
4551,269360.0,0.0,0.0,-269360.0,385,3408190.0000000005
4552,905860.0,0.0,0.0,-905860.0,385,2502330.0000000005
4553,388380.0,0.0,0.0,-388380.0,385,2113950.0000000005
4554,399600.0,0.0,0.0,-399600.0,385,1714350.0000000005
4555,393300.0,0.0,0.0,-393300.0,385,1321050.0000000005
4556,390080.0,0.0,0.0,-390080.0,385,930970.0000000005
4557,390680.0,0.0,0.0,-390680.0,385,540290.0000000005
4558,374680.0,0.0,0.0,-374680.0,385,165610.00000000047
4559,347660.0,0.0,0.0,-347660.0,385,0.0
4560,326120.0,0.0,0.0,-326120.0,385,0.0
4561,293320.0,0.0,0.0,-293320.0,385,0.0
4562,293320.0,54.3,92309.99999999999,-201010.0,385,0.0
4563,293320.0,207.65,353005.0,59685.0,386,59685.0
4564,300100.0,396.55,674135.0,374035.0,386,433720.0
4565,299500.0,551.55,937635.0,638135.0,386,1071855.0
4566,322840.0,748.9,1273130.0,950290.0,386,2022145.0
4567,371140.0,719.55,1223234.9999999998,852094.9999999998,386,2874240.0
4568,374940.0,743.95,1264715.0,889775.0,386,3764015.0
4569,335100.0,721.85,1227145.0,892045.0,386,4656060.0
4570,348420.0,505.85,859945.0,511525.0,386,5167585.0
4571,322040.0,488.15,829855.0,507815.0,386,5675400.0
4572,314540.0,398.3,677110.0,362570.0,386,6037970.0
4573,263840.0,232.3,394910.0,131070.0,386,6169040.0
4574,279860.0,84.0,142800.0,-137060.0,387,6031980.0
4575,269360.0,0.0,0.0,-269360.0,387,5762620.0
4576,905860.0,0.0,0.0,-905860.0,387,4856760.0
4577,388380.0,0.0,0.0,-388380.0,387,4468380.0
4578,399600.0,0.0,0.0,-399600.0,387,4068780.0
4579,393300.0,0.0,0.0,-393300.0,387,3675480.0
4580,390080.0,0.0,0.0,-390080.0,387,3285400.0
4581,390680.0,0.0,0.0,-390680.0,387,2894720.0
4582,374680.0,0.0,0.0,-374680.0,387,2520040.0
4583,347660.0,0.0,0.0,-347660.0,387,2172380.0
4584,326120.0,0.0,0.0,-326120.0,387,1846260.0
4585,406760.0,0.0,0.0,-406760.0,387,1439500.0
4586,406760.0,48.4,82280.0,-324480.0,387,1115020.0
4587,335720.0,188.5,320450.0,-15270.0,387,1099750.0
4588,347020.0,350.75,596275.0,249255.0,388,1349005.0
4589,346420.0,491.95,836315.0,489895.0,388,1838900.0
4590,354140.0,574.55,976735.0,622595.0,388,2461495.0
4591,310440.0,696.3,1183709.9999999998,873269.9999999998,388,3334765.0
4592,316740.0,715.0,1215500.0,898760.0,388,4233525.0
4593,382840.0,831.35,1413295.0,1030455.0,388,5263980.0
4594,393460.0,663.85,1128545.0,735085.0,388,5999065.0
4595,446560.0,528.3,898110.0,451550.0,388,6450615.0
4596,402060.0,367.0,623900.0,221840.0,388,6672455.0
4597,365580.0,178.75,303875.0,-61705.0,389,6610750.0
4598,1070760.0,57.35,97495.0,-973265.0,389,5637485.0
4599,481580.0,0.0,0.0,-481580.0,389,5155905.0
4600,416700.0,0.0,0.0,-416700.0,389,4739205.0
4601,424900.0,0.0,0.0,-424900.0,389,4314305.0
4602,425900.0,0.0,0.0,-425900.0,389,3888405.0
4603,464400.0,0.0,0.0,-464400.0,389,3424005.0
4604,467000.0,0.0,0.0,-467000.0,389,2957005.0
4605,467200.0,0.0,0.0,-467200.0,389,2489805.0
4606,403580.0,0.0,0.0,-403580.0,389,2086225.0
4607,403580.0,0.0,0.0,-403580.0,389,1682645.0
4608,403580.0,0.0,0.0,-403580.0,389,1279065.0
4609,406760.0,0.0,0.0,-406760.0,389,872305.0
4610,406760.0,43.25,73525.0,-333235.0,389,539070.0
4611,335720.0,186.65,317305.0,-18415.0,389,520655.0
4612,347020.0,305.05,518585.0,171565.0,390,692220.0
4613,346420.0,479.95,815915.0,469495.0,390,1161715.0
4614,354140.0,568.3,966109.9999999998,611969.9999999998,390,1773684.9999999998
4615,310440.0,673.55,1145035.0,834595.0,390,2608280.0
4616,316740.0,628.65,1068704.9999999998,751964.9999999998,390,3360245.0
4617,382840.0,691.55,1175635.0,792795.0,390,4153040.0
4618,393460.0,534.3,908310.0,514850.0,390,4667890.0
4619,446560.0,422.95,719015.0,272455.0,390,4940345.0
4620,402060.0,363.15,617355.0,215295.0,390,5155640.0
4621,365580.0,203.55,346035.0,-19545.0,391,5136095.0
4622,1070760.0,68.3,116110.0,-954650.0,391,4181445.0
4623,481580.0,0.0,0.0,-481580.0,391,3699865.0
4624,416700.0,0.0,0.0,-416700.0,391,3283165.0
4625,424900.0,0.0,0.0,-424900.0,391,2858265.0
4626,425900.0,0.0,0.0,-425900.0,391,2432365.0
4627,464400.0,0.0,0.0,-464400.0,391,1967965.0
4628,467000.0,0.0,0.0,-467000.0,391,1500965.0
4629,467200.0,0.0,0.0,-467200.0,391,1033765.0
4630,403580.0,0.0,0.0,-403580.0,391,630185.0
4631,403580.0,0.0,0.0,-403580.0,391,226605.0
4632,403580.0,0.0,0.0,-403580.0,391,0.0
4633,293320.0,0.0,0.0,-293320.0,391,0.0
4634,293320.0,43.45,73865.0,-219455.0,391,0.0
4635,293320.0,187.95,319514.99999999994,26194.99999999994,392,26194.99999999994
4636,300100.0,350.6,596020.0,295920.0,392,322114.99999999994
4637,299500.0,471.35,801295.0000000001,501795.0000000001,392,823910.0
4638,322840.0,569.35,967895.0,645055.0,392,1468965.0
4639,371140.0,609.45,1036065.0,664925.0,392,2133890.0
4640,374940.0,723.3,1229610.0,854670.0,392,2988560.0
4641,335100.0,629.1,1069470.0,734370.0,392,3722930.0
4642,348420.0,578.0,982600.0,634180.0,392,4357110.0
4643,322040.0,463.25,787525.0,465485.0,392,4822595.0
4644,314540.0,346.25,588625.0,274085.0,392,5096680.0
4645,263840.0,206.35,350795.0,86955.0,392,5183635.0
4646,279860.0,79.3,134810.0,-145050.0,393,5038585.0
4647,269360.0,0.0,0.0,-269360.0,393,4769225.0
4648,905860.0,0.0,0.0,-905860.0,393,3863365.0
4649,388380.0,0.0,0.0,-388380.0,393,3474985.0
4650,399600.0,0.0,0.0,-399600.0,393,3075385.0
4651,393300.0,0.0,0.0,-393300.0,393,2682085.0
4652,390080.0,0.0,0.0,-390080.0,393,2292005.0
4653,390680.0,0.0,0.0,-390680.0,393,1901325.0
4654,374680.0,0.0,0.0,-374680.0,393,1526645.0
4655,347660.0,0.0,0.0,-347660.0,393,1178985.0
4656,326120.0,0.0,0.0,-326120.0,393,852865.0
4657,293320.0,0.0,0.0,-293320.0,393,559545.0
4658,293320.0,43.0,73100.0,-220220.0,393,339325.0
4659,293320.0,156.2,265539.99999999994,-27780.00000000006,393,311544.99999999994
4660,300100.0,287.15,488154.9999999999,188054.99999999988,394,499599.9999999998
4661,299500.0,551.95,938315.0,638815.0,394,1138414.9999999998
4662,322840.0,697.0,1184900.0,862060.0,394,2000474.9999999998
4663,371140.0,761.15,1293955.0,922815.0,394,2923290.0
4664,374940.0,787.55,1338835.0,963895.0,394,3887185.0
4665,335100.0,786.35,1336795.0,1001695.0,394,4888880.0
4666,348420.0,672.2,1142740.0,794320.0,394,5683200.0
4667,322040.0,571.65,971805.0,649765.0,394,6332965.0
4668,314540.0,450.35,765595.0,451055.0,394,6784020.0
4669,263840.0,251.7,427889.99999999994,164049.99999999994,394,6948070.0
4670,279860.0,84.5,143650.0,-136210.0,395,6811860.0
4671,269360.0,0.0,0.0,-269360.0,395,6542500.0
4672,905860.0,0.0,0.0,-905860.0,395,5636640.0
4673,388380.0,0.0,0.0,-388380.0,395,5248260.0
4674,399600.0,0.0,0.0,-399600.0,395,4848660.0
4675,393300.0,0.0,0.0,-393300.0,395,4455360.0
4676,390080.0,0.0,0.0,-390080.0,395,4065280.0
4677,390680.0,0.0,0.0,-390680.0,395,3674600.0
4678,374680.0,0.0,0.0,-374680.0,395,3299920.0
4679,347660.0,0.0,0.0,-347660.0,395,2952260.0
4680,326120.0,0.0,0.0,-326120.0,395,2626140.0
4681,293320.0,0.0,0.0,-293320.0,395,2332820.0
4682,293320.0,44.7,75990.0,-217330.0,395,2115490.0
4683,293320.0,149.7,254490.0,-38830.0,395,2076660.0
4684,300100.0,267.25,454325.0,154225.0,396,2230885.0
4685,299500.0,476.75,810475.0,510975.0,396,2741860.0
4686,322840.0,518.35,881195.0,558355.0,396,3300215.0
4687,371140.0,599.15,1018555.0,647415.0,396,3947630.0
4688,374940.0,704.8,1198160.0,823220.0,396,4770850.0
4689,335100.0,682.5,1160250.0,825150.0,396,5596000.0
4690,348420.0,583.6,992120.0,643700.0,396,6239700.0
4691,322040.0,508.3,864110.0,542070.0,396,6781770.0
4692,314540.0,395.3,672010.0,357470.0,396,7139240.0
4693,263840.0,249.85,424745.0,160905.0,396,7300145.0
4694,279860.0,83.95,142715.0,-137145.0,397,7163000.0
4695,269360.0,0.0,0.0,-269360.0,397,6893640.0
4696,905860.0,0.0,0.0,-905860.0,397,5987780.0
4697,388380.0,0.0,0.0,-388380.0,397,5599400.0
4698,399600.0,0.0,0.0,-399600.0,397,5199800.0
4699,393300.0,0.0,0.0,-393300.0,397,4806500.0
4700,390080.0,0.0,0.0,-390080.0,397,4416420.0
4701,390680.0,0.0,0.0,-390680.0,397,4025740.0
4702,374680.0,0.0,0.0,-374680.0,397,3651060.0
4703,347660.0,0.0,0.0,-347660.0,397,3303400.0
4704,326120.0,0.0,0.0,-326120.0,397,2977280.0
4705,293320.0,0.0,0.0,-293320.0,397,2683960.0
4706,293320.0,39.85,67745.0,-225575.0,397,2458385.0
4707,293320.0,188.85,321045.0,27725.0,398,2486110.0
4708,300100.0,382.95,651015.0,350915.0,398,2837025.0
4709,299500.0,572.85,973845.0,674345.0,398,3511370.0
4710,322840.0,709.85,1206745.0,883905.0,398,4395275.0
4711,371140.0,792.45,1347165.0000000002,976025.0000000002,398,5371300.0
4712,374940.0,877.85,1492345.0,1117405.0,398,6488705.0
4713,335100.0,851.8,1448060.0,1112960.0,398,7601665.0
4714,348420.0,704.1,1196970.0000000002,848550.0000000002,398,8450215.0
4715,322040.0,552.95,940015.0,617975.0,398,9000000.0
4716,314540.0,328.1,557770.0,243230.0,398,9000000.0
4717,263840.0,174.75,297075.0,33235.0,398,9000000.0
4718,279860.0,50.15,85255.0,-194605.0,399,8805395.0
4719,269360.0,0.0,0.0,-269360.0,399,8536035.0
4720,905860.0,0.0,0.0,-905860.0,399,7630175.0
4721,388380.0,0.0,0.0,-388380.0,399,7241795.0
4722,399600.0,0.0,0.0,-399600.0,399,6842195.0
4723,393300.0,0.0,0.0,-393300.0,399,6448895.0
4724,390080.0,0.0,0.0,-390080.0,399,6058815.0
4725,390680.0,0.0,0.0,-390680.0,399,5668135.0
4726,374680.0,0.0,0.0,-374680.0,399,5293455.0
4727,347660.0,0.0,0.0,-347660.0,399,4945795.0
4728,326120.0,0.0,0.0,-326120.0,399,4619675.0
4729,293320.0,0.0,0.0,-293320.0,399,4326355.0
4730,293320.0,18.4,31280.0,-262040.0,399,4064315.0
4731,293320.0,78.8,133960.0,-159360.0,399,3904955.0
4732,300100.0,103.25,175525.0,-124575.0,399,3780380.0
4733,299500.0,168.4,286280.0,-13220.0,399,3767160.0
4734,322840.0,582.0,989400.0,666560.0,400,4433720.0
4735,371140.0,773.0,1314100.0,942960.0,400,5376680.0
4736,374940.0,759.7,1291490.0,916550.0,400,6293230.0
4737,335100.0,673.65,1145205.0,810105.0,400,7103335.0
4738,348420.0,690.65,1174105.0,825685.0,400,7929020.0
4739,322040.0,396.95,674814.9999999999,352774.9999999999,400,8281795.0
4740,314540.0,265.0,450500.0,135960.0,400,8417755.0
4741,263840.0,175.45,298265.0,34425.0,400,8452180.0
4742,279860.0,69.75,118575.0,-161285.0,401,8290895.0
4743,269360.0,0.0,0.0,-269360.0,401,8021535.0
4744,905860.0,0.0,0.0,-905860.0,401,7115675.0
4745,388380.0,0.0,0.0,-388380.0,401,6727295.0
4746,399600.0,0.0,0.0,-399600.0,401,6327695.0
4747,393300.0,0.0,0.0,-393300.0,401,5934395.0
4748,390080.0,0.0,0.0,-390080.0,401,5544315.0
4749,390680.0,0.0,0.0,-390680.0,401,5153635.0
4750,374680.0,0.0,0.0,-374680.0,401,4778955.0
4751,347660.0,0.0,0.0,-347660.0,401,4431295.0
4752,326120.0,0.0,0.0,-326120.0,401,4105175.0
4753,406760.0,0.0,0.0,-406760.0,401,3698415.0
4754,406760.0,45.65,77604.99999999999,-329155.0,401,3369260.0
4755,335720.0,192.05,326485.0,-9235.0,401,3360025.0
4756,347020.0,381.95,649315.0,302295.0,402,3662320.0
4757,346420.0,569.3,967809.9999999998,621389.9999999998,402,4283710.0
4758,354140.0,723.55,1230034.9999999998,875894.9999999998,402,5159605.0
4759,310440.0,830.45,1411765.0,1101325.0,402,6260930.0
4760,316740.0,817.4,1389580.0,1072840.0,402,7333770.0
4761,382840.0,807.25,1372325.0,989485.0,402,8323255.0
4762,393460.0,690.85,1174445.0000000002,780985.0000000002,402,9000000.0
4763,446560.0,604.75,1028075.0,581515.0,402,9000000.0
4764,402060.0,422.6,718420.0000000001,316360.0000000001,402,9000000.0
4765,365580.0,246.8,419560.00000000006,53980.00000000006,402,9000000.0
4766,1070760.0,64.95,110415.00000000001,-960345.0,403,8039655.0
4767,481580.0,0.0,0.0,-481580.0,403,7558075.0
4768,416700.0,0.0,0.0,-416700.0,403,7141375.0
4769,424900.0,0.0,0.0,-424900.0,403,6716475.0
4770,425900.0,0.0,0.0,-425900.0,403,6290575.0
4771,464400.0,0.0,0.0,-464400.0,403,5826175.0
4772,467000.0,0.0,0.0,-467000.0,403,5359175.0
4773,467200.0,0.0,0.0,-467200.0,403,4891975.0
4774,403580.0,0.0,0.0,-403580.0,403,4488395.0
4775,403580.0,0.0,0.0,-403580.0,403,4084815.0
4776,403580.0,0.0,0.0,-403580.0,403,3681235.0
4777,406760.0,0.0,0.0,-406760.0,403,3274475.0
4778,406760.0,42.95,73015.0,-333745.0,403,2940730.0
4779,335720.0,165.55,281435.0,-54285.0,403,2886445.0
4780,347020.0,323.3,549610.0000000001,202590.00000000012,404,3089035.0
4781,346420.0,500.55,850935.0000000001,504515.0000000001,404,3593550.0
4782,354140.0,649.45,1104065.0000000002,749925.0000000002,404,4343475.0
4783,310440.0,742.65,1262505.0,952065.0,404,5295540.0
4784,316740.0,670.0,1139000.0,822260.0,404,6117800.0
4785,382840.0,780.05,1326084.9999999998,943244.9999999998,404,7061045.0
4786,393460.0,728.45,1238365.0,844905.0,404,7905950.0
4787,446560.0,596.25,1013625.0,567065.0,404,8473015.0
4788,402060.0,391.3,665210.0000000001,263150.0000000001,404,8736165.0
4789,365580.0,213.65,363205.0,-2375.0,405,8733790.0
4790,1070760.0,76.35,129795.0,-940965.0,405,7792825.0
4791,481580.0,0.0,0.0,-481580.0,405,7311245.0
4792,416700.0,0.0,0.0,-416700.0,405,6894545.0
4793,424900.0,0.0,0.0,-424900.0,405,6469645.0
4794,425900.0,0.0,0.0,-425900.0,405,6043745.0
4795,464400.0,0.0,0.0,-464400.0,405,5579345.0
4796,467000.0,0.0,0.0,-467000.0,405,5112345.0
4797,467200.0,0.0,0.0,-467200.0,405,4645145.0
4798,403580.0,0.0,0.0,-403580.0,405,4241565.0
4799,403580.0,0.0,0.0,-403580.0,405,3837985.0
4800,403580.0,0.0,0.0,-403580.0,405,3434405.0
4801,293320.0,0.0,0.0,-293320.0,405,3141085.0
4802,293320.0,38.25,65025.0,-228295.0,405,2912790.0
4803,293320.0,159.35,270895.0,-22425.0,405,2890365.0
4804,300100.0,336.25,571625.0,271525.0,406,3161890.0
4805,299500.0,426.3,724710.0,425210.0,406,3587100.0
4806,322840.0,583.5,991950.0,669110.0,406,4256210.0
4807,371140.0,711.7,1209890.0,838750.0,406,5094960.0
4808,374940.0,795.95,1353115.0,978175.0,406,6073135.0
4809,335100.0,780.6,1327020.0000000002,991920.0000000002,406,7065055.0
4810,348420.0,614.0,1043800.0,695380.0,406,7760435.0
4811,322040.0,412.25,700825.0,378785.0,406,8139220.0
4812,314540.0,330.2,561340.0,246800.0,406,8386020.0
4813,263840.0,168.35,286195.0,22355.0,406,8408375.0
4814,279860.0,71.35,121295.0,-158565.0,407,8249810.0
4815,269360.0,0.0,0.0,-269360.0,407,7980450.0
4816,905860.0,0.0,0.0,-905860.0,407,7074590.0
4817,388380.0,0.0,0.0,-388380.0,407,6686210.0
4818,399600.0,0.0,0.0,-399600.0,407,6286610.0
4819,393300.0,0.0,0.0,-393300.0,407,5893310.0
4820,390080.0,0.0,0.0,-390080.0,407,5503230.0
4821,390680.0,0.0,0.0,-390680.0,407,5112550.0
4822,374680.0,0.0,0.0,-374680.0,407,4737870.0
4823,347660.0,0.0,0.0,-347660.0,407,4390210.0
4824,326120.0,0.0,0.0,-326120.0,407,4064090.0
4825,293320.0,0.0,0.0,-293320.0,407,3770770.0
4826,293320.0,37.95,64515.00000000001,-228805.0,407,3541965.0
4827,293320.0,166.1,282370.0,-10950.0,407,3531015.0
4828,300100.0,311.75,529975.0,229875.0,408,3760890.0
4829,299500.0,429.9,730830.0,431330.0,408,4192220.0
4830,322840.0,627.5,1066750.0,743910.0,408,4936130.0
4831,371140.0,666.9,1133729.9999999998,762589.9999999998,408,5698720.0
4832,374940.0,801.35,1362295.0,987355.0,408,6686075.0
4833,335100.0,794.75,1351075.0,1015975.0,408,7702050.0
4834,348420.0,660.4,1122680.0,774260.0,408,8476310.0
4835,322040.0,536.65,912305.0,590265.0,408,9000000.0
4836,314540.0,418.3,711110.0,396570.0,408,9000000.0
4837,263840.0,214.9,365330.0,101490.0,408,9000000.0
4838,279860.0,69.3,117810.0,-162050.0,409,8837950.0
4839,269360.0,0.0,0.0,-269360.0,409,8568590.0
4840,905860.0,0.0,0.0,-905860.0,409,7662730.0
4841,388380.0,0.0,0.0,-388380.0,409,7274350.0
4842,399600.0,0.0,0.0,-399600.0,409,6874750.0
4843,393300.0,0.0,0.0,-393300.0,409,6481450.0
4844,390080.0,0.0,0.0,-390080.0,409,6091370.0
4845,390680.0,0.0,0.0,-390680.0,409,5700690.0
4846,374680.0,0.0,0.0,-374680.0,409,5326010.0
4847,347660.0,0.0,0.0,-347660.0,409,4978350.0
4848,326120.0,0.0,0.0,-326120.0,409,4652230.0
4849,293320.0,0.0,0.0,-293320.0,409,4358910.0
4850,293320.0,39.5,67150.0,-226170.0,409,4132740.0
4851,293320.0,178.7,303790.0,10470.0,410,4143210.0
4852,300100.0,334.1,567970.0,267870.0,410,4411080.0
4853,299500.0,455.15,773755.0,474255.0,410,4885335.0
4854,322840.0,636.85,1082645.0,759805.0,410,5645140.0
4855,371140.0,677.45,1151665.0,780525.0,410,6425665.0
4856,374940.0,774.55,1316735.0,941795.0,410,7367460.0
4857,335100.0,661.45,1124465.0000000002,789365.0000000002,410,8156825.0
4858,348420.0,651.8,1108059.9999999998,759639.9999999998,410,8916465.0
4859,322040.0,550.4,935680.0,613640.0,410,9000000.0
4860,314540.0,401.3,682210.0,367670.0,410,9000000.0
4861,263840.0,236.2,401540.0,137700.0,410,9000000.0
4862,279860.0,79.4,134980.00000000003,-144879.99999999997,411,8855120.0
4863,269360.0,0.0,0.0,-269360.0,411,8585760.0
4864,905860.0,0.0,0.0,-905860.0,411,7679900.0
4865,388380.0,0.0,0.0,-388380.0,411,7291520.0
4866,399600.0,0.0,0.0,-399600.0,411,6891920.0
4867,393300.0,0.0,0.0,-393300.0,411,6498620.0
4868,390080.0,0.0,0.0,-390080.0,411,6108540.0
4869,390680.0,0.0,0.0,-390680.0,411,5717860.0
4870,374680.0,0.0,0.0,-374680.0,411,5343180.0
4871,347660.0,0.0,0.0,-347660.0,411,4995520.0
4872,326120.0,0.0,0.0,-326120.0,411,4669400.0
4873,293320.0,0.0,0.0,-293320.0,411,4376080.0
4874,293320.0,35.55,60435.0,-232885.0,411,4143195.0
4875,293320.0,165.3,281010.0,-12310.0,411,4130885.0
4876,300100.0,329.15,559555.0,259455.0,412,4390340.0
4877,299500.0,453.2,770440.0,470940.0,412,4861280.0
4878,322840.0,703.85,1196545.0,873705.0,412,5734985.0
4879,371140.0,752.7,1279590.0,908450.0,412,6643435.0
4880,374940.0,834.0,1417800.0,1042860.0,412,7686295.0
4881,335100.0,788.25,1340025.0,1004925.0,412,8691220.0
4882,348420.0,710.05,1207085.0,858665.0,412,9000000.0
4883,322040.0,555.7,944690.0000000001,622650.0000000001,412,9000000.0
4884,314540.0,390.9,664529.9999999999,349989.9999999999,412,9000000.0
4885,263840.0,219.8,373660.00000000006,109820.00000000006,412,9000000.0
4886,279860.0,73.55,125034.99999999997,-154825.00000000003,413,8845175.0
4887,269360.0,0.0,0.0,-269360.0,413,8575815.0
4888,905860.0,0.0,0.0,-905860.0,413,7669955.0
4889,388380.0,0.0,0.0,-388380.0,413,7281575.0
4890,399600.0,0.0,0.0,-399600.0,413,6881975.0
4891,393300.0,0.0,0.0,-393300.0,413,6488675.0
4892,390080.0,0.0,0.0,-390080.0,413,6098595.0
4893,390680.0,0.0,0.0,-390680.0,413,5707915.0
4894,374680.0,0.0,0.0,-374680.0,413,5333235.0
4895,347660.0,0.0,0.0,-347660.0,413,4985575.0
4896,326120.0,0.0,0.0,-326120.0,413,4659455.0
4897,293320.0,0.0,0.0,-293320.0,413,4366135.0
4898,293320.0,32.4,55080.0,-238240.0,413,4127895.0
4899,293320.0,163.6,278120.0,-15200.0,413,4112695.0
4900,300100.0,326.95,555814.9999999999,255714.99999999988,414,4368410.0
4901,299500.0,520.1,884170.0,584670.0,414,4953080.0
4902,322840.0,681.2,1158040.0,835200.0,414,5788280.0
4903,371140.0,811.55,1379635.0,1008495.0,414,6796775.0
4904,374940.0,839.5,1427150.0,1052210.0,414,7848985.0
4905,335100.0,785.85,1335945.0,1000845.0,414,8849830.0
4906,348420.0,766.55,1303135.0,954715.0,414,9000000.0
4907,322040.0,568.4,966280.0,644240.0,414,9000000.0
4908,314540.0,425.35,723095.0,408555.0,414,9000000.0
4909,263840.0,235.85,400945.0,137105.0,414,9000000.0
4910,279860.0,68.25,116025.0,-163835.0,415,8836165.0
4911,269360.0,0.0,0.0,-269360.0,415,8566805.0
4912,905860.0,0.0,0.0,-905860.0,415,7660945.0
4913,388380.0,0.0,0.0,-388380.0,415,7272565.0
4914,399600.0,0.0,0.0,-399600.0,415,6872965.0
4915,393300.0,0.0,0.0,-393300.0,415,6479665.0
4916,390080.0,0.0,0.0,-390080.0,415,6089585.0
4917,390680.0,0.0,0.0,-390680.0,415,5698905.0
4918,374680.0,0.0,0.0,-374680.0,415,5324225.0
4919,347660.0,0.0,0.0,-347660.0,415,4976565.0
4920,326120.0,0.0,0.0,-326120.0,415,4650445.0
4921,406760.0,0.0,0.0,-406760.0,415,4243685.0
4922,406760.0,36.8,62560.0,-344200.0,415,3899485.0
4923,335720.0,149.65,254405.0,-81315.0,415,3818170.0
4924,347020.0,341.35,580295.0000000001,233275.00000000012,416,4051445.0
4925,346420.0,498.2,846940.0,500520.0,416,4551965.0
4926,354140.0,693.35,1178695.0,824555.0,416,5376520.0
4927,310440.0,744.7,1265990.0,955550.0,416,6332070.0
4928,316740.0,805.55,1369435.0,1052695.0,416,7384765.0
4929,382840.0,792.7,1347590.0000000002,964750.0000000002,416,8349515.0
4930,393460.0,627.9,1067430.0,673970.0,416,9000000.0
4931,446560.0,615.4,1046180.0,599620.0,416,9000000.0
4932,402060.0,421.9,717230.0,315170.0,416,9000000.0
4933,365580.0,213.15,362355.0,-3225.0,417,8996775.0
4934,1070760.0,67.75,115175.0,-955585.0,417,8041190.0
4935,481580.0,0.0,0.0,-481580.0,417,7559610.0
4936,416700.0,0.0,0.0,-416700.0,417,7142910.0
4937,424900.0,0.0,0.0,-424900.0,417,6718010.0
4938,425900.0,0.0,0.0,-425900.0,417,6292110.0
4939,464400.0,0.0,0.0,-464400.0,417,5827710.0
4940,467000.0,0.0,0.0,-467000.0,417,5360710.0
4941,467200.0,0.0,0.0,-467200.0,417,4893510.0
4942,403580.0,0.0,0.0,-403580.0,417,4489930.0
4943,403580.0,0.0,0.0,-403580.0,417,4086350.0
4944,403580.0,0.0,0.0,-403580.0,417,3682770.0
4945,406760.0,0.0,0.0,-406760.0,417,3276010.0
4946,406760.0,29.7,50490.0,-356270.0,417,2919740.0
4947,335720.0,130.95,222614.99999999997,-113105.00000000003,417,2806635.0
4948,347020.0,250.15,425254.99999999994,78234.99999999994,418,2884870.0
4949,346420.0,460.85,783445.0000000001,437025.0000000001,418,3321895.0
4950,354140.0,551.35,937295.0,583155.0,418,3905050.0
4951,310440.0,449.2,763640.0,453200.0,418,4358250.0
4952,316740.0,487.65,829005.0,512265.0,418,4870515.0
4953,382840.0,470.15,799254.9999999999,416414.9999999999,418,5286930.0
4954,393460.0,494.5,840650.0,447190.0,418,5734120.0
4955,446560.0,429.2,729639.9999999999,283079.9999999999,418,6017200.0
4956,402060.0,328.9,559129.9999999999,157069.99999999988,418,6174270.0
4957,365580.0,174.3,296310.0,-69270.0,419,6105000.0
4958,1070760.0,45.15,76754.99999999999,-994005.0,419,5110995.0
4959,481580.0,0.0,0.0,-481580.0,419,4629415.0
4960,416700.0,0.0,0.0,-416700.0,419,4212715.0
4961,424900.0,0.0,0.0,-424900.0,419,3787815.0
4962,425900.0,0.0,0.0,-425900.0,419,3361915.0
4963,464400.0,0.0,0.0,-464400.0,419,2897515.0
4964,467000.0,0.0,0.0,-467000.0,419,2430515.0
4965,467200.0,0.0,0.0,-467200.0,419,1963315.0
4966,403580.0,0.0,0.0,-403580.0,419,1559735.0
4967,403580.0,0.0,0.0,-403580.0,419,1156155.0
4968,403580.0,0.0,0.0,-403580.0,419,752575.0
4969,293320.0,0.0,0.0,-293320.0,419,459255.0
4970,293320.0,32.9,55930.0,-237390.0,419,221865.0
4971,293320.0,164.2,279139.99999999994,-14180.000000000058,419,207684.99999999994
4972,300100.0,304.1,516970.00000000006,216870.00000000006,420,424555.0
4973,299500.0,410.1,697170.0,397670.0,420,822225.0
4974,322840.0,625.45,1063265.0000000002,740425.0000000002,420,1562650.0000000002
4975,371140.0,657.6,1117920.0000000002,746780.0000000002,420,2309430.0000000005
4976,374940.0,743.3,1263610.0,888670.0,420,3198100.0000000005
4977,335100.0,677.7,1152090.0000000002,816990.0000000002,420,4015090.000000001
4978,348420.0,734.25,1248225.0,899805.0,420,4914895.000000001
4979,322040.0,559.8,951660.0,629620.0,420,5544515.000000001
4980,314540.0,419.0,712300.0,397760.0,420,5942275.000000001
4981,263840.0,233.05,396185.0,132345.0,420,6074620.000000001
4982,279860.0,73.25,124525.0,-155335.0,421,5919285.000000001
4983,269360.0,0.0,0.0,-269360.0,421,5649925.000000001
4984,905860.0,0.0,0.0,-905860.0,421,4744065.000000001
4985,388380.0,0.0,0.0,-388380.0,421,4355685.000000001
4986,399600.0,0.0,0.0,-399600.0,421,3956085.000000001
4987,393300.0,0.0,0.0,-393300.0,421,3562785.000000001
4988,390080.0,0.0,0.0,-390080.0,421,3172705.000000001
4989,390680.0,0.0,0.0,-390680.0,421,2782025.000000001
4990,374680.0,0.0,0.0,-374680.0,421,2407345.000000001
4991,347660.0,0.0,0.0,-347660.0,421,2059685.000000001
4992,326120.0,0.0,0.0,-326120.0,421,1733565.000000001
4993,293320.0,0.0,0.0,-293320.0,421,1440245.000000001
4994,293320.0,30.25,51425.0,-241895.0,421,1198350.000000001
4995,293320.0,134.05,227885.0,-65435.0,421,1132915.000000001
4996,300100.0,303.95,516715.0,216615.0,422,1349530.000000001
4997,299500.0,506.25,860625.0,561125.0,422,1910655.000000001
4998,322840.0,548.65,932705.0,609865.0,422,2520520.000000001
4999,371140.0,711.6,1209720.0,838580.0,422,3359100.000000001
5000,374940.0,708.25,1204025.0,829085.0,422,4188185.000000001
5001,335100.0,717.05,1218985.0,883885.0,422,5072070.000000001
5002,348420.0,647.3,1100410.0,751990.0,422,5824060.000000001
5003,322040.0,556.4,945880.0,623840.0,422,6447900.000000001
5004,314540.0,396.0,673200.0,358660.0,422,6806560.000000001
5005,263840.0,194.95,331414.99999999994,67574.99999999994,422,6874135.000000001
5006,279860.0,57.95,98515.0,-181345.0,423,6692790.000000001
5007,269360.0,0.0,0.0,-269360.0,423,6423430.000000001
5008,905860.0,0.0,0.0,-905860.0,423,5517570.000000001
5009,388380.0,0.0,0.0,-388380.0,423,5129190.000000001
5010,399600.0,0.0,0.0,-399600.0,423,4729590.000000001
5011,393300.0,0.0,0.0,-393300.0,423,4336290.000000001
5012,390080.0,0.0,0.0,-390080.0,423,3946210.000000001
5013,390680.0,0.0,0.0,-390680.0,423,3555530.000000001
5014,374680.0,0.0,0.0,-374680.0,423,3180850.000000001
5015,347660.0,0.0,0.0,-347660.0,423,2833190.000000001
5016,326120.0,0.0,0.0,-326120.0,423,2507070.000000001
5017,293320.0,0.0,0.0,-293320.0,423,2213750.000000001
5018,293320.0,28.65,48705.0,-244615.0,423,1969135.000000001
5019,293320.0,145.9,248030.0,-45290.0,423,1923845.000000001
5020,300100.0,282.8,480760.0,180660.0,424,2104505.000000001
5021,299500.0,356.75,606475.0,306975.0,424,2411480.000000001
5022,322840.0,529.1,899470.0,576630.0,424,2988110.000000001
5023,371140.0,595.75,1012775.0,641635.0,424,3629745.000000001
5024,374940.0,539.35,916895.0,541955.0,424,4171700.000000001
5025,335100.0,696.05,1183285.0,848185.0,424,5019885.000000001
5026,348420.0,597.75,1016175.0,667755.0,424,5687640.000000001
5027,322040.0,457.35,777495.0000000001,455455.0000000001,424,6143095.000000001
5028,314540.0,325.05,552585.0,238045.0,424,6381140.000000001
5029,263840.0,185.25,314925.0,51085.0,424,6432225.000000001
5030,279860.0,57.85,98345.0,-181515.0,425,6250710.000000001
5031,269360.0,0.0,0.0,-269360.0,425,5981350.000000001
5032,905860.0,0.0,0.0,-905860.0,425,5075490.000000001
5033,388380.0,0.0,0.0,-388380.0,425,4687110.000000001
5034,399600.0,0.0,0.0,-399600.0,425,4287510.000000001
5035,393300.0,0.0,0.0,-393300.0,425,3894210.000000001
5036,390080.0,0.0,0.0,-390080.0,425,3504130.000000001
5037,390680.0,0.0,0.0,-390680.0,425,3113450.000000001
5038,374680.0,0.0,0.0,-374680.0,425,2738770.000000001
5039,347660.0,0.0,0.0,-347660.0,425,2391110.000000001
5040,326120.0,0.0,0.0,-326120.0,425,2064990.000000001
5041,293320.0,0.0,0.0,-293320.0,425,1771670.000000001
5042,293320.0,26.45,44964.99999999999,-248355.0,425,1523315.000000001
5043,293320.0,135.1,229670.0,-63650.0,425,1459665.000000001
5044,300100.0,288.4,490280.0,190180.0,426,1649845.000000001
5045,299500.0,517.5,879749.9999999999,580249.9999999999,426,2230095.000000001
5046,322840.0,611.85,1040145.0,717305.0,426,2947400.000000001
5047,371140.0,639.25,1086725.0,715585.0,426,3662985.000000001
5048,374940.0,671.4,1141380.0,766440.0,426,4429425.000000001
5049,335100.0,642.8,1092759.9999999998,757659.9999999998,426,5187085.000000001
5050,348420.0,660.2,1122340.0,773920.0,426,5961005.000000001
5051,322040.0,449.7,764490.0,442450.0,426,6403455.000000001
5052,314540.0,280.95,477615.0,163075.0,426,6566530.000000001
5053,263840.0,171.6,291720.0,27880.0,426,6594410.000000001
5054,279860.0,50.9,86530.0,-193330.0,427,6401080.000000001
5055,269360.0,0.0,0.0,-269360.0,427,6131720.000000001
5056,905860.0,0.0,0.0,-905860.0,427,5225860.000000001
5057,388380.0,0.0,0.0,-388380.0,427,4837480.000000001
5058,399600.0,0.0,0.0,-399600.0,427,4437880.000000001
5059,393300.0,0.0,0.0,-393300.0,427,4044580.000000001
5060,390080.0,0.0,0.0,-390080.0,427,3654500.000000001
5061,390680.0,0.0,0.0,-390680.0,427,3263820.000000001
5062,374680.0,0.0,0.0,-374680.0,427,2889140.000000001
5063,347660.0,0.0,0.0,-347660.0,427,2541480.000000001
5064,326120.0,0.0,0.0,-326120.0,427,2215360.000000001
5065,293320.0,0.0,0.0,-293320.0,427,1922040.000000001
5066,293320.0,31.56,53651.99999999999,-239668.0,427,1682372.000000001
5067,293320.0,168.4,286280.0,-7040.0,427,1675332.000000001
5068,300100.0,360.1,612170.0000000001,312070.0000000001,428,1987402.000000001
5069,299500.0,547.7,931090.0000000001,631590.0000000001,428,2618992.000000001
5070,322840.0,695.5,1182350.0,859510.0,428,3478502.000000001
5071,371140.0,814.15,1384054.9999999998,1012914.9999999998,428,4491417.000000001
5072,374940.0,835.95,1421115.0000000002,1046175.0000000002,428,5537592.000000001
5073,335100.0,823.25,1399525.0,1064425.0,428,6602017.000000001
5074,348420.0,730.65,1242105.0,893685.0,428,7495702.000000001
5075,322040.0,591.95,1006315.0000000001,684275.0000000001,428,8179977.000000001
5076,314540.0,433.15,736355.0,421815.0,428,8601792.0
5077,263840.0,230.55,391935.0,128095.0,428,8729887.0
5078,279860.0,70.85,120445.0,-159415.0,429,8570472.0
5079,269360.0,0.0,0.0,-269360.0,429,8301112.0
5080,905860.0,0.0,0.0,-905860.0,429,7395252.0
5081,388380.0,0.0,0.0,-388380.0,429,7006872.0
5082,399600.0,0.0,0.0,-399600.0,429,6607272.0
5083,393300.0,0.0,0.0,-393300.0,429,6213972.0
5084,390080.0,0.0,0.0,-390080.0,429,5823892.0
5085,390680.0,0.0,0.0,-390680.0,429,5433212.0
5086,374680.0,0.0,0.0,-374680.0,429,5058532.0
5087,347660.0,0.0,0.0,-347660.0,429,4710872.0
5088,326120.0,0.0,0.0,-326120.0,429,4384752.0
5089,332920.0,0.0,0.0,-332920.0,429,4051832.0
5090,288520.0,29.16,49572.0,-238948.0,429,3812884.0
5091,277900.0,144.35,245395.0,-32505.0,429,3780379.0
5092,312700.0,348.7,592790.0,280090.0,430,4060469.0
5093,312100.0,544.45,925565.0000000001,613465.0000000001,430,4673934.0
5094,325520.0,681.75,1158975.0,833455.0,430,5507389.0
5095,299940.0,795.4,1352180.0,1052240.0,430,6559629.0
5096,303540.0,871.85,1482145.0,1178605.0,430,7738234.0
5097,366820.0,839.7,1427490.0,1060670.0,430,8798904.0
5098,366940.0,752.5,1279250.0,912310.0,430,9000000.0
5099,375540.0,557.95,948515.0,572975.0,430,9000000.0
5100,323040.0,428.65,728705.0,405665.0,430,9000000.0
5101,323040.0,225.8,383860.0,60820.0,430,9000000.0
5102,1034040.0,68.0,115600.0,-918440.0,431,8081560.0
5103,455360.0,0.0,0.0,-455360.0,431,7626200.0
5104,400680.0,0.0,0.0,-400680.0,431,7225520.0
5105,401380.0,0.0,0.0,-401380.0,431,6824140.0
5106,403280.0,0.0,0.0,-403280.0,431,6420860.0
5107,464400.0,0.0,0.0,-464400.0,431,5956460.0
5108,467000.0,0.0,0.0,-467000.0,431,5489460.0
5109,467200.0,0.0,0.0,-467200.0,431,5022260.0
5110,403580.0,0.0,0.0,-403580.0,431,4618680.0
5111,403580.0,0.0,0.0,-403580.0,431,4215100.0
5112,371540.0,0.0,0.0,-371540.0,431,3843560.0
5113,332920.0,0.0,0.0,-332920.0,431,3510640.0
5114,288520.0,30.58,51986.0,-236534.0,431,3274106.0
5115,277900.0,140.55,238935.0,-38965.0,431,3235141.0
5116,312700.0,323.65,550205.0,237505.0,432,3472646.0
5117,312100.0,493.25,838525.0,526425.0,432,3999071.0
5118,325520.0,658.35,1119195.0,793675.0,432,4792746.0
5119,299940.0,729.55,1240234.9999999998,940294.9999999998,432,5733041.0
5120,303540.0,818.2,1390940.0,1087400.0,432,6820441.0
5121,366820.0,773.9,1315630.0,948810.0,432,7769251.0
5122,366940.0,724.85,1232245.0,865305.0,432,8634556.0
5123,375540.0,545.65,927605.0,552065.0,432,9000000.0
5124,323040.0,401.3,682210.0,359170.0,432,9000000.0
5125,323040.0,200.7,341190.0,18150.0,432,9000000.0
5126,1034040.0,66.7,113390.00000000001,-920650.0,433,8079350.0
5127,455360.0,0.0,0.0,-455360.0,433,7623990.0
5128,400680.0,0.0,0.0,-400680.0,433,7223310.0
5129,401380.0,0.0,0.0,-401380.0,433,6821930.0
5130,403280.0,0.0,0.0,-403280.0,433,6418650.0
5131,464400.0,0.0,0.0,-464400.0,433,5954250.0
5132,467000.0,0.0,0.0,-467000.0,433,5487250.0
5133,467200.0,0.0,0.0,-467200.0,433,5020050.0
5134,403580.0,0.0,0.0,-403580.0,433,4616470.0
5135,403580.0,0.0,0.0,-403580.0,433,4212890.0
5136,371540.0,0.0,0.0,-371540.0,433,3841350.0
5137,232500.0,0.0,0.0,-232500.0,433,3608850.0
5138,232500.0,33.23,56490.999999999985,-176009.0,433,3432841.0
5139,232500.0,168.3,286110.0,53610.0,434,3486451.0
5140,286600.0,362.5,616250.0,329650.0,434,3816101.0
5141,286000.0,536.35,911795.0,625795.0,434,4441896.0
5142,299020.0,668.15,1135855.0,836835.0,434,5278731.0
5143,350480.0,781.75,1328975.0,978495.0,434,6257226.0
5144,354280.0,857.95,1458515.0,1104235.0,434,7361461.0
5145,354280.0,840.55,1428934.9999999998,1074654.9999999998,434,8436116.0
5146,299280.0,725.15,1232755.0,933475.0,434,9000000.0
5147,309900.0,595.85,1012945.0,703045.0,434,9000000.0
5148,308435.0,423.1,719270.0000000001,410835.0000000001,434,9000000.0
5149,256500.0,225.65,383605.00000000006,127105.00000000006,434,9000000.0
5150,246000.0,64.75,110075.0,-135925.0,435,8864075.0
5151,256390.0,0.0,0.0,-256390.0,435,8607685.0
5152,851090.0,0.0,0.0,-851090.0,435,7756595.0
5153,361860.0,0.0,0.0,-361860.0,435,7394735.0
5154,373980.0,0.0,0.0,-373980.0,435,7020755.0
5155,398100.0,0.0,0.0,-398100.0,435,6622655.0
5156,390080.0,0.0,0.0,-390080.0,435,6232575.0
5157,383180.0,0.0,0.0,-383180.0,435,5849395.0
5158,363460.0,0.0,0.0,-363460.0,435,5485935.0
5159,291940.0,0.0,0.0,-291940.0,435,5193995.0
5160,270400.0,0.0,0.0,-270400.0,435,4923595.0
5161,232500.0,0.0,0.0,-232500.0,435,4691095.0
5162,232500.0,28.5,48450.0,-184050.0,435,4507045.0
5163,232500.0,168.1,285770.0,53270.0,436,4560315.0
5164,286600.0,310.15,527255.0,240655.0,436,4800970.0
5165,286000.0,504.3,857309.9999999999,571309.9999999999,436,5372280.0
5166,299020.0,533.4,906780.0,607760.0,436,5980040.0
5167,350480.0,603.65,1026205.0,675725.0,436,6655765.0
5168,354280.0,707.15,1202155.0,847875.0,436,7503640.0
5169,354280.0,672.15,1142655.0,788375.0,436,8292015.0
5170,299280.0,568.95,967215.0000000001,667935.0000000001,436,8959950.0
5171,309900.0,435.65,740605.0,430705.0,436,9000000.0
5172,308435.0,328.75,558875.0,250440.0,436,9000000.0
5173,256500.0,183.3,311610.00000000006,55110.00000000006,436,9000000.0
5174,246000.0,63.3,107609.99999999999,-138390.0,437,8861610.0
5175,256390.0,0.0,0.0,-256390.0,437,8605220.0
5176,851090.0,0.0,0.0,-851090.0,437,7754130.0
5177,361860.0,0.0,0.0,-361860.0,437,7392270.0
5178,373980.0,0.0,0.0,-373980.0,437,7018290.0
5179,398100.0,0.0,0.0,-398100.0,437,6620190.0
5180,390080.0,0.0,0.0,-390080.0,437,6230110.0
5181,383180.0,0.0,0.0,-383180.0,437,5846930.0
5182,363460.0,0.0,0.0,-363460.0,437,5483470.0
5183,291940.0,0.0,0.0,-291940.0,437,5191530.0
5184,270400.0,0.0,0.0,-270400.0,437,4921130.0
5185,232500.0,0.0,0.0,-232500.0,437,4688630.0
5186,232500.0,28.27,48059.0,-184441.0,437,4504189.0
5187,232500.0,161.3,274210.0,41710.0,438,4545899.0
5188,286600.0,335.75,570775.0,284175.0,438,4830074.0
5189,286000.0,532.5,905250.0,619250.0,438,5449324.0
5190,299020.0,677.75,1152175.0,853155.0,438,6302479.0
5191,350480.0,828.95,1409215.0000000002,1058735.0000000002,438,7361214.0
5192,354280.0,858.3,1459110.0,1104830.0,438,8466044.0
5193,354280.0,851.5,1447550.0,1093270.0,438,9000000.0
5194,299280.0,739.25,1256725.0,957445.0,438,9000000.0
5195,309900.0,608.7,1034790.0,724890.0,438,9000000.0
5196,308435.0,425.3,723010.0,414575.0,438,9000000.0
5197,256500.0,235.3,400010.0,143510.0,438,9000000.0
5198,246000.0,66.95,113815.00000000001,-132185.0,439,8867815.0
5199,256390.0,0.0,0.0,-256390.0,439,8611425.0
5200,851090.0,0.0,0.0,-851090.0,439,7760335.0
5201,361860.0,0.0,0.0,-361860.0,439,7398475.0
5202,373980.0,0.0,0.0,-373980.0,439,7024495.0
5203,398100.0,0.0,0.0,-398100.0,439,6626395.0
5204,390080.0,0.0,0.0,-390080.0,439,6236315.0
5205,383180.0,0.0,0.0,-383180.0,439,5853135.0
5206,363460.0,0.0,0.0,-363460.0,439,5489675.0
5207,291940.0,0.0,0.0,-291940.0,439,5197735.0
5208,270400.0,0.0,0.0,-270400.0,439,4927335.0
5209,232500.0,0.0,0.0,-232500.0,439,4694835.0
5210,232500.0,30.09,51153.0,-181347.0,439,4513488.0
5211,232500.0,160.65,273105.00000000006,40605.00000000006,440,4554093.0
5212,286600.0,357.0,606900.0,320300.0,440,4874393.0
5213,286000.0,537.4,913580.0,627580.0,440,5501973.0
5214,299020.0,684.7,1163990.0000000002,864970.0000000002,440,6366943.0
5215,350480.0,738.0,1254600.0,904120.0,440,7271063.0
5216,354280.0,800.7,1361190.0000000002,1006910.0000000002,440,8277973.0
5217,354280.0,740.9,1259530.0,905250.0,440,9000000.0
5218,299280.0,632.6,1075420.0,776140.0,440,9000000.0
5219,309900.0,424.25,721225.0,411325.0,440,9000000.0
5220,308435.0,239.2,406640.0,98205.0,440,9000000.0
5221,256500.0,77.0,130900.0,-125600.0,441,8874400.0
5222,246000.0,24.25,41225.0,-204775.0,441,8669625.0
5223,256390.0,0.0,0.0,-256390.0,441,8413235.0
5224,851090.0,0.0,0.0,-851090.0,441,7562145.0
5225,361860.0,0.0,0.0,-361860.0,441,7200285.0
5226,373980.0,0.0,0.0,-373980.0,441,6826305.0
5227,398100.0,0.0,0.0,-398100.0,441,6428205.0
5228,390080.0,0.0,0.0,-390080.0,441,6038125.0
5229,383180.0,0.0,0.0,-383180.0,441,5654945.0
5230,363460.0,0.0,0.0,-363460.0,441,5291485.0
5231,291940.0,0.0,0.0,-291940.0,441,4999545.0
5232,270400.0,0.0,0.0,-270400.0,441,4729145.0
5233,232500.0,0.0,0.0,-232500.0,441,4496645.0
5234,232500.0,21.06,35802.0,-196698.0,441,4299947.0
5235,232500.0,91.05,154784.99999999997,-77715.00000000003,441,4222232.0
5236,286600.0,155.2,263839.99999999994,-22760.00000000006,441,4199472.0
5237,286000.0,206.25,350625.0,64625.0,442,4264097.0
5238,299020.0,280.55,476935.0,177915.0,442,4442012.0
5239,350480.0,362.95,617015.0,266535.0,442,4708547.0
5240,354280.0,370.9,630529.9999999999,276249.9999999999,442,4984797.0
5241,354280.0,396.2,673540.0,319260.0,442,5304057.0
5242,299280.0,323.85,550545.0,251265.0,442,5555322.0
5243,309900.0,173.95,295715.0,-14185.0,443,5541137.0
5244,308435.0,181.9,309230.0,795.0,444,5541932.0
5245,256500.0,138.7,235790.0,-20710.0,445,5521222.0
5246,246000.0,26.55,45135.0,-200865.0,445,5320357.0
5247,256390.0,0.0,0.0,-256390.0,445,5063967.0
5248,851090.0,0.0,0.0,-851090.0,445,4212877.0
5249,361860.0,0.0,0.0,-361860.0,445,3851017.0
5250,373980.0,0.0,0.0,-373980.0,445,3477037.0
5251,398100.0,0.0,0.0,-398100.0,445,3078937.0
5252,390080.0,0.0,0.0,-390080.0,445,2688857.0
5253,383180.0,0.0,0.0,-383180.0,445,2305677.0
5254,363460.0,0.0,0.0,-363460.0,445,1942217.0
5255,291940.0,0.0,0.0,-291940.0,445,1650277.0
5256,270400.0,0.0,0.0,-270400.0,445,1379877.0
5257,332920.0,0.0,0.0,-332920.0,445,1046957.0
5258,288520.0,28.0,47600.0,-240920.0,445,806037.0
5259,277900.0,124.7,211990.0,-65910.0,445,740127.0
5260,312700.0,248.35,422195.0,109495.0,446,849622.0
5261,312100.0,428.7,728789.9999999999,416689.9999999999,446,1266312.0
5262,325520.0,647.9,1101430.0,775910.0,446,2042222.0
5263,299940.0,563.05,957184.9999999998,657244.9999999998,446,2699467.0
5264,303540.0,417.1,709070.0,405530.0,446,3104997.0
5265,366820.0,421.25,716125.0,349305.0,446,3454302.0
5266,366940.0,389.2,661640.0,294700.0,446,3749002.0
5267,375540.0,305.35,519095.0,143555.0,446,3892557.0
5268,323040.0,256.65,436305.0,113265.0,446,4005822.0
5269,323040.0,89.9,152830.00000000003,-170209.99999999997,447,3835612.0
5270,1034040.0,40.55,68934.99999999999,-965105.0,447,2870507.0
5271,455360.0,0.0,0.0,-455360.0,447,2415147.0
5272,400680.0,0.0,0.0,-400680.0,447,2014467.0
5273,401380.0,0.0,0.0,-401380.0,447,1613087.0
5274,403280.0,0.0,0.0,-403280.0,447,1209807.0
5275,464400.0,0.0,0.0,-464400.0,447,745407.0
5276,467000.0,0.0,0.0,-467000.0,447,278407.0
5277,467200.0,0.0,0.0,-467200.0,447,0.0
5278,403580.0,0.0,0.0,-403580.0,447,0.0
5279,403580.0,0.0,0.0,-403580.0,447,0.0
5280,371540.0,0.0,0.0,-371540.0,447,0.0
5281,332920.0,0.0,0.0,-332920.0,447,0.0
5282,288520.0,22.03,37451.0,-251069.0,447,0.0
5283,277900.0,118.2,200940.0,-76960.0,447,0.0
5284,312700.0,285.3,485010.0,172310.0,448,172310.0
5285,312100.0,409.8,696660.0,384560.0,448,556870.0
5286,325520.0,546.85,929645.0000000001,604125.0000000001,448,1160995.0
5287,299940.0,684.8,1164160.0,864220.0,448,2025215.0
5288,303540.0,763.3,1297610.0,994070.0,448,3019285.0
5289,366820.0,737.65,1254005.0,887185.0,448,3906470.0
5290,366940.0,622.1,1057570.0,690630.0,448,4597100.0
5291,375540.0,444.5,755650.0,380110.0,448,4977210.0
5292,323040.0,372.6,633420.0000000001,310380.0000000001,448,5287590.0
5293,323040.0,200.15,340255.0,17215.0,448,5304805.0
5294,1034040.0,55.05,93584.99999999999,-940455.0,449,4364350.0
5295,455360.0,0.0,0.0,-455360.0,449,3908990.0
5296,400680.0,0.0,0.0,-400680.0,449,3508310.0
5297,401380.0,0.0,0.0,-401380.0,449,3106930.0
5298,403280.0,0.0,0.0,-403280.0,449,2703650.0
5299,464400.0,0.0,0.0,-464400.0,449,2239250.0
5300,467000.0,0.0,0.0,-467000.0,449,1772250.0
5301,467200.0,0.0,0.0,-467200.0,449,1305050.0
5302,403580.0,0.0,0.0,-403580.0,449,901470.0
5303,403580.0,0.0,0.0,-403580.0,449,497890.0
5304,371540.0,0.0,0.0,-371540.0,449,126350.0
5305,232500.0,0.0,0.0,-232500.0,449,0.0
5306,232500.0,25.91,44047.0,-188453.0,449,0.0
5307,232500.0,118.25,201025.0,-31475.0,449,0.0
5308,286600.0,305.85,519945.0,233345.0,450,233345.0
5309,286000.0,518.85,882045.0000000001,596045.0000000001,450,829390.0000000001
5310,299020.0,618.15,1050855.0,751835.0,450,1581225.0
5311,350480.0,664.2,1129140.0,778660.0,450,2359885.0
5312,354280.0,769.2,1307640.0,953360.0,450,3313245.0
5313,354280.0,776.2,1319540.0,965260.0,450,4278505.0
5314,299280.0,640.5,1088850.0,789570.0,450,5068075.0
5315,309900.0,536.65,912305.0,602405.0,450,5670480.0
5316,308435.0,371.25,631125.0,322690.0,450,5993170.0
5317,256500.0,208.55,354535.0,98035.0,450,6091205.0
5318,246000.0,55.15,93755.0,-152245.0,451,5938960.0
5319,256390.0,0.0,0.0,-256390.0,451,5682570.0
5320,851090.0,0.0,0.0,-851090.0,451,4831480.0
5321,361860.0,0.0,0.0,-361860.0,451,4469620.0
5322,373980.0,0.0,0.0,-373980.0,451,4095640.0
5323,398100.0,0.0,0.0,-398100.0,451,3697540.0
5324,390080.0,0.0,0.0,-390080.0,451,3307460.0
5325,383180.0,0.0,0.0,-383180.0,451,2924280.0
5326,363460.0,0.0,0.0,-363460.0,451,2560820.0
5327,291940.0,0.0,0.0,-291940.0,451,2268880.0
5328,270400.0,0.0,0.0,-270400.0,451,1998480.0
5329,232500.0,0.0,0.0,-232500.0,451,1765980.0
5330,232500.0,23.27,39559.0,-192941.0,451,1573039.0
5331,232500.0,112.9,191930.0,-40570.0,451,1532469.0
5332,286600.0,288.15,489854.9999999999,203254.99999999988,452,1735724.0
5333,286000.0,451.7,767890.0,481890.0,452,2217614.0
5334,299020.0,582.75,990675.0,691655.0,452,2909269.0
5335,350480.0,727.45,1236665.0,886185.0,452,3795454.0
5336,354280.0,690.4,1173680.0,819400.0,452,4614854.0
5337,354280.0,681.35,1158295.0,804015.0,452,5418869.0
5338,299280.0,656.6,1116220.0000000002,816940.0000000002,452,6235809.0
5339,309900.0,534.7,908990.0000000001,599090.0000000001,452,6834899.0
5340,308435.0,374.85,637245.0,328810.0,452,7163709.0
5341,256500.0,169.0,287300.0,30800.0,452,7194509.0
5342,246000.0,46.1,78370.0,-167630.0,453,7026879.0
5343,256390.0,0.0,0.0,-256390.0,453,6770489.0
5344,851090.0,0.0,0.0,-851090.0,453,5919399.0
5345,361860.0,0.0,0.0,-361860.0,453,5557539.0
5346,373980.0,0.0,0.0,-373980.0,453,5183559.0
5347,398100.0,0.0,0.0,-398100.0,453,4785459.0
5348,390080.0,0.0,0.0,-390080.0,453,4395379.0
5349,383180.0,0.0,0.0,-383180.0,453,4012199.0
5350,363460.0,0.0,0.0,-363460.0,453,3648739.0
5351,291940.0,0.0,0.0,-291940.0,453,3356799.0
5352,270400.0,0.0,0.0,-270400.0,453,3086399.0
5353,232500.0,0.0,0.0,-232500.0,453,2853899.0
5354,232500.0,26.36,44811.99999999999,-187688.0,453,2666211.0
5355,232500.0,134.2,228140.0,-4360.0,453,2661851.0
5356,286600.0,248.25,422025.0,135425.0,454,2797276.0
5357,286000.0,334.4,568480.0,282480.0,454,3079756.0
5358,299020.0,458.75,779875.0,480855.0,454,3560611.0
5359,350480.0,683.25,1161525.0,811045.0,454,4371656.0
5360,354280.0,576.15,979454.9999999998,625174.9999999998,454,4996831.0
5361,354280.0,673.0,1144100.0,789820.0,454,5786651.0
5362,299280.0,495.25,841925.0,542645.0,454,6329296.0
5363,309900.0,394.75,671075.0,361175.0,454,6690471.0
5364,308435.0,320.45,544765.0,236330.0,454,6926801.0
5365,256500.0,152.4,259080.0,2580.0,454,6929381.0
5366,246000.0,48.4,82280.0,-163720.0,455,6765661.0
5367,256390.0,0.0,0.0,-256390.0,455,6509271.0
5368,851090.0,0.0,0.0,-851090.0,455,5658181.0
5369,361860.0,0.0,0.0,-361860.0,455,5296321.0
5370,373980.0,0.0,0.0,-373980.0,455,4922341.0
5371,398100.0,0.0,0.0,-398100.0,455,4524241.0
5372,390080.0,0.0,0.0,-390080.0,455,4134161.0
5373,383180.0,0.0,0.0,-383180.0,455,3750981.0
5374,363460.0,0.0,0.0,-363460.0,455,3387521.0
5375,291940.0,0.0,0.0,-291940.0,455,3095581.0
5376,270400.0,0.0,0.0,-270400.0,455,2825181.0
5377,232500.0,0.0,0.0,-232500.0,455,2592681.0
5378,232500.0,23.39,39763.0,-192737.0,455,2399944.0
5379,232500.0,118.35,201195.0,-31305.0,455,2368639.0
5380,286600.0,272.5,463250.0,176650.0,456,2545289.0
5381,286000.0,408.85,695045.0000000001,409045.0000000001,456,2954334.0
5382,299020.0,535.8,910860.0,611840.0,456,3566174.0
5383,350480.0,704.85,1198245.0,847765.0,456,4413939.0
5384,354280.0,621.3,1056210.0,701930.0,456,5115869.0
5385,354280.0,685.6,1165520.0,811240.0,456,5927109.0
5386,299280.0,537.35,913495.0,614215.0,456,6541324.0
5387,309900.0,484.05,822885.0000000001,512985.0000000001,456,7054309.0
5388,308435.0,358.35,609195.0,300760.0,456,7355069.0
5389,256500.0,172.0,292400.0,35900.0,456,7390969.0
5390,246000.0,45.5,77350.0,-168650.0,457,7222319.0
5391,256390.0,0.0,0.0,-256390.0,457,6965929.0
5392,851090.0,0.0,0.0,-851090.0,457,6114839.0
5393,361860.0,0.0,0.0,-361860.0,457,5752979.0
5394,373980.0,0.0,0.0,-373980.0,457,5378999.0
5395,398100.0,0.0,0.0,-398100.0,457,4980899.0
5396,390080.0,0.0,0.0,-390080.0,457,4590819.0
5397,383180.0,0.0,0.0,-383180.0,457,4207639.0
5398,363460.0,0.0,0.0,-363460.0,457,3844179.0
5399,291940.0,0.0,0.0,-291940.0,457,3552239.0
5400,270400.0,0.0,0.0,-270400.0,457,3281839.0
5401,361060.0,0.0,0.0,-361060.0,457,2920779.0
5402,361060.0,24.12,41004.00000000001,-320056.0,457,2600723.0
5403,288840.0,148.1,251769.99999999994,-37070.00000000006,457,2563653.0
5404,298440.0,305.4,519180.0,220740.0,458,2784393.0
5405,297840.0,459.3,780810.0,482970.0,458,3267363.0
5406,352760.0,678.85,1154045.0000000002,801285.0000000002,458,4068648.0
5407,361360.0,796.15,1353455.0,992095.0,458,5060743.0
5408,362560.0,750.05,1275085.0,912525.0,458,5973268.0
5409,351940.0,740.9,1259530.0,907590.0,458,6880858.0
5410,351940.0,633.5,1076950.0,725010.0,458,7605868.0
5411,434060.0,498.45,847365.0,413305.0,458,8019173.0
5412,381560.0,393.7,669290.0,287730.0,458,8306903.0
5413,381560.0,181.95,309315.0,-72245.0,459,8234658.0
5414,381560.0,50.3,85510.0,-296050.0,459,7938608.0
5415,402980.0,0.0,0.0,-402980.0,459,7535628.0
5416,1104480.0,0.0,0.0,-1104480.0,459,6431148.0
5417,392780.0,0.0,0.0,-392780.0,459,6038368.0
5418,404600.0,0.0,0.0,-404600.0,459,5633768.0
5419,405200.0,0.0,0.0,-405200.0,459,5228568.0
5420,365380.0,0.0,0.0,-365380.0,459,4863188.0
5421,365980.0,0.0,0.0,-365980.0,459,4497208.0
5422,362080.0,0.0,0.0,-362080.0,459,4135128.0
5423,351460.0,0.0,0.0,-351460.0,459,3783668.0
5424,351460.0,0.0,0.0,-351460.0,459,3432208.0
5425,332920.0,0.0,0.0,-332920.0,459,3099288.0
5426,288520.0,23.35,39695.00000000001,-248825.0,459,2850463.0
5427,277900.0,142.8,242760.0,-35140.0,459,2815323.0
5428,312700.0,320.35,544595.0,231895.0,460,3047218.0
5429,312100.0,420.85,715445.0,403345.0,460,3450563.0
5430,325520.0,493.6,839120.0000000001,513600.0000000001,460,3964163.0
5431,299940.0,747.45,1270665.0000000002,970725.0000000002,460,4934888.0
5432,303540.0,697.25,1185325.0,881785.0,460,5816673.0
5433,366820.0,637.9,1084430.0,717610.0,460,6534283.0
5434,366940.0,530.35,901595.0,534655.0,460,7068938.0
5435,375540.0,479.3,814810.0,439270.0,460,7508208.0
5436,323040.0,285.1,484670.0,161630.0,460,7669838.0
5437,323040.0,175.25,297925.0,-25115.0,461,7644723.0
5438,1034040.0,40.3,68509.99999999999,-965530.0,461,6679193.0
5439,455360.0,0.0,0.0,-455360.0,461,6223833.0
5440,400680.0,0.0,0.0,-400680.0,461,5823153.0
5441,401380.0,0.0,0.0,-401380.0,461,5421773.0
5442,403280.0,0.0,0.0,-403280.0,461,5018493.0
5443,464400.0,0.0,0.0,-464400.0,461,4554093.0
5444,467000.0,0.0,0.0,-467000.0,461,4087093.0
5445,467200.0,0.0,0.0,-467200.0,461,3619893.0
5446,403580.0,0.0,0.0,-403580.0,461,3216313.0
5447,403580.0,0.0,0.0,-403580.0,461,2812733.0
5448,371540.0,0.0,0.0,-371540.0,461,2441193.0
5449,332920.0,0.0,0.0,-332920.0,461,2108273.0
5450,288520.0,10.89,18513.0,-270007.0,461,1838266.0
5451,277900.0,86.3,146710.0,-131190.0,461,1707076.0
5452,312700.0,229.35,389895.0,77195.0,462,1784271.0
5453,312100.0,334.95,569414.9999999999,257314.99999999988,462,2041586.0
5454,325520.0,495.15,841755.0,516235.0,462,2557821.0
5455,299940.0,773.6,1315120.0000000002,1015180.0000000002,462,3573001.0
5456,303540.0,698.2,1186940.0,883400.0,462,4456401.0
5457,366820.0,681.75,1158975.0,792155.0,462,5248556.0
5458,366940.0,570.3,969509.9999999998,602569.9999999998,462,5851126.0
5459,375540.0,494.2,840140.0,464600.0,462,6315726.0
5460,323040.0,305.7,519690.0,196650.0,462,6512376.0
5461,323040.0,150.55,255935.00000000003,-67104.99999999997,463,6445271.0
5462,1034040.0,39.9,67830.0,-966210.0,463,5479061.0
5463,455360.0,0.0,0.0,-455360.0,463,5023701.0
5464,400680.0,0.0,0.0,-400680.0,463,4623021.0
5465,401380.0,0.0,0.0,-401380.0,463,4221641.0
5466,403280.0,0.0,0.0,-403280.0,463,3818361.0
5467,464400.0,0.0,0.0,-464400.0,463,3353961.0
5468,467000.0,0.0,0.0,-467000.0,463,2886961.0
5469,467200.0,0.0,0.0,-467200.0,463,2419761.0
5470,403580.0,0.0,0.0,-403580.0,463,2016181.0
5471,403580.0,0.0,0.0,-403580.0,463,1612601.0
5472,371540.0,0.0,0.0,-371540.0,463,1241061.0
5473,232500.0,0.0,0.0,-232500.0,463,1008561.0
5474,232500.0,21.91,37247.0,-195253.0,463,813308.0
5475,232500.0,139.15,236555.0,4055.0,464,817363.0
5476,286600.0,307.5,522750.0,236150.0,464,1053513.0
5477,286000.0,501.25,852125.0,566125.0,464,1619638.0
5478,299020.0,497.75,846175.0,547155.0,464,2166793.0
5479,350480.0,772.7,1313590.0,963110.0,464,3129903.0
5480,354280.0,777.95,1322515.0,968235.0,464,4098138.0
5481,354280.0,701.8,1193060.0,838780.0,464,4936918.0
5482,299280.0,586.5,997050.0,697770.0,464,5634688.0
5483,309900.0,532.85,905845.0,595945.0,464,6230633.0
5484,308435.0,329.3,559810.0000000001,251375.00000000012,464,6482008.0
5485,256500.0,160.75,273275.0,16775.0,464,6498783.0
5486,246000.0,37.7,64090.00000000001,-181910.0,465,6316873.0
5487,256390.0,0.0,0.0,-256390.0,465,6060483.0
5488,851090.0,0.0,0.0,-851090.0,465,5209393.0
5489,361860.0,0.0,0.0,-361860.0,465,4847533.0
5490,373980.0,0.0,0.0,-373980.0,465,4473553.0
5491,398100.0,0.0,0.0,-398100.0,465,4075453.0
5492,390080.0,0.0,0.0,-390080.0,465,3685373.0
5493,383180.0,0.0,0.0,-383180.0,465,3302193.0
5494,363460.0,0.0,0.0,-363460.0,465,2938733.0
5495,291940.0,0.0,0.0,-291940.0,465,2646793.0
5496,270400.0,0.0,0.0,-270400.0,465,2376393.0
5497,232500.0,0.0,0.0,-232500.0,465,2143893.0
5498,232500.0,18.32,31144.0,-201356.0,465,1942537.0
5499,232500.0,129.65,220405.00000000003,-12094.99999999997,465,1930442.0
5500,286600.0,304.15,517055.0,230455.0,466,2160897.0
5501,286000.0,489.6,832320.0000000001,546320.0000000001,466,2707217.0
5502,299020.0,563.9,958630.0,659610.0,466,3366827.0
5503,350480.0,550.65,936105.0,585625.0,466,3952452.0
5504,354280.0,544.9,926329.9999999998,572049.9999999998,466,4524502.0
5505,354280.0,475.85,808945.0,454665.0,466,4979167.0
5506,299280.0,463.8,788460.0,489180.0,466,5468347.0
5507,309900.0,440.5,748850.0,438950.0,466,5907297.0
5508,308435.0,317.85,540345.0,231910.0,466,6139207.0
5509,256500.0,174.05,295885.0,39385.0,466,6178592.0
5510,246000.0,40.6,69020.00000000001,-176980.0,467,6001612.0
5511,256390.0,0.0,0.0,-256390.0,467,5745222.0
5512,851090.0,0.0,0.0,-851090.0,467,4894132.0
5513,361860.0,0.0,0.0,-361860.0,467,4532272.0
5514,373980.0,0.0,0.0,-373980.0,467,4158292.0
5515,398100.0,0.0,0.0,-398100.0,467,3760192.0
5516,390080.0,0.0,0.0,-390080.0,467,3370112.0
5517,383180.0,0.0,0.0,-383180.0,467,2986932.0
5518,363460.0,0.0,0.0,-363460.0,467,2623472.0
5519,291940.0,0.0,0.0,-291940.0,467,2331532.0
5520,270400.0,0.0,0.0,-270400.0,467,2061132.0
5521,232500.0,0.0,0.0,-232500.0,467,1828632.0
5522,232500.0,21.44,36448.0,-196052.0,467,1632580.0
5523,232500.0,142.95,243015.0,10515.0,468,1643095.0
5524,286600.0,276.8,470560.0,183960.0,468,1827055.0
5525,286000.0,423.65,720205.0,434205.0,468,2261260.0
5526,299020.0,523.75,890375.0000000001,591355.0000000001,468,2852615.0
5527,350480.0,557.55,947835.0,597355.0,468,3449970.0
5528,354280.0,581.45,988465.0,634185.0,468,4084155.0
5529,354280.0,662.4,1126080.0,771800.0,468,4855955.0
5530,299280.0,615.85,1046945.0,747665.0,468,5603620.0
5531,309900.0,480.9,817530.0,507630.0,468,6111250.0
5532,308435.0,344.2,585140.0,276705.0,468,6387955.0
5533,256500.0,178.15,302855.0,46355.0,468,6434310.0
5534,246000.0,36.75,62475.0,-183525.0,469,6250785.0
5535,256390.0,0.0,0.0,-256390.0,469,5994395.0
5536,851090.0,0.0,0.0,-851090.0,469,5143305.0
5537,361860.0,0.0,0.0,-361860.0,469,4781445.0
5538,373980.0,0.0,0.0,-373980.0,469,4407465.0
5539,398100.0,0.0,0.0,-398100.0,469,4009365.0
5540,390080.0,0.0,0.0,-390080.0,469,3619285.0
5541,383180.0,0.0,0.0,-383180.0,469,3236105.0
5542,363460.0,0.0,0.0,-363460.0,469,2872645.0
5543,291940.0,0.0,0.0,-291940.0,469,2580705.0
5544,270400.0,0.0,0.0,-270400.0,469,2310305.0
5545,232500.0,0.0,0.0,-232500.0,469,2077805.0
5546,232500.0,16.21,27557.000000000004,-204943.0,469,1872862.0
5547,232500.0,131.9,224230.00000000003,-8269.99999999997,469,1864592.0
5548,286600.0,286.45,486965.0,200365.0,470,2064957.0
5549,286000.0,406.45,690965.0,404965.0,470,2469922.0
5550,299020.0,599.8,1019660.0,720640.0,470,3190562.0
5551,350480.0,613.5,1042950.0,692470.0,470,3883032.0
5552,354280.0,575.9,979030.0,624750.0,470,4507782.0
5553,354280.0,614.25,1044225.0,689945.0,470,5197727.0
5554,299280.0,523.1,889270.0,589990.0,470,5787717.0
5555,309900.0,472.0,802400.0,492500.0,470,6280217.0
5556,308435.0,285.2,484840.0,176405.0,470,6456622.0
5557,256500.0,147.2,250240.0,-6260.0,471,6450362.0
5558,246000.0,34.3,58310.0,-187690.0,471,6262672.0
5559,256390.0,0.0,0.0,-256390.0,471,6006282.0
5560,851090.0,0.0,0.0,-851090.0,471,5155192.0
5561,361860.0,0.0,0.0,-361860.0,471,4793332.0
5562,373980.0,0.0,0.0,-373980.0,471,4419352.0
5563,398100.0,0.0,0.0,-398100.0,471,4021252.0
5564,390080.0,0.0,0.0,-390080.0,471,3631172.0
5565,383180.0,0.0,0.0,-383180.0,471,3247992.0
5566,363460.0,0.0,0.0,-363460.0,471,2884532.0
5567,291940.0,0.0,0.0,-291940.0,471,2592592.0
5568,270400.0,0.0,0.0,-270400.0,471,2322192.0
5569,232500.0,0.0,0.0,-232500.0,471,2089692.0
5570,232500.0,23.42,39814.00000000001,-192686.0,471,1897006.0
5571,232500.0,139.45,237065.0,4565.0,472,1901571.0
5572,286600.0,319.4,542979.9999999999,256379.99999999988,472,2157951.0
5573,286000.0,514.2,874140.0,588140.0,472,2746091.0
5574,299020.0,666.0,1132200.0,833180.0,472,3579271.0
5575,350480.0,793.1,1348270.0,997790.0,472,4577061.0
5576,354280.0,814.9,1385330.0,1031050.0,472,5608111.0
5577,354280.0,765.95,1302115.0,947835.0,472,6555946.0
5578,299280.0,697.8,1186260.0,886980.0,472,7442926.0
5579,309900.0,438.0,744600.0,434700.0,472,7877626.0
5580,308435.0,306.8,521560.0,213125.0,472,8090751.0
5581,256500.0,116.8,198560.0,-57940.0,473,8032811.0
5582,246000.0,24.4,41479.99999999999,-204520.0,473,7828291.0
5583,256390.0,0.0,0.0,-256390.0,473,7571901.0
5584,851090.0,0.0,0.0,-851090.0,473,6720811.0
5585,361860.0,0.0,0.0,-361860.0,473,6358951.0
5586,373980.0,0.0,0.0,-373980.0,473,5984971.0
5587,398100.0,0.0,0.0,-398100.0,473,5586871.0
5588,390080.0,0.0,0.0,-390080.0,473,5196791.0
5589,383180.0,0.0,0.0,-383180.0,473,4813611.0
5590,363460.0,0.0,0.0,-363460.0,473,4450151.0
5591,291940.0,0.0,0.0,-291940.0,473,4158211.0
5592,270400.0,0.0,0.0,-270400.0,473,3887811.0
5593,332920.0,0.0,0.0,-332920.0,473,3554891.0
5594,288520.0,20.85,35445.0,-253075.0,473,3301816.0
5595,277900.0,111.8,190060.0,-87840.0,473,3213976.0
5596,312700.0,231.0,392700.0,80000.0,474,3293976.0
5597,312100.0,176.35,299795.0,-12305.0,475,3281671.0
5598,325520.0,353.3,600610.0,275090.0,476,3556761.0
5599,299940.0,566.65,963305.0,663365.0,476,4220126.0
5600,303540.0,500.3,850509.9999999999,546969.9999999999,476,4767096.0
5601,366820.0,489.75,832575.0,465755.0,476,5232851.0
5602,366940.0,548.9,933130.0,566190.0,476,5799041.0
5603,375540.0,522.1,887570.0,512030.0,476,6311071.0
5604,323040.0,338.05,574685.0,251645.0,476,6562716.0
5605,323040.0,157.5,267750.0,-55290.0,477,6507426.0
5606,1034040.0,30.3,51510.0,-982530.0,477,5524896.0
5607,455360.0,0.0,0.0,-455360.0,477,5069536.0
5608,400680.0,0.0,0.0,-400680.0,477,4668856.0
5609,401380.0,0.0,0.0,-401380.0,477,4267476.0
5610,403280.0,0.0,0.0,-403280.0,477,3864196.0
5611,464400.0,0.0,0.0,-464400.0,477,3399796.0
5612,467000.0,0.0,0.0,-467000.0,477,2932796.0
5613,467200.0,0.0,0.0,-467200.0,477,2465596.0
5614,403580.0,0.0,0.0,-403580.0,477,2062016.0
5615,403580.0,0.0,0.0,-403580.0,477,1658436.0
5616,371540.0,0.0,0.0,-371540.0,477,1286896.0
5617,332920.0,0.0,0.0,-332920.0,477,953976.0
5618,288520.0,23.17,39389.00000000001,-249131.0,477,704845.0
5619,277900.0,140.8,239360.0,-38540.0,477,666305.0
5620,312700.0,324.15,551055.0,238355.0,478,904660.0
5621,312100.0,505.25,858925.0,546825.0,478,1451485.0
5622,325520.0,651.65,1107805.0,782285.0,478,2233770.0
5623,299940.0,750.9,1276530.0,976590.0,478,3210360.0
5624,303540.0,717.9,1220430.0,916890.0,478,4127250.0
5625,366820.0,676.7,1150390.0000000002,783570.0000000002,478,4910820.0
5626,366940.0,609.85,1036745.0,669805.0,478,5580625.0
5627,375540.0,417.0,708900.0,333360.0,478,5913985.0
5628,323040.0,242.2,411740.0,88700.0,478,6002685.0
5629,323040.0,96.75,164475.0,-158565.0,479,5844120.0
5630,1034040.0,29.4,49980.0,-984060.0,479,4860060.0
5631,455360.0,0.0,0.0,-455360.0,479,4404700.0
5632,400680.0,0.0,0.0,-400680.0,479,4004020.0
5633,401380.0,0.0,0.0,-401380.0,479,3602640.0
5634,403280.0,0.0,0.0,-403280.0,479,3199360.0
5635,464400.0,0.0,0.0,-464400.0,479,2734960.0
5636,467000.0,0.0,0.0,-467000.0,479,2267960.0
5637,467200.0,0.0,0.0,-467200.0,479,1800760.0
5638,403580.0,0.0,0.0,-403580.0,479,1397180.0
5639,403580.0,0.0,0.0,-403580.0,479,993600.0
5640,371540.0,0.0,0.0,-371540.0,479,622060.0
5641,232500.0,0.0,0.0,-232500.0,479,389560.0
5642,232500.0,15.34,26078.0,-206422.0,479,183138.0
5643,232500.0,85.65,145605.0,-86895.0,479,96243.0
5644,286600.0,183.9,312630.0,26030.0,480,122273.0
5645,286000.0,308.2,523940.0,237940.0,480,360213.0
5646,299020.0,335.8,570860.0,271840.0,480,632053.0
5647,350480.0,568.3,966109.9999999998,615629.9999999998,480,1247682.9999999998
5648,354280.0,620.9,1055530.0,701250.0,480,1948932.9999999998
5649,354280.0,520.15,884255.0,529975.0,480,2478908.0
5650,299280.0,479.4,814980.0,515700.0,480,2994608.0
5651,309900.0,318.65,541705.0,231805.0,480,3226413.0
5652,308435.0,160.15,272255.00000000006,-36179.99999999994,481,3190233.0
5653,256500.0,125.25,212925.0,-43575.0,481,3146658.0
5654,246000.0,26.51,45067.00000000001,-200933.0,481,2945725.0
5655,256390.0,0.0,0.0,-256390.0,481,2689335.0
5656,851090.0,0.0,0.0,-851090.0,481,1838245.0
5657,361860.0,0.0,0.0,-361860.0,481,1476385.0
5658,373980.0,0.0,0.0,-373980.0,481,1102405.0
5659,398100.0,0.0,0.0,-398100.0,481,704305.0
5660,390080.0,0.0,0.0,-390080.0,481,314225.0
5661,383180.0,0.0,0.0,-383180.0,481,0.0
5662,363460.0,0.0,0.0,-363460.0,481,0.0
5663,291940.0,0.0,0.0,-291940.0,481,0.0
5664,270400.0,0.0,0.0,-270400.0,481,0.0
5665,413940.0,0.0,0.0,-413940.0,481,0.0
5666,413940.0,9.8,16660.000000000004,-397280.0,481,0.0
5667,336620.0,56.85,96645.00000000001,-239975.0,481,0.0
5668,333020.0,198.35,337195.0,4175.0,482,4175.0
5669,330020.0,232.85,395845.0,65825.0,482,70000.0
5670,1081780.0,263.5,447950.0,-633830.0,483,0.0
5671,409140.0,90.1,153170.0,-255970.0,483,0.0
5672,410340.0,47.9,81430.0,-328910.0,483,0.0
5673,410340.0,74.0,125800.0,-284540.0,483,0.0
5674,410340.0,89.6,152320.0,-258020.0,483,0.0
5675,473460.0,131.2,223039.99999999994,-250420.00000000006,483,0.0
5676,420960.0,119.8,203660.0,-217300.0,483,0.0
5677,420960.0,49.25,83725.0,-337235.0,483,0.0
5678,420960.0,16.58,28185.999999999993,-392774.0,483,0.0
5679,434280.0,0.0,0.0,-434280.0,483,0.0
5680,436980.0,0.0,0.0,-436980.0,483,0.0
5681,437280.0,0.0,0.0,-437280.0,483,0.0
5682,1161100.0,0.0,0.0,-1161100.0,483,0.0
5683,449700.0,0.0,0.0,-449700.0,483,0.0
5684,439380.0,0.0,0.0,-439380.0,483,0.0
5685,439980.0,0.0,0.0,-439980.0,483,0.0
5686,439580.0,0.0,0.0,-439580.0,483,0.0
5687,428960.0,0.0,0.0,-428960.0,483,0.0
5688,428960.0,0.0,0.0,-428960.0,483,0.0
5689,232500.0,0.0,0.0,-232500.0,483,0.0
5690,232500.0,15.55,26435.000000000004,-206065.0,483,0.0
5691,232500.0,86.95,147815.0,-84685.0,483,0.0
5692,286600.0,200.8,341360.0,54760.0,484,54760.0
5693,286000.0,326.6,555220.0,269220.0,484,323980.0
5694,299020.0,489.6,832320.0000000001,533300.0000000001,484,857280.0000000001
5695,350480.0,571.55,971635.0,621155.0,484,1478435.0
5696,354280.0,530.15,901255.0,546975.0,484,2025410.0
5697,354280.0,508.65,864704.9999999999,510424.9999999999,484,2535835.0
5698,299280.0,524.0,890800.0,591520.0,484,3127355.0
5699,309900.0,351.7,597890.0,287990.0,484,3415345.0
5700,308435.0,228.65,388705.0,80270.0,484,3495615.0
5701,256500.0,129.65,220405.00000000003,-36094.99999999997,485,3459520.0
5702,246000.0,21.49,36533.0,-209467.0,485,3250053.0
5703,256390.0,0.0,0.0,-256390.0,485,2993663.0
5704,851090.0,0.0,0.0,-851090.0,485,2142573.0
5705,361860.0,0.0,0.0,-361860.0,485,1780713.0
5706,373980.0,0.0,0.0,-373980.0,485,1406733.0
5707,398100.0,0.0,0.0,-398100.0,485,1008633.0
5708,390080.0,0.0,0.0,-390080.0,485,618553.0
5709,383180.0,0.0,0.0,-383180.0,485,235373.0
5710,363460.0,0.0,0.0,-363460.0,485,0.0
5711,291940.0,0.0,0.0,-291940.0,485,0.0
5712,270400.0,0.0,0.0,-270400.0,485,0.0
5713,232500.0,0.0,0.0,-232500.0,485,0.0
5714,232500.0,6.21,10557.0,-221943.0,485,0.0
5715,232500.0,51.45,87465.0,-145035.0,485,0.0
5716,286600.0,147.2,250240.0,-36360.0,485,0.0
5717,286000.0,218.3,371110.00000000006,85110.00000000006,486,85110.00000000006
5718,299020.0,351.45,597465.0,298445.0,486,383555.00000000006
5719,350480.0,185.0,314500.0,-35980.0,487,347575.00000000006
5720,354280.0,196.15,333455.00000000006,-20824.99999999994,487,326750.0000000001
5721,354280.0,234.35,398395.0,44115.0,488,370865.0000000001
5722,299280.0,250.25,425424.99999999994,126144.99999999994,488,497010.00000000006
5723,309900.0,133.35,226695.0,-83205.0,489,413805.00000000006
5724,308435.0,64.15,109055.00000000003,-199379.99999999997,489,214425.0000000001
5725,256500.0,39.4,66980.0,-189520.0,489,24905.000000000087
5726,246000.0,7.8,13260.0,-232740.0,489,0.0
5727,256390.0,0.0,0.0,-256390.0,489,0.0
5728,851090.0,0.0,0.0,-851090.0,489,0.0
5729,361860.0,0.0,0.0,-361860.0,489,0.0
5730,373980.0,0.0,0.0,-373980.0,489,0.0
5731,398100.0,0.0,0.0,-398100.0,489,0.0
5732,390080.0,0.0,0.0,-390080.0,489,0.0
5733,383180.0,0.0,0.0,-383180.0,489,0.0
5734,363460.0,0.0,0.0,-363460.0,489,0.0
5735,291940.0,0.0,0.0,-291940.0,489,0.0
5736,270400.0,0.0,0.0,-270400.0,489,0.0
5737,232500.0,0.0,0.0,-232500.0,489,0.0
5738,232500.0,11.02,18734.0,-213766.0,489,0.0
5739,232500.0,100.55,170935.0,-61565.0,489,0.0
5740,286600.0,276.2,469540.0,182940.0,490,182940.0
5741,286000.0,455.35,774095.0000000001,488095.0000000001,490,671035.0000000001
5742,299020.0,621.05,1055785.0,756765.0,490,1427800.0
5743,350480.0,584.5,993650.0,643170.0,490,2070970.0
5744,354280.0,735.1,1249670.0,895390.0,490,2966360.0
5745,354280.0,653.2,1110440.0,756160.0,490,3722520.0
5746,299280.0,492.5,837250.0,537970.0,490,4260490.0
5747,309900.0,421.6,716720.0000000001,406820.0000000001,490,4667310.0
5748,308435.0,261.3,444210.00000000006,135775.00000000006,490,4803085.0
5749,256500.0,117.85,200345.0,-56155.0,491,4746930.0
5750,246000.0,21.76,36992.0,-209008.0,491,4537922.0
5751,256390.0,0.0,0.0,-256390.0,491,4281532.0
5752,851090.0,0.0,0.0,-851090.0,491,3430442.0
5753,361860.0,0.0,0.0,-361860.0,491,3068582.0
5754,373980.0,0.0,0.0,-373980.0,491,2694602.0
5755,398100.0,0.0,0.0,-398100.0,491,2296502.0
5756,390080.0,0.0,0.0,-390080.0,491,1906422.0
5757,383180.0,0.0,0.0,-383180.0,491,1523242.0
5758,363460.0,0.0,0.0,-363460.0,491,1159782.0
5759,291940.0,0.0,0.0,-291940.0,491,867842.0
5760,270400.0,0.0,0.0,-270400.0,491,597442.0
5761,332920.0,0.0,0.0,-332920.0,491,264522.0
5762,288520.0,21.23,36091.0,-252429.0,491,12093.0
5763,277900.0,152.1,258569.99999999994,-19330.00000000006,491,0.0
5764,312700.0,350.55,595935.0,283235.0,492,283235.0
5765,312100.0,536.5,912050.0,599950.0,492,883185.0
5766,325520.0,689.5,1172150.0,846630.0,492,1729815.0
5767,299940.0,787.3,1338410.0,1038470.0,492,2768285.0
5768,303540.0,784.7,1333990.0000000002,1030450.0000000002,492,3798735.0
5769,366820.0,703.7,1196290.0,829470.0,492,4628205.0
5770,366940.0,640.6,1089020.0000000002,722080.0000000002,492,5350285.0
5771,375540.0,538.2,914940.0,539400.0,492,5889685.0
5772,323040.0,361.5,614550.0,291510.0,492,6181195.0
5773,323040.0,169.5,288150.0,-34890.0,493,6146305.0
5774,1034040.0,28.99,49283.0,-984757.0,493,5161548.0
5775,455360.0,0.0,0.0,-455360.0,493,4706188.0
5776,400680.0,0.0,0.0,-400680.0,493,4305508.0
5777,401380.0,0.0,0.0,-401380.0,493,3904128.0
5778,403280.0,0.0,0.0,-403280.0,493,3500848.0
5779,464400.0,0.0,0.0,-464400.0,493,3036448.0
5780,467000.0,0.0,0.0,-467000.0,493,2569448.0
5781,467200.0,0.0,0.0,-467200.0,493,2102248.0
5782,403580.0,0.0,0.0,-403580.0,493,1698668.0
5783,403580.0,0.0,0.0,-403580.0,493,1295088.0
5784,371540.0,0.0,0.0,-371540.0,493,923548.0
5785,332920.0,0.0,0.0,-332920.0,493,590628.0
5786,288520.0,21.49,36533.0,-251987.0,493,338641.0
5787,277900.0,130.8,222360.0,-55540.0,493,283101.0
5788,312700.0,290.2,493340.0,180640.0,494,463741.0
5789,312100.0,438.4,745279.9999999999,433179.9999999999,494,896920.9999999999
5790,325520.0,615.75,1046775.0,721255.0,494,1618176.0
5791,299940.0,793.15,1348355.0,1048415.0,494,2666591.0
5792,303540.0,816.6,1388220.0,1084680.0,494,3751271.0
5793,366820.0,733.4,1246779.9999999998,879959.9999999998,494,4631231.0
5794,366940.0,622.1,1057570.0,690630.0,494,5321861.0
5795,375540.0,452.3,768910.0000000001,393370.0000000001,494,5715231.0
5796,323040.0,295.05,501585.00000000006,178545.00000000006,494,5893776.0
5797,323040.0,132.0,224400.0,-98640.0,495,5795136.0
5798,1034040.0,23.35,39695.00000000001,-994345.0,495,4800791.0
5799,455360.0,0.0,0.0,-455360.0,495,4345431.0
5800,400680.0,0.0,0.0,-400680.0,495,3944751.0
5801,401380.0,0.0,0.0,-401380.0,495,3543371.0
5802,403280.0,0.0,0.0,-403280.0,495,3140091.0
5803,464400.0,0.0,0.0,-464400.0,495,2675691.0
5804,467000.0,0.0,0.0,-467000.0,495,2208691.0
5805,467200.0,0.0,0.0,-467200.0,495,1741491.0
5806,403580.0,0.0,0.0,-403580.0,495,1337911.0
5807,403580.0,0.0,0.0,-403580.0,495,934331.0
5808,371540.0,0.0,0.0,-371540.0,495,562791.0
5809,232500.0,0.0,0.0,-232500.0,495,330291.0
5810,232500.0,16.6,28220.0,-204280.0,495,126011.0
5811,232500.0,108.25,184025.0,-48475.0,495,77536.0
5812,286600.0,204.9,348330.0,61730.0,496,139266.0
5813,286000.0,329.6,560320.0,274320.0,496,413586.0
5814,299020.0,362.25,615825.0,316805.0,496,730391.0
5815,350480.0,334.5,568650.0,218170.0,496,948561.0
5816,354280.0,398.1,676770.0,322490.0,496,1271051.0
5817,354280.0,357.45,607665.0,253385.0,496,1524436.0
5818,299280.0,263.15,447355.0,148075.0,496,1672511.0
5819,309900.0,209.9,356830.0,46930.0,496,1719441.0
5820,308435.0,130.95,222614.99999999997,-85820.00000000003,497,1633621.0
5821,256500.0,51.6,87720.0,-168780.0,497,1464841.0
5822,246000.0,9.09,15453.0,-230547.0,497,1234294.0
5823,256390.0,0.0,0.0,-256390.0,497,977904.0
5824,851090.0,0.0,0.0,-851090.0,497,126814.0
5825,361860.0,0.0,0.0,-361860.0,497,0.0
5826,373980.0,0.0,0.0,-373980.0,497,0.0
5827,398100.0,0.0,0.0,-398100.0,497,0.0
5828,390080.0,0.0,0.0,-390080.0,497,0.0
5829,383180.0,0.0,0.0,-383180.0,497,0.0
5830,363460.0,0.0,0.0,-363460.0,497,0.0
5831,291940.0,0.0,0.0,-291940.0,497,0.0
5832,270400.0,0.0,0.0,-270400.0,497,0.0
5833,232500.0,0.0,0.0,-232500.0,497,0.0
5834,232500.0,18.42,31314.000000000004,-201186.0,497,0.0
5835,232500.0,148.0,251600.0,19100.0,498,19100.0
5836,286600.0,327.75,557175.0,270575.0,498,289675.0
5837,286000.0,436.05,741285.0,455285.0,498,744960.0
5838,299020.0,651.25,1107125.0,808105.0,498,1553065.0
5839,350480.0,666.95,1133815.0,783335.0,498,2336400.0
5840,354280.0,706.2,1200540.0,846260.0,498,3182660.0
5841,354280.0,666.55,1133135.0,778855.0,498,3961515.0
5842,299280.0,508.8,864960.0000000001,565680.0000000001,498,4527195.0
5843,309900.0,439.65,747405.0,437505.0,498,4964700.0
5844,308435.0,296.05,503285.00000000006,194850.00000000006,498,5159550.0
5845,256500.0,165.85,281945.0,25445.0,498,5184995.0
5846,246000.0,22.91,38947.0,-207053.0,499,4977942.0
5847,256390.0,0.0,0.0,-256390.0,499,4721552.0
5848,851090.0,0.0,0.0,-851090.0,499,3870462.0
5849,361860.0,0.0,0.0,-361860.0,499,3508602.0
5850,373980.0,0.0,0.0,-373980.0,499,3134622.0
5851,398100.0,0.0,0.0,-398100.0,499,2736522.0
5852,390080.0,0.0,0.0,-390080.0,499,2346442.0
5853,383180.0,0.0,0.0,-383180.0,499,1963262.0
5854,363460.0,0.0,0.0,-363460.0,499,1599802.0
5855,291940.0,0.0,0.0,-291940.0,499,1307862.0
5856,270400.0,0.0,0.0,-270400.0,499,1037462.0
5857,232500.0,0.0,0.0,-232500.0,499,804962.0
5858,232500.0,18.35,31195.0,-201305.0,499,603657.0
5859,232500.0,137.55,233835.0,1335.0,500,604992.0
5860,286600.0,317.4,539579.9999999999,252979.99999999988,500,857971.9999999999
5861,286000.0,453.5,770950.0,484950.0,500,1342922.0
5862,299020.0,681.6,1158720.0,859700.0,500,2202622.0
5863,350480.0,673.25,1144525.0,794045.0,500,2996667.0
5864,354280.0,770.1,1309170.0,954890.0,500,3951557.0
5865,354280.0,645.55,1097435.0,743155.0,500,4694712.0
5866,299280.0,599.1,1018470.0000000001,719190.0000000001,500,5413902.0
5867,309900.0,530.25,901425.0,591525.0,500,6005427.0
5868,308435.0,318.75,541875.0,233440.0,500,6238867.0
5869,256500.0,162.45,276164.99999999994,19664.99999999994,500,6258532.0
5870,246000.0,25.63,43571.0,-202429.0,501,6056103.0
5871,256390.0,0.0,0.0,-256390.0,501,5799713.0
5872,851090.0,0.0,0.0,-851090.0,501,4948623.0
5873,361860.0,0.0,0.0,-361860.0,501,4586763.0
5874,373980.0,0.0,0.0,-373980.0,501,4212783.0
5875,398100.0,0.0,0.0,-398100.0,501,3814683.0
5876,390080.0,0.0,0.0,-390080.0,501,3424603.0
5877,383180.0,0.0,0.0,-383180.0,501,3041423.0
5878,363460.0,0.0,0.0,-363460.0,501,2677963.0
5879,291940.0,0.0,0.0,-291940.0,501,2386023.0
5880,270400.0,0.0,0.0,-270400.0,501,2115623.0
5881,232500.0,0.0,0.0,-232500.0,501,1883123.0
5882,232500.0,18.3,31110.0,-201390.0,501,1681733.0
5883,232500.0,140.8,239360.0,6860.0,502,1688593.0
5884,286600.0,301.55,512635.0,226035.0,502,1914628.0
5885,286000.0,462.85,786845.0000000001,500845.0000000001,502,2415473.0
5886,299020.0,650.9,1106529.9999999998,807509.9999999998,502,3222983.0
5887,350480.0,784.95,1334415.0,983935.0,502,4206918.0
5888,354280.0,807.75,1373175.0,1018895.0,502,5225813.0
5889,354280.0,770.35,1309595.0,955315.0,502,6181128.0
5890,299280.0,656.55,1116135.0,816855.0,502,6997983.0
5891,309900.0,500.15,850255.0,540355.0,502,7538338.0
5892,308435.0,330.2,561340.0,252905.0,502,7791243.0
5893,256500.0,132.6,225420.0,-31080.0,503,7760163.0
5894,246000.0,22.88,38895.99999999999,-207104.0,503,7553059.0
5895,256390.0,0.0,0.0,-256390.0,503,7296669.0
5896,851090.0,0.0,0.0,-851090.0,503,6445579.0
5897,361860.0,0.0,0.0,-361860.0,503,6083719.0
5898,373980.0,0.0,0.0,-373980.0,503,5709739.0
5899,398100.0,0.0,0.0,-398100.0,503,5311639.0
5900,390080.0,0.0,0.0,-390080.0,503,4921559.0
5901,383180.0,0.0,0.0,-383180.0,503,4538379.0
5902,363460.0,0.0,0.0,-363460.0,503,4174919.0
5903,291940.0,0.0,0.0,-291940.0,503,3882979.0
5904,270400.0,0.0,0.0,-270400.0,503,3612579.0
5905,232500.0,0.0,0.0,-232500.0,503,3380079.0
5906,232500.0,17.38,29546.0,-202954.0,503,3177125.0
5907,232500.0,125.05,212585.0,-19915.0,503,3157210.0
5908,286600.0,279.2,474640.0,188040.0,504,3345250.0
5909,286000.0,408.95,695215.0,409215.0,504,3754465.0
5910,299020.0,480.1,816170.0,517150.0,504,4271615.0
5911,350480.0,756.0,1285200.0,934720.0,504,5206335.0
5912,354280.0,745.95,1268115.0,913835.0,504,6120170.0
5913,354280.0,789.4,1341980.0,987700.0,504,7107870.0
5914,299280.0,643.05,1093184.9999999998,793904.9999999998,504,7901775.0
5915,309900.0,454.55,772735.0,462835.0,504,8364610.0
5916,308435.0,253.05,430185.0,121750.0,504,8486360.0
5917,256500.0,114.6,194820.0,-61680.0,505,8424680.0
5918,246000.0,19.76,33592.00000000001,-212408.0,505,8212272.0
5919,256390.0,0.0,0.0,-256390.0,505,7955882.0
5920,851090.0,0.0,0.0,-851090.0,505,7104792.0
5921,361860.0,0.0,0.0,-361860.0,505,6742932.0
5922,373980.0,0.0,0.0,-373980.0,505,6368952.0
5923,398100.0,0.0,0.0,-398100.0,505,5970852.0
5924,390080.0,0.0,0.0,-390080.0,505,5580772.0
5925,383180.0,0.0,0.0,-383180.0,505,5197592.0
5926,363460.0,0.0,0.0,-363460.0,505,4834132.0
5927,291940.0,0.0,0.0,-291940.0,505,4542192.0
5928,270400.0,0.0,0.0,-270400.0,505,4271792.0
5929,332920.0,0.0,0.0,-332920.0,505,3938872.0
5930,288520.0,19.03,32351.0,-256169.0,505,3682703.0
5931,277900.0,148.5,252450.0,-25450.0,505,3657253.0
5932,312700.0,324.1,550970.0,238270.0,506,3895523.0
5933,312100.0,523.15,889355.0,577255.0,506,4472778.0
5934,325520.0,668.2,1135940.0,810420.0,506,5283198.0
5935,299940.0,784.2,1333140.0,1033200.0,506,6316398.0
5936,303540.0,837.6,1423920.0,1120380.0,506,7436778.0
5937,366820.0,779.55,1325235.0,958415.0,506,8395193.0
5938,366940.0,702.6,1194420.0,827480.0,506,9000000.0
5939,375540.0,528.6,898620.0000000001,523080.0000000001,506,9000000.0
5940,323040.0,362.4,616080.0,293040.0,506,9000000.0
5941,323040.0,159.3,270810.00000000006,-52229.99999999994,507,8947770.0
5942,1034040.0,22.14,37638.0,-996402.0,507,7951368.0
5943,455360.0,0.0,0.0,-455360.0,507,7496008.0
5944,400680.0,0.0,0.0,-400680.0,507,7095328.0
5945,401380.0,0.0,0.0,-401380.0,507,6693948.0
5946,403280.0,0.0,0.0,-403280.0,507,6290668.0
5947,464400.0,0.0,0.0,-464400.0,507,5826268.0
5948,467000.0,0.0,0.0,-467000.0,507,5359268.0
5949,467200.0,0.0,0.0,-467200.0,507,4892068.0
5950,403580.0,0.0,0.0,-403580.0,507,4488488.0
5951,403580.0,0.0,0.0,-403580.0,507,4084908.0
5952,371540.0,0.0,0.0,-371540.0,507,3713368.0
5953,332920.0,0.0,0.0,-332920.0,507,3380448.0
5954,288520.0,19.16,32572.0,-255948.0,507,3124500.0
5955,277900.0,158.6,269620.0,-8280.0,507,3116220.0
5956,312700.0,363.3,617610.0,304910.0,508,3421130.0
5957,312100.0,544.25,925225.0,613125.0,508,4034255.0
5958,325520.0,721.35,1226295.0,900775.0,508,4935030.0
5959,299940.0,812.6,1381420.0,1081480.0,508,6016510.0
5960,303540.0,861.95,1465315.0,1161775.0,508,7178285.0
5961,366820.0,830.1,1411170.0000000002,1044350.0000000002,508,8222635.0
5962,366940.0,737.6,1253920.0,886980.0,508,9000000.0
5963,375540.0,568.35,966195.0,590655.0,508,9000000.0
5964,323040.0,372.45,633165.0,310125.0,508,9000000.0
5965,323040.0,167.85,285345.0,-37695.0,509,8962305.0
5966,1034040.0,21.47,36499.0,-997541.0,509,7964764.0
5967,455360.0,0.0,0.0,-455360.0,509,7509404.0
5968,400680.0,0.0,0.0,-400680.0,509,7108724.0
5969,401380.0,0.0,0.0,-401380.0,509,6707344.0
5970,403280.0,0.0,0.0,-403280.0,509,6304064.0
5971,464400.0,0.0,0.0,-464400.0,509,5839664.0
5972,467000.0,0.0,0.0,-467000.0,509,5372664.0
5973,467200.0,0.0,0.0,-467200.0,509,4905464.0
5974,403580.0,0.0,0.0,-403580.0,509,4501884.0
5975,403580.0,0.0,0.0,-403580.0,509,4098304.0
5976,371540.0,0.0,0.0,-371540.0,509,3726764.0
5977,232500.0,0.0,0.0,-232500.0,509,3494264.0
5978,232500.0,18.77,31909.0,-200591.0,509,3293673.0
5979,232500.0,131.35,223295.0,-9205.0,509,3284468.0
5980,286600.0,294.7,500989.9999999999,214389.99999999988,510,3498858.0
5981,286000.0,489.5,832150.0,546150.0,510,4045008.0
5982,299020.0,659.6,1121320.0000000002,822300.0000000002,510,4867308.0
5983,350480.0,776.75,1320475.0,969995.0,510,5837303.0
5984,354280.0,791.4,1345380.0,991100.0,510,6828403.0
5985,354280.0,774.75,1317075.0,962795.0,510,7791198.0
5986,299280.0,702.1,1193570.0,894290.0,510,8685488.0
5987,309900.0,547.35,930495.0,620595.0,510,9000000.0
5988,308435.0,366.6,623220.0000000001,314785.0000000001,510,9000000.0
5989,256500.0,166.35,282795.0,26295.0,510,9000000.0
5990,246000.0,20.65,35105.0,-210895.0,511,8789105.0
5991,256390.0,0.0,0.0,-256390.0,511,8532715.0
5992,851090.0,0.0,0.0,-851090.0,511,7681625.0
5993,361860.0,0.0,0.0,-361860.0,511,7319765.0
5994,373980.0,0.0,0.0,-373980.0,511,6945785.0
5995,398100.0,0.0,0.0,-398100.0,511,6547685.0
5996,390080.0,0.0,0.0,-390080.0,511,6157605.0
5997,383180.0,0.0,0.0,-383180.0,511,5774425.0
5998,363460.0,0.0,0.0,-363460.0,511,5410965.0
5999,291940.0,0.0,0.0,-291940.0,511,5119025.0
6000,270400.0,0.0,0.0,-270400.0,511,4848625.0
6001,232500.0,0.0,0.0,-232500.0,511,4616125.0
6002,232500.0,19.62,33354.00000000001,-199146.0,511,4416979.0
6003,232500.0,134.45,228565.0,-3935.0,511,4413044.0
6004,286600.0,282.45,480165.0,193565.0,512,4606609.0
6005,286000.0,485.5,825350.0,539350.0,512,5145959.0
6006,299020.0,589.8,1002660.0,703640.0,512,5849599.0
6007,350480.0,724.45,1231565.0,881085.0,512,6730684.0
6008,354280.0,654.6,1112820.0000000002,758540.0000000002,512,7489224.0
6009,354280.0,727.7,1237090.0,882810.0,512,8372034.0
6010,299280.0,693.6,1179120.0,879840.0,512,9000000.0
6011,309900.0,549.65,934405.0,624505.0,512,9000000.0
6012,308435.0,375.4,638179.9999999999,329744.9999999999,512,9000000.0
6013,256500.0,165.2,280840.0,24340.0,512,9000000.0
6014,246000.0,19.54,33218.0,-212782.0,513,8787218.0
6015,256390.0,0.0,0.0,-256390.0,513,8530828.0
6016,851090.0,0.0,0.0,-851090.0,513,7679738.0
6017,361860.0,0.0,0.0,-361860.0,513,7317878.0
6018,373980.0,0.0,0.0,-373980.0,513,6943898.0
6019,398100.0,0.0,0.0,-398100.0,513,6545798.0
6020,390080.0,0.0,0.0,-390080.0,513,6155718.0
6021,383180.0,0.0,0.0,-383180.0,513,5772538.0
6022,363460.0,0.0,0.0,-363460.0,513,5409078.0
6023,291940.0,0.0,0.0,-291940.0,513,5117138.0
6024,270400.0,0.0,0.0,-270400.0,513,4846738.0
6025,232500.0,0.0,0.0,-232500.0,513,4614238.0
6026,232500.0,15.79,26842.999999999996,-205657.0,513,4408581.0
6027,232500.0,114.2,194140.0,-38360.0,513,4370221.0
6028,286600.0,339.85,577745.0000000001,291145.0000000001,514,4661366.0
6029,286000.0,523.85,890545.0000000001,604545.0000000001,514,5265911.0
6030,299020.0,674.45,1146565.0,847545.0,514,6113456.0
6031,350480.0,810.9,1378530.0,1028050.0,514,7141506.0
6032,354280.0,856.4,1455879.9999999998,1101599.9999999998,514,8243106.0
6033,354280.0,847.5,1440750.0,1086470.0,514,9000000.0
6034,299280.0,739.9,1257830.0,958550.0,514,9000000.0
6035,309900.0,574.5,976650.0,666750.0,514,9000000.0
6036,308435.0,372.2,632740.0,324305.0,514,9000000.0
6037,256500.0,163.1,277270.0,20770.0,514,9000000.0
6038,246000.0,15.75,26775.0,-219225.0,515,8780775.0
6039,256390.0,0.0,0.0,-256390.0,515,8524385.0
6040,851090.0,0.0,0.0,-851090.0,515,7673295.0
6041,361860.0,0.0,0.0,-361860.0,515,7311435.0
6042,373980.0,0.0,0.0,-373980.0,515,6937455.0
6043,398100.0,0.0,0.0,-398100.0,515,6539355.0
6044,390080.0,0.0,0.0,-390080.0,515,6149275.0
6045,383180.0,0.0,0.0,-383180.0,515,5766095.0
6046,363460.0,0.0,0.0,-363460.0,515,5402635.0
6047,291940.0,0.0,0.0,-291940.0,515,5110695.0
6048,270400.0,0.0,0.0,-270400.0,515,4840295.0
6049,232500.0,0.0,0.0,-232500.0,515,4607795.0
6050,232500.0,18.43,31331.0,-201169.0,515,4406626.0
6051,232500.0,148.8,252960.00000000003,20460.00000000003,516,4427086.0
6052,286600.0,330.1,561170.0,274570.0,516,4701656.0
6053,286000.0,495.0,841500.0,555500.0,516,5257156.0
6054,299020.0,687.4,1168580.0,869560.0,516,6126716.0
6055,350480.0,834.45,1418565.0,1068085.0,516,7194801.0
6056,354280.0,873.35,1484695.0000000002,1130415.0000000002,516,8325216.0
6057,354280.0,828.5,1408450.0,1054170.0,516,9000000.0
6058,299280.0,732.0,1244400.0,945120.0,516,9000000.0
6059,309900.0,560.4,952680.0,642780.0,516,9000000.0
6060,308435.0,363.7,618289.9999999999,309854.9999999999,516,9000000.0
6061,256500.0,158.75,269875.0,13375.0,516,9000000.0
6062,246000.0,14.85,25245.0,-220755.0,517,8779245.0
6063,256390.0,0.0,0.0,-256390.0,517,8522855.0
6064,851090.0,0.0,0.0,-851090.0,517,7671765.0
6065,361860.0,0.0,0.0,-361860.0,517,7309905.0
6066,373980.0,0.0,0.0,-373980.0,517,6935925.0
6067,398100.0,0.0,0.0,-398100.0,517,6537825.0
6068,390080.0,0.0,0.0,-390080.0,517,6147745.0
6069,383180.0,0.0,0.0,-383180.0,517,5764565.0
6070,363460.0,0.0,0.0,-363460.0,517,5401105.0
6071,291940.0,0.0,0.0,-291940.0,517,5109165.0
6072,270400.0,0.0,0.0,-270400.0,517,4838765.0
6073,232500.0,0.0,0.0,-232500.0,517,4606265.0
6074,232500.0,14.75,25075.0,-207425.0,517,4398840.0
6075,232500.0,150.55,255935.00000000003,23435.00000000003,518,4422275.0
6076,286600.0,302.7,514589.9999999999,227989.99999999988,518,4650265.0
6077,286000.0,511.1,868870.0,582870.0,518,5233135.0
6078,299020.0,630.15,1071255.0,772235.0,518,6005370.0
6079,350480.0,826.4,1404880.0,1054400.0,518,7059770.0
6080,354280.0,846.45,1438965.0,1084685.0,518,8144455.0
6081,354280.0,777.0,1320900.0,966620.0,518,9000000.0
6082,299280.0,711.6,1209720.0,910440.0,518,9000000.0
6083,309900.0,558.6,949620.0,639720.0,518,9000000.0
6084,308435.0,353.75,601375.0,292940.0,518,9000000.0
6085,256500.0,155.1,263670.0,7170.0,518,9000000.0
6086,246000.0,14.0,23800.0,-222200.0,519,8777800.0
6087,256390.0,0.0,0.0,-256390.0,519,8521410.0
6088,851090.0,0.0,0.0,-851090.0,519,7670320.0
6089,361860.0,0.0,0.0,-361860.0,519,7308460.0
6090,373980.0,0.0,0.0,-373980.0,519,6934480.0
6091,398100.0,0.0,0.0,-398100.0,519,6536380.0
6092,390080.0,0.0,0.0,-390080.0,519,6146300.0
6093,383180.0,0.0,0.0,-383180.0,519,5763120.0
6094,363460.0,0.0,0.0,-363460.0,519,5399660.0
6095,291940.0,0.0,0.0,-291940.0,519,5107720.0
6096,270400.0,0.0,0.0,-270400.0,519,4837320.0
6097,332920.0,0.0,0.0,-332920.0,519,4504400.0
6098,288520.0,14.95,25415.0,-263105.0,519,4241295.0
6099,277900.0,129.65,220405.00000000003,-57494.99999999997,519,4183800.0
6100,312700.0,310.8,528360.0,215660.0,520,4399460.0
6101,312100.0,485.3,825010.0,512910.0,520,4912370.0
6102,325520.0,665.25,1130925.0,805405.0,520,5717775.0
6103,299940.0,771.5,1311550.0,1011610.0,520,6729385.0
6104,303540.0,838.4,1425279.9999999998,1121739.9999999998,520,7851125.0
6105,366820.0,782.55,1330335.0,963515.0,520,8814640.0
6106,366940.0,693.7,1179290.0000000002,812350.0000000002,520,9000000.0
6107,375540.0,542.1,921570.0,546030.0,520,9000000.0
6108,323040.0,331.0,562700.0,239660.0,520,9000000.0
6109,323040.0,137.45,233665.0,-89375.0,521,8910625.0
6110,1034040.0,12.4,21080.0,-1012960.0,521,7897665.0
6111,455360.0,0.0,0.0,-455360.0,521,7442305.0
6112,400680.0,0.0,0.0,-400680.0,521,7041625.0
6113,401380.0,0.0,0.0,-401380.0,521,6640245.0
6114,403280.0,0.0,0.0,-403280.0,521,6236965.0
6115,464400.0,0.0,0.0,-464400.0,521,5772565.0
6116,467000.0,0.0,0.0,-467000.0,521,5305565.0
6117,467200.0,0.0,0.0,-467200.0,521,4838365.0
6118,403580.0,0.0,0.0,-403580.0,521,4434785.0
6119,403580.0,0.0,0.0,-403580.0,521,4031205.0
6120,371540.0,0.0,0.0,-371540.0,521,3659665.0
6121,332920.0,0.0,0.0,-332920.0,521,3326745.0
6122,288520.0,10.2,17339.999999999996,-271180.0,521,3055565.0
6123,277900.0,100.3,170510.0,-107390.0,521,2948175.0
6124,312700.0,313.65,533205.0,220505.0,522,3168680.0
6125,312100.0,462.6,786420.0,474320.0,522,3643000.0
6126,325520.0,520.1,884170.0,558650.0,522,4201650.0
6127,299940.0,701.1,1191870.0,891930.0,522,5093580.0
6128,303540.0,793.05,1348184.9999999998,1044644.9999999998,522,6138225.0
6129,366820.0,801.8,1363060.0,996240.0,522,7134465.0
6130,366940.0,672.05,1142484.9999999998,775544.9999999998,522,7910010.0
6131,375540.0,521.25,886125.0,510585.0,522,8420595.0
6132,323040.0,317.45,539665.0,216625.0,522,8637220.0
6133,323040.0,123.8,210460.0,-112580.0,523,8524640.0
6134,1034040.0,11.4,19380.0,-1014660.0,523,7509980.0
6135,455360.0,0.0,0.0,-455360.0,523,7054620.0
6136,400680.0,0.0,0.0,-400680.0,523,6653940.0
6137,401380.0,0.0,0.0,-401380.0,523,6252560.0
6138,403280.0,0.0,0.0,-403280.0,523,5849280.0
6139,464400.0,0.0,0.0,-464400.0,523,5384880.0
6140,467000.0,0.0,0.0,-467000.0,523,4917880.0
6141,467200.0,0.0,0.0,-467200.0,523,4450680.0
6142,403580.0,0.0,0.0,-403580.0,523,4047100.0
6143,403580.0,0.0,0.0,-403580.0,523,3643520.0
6144,371540.0,0.0,0.0,-371540.0,523,3271980.0
6145,232500.0,0.0,0.0,-232500.0,523,3039480.0
6146,232500.0,15.1,25669.999999999996,-206830.0,523,2832650.0
6147,232500.0,129.35,219895.0,-12605.0,523,2820045.0
6148,286600.0,321.3,546210.0000000001,259610.00000000012,524,3079655.0
6149,286000.0,416.1,707370.0,421370.0,524,3501025.0
6150,299020.0,625.25,1062925.0,763905.0,524,4264930.0
6151,350480.0,744.25,1265225.0,914745.0,524,5179675.0
6152,354280.0,748.95,1273215.0,918935.0,524,6098610.0
6153,354280.0,601.65,1022805.0,668525.0,524,6767135.0
6154,299280.0,515.45,876265.0000000001,576985.0000000001,524,7344120.0
6155,309900.0,333.55,567035.0,257135.0,524,7601255.0
6156,308435.0,168.85,287045.0,-21390.0,525,7579865.0
6157,256500.0,62.35,105995.0,-150505.0,525,7429360.0
6158,246000.0,6.2,10540.0,-235460.0,525,7193900.0
6159,256390.0,0.0,0.0,-256390.0,525,6937510.0
6160,851090.0,0.0,0.0,-851090.0,525,6086420.0
6161,361860.0,0.0,0.0,-361860.0,525,5724560.0
6162,373980.0,0.0,0.0,-373980.0,525,5350580.0
6163,398100.0,0.0,0.0,-398100.0,525,4952480.0
6164,390080.0,0.0,0.0,-390080.0,525,4562400.0
6165,383180.0,0.0,0.0,-383180.0,525,4179220.0
6166,363460.0,0.0,0.0,-363460.0,525,3815760.0
6167,291940.0,0.0,0.0,-291940.0,525,3523820.0
6168,270400.0,0.0,0.0,-270400.0,525,3253420.0
6169,232500.0,0.0,0.0,-232500.0,525,3020920.0
6170,232500.0,12.65,21505.0,-210995.0,525,2809925.0
6171,232500.0,123.9,210630.00000000003,-21869.99999999997,525,2788055.0
6172,286600.0,256.9,436729.99999999994,150129.99999999994,526,2938185.0
6173,286000.0,493.8,839460.0,553460.0,526,3491645.0
6174,299020.0,598.85,1018045.0,719025.0,526,4210670.0
6175,350480.0,712.55,1211334.9999999998,860854.9999999998,526,5071525.0
6176,354280.0,738.15,1254855.0,900575.0,526,5972100.0
6177,354280.0,774.5,1316650.0,962370.0,526,6934470.0
6178,299280.0,651.4,1107380.0,808100.0,526,7742570.0
6179,309900.0,486.0,826200.0,516300.0,526,8258870.0
6180,308435.0,270.7,460190.0,151755.0,526,8410625.0
6181,256500.0,102.65,174505.0,-81995.0,527,8328630.0
6182,246000.0,9.5,16150.0,-229850.0,527,8098780.0
6183,256390.0,0.0,0.0,-256390.0,527,7842390.0
6184,851090.0,0.0,0.0,-851090.0,527,6991300.0
6185,361860.0,0.0,0.0,-361860.0,527,6629440.0
6186,373980.0,0.0,0.0,-373980.0,527,6255460.0
6187,398100.0,0.0,0.0,-398100.0,527,5857360.0
6188,390080.0,0.0,0.0,-390080.0,527,5467280.0
6189,383180.0,0.0,0.0,-383180.0,527,5084100.0
6190,363460.0,0.0,0.0,-363460.0,527,4720640.0
6191,291940.0,0.0,0.0,-291940.0,527,4428700.0
6192,270400.0,0.0,0.0,-270400.0,527,4158300.0
6193,324500.0,0.0,0.0,-324500.0,527,3833800.0
6194,324500.0,13.2,22440.0,-302060.0,527,3531740.0
6195,335000.0,140.35,238595.0,-96405.0,527,3435335.0
6196,344600.0,309.0,525300.0,180700.0,528,3616035.0
6197,344000.0,470.35,799595.0000000001,455595.0000000001,528,4071630.0
6198,364520.0,606.0,1030200.0,665680.0,528,4737310.0
6199,360980.0,746.2,1268540.0000000002,907560.0000000002,528,5644870.0
6200,364780.0,798.15,1356855.0,992075.0,528,6636945.0
6201,364780.0,775.9,1319029.9999999998,954249.9999999998,528,7591195.0
6202,364780.0,651.55,1107635.0,742855.0,528,8334050.0
6203,364900.0,522.1,887570.0,522670.0,528,8856720.0
6204,363435.0,326.6,555220.0,191785.0,528,9000000.0
6205,311500.0,130.85,222445.0,-89055.0,529,8910945.0
6206,356000.0,9.9,16830.0,-339170.0,529,8571775.0
6207,366390.0,0.0,0.0,-366390.0,529,8205385.0
6208,961090.0,0.0,0.0,-961090.0,529,7244295.0
6209,427360.0,0.0,0.0,-427360.0,529,6816935.0
6210,439480.0,0.0,0.0,-439480.0,529,6377455.0
6211,456100.0,0.0,0.0,-456100.0,529,5921355.0
6212,448080.0,0.0,0.0,-448080.0,529,5473275.0
6213,438180.0,0.0,0.0,-438180.0,529,5035095.0
6214,410960.0,0.0,0.0,-410960.0,529,4624135.0
6215,346940.0,0.0,0.0,-346940.0,529,4277195.0
6216,314900.0,0.0,0.0,-314900.0,529,3962295.0
6217,324500.0,0.0,0.0,-324500.0,529,3637795.0
6218,324500.0,11.9,20230.0,-304270.0,529,3333525.0
6219,335000.0,138.7,235790.0,-99210.0,529,3234315.0
6220,344600.0,317.4,539579.9999999999,194979.99999999988,530,3429295.0
6221,344000.0,482.7,820589.9999999999,476589.9999999999,530,3905885.0
6222,364520.0,628.7,1068790.0,704270.0,530,4610155.0
6223,360980.0,773.85,1315545.0,954565.0,530,5564720.0
6224,364780.0,781.4,1328380.0,963600.0,530,6528320.0
6225,364780.0,762.85,1296845.0,932065.0,530,7460385.0
6226,364780.0,666.65,1133305.0,768525.0,530,8228910.0
6227,364900.0,520.05,884084.9999999998,519184.99999999977,530,8748095.0
6228,363435.0,325.55,553435.0,190000.0,530,8938095.0
6229,311500.0,134.5,228650.0,-82850.0,531,8855245.0
6230,356000.0,9.55,16235.000000000002,-339765.0,531,8515480.0
6231,366390.0,0.0,0.0,-366390.0,531,8149090.0
6232,961090.0,0.0,0.0,-961090.0,531,7188000.0
6233,427360.0,0.0,0.0,-427360.0,531,6760640.0
6234,439480.0,0.0,0.0,-439480.0,531,6321160.0
6235,456100.0,0.0,0.0,-456100.0,531,5865060.0
6236,448080.0,0.0,0.0,-448080.0,531,5416980.0
6237,438180.0,0.0,0.0,-438180.0,531,4978800.0
6238,410960.0,0.0,0.0,-410960.0,531,4567840.0
6239,346940.0,0.0,0.0,-346940.0,531,4220900.0
6240,314900.0,0.0,0.0,-314900.0,531,3906000.0
6241,324500.0,0.0,0.0,-324500.0,531,3581500.0
6242,324500.0,13.85,23545.0,-300955.0,531,3280545.0
6243,335000.0,127.7,217090.00000000003,-117909.99999999997,531,3162635.0
6244,344600.0,327.85,557345.0000000001,212745.00000000012,532,3375380.0
6245,344000.0,529.75,900575.0,556575.0,532,3931955.0
6246,364520.0,703.85,1196545.0,832025.0,532,4763980.0
6247,360980.0,781.7,1328890.0000000002,967910.0000000002,532,5731890.0
6248,364780.0,768.7,1306790.0,942010.0,532,6673900.0
6249,364780.0,785.51,1335367.0,970587.0,532,7644487.0
6250,364780.0,657.7,1118090.0000000002,753310.0000000002,532,8397797.0
6251,364900.0,540.2,918340.0,553440.0,532,8951237.0
6252,363435.0,336.4,571880.0,208445.0,532,9000000.0
6253,311500.0,135.55,230435.0,-81065.0,533,8918935.0
6254,356000.0,0.0,0.0,-356000.0,533,8562935.0
6255,366390.0,0.0,0.0,-366390.0,533,8196545.0
6256,961090.0,0.0,0.0,-961090.0,533,7235455.0
6257,427360.0,0.0,0.0,-427360.0,533,6808095.0
6258,439480.0,0.0,0.0,-439480.0,533,6368615.0
6259,456100.0,0.0,0.0,-456100.0,533,5912515.0
6260,448080.0,0.0,0.0,-448080.0,533,5464435.0
6261,438180.0,0.0,0.0,-438180.0,533,5026255.0
6262,410960.0,0.0,0.0,-410960.0,533,4615295.0
6263,346940.0,0.0,0.0,-346940.0,533,4268355.0
6264,314900.0,0.0,0.0,-314900.0,533,3953455.0
6265,378300.0,0.0,0.0,-378300.0,533,3575155.0
6266,333900.0,13.65,23205.0,-310695.0,533,3264460.0
6267,333900.0,153.0,260100.0,-73800.0,533,3190660.0
6268,334500.0,344.7,585990.0,251490.0,534,3442150.0
6269,333900.0,550.65,936105.0,602205.0,534,4044355.0
6270,354420.0,678.55,1153535.0,799115.0,534,4843470.0
6271,310720.0,793.86,1349562.0,1038842.0,534,5882312.0
6272,313920.0,843.71,1434307.0000000002,1120387.0000000002,534,7002699.0
6273,358320.0,800.31,1360527.0,1002207.0,534,8004906.0
6274,410820.0,701.1,1191870.0,781050.0,534,8785956.0
6275,411540.0,535.75,910775.0,499235.0,534,9000000.0
6276,419040.0,333.2,566440.0,147400.0,534,9000000.0
6277,366540.0,130.95,222614.99999999997,-143925.00000000003,535,8856075.0
6278,1115540.0,0.0,0.0,-1115540.0,535,7740535.0
6279,536860.0,0.0,0.0,-536860.0,535,7203675.0
6280,409060.0,0.0,0.0,-409060.0,535,6794615.0
6281,416260.0,0.0,0.0,-416260.0,535,6378355.0
6282,428780.0,0.0,0.0,-428780.0,535,5949575.0
6283,445400.0,0.0,0.0,-445400.0,535,5504175.0
6284,437380.0,0.0,0.0,-437380.0,535,5066795.0
6285,437980.0,0.0,0.0,-437980.0,535,4628815.0
6286,418860.0,0.0,0.0,-418860.0,535,4209955.0
6287,400740.0,0.0,0.0,-400740.0,535,3809215.0
6288,368700.0,0.0,0.0,-368700.0,535,3440515.0
6289,378300.0,0.0,0.0,-378300.0,535,3062215.0
6290,333900.0,12.95,22015.0,-311885.0,535,2750330.0
6291,333900.0,139.75,237575.0,-96325.0,535,2654005.0
6292,334500.0,340.55,578935.0,244435.0,536,2898440.0
6293,333900.0,540.15,918255.0,584355.0,536,3482795.0
6294,354420.0,708.5,1204450.0,850030.0,536,4332825.0
6295,310720.0,810.36,1377612.0,1066892.0,536,5399717.0
6296,313920.0,845.71,1437707.0000000002,1123787.0000000002,536,6523504.0
6297,358320.0,804.01,1366817.0,1008497.0,536,7532001.0
6298,410820.0,683.45,1161865.0,751045.0,536,8283046.0
6299,411540.0,517.95,880515.0,468975.0,536,8752021.0
6300,419040.0,322.85,548845.0,129805.0,536,8881826.0
6301,366540.0,111.35,189294.99999999997,-177245.00000000003,537,8704581.0
6302,1115540.0,0.0,0.0,-1115540.0,537,7589041.0
6303,536860.0,0.0,0.0,-536860.0,537,7052181.0
6304,409060.0,0.0,0.0,-409060.0,537,6643121.0
6305,416260.0,0.0,0.0,-416260.0,537,6226861.0
6306,428780.0,0.0,0.0,-428780.0,537,5798081.0
6307,445400.0,0.0,0.0,-445400.0,537,5352681.0
6308,437380.0,0.0,0.0,-437380.0,537,4915301.0
6309,437980.0,0.0,0.0,-437980.0,537,4477321.0
6310,418860.0,0.0,0.0,-418860.0,537,4058461.0
6311,400740.0,0.0,0.0,-400740.0,537,3657721.0
6312,368700.0,0.0,0.0,-368700.0,537,3289021.0
6313,324500.0,0.0,0.0,-324500.0,537,2964521.0
6314,324500.0,13.65,23205.0,-301295.0,537,2663226.0
6315,335000.0,154.25,262225.0,-72775.0,537,2590451.0
6316,344600.0,355.35,604095.0,259495.0,538,2849946.0
6317,344000.0,552.45,939165.0,595165.0,538,3445111.0
6318,364520.0,692.25,1176825.0,812305.0,538,4257416.0
6319,360980.0,813.01,1382117.0,1021137.0,538,5278553.0
6320,364780.0,830.41,1411697.0,1046917.0,538,6325470.0
6321,364780.0,804.06,1366902.0,1002122.0,538,7327592.0
6322,364780.0,687.3,1168409.9999999998,803629.9999999998,538,8131222.0
6323,364900.0,486.75,827475.0,462575.0,538,8593797.0
6324,363435.0,289.75,492575.0,129140.0,538,8722937.0
6325,311500.0,113.95,193715.00000000003,-117784.99999999997,539,8605152.0
6326,356000.0,0.0,0.0,-356000.0,539,8249152.0
6327,366390.0,0.0,0.0,-366390.0,539,7882762.0
6328,961090.0,0.0,0.0,-961090.0,539,6921672.0
6329,427360.0,0.0,0.0,-427360.0,539,6494312.0
6330,439480.0,0.0,0.0,-439480.0,539,6054832.0
6331,456100.0,0.0,0.0,-456100.0,539,5598732.0
6332,448080.0,0.0,0.0,-448080.0,539,5150652.0
6333,438180.0,0.0,0.0,-438180.0,539,4712472.0
6334,410960.0,0.0,0.0,-410960.0,539,4301512.0
6335,346940.0,0.0,0.0,-346940.0,539,3954572.0
6336,314900.0,0.0,0.0,-314900.0,539,3639672.0
6337,324500.0,0.0,0.0,-324500.0,539,3315172.0
6338,324500.0,13.35,22694.999999999996,-301805.0,539,3013367.0
6339,335000.0,158.35,269195.0,-65805.0,539,2947562.0
6340,344600.0,368.9,627129.9999999999,282529.9999999999,540,3230092.0
6341,344000.0,572.45,973165.0,629165.0,540,3859257.0
6342,364520.0,733.21,1246457.0,881937.0,540,4741194.0
6343,360980.0,833.16,1416372.0,1055392.0,540,5796586.0
6344,364780.0,864.56,1469752.0,1104972.0,540,6901558.0
6345,364780.0,824.21,1401157.0,1036377.0,540,7937935.0
6346,364780.0,714.71,1215007.0000000002,850227.0000000002,540,8788162.0
6347,364900.0,543.55,924035.0,559135.0,540,9000000.0
6348,363435.0,336.7,572390.0,208955.0,540,9000000.0
6349,311500.0,128.8,218960.0,-92540.0,541,8907460.0
6350,356000.0,0.0,0.0,-356000.0,541,8551460.0
6351,366390.0,0.0,0.0,-366390.0,541,8185070.0
6352,961090.0,0.0,0.0,-961090.0,541,7223980.0
6353,427360.0,0.0,0.0,-427360.0,541,6796620.0
6354,439480.0,0.0,0.0,-439480.0,541,6357140.0
6355,456100.0,0.0,0.0,-456100.0,541,5901040.0
6356,448080.0,0.0,0.0,-448080.0,541,5452960.0
6357,438180.0,0.0,0.0,-438180.0,541,5014780.0
6358,410960.0,0.0,0.0,-410960.0,541,4603820.0
6359,346940.0,0.0,0.0,-346940.0,541,4256880.0
6360,314900.0,0.0,0.0,-314900.0,541,3941980.0
6361,324500.0,0.0,0.0,-324500.0,541,3617480.0
6362,324500.0,13.25,22525.0,-301975.0,541,3315505.0
6363,335000.0,155.0,263500.0,-71500.0,541,3244005.0
6364,344600.0,372.6,633420.0000000001,288820.0000000001,542,3532825.0
6365,344000.0,575.9,979030.0,635030.0,542,4167855.0
6366,364520.0,737.06,1253001.9999999998,888481.9999999998,542,5056337.0
6367,360980.0,836.66,1422322.0,1061342.0,542,6117679.0
6368,364780.0,866.81,1473577.0,1108797.0,542,7226476.0
6369,364780.0,824.16,1401072.0,1036292.0,542,8262768.0
6370,364780.0,712.26,1210842.0,846062.0,542,9000000.0
6371,364900.0,523.6,890120.0000000001,525220.0000000001,542,9000000.0
6372,363435.0,334.05,567885.0,204450.0,542,9000000.0
6373,311500.0,123.8,210460.0,-101040.0,543,8898960.0
6374,356000.0,0.0,0.0,-356000.0,543,8542960.0
6375,366390.0,0.0,0.0,-366390.0,543,8176570.0
6376,961090.0,0.0,0.0,-961090.0,543,7215480.0
6377,427360.0,0.0,0.0,-427360.0,543,6788120.0
6378,439480.0,0.0,0.0,-439480.0,543,6348640.0
6379,456100.0,0.0,0.0,-456100.0,543,5892540.0
6380,448080.0,0.0,0.0,-448080.0,543,5444460.0
6381,438180.0,0.0,0.0,-438180.0,543,5006280.0
6382,410960.0,0.0,0.0,-410960.0,543,4595320.0
6383,346940.0,0.0,0.0,-346940.0,543,4248380.0
6384,314900.0,0.0,0.0,-314900.0,543,3933480.0
6385,324500.0,0.0,0.0,-324500.0,543,3608980.0
6386,324500.0,13.15,22355.0,-302145.0,543,3306835.0
6387,335000.0,147.8,251260.00000000003,-83739.99999999997,543,3223095.0
6388,344600.0,348.5,592450.0,247850.0,544,3470945.0
6389,344000.0,516.95,878815.0,534815.0,544,4005760.0
6390,364520.0,702.71,1194607.0,830087.0,544,4835847.0
6391,360980.0,839.46,1427082.0,1066102.0,544,5901949.0
6392,364780.0,870.71,1480207.0,1115427.0,544,7017376.0
6393,364780.0,826.86,1405662.0,1040882.0,544,8058258.0
6394,364780.0,713.36,1212712.0,847932.0,544,8906190.0
6395,364900.0,542.0,921400.0,556500.0,544,9000000.0
6396,363435.0,332.3,564910.0,201475.0,544,9000000.0
6397,311500.0,123.7,210290.0,-101210.0,545,8898790.0
6398,356000.0,0.0,0.0,-356000.0,545,8542790.0
6399,366390.0,0.0,0.0,-366390.0,545,8176400.0
6400,961090.0,0.0,0.0,-961090.0,545,7215310.0
6401,427360.0,0.0,0.0,-427360.0,545,6787950.0
6402,439480.0,0.0,0.0,-439480.0,545,6348470.0
6403,456100.0,0.0,0.0,-456100.0,545,5892370.0
6404,448080.0,0.0,0.0,-448080.0,545,5444290.0
6405,438180.0,0.0,0.0,-438180.0,545,5006110.0
6406,410960.0,0.0,0.0,-410960.0,545,4595150.0
6407,346940.0,0.0,0.0,-346940.0,545,4248210.0
6408,314900.0,0.0,0.0,-314900.0,545,3933310.0
6409,324500.0,0.0,0.0,-324500.0,545,3608810.0
6410,324500.0,12.45,21165.0,-303335.0,545,3305475.0
6411,335000.0,147.0,249900.0,-85100.0,545,3220375.0
6412,344600.0,311.85,530145.0,185545.0,546,3405920.0
6413,344000.0,522.05,887484.9999999998,543484.9999999998,546,3949405.0
6414,364520.0,673.05,1144184.9999999998,779664.9999999998,546,4729070.0
6415,360980.0,792.06,1346502.0,985522.0,546,5714592.0
6416,364780.0,819.46,1393082.0000000002,1028302.0000000002,546,6742894.0
6417,364780.0,804.06,1366902.0,1002122.0,546,7745016.0
6418,364780.0,701.26,1192142.0,827362.0,546,8572378.0
6419,364900.0,519.85,883745.0000000001,518845.0000000001,546,9000000.0
6420,363435.0,330.0,561000.0,197565.0,546,9000000.0
6421,311500.0,122.0,207400.0,-104100.0,547,8895900.0
6422,356000.0,0.0,0.0,-356000.0,547,8539900.0
6423,366390.0,0.0,0.0,-366390.0,547,8173510.0
6424,961090.0,0.0,0.0,-961090.0,547,7212420.0
6425,427360.0,0.0,0.0,-427360.0,547,6785060.0
6426,439480.0,0.0,0.0,-439480.0,547,6345580.0
6427,456100.0,0.0,0.0,-456100.0,547,5889480.0
6428,448080.0,0.0,0.0,-448080.0,547,5441400.0
6429,438180.0,0.0,0.0,-438180.0,547,5003220.0
6430,410960.0,0.0,0.0,-410960.0,547,4592260.0
6431,346940.0,0.0,0.0,-346940.0,547,4245320.0
6432,314900.0,0.0,0.0,-314900.0,547,3930420.0
6433,378300.0,0.0,0.0,-378300.0,547,3552120.0
6434,333900.0,11.55,19635.000000000004,-314265.0,547,3237855.0
6435,333900.0,127.55,216835.0,-117065.0,547,3120790.0
6436,334500.0,353.45,600865.0,266365.0,548,3387155.0
6437,333900.0,526.85,895645.0,561745.0,548,3948900.0
6438,354420.0,704.91,1198346.9999999998,843926.9999999998,548,4792827.0
6439,310720.0,801.56,1362651.9999999998,1051931.9999999998,548,5844759.0
6440,313920.0,845.96,1438132.0,1124212.0,548,6968971.0
6441,358320.0,819.76,1393592.0,1035272.0,548,8004243.0
6442,410820.0,711.06,1208801.9999999998,797981.9999999998,548,8802225.0
6443,411540.0,538.35,915195.0,503655.0,548,9000000.0
6444,419040.0,330.25,561425.0,142385.0,548,9000000.0
6445,366540.0,119.5,203150.0,-163390.0,549,8836610.0
6446,1115540.0,0.0,0.0,-1115540.0,549,7721070.0
6447,536860.0,0.0,0.0,-536860.0,549,7184210.0
6448,409060.0,0.0,0.0,-409060.0,549,6775150.0
6449,416260.0,0.0,0.0,-416260.0,549,6358890.0
6450,428780.0,0.0,0.0,-428780.0,549,5930110.0
6451,445400.0,0.0,0.0,-445400.0,549,5484710.0
6452,437380.0,0.0,0.0,-437380.0,549,5047330.0
6453,437980.0,0.0,0.0,-437980.0,549,4609350.0
6454,418860.0,0.0,0.0,-418860.0,549,4190490.0
6455,400740.0,0.0,0.0,-400740.0,549,3789750.0
6456,368700.0,0.0,0.0,-368700.0,549,3421050.0
6457,378300.0,0.0,0.0,-378300.0,549,3042750.0
6458,333900.0,10.5,17850.0,-316050.0,549,2726700.0
6459,333900.0,110.95,188615.0,-145285.0,549,2581415.0
6460,334500.0,291.1,494870.0,160370.0,550,2741785.0
6461,333900.0,480.2,816340.0,482440.0,550,3224225.0
6462,354420.0,642.9,1092930.0,738510.0,550,3962735.0
6463,310720.0,751.61,1277737.0,967017.0,550,4929752.0
6464,313920.0,827.01,1405917.0,1091997.0,550,6021749.0
6465,358320.0,742.31,1261926.9999999998,903606.9999999998,550,6925356.0
6466,410820.0,655.65,1114605.0,703785.0,550,7629141.0
6467,411540.0,507.35,862494.9999999999,450954.9999999999,550,8080096.0
6468,419040.0,313.25,532525.0,113485.0,550,8193581.0
6469,366540.0,112.8,191760.0,-174780.0,551,8018801.0
6470,1115540.0,0.0,0.0,-1115540.0,551,6903261.0
6471,536860.0,0.0,0.0,-536860.0,551,6366401.0
6472,409060.0,0.0,0.0,-409060.0,551,5957341.0
6473,416260.0,0.0,0.0,-416260.0,551,5541081.0
6474,428780.0,0.0,0.0,-428780.0,551,5112301.0
6475,445400.0,0.0,0.0,-445400.0,551,4666901.0
6476,437380.0,0.0,0.0,-437380.0,551,4229521.0
6477,437980.0,0.0,0.0,-437980.0,551,3791541.0
6478,418860.0,0.0,0.0,-418860.0,551,3372681.0
6479,400740.0,0.0,0.0,-400740.0,551,2971941.0
6480,368700.0,0.0,0.0,-368700.0,551,2603241.0
6481,324500.0,0.0,0.0,-324500.0,551,2278741.0
6482,324500.0,10.9,18530.0,-305970.0,551,1972771.0
6483,335000.0,132.55,225335.0,-109665.0,551,1863106.0
6484,344600.0,325.75,553775.0,209175.0,552,2072281.0
6485,344000.0,475.15,807754.9999999999,463754.9999999999,552,2536036.0
6486,364520.0,644.55,1095735.0,731215.0,552,3267251.0
6487,360980.0,731.51,1243567.0,882587.0,552,4149838.0
6488,364780.0,792.06,1346502.0,981722.0,552,5131560.0
6489,364780.0,743.96,1264732.0000000002,899952.0000000002,552,6031512.0
6490,364780.0,649.8,1104659.9999999998,739879.9999999998,552,6771392.0
6491,364900.0,510.6,868020.0000000001,503120.0000000001,552,7274512.0
6492,363435.0,308.4,524279.9999999999,160844.99999999988,552,7435357.0
6493,311500.0,111.15,188955.0,-122545.0,553,7312812.0
6494,356000.0,0.0,0.0,-356000.0,553,6956812.0
6495,366390.0,0.0,0.0,-366390.0,553,6590422.0
6496,961090.0,0.0,0.0,-961090.0,553,5629332.0
6497,427360.0,0.0,0.0,-427360.0,553,5201972.0
6498,439480.0,0.0,0.0,-439480.0,553,4762492.0
6499,456100.0,0.0,0.0,-456100.0,553,4306392.0
6500,448080.0,0.0,0.0,-448080.0,553,3858312.0
6501,438180.0,0.0,0.0,-438180.0,553,3420132.0
6502,410960.0,0.0,0.0,-410960.0,553,3009172.0
6503,346940.0,0.0,0.0,-346940.0,553,2662232.0
6504,314900.0,0.0,0.0,-314900.0,553,2347332.0
6505,324500.0,0.0,0.0,-324500.0,553,2022832.0
6506,324500.0,10.95,18615.0,-305885.0,553,1716947.0
6507,335000.0,130.5,221850.0,-113150.0,553,1603797.0
6508,344600.0,333.25,566525.0,221925.0,554,1825722.0
6509,344000.0,514.3,874310.0,530310.0,554,2356032.0
6510,364520.0,633.05,1076185.0,711665.0,554,3067697.0
6511,360980.0,747.86,1271362.0,910382.0,554,3978079.0
6512,364780.0,835.76,1420792.0,1056012.0,554,5034091.0
6513,364780.0,792.61,1347437.0,982657.0,554,6016748.0
6514,364780.0,679.76,1155592.0,790812.0,554,6807560.0
6515,364900.0,513.85,873545.0,508645.0,554,7316205.0
6516,363435.0,309.35,525895.0,162460.0,554,7478665.0
6517,311500.0,106.7,181390.0,-130110.0,555,7348555.0
6518,356000.0,0.0,0.0,-356000.0,555,6992555.0
6519,366390.0,0.0,0.0,-366390.0,555,6626165.0
6520,961090.0,0.0,0.0,-961090.0,555,5665075.0
6521,427360.0,0.0,0.0,-427360.0,555,5237715.0
6522,439480.0,0.0,0.0,-439480.0,555,4798235.0
6523,456100.0,0.0,0.0,-456100.0,555,4342135.0
6524,448080.0,0.0,0.0,-448080.0,555,3894055.0
6525,438180.0,0.0,0.0,-438180.0,555,3455875.0
6526,410960.0,0.0,0.0,-410960.0,555,3044915.0
6527,346940.0,0.0,0.0,-346940.0,555,2697975.0
6528,314900.0,0.0,0.0,-314900.0,555,2383075.0
6529,324500.0,0.0,0.0,-324500.0,555,2058575.0
6530,324500.0,10.05,17085.0,-307415.0,555,1751160.0
6531,335000.0,127.5,216750.0,-118250.0,555,1632910.0
6532,344600.0,274.1,465970.0,121370.0,556,1754280.0
6533,344000.0,409.4,695980.0,351980.0,556,2106260.0
6534,364520.0,425.55,723435.0,358915.0,556,2465175.0
6535,360980.0,655.5,1114350.0,753370.0,556,3218545.0
6536,364780.0,606.2,1030540.0000000001,665760.0000000001,556,3884305.0
6537,364780.0,604.65,1027905.0,663125.0,556,4547430.0
6538,364780.0,563.2,957440.0,592660.0,556,5140090.0
6539,364900.0,444.95,756415.0,391515.0,556,5531605.0
6540,363435.0,278.3,473110.0,109675.0,556,5641280.0
6541,311500.0,102.0,173400.0,-138100.0,557,5503180.0
6542,356000.0,0.0,0.0,-356000.0,557,5147180.0
6543,366390.0,0.0,0.0,-366390.0,557,4780790.0
6544,961090.0,0.0,0.0,-961090.0,557,3819700.0
6545,427360.0,0.0,0.0,-427360.0,557,3392340.0
6546,439480.0,0.0,0.0,-439480.0,557,2952860.0
6547,456100.0,0.0,0.0,-456100.0,557,2496760.0
6548,448080.0,0.0,0.0,-448080.0,557,2048680.0
6549,438180.0,0.0,0.0,-438180.0,557,1610500.0
6550,410960.0,0.0,0.0,-410960.0,557,1199540.0
6551,346940.0,0.0,0.0,-346940.0,557,852600.0
6552,314900.0,0.0,0.0,-314900.0,557,537700.0
6553,324500.0,0.0,0.0,-324500.0,557,213200.0
6554,324500.0,10.25,17425.0,-307075.0,557,0.0
6555,335000.0,139.75,237575.0,-97425.0,557,0.0
6556,344600.0,327.6,556920.0,212320.0,558,212320.0
6557,344000.0,531.15,902955.0,558955.0,558,771275.0
6558,364520.0,696.61,1184237.0000000002,819717.0000000002,558,1590992.0000000002
6559,360980.0,777.06,1321002.0,960022.0,558,2551014.0
6560,364780.0,833.81,1417476.9999999998,1052696.9999999998,558,3603711.0
6561,364780.0,787.76,1339192.0,974412.0,558,4578123.0
6562,364780.0,677.61,1151937.0,787157.0,558,5365280.0
6563,364900.0,507.35,862494.9999999999,497594.9999999999,558,5862875.0
6564,363435.0,302.35,513995.0,150560.0,558,6013435.0
6565,311500.0,101.6,172720.0,-138780.0,559,5874655.0
6566,356000.0,0.0,0.0,-356000.0,559,5518655.0
6567,366390.0,0.0,0.0,-366390.0,559,5152265.0
6568,961090.0,0.0,0.0,-961090.0,559,4191175.0
6569,427360.0,0.0,0.0,-427360.0,559,3763815.0
6570,439480.0,0.0,0.0,-439480.0,559,3324335.0
6571,456100.0,0.0,0.0,-456100.0,559,2868235.0
6572,448080.0,0.0,0.0,-448080.0,559,2420155.0
6573,438180.0,0.0,0.0,-438180.0,559,1981975.0
6574,410960.0,0.0,0.0,-410960.0,559,1571015.0
6575,346940.0,0.0,0.0,-346940.0,559,1224075.0
6576,314900.0,0.0,0.0,-314900.0,559,909175.0
6577,324500.0,0.0,0.0,-324500.0,559,584675.0
6578,324500.0,10.45,17765.0,-306735.0,559,277940.0
6579,335000.0,138.55,235535.0,-99465.0,559,178475.0
6580,344600.0,334.05,567885.0,223285.0,560,401760.0
6581,344000.0,514.85,875245.0000000001,531245.0000000001,560,933005.0000000001
6582,364520.0,713.66,1213222.0,848702.0,560,1781707.0
6583,360980.0,778.46,1323382.0,962402.0,560,2744109.0
6584,364780.0,830.06,1411101.9999999998,1046321.9999999998,560,3790431.0
6585,364780.0,798.71,1357807.0,993027.0,560,4783458.0
6586,364780.0,687.91,1169447.0,804667.0,560,5588125.0
6587,364900.0,513.15,872355.0,507455.0,560,6095580.0
6588,363435.0,304.85,518245.0,154810.0,560,6250390.0
6589,311500.0,101.05,171785.0,-139715.0,561,6110675.0
6590,356000.0,0.0,0.0,-356000.0,561,5754675.0
6591,366390.0,0.0,0.0,-366390.0,561,5388285.0
6592,961090.0,0.0,0.0,-961090.0,561,4427195.0
6593,427360.0,0.0,0.0,-427360.0,561,3999835.0
6594,439480.0,0.0,0.0,-439480.0,561,3560355.0
6595,456100.0,0.0,0.0,-456100.0,561,3104255.0
6596,448080.0,0.0,0.0,-448080.0,561,2656175.0
6597,438180.0,0.0,0.0,-438180.0,561,2217995.0
6598,410960.0,0.0,0.0,-410960.0,561,1807035.0
6599,346940.0,0.0,0.0,-346940.0,561,1460095.0
6600,314900.0,0.0,0.0,-314900.0,561,1145195.0
6601,378300.0,0.0,0.0,-378300.0,561,766895.0
6602,333900.0,9.75,16575.0,-317325.0,561,449570.0
6603,333900.0,146.6,249220.0,-84680.0,561,364890.0
6604,334500.0,318.25,541025.0,206525.0,562,571415.0
6605,333900.0,512.3,870910.0,537010.0,562,1108425.0
6606,354420.0,689.01,1171317.0,816897.0,562,1925322.0
6607,310720.0,818.81,1391976.9999999998,1081256.9999999998,562,3006579.0
6608,313920.0,846.11,1438387.0,1124467.0,562,4131046.0
6609,358320.0,806.86,1371662.0,1013342.0,562,5144388.0
6610,410820.0,692.11,1176587.0,765767.0,562,5910155.0
6611,411540.0,515.95,877115.0,465575.0,562,6375730.0
6612,419040.0,306.55,521135.0,102095.0,562,6477825.0
6613,366540.0,100.5,170850.0,-195690.0,563,6282135.0
6614,1115540.0,0.0,0.0,-1115540.0,563,5166595.0
6615,536860.0,0.0,0.0,-536860.0,563,4629735.0
6616,409060.0,0.0,0.0,-409060.0,563,4220675.0
6617,416260.0,0.0,0.0,-416260.0,563,3804415.0
6618,428780.0,0.0,0.0,-428780.0,563,3375635.0
6619,445400.0,0.0,0.0,-445400.0,563,2930235.0
6620,437380.0,0.0,0.0,-437380.0,563,2492855.0
6621,437980.0,0.0,0.0,-437980.0,563,2054875.0
6622,418860.0,0.0,0.0,-418860.0,563,1636015.0
6623,400740.0,0.0,0.0,-400740.0,563,1235275.0
6624,368700.0,0.0,0.0,-368700.0,563,866575.0
6625,378300.0,0.0,0.0,-378300.0,563,488275.0
6626,333900.0,8.8,14960.0,-318940.0,563,169335.0
6627,333900.0,129.7,220489.99999999997,-113410.00000000003,563,55924.99999999997
6628,334500.0,304.9,518330.0,183830.0,564,239754.99999999997
6629,333900.0,538.7,915790.0000000001,581890.0000000001,564,821645.0000000001
6630,354420.0,702.66,1194522.0,840102.0,564,1661747.0
6631,310720.0,782.41,1330096.9999999998,1019376.9999999998,564,2681124.0
6632,313920.0,846.26,1438642.0,1124722.0,564,3805846.0
6633,358320.0,799.51,1359167.0,1000847.0,564,4806693.0
6634,410820.0,686.06,1166301.9999999998,755481.9999999998,564,5562175.0
6635,411540.0,508.35,864194.9999999999,452654.9999999999,564,6014830.0
6636,419040.0,301.25,512125.0,93085.0,564,6107915.0
6637,366540.0,97.1,165069.99999999997,-201470.00000000003,565,5906445.0
6638,1115540.0,0.0,0.0,-1115540.0,565,4790905.0
6639,536860.0,0.0,0.0,-536860.0,565,4254045.0
6640,409060.0,0.0,0.0,-409060.0,565,3844985.0
6641,416260.0,0.0,0.0,-416260.0,565,3428725.0
6642,428780.0,0.0,0.0,-428780.0,565,2999945.0
6643,445400.0,0.0,0.0,-445400.0,565,2554545.0
6644,437380.0,0.0,0.0,-437380.0,565,2117165.0
6645,437980.0,0.0,0.0,-437980.0,565,1679185.0
6646,418860.0,0.0,0.0,-418860.0,565,1260325.0
6647,400740.0,0.0,0.0,-400740.0,565,859585.0
6648,368700.0,0.0,0.0,-368700.0,565,490885.0
6649,324500.0,0.0,0.0,-324500.0,565,166385.0
6650,324500.0,9.7,16489.999999999996,-308010.0,565,0.0
6651,335000.0,124.8,212160.0,-122840.0,565,0.0
6652,344600.0,336.2,571540.0,226940.0,566,226940.0
6653,344000.0,525.7,893690.0,549690.0,566,776630.0
6654,364520.0,701.76,1192991.9999999998,828471.9999999998,566,1605101.9999999998
6655,360980.0,793.81,1349476.9999999998,988496.9999999998,566,2593598.9999999995
6656,364780.0,843.06,1433201.9999999998,1068421.9999999998,566,3662020.999999999
6657,364780.0,789.46,1342082.0,977302.0,566,4639322.999999999
6658,364780.0,682.36,1160012.0,795232.0,566,5434554.999999999
6659,364900.0,508.6,864620.0000000001,499720.0000000001,566,5934274.999999999
6660,363435.0,298.9,508130.0,144695.0,566,6078969.999999999
6661,311500.0,95.35,162094.99999999997,-149405.00000000003,567,5929564.999999999
6662,356000.0,0.0,0.0,-356000.0,567,5573564.999999999
6663,366390.0,0.0,0.0,-366390.0,567,5207174.999999999
6664,961090.0,0.0,0.0,-961090.0,567,4246084.999999999
6665,427360.0,0.0,0.0,-427360.0,567,3818724.999999999
6666,439480.0,0.0,0.0,-439480.0,567,3379244.999999999
6667,456100.0,0.0,0.0,-456100.0,567,2923144.999999999
6668,448080.0,0.0,0.0,-448080.0,567,2475064.999999999
6669,438180.0,0.0,0.0,-438180.0,567,2036884.999999999
6670,410960.0,0.0,0.0,-410960.0,567,1625924.999999999
6671,346940.0,0.0,0.0,-346940.0,567,1278984.999999999
6672,314900.0,0.0,0.0,-314900.0,567,964084.9999999991
6673,324500.0,0.0,0.0,-324500.0,567,639584.9999999991
6674,324500.0,9.9,16830.0,-307670.0,567,331914.99999999907
6675,335000.0,137.55,233835.0,-101165.0,567,230749.99999999907
6676,344600.0,349.0,593300.0,248700.0,568,479449.99999999907
6677,344000.0,539.11,916487.0,572487.0,568,1051936.999999999
6678,364520.0,695.66,1182622.0,818102.0,568,1870038.999999999
6679,360980.0,759.21,1290657.0,929677.0,568,2799715.999999999
6680,364780.0,815.96,1387132.0,1022352.0,568,3822067.999999999
6681,364780.0,769.76,1308592.0,943812.0,568,4765879.999999999
6682,364780.0,674.96,1147432.0,782652.0,568,5548531.999999999
6683,364900.0,506.7,861390.0000000001,496490.0000000001,568,6045021.999999999
6684,363435.0,295.85,502945.0,139510.0,568,6184531.999999999
6685,311500.0,92.15,156655.00000000003,-154844.99999999997,569,6029686.999999999
6686,356000.0,0.0,0.0,-356000.0,569,5673686.999999999
6687,366390.0,0.0,0.0,-366390.0,569,5307296.999999999
6688,961090.0,0.0,0.0,-961090.0,569,4346206.999999999
6689,427360.0,0.0,0.0,-427360.0,569,3918846.999999999
6690,439480.0,0.0,0.0,-439480.0,569,3479366.999999999
6691,456100.0,0.0,0.0,-456100.0,569,3023266.999999999
6692,448080.0,0.0,0.0,-448080.0,569,2575186.999999999
6693,438180.0,0.0,0.0,-438180.0,569,2137006.999999999
6694,410960.0,0.0,0.0,-410960.0,569,1726046.999999999
6695,346940.0,0.0,0.0,-346940.0,569,1379106.999999999
6696,314900.0,0.0,0.0,-314900.0,569,1064206.999999999
6697,324500.0,0.0,0.0,-324500.0,569,739706.9999999991
6698,324500.0,9.4,15980.0,-308520.0,569,431186.99999999907
6699,335000.0,126.8,215560.0,-119440.0,569,311746.99999999907
6700,344600.0,300.9,511530.0,166930.0,570,478676.99999999907
6701,344000.0,522.55,888334.9999999999,544334.9999999999,570,1023011.999999999
6702,364520.0,696.96,1184832.0,820312.0,570,1843323.999999999
6703,360980.0,775.51,1318367.0,957387.0,570,2800710.999999999
6704,364780.0,830.11,1411187.0,1046407.0,570,3847117.999999999
6705,364780.0,786.36,1336812.0000000002,972032.0000000002,570,4819149.999999999
6706,364780.0,673.26,1144542.0,779762.0,570,5598911.999999999
6707,364900.0,498.75,847875.0,482975.0,570,6081886.999999999
6708,363435.0,289.0,491300.0,127865.0,570,6209751.999999999
6709,311500.0,88.35,150195.0,-161305.0,571,6048446.999999999
6710,356000.0,0.0,0.0,-356000.0,571,5692446.999999999
6711,366390.0,0.0,0.0,-366390.0,571,5326056.999999999
6712,961090.0,0.0,0.0,-961090.0,571,4364966.999999999
6713,427360.0,0.0,0.0,-427360.0,571,3937606.999999999
6714,439480.0,0.0,0.0,-439480.0,571,3498126.999999999
6715,456100.0,0.0,0.0,-456100.0,571,3042026.999999999
6716,448080.0,0.0,0.0,-448080.0,571,2593946.999999999
6717,438180.0,0.0,0.0,-438180.0,571,2155766.999999999
6718,410960.0,0.0,0.0,-410960.0,571,1744806.999999999
6719,346940.0,0.0,0.0,-346940.0,571,1397866.999999999
6720,314900.0,0.0,0.0,-314900.0,571,1082966.999999999
6721,324500.0,0.0,0.0,-324500.0,571,758466.9999999991
6722,324500.0,9.0,15300.0,-309200.0,571,449266.99999999907
6723,335000.0,133.05,226185.0,-108815.0,571,340451.99999999907
6724,344600.0,323.35,549695.0,205095.0,572,545546.9999999991
6725,344000.0,526.55,895135.0,551135.0,572,1096681.999999999
6726,364520.0,699.66,1189422.0,824902.0,572,1921583.999999999
6727,360980.0,796.71,1354407.0,993427.0,572,2915010.999999999
6728,364780.0,809.51,1376167.0,1011387.0,572,3926397.999999999
6729,364780.0,777.76,1322192.0,957412.0,572,4883809.999999999
6730,364780.0,663.41,1127797.0,763017.0,572,5646826.999999999
6731,364900.0,491.05,834785.0,469885.0,572,6116711.999999999
6732,363435.0,283.2,481440.0,118005.0,572,6234716.999999999
6733,311500.0,85.3,145010.0,-166490.0,573,6068226.999999999
6734,356000.0,0.0,0.0,-356000.0,573,5712226.999999999
6735,366390.0,0.0,0.0,-366390.0,573,5345836.999999999
6736,961090.0,0.0,0.0,-961090.0,573,4384746.999999999
6737,427360.0,0.0,0.0,-427360.0,573,3957386.999999999
6738,439480.0,0.0,0.0,-439480.0,573,3517906.999999999
6739,456100.0,0.0,0.0,-456100.0,573,3061806.999999999
6740,448080.0,0.0,0.0,-448080.0,573,2613726.999999999
6741,438180.0,0.0,0.0,-438180.0,573,2175546.999999999
6742,410960.0,0.0,0.0,-410960.0,573,1764586.999999999
6743,346940.0,0.0,0.0,-346940.0,573,1417646.999999999
6744,314900.0,0.0,0.0,-314900.0,573,1102746.999999999
6745,324500.0,0.0,0.0,-324500.0,573,778246.9999999991
6746,324500.0,0.0,0.0,-324500.0,573,453746.99999999907
6747,335000.0,125.0,212500.0,-122500.0,573,331246.99999999907
6748,344600.0,325.75,553775.0,209175.0,574,540421.9999999991
6749,344000.0,547.81,931276.9999999998,587276.9999999998,574,1127698.9999999988
6750,364520.0,691.86,1176162.0,811642.0,574,1939340.9999999988
6751,360980.0,784.36,1333412.0,972432.0,574,2911772.999999999
6752,364780.0,818.11,1390787.0,1026007.0,574,3937779.999999999
6753,364780.0,768.71,1306807.0,942027.0,574,4879806.999999999
6754,364780.0,657.51,1117767.0,752987.0,574,5632793.999999999
6755,364900.0,475.15,807754.9999999999,442854.9999999999,574,6075648.999999999
6756,363435.0,276.25,469625.0,106190.0,574,6181838.999999999
6757,311500.0,81.8,139060.0,-172440.0,575,6009398.999999999
6758,356000.0,0.0,0.0,-356000.0,575,5653398.999999999
6759,366390.0,0.0,0.0,-366390.0,575,5287008.999999999
6760,961090.0,0.0,0.0,-961090.0,575,4325918.999999999
6761,427360.0,0.0,0.0,-427360.0,575,3898558.999999999
6762,439480.0,0.0,0.0,-439480.0,575,3459078.999999999
6763,456100.0,0.0,0.0,-456100.0,575,3002978.999999999
6764,448080.0,0.0,0.0,-448080.0,575,2554898.999999999
6765,438180.0,0.0,0.0,-438180.0,575,2116718.999999999
6766,410960.0,0.0,0.0,-410960.0,575,1705758.999999999
6767,346940.0,0.0,0.0,-346940.0,575,1358818.999999999
6768,314900.0,0.0,0.0,-314900.0,575,1043918.9999999991
6769,378300.0,0.0,0.0,-378300.0,575,665618.9999999991
6770,333900.0,0.0,0.0,-333900.0,575,331718.99999999907
6771,333900.0,143.7,244290.0,-89610.0,575,242108.99999999907
6772,334500.0,355.35,604095.0,269595.0,576,511703.99999999907
6773,333900.0,554.46,942582.0000000001,608682.0000000001,576,1120385.999999999
6774,354420.0,709.96,1206932.0,852512.0,576,1972897.999999999
6775,310720.0,806.41,1370897.0,1060177.0,576,3033074.999999999
6776,313920.0,829.16,1409572.0,1095652.0,576,4128726.999999999
6777,358320.0,779.46,1325082.0,966762.0,576,5095488.999999999
6778,410820.0,662.41,1126097.0,715277.0,576,5810765.999999999
6779,411540.0,469.45,798065.0,386525.0,576,6197290.999999999
6780,419040.0,232.05,394485.0,-24555.0,577,6172735.999999999
6781,366540.0,75.85,128945.0,-237595.0,577,5935140.999999999
6782,1115540.0,0.0,0.0,-1115540.0,577,4819600.999999999
6783,536860.0,0.0,0.0,-536860.0,577,4282740.999999999
6784,409060.0,0.0,0.0,-409060.0,577,3873680.999999999
6785,416260.0,0.0,0.0,-416260.0,577,3457420.999999999
6786,428780.0,0.0,0.0,-428780.0,577,3028640.999999999
6787,445400.0,0.0,0.0,-445400.0,577,2583240.999999999
6788,437380.0,0.0,0.0,-437380.0,577,2145860.999999999
6789,437980.0,0.0,0.0,-437980.0,577,1707880.999999999
6790,418860.0,0.0,0.0,-418860.0,577,1289020.999999999
6791,400740.0,0.0,0.0,-400740.0,577,888280.9999999991
6792,368700.0,0.0,0.0,-368700.0,577,519580.99999999907
6793,378300.0,0.0,0.0,-378300.0,577,141280.99999999907
6794,333900.0,0.0,0.0,-333900.0,577,0.0
6795,333900.0,143.0,243100.0,-90800.0,577,0.0
6796,334500.0,341.95,581315.0,246815.0,578,246815.0
6797,333900.0,561.76,954992.0,621092.0,578,867907.0
6798,354420.0,720.36,1224612.0,870192.0,578,1738099.0
6799,310720.0,815.86,1386962.0,1076242.0,578,2814341.0
6800,313920.0,840.86,1429462.0,1115542.0,578,3929883.0
6801,358320.0,790.66,1344121.9999999998,985801.9999999998,578,4915685.0
6802,410820.0,670.71,1140207.0,729387.0,578,5645072.0
6803,411540.0,493.76,839392.0,427852.0,578,6072924.0
6804,419040.0,281.7,478890.0,59850.0,578,6132774.0
6805,366540.0,80.15,136255.0,-230285.0,579,5902489.0
6806,1115540.0,0.0,0.0,-1115540.0,579,4786949.0
6807,536860.0,0.0,0.0,-536860.0,579,4250089.0
6808,409060.0,0.0,0.0,-409060.0,579,3841029.0
6809,416260.0,0.0,0.0,-416260.0,579,3424769.0
6810,428780.0,0.0,0.0,-428780.0,579,2995989.0
6811,445400.0,0.0,0.0,-445400.0,579,2550589.0
6812,437380.0,0.0,0.0,-437380.0,579,2113209.0
6813,437980.0,0.0,0.0,-437980.0,579,1675229.0
6814,418860.0,0.0,0.0,-418860.0,579,1256369.0
6815,400740.0,0.0,0.0,-400740.0,579,855629.0
6816,368700.0,0.0,0.0,-368700.0,579,486929.0
6817,324500.0,0.0,0.0,-324500.0,579,162429.0
6818,324500.0,0.0,0.0,-324500.0,579,0.0
6819,335000.0,149.5,254150.0,-80850.0,579,0.0
6820,344600.0,364.0,618800.0,274200.0,580,274200.0
6821,344000.0,567.66,965022.0,621022.0,580,895222.0
6822,364520.0,728.26,1238042.0,873522.0,580,1768744.0
6823,360980.0,823.31,1399627.0,1038647.0,580,2807391.0
6824,364780.0,847.81,1441277.0,1076497.0,580,3883888.0
6825,364780.0,797.91,1356447.0,991667.0,580,4875555.0
6826,364780.0,677.66,1152021.9999999998,787241.9999999998,580,5662797.0
6827,364900.0,499.86,849762.0,484862.0,580,6147659.0
6828,363435.0,285.65,485604.9999999999,122169.99999999988,580,6269829.0
6829,311500.0,80.15,136255.0,-175245.0,581,6094584.0
6830,356000.0,0.0,0.0,-356000.0,581,5738584.0
6831,366390.0,0.0,0.0,-366390.0,581,5372194.0
6832,961090.0,0.0,0.0,-961090.0,581,4411104.0
6833,427360.0,0.0,0.0,-427360.0,581,3983744.0
6834,439480.0,0.0,0.0,-439480.0,581,3544264.0
6835,456100.0,0.0,0.0,-456100.0,581,3088164.0
6836,448080.0,0.0,0.0,-448080.0,581,2640084.0
6837,438180.0,0.0,0.0,-438180.0,581,2201904.0
6838,410960.0,0.0,0.0,-410960.0,581,1790944.0
6839,346940.0,0.0,0.0,-346940.0,581,1444004.0
6840,314900.0,0.0,0.0,-314900.0,581,1129104.0
6841,324500.0,0.0,0.0,-324500.0,581,804604.0
6842,324500.0,0.0,0.0,-324500.0,581,480104.0
6843,335000.0,155.05,263585.00000000006,-71414.99999999994,581,408689.00000000006
6844,344600.0,376.05,639285.0,294685.0,582,703374.0
6845,344000.0,582.11,989587.0,645587.0,582,1348961.0
6846,364520.0,739.91,1257847.0,893327.0,582,2242288.0
6847,360980.0,832.71,1415607.0000000002,1054627.0000000002,582,3296915.0
6848,364780.0,854.16,1452071.9999999998,1087291.9999999998,582,4384207.0
6849,364780.0,801.61,1362737.0,997957.0,582,5382164.0
6850,364780.0,679.31,1154827.0,790047.0,582,6172211.0
6851,364900.0,499.21,848657.0,483757.0,582,6655968.0
6852,363435.0,283.3,481610.0,118175.0,582,6774143.0
6853,311500.0,77.85,132344.99999999997,-179155.00000000003,583,6594988.0
6854,356000.0,0.0,0.0,-356000.0,583,6238988.0
6855,366390.0,0.0,0.0,-366390.0,583,5872598.0
6856,961090.0,0.0,0.0,-961090.0,583,4911508.0
6857,427360.0,0.0,0.0,-427360.0,583,4484148.0
6858,439480.0,0.0,0.0,-439480.0,583,4044668.0
6859,456100.0,0.0,0.0,-456100.0,583,3588568.0
6860,448080.0,0.0,0.0,-448080.0,583,3140488.0
6861,438180.0,0.0,0.0,-438180.0,583,2702308.0
6862,410960.0,0.0,0.0,-410960.0,583,2291348.0
6863,346940.0,0.0,0.0,-346940.0,583,1944408.0
6864,314900.0,0.0,0.0,-314900.0,583,1629508.0
6865,324500.0,0.0,0.0,-324500.0,583,1305008.0
6866,324500.0,0.0,0.0,-324500.0,583,980508.0
6867,335000.0,151.7,257890.0,-77110.0,583,903398.0
6868,344600.0,370.9,630529.9999999999,285929.9999999999,584,1189328.0
6869,344000.0,576.81,980576.9999999998,636576.9999999998,584,1825904.9999999998
6870,364520.0,736.56,1252152.0,887632.0,584,2713537.0
6871,360980.0,831.56,1413652.0,1052672.0,584,3766209.0
6872,364780.0,854.11,1451987.0,1087207.0,584,4853416.0
6873,364780.0,801.76,1362992.0,998212.0,584,5851628.0
6874,364780.0,679.36,1154912.0,790132.0,584,6641760.0
6875,364900.0,499.11,848487.0,483587.0,584,7125347.0
6876,363435.0,282.2,479740.0,116305.0,584,7241652.0
6877,311500.0,75.9,129030.00000000001,-182470.0,585,7059182.0
6878,356000.0,0.0,0.0,-356000.0,585,6703182.0
6879,366390.0,0.0,0.0,-366390.0,585,6336792.0
6880,961090.0,0.0,0.0,-961090.0,585,5375702.0
6881,427360.0,0.0,0.0,-427360.0,585,4948342.0
6882,439480.0,0.0,0.0,-439480.0,585,4508862.0
6883,456100.0,0.0,0.0,-456100.0,585,4052762.0
6884,448080.0,0.0,0.0,-448080.0,585,3604682.0
6885,438180.0,0.0,0.0,-438180.0,585,3166502.0
6886,410960.0,0.0,0.0,-410960.0,585,2755542.0
6887,346940.0,0.0,0.0,-346940.0,585,2408602.0
6888,314900.0,0.0,0.0,-314900.0,585,2093702.0
6889,324500.0,0.0,0.0,-324500.0,585,1769202.0
6890,324500.0,0.0,0.0,-324500.0,585,1444702.0
6891,335000.0,149.95,254915.0,-80085.0,585,1364617.0
6892,344600.0,368.35,626195.0,281595.0,586,1646212.0
6893,344000.0,574.31,976327.0,632327.0,586,2278539.0
6894,364520.0,732.96,1246032.0,881512.0,586,3160051.0
6895,360980.0,826.26,1404642.0,1043662.0,586,4203713.0
6896,364780.0,846.71,1439407.0000000002,1074627.0000000002,586,5278340.0
6897,364780.0,793.46,1348882.0,984102.0,586,6262442.0
6898,364780.0,672.61,1143437.0,778657.0,586,7041099.0
6899,364900.0,490.91,834547.0,469647.0,586,7510746.0
6900,363435.0,275.15,467754.9999999999,104319.99999999988,586,7615066.0
6901,311500.0,71.9,122230.0,-189270.0,587,7425796.0
6902,356000.0,0.0,0.0,-356000.0,587,7069796.0
6903,366390.0,0.0,0.0,-366390.0,587,6703406.0
6904,961090.0,0.0,0.0,-961090.0,587,5742316.0
6905,427360.0,0.0,0.0,-427360.0,587,5314956.0
6906,439480.0,0.0,0.0,-439480.0,587,4875476.0
6907,456100.0,0.0,0.0,-456100.0,587,4419376.0
6908,448080.0,0.0,0.0,-448080.0,587,3971296.0
6909,438180.0,0.0,0.0,-438180.0,587,3533116.0
6910,410960.0,0.0,0.0,-410960.0,587,3122156.0
6911,346940.0,0.0,0.0,-346940.0,587,2775216.0
6912,314900.0,0.0,0.0,-314900.0,587,2460316.0
6913,324500.0,0.0,0.0,-324500.0,587,2135816.0
6914,324500.0,0.0,0.0,-324500.0,587,1811316.0
6915,335000.0,147.05,249985.0,-85015.0,587,1726301.0
6916,344600.0,361.4,614380.0,269780.0,588,1996081.0
6917,344000.0,565.31,961027.0,617027.0,588,2613108.0
6918,364520.0,723.66,1230222.0,865702.0,588,3478810.0
6919,360980.0,816.56,1388152.0,1027172.0,588,4505982.0
6920,364780.0,834.96,1419432.0,1054652.0,588,5560634.0
6921,364780.0,782.41,1330096.9999999998,965316.9999999998,588,6525951.0
6922,364780.0,661.16,1123972.0,759192.0,588,7285143.0
6923,364900.0,485.31,825027.0,460127.0,588,7745270.0
6924,363435.0,272.1,462570.0,99135.0,588,7844405.0
6925,311500.0,70.75,120275.0,-191225.0,589,7653180.0
6926,356000.0,0.0,0.0,-356000.0,589,7297180.0
6927,366390.0,0.0,0.0,-366390.0,589,6930790.0
6928,961090.0,0.0,0.0,-961090.0,589,5969700.0
6929,427360.0,0.0,0.0,-427360.0,589,5542340.0
6930,439480.0,0.0,0.0,-439480.0,589,5102860.0
6931,456100.0,0.0,0.0,-456100.0,589,4646760.0
6932,448080.0,0.0,0.0,-448080.0,589,4198680.0
6933,438180.0,0.0,0.0,-438180.0,589,3760500.0
6934,410960.0,0.0,0.0,-410960.0,589,3349540.0
6935,346940.0,0.0,0.0,-346940.0,589,3002600.0
6936,314900.0,0.0,0.0,-314900.0,589,2687700.0
6937,378300.0,0.0,0.0,-378300.0,589,2309400.0
6938,333900.0,0.0,0.0,-333900.0,589,1975500.0
6939,333900.0,137.15,233155.0,-100745.0,589,1874755.0
6940,334500.0,321.6,546720.0,212220.0,590,2086975.0
6941,333900.0,519.11,882486.9999999999,548586.9999999999,590,2635562.0
6942,354420.0,665.01,1130517.0,776097.0,590,3411659.0
6943,310720.0,768.01,1305617.0,994897.0,590,4406556.0
6944,313920.0,790.91,1344547.0,1030627.0,590,5437183.0
6945,358320.0,724.81,1232177.0,873857.0,590,6311040.0
6946,410820.0,644.16,1095072.0,684252.0,590,6995292.0
6947,411540.0,458.26,779042.0,367502.0,590,7362794.0
6948,419040.0,250.75,426274.99999999994,7234.999999999942,590,7370029.0
6949,366540.0,63.45,107865.00000000001,-258675.0,591,7111354.0
6950,1115540.0,0.0,0.0,-1115540.0,591,5995814.0
6951,536860.0,0.0,0.0,-536860.0,591,5458954.0
6952,409060.0,0.0,0.0,-409060.0,591,5049894.0
6953,416260.0,0.0,0.0,-416260.0,591,4633634.0
6954,428780.0,0.0,0.0,-428780.0,591,4204854.0
6955,445400.0,0.0,0.0,-445400.0,591,3759454.0
6956,437380.0,0.0,0.0,-437380.0,591,3322074.0
6957,437980.0,0.0,0.0,-437980.0,591,2884094.0
6958,418860.0,0.0,0.0,-418860.0,591,2465234.0
6959,400740.0,0.0,0.0,-400740.0,591,2064494.0
6960,368700.0,0.0,0.0,-368700.0,591,1695794.0
6961,378300.0,0.0,0.0,-378300.0,591,1317494.0
6962,333900.0,0.0,0.0,-333900.0,591,983594.0
6963,333900.0,83.1,141270.0,-192630.0,591,790964.0
6964,334500.0,189.6,322320.0,-12180.0,591,778784.0
6965,333900.0,357.5,607750.0,273850.0,592,1052634.0
6966,354420.0,490.6,834020.0000000001,479600.0000000001,592,1532234.0
6967,310720.0,709.51,1206167.0,895447.0,592,2427681.0
6968,313920.0,699.41,1188997.0,875077.0,592,3302758.0
6969,358320.0,660.91,1123547.0,765227.0,592,4067985.0
6970,410820.0,453.75,771375.0,360555.0,592,4428540.0
6971,411540.0,268.45,456364.9999999999,44824.99999999988,592,4473365.0
6972,419040.0,140.8,239360.0,-179680.0,593,4293685.0
6973,366540.0,36.1,61370.0,-305170.0,593,3988515.0
6974,1115540.0,0.0,0.0,-1115540.0,593,2872975.0
6975,536860.0,0.0,0.0,-536860.0,593,2336115.0
6976,409060.0,0.0,0.0,-409060.0,593,1927055.0
6977,416260.0,0.0,0.0,-416260.0,593,1510795.0
6978,428780.0,0.0,0.0,-428780.0,593,1082015.0
6979,445400.0,0.0,0.0,-445400.0,593,636615.0
6980,437380.0,0.0,0.0,-437380.0,593,199235.0
6981,437980.0,0.0,0.0,-437980.0,593,0.0
6982,418860.0,0.0,0.0,-418860.0,593,0.0
6983,400740.0,0.0,0.0,-400740.0,593,0.0
6984,368700.0,0.0,0.0,-368700.0,593,0.0
6985,324500.0,0.0,0.0,-324500.0,593,0.0
6986,324500.0,0.0,0.0,-324500.0,593,0.0
6987,335000.0,131.1,222870.0,-112130.0,593,0.0
6988,344600.0,318.8,541960.0,197360.0,594,197360.0
6989,344000.0,518.56,881551.9999999998,537551.9999999998,594,734911.9999999998
6990,364520.0,673.11,1144287.0,779767.0,594,1514678.9999999998
6991,360980.0,774.81,1317177.0,956197.0,594,2470876.0
6992,364780.0,784.51,1333667.0,968887.0,594,3439763.0
6993,364780.0,738.31,1255126.9999999998,890346.9999999998,594,4330110.0
6994,364780.0,627.56,1066851.9999999998,702071.9999999998,594,5032182.0
6995,364900.0,453.26,770542.0,405642.0,594,5437824.0
6996,363435.0,249.2,423639.99999999994,60204.99999999994,594,5498029.0
6997,311500.0,59.7,101490.0,-210010.0,595,5288019.0
6998,356000.0,0.0,0.0,-356000.0,595,4932019.0
6999,366390.0,0.0,0.0,-366390.0,595,4565629.0
7000,961090.0,0.0,0.0,-961090.0,595,3604539.0
7001,427360.0,0.0,0.0,-427360.0,595,3177179.0
7002,439480.0,0.0,0.0,-439480.0,595,2737699.0
7003,456100.0,0.0,0.0,-456100.0,595,2281599.0
7004,448080.0,0.0,0.0,-448080.0,595,1833519.0
7005,438180.0,0.0,0.0,-438180.0,595,1395339.0
7006,410960.0,0.0,0.0,-410960.0,595,984379.0
7007,346940.0,0.0,0.0,-346940.0,595,637439.0
7008,314900.0,0.0,0.0,-314900.0,595,322539.0
7009,324500.0,0.0,0.0,-324500.0,595,0.0
7010,324500.0,0.0,0.0,-324500.0,595,0.0
7011,335000.0,135.9,231030.0,-103970.0,595,0.0
7012,344600.0,345.65,587604.9999999999,243004.99999999988,596,243004.99999999988
7013,344000.0,542.91,922947.0,578947.0,596,821951.9999999999
7014,364520.0,696.11,1183387.0,818867.0,596,1640819.0
7015,360980.0,793.06,1348202.0,987222.0,596,2628041.0
7016,364780.0,815.21,1385857.0,1021077.0,596,3649118.0
7017,364780.0,764.26,1299241.9999999998,934461.9999999998,596,4583580.0
7018,364780.0,646.71,1099407.0,734627.0,596,5318207.0
7019,364900.0,469.01,797317.0,432417.0,596,5750624.0
7020,363435.0,257.85,438345.00000000006,74910.00000000006,596,5825534.0
7021,311500.0,61.45,104465.00000000001,-207035.0,597,5618499.0
7022,356000.0,0.0,0.0,-356000.0,597,5262499.0
7023,366390.0,0.0,0.0,-366390.0,597,4896109.0
7024,961090.0,0.0,0.0,-961090.0,597,3935019.0
7025,427360.0,0.0,0.0,-427360.0,597,3507659.0
7026,439480.0,0.0,0.0,-439480.0,597,3068179.0
7027,456100.0,0.0,0.0,-456100.0,597,2612079.0
7028,448080.0,0.0,0.0,-448080.0,597,2163999.0
7029,438180.0,0.0,0.0,-438180.0,597,1725819.0
7030,410960.0,0.0,0.0,-410960.0,597,1314859.0
7031,346940.0,0.0,0.0,-346940.0,597,967919.0
7032,314900.0,0.0,0.0,-314900.0,597,653019.0
7033,324500.0,0.0,0.0,-324500.0,597,328519.0
7034,324500.0,0.0,0.0,-324500.0,597,4019.0
7035,335000.0,144.05,244885.0,-90115.0,597,0.0
7036,344600.0,363.21,617457.0,272857.0,598,272857.0
7037,344000.0,568.81,966976.9999999998,622976.9999999998,598,895833.9999999998
7038,364520.0,727.21,1236257.0,871737.0,598,1767570.9999999998
7039,360980.0,825.51,1403367.0,1042387.0,598,2809958.0
7040,364780.0,846.51,1439067.0,1074287.0,598,3884245.0
7041,364780.0,792.86,1347862.0,983082.0,598,4867327.0
7042,364780.0,669.26,1137742.0,772962.0,598,5640289.0
7043,364900.0,487.21,828257.0,463357.0,598,6103646.0
7044,363435.0,268.2,455940.0,92505.0,598,6196151.0
7045,311500.0,63.15,107355.0,-204145.0,599,5992006.0
7046,356000.0,0.0,0.0,-356000.0,599,5636006.0
7047,366390.0,0.0,0.0,-366390.0,599,5269616.0
7048,961090.0,0.0,0.0,-961090.0,599,4308526.0
7049,427360.0,0.0,0.0,-427360.0,599,3881166.0
7050,439480.0,0.0,0.0,-439480.0,599,3441686.0
7051,456100.0,0.0,0.0,-456100.0,599,2985586.0
7052,448080.0,0.0,0.0,-448080.0,599,2537506.0
7053,438180.0,0.0,0.0,-438180.0,599,2099326.0
7054,410960.0,0.0,0.0,-410960.0,599,1688366.0
7055,346940.0,0.0,0.0,-346940.0,599,1341426.0
7056,314900.0,0.0,0.0,-314900.0,599,1026526.0
7057,324500.0,0.0,0.0,-324500.0,599,702026.0
7058,324500.0,0.0,0.0,-324500.0,599,377526.0
7059,335000.0,142.9,242930.0,-92070.0,599,285456.0
7060,344600.0,362.56,616352.0,271752.0,600,557208.0
7061,344000.0,568.56,966552.0,622552.0,600,1179760.0
7062,364520.0,727.36,1236512.0,871992.0,600,2051752.0
7063,360980.0,817.21,1389257.0,1028277.0,600,3080029.0
7064,364780.0,837.71,1424107.0000000002,1059327.0000000002,600,4139356.0
7065,364780.0,783.41,1331796.9999999998,967016.9999999998,600,5106373.0
7066,364780.0,659.36,1120912.0,756132.0,600,5862505.0
7067,364900.0,477.61,811937.0000000001,447037.0000000001,600,6309542.0
7068,363435.0,260.35,442595.00000000006,79160.00000000006,600,6388702.0
7069,311500.0,53.12,90304.0,-221196.0,601,6167506.0
7070,356000.0,0.0,0.0,-356000.0,601,5811506.0
7071,366390.0,0.0,0.0,-366390.0,601,5445116.0
7072,961090.0,0.0,0.0,-961090.0,601,4484026.0
7073,427360.0,0.0,0.0,-427360.0,601,4056666.0
7074,439480.0,0.0,0.0,-439480.0,601,3617186.0
7075,456100.0,0.0,0.0,-456100.0,601,3161086.0
7076,448080.0,0.0,0.0,-448080.0,601,2713006.0
7077,438180.0,0.0,0.0,-438180.0,601,2274826.0
7078,410960.0,0.0,0.0,-410960.0,601,1863866.0
7079,346940.0,0.0,0.0,-346940.0,601,1516926.0
7080,314900.0,0.0,0.0,-314900.0,601,1202026.0
7081,324500.0,0.0,0.0,-324500.0,601,877526.0
7082,324500.0,0.0,0.0,-324500.0,601,553026.0
7083,335000.0,140.55,238935.0,-96065.0,601,456961.0
7084,344600.0,359.26,610741.9999999999,266141.9999999999,602,723102.9999999999
7085,344000.0,564.66,959921.9999999998,615921.9999999998,602,1339024.9999999995
7086,364520.0,723.11,1229287.0,864767.0,602,2203791.9999999995
7087,360980.0,814.01,1383817.0,1022837.0,602,3226628.9999999995
7088,364780.0,833.66,1417222.0,1052442.0,602,4279071.0
7089,364780.0,779.06,1324402.0,959622.0,602,5238693.0
7090,364780.0,654.96,1113432.0,748652.0,602,5987345.0
7091,364900.0,473.51,804967.0,440067.0,602,6427412.0
7092,363435.0,257.15,437155.0,73720.0,602,6501132.0
7093,311500.0,51.46,87482.0,-224018.0,603,6277114.0
7094,356000.0,0.0,0.0,-356000.0,603,5921114.0
7095,366390.0,0.0,0.0,-366390.0,603,5554724.0
7096,961090.0,0.0,0.0,-961090.0,603,4593634.0
7097,427360.0,0.0,0.0,-427360.0,603,4166274.0
7098,439480.0,0.0,0.0,-439480.0,603,3726794.0
7099,456100.0,0.0,0.0,-456100.0,603,3270694.0
7100,448080.0,0.0,0.0,-448080.0,603,2822614.0
7101,438180.0,0.0,0.0,-438180.0,603,2384434.0
7102,410960.0,0.0,0.0,-410960.0,603,1973474.0
7103,346940.0,0.0,0.0,-346940.0,603,1626534.0
7104,314900.0,0.0,0.0,-314900.0,603,1311634.0
7105,378300.0,0.0,0.0,-378300.0,603,933334.0
7106,333900.0,0.0,0.0,-333900.0,603,599434.0
7107,333900.0,135.55,230435.0,-103465.0,603,495969.0
7108,334500.0,350.01,595017.0,260517.0,604,756486.0
7109,333900.0,552.61,939437.0,605537.0,604,1362023.0
7110,354420.0,709.16,1205572.0,851152.0,604,2213175.0
7111,310720.0,808.16,1373872.0,1063152.0,604,3276327.0
7112,313920.0,829.61,1410337.0,1096417.0,604,4372744.0
7113,358320.0,775.86,1318962.0,960642.0,604,5333386.0
7114,410820.0,652.31,1108927.0,698107.0,604,6031493.0
7115,411540.0,471.36,801312.0,389772.0,604,6421265.0
7116,419040.0,255.05,433585.0,14545.0,604,6435810.0
7117,366540.0,50.08,85136.0,-281404.0,605,6154406.0
7118,1115540.0,0.0,0.0,-1115540.0,605,5038866.0
7119,536860.0,0.0,0.0,-536860.0,605,4502006.0
7120,409060.0,0.0,0.0,-409060.0,605,4092946.0
7121,416260.0,0.0,0.0,-416260.0,605,3676686.0
7122,428780.0,0.0,0.0,-428780.0,605,3247906.0
7123,445400.0,0.0,0.0,-445400.0,605,2802506.0
7124,437380.0,0.0,0.0,-437380.0,605,2365126.0
7125,437980.0,0.0,0.0,-437980.0,605,1927146.0
7126,418860.0,0.0,0.0,-418860.0,605,1508286.0
7127,400740.0,0.0,0.0,-400740.0,605,1107546.0
7128,368700.0,0.0,0.0,-368700.0,605,738846.0
7129,378300.0,0.0,0.0,-378300.0,605,360546.0
7130,333900.0,0.0,0.0,-333900.0,605,26646.0
7131,333900.0,133.75,227375.0,-106525.0,605,0.0
7132,334500.0,347.16,590172.0,255672.0,606,255672.0
7133,333900.0,548.76,932892.0,598992.0,606,854664.0
7134,354420.0,704.56,1197752.0,843332.0,606,1697996.0
7135,310720.0,801.81,1363076.9999999998,1052356.9999999998,606,2750353.0
7136,313920.0,822.06,1397501.9999999998,1083581.9999999998,606,3833935.0
7137,358320.0,767.66,1305022.0,946702.0,606,4780637.0
7138,410820.0,644.31,1095326.9999999998,684506.9999999998,606,5465144.0
7139,411540.0,464.41,789497.0000000001,377957.0000000001,606,5843101.0
7140,419040.0,250.1,425170.0,6130.0,606,5849231.0
7141,366540.0,48.08,81736.0,-284804.0,607,5564427.0
7142,1115540.0,0.0,0.0,-1115540.0,607,4448887.0
7143,536860.0,0.0,0.0,-536860.0,607,3912027.0
7144,409060.0,0.0,0.0,-409060.0,607,3502967.0
7145,416260.0,0.0,0.0,-416260.0,607,3086707.0
7146,428780.0,0.0,0.0,-428780.0,607,2657927.0
7147,445400.0,0.0,0.0,-445400.0,607,2212527.0
7148,437380.0,0.0,0.0,-437380.0,607,1775147.0
7149,437980.0,0.0,0.0,-437980.0,607,1337167.0
7150,418860.0,0.0,0.0,-418860.0,607,918307.0
7151,400740.0,0.0,0.0,-400740.0,607,517567.0
7152,368700.0,0.0,0.0,-368700.0,607,148867.0
7153,324500.0,0.0,0.0,-324500.0,607,0.0
7154,324500.0,0.0,0.0,-324500.0,607,0.0
7155,335000.0,133.3,226610.0,-108390.0,607,0.0
7156,344600.0,348.21,591956.9999999999,247356.99999999988,608,247356.99999999988
7157,344000.0,551.31,937227.0,593227.0,608,840583.9999999999
7158,364520.0,708.16,1203872.0,839352.0,608,1679936.0
7159,360980.0,799.56,1359251.9999999998,998271.9999999998,608,2678208.0
7160,364780.0,819.06,1392401.9999999998,1027621.9999999998,608,3705830.0
7161,364780.0,764.46,1299582.0,934802.0,608,4640632.0
7162,364780.0,641.06,1089802.0,725022.0,608,5365654.0
7163,364900.0,460.81,783377.0,418477.0,608,5784131.0
7164,363435.0,246.25,418625.0,55190.0,608,5839321.0
7165,311500.0,46.16,78472.0,-233028.0,609,5606293.0
7166,356000.0,0.0,0.0,-356000.0,609,5250293.0
7167,366390.0,0.0,0.0,-366390.0,609,4883903.0
7168,961090.0,0.0,0.0,-961090.0,609,3922813.0
7169,427360.0,0.0,0.0,-427360.0,609,3495453.0
7170,439480.0,0.0,0.0,-439480.0,609,3055973.0
7171,456100.0,0.0,0.0,-456100.0,609,2599873.0
7172,448080.0,0.0,0.0,-448080.0,609,2151793.0
7173,438180.0,0.0,0.0,-438180.0,609,1713613.0
7174,410960.0,0.0,0.0,-410960.0,609,1302653.0
7175,346940.0,0.0,0.0,-346940.0,609,955713.0
7176,314900.0,0.0,0.0,-314900.0,609,640813.0
7177,324500.0,0.0,0.0,-324500.0,609,316313.0
7178,324500.0,0.0,0.0,-324500.0,609,0.0
7179,335000.0,131.15,222955.00000000003,-112044.99999999997,609,0.0
7180,344600.0,344.51,585667.0,241067.0,610,241067.0
7181,344000.0,546.01,928217.0,584217.0,610,825284.0
7182,364520.0,701.61,1192737.0000000002,828217.0000000002,610,1653501.0000000002
7183,360980.0,793.66,1349221.9999999998,988241.9999999998,610,2641743.0
7184,364780.0,813.61,1383137.0,1018357.0,610,3660100.0
7185,364780.0,759.41,1290996.9999999998,926216.9999999998,610,4586317.0
7186,364780.0,636.51,1082067.0,717287.0,610,5303604.0
7187,364900.0,457.01,776917.0,412017.0,610,5715621.0
7188,363435.0,243.3,413610.00000000006,50175.00000000006,610,5765796.0
7189,311500.0,44.72,76023.99999999999,-235476.0,611,5530320.0
7190,356000.0,0.0,0.0,-356000.0,611,5174320.0
7191,366390.0,0.0,0.0,-366390.0,611,4807930.0
7192,961090.0,0.0,0.0,-961090.0,611,3846840.0
7193,427360.0,0.0,0.0,-427360.0,611,3419480.0
7194,439480.0,0.0,0.0,-439480.0,611,2980000.0
7195,456100.0,0.0,0.0,-456100.0,611,2523900.0
7196,448080.0,0.0,0.0,-448080.0,611,2075820.0
7197,438180.0,0.0,0.0,-438180.0,611,1637640.0
7198,410960.0,0.0,0.0,-410960.0,611,1226680.0
7199,346940.0,0.0,0.0,-346940.0,611,879740.0
7200,314900.0,0.0,0.0,-314900.0,611,564840.0
7201,324500.0,0.0,0.0,-324500.0,611,240340.0
7202,324500.0,0.0,0.0,-324500.0,611,0.0
7203,335000.0,129.05,219385.0,-115615.0,611,0.0
7204,344600.0,341.76,580992.0,236392.0,612,236392.0
7205,344000.0,542.16,921672.0,577672.0,612,814064.0
7206,364520.0,696.01,1183217.0,818697.0,612,1632761.0
7207,360980.0,785.91,1336047.0,975067.0,612,2607828.0
7208,364780.0,804.56,1367752.0,1002972.0,612,3610800.0
7209,364780.0,749.51,1274167.0,909387.0,612,4520187.0
7210,364780.0,626.01,1064217.0,699437.0,612,5219624.0
7211,364900.0,446.76,759492.0,394592.0,612,5614216.0
7212,363435.0,235.2,399840.0,36405.0,612,5650621.0
7213,311500.0,42.18,71706.0,-239794.0,613,5410827.0
7214,356000.0,0.0,0.0,-356000.0,613,5054827.0
7215,366390.0,0.0,0.0,-366390.0,613,4688437.0
7216,961090.0,0.0,0.0,-961090.0,613,3727347.0
7217,427360.0,0.0,0.0,-427360.0,613,3299987.0
7218,439480.0,0.0,0.0,-439480.0,613,2860507.0
7219,456100.0,0.0,0.0,-456100.0,613,2404407.0
7220,448080.0,0.0,0.0,-448080.0,613,1956327.0
7221,438180.0,0.0,0.0,-438180.0,613,1518147.0
7222,410960.0,0.0,0.0,-410960.0,613,1107187.0
7223,346940.0,0.0,0.0,-346940.0,613,760247.0
7224,314900.0,0.0,0.0,-314900.0,613,445347.0
7225,324500.0,0.0,0.0,-324500.0,613,120847.0
7226,324500.0,0.0,0.0,-324500.0,613,0.0
7227,335000.0,121.15,205955.00000000003,-129044.99999999997,613,0.0
7228,344600.0,329.41,559997.0000000001,215397.00000000012,614,215397.00000000012
7229,344000.0,516.06,877301.9999999999,533301.9999999999,614,748699.0
7230,364520.0,679.06,1154402.0,789882.0,614,1538581.0
7231,360980.0,770.81,1310377.0,949397.0,614,2487978.0
7232,364780.0,791.31,1345227.0,980447.0,614,3468425.0
7233,364780.0,737.81,1254277.0,889497.0,614,4357922.0
7234,364780.0,616.31,1047726.9999999998,682946.9999999998,614,5040869.0
7235,364900.0,439.11,746487.0,381587.0,614,5422456.0
7236,363435.0,230.1,391170.0,27735.0,614,5450191.0
7237,311500.0,40.47,68799.0,-242701.0,615,5207490.0
7238,356000.0,0.0,0.0,-356000.0,615,4851490.0
7239,366390.0,0.0,0.0,-366390.0,615,4485100.0
7240,961090.0,0.0,0.0,-961090.0,615,3524010.0
7241,427360.0,0.0,0.0,-427360.0,615,3096650.0
7242,439480.0,0.0,0.0,-439480.0,615,2657170.0
7243,456100.0,0.0,0.0,-456100.0,615,2201070.0
7244,448080.0,0.0,0.0,-448080.0,615,1752990.0
7245,438180.0,0.0,0.0,-438180.0,615,1314810.0
7246,410960.0,0.0,0.0,-410960.0,615,903850.0
7247,346940.0,0.0,0.0,-346940.0,615,556910.0
7248,314900.0,0.0,0.0,-314900.0,615,242010.0
7249,324500.0,0.0,0.0,-324500.0,615,0.0
7250,324500.0,0.0,0.0,-324500.0,615,0.0
7251,335000.0,121.8,207059.99999999997,-127940.00000000003,615,0.0
7252,344600.0,330.41,561697.0000000001,217097.00000000012,616,217097.00000000012
7253,344000.0,529.91,900847.0,556847.0,616,773944.0000000001
7254,364520.0,683.56,1162052.0,797532.0,616,1571476.0
7255,360980.0,774.16,1316072.0,955092.0,616,2526568.0
7256,364780.0,793.31,1348627.0,983847.0,616,3510415.0
7257,364780.0,738.91,1256147.0,891367.0,616,4401782.0
7258,364780.0,616.41,1047897.0,683117.0,616,5084899.0
7259,364900.0,438.66,745722.0000000001,380822.0000000001,616,5465721.0
7260,363435.0,228.95,389215.0,25780.0,616,5491501.0
7261,311500.0,39.36,66912.0,-244588.0,617,5246913.0
7262,356000.0,0.0,0.0,-356000.0,617,4890913.0
7263,366390.0,0.0,0.0,-366390.0,617,4524523.0
7264,961090.0,0.0,0.0,-961090.0,617,3563433.0
7265,427360.0,0.0,0.0,-427360.0,617,3136073.0
7266,439480.0,0.0,0.0,-439480.0,617,2696593.0
7267,456100.0,0.0,0.0,-456100.0,617,2240493.0
7268,448080.0,0.0,0.0,-448080.0,617,1792413.0
7269,438180.0,0.0,0.0,-438180.0,617,1354233.0
7270,410960.0,0.0,0.0,-410960.0,617,943273.0
7271,346940.0,0.0,0.0,-346940.0,617,596333.0
7272,314900.0,0.0,0.0,-314900.0,617,281433.0
7273,378300.0,0.0,0.0,-378300.0,617,0.0
7274,333900.0,0.0,0.0,-333900.0,617,0.0
7275,333900.0,122.25,207825.0,-126075.0,617,0.0
7276,334500.0,331.31,563227.0,228727.0,618,228727.0
7277,333900.0,529.61,900337.0,566437.0,618,795164.0
7278,354420.0,682.46,1160182.0000000002,805762.0000000002,618,1600926.0000000002
7279,310720.0,774.71,1317007.0,1006287.0,618,2607213.0
7280,313920.0,793.86,1349562.0,1035642.0,618,3642855.0
7281,358320.0,739.61,1257337.0,899017.0,618,4541872.0
7282,410820.0,617.26,1049342.0,638522.0,618,5180394.0
7283,411540.0,439.21,746657.0,335117.0,618,5515511.0
7284,419040.0,228.75,388875.0,-30165.0,619,5485346.0
7285,366540.0,38.49,65433.0,-301107.0,619,5184239.0
7286,1115540.0,0.0,0.0,-1115540.0,619,4068699.0
7287,536860.0,0.0,0.0,-536860.0,619,3531839.0
7288,409060.0,0.0,0.0,-409060.0,619,3122779.0
7289,416260.0,0.0,0.0,-416260.0,619,2706519.0
7290,428780.0,0.0,0.0,-428780.0,619,2277739.0
7291,445400.0,0.0,0.0,-445400.0,619,1832339.0
7292,437380.0,0.0,0.0,-437380.0,619,1394959.0
7293,437980.0,0.0,0.0,-437980.0,619,956979.0
7294,418860.0,0.0,0.0,-418860.0,619,538119.0
7295,400740.0,0.0,0.0,-400740.0,619,137379.0
7296,368700.0,0.0,0.0,-368700.0,619,0.0
7297,404660.0,0.0,0.0,-404660.0,619,0.0
7298,360260.0,0.0,0.0,-360260.0,619,0.0
7299,344120.0,120.8,205359.99999999997,-138760.00000000003,619,0.0
7300,332420.0,330.46,561782.0,229362.0,620,229362.0
7301,331520.0,529.21,899657.0000000001,568137.0000000001,620,797499.0000000001
7302,338420.0,681.71,1158907.0,820487.0,620,1617986.0
7303,357340.0,772.26,1312842.0,955502.0,620,2573488.0
7304,414160.0,789.91,1342847.0,928687.0,620,3502175.0
7305,451060.0,735.51,1250367.0,799307.0,620,4301482.0
7306,453760.0,613.46,1042882.0,589122.0,620,4890604.0
7307,508960.0,436.01,741217.0,232257.0,620,5122861.0
7308,456460.0,226.2,384539.99999999994,-71920.00000000006,621,5050941.0
7309,443260.0,37.39,63563.0,-379697.0,621,4671244.0
7310,1155260.0,0.0,0.0,-1155260.0,621,3515984.0
7311,579280.0,0.0,0.0,-579280.0,621,2936704.0
7312,462400.0,0.0,0.0,-462400.0,621,2474304.0
7313,470380.0,0.0,0.0,-470380.0,621,2003924.0
7314,479600.0,0.0,0.0,-479600.0,621,1524324.0
7315,479600.0,0.0,0.0,-479600.0,621,1044724.0
7316,421080.0,0.0,0.0,-421080.0,621,623644.0
7317,421380.0,0.0,0.0,-421380.0,621,202264.0
7318,402380.0,0.0,0.0,-402380.0,621,0.0
7319,402380.0,0.0,0.0,-402380.0,621,0.0
7320,402380.0,0.0,0.0,-402380.0,621,0.0
7321,261300.0,0.0,0.0,-261300.0,621,0.0
7322,261300.0,0.0,0.0,-261300.0,621,0.0
7323,282300.0,122.6,208420.0,-73880.0,621,0.0
7324,282300.0,337.06,573002.0,290702.0,622,290702.0
7325,281400.0,539.76,917592.0,636192.0,622,926894.0
7326,351940.0,695.46,1182282.0000000002,830342.0000000002,622,1757236.0000000002
7327,366100.0,785.61,1335537.0,969437.0,622,2726673.0
7328,366900.0,804.36,1367412.0,1000512.0,622,3727185.0
7329,356280.0,749.01,1273317.0,917037.0,622,4644222.0
7330,356280.0,625.06,1062602.0,706322.0,622,5350544.0
7331,396400.0,444.76,756092.0,359692.0,622,5710236.0
7332,392591.0,230.75,392275.0,-316.0,623,5709920.0
7333,332500.0,37.38,63546.0,-268954.0,623,5440966.0
7334,332500.0,0.0,0.0,-332500.0,623,5108466.0
7335,345590.0,0.0,0.0,-345590.0,623,4762876.0
7336,337811.0,0.0,0.0,-337811.0,623,4425065.0
7337,402660.0,0.0,0.0,-402660.0,623,4022405.0
7338,425100.0,0.0,0.0,-425100.0,623,3597305.0
7339,425400.0,0.0,0.0,-425400.0,623,3171905.0
7340,374680.0,0.0,0.0,-374680.0,623,2797225.0
7341,374680.0,0.0,0.0,-374680.0,623,2422545.0
7342,347460.0,0.0,0.0,-347460.0,623,2075085.0
7343,283440.0,0.0,0.0,-283440.0,623,1791645.0
7344,254100.0,0.0,0.0,-254100.0,623,1537545.0
7345,261300.0,0.0,0.0,-261300.0,623,1276245.0
7346,261300.0,0.0,0.0,-261300.0,623,1014945.0
7347,282300.0,121.0,205700.0,-76600.0,623,938345.0
7348,282300.0,334.66,568922.0,286622.0,624,1224967.0
7349,281400.0,536.26,911642.0,630242.0,624,1855209.0
7350,351940.0,691.01,1174717.0,822777.0,624,2677986.0
7351,366100.0,779.41,1324996.9999999998,958896.9999999998,624,3636883.0
7352,366900.0,797.56,1355851.9999999998,988951.9999999998,624,4625835.0
7353,356280.0,742.06,1261502.0,905222.0,624,5531057.0
7354,356280.0,618.16,1050871.9999999998,694591.9999999998,624,6225649.0
7355,396400.0,438.61,745637.0,349237.0,624,6574886.0
7356,392591.0,226.45,384964.99999999994,-7626.000000000058,625,6567260.0
7357,332500.0,35.94,61098.0,-271402.0,625,6295858.0
7358,332500.0,0.0,0.0,-332500.0,625,5963358.0
7359,345590.0,0.0,0.0,-345590.0,625,5617768.0
7360,337811.0,0.0,0.0,-337811.0,625,5279957.0
7361,402660.0,0.0,0.0,-402660.0,625,4877297.0
7362,425100.0,0.0,0.0,-425100.0,625,4452197.0
7363,425400.0,0.0,0.0,-425400.0,625,4026797.0
7364,374680.0,0.0,0.0,-374680.0,625,3652117.0
7365,374680.0,0.0,0.0,-374680.0,625,3277437.0
7366,347460.0,0.0,0.0,-347460.0,625,2929977.0
7367,283440.0,0.0,0.0,-283440.0,625,2646537.0
7368,254100.0,0.0,0.0,-254100.0,625,2392437.0
7369,261300.0,0.0,0.0,-261300.0,625,2131137.0
7370,261300.0,0.0,0.0,-261300.0,625,1869837.0
7371,282300.0,115.35,196095.0,-86205.0,625,1783632.0
7372,282300.0,323.21,549457.0,267157.0,626,2050789.0
7373,281400.0,521.31,886226.9999999999,604826.9999999999,626,2655616.0
7374,351940.0,674.26,1146242.0,794302.0,626,3449918.0
7375,366100.0,763.96,1298732.0000000002,932632.0000000002,626,4382550.0
7376,366900.0,783.61,1332137.0,965237.0,626,5347787.0
7377,356280.0,729.91,1240847.0,884567.0,626,6232354.0
7378,356280.0,608.11,1033787.0,677507.0,626,6909861.0
7379,396400.0,430.61,732037.0,335637.0,626,7245498.0
7380,392591.0,220.8,375360.00000000006,-17230.99999999994,627,7228267.0
7381,332500.0,34.42,58514.0,-273986.0,627,6954281.0
7382,332500.0,0.0,0.0,-332500.0,627,6621781.0
7383,345590.0,0.0,0.0,-345590.0,627,6276191.0
7384,337811.0,0.0,0.0,-337811.0,627,5938380.0
7385,402660.0,0.0,0.0,-402660.0,627,5535720.0
7386,425100.0,0.0,0.0,-425100.0,627,5110620.0
7387,425400.0,0.0,0.0,-425400.0,627,4685220.0
7388,374680.0,0.0,0.0,-374680.0,627,4310540.0
7389,374680.0,0.0,0.0,-374680.0,627,3935860.0
7390,347460.0,0.0,0.0,-347460.0,627,3588400.0
7391,283440.0,0.0,0.0,-283440.0,627,3304960.0
7392,254100.0,0.0,0.0,-254100.0,627,3050860.0
7393,261300.0,0.0,0.0,-261300.0,627,2789560.0
7394,261300.0,0.0,0.0,-261300.0,627,2528260.0
7395,282300.0,107.95,183515.0,-98785.0,627,2429475.0
7396,282300.0,297.56,505852.0,223552.0,628,2653027.0
7397,281400.0,499.81,849677.0,568277.0,628,3221304.0
7398,351940.0,613.76,1043392.0,691452.0,628,3912756.0
7399,366100.0,729.86,1240762.0000000002,874662.0000000002,628,4787418.0
7400,366900.0,751.01,1276717.0,909817.0,628,5697235.0
7401,356280.0,708.11,1203787.0,847507.0,628,6544742.0
7402,356280.0,581.06,987801.9999999998,631521.9999999998,628,7176264.0
7403,396400.0,417.76,710191.9999999999,313791.9999999999,628,7490056.0
7404,392591.0,213.15,362355.0,-30236.0,629,7459820.0
7405,332500.0,32.68,55556.0,-276944.0,629,7182876.0
7406,332500.0,0.0,0.0,-332500.0,629,6850376.0
7407,345590.0,0.0,0.0,-345590.0,629,6504786.0
7408,337811.0,0.0,0.0,-337811.0,629,6166975.0
7409,402660.0,0.0,0.0,-402660.0,629,5764315.0
7410,425100.0,0.0,0.0,-425100.0,629,5339215.0
7411,425400.0,0.0,0.0,-425400.0,629,4913815.0
7412,374680.0,0.0,0.0,-374680.0,629,4539135.0
7413,374680.0,0.0,0.0,-374680.0,629,4164455.0
7414,347460.0,0.0,0.0,-347460.0,629,3816995.0
7415,283440.0,0.0,0.0,-283440.0,629,3533555.0
7416,254100.0,0.0,0.0,-254100.0,629,3279455.0
7417,261300.0,0.0,0.0,-261300.0,629,3018155.0
7418,261300.0,0.0,0.0,-261300.0,629,2756855.0
7419,282300.0,80.4,136680.0,-145620.0,629,2611235.0
7420,282300.0,278.55,473535.0,191235.0,630,2802470.0
7421,281400.0,470.81,800377.0,518977.0,630,3321447.0
7422,351940.0,642.06,1091502.0,739562.0,630,4061009.0
7423,366100.0,750.61,1276037.0,909937.0,630,4970946.0
7424,366900.0,770.56,1309951.9999999998,943051.9999999998,630,5913998.0
7425,356280.0,718.31,1221126.9999999998,864846.9999999998,630,6778845.0
7426,356280.0,598.06,1016701.9999999998,660421.9999999998,630,7439267.0
7427,396400.0,422.36,718012.0,321612.0,630,7760879.0
7428,392591.0,214.5,364650.0,-27941.0,631,7732938.0
7429,332500.0,32.03,54451.00000000001,-278049.0,631,7454889.0
7430,332500.0,0.0,0.0,-332500.0,631,7122389.0
7431,345590.0,0.0,0.0,-345590.0,631,6776799.0
7432,337811.0,0.0,0.0,-337811.0,631,6438988.0
7433,402660.0,0.0,0.0,-402660.0,631,6036328.0
7434,425100.0,0.0,0.0,-425100.0,631,5611228.0
7435,425400.0,0.0,0.0,-425400.0,631,5185828.0
7436,374680.0,0.0,0.0,-374680.0,631,4811148.0
7437,374680.0,0.0,0.0,-374680.0,631,4436468.0
7438,347460.0,0.0,0.0,-347460.0,631,4089008.0
7439,283440.0,0.0,0.0,-283440.0,631,3805568.0
7440,254100.0,0.0,0.0,-254100.0,631,3551468.0
7441,404660.0,0.0,0.0,-404660.0,631,3146808.0
7442,360260.0,0.0,0.0,-360260.0,631,2786548.0
7443,344120.0,109.7,186490.0,-157630.0,631,2628918.0
7444,332420.0,316.56,538152.0,205732.0,632,2834650.0
7445,331520.0,513.51,872967.0,541447.0,632,3376097.0
7446,338420.0,665.46,1131282.0,792862.0,632,4168959.0
7447,357340.0,753.01,1280117.0,922777.0,632,5091736.0
7448,414160.0,771.81,1312077.0,897917.0,632,5989653.0
7449,451060.0,718.01,1220617.0,769557.0,632,6759210.0
7450,453760.0,596.56,1014152.0,560392.0,632,7319602.0
7451,508960.0,420.26,714441.9999999999,205481.99999999988,632,7525084.0
7452,456460.0,212.55,361335.00000000006,-95124.99999999994,633,7429959.0
7453,443260.0,31.15,52954.99999999999,-390305.0,633,7039654.0
7454,1155260.0,0.0,0.0,-1155260.0,633,5884394.0
7455,579280.0,0.0,0.0,-579280.0,633,5305114.0
7456,462400.0,0.0,0.0,-462400.0,633,4842714.0
7457,470380.0,0.0,0.0,-470380.0,633,4372334.0
7458,479600.0,0.0,0.0,-479600.0,633,3892734.0
7459,479600.0,0.0,0.0,-479600.0,633,3413134.0
7460,421080.0,0.0,0.0,-421080.0,633,2992054.0
7461,421380.0,0.0,0.0,-421380.0,633,2570674.0
7462,402380.0,0.0,0.0,-402380.0,633,2168294.0
7463,402380.0,0.0,0.0,-402380.0,633,1765914.0
7464,402380.0,0.0,0.0,-402380.0,633,1363534.0
7465,404660.0,0.0,0.0,-404660.0,633,958874.0
7466,360260.0,0.0,0.0,-360260.0,633,598614.0
7467,344120.0,107.65,183005.00000000003,-161114.99999999997,633,437499.0
7468,332420.0,313.61,533137.0,200717.0,634,638216.0
7469,331520.0,510.86,868462.0,536942.0,634,1175158.0
7470,338420.0,663.01,1127117.0,788697.0,634,1963855.0
7471,357340.0,753.41,1280796.9999999998,923456.9999999998,634,2887312.0
7472,414160.0,772.46,1313182.0,899022.0,634,3786334.0
7473,451060.0,718.66,1221722.0,770662.0,634,4556996.0
7474,453760.0,597.01,1014917.0,561157.0,634,5118153.0
7475,508960.0,420.31,714527.0,205567.0,634,5323720.0
7476,456460.0,212.15,360655.0,-95805.0,635,5227915.0
7477,443260.0,30.51,51867.00000000001,-391393.0,635,4836522.0
7478,1155260.0,0.0,0.0,-1155260.0,635,3681262.0
7479,579280.0,0.0,0.0,-579280.0,635,3101982.0
7480,462400.0,0.0,0.0,-462400.0,635,2639582.0
7481,470380.0,0.0,0.0,-470380.0,635,2169202.0
7482,479600.0,0.0,0.0,-479600.0,635,1689602.0
7483,479600.0,0.0,0.0,-479600.0,635,1210002.0
7484,421080.0,0.0,0.0,-421080.0,635,788922.0
7485,421380.0,0.0,0.0,-421380.0,635,367542.0
7486,402380.0,0.0,0.0,-402380.0,635,0.0
7487,402380.0,0.0,0.0,-402380.0,635,0.0
7488,402380.0,0.0,0.0,-402380.0,635,0.0
7489,361060.0,0.0,0.0,-361060.0,635,0.0
7490,361060.0,0.0,0.0,-361060.0,635,0.0
7491,288840.0,105.6,179520.0,-109320.0,635,0.0
7492,298440.0,311.26,529142.0,230702.0,636,230702.0
7493,297840.0,508.91,865147.0,567307.0,636,798009.0
7494,352760.0,661.81,1125076.9999999998,772316.9999999998,636,1570325.9999999998
7495,361360.0,753.66,1281222.0,919862.0,636,2490188.0
7496,362560.0,772.86,1313862.0,951302.0,636,3441490.0
7497,351940.0,718.76,1221892.0,869952.0,636,4311442.0
7498,351940.0,596.91,1014746.9999999998,662806.9999999998,636,4974249.0
7499,434060.0,419.96,713932.0,279872.0,636,5254121.0
7500,381560.0,211.3,359210.00000000006,-22349.99999999994,637,5231771.0
7501,381560.0,29.87,50779.0,-330781.0,637,4900990.0
7502,381560.0,0.0,0.0,-381560.0,637,4519430.0
7503,402980.0,0.0,0.0,-402980.0,637,4116450.0
7504,1104480.0,0.0,0.0,-1104480.0,637,3011970.0
7505,392780.0,0.0,0.0,-392780.0,637,2619190.0
7506,404600.0,0.0,0.0,-404600.0,637,2214590.0
7507,405200.0,0.0,0.0,-405200.0,637,1809390.0
7508,365380.0,0.0,0.0,-365380.0,637,1444010.0
7509,365980.0,0.0,0.0,-365980.0,637,1078030.0
7510,362080.0,0.0,0.0,-362080.0,637,715950.0
7511,351460.0,0.0,0.0,-351460.0,637,364490.0
7512,351460.0,0.0,0.0,-351460.0,637,13030.0
7513,261300.0,0.0,0.0,-261300.0,637,0.0
7514,261300.0,0.0,0.0,-261300.0,637,0.0
7515,282300.0,100.85,171445.0,-110855.0,637,0.0
7516,282300.0,301.46,512482.0,230182.0,638,230182.0
7517,281400.0,494.56,840752.0,559352.0,638,789534.0
7518,351940.0,643.91,1094647.0,742707.0,638,1532241.0
7519,366100.0,733.51,1246967.0,880867.0,638,2413108.0
7520,366900.0,752.86,1279862.0,912962.0,638,3326070.0
7521,356280.0,700.81,1191376.9999999998,835096.9999999998,638,4161167.0
7522,356280.0,581.96,989332.0,633052.0,638,4794219.0
7523,396400.0,408.81,694977.0,298577.0,638,5092796.0
7524,392591.0,204.8,348160.0,-44431.0,639,5048365.0
7525,332500.0,28.51,48467.0,-284033.0,639,4764332.0
7526,332500.0,0.0,0.0,-332500.0,639,4431832.0
7527,345590.0,0.0,0.0,-345590.0,639,4086242.0
7528,337811.0,0.0,0.0,-337811.0,639,3748431.0
7529,402660.0,0.0,0.0,-402660.0,639,3345771.0
7530,425100.0,0.0,0.0,-425100.0,639,2920671.0
7531,425400.0,0.0,0.0,-425400.0,639,2495271.0
7532,374680.0,0.0,0.0,-374680.0,639,2120591.0
7533,374680.0,0.0,0.0,-374680.0,639,1745911.0
7534,347460.0,0.0,0.0,-347460.0,639,1398451.0
7535,283440.0,0.0,0.0,-283440.0,639,1115011.0
7536,254100.0,0.0,0.0,-254100.0,639,860911.0
7537,261300.0,0.0,0.0,-261300.0,639,599611.0
7538,261300.0,0.0,0.0,-261300.0,639,338311.0
7539,282300.0,100.1,170170.0,-112130.0,639,226181.0
7540,282300.0,302.11,513587.0,231287.0,640,457468.0
7541,281400.0,496.81,844577.0000000001,563177.0000000001,640,1020645.0000000001
7542,351940.0,647.86,1101362.0,749422.0,640,1770067.0
7543,366100.0,735.81,1250877.0,884777.0,640,2654844.0
7544,366900.0,755.01,1283517.0,916617.0,640,3571461.0
7545,356280.0,701.96,1193332.0,837052.0,640,4408513.0
7546,356280.0,581.66,988822.0,632542.0,640,5041055.0
7547,396400.0,407.41,692597.0000000001,296197.0000000001,640,5337252.0
7548,392591.0,202.95,345015.0,-47576.0,641,5289676.0
7549,332500.0,27.69,47073.00000000001,-285427.0,641,5004249.0
7550,332500.0,0.0,0.0,-332500.0,641,4671749.0
7551,345590.0,0.0,0.0,-345590.0,641,4326159.0
7552,337811.0,0.0,0.0,-337811.0,641,3988348.0
7553,402660.0,0.0,0.0,-402660.0,641,3585688.0
7554,425100.0,0.0,0.0,-425100.0,641,3160588.0
7555,425400.0,0.0,0.0,-425400.0,641,2735188.0
7556,374680.0,0.0,0.0,-374680.0,641,2360508.0
7557,374680.0,0.0,0.0,-374680.0,641,1985828.0
7558,347460.0,0.0,0.0,-347460.0,641,1638368.0
7559,283440.0,0.0,0.0,-283440.0,641,1354928.0
7560,254100.0,0.0,0.0,-254100.0,641,1100828.0
7561,261300.0,0.0,0.0,-261300.0,641,839528.0
7562,261300.0,0.0,0.0,-261300.0,641,578228.0
7563,282300.0,98.9,168130.0,-114170.0,641,464058.0
7564,282300.0,301.56,512652.0,230352.0,642,694410.0
7565,281400.0,497.46,845681.9999999999,564281.9999999999,642,1258692.0
7566,351940.0,649.41,1103996.9999999998,752056.9999999998,642,2010748.9999999998
7567,366100.0,740.16,1258271.9999999998,892171.9999999998,642,2902920.9999999995
7568,366900.0,759.46,1291082.0,924182.0,642,3827102.9999999995
7569,356280.0,706.31,1200727.0,844447.0,642,4671550.0
7570,356280.0,585.91,996046.9999999998,639766.9999999998,642,5311317.0
7571,396400.0,410.66,698122.0,301722.0,642,5613039.0
7572,392591.0,204.36,347412.0,-45179.0,643,5567860.0
7573,332500.0,27.42,46614.00000000001,-285886.0,643,5281974.0
7574,332500.0,0.0,0.0,-332500.0,643,4949474.0
7575,345590.0,0.0,0.0,-345590.0,643,4603884.0
7576,337811.0,0.0,0.0,-337811.0,643,4266073.0
7577,402660.0,0.0,0.0,-402660.0,643,3863413.0
7578,425100.0,0.0,0.0,-425100.0,643,3438313.0
7579,425400.0,0.0,0.0,-425400.0,643,3012913.0
7580,374680.0,0.0,0.0,-374680.0,643,2638233.0
7581,374680.0,0.0,0.0,-374680.0,643,2263553.0
7582,347460.0,0.0,0.0,-347460.0,643,1916093.0
7583,283440.0,0.0,0.0,-283440.0,643,1632653.0
7584,254100.0,0.0,0.0,-254100.0,643,1378553.0
7585,261300.0,0.0,0.0,-261300.0,643,1117253.0
7586,261300.0,0.0,0.0,-261300.0,643,855953.0
7587,282300.0,96.15,163455.0,-118845.0,643,737108.0
7588,282300.0,296.51,504067.0,221767.0,644,958875.0
7589,281400.0,490.41,833697.0,552297.0,644,1511172.0
7590,351940.0,640.71,1089207.0,737267.0,644,2248439.0
7591,366100.0,730.36,1241612.0,875512.0,644,3123951.0
7592,366900.0,749.76,1274592.0,907692.0,644,4031643.0
7593,356280.0,697.76,1186191.9999999998,829911.9999999998,644,4861555.0
7594,356280.0,579.16,984572.0,628292.0,644,5489847.0
7595,396400.0,405.76,689792.0,293392.0,644,5783239.0
7596,392591.0,201.36,342312.0,-50279.0,645,5732960.0
7597,332500.0,26.65,45305.0,-287195.0,645,5445765.0
7598,332500.0,0.0,0.0,-332500.0,645,5113265.0
7599,345590.0,0.0,0.0,-345590.0,645,4767675.0
7600,337811.0,0.0,0.0,-337811.0,645,4429864.0
7601,402660.0,0.0,0.0,-402660.0,645,4027204.0
7602,425100.0,0.0,0.0,-425100.0,645,3602104.0
7603,425400.0,0.0,0.0,-425400.0,645,3176704.0
7604,374680.0,0.0,0.0,-374680.0,645,2802024.0
7605,374680.0,0.0,0.0,-374680.0,645,2427344.0
7606,347460.0,0.0,0.0,-347460.0,645,2079884.0
7607,283440.0,0.0,0.0,-283440.0,645,1796444.0
7608,254100.0,0.0,0.0,-254100.0,645,1542344.0
7609,404660.0,0.0,0.0,-404660.0,645,1137684.0
7610,360260.0,0.0,0.0,-360260.0,645,777424.0
7611,344120.0,94.1,159969.99999999997,-184150.00000000003,645,593274.0
7612,332420.0,293.86,499562.0,167142.0,646,760416.0
7613,331520.0,487.66,829022.0000000001,497502.0000000001,646,1257918.0
7614,338420.0,637.66,1084022.0,745602.0,646,2003520.0
7615,357340.0,730.21,1241357.0,884017.0,646,2887537.0
7616,414160.0,749.86,1274762.0,860602.0,646,3748139.0
7617,451060.0,698.06,1186701.9999999998,735641.9999999998,646,4483781.0
7618,453760.0,579.36,984912.0,531152.0,646,5014933.0
7619,508960.0,405.86,689962.0,181002.0,646,5195935.0
7620,456460.0,201.36,342312.0,-114148.0,647,5081787.0
7621,443260.0,26.23,44591.0,-398669.0,647,4683118.0
7622,1155260.0,0.0,0.0,-1155260.0,647,3527858.0
7623,579280.0,0.0,0.0,-579280.0,647,2948578.0
7624,462400.0,0.0,0.0,-462400.0,647,2486178.0
7625,470380.0,0.0,0.0,-470380.0,647,2015798.0
7626,479600.0,0.0,0.0,-479600.0,647,1536198.0
7627,479600.0,0.0,0.0,-479600.0,647,1056598.0
7628,421080.0,0.0,0.0,-421080.0,647,635518.0
7629,421380.0,0.0,0.0,-421380.0,647,214138.0
7630,402380.0,0.0,0.0,-402380.0,647,0.0
7631,402380.0,0.0,0.0,-402380.0,647,0.0
7632,402380.0,0.0,0.0,-402380.0,647,0.0
7633,404660.0,0.0,0.0,-404660.0,647,0.0
7634,360260.0,0.0,0.0,-360260.0,647,0.0
7635,344120.0,89.25,151725.0,-192395.0,647,0.0
7636,332420.0,283.21,481456.9999999999,149036.99999999988,648,149036.99999999988
7637,331520.0,473.61,805137.0000000001,473617.0000000001,648,622654.0
7638,338420.0,621.01,1055717.0,717297.0,648,1339951.0
7639,357340.0,706.81,1201576.9999999998,844236.9999999998,648,2184188.0
7640,414160.0,727.21,1236257.0,822097.0,648,3006285.0
7641,451060.0,679.96,1155932.0,704872.0,648,3711157.0
7642,453760.0,562.81,956776.9999999998,503016.99999999977,648,4214174.0
7643,508960.0,391.66,665822.0,156862.0,648,4371036.0
7644,456460.0,193.7,329289.99999999994,-127170.00000000006,649,4243866.0
7645,443260.0,24.91,42347.0,-400913.0,649,3842953.0
7646,1155260.0,0.0,0.0,-1155260.0,649,2687693.0
7647,579280.0,0.0,0.0,-579280.0,649,2108413.0
7648,462400.0,0.0,0.0,-462400.0,649,1646013.0
7649,470380.0,0.0,0.0,-470380.0,649,1175633.0
7650,479600.0,0.0,0.0,-479600.0,649,696033.0
7651,479600.0,0.0,0.0,-479600.0,649,216433.0
7652,421080.0,0.0,0.0,-421080.0,649,0.0
7653,421380.0,0.0,0.0,-421380.0,649,0.0
7654,402380.0,0.0,0.0,-402380.0,649,0.0
7655,402380.0,0.0,0.0,-402380.0,649,0.0
7656,402380.0,0.0,0.0,-402380.0,649,0.0
7657,261300.0,0.0,0.0,-261300.0,649,0.0
7658,261300.0,0.0,0.0,-261300.0,649,0.0
7659,282300.0,89.1,151470.0,-130830.0,649,0.0
7660,282300.0,286.36,486812.0,204512.0,650,204512.0
7661,281400.0,480.36,816612.0,535212.0,650,739724.0
7662,351940.0,632.21,1074757.0,722817.0,650,1462541.0
7663,366100.0,724.46,1231582.0,865482.0,650,2328023.0
7664,366900.0,746.06,1268302.0,901402.0,650,3229425.0
7665,356280.0,695.61,1182537.0000000002,826257.0000000002,650,4055682.0
7666,356280.0,577.86,982362.0,626082.0,650,4681764.0
7667,396400.0,404.91,688347.0000000001,291947.0000000001,650,4973711.0
7668,392591.0,200.26,340442.0,-52149.0,651,4921562.0
7669,332500.0,25.45,43265.0,-289235.0,651,4632327.0
7670,332500.0,0.0,0.0,-332500.0,651,4299827.0
7671,345590.0,0.0,0.0,-345590.0,651,3954237.0
7672,337811.0,0.0,0.0,-337811.0,651,3616426.0
7673,402660.0,0.0,0.0,-402660.0,651,3213766.0
7674,425100.0,0.0,0.0,-425100.0,651,2788666.0
7675,425400.0,0.0,0.0,-425400.0,651,2363266.0
7676,374680.0,0.0,0.0,-374680.0,651,1988586.0
7677,374680.0,0.0,0.0,-374680.0,651,1613906.0
7678,347460.0,0.0,0.0,-347460.0,651,1266446.0
7679,283440.0,0.0,0.0,-283440.0,651,983006.0
7680,254100.0,0.0,0.0,-254100.0,651,728906.0
7681,261300.0,0.0,0.0,-261300.0,651,467606.0
7682,261300.0,0.0,0.0,-261300.0,651,206306.0
7683,282300.0,88.0,149600.0,-132700.0,651,73606.0
7684,282300.0,285.91,486047.0,203747.0,652,277353.0
7685,281400.0,479.86,815762.0,534362.0,652,811715.0
7686,351940.0,631.01,1072717.0,720777.0,652,1532492.0
7687,366100.0,721.46,1226482.0,860382.0,652,2392874.0
7688,366900.0,741.01,1259717.0,892817.0,652,3285691.0
7689,356280.0,689.46,1172082.0000000002,815802.0000000002,652,4101493.0
7690,356280.0,571.11,970887.0,614607.0,652,4716100.0
7691,396400.0,398.71,677806.9999999999,281406.9999999999,652,4997507.0
7692,392591.0,195.91,333047.0,-59544.0,653,4937963.0
7693,332500.0,24.48,41616.0,-290884.0,653,4647079.0
7694,332500.0,0.0,0.0,-332500.0,653,4314579.0
7695,345590.0,0.0,0.0,-345590.0,653,3968989.0
7696,337811.0,0.0,0.0,-337811.0,653,3631178.0
7697,402660.0,0.0,0.0,-402660.0,653,3228518.0
7698,425100.0,0.0,0.0,-425100.0,653,2803418.0
7699,425400.0,0.0,0.0,-425400.0,653,2378018.0
7700,374680.0,0.0,0.0,-374680.0,653,2003338.0
7701,374680.0,0.0,0.0,-374680.0,653,1628658.0
7702,347460.0,0.0,0.0,-347460.0,653,1281198.0
7703,283440.0,0.0,0.0,-283440.0,653,997758.0
7704,254100.0,0.0,0.0,-254100.0,653,743658.0
7705,261300.0,0.0,0.0,-261300.0,653,482358.0
7706,261300.0,0.0,0.0,-261300.0,653,221058.0
7707,282300.0,86.5,147050.0,-135250.0,653,85808.0
7708,282300.0,284.51,483667.0,201367.0,654,287175.0
7709,281400.0,478.56,813552.0,532152.0,654,819327.0
7710,351940.0,629.36,1069912.0,717972.0,654,1537299.0
7711,366100.0,717.36,1219512.0,853412.0,654,2390711.0
7712,366900.0,736.71,1252407.0000000002,885507.0000000002,654,3276218.0
7713,356280.0,684.36,1163412.0,807132.0,654,4083350.0
7714,356280.0,566.01,962217.0,605937.0,654,4689287.0
7715,396400.0,394.51,670667.0,274267.0,654,4963554.0
7716,392591.0,193.21,328457.00000000006,-64133.99999999994,655,4899420.0
7717,332500.0,14.45,24565.0,-307935.0,655,4591485.0
7718,332500.0,0.0,0.0,-332500.0,655,4258985.0
7719,345590.0,0.0,0.0,-345590.0,655,3913395.0
7720,337811.0,0.0,0.0,-337811.0,655,3575584.0
7721,402660.0,0.0,0.0,-402660.0,655,3172924.0
7722,425100.0,0.0,0.0,-425100.0,655,2747824.0
7723,425400.0,0.0,0.0,-425400.0,655,2322424.0
7724,374680.0,0.0,0.0,-374680.0,655,1947744.0
7725,374680.0,0.0,0.0,-374680.0,655,1573064.0
7726,347460.0,0.0,0.0,-347460.0,655,1225604.0
7727,283440.0,0.0,0.0,-283440.0,655,942164.0
7728,254100.0,0.0,0.0,-254100.0,655,688064.0
7729,261300.0,0.0,0.0,-261300.0,655,426764.0
7730,261300.0,0.0,0.0,-261300.0,655,165464.0
7731,282300.0,81.5,138550.0,-143750.0,655,21714.0
7732,282300.0,272.91,463947.00000000006,181647.00000000006,656,203361.00000000006
7733,281400.0,462.51,786267.0,504867.0,656,708228.0
7734,351940.0,610.81,1038377.0,686437.0,656,1394665.0
7735,366100.0,703.06,1195201.9999999998,829101.9999999998,656,2223767.0
7736,366900.0,723.71,1230307.0000000002,863407.0000000002,656,3087174.0
7737,356280.0,673.26,1144542.0,788262.0,656,3875436.0
7738,356280.0,557.51,947767.0,591487.0,656,4466923.0
7739,396400.0,388.51,660466.9999999999,264066.9999999999,656,4730990.0
7740,392591.0,190.01,323016.99999999994,-69574.00000000006,657,4661416.0
7741,332500.0,14.1,23970.0,-308530.0,657,4352886.0
7742,332500.0,0.0,0.0,-332500.0,657,4020386.0
7743,345590.0,0.0,0.0,-345590.0,657,3674796.0
7744,337811.0,0.0,0.0,-337811.0,657,3336985.0
7745,402660.0,0.0,0.0,-402660.0,657,2934325.0
7746,425100.0,0.0,0.0,-425100.0,657,2509225.0
7747,425400.0,0.0,0.0,-425400.0,657,2083825.0
7748,374680.0,0.0,0.0,-374680.0,657,1709145.0
7749,374680.0,0.0,0.0,-374680.0,657,1334465.0
7750,347460.0,0.0,0.0,-347460.0,657,987005.0
7751,283440.0,0.0,0.0,-283440.0,657,703565.0
7752,254100.0,0.0,0.0,-254100.0,657,449465.0
7753,261300.0,0.0,0.0,-261300.0,657,188165.0
7754,261300.0,0.0,0.0,-261300.0,657,0.0
7755,282300.0,81.15,137955.0,-144345.0,657,0.0
7756,282300.0,279.51,475167.0,192867.0,658,192867.0
7757,281400.0,472.41,803097.0000000001,521697.0000000001,658,714564.0000000001
7758,351940.0,622.26,1057842.0,705902.0,658,1420466.0
7759,366100.0,713.61,1213137.0,847037.0,658,2267503.0
7760,366900.0,734.76,1249092.0,882192.0,658,3149695.0
7761,356280.0,684.91,1164347.0,808067.0,658,3957762.0
7762,356280.0,568.06,965701.9999999998,609421.9999999998,658,4567184.0
7763,396400.0,396.56,674152.0,277752.0,658,4844936.0
7764,392591.0,193.96,329732.00000000006,-62858.99999999994,659,4782077.0
7765,332500.0,14.05,23885.0,-308615.0,659,4473462.0
7766,332500.0,0.0,0.0,-332500.0,659,4140962.0
7767,345590.0,0.0,0.0,-345590.0,659,3795372.0
7768,337811.0,0.0,0.0,-337811.0,659,3457561.0
7769,402660.0,0.0,0.0,-402660.0,659,3054901.0
7770,425100.0,0.0,0.0,-425100.0,659,2629801.0
7771,425400.0,0.0,0.0,-425400.0,659,2204401.0
7772,374680.0,0.0,0.0,-374680.0,659,1829721.0
7773,374680.0,0.0,0.0,-374680.0,659,1455041.0
7774,347460.0,0.0,0.0,-347460.0,659,1107581.0
7775,283440.0,0.0,0.0,-283440.0,659,824141.0
7776,254100.0,0.0,0.0,-254100.0,659,570041.0
7777,404660.0,0.0,0.0,-404660.0,659,165381.0
7778,360260.0,0.0,0.0,-360260.0,659,0.0
7779,344120.0,82.05,139485.0,-204635.0,659,0.0
7780,332420.0,281.01,477717.0,145297.0,660,145297.0
7781,331520.0,476.61,810237.0000000001,478717.0000000001,660,624014.0000000001
7782,338420.0,628.96,1069232.0000000002,730812.0000000002,660,1354826.0000000005
7783,357340.0,722.16,1227671.9999999998,870331.9999999998,660,2225158.0
7784,414160.0,743.71,1264307.0,850147.0,660,3075305.0
7785,451060.0,692.81,1177776.9999999998,726716.9999999998,660,3802022.0
7786,453760.0,574.36,976412.0,522652.0,660,4324674.0
7787,508960.0,401.01,681717.0,172757.0,660,4497431.0
7788,456460.0,196.26,333642.0,-122818.0,661,4374613.0
7789,443260.0,13.9,23630.0,-419630.0,661,3954983.0
7790,1155260.0,0.0,0.0,-1155260.0,661,2799723.0
7791,579280.0,0.0,0.0,-579280.0,661,2220443.0
7792,462400.0,0.0,0.0,-462400.0,661,1758043.0
7793,470380.0,0.0,0.0,-470380.0,661,1287663.0
7794,479600.0,0.0,0.0,-479600.0,661,808063.0
7795,479600.0,0.0,0.0,-479600.0,661,328463.0
7796,421080.0,0.0,0.0,-421080.0,661,0.0
7797,421380.0,0.0,0.0,-421380.0,661,0.0
7798,402380.0,0.0,0.0,-402380.0,661,0.0
7799,402380.0,0.0,0.0,-402380.0,661,0.0
7800,402380.0,0.0,0.0,-402380.0,661,0.0
7801,404660.0,0.0,0.0,-404660.0,661,0.0
7802,360260.0,0.0,0.0,-360260.0,661,0.0
7803,344120.0,79.25,134725.0,-209395.0,661,0.0
7804,332420.0,276.56,470152.0,137732.0,662,137732.0
7805,331520.0,471.91,802247.0000000001,470727.0000000001,662,608459.0000000001
7806,338420.0,624.61,1061837.0,723417.0,662,1331876.0
7807,357340.0,714.16,1214072.0,856732.0,662,2188608.0
7808,414160.0,735.61,1250537.0,836377.0,662,3024985.0
7809,451060.0,685.76,1165792.0,714732.0,662,3739717.0
7810,453760.0,568.91,967146.9999999998,513386.99999999977,662,4253104.0
7811,508960.0,397.26,675342.0,166382.0,662,4419486.0
7812,456460.0,194.26,330242.0,-126218.0,663,4293268.0
7813,443260.0,13.95,23714.999999999996,-419545.0,663,3873723.0
7814,1155260.0,0.0,0.0,-1155260.0,663,2718463.0
7815,579280.0,0.0,0.0,-579280.0,663,2139183.0
7816,462400.0,0.0,0.0,-462400.0,663,1676783.0
7817,470380.0,0.0,0.0,-470380.0,663,1206403.0
7818,479600.0,0.0,0.0,-479600.0,663,726803.0
7819,479600.0,0.0,0.0,-479600.0,663,247203.0
7820,421080.0,0.0,0.0,-421080.0,663,0.0
7821,421380.0,0.0,0.0,-421380.0,663,0.0
7822,402380.0,0.0,0.0,-402380.0,663,0.0
7823,402380.0,0.0,0.0,-402380.0,663,0.0
7824,402380.0,0.0,0.0,-402380.0,663,0.0
7825,261300.0,0.0,0.0,-261300.0,663,0.0
7826,261300.0,0.0,0.0,-261300.0,663,0.0
7827,282300.0,69.9,118830.0,-163470.0,663,0.0
7828,282300.0,262.46,446182.0,163882.0,664,163882.0
7829,281400.0,445.91,758047.0,476647.0,664,640529.0
7830,351940.0,595.61,1012537.0,660597.0,664,1301126.0
7831,366100.0,658.06,1118702.0,752602.0,664,2053728.0
7832,366900.0,664.56,1129751.9999999998,762851.9999999998,664,2816580.0
7833,356280.0,609.31,1035826.9999999998,679546.9999999998,664,3496127.0
7834,356280.0,539.51,917167.0,560887.0,664,4057014.0
7835,396400.0,365.76,621792.0,225392.0,664,4282406.0
7836,392591.0,183.16,311372.0,-81219.0,665,4201187.0
7837,332500.0,13.5,22950.0,-309550.0,665,3891637.0
7838,332500.0,0.0,0.0,-332500.0,665,3559137.0
7839,345590.0,0.0,0.0,-345590.0,665,3213547.0
7840,337811.0,0.0,0.0,-337811.0,665,2875736.0
7841,402660.0,0.0,0.0,-402660.0,665,2473076.0
7842,425100.0,0.0,0.0,-425100.0,665,2047976.0
7843,425400.0,0.0,0.0,-425400.0,665,1622576.0
7844,374680.0,0.0,0.0,-374680.0,665,1247896.0
7845,374680.0,0.0,0.0,-374680.0,665,873216.0
7846,347460.0,0.0,0.0,-347460.0,665,525756.0
7847,283440.0,0.0,0.0,-283440.0,665,242316.0
7848,254100.0,0.0,0.0,-254100.0,665,0.0
7849,261300.0,0.0,0.0,-261300.0,665,0.0
7850,261300.0,0.0,0.0,-261300.0,665,0.0
7851,282300.0,56.95,96815.0,-185485.0,665,0.0
7852,282300.0,194.4,330480.00000000006,48180.00000000006,666,48180.00000000006
7853,281400.0,334.21,568157.0,286757.0,666,334937.00000000006
7854,351940.0,471.86,802162.0,450222.0,666,785159.0
7855,366100.0,495.56,842452.0,476352.0,666,1261511.0
7856,366900.0,596.96,1014832.0,647932.0,666,1909443.0
7857,356280.0,518.46,881382.0000000001,525102.0000000001,666,2434545.0
7858,356280.0,444.51,755667.0,399387.0,666,2833932.0
7859,396400.0,299.61,509337.0,112937.0,666,2946869.0
7860,392591.0,145.8,247860.0,-144731.0,667,2802138.0
7861,332500.0,11.85,20145.0,-312355.0,667,2489783.0
7862,332500.0,0.0,0.0,-332500.0,667,2157283.0
7863,345590.0,0.0,0.0,-345590.0,667,1811693.0
7864,337811.0,0.0,0.0,-337811.0,667,1473882.0
7865,402660.0,0.0,0.0,-402660.0,667,1071222.0
7866,425100.0,0.0,0.0,-425100.0,667,646122.0
7867,425400.0,0.0,0.0,-425400.0,667,220722.0
7868,374680.0,0.0,0.0,-374680.0,667,0.0
7869,374680.0,0.0,0.0,-374680.0,667,0.0
7870,347460.0,0.0,0.0,-347460.0,667,0.0
7871,283440.0,0.0,0.0,-283440.0,667,0.0
7872,254100.0,0.0,0.0,-254100.0,667,0.0
7873,261300.0,0.0,0.0,-261300.0,667,0.0
7874,261300.0,0.0,0.0,-261300.0,667,0.0
7875,282300.0,43.2,73440.0,-208860.0,667,0.0
7876,282300.0,136.6,232220.0,-50080.0,667,0.0
7877,281400.0,227.8,387260.0,105860.0,668,105860.0
7878,351940.0,335.0,569500.0,217560.0,668,323420.0
7879,366100.0,221.2,376039.99999999994,9939.999999999942,668,333359.99999999994
7880,366900.0,352.6,599420.0,232520.0,668,565880.0
7881,356280.0,417.31,709427.0,353147.0,668,919027.0
7882,356280.0,276.25,469625.0,113345.0,668,1032372.0
7883,396400.0,248.6,422620.0,26220.0,668,1058592.0
7884,392591.0,122.9,208930.00000000003,-183660.99999999997,669,874931.0
7885,332500.0,12.65,21505.0,-310995.0,669,563936.0
7886,332500.0,0.0,0.0,-332500.0,669,231436.0
7887,345590.0,0.0,0.0,-345590.0,669,0.0
7888,337811.0,0.0,0.0,-337811.0,669,0.0
7889,402660.0,0.0,0.0,-402660.0,669,0.0
7890,425100.0,0.0,0.0,-425100.0,669,0.0
7891,425400.0,0.0,0.0,-425400.0,669,0.0
7892,374680.0,0.0,0.0,-374680.0,669,0.0
7893,374680.0,0.0,0.0,-374680.0,669,0.0
7894,347460.0,0.0,0.0,-347460.0,669,0.0
7895,283440.0,0.0,0.0,-283440.0,669,0.0
7896,254100.0,0.0,0.0,-254100.0,669,0.0
7897,261300.0,0.0,0.0,-261300.0,669,0.0
7898,261300.0,0.0,0.0,-261300.0,669,0.0
7899,282300.0,70.85,120445.0,-161855.0,669,0.0
7900,282300.0,263.46,447882.0,165582.0,670,165582.0
7901,281400.0,457.96,778532.0,497132.0,670,662714.0
7902,351940.0,610.66,1038122.0,686182.0,670,1348896.0
7903,366100.0,705.11,1198687.0,832587.0,670,2181483.0
7904,366900.0,727.26,1236342.0,869442.0,670,3050925.0
7905,356280.0,678.16,1152872.0,796592.0,670,3847517.0
7906,356280.0,562.86,956862.0,600582.0,670,4448099.0
7907,396400.0,392.41,667097.0000000001,270697.0000000001,670,4718796.0
7908,392591.0,190.66,324122.0,-68469.0,671,4650327.0
7909,332500.0,13.6,23120.0,-309380.0,671,4340947.0
7910,332500.0,0.0,0.0,-332500.0,671,4008447.0
7911,345590.0,0.0,0.0,-345590.0,671,3662857.0
7912,337811.0,0.0,0.0,-337811.0,671,3325046.0
7913,402660.0,0.0,0.0,-402660.0,671,2922386.0
7914,425100.0,0.0,0.0,-425100.0,671,2497286.0
7915,425400.0,0.0,0.0,-425400.0,671,2071886.0
7916,374680.0,0.0,0.0,-374680.0,671,1697206.0
7917,374680.0,0.0,0.0,-374680.0,671,1322526.0
7918,347460.0,0.0,0.0,-347460.0,671,975066.0
7919,283440.0,0.0,0.0,-283440.0,671,691626.0
7920,254100.0,0.0,0.0,-254100.0,671,437526.0
7921,261300.0,0.0,0.0,-261300.0,671,176226.0
7922,261300.0,0.0,0.0,-261300.0,671,0.0
7923,282300.0,68.8,116960.0,-165340.0,671,0.0
7924,282300.0,259.66,441422.0,159122.0,672,159122.0
7925,281400.0,452.26,768842.0,487442.0,672,646564.0
7926,351940.0,603.71,1026307.0000000001,674367.0000000001,672,1320931.0
7927,366100.0,697.71,1186107.0,820007.0,672,2140938.0
7928,366900.0,722.26,1227842.0,860942.0,672,3001880.0
7929,356280.0,675.66,1148621.9999999998,792341.9999999998,672,3794222.0
7930,356280.0,562.46,956182.0000000001,599902.0000000001,672,4394124.0
7931,396400.0,393.81,669477.0,273077.0,672,4667201.0
7932,392591.0,192.51,327267.0,-65324.0,673,4601877.0
7933,332500.0,13.5,22950.0,-309550.0,673,4292327.0
7934,332500.0,0.0,0.0,-332500.0,673,3959827.0
7935,345590.0,0.0,0.0,-345590.0,673,3614237.0
7936,337811.0,0.0,0.0,-337811.0,673,3276426.0
7937,402660.0,0.0,0.0,-402660.0,673,2873766.0
7938,425100.0,0.0,0.0,-425100.0,673,2448666.0
7939,425400.0,0.0,0.0,-425400.0,673,2023266.0
7940,374680.0,0.0,0.0,-374680.0,673,1648586.0
7941,374680.0,0.0,0.0,-374680.0,673,1273906.0
7942,347460.0,0.0,0.0,-347460.0,673,926446.0
7943,283440.0,0.0,0.0,-283440.0,673,643006.0
7944,254100.0,0.0,0.0,-254100.0,673,388906.0
7945,404660.0,0.0,0.0,-404660.0,673,0.0
7946,360260.0,0.0,0.0,-360260.0,673,0.0
7947,344120.0,60.46,102782.0,-241338.0,673,0.0
7948,332420.0,264.11,448987.0,116567.0,674,116567.0
7949,331520.0,460.81,783377.0,451857.0,674,568424.0
7950,338420.0,615.91,1047047.0,708627.0,674,1277051.0
7951,357340.0,710.31,1207527.0,850187.0,674,2127238.0
7952,414160.0,734.71,1249007.0000000002,834847.0000000002,674,2962085.0
7953,451060.0,686.31,1166727.0,715667.0,674,3677752.0
7954,453760.0,570.01,969017.0,515257.0,674,4193009.0
7955,508960.0,398.41,677297.0000000001,168337.00000000012,674,4361346.0
7956,456460.0,194.56,330752.0,-125708.0,675,4235638.0
7957,443260.0,13.5,22950.0,-420310.0,675,3815328.0
7958,1155260.0,0.0,0.0,-1155260.0,675,2660068.0
7959,579280.0,0.0,0.0,-579280.0,675,2080788.0
7960,462400.0,0.0,0.0,-462400.0,675,1618388.0
7961,470380.0,0.0,0.0,-470380.0,675,1148008.0
7962,479600.0,0.0,0.0,-479600.0,675,668408.0
7963,479600.0,0.0,0.0,-479600.0,675,188808.0
7964,421080.0,0.0,0.0,-421080.0,675,0.0
7965,421380.0,0.0,0.0,-421380.0,675,0.0
7966,402380.0,0.0,0.0,-402380.0,675,0.0
7967,402380.0,0.0,0.0,-402380.0,675,0.0
7968,402380.0,0.0,0.0,-402380.0,675,0.0
7969,404660.0,0.0,0.0,-404660.0,675,0.0
7970,360260.0,0.0,0.0,-360260.0,675,0.0
7971,344120.0,58.99,100283.0,-243837.0,675,0.0
7972,332420.0,262.66,446522.0,114102.0,676,114102.0
7973,331520.0,459.61,781337.0,449817.0,676,563919.0
7974,338420.0,614.36,1044412.0,705992.0,676,1269911.0
7975,357340.0,707.91,1203446.9999999998,846106.9999999998,676,2116018.0
7976,414160.0,731.66,1243822.0,829662.0,676,2945680.0
7977,451060.0,683.41,1161797.0,710737.0,676,3656417.0
7978,453760.0,567.76,965192.0,511432.0,676,4167849.0
7979,508960.0,396.81,674577.0,165617.0,676,4333466.0
7980,456460.0,193.86,329562.0,-126898.0,677,4206568.0
7981,443260.0,13.4,22780.0,-420480.0,677,3786088.0
7982,1155260.0,0.0,0.0,-1155260.0,677,2630828.0
7983,579280.0,0.0,0.0,-579280.0,677,2051548.0
7984,462400.0,0.0,0.0,-462400.0,677,1589148.0
7985,470380.0,0.0,0.0,-470380.0,677,1118768.0
7986,479600.0,0.0,0.0,-479600.0,677,639168.0
7987,479600.0,0.0,0.0,-479600.0,677,159568.0
7988,421080.0,0.0,0.0,-421080.0,677,0.0
7989,421380.0,0.0,0.0,-421380.0,677,0.0
7990,402380.0,0.0,0.0,-402380.0,677,0.0
7991,402380.0,0.0,0.0,-402380.0,677,0.0
7992,402380.0,0.0,0.0,-402380.0,677,0.0
7993,261300.0,0.0,0.0,-261300.0,677,0.0
7994,261300.0,0.0,0.0,-261300.0,677,0.0
7995,282300.0,56.61,96237.0,-186063.0,677,0.0
7996,282300.0,256.06,435302.0,153002.0,678,153002.0
7997,281400.0,449.46,764081.9999999999,482681.9999999999,678,635683.9999999999
7998,351940.0,600.46,1020782.0,668842.0,678,1304526.0
7999,366100.0,691.81,1176076.9999999998,809976.9999999998,678,2114503.0
8000,366900.0,713.51,1212967.0,846067.0,678,2960570.0
8001,356280.0,664.81,1130176.9999999998,773896.9999999998,678,3734467.0
8002,356280.0,550.66,936121.9999999998,579841.9999999998,678,4314309.0
8003,396400.0,383.11,651287.0,254887.0,678,4569196.0
8004,392591.0,185.66,315622.0,-76969.0,679,4492227.0
8005,332500.0,12.95,22015.0,-310485.0,679,4181742.0
8006,332500.0,0.0,0.0,-332500.0,679,3849242.0
8007,345590.0,0.0,0.0,-345590.0,679,3503652.0
8008,337811.0,0.0,0.0,-337811.0,679,3165841.0
8009,402660.0,0.0,0.0,-402660.0,679,2763181.0
8010,425100.0,0.0,0.0,-425100.0,679,2338081.0
8011,425400.0,0.0,0.0,-425400.0,679,1912681.0
8012,374680.0,0.0,0.0,-374680.0,679,1538001.0
8013,374680.0,0.0,0.0,-374680.0,679,1163321.0
8014,347460.0,0.0,0.0,-347460.0,679,815861.0
8015,283440.0,0.0,0.0,-283440.0,679,532421.0
8016,254100.0,0.0,0.0,-254100.0,679,278321.0
8017,261300.0,0.0,0.0,-261300.0,679,17021.0
8018,261300.0,0.0,0.0,-261300.0,679,0.0
8019,282300.0,53.02,90134.00000000001,-192166.0,679,0.0
8020,282300.0,245.06,416602.0,134302.0,680,134302.0
8021,281400.0,434.86,739262.0,457862.0,680,592164.0
8022,314940.0,584.81,994176.9999999998,679236.9999999998,680,1271400.9999999998
8023,366100.0,673.61,1145137.0,779037.0,680,2050437.9999999998
8024,366900.0,697.56,1185852.0,818952.0,680,2869390.0
8025,356280.0,651.76,1107992.0,751712.0,680,3621102.0
8026,356280.0,541.21,920057.0000000001,563777.0000000001,680,4184879.0
8027,396400.0,377.41,641597.0,245197.0,680,4430076.0
8028,392591.0,183.36,311712.00000000006,-80878.99999999994,681,4349197.0
8029,332500.0,12.9,21930.0,-310570.0,681,4038627.0
8030,332500.0,0.0,0.0,-332500.0,681,3706127.0
8031,345590.0,0.0,0.0,-345590.0,681,3360537.0
8032,337811.0,0.0,0.0,-337811.0,681,3022726.0
8033,402660.0,0.0,0.0,-402660.0,681,2620066.0
8034,425100.0,0.0,0.0,-425100.0,681,2194966.0
8035,425400.0,0.0,0.0,-425400.0,681,1769566.0
8036,374680.0,0.0,0.0,-374680.0,681,1394886.0
8037,374680.0,0.0,0.0,-374680.0,681,1020206.0
8038,347460.0,0.0,0.0,-347460.0,681,672746.0
8039,283440.0,0.0,0.0,-283440.0,681,389306.0
8040,254100.0,0.0,0.0,-254100.0,681,135206.0
8041,261300.0,0.0,0.0,-261300.0,681,0.0
8042,261300.0,0.0,0.0,-261300.0,681,0.0
8043,282300.0,51.58,87686.0,-194614.0,681,0.0
8044,282300.0,243.31,413627.0,131327.0,682,131327.0
8045,281400.0,434.76,739092.0,457692.0,682,589019.0
8046,314940.0,587.06,998001.9999999998,683061.9999999998,682,1272080.9999999998
8047,366100.0,674.51,1146667.0,780567.0,682,2052647.9999999998
8048,366900.0,700.36,1190612.0,823712.0,682,2876360.0
8049,356280.0,656.26,1115642.0,759362.0,682,3635722.0
8050,356280.0,546.41,928897.0,572617.0,682,4208339.0
8051,396400.0,382.26,649842.0,253442.0,682,4461781.0
8052,392591.0,186.71,317407.00000000006,-75183.99999999994,683,4386597.0
8053,332500.0,13.1,22269.999999999996,-310230.0,683,4076367.0
8054,332500.0,0.0,0.0,-332500.0,683,3743867.0
8055,345590.0,0.0,0.0,-345590.0,683,3398277.0
8056,337811.0,0.0,0.0,-337811.0,683,3060466.0
8057,402660.0,0.0,0.0,-402660.0,683,2657806.0
8058,425100.0,0.0,0.0,-425100.0,683,2232706.0
8059,425400.0,0.0,0.0,-425400.0,683,1807306.0
8060,374680.0,0.0,0.0,-374680.0,683,1432626.0
8061,374680.0,0.0,0.0,-374680.0,683,1057946.0
8062,347460.0,0.0,0.0,-347460.0,683,710486.0
8063,283440.0,0.0,0.0,-283440.0,683,427046.0
8064,254100.0,0.0,0.0,-254100.0,683,172946.0
8065,261300.0,0.0,0.0,-261300.0,683,0.0
8066,261300.0,0.0,0.0,-261300.0,683,0.0
8067,282300.0,50.22,85374.0,-196926.0,683,0.0
8068,282300.0,240.91,409546.99999999994,127246.99999999994,684,127246.99999999994
8069,281400.0,431.81,734077.0,452677.0,684,579924.0
8070,314940.0,583.56,992052.0,677112.0,684,1257036.0
8071,366100.0,674.41,1146497.0,780397.0,684,2037433.0
8072,366900.0,699.76,1189591.9999999998,822691.9999999998,684,2860125.0
8073,356280.0,655.46,1114282.0,758002.0,684,3618127.0
8074,356280.0,545.41,927197.0,570917.0,684,4189044.0
8075,396400.0,381.21,648057.0,251657.0,684,4440701.0
8076,392591.0,185.91,316047.0,-76544.0,685,4364157.0
8077,332500.0,13.15,22355.0,-310145.0,685,4054012.0
8078,332500.0,0.0,0.0,-332500.0,685,3721512.0
8079,345590.0,0.0,0.0,-345590.0,685,3375922.0
8080,337811.0,0.0,0.0,-337811.0,685,3038111.0
8081,402660.0,0.0,0.0,-402660.0,685,2635451.0
8082,425100.0,0.0,0.0,-425100.0,685,2210351.0
8083,425400.0,0.0,0.0,-425400.0,685,1784951.0
8084,374680.0,0.0,0.0,-374680.0,685,1410271.0
8085,374680.0,0.0,0.0,-374680.0,685,1035591.0
8086,347460.0,0.0,0.0,-347460.0,685,688131.0
8087,283440.0,0.0,0.0,-283440.0,685,404691.0
8088,254100.0,0.0,0.0,-254100.0,685,150591.0
8089,261300.0,0.0,0.0,-261300.0,685,0.0
8090,261300.0,0.0,0.0,-261300.0,685,0.0
8091,282300.0,37.85,64345.0,-217955.0,685,0.0
8092,282300.0,194.45,330564.99999999994,48264.99999999994,686,48264.99999999994
8093,281400.0,343.86,584562.0,303162.0,686,351426.99999999994
8094,314940.0,541.96,921332.0,606392.0,686,957819.0
8095,366100.0,662.71,1126607.0,760507.0,686,1718326.0
8096,366900.0,693.26,1178542.0,811642.0,686,2529968.0
8097,356280.0,650.11,1105187.0,748907.0,686,3278875.0
8098,356280.0,541.36,920312.0000000001,564032.0000000001,686,3842907.0
8099,396400.0,378.41,643297.0,246897.0,686,4089804.0
8100,392591.0,184.06,312902.0,-79689.0,687,4010115.0
8101,332500.0,13.2,22440.0,-310060.0,687,3700055.0
8102,332500.0,0.0,0.0,-332500.0,687,3367555.0
8103,345590.0,0.0,0.0,-345590.0,687,3021965.0
8104,337811.0,0.0,0.0,-337811.0,687,2684154.0
8105,402660.0,0.0,0.0,-402660.0,687,2281494.0
8106,425100.0,0.0,0.0,-425100.0,687,1856394.0
8107,425400.0,0.0,0.0,-425400.0,687,1430994.0
8108,374680.0,0.0,0.0,-374680.0,687,1056314.0
8109,374680.0,0.0,0.0,-374680.0,687,681634.0
8110,347460.0,0.0,0.0,-347460.0,687,334174.0
8111,283440.0,0.0,0.0,-283440.0,687,50734.0
8112,254100.0,0.0,0.0,-254100.0,687,0.0
8113,404660.0,0.0,0.0,-404660.0,687,0.0
8114,360260.0,0.0,0.0,-360260.0,687,0.0
8115,344120.0,37.08,63035.999999999985,-281084.0,687,0.0
8116,332420.0,176.6,300220.0,-32200.0,687,0.0
8117,331520.0,331.51,563567.0,232047.0,688,232047.0
8118,338420.0,455.01,773516.9999999999,435096.9999999999,688,667143.9999999999
8119,357340.0,603.91,1026647.0,669307.0,688,1336451.0
8120,414160.0,678.81,1153976.9999999998,739816.9999999998,688,2076267.9999999998
8121,451060.0,642.01,1091417.0,640357.0,688,2716625.0
8122,453760.0,536.26,911642.0,457882.0,688,3174507.0
8123,508960.0,373.71,635307.0,126347.0,688,3300854.0
8124,456460.0,182.01,309416.99999999994,-147043.00000000006,689,3153811.0
8125,443260.0,13.2,22440.0,-420820.0,689,2732991.0
8126,1155260.0,0.0,0.0,-1155260.0,689,1577731.0
8127,579280.0,0.0,0.0,-579280.0,689,998451.0
8128,462400.0,0.0,0.0,-462400.0,689,536051.0
8129,470380.0,0.0,0.0,-470380.0,689,65671.0
8130,479600.0,0.0,0.0,-479600.0,689,0.0
8131,479600.0,0.0,0.0,-479600.0,689,0.0
8132,421080.0,0.0,0.0,-421080.0,689,0.0
8133,421380.0,0.0,0.0,-421380.0,689,0.0
8134,402380.0,0.0,0.0,-402380.0,689,0.0
8135,402380.0,0.0,0.0,-402380.0,689,0.0
8136,402380.0,0.0,0.0,-402380.0,689,0.0
8137,404660.0,0.0,0.0,-404660.0,689,0.0
8138,360260.0,0.0,0.0,-360260.0,689,0.0
8139,344120.0,35.83,60911.0,-283209.0,689,0.0
8140,332420.0,176.0,299200.0,-33220.0,689,0.0
8141,331520.0,368.61,626637.0,295117.0,690,295117.0
8142,338420.0,541.66,920821.9999999998,582401.9999999998,690,877518.9999999998
8143,357340.0,645.36,1097112.0,739772.0,690,1617290.9999999998
8144,414160.0,668.81,1136976.9999999998,722816.9999999998,690,2340107.9999999995
8145,451060.0,630.01,1071017.0,619957.0,690,2960064.9999999995
8146,453760.0,532.36,905012.0,451252.0,690,3411316.9999999995
8147,508960.0,372.41,633097.0,124137.0,690,3535453.9999999995
8148,456460.0,181.96,309332.0,-147128.0,691,3388325.9999999995
8149,443260.0,13.15,22355.0,-420905.0,691,2967420.9999999995
8150,1155260.0,0.0,0.0,-1155260.0,691,1812160.9999999995
8151,579280.0,0.0,0.0,-579280.0,691,1232880.9999999995
8152,462400.0,0.0,0.0,-462400.0,691,770480.9999999995
8153,470380.0,0.0,0.0,-470380.0,691,300100.99999999953
8154,479600.0,0.0,0.0,-479600.0,691,0.0
8155,479600.0,0.0,0.0,-479600.0,691,0.0
8156,421080.0,0.0,0.0,-421080.0,691,0.0
8157,421380.0,0.0,0.0,-421380.0,691,0.0
8158,402380.0,0.0,0.0,-402380.0,691,0.0
8159,402380.0,0.0,0.0,-402380.0,691,0.0
8160,402380.0,0.0,0.0,-402380.0,691,0.0
8161,261300.0,0.0,0.0,-261300.0,691,0.0
8162,261300.0,0.0,0.0,-261300.0,691,0.0
8163,282300.0,43.52,73984.0,-208316.0,691,0.0
8164,282300.0,226.21,384557.0,102257.0,692,102257.0
8165,281400.0,414.56,704752.0,423352.0,692,525609.0
8166,314940.0,566.01,962217.0,647277.0,692,1172886.0
8167,366100.0,664.06,1128902.0,762802.0,692,1935688.0
8168,366900.0,691.26,1175142.0,808242.0,692,2743930.0
8169,356280.0,649.11,1103487.0,747207.0,692,3491137.0
8170,356280.0,541.46,920482.0,564202.0,692,4055339.0
8171,396400.0,379.76,645592.0,249192.0,692,4304531.0
8172,392591.0,186.41,316897.0,-75694.0,693,4228837.0
8173,332500.0,13.4,22780.0,-309720.0,693,3919117.0
8174,332500.0,0.0,0.0,-332500.0,693,3586617.0
8175,345590.0,0.0,0.0,-345590.0,693,3241027.0
8176,337811.0,0.0,0.0,-337811.0,693,2903216.0
8177,402660.0,0.0,0.0,-402660.0,693,2500556.0
8178,425100.0,0.0,0.0,-425100.0,693,2075456.0
8179,425400.0,0.0,0.0,-425400.0,693,1650056.0
8180,374680.0,0.0,0.0,-374680.0,693,1275376.0
8181,374680.0,0.0,0.0,-374680.0,693,900696.0
8182,347460.0,0.0,0.0,-347460.0,693,553236.0
8183,283440.0,0.0,0.0,-283440.0,693,269796.0
8184,254100.0,0.0,0.0,-254100.0,693,15696.0
8185,261300.0,0.0,0.0,-261300.0,693,0.0
8186,261300.0,0.0,0.0,-261300.0,693,0.0
8187,282300.0,42.45,72165.0,-210135.0,693,0.0
8188,282300.0,224.76,382092.0,99792.0,694,99792.0
8189,281400.0,413.61,703137.0000000001,421737.0000000001,694,521529.0000000001
8190,314940.0,565.56,961452.0,646512.0,694,1168041.0
8191,366100.0,658.96,1120232.0,754132.0,694,1922173.0
8192,366900.0,686.31,1166727.0,799827.0,694,2722000.0
8193,356280.0,644.91,1096347.0,740067.0,694,3462067.0
8194,356280.0,538.31,915127.0,558847.0,694,4020914.0
8195,396400.0,377.81,642277.0,245877.0,694,4266791.0
8196,392591.0,185.76,315791.99999999994,-76799.00000000006,695,4189992.0
8197,332500.0,13.5,22950.0,-309550.0,695,3880442.0
8198,332500.0,0.0,0.0,-332500.0,695,3547942.0
8199,345590.0,0.0,0.0,-345590.0,695,3202352.0
8200,337811.0,0.0,0.0,-337811.0,695,2864541.0
8201,402660.0,0.0,0.0,-402660.0,695,2461881.0
8202,425100.0,0.0,0.0,-425100.0,695,2036781.0
8203,425400.0,0.0,0.0,-425400.0,695,1611381.0
8204,374680.0,0.0,0.0,-374680.0,695,1236701.0
8205,374680.0,0.0,0.0,-374680.0,695,862021.0
8206,347460.0,0.0,0.0,-347460.0,695,514561.0
8207,283440.0,0.0,0.0,-283440.0,695,231121.0
8208,254100.0,0.0,0.0,-254100.0,695,0.0
8209,261300.0,0.0,0.0,-261300.0,695,0.0
8210,261300.0,0.0,0.0,-261300.0,695,0.0
8211,282300.0,37.68,64056.0,-218244.0,695,0.0
8212,282300.0,217.11,369087.00000000006,86787.00000000006,696,86787.00000000006
8213,281400.0,406.16,690472.0,409072.0,696,495859.00000000006
8214,314940.0,554.91,943347.0,628407.0,696,1124266.0
8215,366100.0,648.11,1101787.0,735687.0,696,1859953.0
8216,366900.0,675.36,1148112.0,781212.0,696,2641165.0
8217,356280.0,613.81,1043477.0,687197.0,696,3328362.0
8218,356280.0,531.31,903227.0,546947.0,696,3875309.0
8219,396400.0,373.21,634457.0,238057.0,696,4113366.0
8220,392591.0,164.55,279735.0,-112856.0,697,4000510.0
8221,332500.0,13.0,22100.0,-310400.0,697,3690110.0
8222,332500.0,0.0,0.0,-332500.0,697,3357610.0
8223,345590.0,0.0,0.0,-345590.0,697,3012020.0
8224,337811.0,0.0,0.0,-337811.0,697,2674209.0
8225,402660.0,0.0,0.0,-402660.0,697,2271549.0
8226,425100.0,0.0,0.0,-425100.0,697,1846449.0
8227,425400.0,0.0,0.0,-425400.0,697,1421049.0
8228,374680.0,0.0,0.0,-374680.0,697,1046369.0
8229,374680.0,0.0,0.0,-374680.0,697,671689.0
8230,347460.0,0.0,0.0,-347460.0,697,324229.0
8231,283440.0,0.0,0.0,-283440.0,697,40789.0
8232,254100.0,0.0,0.0,-254100.0,697,0.0
8233,261300.0,0.0,0.0,-261300.0,697,0.0
8234,261300.0,0.0,0.0,-261300.0,697,0.0
8235,282300.0,39.46,67082.0,-215218.0,697,0.0
8236,282300.0,217.91,370447.0,88147.0,698,88147.0
8237,281400.0,404.81,688177.0,406777.0,698,494924.0
8238,314940.0,555.71,944707.0,629767.0,698,1124691.0
8239,366100.0,649.71,1104507.0,738407.0,698,1863098.0
8240,366900.0,672.96,1144032.0,777132.0,698,2640230.0
8241,356280.0,634.31,1078326.9999999998,722046.9999999998,698,3362277.0
8242,356280.0,530.31,901527.0,545247.0,698,3907524.0
8243,396400.0,374.46,636581.9999999999,240181.99999999988,698,4147706.0
8244,392591.0,180.06,306102.0,-86489.0,699,4061217.0
8245,332500.0,13.5,22950.0,-309550.0,699,3751667.0
8246,332500.0,0.0,0.0,-332500.0,699,3419167.0
8247,345590.0,0.0,0.0,-345590.0,699,3073577.0
8248,337811.0,0.0,0.0,-337811.0,699,2735766.0
8249,402660.0,0.0,0.0,-402660.0,699,2333106.0
8250,425100.0,0.0,0.0,-425100.0,699,1908006.0
8251,425400.0,0.0,0.0,-425400.0,699,1482606.0
8252,374680.0,0.0,0.0,-374680.0,699,1107926.0
8253,374680.0,0.0,0.0,-374680.0,699,733246.0
8254,347460.0,0.0,0.0,-347460.0,699,385786.0
8255,283440.0,0.0,0.0,-283440.0,699,102346.0
8256,254100.0,0.0,0.0,-254100.0,699,0.0
8257,261300.0,0.0,0.0,-261300.0,699,0.0
8258,261300.0,0.0,0.0,-261300.0,699,0.0
8259,282300.0,35.18,59806.0,-222494.0,699,0.0
8260,282300.0,202.91,344947.0,62647.0,700,62647.0
8261,281400.0,359.81,611677.0,330277.0,700,392924.0
8262,314940.0,441.56,750652.0,435712.0,700,828636.0
8263,366100.0,624.26,1061242.0,695142.0,700,1523778.0
8264,366900.0,667.61,1134937.0,768037.0,700,2291815.0
8265,356280.0,603.36,1025712.0,669432.0,700,2961247.0
8266,356280.0,527.61,896937.0,540657.0,700,3501904.0
8267,396400.0,360.91,613547.0,217147.0,700,3719051.0
8268,392591.0,182.16,309672.0,-82919.0,701,3636132.0
8269,332500.0,13.75,23375.0,-309125.0,701,3327007.0
8270,332500.0,0.0,0.0,-332500.0,701,2994507.0
8271,345590.0,0.0,0.0,-345590.0,701,2648917.0
8272,337811.0,0.0,0.0,-337811.0,701,2311106.0
8273,402660.0,0.0,0.0,-402660.0,701,1908446.0
8274,425100.0,0.0,0.0,-425100.0,701,1483346.0
8275,425400.0,0.0,0.0,-425400.0,701,1057946.0
8276,374680.0,0.0,0.0,-374680.0,701,683266.0
8277,374680.0,0.0,0.0,-374680.0,701,308586.0
8278,347460.0,0.0,0.0,-347460.0,701,0.0
8279,283440.0,0.0,0.0,-283440.0,701,0.0
8280,254100.0,0.0,0.0,-254100.0,701,0.0
8281,404660.0,0.0,0.0,-404660.0,701,0.0
8282,360260.0,0.0,0.0,-360260.0,701,0.0
8283,344120.0,37.92,64464.0,-279656.0,701,0.0
8284,332420.0,216.01,367216.99999999994,34796.99999999994,702,34796.99999999994
8285,331520.0,405.81,689877.0,358357.0,702,393153.99999999994
8286,338420.0,560.61,953037.0,614617.0,702,1007771.0
8287,357340.0,657.36,1117512.0,760172.0,702,1767943.0
8288,414160.0,690.01,1173017.0,758857.0,702,2526800.0
8289,451060.0,651.96,1108332.0,657272.0,702,3184072.0
8290,453760.0,548.51,932467.0,478707.0,702,3662779.0
8291,508960.0,386.86,657662.0000000001,148702.00000000012,702,3811481.0
8292,456460.0,194.16,330072.0,-126388.0,703,3685093.0
8293,443260.0,14.35,24395.0,-418865.0,703,3266228.0
8294,1155260.0,0.0,0.0,-1155260.0,703,2110968.0
8295,579280.0,0.0,0.0,-579280.0,703,1531688.0
8296,462400.0,0.0,0.0,-462400.0,703,1069288.0
8297,470380.0,0.0,0.0,-470380.0,703,598908.0
8298,479600.0,0.0,0.0,-479600.0,703,119308.0
8299,479600.0,0.0,0.0,-479600.0,703,0.0
8300,421080.0,0.0,0.0,-421080.0,703,0.0
8301,421380.0,0.0,0.0,-421380.0,703,0.0
8302,402380.0,0.0,0.0,-402380.0,703,0.0
8303,402380.0,0.0,0.0,-402380.0,703,0.0
8304,402380.0,0.0,0.0,-402380.0,703,0.0
8305,404660.0,0.0,0.0,-404660.0,703,0.0
8306,360260.0,0.0,0.0,-360260.0,703,0.0
8307,344120.0,38.41,65297.0,-278823.0,703,0.0
8308,332420.0,224.36,381412.0,48992.0,704,48992.0
8309,331520.0,419.21,712657.0,381137.0,704,430129.0
8310,338420.0,575.76,978791.9999999998,640371.9999999998,704,1070500.9999999998
8311,357340.0,673.46,1144882.0000000002,787542.0000000002,704,1858043.0
8312,414160.0,704.96,1198432.0,784272.0,704,2642315.0
8313,451060.0,665.81,1131876.9999999998,680816.9999999998,704,3323132.0
8314,453760.0,559.31,950827.0,497067.0,704,3820199.0
8315,508960.0,396.41,673897.0000000001,164937.00000000012,704,3985136.0
8316,456460.0,198.96,338232.0,-118228.0,705,3866908.0
8317,443260.0,14.5,24650.0,-418610.0,705,3448298.0
8318,1155260.0,0.0,0.0,-1155260.0,705,2293038.0
8319,579280.0,0.0,0.0,-579280.0,705,1713758.0
8320,462400.0,0.0,0.0,-462400.0,705,1251358.0
8321,470380.0,0.0,0.0,-470380.0,705,780978.0
8322,479600.0,0.0,0.0,-479600.0,705,301378.0
8323,479600.0,0.0,0.0,-479600.0,705,0.0
8324,421080.0,0.0,0.0,-421080.0,705,0.0
8325,421380.0,0.0,0.0,-421380.0,705,0.0
8326,402380.0,0.0,0.0,-402380.0,705,0.0
8327,402380.0,0.0,0.0,-402380.0,705,0.0
8328,402380.0,0.0,0.0,-402380.0,705,0.0
8329,261300.0,0.0,0.0,-261300.0,705,0.0
8330,261300.0,0.0,0.0,-261300.0,705,0.0
8331,282300.0,36.86,62662.0,-219638.0,705,0.0
8332,282300.0,219.96,373932.00000000006,91632.00000000006,706,91632.00000000006
8333,281400.0,413.36,702712.0,421312.0,706,512944.00000000006
8334,314940.0,569.86,968762.0,653822.0,706,1166766.0
8335,366100.0,667.61,1134937.0,768837.0,706,1935603.0
8336,366900.0,699.96,1189932.0,823032.0,706,2758635.0
8337,356280.0,661.91,1125247.0,768967.0,706,3527602.0
8338,356280.0,556.96,946832.0,590552.0,706,4118154.0
8339,396400.0,395.96,673132.0,276732.0,706,4394886.0
8340,392591.0,199.96,339932.0,-52659.0,707,4342227.0
8341,332500.0,26.31,44727.0,-287773.0,707,4054454.0
8342,332500.0,0.0,0.0,-332500.0,707,3721954.0
8343,345590.0,0.0,0.0,-345590.0,707,3376364.0
8344,337811.0,0.0,0.0,-337811.0,707,3038553.0
8345,402660.0,0.0,0.0,-402660.0,707,2635893.0
8346,425100.0,0.0,0.0,-425100.0,707,2210793.0
8347,425400.0,0.0,0.0,-425400.0,707,1785393.0
8348,374680.0,0.0,0.0,-374680.0,707,1410713.0
8349,374680.0,0.0,0.0,-374680.0,707,1036033.0
8350,347460.0,0.0,0.0,-347460.0,707,688573.0
8351,283440.0,0.0,0.0,-283440.0,707,405133.0
8352,254100.0,0.0,0.0,-254100.0,707,151033.0
8353,261300.0,0.0,0.0,-261300.0,707,0.0
8354,261300.0,0.0,0.0,-261300.0,707,0.0
8355,282300.0,35.77,60809.0,-221491.0,707,0.0
8356,282300.0,217.91,370447.0,88147.0,708,88147.0
8357,281400.0,411.86,700162.0,418762.0,708,506909.0
8358,314940.0,569.06,967401.9999999998,652461.9999999998,708,1159370.9999999998
8359,366100.0,669.36,1137912.0000000002,771812.0000000002,708,1931183.0
8360,366900.0,701.76,1192991.9999999998,826091.9999999998,708,2757275.0
8361,356280.0,663.86,1128562.0,772282.0,708,3529557.0
8362,356280.0,558.86,950062.0,593782.0,708,4123339.0
8363,396400.0,397.61,675937.0,279537.0,708,4402876.0
8364,392591.0,201.36,342312.0,-50279.0,709,4352597.0
8365,332500.0,26.9,45730.0,-286770.0,709,4065827.0
8366,332500.0,0.0,0.0,-332500.0,709,3733327.0
8367,345590.0,0.0,0.0,-345590.0,709,3387737.0
8368,337811.0,0.0,0.0,-337811.0,709,3049926.0
8369,402660.0,0.0,0.0,-402660.0,709,2647266.0
8370,425100.0,0.0,0.0,-425100.0,709,2222166.0
8371,425400.0,0.0,0.0,-425400.0,709,1796766.0
8372,374680.0,0.0,0.0,-374680.0,709,1422086.0
8373,374680.0,0.0,0.0,-374680.0,709,1047406.0
8374,347460.0,0.0,0.0,-347460.0,709,699946.0
8375,283440.0,0.0,0.0,-283440.0,709,416506.0
8376,254100.0,0.0,0.0,-254100.0,709,162406.0
8377,261300.0,0.0,0.0,-261300.0,709,0.0
8378,261300.0,0.0,0.0,-261300.0,709,0.0
8379,282300.0,35.37,60129.0,-222171.0,709,0.0
8380,282300.0,220.01,374016.99999999994,91716.99999999994,710,91716.99999999994
8381,281400.0,416.91,708747.0,427347.0,710,519063.99999999994
8382,314940.0,576.46,979982.0000000001,665042.0000000001,710,1184106.0
8383,366100.0,678.61,1153637.0,787537.0,710,1971643.0
8384,366900.0,711.76,1209992.0,843092.0,710,2814735.0
8385,356280.0,673.41,1144797.0,788517.0,710,3603252.0
8386,356280.0,567.06,964001.9999999998,607721.9999999998,710,4210974.0
8387,396400.0,403.96,686732.0,290332.0,710,4501306.0
8388,392591.0,205.31,349027.0,-43564.0,711,4457742.0
8389,332500.0,27.84,47328.0,-285172.0,711,4172570.0
8390,332500.0,0.0,0.0,-332500.0,711,3840070.0
8391,345590.0,0.0,0.0,-345590.0,711,3494480.0
8392,337811.0,0.0,0.0,-337811.0,711,3156669.0
8393,402660.0,0.0,0.0,-402660.0,711,2754009.0
8394,425100.0,0.0,0.0,-425100.0,711,2328909.0
8395,425400.0,0.0,0.0,-425400.0,711,1903509.0
8396,374680.0,0.0,0.0,-374680.0,711,1528829.0
8397,374680.0,0.0,0.0,-374680.0,711,1154149.0
8398,347460.0,0.0,0.0,-347460.0,711,806689.0
8399,283440.0,0.0,0.0,-283440.0,711,523249.0
8400,254100.0,0.0,0.0,-254100.0,711,269149.0
8401,261300.0,0.0,0.0,-261300.0,711,7849.0
8402,261300.0,0.0,0.0,-261300.0,711,0.0
8403,282300.0,34.63,58871.0,-223429.0,711,0.0
8404,282300.0,219.91,373847.0,91547.0,712,91547.0
8405,281400.0,418.01,710617.0,429217.0,712,520764.0
8406,314940.0,578.76,983891.9999999998,668951.9999999998,712,1189715.9999999998
8407,366100.0,681.16,1157972.0,791872.0,712,1981587.9999999998
8408,366900.0,715.41,1216197.0,849297.0,712,2830885.0
8409,356280.0,677.51,1151767.0,795487.0,712,3626372.0
8410,356280.0,571.11,970887.0,614607.0,712,4240979.0
8411,396400.0,407.41,692597.0000000001,296197.0000000001,712,4537176.0
8412,392591.0,207.86,353362.00000000006,-39228.99999999994,713,4497947.0
8413,332500.0,28.59,48603.0,-283897.0,713,4214050.0
8414,332500.0,0.0,0.0,-332500.0,713,3881550.0
8415,345590.0,0.0,0.0,-345590.0,713,3535960.0
8416,337811.0,0.0,0.0,-337811.0,713,3198149.0
8417,402660.0,0.0,0.0,-402660.0,713,2795489.0
8418,425100.0,0.0,0.0,-425100.0,713,2370389.0
8419,425400.0,0.0,0.0,-425400.0,713,1944989.0
8420,374680.0,0.0,0.0,-374680.0,713,1570309.0
8421,374680.0,0.0,0.0,-374680.0,713,1195629.0
8422,347460.0,0.0,0.0,-347460.0,713,848169.0
8423,283440.0,0.0,0.0,-283440.0,713,564729.0
8424,254100.0,0.0,0.0,-254100.0,713,310629.0
8425,261300.0,0.0,0.0,-261300.0,713,49329.0
8426,261300.0,0.0,0.0,-261300.0,713,0.0
8427,282300.0,33.36,56712.0,-225588.0,713,0.0
8428,282300.0,216.41,367897.0,85597.0,714,85597.0
8429,281400.0,413.66,703222.0,421822.0,714,507419.0
8430,314940.0,573.81,975476.9999999998,660536.9999999998,714,1167955.9999999998
8431,366100.0,675.51,1148367.0,782267.0,714,1950222.9999999998
8432,366900.0,711.06,1208801.9999999998,841901.9999999998,714,2792124.9999999995
8433,356280.0,673.61,1145137.0,788857.0,714,3580981.9999999995
8434,356280.0,569.46,968082.0000000001,611802.0000000001,714,4192783.9999999995
8435,396400.0,406.71,691406.9999999999,295006.9999999999,714,4487790.999999999
8436,392591.0,208.91,355146.99999999994,-37444.00000000006,715,4450346.999999999
8437,332500.0,29.24,49708.0,-282792.0,715,4167554.999999999
8438,332500.0,0.0,0.0,-332500.0,715,3835054.999999999
8439,345590.0,0.0,0.0,-345590.0,715,3489464.999999999
8440,337811.0,0.0,0.0,-337811.0,715,3151653.999999999
8441,402660.0,0.0,0.0,-402660.0,715,2748993.999999999
8442,425100.0,0.0,0.0,-425100.0,715,2323893.999999999
8443,425400.0,0.0,0.0,-425400.0,715,1898493.999999999
8444,374680.0,0.0,0.0,-374680.0,715,1523813.999999999
8445,374680.0,0.0,0.0,-374680.0,715,1149133.999999999
8446,347460.0,0.0,0.0,-347460.0,715,801673.9999999991
8447,283440.0,0.0,0.0,-283440.0,715,518233.99999999907
8448,254100.0,0.0,0.0,-254100.0,715,264133.99999999907
8449,404660.0,0.0,0.0,-404660.0,715,0.0
8450,360260.0,0.0,0.0,-360260.0,715,0.0
8451,344120.0,32.67,55539.00000000001,-288581.0,715,0.0
8452,332420.0,215.71,366707.0,34287.0,716,34287.0
8453,331520.0,414.16,704072.0,372552.0,716,406839.0
8454,338420.0,576.61,980237.0000000001,641817.0000000001,716,1048656.0
8455,357340.0,678.66,1153721.9999999998,796381.9999999998,716,1845037.9999999998
8456,414160.0,705.46,1199282.0000000002,785122.0000000002,716,2630160.0
8457,451060.0,674.16,1146072.0,695012.0,716,3325172.0
8458,453760.0,569.36,967912.0,514152.0,716,3839324.0
8459,508960.0,407.21,692256.9999999999,183296.99999999988,716,4022621.0
8460,456460.0,188.51,320466.99999999994,-135993.00000000006,717,3886628.0
8461,443260.0,27.81,47276.99999999999,-395983.0,717,3490645.0
8462,1155260.0,0.0,0.0,-1155260.0,717,2335385.0
8463,579280.0,0.0,0.0,-579280.0,717,1756105.0
8464,462400.0,0.0,0.0,-462400.0,717,1293705.0
8465,470380.0,0.0,0.0,-470380.0,717,823325.0
8466,479600.0,0.0,0.0,-479600.0,717,343725.0
8467,479600.0,0.0,0.0,-479600.0,717,0.0
8468,421080.0,0.0,0.0,-421080.0,717,0.0
8469,421380.0,0.0,0.0,-421380.0,717,0.0
8470,402380.0,0.0,0.0,-402380.0,717,0.0
8471,402380.0,0.0,0.0,-402380.0,717,0.0
8472,402380.0,0.0,0.0,-402380.0,717,0.0
8473,404660.0,0.0,0.0,-404660.0,717,0.0
8474,360260.0,0.0,0.0,-360260.0,717,0.0
8475,344120.0,28.4,48279.99999999999,-295840.0,717,0.0
8476,332420.0,196.81,334577.0,2157.0,718,2157.0
8477,331520.0,396.26,673642.0,342122.0,718,344279.0
8478,338420.0,550.56,935951.9999999998,597531.9999999998,718,941810.9999999998
8479,357340.0,643.46,1093882.0,736542.0,718,1678352.9999999998
8480,414160.0,655.21,1113857.0000000002,699697.0000000002,718,2378050.0
8481,451060.0,603.71,1026307.0000000001,575247.0000000001,718,2953297.0
8482,453760.0,514.81,875177.0,421417.0,718,3374714.0
8483,508960.0,346.01,588217.0,79257.0,718,3453971.0
8484,456460.0,182.65,310505.0,-145955.0,719,3308016.0
8485,443260.0,28.25,48025.0,-395235.0,719,2912781.0
8486,1155260.0,0.0,0.0,-1155260.0,719,1757521.0
8487,579280.0,0.0,0.0,-579280.0,719,1178241.0
8488,462400.0,0.0,0.0,-462400.0,719,715841.0
8489,470380.0,0.0,0.0,-470380.0,719,245461.0
8490,479600.0,0.0,0.0,-479600.0,719,0.0
8491,479600.0,0.0,0.0,-479600.0,719,0.0
8492,421080.0,0.0,0.0,-421080.0,719,0.0
8493,421380.0,0.0,0.0,-421380.0,719,0.0
8494,402380.0,0.0,0.0,-402380.0,719,0.0
8495,402380.0,0.0,0.0,-402380.0,719,0.0
8496,402380.0,0.0,0.0,-402380.0,719,0.0
8497,261300.0,0.0,0.0,-261300.0,719,0.0
8498,261300.0,0.0,0.0,-261300.0,719,0.0
8499,282300.0,26.47,44999.0,-237301.0,719,0.0
8500,282300.0,177.0,300900.0,18600.0,720,18600.0
8501,281400.0,363.56,618052.0,336652.0,720,355252.0
8502,314940.0,532.01,904417.0,589477.0,720,944729.0
8503,366100.0,665.81,1131876.9999999998,765776.9999999998,720,1710505.9999999998
8504,366900.0,695.71,1182707.0,815807.0,720,2526313.0
8505,356280.0,653.41,1110796.9999999998,754516.9999999998,720,3280830.0
8506,356280.0,548.26,932042.0,575762.0,720,3856592.0
8507,396400.0,386.16,656472.0,260072.0,720,4116664.0
8508,392591.0,184.7,313989.99999999994,-78601.00000000006,721,4038063.0
8509,332500.0,30.15,51255.0,-281245.0,721,3756818.0
8510,332500.0,0.0,0.0,-332500.0,721,3424318.0
8511,345590.0,0.0,0.0,-345590.0,721,3078728.0
8512,337811.0,0.0,0.0,-337811.0,721,2740917.0
8513,402660.0,0.0,0.0,-402660.0,721,2338257.0
8514,425100.0,0.0,0.0,-425100.0,721,1913157.0
8515,425400.0,0.0,0.0,-425400.0,721,1487757.0
8516,374680.0,0.0,0.0,-374680.0,721,1113077.0
8517,374680.0,0.0,0.0,-374680.0,721,738397.0
8518,347460.0,0.0,0.0,-347460.0,721,390937.0
8519,283440.0,0.0,0.0,-283440.0,721,107497.0
8520,254100.0,0.0,0.0,-254100.0,721,0.0
8521,261300.0,0.0,0.0,-261300.0,721,0.0
8522,261300.0,0.0,0.0,-261300.0,721,0.0
8523,282300.0,29.16,49572.0,-232728.0,721,0.0
8524,282300.0,204.06,346902.0,64602.0,722,64602.0
8525,281400.0,397.51,675767.0,394367.0,722,458969.0
8526,314940.0,556.01,945217.0,630277.0,722,1089246.0
8527,366100.0,658.51,1119467.0,753367.0,722,1842613.0
8528,366900.0,693.76,1179392.0,812492.0,722,2655105.0
8529,356280.0,659.16,1120572.0,764292.0,722,3419397.0
8530,356280.0,557.91,948447.0,592167.0,722,4011564.0
8531,396400.0,400.46,680782.0,284382.0,722,4295946.0
8532,392591.0,207.71,353107.0,-39484.0,723,4256462.0
8533,332500.0,31.41,53397.0,-279103.0,723,3977359.0
8534,332500.0,0.0,0.0,-332500.0,723,3644859.0
8535,345590.0,0.0,0.0,-345590.0,723,3299269.0
8536,337811.0,0.0,0.0,-337811.0,723,2961458.0
8537,402660.0,0.0,0.0,-402660.0,723,2558798.0
8538,425100.0,0.0,0.0,-425100.0,723,2133698.0
8539,425400.0,0.0,0.0,-425400.0,723,1708298.0
8540,374680.0,0.0,0.0,-374680.0,723,1333618.0
8541,374680.0,0.0,0.0,-374680.0,723,958938.0
8542,347460.0,0.0,0.0,-347460.0,723,611478.0
8543,283440.0,0.0,0.0,-283440.0,723,328038.0
8544,254100.0,0.0,0.0,-254100.0,723,73938.0
8545,261300.0,0.0,0.0,-261300.0,723,0.0
8546,261300.0,0.0,0.0,-261300.0,723,0.0
8547,282300.0,28.52,48484.0,-233816.0,723,0.0
8548,282300.0,203.61,346137.0,63837.0,724,63837.0
8549,281400.0,398.81,677977.0,396577.0,724,460414.0
8550,314940.0,559.36,950912.0,635972.0,724,1096386.0
8551,366100.0,662.11,1125587.0,759487.0,724,1855873.0
8552,366900.0,699.71,1189507.0,822607.0,724,2678480.0
8553,356280.0,666.86,1133662.0,777382.0,724,3455862.0
8554,356280.0,566.11,962387.0,606107.0,724,4061969.0
8555,396400.0,407.86,693362.0,296962.0,724,4358931.0
8556,392591.0,212.81,361777.0,-30814.0,725,4328117.0
8557,332500.0,32.81,55777.0,-276723.0,725,4051394.0
8558,332500.0,0.0,0.0,-332500.0,725,3718894.0
8559,345590.0,0.0,0.0,-345590.0,725,3373304.0
8560,337811.0,0.0,0.0,-337811.0,725,3035493.0
8561,402660.0,0.0,0.0,-402660.0,725,2632833.0
8562,425100.0,0.0,0.0,-425100.0,725,2207733.0
8563,425400.0,0.0,0.0,-425400.0,725,1782333.0
8564,374680.0,0.0,0.0,-374680.0,725,1407653.0
8565,374680.0,0.0,0.0,-374680.0,725,1032973.0
8566,347460.0,0.0,0.0,-347460.0,725,685513.0
8567,283440.0,0.0,0.0,-283440.0,725,402073.0
8568,254100.0,0.0,0.0,-254100.0,725,147973.0
8569,261300.0,0.0,0.0,-261300.0,725,0.0
8570,261300.0,0.0,0.0,-261300.0,725,0.0
8571,282300.0,28.25,48025.0,-234275.0,725,0.0
8572,282300.0,205.66,349622.0,67322.0,726,67322.0
8573,281400.0,402.31,683927.0,402527.0,726,469849.0
8574,314940.0,564.61,959837.0,644897.0,726,1114746.0
8575,366100.0,672.16,1142672.0,776572.0,726,1891318.0
8576,366900.0,709.96,1206932.0,840032.0,726,2731350.0
8577,356280.0,675.91,1149047.0,792767.0,726,3524117.0
8578,356280.0,573.41,974797.0,618517.0,726,4142634.0
8579,396400.0,413.26,702542.0,306142.0,726,4448776.0
8580,392591.0,216.51,368066.99999999994,-24524.00000000006,727,4424252.0
8581,332500.0,33.95,57715.0,-274785.0,727,4149467.0
8582,332500.0,0.0,0.0,-332500.0,727,3816967.0
8583,345590.0,0.0,0.0,-345590.0,727,3471377.0
8584,337811.0,0.0,0.0,-337811.0,727,3133566.0
8585,402660.0,0.0,0.0,-402660.0,727,2730906.0
8586,425100.0,0.0,0.0,-425100.0,727,2305806.0
8587,425400.0,0.0,0.0,-425400.0,727,1880406.0
8588,374680.0,0.0,0.0,-374680.0,727,1505726.0
8589,374680.0,0.0,0.0,-374680.0,727,1131046.0
8590,347460.0,0.0,0.0,-347460.0,727,783586.0
8591,283440.0,0.0,0.0,-283440.0,727,500146.0
8592,254100.0,0.0,0.0,-254100.0,727,246046.0
8593,361060.0,0.0,0.0,-361060.0,727,0.0
8594,361060.0,0.0,0.0,-361060.0,727,0.0
8595,288840.0,27.37,46529.00000000001,-242311.0,727,0.0
8596,298440.0,202.71,344607.0,46167.0,728,46167.0
8597,297840.0,398.81,677977.0,380137.0,728,426304.0
8598,352760.0,559.81,951676.9999999998,598916.9999999998,728,1025220.9999999998
8599,361360.0,666.71,1133407.0,772047.0,728,1797267.9999999998
8600,362560.0,703.91,1196646.9999999998,834086.9999999998,728,2631354.9999999995
8601,351940.0,670.56,1139951.9999999998,788011.9999999998,728,3419366.999999999
8602,351940.0,569.86,968762.0,616822.0,728,4036188.999999999
8603,434060.0,411.86,700162.0,266102.0,728,4302290.999999999
8604,381560.0,216.81,368577.0,-12983.0,729,4289307.999999999
8605,381560.0,34.71,59007.0,-322553.0,729,3966754.999999999
8606,381560.0,0.0,0.0,-381560.0,729,3585194.999999999
8607,402980.0,0.0,0.0,-402980.0,729,3182214.999999999
8608,1104480.0,0.0,0.0,-1104480.0,729,2077734.999999999
8609,392780.0,0.0,0.0,-392780.0,729,1684954.999999999
8610,404600.0,0.0,0.0,-404600.0,729,1280354.999999999
8611,405200.0,0.0,0.0,-405200.0,729,875154.9999999991
8612,365380.0,0.0,0.0,-365380.0,729,509774.99999999907
8613,365980.0,0.0,0.0,-365980.0,729,143794.99999999907
8614,362080.0,0.0,0.0,-362080.0,729,0.0
8615,351460.0,0.0,0.0,-351460.0,729,0.0
8616,351460.0,0.0,0.0,-351460.0,729,0.0
8617,404660.0,0.0,0.0,-404660.0,729,0.0
8618,360260.0,0.0,0.0,-360260.0,729,0.0
8619,344120.0,15.0,25500.0,-318620.0,729,0.0
8620,332420.0,202.91,344947.0,12527.0,730,12527.0
8621,331520.0,400.11,680187.0,348667.0,730,361194.0
8622,338420.0,562.21,955757.0,617337.0,730,978531.0
8623,357340.0,666.16,1132472.0,775132.0,730,1753663.0
8624,414160.0,703.71,1196307.0,782147.0,730,2535810.0
8625,451060.0,670.86,1140462.0,689402.0,730,3225212.0
8626,453760.0,570.81,970376.9999999998,516616.99999999977,730,3741829.0
8627,508960.0,413.66,703222.0,194262.0,730,3936091.0
8628,456460.0,219.21,372657.00000000006,-83802.99999999994,731,3852288.0
8629,443260.0,35.86,60961.999999999985,-382298.0,731,3469990.0
8630,1155260.0,0.0,0.0,-1155260.0,731,2314730.0
8631,579280.0,0.0,0.0,-579280.0,731,1735450.0
8632,462400.0,0.0,0.0,-462400.0,731,1273050.0
8633,470380.0,0.0,0.0,-470380.0,731,802670.0
8634,479600.0,0.0,0.0,-479600.0,731,323070.0
8635,479600.0,0.0,0.0,-479600.0,731,0.0
8636,421080.0,0.0,0.0,-421080.0,731,0.0
8637,421380.0,0.0,0.0,-421380.0,731,0.0
8638,402380.0,0.0,0.0,-402380.0,731,0.0
8639,402380.0,0.0,0.0,-402380.0,731,0.0
8640,402380.0,0.0,0.0,-402380.0,731,0.0
8641,404660.0,0.0,0.0,-404660.0,731,0.0
8642,360260.0,0.0,0.0,-360260.0,731,0.0
8643,344120.0,14.75,25075.0,-319045.0,731,0.0
8644,332420.0,206.36,350812.00000000006,18392.00000000006,732,18392.00000000006
8645,331520.0,410.71,698206.9999999999,366686.9999999999,732,385078.99999999994
8646,338420.0,580.26,986442.0,648022.0,732,1033101.0
8647,357340.0,692.66,1177522.0,820182.0,732,1853283.0
8648,414160.0,734.56,1248752.0,834592.0,732,2687875.0
8649,451060.0,702.56,1194352.0,743292.0,732,3431167.0
8650,453760.0,599.71,1019507.0000000001,565747.0000000001,732,3996914.0
8651,508960.0,436.51,742067.0,233107.0,732,4230021.0
8652,456460.0,233.56,397052.0,-59408.0,733,4170613.0
8653,443260.0,38.97,66249.0,-377011.0,733,3793602.0
8654,1155260.0,0.0,0.0,-1155260.0,733,2638342.0
8655,579280.0,0.0,0.0,-579280.0,733,2059062.0
8656,462400.0,0.0,0.0,-462400.0,733,1596662.0
8657,470380.0,0.0,0.0,-470380.0,733,1126282.0
8658,479600.0,0.0,0.0,-479600.0,733,646682.0
8659,479600.0,0.0,0.0,-479600.0,733,167082.0
8660,421080.0,0.0,0.0,-421080.0,733,0.0
8661,421380.0,0.0,0.0,-421380.0,733,0.0
8662,402380.0,0.0,0.0,-402380.0,733,0.0
8663,402380.0,0.0,0.0,-402380.0,733,0.0
8664,402380.0,0.0,0.0,-402380.0,733,0.0
8665,261300.0,0.0,0.0,-261300.0,733,0.0
8666,261300.0,0.0,0.0,-261300.0,733,0.0
8667,282300.0,14.75,25075.0,-257225.0,733,0.0
8668,282300.0,209.26,355742.0,73442.0,734,73442.0
8669,281400.0,413.11,702287.0000000001,420887.0000000001,734,494329.0000000001
8670,314940.0,580.11,986187.0,671247.0,734,1165576.0
8671,366100.0,687.66,1169021.9999999998,802921.9999999998,734,1968497.9999999998
8672,366900.0,727.41,1236597.0,869697.0,734,2838195.0
8673,356280.0,695.06,1181601.9999999998,825321.9999999998,734,3663517.0
8674,356280.0,593.21,1008457.0,652177.0,734,4315694.0
8675,396400.0,431.96,734331.9999999999,337931.9999999999,734,4653626.0
8676,392591.0,231.56,393652.00000000006,1061.0000000000582,734,4654687.0
8677,332500.0,39.38,66946.00000000001,-265554.0,735,4389133.0
8678,332500.0,0.0,0.0,-332500.0,735,4056633.0
8679,345590.0,0.0,0.0,-345590.0,735,3711043.0
8680,337811.0,0.0,0.0,-337811.0,735,3373232.0
8681,402660.0,0.0,0.0,-402660.0,735,2970572.0
8682,425100.0,0.0,0.0,-425100.0,735,2545472.0
8683,425400.0,0.0,0.0,-425400.0,735,2120072.0
8684,374680.0,0.0,0.0,-374680.0,735,1745392.0
8685,374680.0,0.0,0.0,-374680.0,735,1370712.0
8686,347460.0,0.0,0.0,-347460.0,735,1023252.0
8687,283440.0,0.0,0.0,-283440.0,735,739812.0
8688,254100.0,0.0,0.0,-254100.0,735,485712.0
8689,261300.0,0.0,0.0,-261300.0,735,224412.0
8690,261300.0,0.0,0.0,-261300.0,735,0.0
8691,282300.0,14.35,24395.0,-257905.0,735,0.0
8692,282300.0,203.91,346647.0,64347.0,736,64347.0
8693,281400.0,404.96,688432.0,407032.0,736,471379.0
8694,314940.0,570.31,969527.0,654587.0,736,1125966.0
8695,366100.0,676.66,1150321.9999999998,784221.9999999998,736,1910187.9999999998
8696,366900.0,716.76,1218492.0,851592.0,736,2761780.0
8697,356280.0,685.31,1165027.0,808747.0,736,3570527.0
8698,356280.0,585.26,994942.0,638662.0,736,4209189.0
8699,396400.0,426.41,724897.0,328497.0,736,4537686.0
8700,392591.0,228.91,389147.0,-3444.0,737,4534242.0
8701,332500.0,39.63,67371.00000000001,-265129.0,737,4269113.0
8702,332500.0,0.0,0.0,-332500.0,737,3936613.0
8703,345590.0,0.0,0.0,-345590.0,737,3591023.0
8704,337811.0,0.0,0.0,-337811.0,737,3253212.0
8705,402660.0,0.0,0.0,-402660.0,737,2850552.0
8706,425100.0,0.0,0.0,-425100.0,737,2425452.0
8707,425400.0,0.0,0.0,-425400.0,737,2000052.0
8708,374680.0,0.0,0.0,-374680.0,737,1625372.0
8709,374680.0,0.0,0.0,-374680.0,737,1250692.0
8710,347460.0,0.0,0.0,-347460.0,737,903232.0
8711,283440.0,0.0,0.0,-283440.0,737,619792.0
8712,254100.0,0.0,0.0,-254100.0,737,365692.0
8713,261300.0,0.0,0.0,-261300.0,737,104392.0
8714,261300.0,0.0,0.0,-261300.0,737,0.0
8715,282300.0,14.05,23885.0,-258415.0,737,0.0
8716,282300.0,199.51,339167.0,56867.0,738,56867.0
8717,281400.0,399.36,678912.0,397512.0,738,454379.0
8718,314940.0,565.31,961027.0,646087.0,738,1100466.0
8719,366100.0,674.11,1145987.0,779887.0,738,1880353.0
8720,366900.0,716.41,1217897.0,850997.0,738,2731350.0
8721,356280.0,686.66,1167321.9999999998,811041.9999999998,738,3542392.0
8722,356280.0,587.51,998767.0,642487.0,738,4184879.0
8723,396400.0,429.41,729997.0,333597.0,738,4518476.0
8724,392591.0,232.21,394757.0,2166.0,738,4520642.0
8725,332500.0,41.22,70074.0,-262426.0,739,4258216.0
8726,332500.0,0.0,0.0,-332500.0,739,3925716.0
8727,345590.0,0.0,0.0,-345590.0,739,3580126.0
8728,337811.0,0.0,0.0,-337811.0,739,3242315.0
8729,402660.0,0.0,0.0,-402660.0,739,2839655.0
8730,425100.0,0.0,0.0,-425100.0,739,2414555.0
8731,425400.0,0.0,0.0,-425400.0,739,1989155.0
8732,374680.0,0.0,0.0,-374680.0,739,1614475.0
8733,374680.0,0.0,0.0,-374680.0,739,1239795.0
8734,347460.0,0.0,0.0,-347460.0,739,892335.0
8735,283440.0,0.0,0.0,-283440.0,739,608895.0
8736,254100.0,0.0,0.0,-254100.0,739,354795.0
8737,261300.0,0.0,0.0,-261300.0,739,93495.0
8738,261300.0,0.0,0.0,-261300.0,739,0.0
8739,282300.0,14.05,23885.0,-258415.0,739,0.0
8740,282300.0,197.46,335682.0,53382.0,740,53382.0
8741,281400.0,405.31,689027.0,407627.0,740,461009.0
8742,314940.0,572.21,972757.0,657817.0,740,1118826.0
8743,366100.0,682.96,1161032.0,794932.0,740,1913758.0
8744,366900.0,725.01,1232517.0,865617.0,740,2779375.0
8745,356280.0,693.46,1178882.0000000002,822602.0000000002,740,3601977.0
8746,356280.0,594.71,1011007.0000000001,654727.0000000001,740,4256704.0
8747,396400.0,435.66,740622.0000000001,344222.0000000001,740,4600926.0
8748,392591.0,237.01,402917.0,10326.0,740,4611252.0
8749,332500.0,42.94,72998.0,-259502.0,741,4351750.0
8750,332500.0,0.0,0.0,-332500.0,741,4019250.0
8751,345590.0,0.0,0.0,-345590.0,741,3673660.0
8752,337811.0,0.0,0.0,-337811.0,741,3335849.0
8753,402660.0,0.0,0.0,-402660.0,741,2933189.0
8754,425100.0,0.0,0.0,-425100.0,741,2508089.0
8755,425400.0,0.0,0.0,-425400.0,741,2082689.0
8756,374680.0,0.0,0.0,-374680.0,741,1708009.0
8757,374680.0,0.0,0.0,-374680.0,741,1333329.0
8758,347460.0,0.0,0.0,-347460.0,741,985869.0
8759,283440.0,0.0,0.0,-283440.0,741,702429.0
8760,254100.0,0.0,0.0,-254100.0,741,448329.0
