hour_of_year,demand_wh,ghi_wm2,egen_wh,deficit_wh,generator_output_wh
1,261300.0,0.0,0.0,261300.0,261300.0
2,261300.0,0.0,0.0,261300.0,261300.0
3,282300.0,17.7,7522.5,274777.5,274777.5
4,282300.0,174.1,73992.5,208307.5,208307.5
5,281400.0,348.51,148116.75,133283.25,133283.25
6,307440.0,523.16,222342.99999999997,85097.00000000003,85097.00000000003
7,366100.0,626.06,266075.5,100024.5,100024.5
8,366900.0,627.56,266712.99999999994,100187.00000000006,100187.00000000006
9,356280.0,641.91,272811.75,83468.25,83468.25
10,356280.0,480.56,204238.0,152042.0,152042.0
11,396400.0,341.71,145226.74999999997,251173.25000000003,251173.25000000003
12,392591.0,188.7,80197.49999999999,312393.5,312393.5
13,332500.0,34.59,14700.75,317799.25,317799.25
14,332500.0,0.0,0.0,332500.0,332500.0
15,345590.0,0.0,0.0,345590.0,345590.0
16,337811.0,0.0,0.0,337811.0,337811.0
17,350760.0,0.0,0.0,350760.0,350760.0
18,373200.0,0.0,0.0,373200.0,373200.0
19,425400.0,0.0,0.0,425400.0,425400.0
20,374680.0,0.0,0.0,374680.0,374680.0
21,374680.0,0.0,0.0,374680.0,374680.0
22,347460.0,0.0,0.0,347460.0,347460.0
23,283440.0,0.0,0.0,283440.0,283440.0
24,254100.0,0.0,0.0,254100.0,254100.0
25,261300.0,0.0,0.0,261300.0,261300.0
26,261300.0,0.0,0.0,261300.0,261300.0
27,282300.0,13.55,5758.750000000001,276541.25,276541.25
28,282300.0,158.75,67468.75,214831.25,214831.25
29,281400.0,301.96,128333.0,153067.0,153067.0
30,307440.0,426.81,181394.25,126045.75,126045.75
31,366100.0,354.35,150598.75,215501.25,215501.25
32,366900.0,384.6,163455.0,203445.0,203445.0
33,356280.0,264.85,112561.25000000001,243718.75,243718.75
34,356280.0,245.2,104210.0,252070.0,252070.0
35,396400.0,155.45,66066.24999999999,330333.75,330333.75
36,392591.0,87.0,36975.0,355616.0,355616.0
37,332500.0,27.2,11560.0,320940.0,320940.0
38,332500.0,0.0,0.0,332500.0,332500.0
39,345590.0,0.0,0.0,345590.0,345590.0
40,337811.0,0.0,0.0,337811.0,337811.0
41,350760.0,0.0,0.0,350760.0,350760.0
42,373200.0,0.0,0.0,373200.0,373200.0
43,425400.0,0.0,0.0,425400.0,425400.0
44,374680.0,0.0,0.0,374680.0,374680.0
45,374680.0,0.0,0.0,374680.0,374680.0
46,347460.0,0.0,0.0,347460.0,347460.0
47,283440.0,0.0,0.0,283440.0,283440.0
48,254100.0,0.0,0.0,254100.0,254100.0
49,404660.0,0.0,0.0,404660.0,404660.0
50,360260.0,0.0,0.0,360260.0,360260.0
51,344120.0,14.35,6098.75,338021.25,338021.25
52,332420.0,186.26,79160.49999999999,253259.5,253259.5
53,331520.0,381.26,162035.5,169484.5,169484.5
54,338420.0,543.61,231034.25,107385.75,107385.75
55,357340.0,652.21,277189.25000000006,80150.74999999994,80150.74999999994
56,414160.0,693.21,294614.25,119545.75,119545.75
57,451060.0,662.16,281418.0,169642.0,169642.0
58,453760.0,566.16,240618.0,213142.0,213142.0
59,508960.0,416.66,177080.50000000003,331879.5,331879.5
60,456460.0,228.51,97116.75,359343.25,359343.25
61,443260.0,42.79,18185.75,425074.25,425074.25
62,1155260.0,0.0,0.0,1155260.0,1000000.0
63,579280.0,0.0,0.0,579280.0,579280.0
64,462400.0,0.0,0.0,462400.0,462400.0
65,470380.0,0.0,0.0,470380.0,470380.0
66,479600.0,0.0,0.0,479600.0,479600.0
67,479600.0,0.0,0.0,479600.0,479600.0
68,421080.0,0.0,0.0,421080.0,421080.0
69,421380.0,0.0,0.0,421380.0,421380.0
70,402380.0,0.0,0.0,402380.0,402380.0
71,402380.0,0.0,0.0,402380.0,402380.0
72,402380.0,0.0,0.0,402380.0,402380.0
73,404660.0,0.0,0.0,404660.0,404660.0
74,360260.0,0.0,0.0,360260.0,360260.0
75,344120.0,14.95,6353.75,337766.25,337766.25
76,332420.0,180.91,76886.75,255533.25,255533.25
77,331520.0,353.71,150326.74999999997,181193.25000000003,181193.25000000003
78,338420.0,520.31,221131.74999999997,117288.25000000003,117288.25000000003
79,357340.0,637.61,270984.25,86355.75,86355.75
80,414160.0,684.91,291086.75,123073.25,123073.25
81,451060.0,633.41,269199.24999999994,181860.75000000006,181860.75000000006
82,453760.0,555.76,236198.0,217562.0,217562.0
83,508960.0,401.66,170705.5,338254.5,338254.5
84,456460.0,226.51,96266.75,360193.25,360193.25
85,443260.0,43.66,18555.5,424704.5,424704.5
86,1155260.0,0.0,0.0,1155260.0,1000000.0
87,579280.0,0.0,0.0,579280.0,579280.0
88,462400.0,0.0,0.0,462400.0,462400.0
89,470380.0,0.0,0.0,470380.0,470380.0
90,479600.0,0.0,0.0,479600.0,479600.0
91,479600.0,0.0,0.0,479600.0,479600.0
92,421080.0,0.0,0.0,421080.0,421080.0
93,421380.0,0.0,0.0,421380.0,421380.0
94,402380.0,0.0,0.0,402380.0,402380.0
95,402380.0,0.0,0.0,402380.0,402380.0
96,402380.0,0.0,0.0,402380.0,402380.0
97,261300.0,0.0,0.0,261300.0,261300.0
98,261300.0,0.0,0.0,261300.0,261300.0
99,282300.0,13.05,5546.25,276753.75,276753.75
100,282300.0,170.95,72653.75,209646.25,209646.25
101,281400.0,345.66,146905.5,134494.5,134494.5
102,307440.0,515.66,219155.5,88284.5,88284.5
103,366100.0,552.16,234668.0,131432.0,131432.0
104,366900.0,641.81,272769.25,94130.75,94130.75
105,356280.0,596.01,253304.25,102975.75,102975.75
106,356280.0,507.91,215861.75,140418.25,140418.25
107,396400.0,385.76,163948.0,232452.0,232452.0
108,392591.0,225.46,95820.50000000001,296770.5,296770.5
109,332500.0,44.96,19108.0,313392.0,313392.0
110,332500.0,0.0,0.0,332500.0,332500.0
111,345590.0,0.0,0.0,345590.0,345590.0
112,337811.0,0.0,0.0,337811.0,337811.0
113,350760.0,0.0,0.0,350760.0,350760.0
114,373200.0,0.0,0.0,373200.0,373200.0
115,425400.0,0.0,0.0,425400.0,425400.0
116,374680.0,0.0,0.0,374680.0,374680.0
117,374680.0,0.0,0.0,374680.0,374680.0
118,347460.0,0.0,0.0,347460.0,347460.0
119,283440.0,0.0,0.0,283440.0,283440.0
120,254100.0,0.0,0.0,254100.0,254100.0
121,261300.0,0.0,0.0,261300.0,261300.0
122,261300.0,0.0,0.0,261300.0,261300.0
123,282300.0,13.05,5546.25,276753.75,276753.75
124,282300.0,181.46,77120.5,205179.5,205179.5
125,281400.0,348.11,147946.75000000003,133453.24999999997,133453.24999999997
126,307440.0,492.01,209104.25,98335.75,98335.75
127,366100.0,630.31,267881.74999999994,98218.25000000006,98218.25000000006
128,366900.0,672.46,285795.5,81104.5,81104.5
129,356280.0,638.96,271558.00000000006,84721.99999999994,84721.99999999994
130,356280.0,527.21,224064.25000000003,132215.74999999997,132215.74999999997
131,396400.0,407.41,173149.25000000003,223250.74999999997,223250.74999999997
132,392591.0,228.86,97265.5,295325.5,295325.5
133,332500.0,47.01,19979.249999999996,312520.75,312520.75
134,332500.0,0.0,0.0,332500.0,332500.0
135,345590.0,0.0,0.0,345590.0,345590.0
136,337811.0,0.0,0.0,337811.0,337811.0
137,350760.0,0.0,0.0,350760.0,350760.0
138,373200.0,0.0,0.0,373200.0,373200.0
139,425400.0,0.0,0.0,425400.0,425400.0
140,374680.0,0.0,0.0,374680.0,374680.0
141,374680.0,0.0,0.0,374680.0,374680.0
142,347460.0,0.0,0.0,347460.0,347460.0
143,283440.0,0.0,0.0,283440.0,283440.0
144,254100.0,0.0,0.0,254100.0,254100.0
145,261300.0,0.0,0.0,261300.0,261300.0
146,261300.0,0.0,0.0,261300.0,261300.0
147,282300.0,12.55,5333.75,276966.25,276966.25
148,282300.0,178.56,75888.0,206412.0,206412.0
149,281400.0,363.66,154555.50000000003,126844.49999999997,126844.49999999997
150,307440.0,509.26,216435.50000000003,91004.49999999997,91004.49999999997
151,366100.0,535.66,227655.49999999994,138444.50000000006,138444.50000000006
152,366900.0,487.31,207106.75,159793.25,159793.25
153,356280.0,451.56,191913.0,164367.0,164367.0
154,356280.0,519.71,220876.75,135403.25,135403.25
155,396400.0,394.26,167560.5,228839.5,228839.5
156,392591.0,167.55,71208.75,321382.25,321382.25
157,332500.0,34.91,14836.75,317663.25,317663.25
158,332500.0,0.0,0.0,332500.0,332500.0
159,345590.0,0.0,0.0,345590.0,345590.0
160,337811.0,0.0,0.0,337811.0,337811.0
161,350760.0,0.0,0.0,350760.0,350760.0
162,373200.0,0.0,0.0,373200.0,373200.0
163,425400.0,0.0,0.0,425400.0,425400.0
164,374680.0,0.0,0.0,374680.0,374680.0
165,374680.0,0.0,0.0,374680.0,374680.0
166,347460.0,0.0,0.0,347460.0,347460.0
167,283440.0,0.0,0.0,283440.0,283440.0
168,254100.0,0.0,0.0,254100.0,254100.0
169,261300.0,0.0,0.0,261300.0,261300.0
170,261300.0,0.0,0.0,261300.0,261300.0
171,282300.0,12.8,5440.0,276860.0,276860.0
172,282300.0,190.91,81136.75,201163.25,201163.25
173,281400.0,391.46,166370.5,115029.5,115029.5
174,307440.0,569.66,242105.5,65334.5,65334.5
175,366100.0,685.61,291384.25,74715.75,74715.75
176,366900.0,734.91,312336.75,54563.25,54563.25
177,356280.0,711.46,302370.5,53909.5,53909.5
178,356280.0,616.01,261804.25,94475.75,94475.75
179,396400.0,459.11,195121.75,201278.25,201278.25
180,392591.0,259.66,110355.5,282235.5,282235.5
181,332500.0,55.0,23375.0,309125.0,309125.0
182,332500.0,0.0,0.0,332500.0,332500.0
183,345590.0,0.0,0.0,345590.0,345590.0
184,337811.0,0.0,0.0,337811.0,337811.0
185,350760.0,0.0,0.0,350760.0,350760.0
186,373200.0,0.0,0.0,373200.0,373200.0
187,425400.0,0.0,0.0,425400.0,425400.0
188,374680.0,0.0,0.0,374680.0,374680.0
189,374680.0,0.0,0.0,374680.0,374680.0
190,347460.0,0.0,0.0,347460.0,347460.0
191,283440.0,0.0,0.0,283440.0,283440.0
192,254100.0,0.0,0.0,254100.0,254100.0
193,261300.0,0.0,0.0,261300.0,261300.0
194,261300.0,0.0,0.0,261300.0,261300.0
195,282300.0,13.1,5567.499999999999,276732.5,276732.5
196,282300.0,199.26,84685.5,197614.5,197614.5
197,281400.0,404.86,172065.5,109334.5,109334.5
198,307440.0,576.31,244931.75,62508.25,62508.25
199,366100.0,692.36,294253.0,71847.0,71847.0
200,366900.0,739.91,314461.75,52438.25,52438.25
201,356280.0,714.56,303688.0,52592.0,52592.0
202,356280.0,618.56,262888.0,93392.0,93392.0
203,396400.0,461.56,196163.0,200237.0,200237.0
204,392591.0,262.06,111375.50000000001,281215.5,281215.5
205,332500.0,56.47,23999.75,308500.25,308500.25
206,332500.0,0.0,0.0,332500.0,332500.0
207,345590.0,0.0,0.0,345590.0,345590.0
208,337811.0,0.0,0.0,337811.0,337811.0
209,350760.0,0.0,0.0,350760.0,350760.0
210,373200.0,0.0,0.0,373200.0,373200.0
211,425400.0,0.0,0.0,425400.0,425400.0
212,374680.0,0.0,0.0,374680.0,374680.0
213,374680.0,0.0,0.0,374680.0,374680.0
214,347460.0,0.0,0.0,347460.0,347460.0
215,283440.0,0.0,0.0,283440.0,283440.0
216,254100.0,0.0,0.0,254100.0,254100.0
217,404660.0,0.0,0.0,404660.0,404660.0
218,360260.0,0.0,0.0,360260.0,360260.0
219,344120.0,12.65,5376.25,338743.75,338743.75
220,332420.0,195.21,82964.25,249455.75,249455.75
221,331520.0,380.51,161716.75,169803.25,169803.25
222,338420.0,443.06,188300.5,150119.5,150119.5
223,357340.0,556.36,236453.0,120887.0,120887.0
224,414160.0,702.16,298418.0,115742.0,115742.0
225,451060.0,682.71,290151.75,160908.25,160908.25
226,453760.0,583.81,248119.24999999994,205640.75000000006,205640.75000000006
227,508960.0,436.31,185431.75,323528.25,323528.25
228,456460.0,245.06,104150.5,352309.5,352309.5
229,443260.0,54.62,23213.499999999996,420046.5,420046.5
230,1155260.0,0.0,0.0,1155260.0,1000000.0
231,579280.0,0.0,0.0,579280.0,579280.0
232,462400.0,0.0,0.0,462400.0,462400.0
233,470380.0,0.0,0.0,470380.0,470380.0
234,479600.0,0.0,0.0,479600.0,479600.0
235,479600.0,0.0,0.0,479600.0,479600.0
236,421080.0,0.0,0.0,421080.0,421080.0
237,421380.0,0.0,0.0,421380.0,421380.0
238,402380.0,0.0,0.0,402380.0,402380.0
239,402380.0,0.0,0.0,402380.0,402380.0
240,402380.0,0.0,0.0,402380.0,402380.0
241,404660.0,0.0,0.0,404660.0,404660.0
242,360260.0,0.0,0.0,360260.0,360260.0
243,344120.0,12.3,5227.5,338892.5,338892.5
244,332420.0,187.51,79691.74999999999,252728.25,252728.25
245,331520.0,384.01,163204.25,168315.75,168315.75
246,338420.0,551.61,234434.25,103985.75,103985.75
247,357340.0,664.31,282331.75,75008.25,75008.25
248,414160.0,710.56,301988.0,112172.0,112172.0
249,451060.0,686.46,291745.50000000006,159314.49999999994,159314.49999999994
250,453760.0,594.61,252709.25,201050.75,201050.75
251,508960.0,443.46,188470.49999999997,320489.5,320489.5
252,456460.0,251.81,107019.24999999999,349440.75,349440.75
253,443260.0,55.97,23787.25,419472.75,419472.75
254,1155260.0,0.0,0.0,1155260.0,1000000.0
255,579280.0,0.0,0.0,579280.0,579280.0
256,462400.0,0.0,0.0,462400.0,462400.0
257,470380.0,0.0,0.0,470380.0,470380.0
258,479600.0,0.0,0.0,479600.0,479600.0
259,479600.0,0.0,0.0,479600.0,479600.0
260,421080.0,0.0,0.0,421080.0,421080.0
261,421380.0,0.0,0.0,421380.0,421380.0
262,402380.0,0.0,0.0,402380.0,402380.0
263,402380.0,0.0,0.0,402380.0,402380.0
264,402380.0,0.0,0.0,402380.0,402380.0
265,261300.0,0.0,0.0,261300.0,261300.0
266,261300.0,0.0,0.0,261300.0,261300.0
267,282300.0,12.1,5142.5,277157.5,277157.5
268,282300.0,184.41,78374.25,203925.75,203925.75
269,281400.0,331.66,140955.5,140444.5,140444.5
270,307440.0,495.81,210719.25,96720.75,96720.75
271,366100.0,651.66,276955.5,89144.5,89144.5
272,366900.0,657.51,279441.75,87458.25,87458.25
273,356280.0,485.76,206447.99999999997,149832.00000000003,149832.00000000003
274,356280.0,342.45,145541.25,210738.75,210738.75
275,396400.0,201.65,85701.25,310698.75,310698.75
276,392591.0,48.1,20442.500000000004,372148.5,372148.5
277,332500.0,17.2,7310.0,325190.0,325190.0
278,332500.0,0.0,0.0,332500.0,332500.0
279,345590.0,0.0,0.0,345590.0,345590.0
280,337811.0,0.0,0.0,337811.0,337811.0
281,350760.0,0.0,0.0,350760.0,350760.0
282,373200.0,0.0,0.0,373200.0,373200.0
283,425400.0,0.0,0.0,425400.0,425400.0
284,374680.0,0.0,0.0,374680.0,374680.0
285,374680.0,0.0,0.0,374680.0,374680.0
286,347460.0,0.0,0.0,347460.0,347460.0
287,283440.0,0.0,0.0,283440.0,283440.0
288,254100.0,0.0,0.0,254100.0,254100.0
289,261300.0,0.0,0.0,261300.0,261300.0
290,261300.0,0.0,0.0,261300.0,261300.0
291,282300.0,12.6,5355.0,276945.0,276945.0
292,282300.0,174.96,74358.0,207942.0,207942.0
293,281400.0,360.91,153386.75,128013.25,128013.25
294,307440.0,544.21,231289.25000000003,76150.74999999997,76150.74999999997
295,366100.0,666.61,283309.25,82790.75,82790.75
296,366900.0,730.26,310360.5,56539.5,56539.5
297,356280.0,709.06,301350.49999999994,54929.50000000006,54929.50000000006
298,356280.0,614.11,260996.75,95283.25,95283.25
299,396400.0,464.36,197353.0,199047.0,199047.0
300,392591.0,270.06,114775.5,277815.5,277815.5
301,332500.0,71.5,30387.5,302112.5,302112.5
302,332500.0,0.0,0.0,332500.0,332500.0
303,345590.0,0.0,0.0,345590.0,345590.0
304,337811.0,0.0,0.0,337811.0,337811.0
305,350760.0,0.0,0.0,350760.0,350760.0
306,373200.0,0.0,0.0,373200.0,373200.0
307,425400.0,0.0,0.0,425400.0,425400.0
308,374680.0,0.0,0.0,374680.0,374680.0
309,374680.0,0.0,0.0,374680.0,374680.0
310,347460.0,0.0,0.0,347460.0,347460.0
311,283440.0,0.0,0.0,283440.0,283440.0
312,254100.0,0.0,0.0,254100.0,254100.0
313,261300.0,0.0,0.0,261300.0,261300.0
314,261300.0,0.0,0.0,261300.0,261300.0
315,282300.0,12.9,5482.5,276817.5,276817.5
316,282300.0,198.66,84430.5,197869.5,197869.5
317,281400.0,405.56,172363.0,109037.0,109037.0
318,307440.0,578.76,245972.99999999994,61467.00000000006,61467.00000000006
319,366100.0,694.56,295188.0,70912.0,70912.0
320,366900.0,743.11,315821.75,51078.25,51078.25
321,356280.0,719.51,305791.75,50488.25,50488.25
322,356280.0,626.01,266054.25,90225.75,90225.75
323,396400.0,471.36,200328.0,196072.0,196072.0
324,392591.0,273.11,116071.75,276519.25,276519.25
325,332500.0,73.5,31237.5,301262.5,301262.5
326,332500.0,0.0,0.0,332500.0,332500.0
327,345590.0,0.0,0.0,345590.0,345590.0
328,337811.0,0.0,0.0,337811.0,337811.0
329,350760.0,0.0,0.0,350760.0,350760.0
330,373200.0,0.0,0.0,373200.0,373200.0
331,425400.0,0.0,0.0,425400.0,425400.0
332,374680.0,0.0,0.0,374680.0,374680.0
333,374680.0,0.0,0.0,374680.0,374680.0
334,347460.0,0.0,0.0,347460.0,347460.0
335,283440.0,0.0,0.0,283440.0,283440.0
336,254100.0,0.0,0.0,254100.0,254100.0
337,261300.0,0.0,0.0,261300.0,261300.0
338,261300.0,0.0,0.0,261300.0,261300.0
339,282300.0,12.75,5418.75,276881.25,276881.25
340,282300.0,194.21,82539.25000000001,199760.75,199760.75
341,281400.0,395.86,168240.5,113159.5,113159.5
342,307440.0,559.36,237728.0,69712.0,69712.0
343,366100.0,675.51,287091.75,79008.25,79008.25
344,366900.0,723.36,307428.0,59472.0,59472.0
345,356280.0,682.76,290173.0,66107.0,66107.0
346,356280.0,603.66,256555.5,99724.5,99724.5
347,396400.0,460.71,195801.74999999997,200598.25000000003,200598.25000000003
348,392591.0,267.01,113479.24999999997,279111.75,279111.75
349,332500.0,73.95,31428.75,301071.25,301071.25
350,332500.0,0.0,0.0,332500.0,332500.0
351,345590.0,0.0,0.0,345590.0,345590.0
352,337811.0,0.0,0.0,337811.0,337811.0
353,350760.0,0.0,0.0,350760.0,350760.0
354,373200.0,0.0,0.0,373200.0,373200.0
355,425400.0,0.0,0.0,425400.0,425400.0
356,374680.0,0.0,0.0,374680.0,374680.0
357,374680.0,0.0,0.0,374680.0,374680.0
358,347460.0,0.0,0.0,347460.0,347460.0
359,283440.0,0.0,0.0,283440.0,283440.0
360,254100.0,0.0,0.0,254100.0,254100.0
361,361060.0,0.0,0.0,361060.0,361060.0
362,361060.0,0.0,0.0,361060.0,361060.0
363,288840.0,12.75,5418.75,283421.25,283421.25
364,298440.0,194.76,82773.0,215667.0,215667.0
365,297840.0,400.71,170301.74999999997,127538.25000000003,127538.25000000003
366,352760.0,574.41,244124.25,108635.75,108635.75
367,361360.0,694.81,295294.24999999994,66065.75000000006,66065.75000000006
368,362560.0,745.56,316863.0,45697.0,45697.0
369,351940.0,723.41,307449.25,44490.75,44490.75
370,351940.0,630.81,268094.25,83845.75,83845.75
371,434060.0,476.91,202686.75,231373.25,231373.25
372,381560.0,279.01,118579.25,262980.75,262980.75
373,381560.0,77.85,33086.24999999999,348473.75,348473.75
374,381560.0,0.0,0.0,381560.0,381560.0
375,402980.0,0.0,0.0,402980.0,402980.0
376,1104480.0,0.0,0.0,1104480.0,1000000.0
377,392780.0,0.0,0.0,392780.0,392780.0
378,404600.0,0.0,0.0,404600.0,404600.0
379,405200.0,0.0,0.0,405200.0,405200.0
380,365380.0,0.0,0.0,365380.0,365380.0
381,365980.0,0.0,0.0,365980.0,365980.0
382,362080.0,0.0,0.0,362080.0,362080.0
383,351460.0,0.0,0.0,351460.0,351460.0
384,351460.0,0.0,0.0,351460.0,351460.0
385,404660.0,0.0,0.0,404660.0,404660.0
386,360260.0,0.0,0.0,360260.0,360260.0
387,344120.0,12.8,5440.0,338680.0,338680.0
388,332420.0,197.71,84026.75,248393.25,248393.25
389,331520.0,404.86,172065.5,159454.5,159454.5
390,338420.0,578.76,245972.99999999994,92447.00000000006,92447.00000000006
391,357340.0,697.96,296633.0,60707.0,60707.0
392,414160.0,748.11,317946.75,96213.25,96213.25
393,451060.0,726.26,308660.5,142399.5,142399.5
394,453760.0,634.26,269560.5,184199.5,184199.5
395,508960.0,480.96,204408.0,304552.0,304552.0
396,456460.0,283.21,120364.24999999997,336095.75,336095.75
397,443260.0,80.4,34170.0,409090.0,409090.0
398,1155260.0,0.0,0.0,1155260.0,1000000.0
399,579280.0,0.0,0.0,579280.0,579280.0
400,462400.0,0.0,0.0,462400.0,462400.0
401,470380.0,0.0,0.0,470380.0,470380.0
402,479600.0,0.0,0.0,479600.0,479600.0
403,479600.0,0.0,0.0,479600.0,479600.0
404,421080.0,0.0,0.0,421080.0,421080.0
405,421380.0,0.0,0.0,421380.0,421380.0
406,402380.0,0.0,0.0,402380.0,402380.0
407,402380.0,0.0,0.0,402380.0,402380.0
408,402380.0,0.0,0.0,402380.0,402380.0
409,404660.0,0.0,0.0,404660.0,404660.0
410,360260.0,0.0,0.0,360260.0,360260.0
411,344120.0,12.95,5503.75,338616.25,338616.25
412,332420.0,199.86,84940.5,247479.5,247479.5
413,331520.0,408.01,173404.25,158115.75,158115.75
414,338420.0,582.91,247736.74999999994,90683.25000000006,90683.25000000006
415,357340.0,702.21,298439.25,58900.75,58900.75
416,414160.0,752.56,319837.99999999994,94322.00000000006,94322.00000000006
417,451060.0,730.11,310296.75,140763.25,140763.25
418,453760.0,637.06,270750.5,183009.5,183009.5
419,508960.0,482.26,204960.49999999997,303999.5,303999.5
420,456460.0,283.61,120534.25,335925.75,335925.75
421,443260.0,81.0,34425.0,408835.0,408835.0
422,1155260.0,0.0,0.0,1155260.0,1000000.0
423,579280.0,0.0,0.0,579280.0,579280.0
424,462400.0,0.0,0.0,462400.0,462400.0
425,470380.0,0.0,0.0,470380.0,470380.0
426,479600.0,0.0,0.0,479600.0,479600.0
427,479600.0,0.0,0.0,479600.0,479600.0
428,421080.0,0.0,0.0,421080.0,421080.0
429,421380.0,0.0,0.0,421380.0,421380.0
430,402380.0,0.0,0.0,402380.0,402380.0
431,402380.0,0.0,0.0,402380.0,402380.0
432,402380.0,0.0,0.0,402380.0,402380.0
433,261300.0,0.0,0.0,261300.0,261300.0
434,261300.0,0.0,0.0,261300.0,261300.0
435,282300.0,14.8,6290.0,276010.0,276010.0
436,282300.0,189.61,80584.25,201715.75,201715.75
437,281400.0,405.71,172426.74999999997,108973.25000000003,108973.25000000003
438,307440.0,580.81,246844.24999999994,60595.75000000006,60595.75000000006
439,366100.0,700.81,297844.24999999994,68255.75000000006,68255.75000000006
440,366900.0,751.76,319498.0,47402.0,47402.0
441,356280.0,729.86,310190.50000000006,46089.49999999994,46089.49999999994
442,356280.0,637.51,270941.75,85338.25,85338.25
443,396400.0,483.61,205534.25000000003,190865.74999999997,190865.74999999997
444,392591.0,285.16,121193.0,271398.0,271398.0
445,332500.0,83.05,35296.25,297203.75,297203.75
446,332500.0,0.0,0.0,332500.0,332500.0
447,345590.0,0.0,0.0,345590.0,345590.0
448,337811.0,0.0,0.0,337811.0,337811.0
449,350760.0,0.0,0.0,350760.0,350760.0
450,373200.0,0.0,0.0,373200.0,373200.0
451,425400.0,0.0,0.0,425400.0,425400.0
452,374680.0,0.0,0.0,374680.0,374680.0
453,374680.0,0.0,0.0,374680.0,374680.0
454,347460.0,0.0,0.0,347460.0,347460.0
455,283440.0,0.0,0.0,283440.0,283440.0
456,254100.0,0.0,0.0,254100.0,254100.0
457,261300.0,0.0,0.0,261300.0,261300.0
458,261300.0,0.0,0.0,261300.0,261300.0
459,282300.0,13.1,5567.499999999999,276732.5,276732.5
460,282300.0,198.51,84366.75,197933.25,197933.25
461,281400.0,406.21,172639.24999999997,108760.75000000003,108760.75000000003
462,307440.0,580.91,246886.74999999994,60553.25000000006,60553.25000000006
463,366100.0,700.61,297759.25000000006,68340.74999999994,68340.74999999994
464,366900.0,753.31,320156.74999999994,46743.25000000006,46743.25000000006
465,356280.0,732.31,311231.74999999994,45048.25000000006,45048.25000000006
466,356280.0,640.81,272344.25,83935.75,83935.75
467,396400.0,487.31,207106.75,189293.25,189293.25
468,392591.0,289.31,122956.75,269634.25,269634.25
469,332500.0,85.6,36380.0,296120.0,296120.0
470,332500.0,0.0,0.0,332500.0,332500.0
471,345590.0,0.0,0.0,345590.0,345590.0
472,337811.0,0.0,0.0,337811.0,337811.0
473,350760.0,0.0,0.0,350760.0,350760.0
474,373200.0,0.0,0.0,373200.0,373200.0
475,425400.0,0.0,0.0,425400.0,425400.0
476,374680.0,0.0,0.0,374680.0,374680.0
477,374680.0,0.0,0.0,374680.0,374680.0
478,347460.0,0.0,0.0,347460.0,347460.0
479,283440.0,0.0,0.0,283440.0,283440.0
480,254100.0,0.0,0.0,254100.0,254100.0
481,261300.0,0.0,0.0,261300.0,261300.0
482,261300.0,0.0,0.0,261300.0,261300.0
483,282300.0,12.35,5248.75,277051.25,277051.25
484,282300.0,177.4,75395.0,206905.0,206905.0
485,281400.0,373.26,158635.5,122764.5,122764.5
486,307440.0,537.11,228271.75,79168.25,79168.25
487,366100.0,677.01,287729.25,78370.75,78370.75
488,366900.0,735.01,312379.24999999994,54520.75000000006,54520.75000000006
489,356280.0,708.61,301159.25,55120.75,55120.75
490,356280.0,621.26,264035.5,92244.5,92244.5
491,396400.0,471.86,200540.5,195859.5,195859.5
492,392591.0,279.81,118919.25,273671.75,273671.75
493,332500.0,83.75,35593.75,296906.25,296906.25
494,332500.0,0.0,0.0,332500.0,332500.0
495,345590.0,0.0,0.0,345590.0,345590.0
496,337811.0,0.0,0.0,337811.0,337811.0
497,350760.0,0.0,0.0,350760.0,350760.0
498,373200.0,0.0,0.0,373200.0,373200.0
499,425400.0,0.0,0.0,425400.0,425400.0
500,374680.0,0.0,0.0,374680.0,374680.0
501,374680.0,0.0,0.0,374680.0,374680.0
502,347460.0,0.0,0.0,347460.0,347460.0
503,283440.0,0.0,0.0,283440.0,283440.0
504,254100.0,0.0,0.0,254100.0,254100.0
505,261300.0,0.0,0.0,261300.0,261300.0
506,261300.0,0.0,0.0,261300.0,261300.0
507,282300.0,13.35,5673.749999999999,276626.25,276626.25
508,282300.0,194.06,82475.5,199824.5,199824.5
509,281400.0,398.81,169494.25,111905.75,111905.75
510,307440.0,572.01,243104.25,64335.75,64335.75
511,366100.0,691.81,294019.24999999994,72080.75000000006,72080.75000000006
512,366900.0,742.46,315545.5,51354.5,51354.5
513,356280.0,722.31,306981.74999999994,49298.25000000006,49298.25000000006
514,356280.0,632.86,268965.5,87314.5,87314.5
515,396400.0,482.71,205151.75,191248.25,191248.25
516,392591.0,287.16,122043.0,270548.0,270548.0
517,332500.0,87.3,37102.5,295397.5,295397.5
518,332500.0,0.0,0.0,332500.0,332500.0
519,345590.0,0.0,0.0,345590.0,345590.0
520,337811.0,0.0,0.0,337811.0,337811.0
521,350760.0,0.0,0.0,350760.0,350760.0
522,373200.0,0.0,0.0,373200.0,373200.0
523,425400.0,0.0,0.0,425400.0,425400.0
524,374680.0,0.0,0.0,374680.0,374680.0
525,374680.0,0.0,0.0,374680.0,374680.0
526,347460.0,0.0,0.0,347460.0,347460.0
527,283440.0,0.0,0.0,283440.0,283440.0
528,254100.0,0.0,0.0,254100.0,254100.0
529,261300.0,0.0,0.0,261300.0,261300.0
530,261300.0,0.0,0.0,261300.0,261300.0
531,282300.0,13.95,5928.749999999999,276371.25,276371.25
532,282300.0,197.31,83856.75,198443.25,198443.25
533,281400.0,404.11,171746.75,109653.25,109653.25
534,307440.0,579.61,246334.25,61105.75,61105.75
535,366100.0,697.96,296633.0,69467.0,69467.0
536,366900.0,752.01,319604.25,47295.75,47295.75
537,356280.0,732.61,311359.25,44920.75,44920.75
538,356280.0,642.66,273130.5,83149.5,83149.5
539,396400.0,490.76,208573.0,187827.0,187827.0
540,392591.0,294.31,125081.75,267509.25,267509.25
541,332500.0,91.0,38675.0,293825.0,293825.0
542,332500.0,0.0,0.0,332500.0,332500.0
543,345590.0,0.0,0.0,345590.0,345590.0
544,337811.0,0.0,0.0,337811.0,337811.0
545,350760.0,0.0,0.0,350760.0,350760.0
546,373200.0,0.0,0.0,373200.0,373200.0
547,425400.0,0.0,0.0,425400.0,425400.0
548,374680.0,0.0,0.0,374680.0,374680.0
549,374680.0,0.0,0.0,374680.0,374680.0
550,347460.0,0.0,0.0,347460.0,347460.0
551,283440.0,0.0,0.0,283440.0,283440.0
552,254100.0,0.0,0.0,254100.0,254100.0
553,404660.0,0.0,0.0,404660.0,404660.0
554,360260.0,0.0,0.0,360260.0,360260.0
555,344120.0,13.7,5822.499999999999,338297.5,338297.5
556,332420.0,198.36,84303.0,248117.0,248117.0
557,331520.0,405.51,172341.75,159178.25,159178.25
558,338420.0,581.06,246950.49999999994,91469.50000000006,91469.50000000006
559,357340.0,701.91,298311.74999999994,59028.25000000006,59028.25000000006
560,414160.0,754.66,320730.5,93429.5,93429.5
561,451060.0,734.71,312251.75000000006,138808.24999999994,138808.24999999994
562,453760.0,643.91,273661.75,180098.25,180098.25
563,508960.0,491.31,208806.75,300153.25,300153.25
564,456460.0,294.71,125251.75,331208.25,331208.25
565,443260.0,92.05,39121.25,404138.75,404138.75
566,1155260.0,0.0,0.0,1155260.0,1000000.0
567,579280.0,0.0,0.0,579280.0,579280.0
568,462400.0,0.0,0.0,462400.0,462400.0
569,470380.0,0.0,0.0,470380.0,470380.0
570,479600.0,0.0,0.0,479600.0,479600.0
571,479600.0,0.0,0.0,479600.0,479600.0
572,421080.0,0.0,0.0,421080.0,421080.0
573,421380.0,0.0,0.0,421380.0,421380.0
574,402380.0,0.0,0.0,402380.0,402380.0
575,402380.0,0.0,0.0,402380.0,402380.0
576,402380.0,0.0,0.0,402380.0,402380.0
577,404660.0,0.0,0.0,404660.0,404660.0
578,360260.0,0.0,0.0,360260.0,360260.0
579,344120.0,14.25,6056.25,338063.75,338063.75
580,332420.0,191.21,81264.25000000001,251155.75,251155.75
581,331520.0,352.66,149880.5,181639.5,181639.5
582,338420.0,433.41,184199.25,154220.75,154220.75
583,357340.0,517.16,219792.99999999997,137547.00000000003,137547.00000000003
584,414160.0,609.46,259020.5,155139.5,155139.5
585,451060.0,677.21,287814.25000000006,163245.74999999994,163245.74999999994
586,453760.0,614.06,260975.49999999994,192784.50000000006,192784.50000000006
587,508960.0,419.16,178143.00000000003,330817.0,330817.0
588,456460.0,263.61,112034.25,344425.75,344425.75
589,443260.0,89.2,37910.0,405350.0,405350.0
590,1155260.0,0.0,0.0,1155260.0,1000000.0
591,579280.0,0.0,0.0,579280.0,579280.0
592,462400.0,0.0,0.0,462400.0,462400.0
593,470380.0,0.0,0.0,470380.0,470380.0
594,479600.0,0.0,0.0,479600.0,479600.0
595,479600.0,0.0,0.0,479600.0,479600.0
596,421080.0,0.0,0.0,421080.0,421080.0
597,421380.0,0.0,0.0,421380.0,421380.0
598,402380.0,0.0,0.0,402380.0,402380.0
599,402380.0,0.0,0.0,402380.0,402380.0
600,402380.0,0.0,0.0,402380.0,402380.0
601,261300.0,0.0,0.0,261300.0,261300.0
602,261300.0,0.0,0.0,261300.0,261300.0
603,282300.0,13.25,5631.25,276668.75,276668.75
604,282300.0,169.25,71931.25,210368.75,210368.75
605,281400.0,329.51,140041.74999999997,141358.25000000003,141358.25000000003
606,307440.0,453.71,192826.75,114613.25,114613.25
607,366100.0,663.56,282012.99999999994,84087.00000000006,84087.00000000006
608,366900.0,735.36,312528.0,54372.0,54372.0
609,356280.0,683.91,290661.75,65618.25,65618.25
610,356280.0,600.01,255004.25,101275.75,101275.75
611,396400.0,404.01,171704.25,224695.75,224695.75
612,392591.0,226.05,96071.25,296519.75,296519.75
613,332500.0,72.1,30642.5,301857.5,301857.5
614,332500.0,0.0,0.0,332500.0,332500.0
615,345590.0,0.0,0.0,345590.0,345590.0
616,337811.0,0.0,0.0,337811.0,337811.0
617,350760.0,0.0,0.0,350760.0,350760.0
618,373200.0,0.0,0.0,373200.0,373200.0
619,425400.0,0.0,0.0,425400.0,425400.0
620,374680.0,0.0,0.0,374680.0,374680.0
621,374680.0,0.0,0.0,374680.0,374680.0
622,347460.0,0.0,0.0,347460.0,347460.0
623,283440.0,0.0,0.0,283440.0,283440.0
624,254100.0,0.0,0.0,254100.0,254100.0
625,261300.0,0.0,0.0,261300.0,261300.0
626,261300.0,0.0,0.0,261300.0,261300.0
627,282300.0,12.05,5121.25,277178.75,277178.75
628,282300.0,176.35,74948.75,207351.25,207351.25
629,281400.0,334.16,142018.0,139382.0,139382.0
630,307440.0,552.01,234604.25,72835.75,72835.75
631,366100.0,584.86,248565.5,117534.5,117534.5
632,366900.0,626.16,266117.99999999994,100782.00000000006,100782.00000000006
633,356280.0,673.86,286390.5,69889.5,69889.5
634,356280.0,558.81,237494.24999999994,118785.75000000006,118785.75000000006
635,396400.0,414.96,176358.0,220042.0,220042.0
636,392591.0,291.71,123976.74999999997,268614.25,268614.25
637,332500.0,95.95,40778.75000000001,291721.25,291721.25
638,332500.0,0.0,0.0,332500.0,332500.0
639,345590.0,0.0,0.0,345590.0,345590.0
640,337811.0,0.0,0.0,337811.0,337811.0
641,350760.0,0.0,0.0,350760.0,350760.0
642,373200.0,0.0,0.0,373200.0,373200.0
643,425400.0,0.0,0.0,425400.0,425400.0
644,374680.0,0.0,0.0,374680.0,374680.0
645,374680.0,0.0,0.0,374680.0,374680.0
646,347460.0,0.0,0.0,347460.0,347460.0
647,283440.0,0.0,0.0,283440.0,283440.0
648,254100.0,0.0,0.0,254100.0,254100.0
649,261300.0,0.0,0.0,261300.0,261300.0
650,261300.0,0.0,0.0,261300.0,261300.0
651,282300.0,15.05,6396.25,275903.75,275903.75
652,282300.0,206.11,87596.75000000001,194703.25,194703.25
653,281400.0,418.56,177888.0,103512.0,103512.0
654,307440.0,599.26,254685.5,52754.5,52754.5
655,366100.0,725.71,308426.75000000006,57673.24999999994,57673.24999999994
656,366900.0,783.41,332949.24999999994,33950.75000000006,33950.75000000006
657,356280.0,771.06,327700.5,28579.5,28579.5
658,356280.0,680.56,289238.0,67042.0,67042.0
659,396400.0,525.36,223278.0,173122.0,173122.0
660,392591.0,322.06,136875.5,255715.5,255715.5
661,332500.0,107.35,45623.75,286876.25,286876.25
662,332500.0,0.0,0.0,332500.0,332500.0
663,345590.0,0.0,0.0,345590.0,345590.0
664,337811.0,0.0,0.0,337811.0,337811.0
665,350760.0,0.0,0.0,350760.0,350760.0
666,373200.0,0.0,0.0,373200.0,373200.0
667,425400.0,0.0,0.0,425400.0,425400.0
668,374680.0,0.0,0.0,374680.0,374680.0
669,374680.0,0.0,0.0,374680.0,374680.0
670,347460.0,0.0,0.0,347460.0,347460.0
671,283440.0,0.0,0.0,283440.0,283440.0
672,254100.0,0.0,0.0,254100.0,254100.0
673,261300.0,0.0,0.0,261300.0,261300.0
674,261300.0,0.0,0.0,261300.0,261300.0
675,282300.0,15.6,6630.0,275670.0,275670.0
676,282300.0,215.01,91379.24999999999,190920.75,190920.75
677,281400.0,432.36,183753.0,97647.0,97647.0
678,307440.0,615.76,261698.0,45742.0,45742.0
679,366100.0,738.56,313888.0,52212.0,52212.0
680,366900.0,794.36,337603.00000000006,29296.99999999994,29296.99999999994
681,356280.0,775.81,329719.25,26560.75,26560.75
682,356280.0,684.31,290831.75,65448.25,65448.25
683,396400.0,528.36,224553.0,171847.0,171847.0
684,392591.0,324.76,138023.0,254568.0,254568.0
685,332500.0,109.6,46579.99999999999,285920.0,285920.0
686,332500.0,0.0,0.0,332500.0,332500.0
687,345590.0,0.0,0.0,345590.0,345590.0
688,337811.0,0.0,0.0,337811.0,337811.0
689,350760.0,0.0,0.0,350760.0,350760.0
690,373200.0,0.0,0.0,373200.0,373200.0
691,425400.0,0.0,0.0,425400.0,425400.0
692,374680.0,0.0,0.0,374680.0,374680.0
693,374680.0,0.0,0.0,374680.0,374680.0
694,347460.0,0.0,0.0,347460.0,347460.0
695,283440.0,0.0,0.0,283440.0,283440.0
696,254100.0,0.0,0.0,254100.0,254100.0
697,261300.0,0.0,0.0,261300.0,261300.0
698,261300.0,0.0,0.0,261300.0,261300.0
699,282300.0,15.6,6630.0,275670.0,275670.0
700,282300.0,211.66,89955.5,192344.5,192344.5
701,281400.0,425.46,180820.5,100579.5,100579.5
702,307440.0,605.96,257533.0,49907.0,49907.0
703,366100.0,728.01,309404.25,56695.75,56695.75
704,366900.0,783.31,332906.75,33993.25,33993.25
705,356280.0,765.11,325171.75000000006,31108.24999999994,31108.24999999994
706,356280.0,674.61,286709.25,69570.75,69570.75
707,396400.0,520.26,221110.49999999997,175289.50000000003,175289.50000000003
708,392591.0,319.76,135898.0,256693.0,256693.0
709,332500.0,108.75,46218.75,286281.25,286281.25
710,332500.0,0.0,0.0,332500.0,332500.0
711,345590.0,0.0,0.0,345590.0,345590.0
712,337811.0,0.0,0.0,337811.0,337811.0
713,350760.0,0.0,0.0,350760.0,350760.0
714,373200.0,0.0,0.0,373200.0,373200.0
715,425400.0,0.0,0.0,425400.0,425400.0
716,374680.0,0.0,0.0,374680.0,374680.0
717,374680.0,0.0,0.0,374680.0,374680.0
718,347460.0,0.0,0.0,347460.0,347460.0
719,283440.0,0.0,0.0,283440.0,283440.0
720,254100.0,0.0,0.0,254100.0,254100.0
721,404660.0,0.0,0.0,404660.0,404660.0
722,360260.0,0.0,0.0,360260.0,360260.0
723,344120.0,27.23,11572.75,332547.25,332547.25
724,332420.0,211.96,90083.0,242337.0,242337.0
725,331520.0,426.71,181351.75,150168.25,150168.25
726,338420.0,608.86,258765.50000000003,79654.49999999997,79654.49999999997
727,357340.0,733.06,311550.49999999994,45789.50000000006,45789.50000000006
728,414160.0,789.01,335329.25,78830.75,78830.75
729,451060.0,771.16,327743.0,123317.0,123317.0
730,453760.0,681.01,289429.25,164330.75,164330.75
731,508960.0,526.56,223787.99999999994,285172.00000000006,285172.00000000006
732,456460.0,324.81,138044.25,318415.75,318415.75
733,443260.0,111.85,47536.24999999999,395723.75,395723.75
734,1155260.0,0.0,0.0,1155260.0,1000000.0
735,579280.0,0.0,0.0,579280.0,579280.0
736,462400.0,0.0,0.0,462400.0,462400.0
737,470380.0,0.0,0.0,470380.0,470380.0
738,479600.0,0.0,0.0,479600.0,479600.0
739,479600.0,0.0,0.0,479600.0,479600.0
740,421080.0,0.0,0.0,421080.0,421080.0
741,421380.0,0.0,0.0,421380.0,421380.0
742,402380.0,0.0,0.0,402380.0,402380.0
743,402380.0,0.0,0.0,402380.0,402380.0
744,402380.0,0.0,0.0,402380.0,402380.0
745,404660.0,0.0,0.0,404660.0,404660.0
746,360260.0,0.0,0.0,360260.0,360260.0
747,344120.0,27.58,11721.499999999998,332398.5,332398.5
748,332420.0,211.01,89679.25,242740.75,242740.75
749,331520.0,424.96,180608.0,150912.0,150912.0
750,338420.0,607.31,258106.74999999994,80313.25000000006,80313.25000000006
751,357340.0,731.56,310913.0,46427.0,46427.0
752,414160.0,788.06,334925.5,79234.5,79234.5
753,451060.0,770.36,327403.0,123657.0,123657.0
754,453760.0,679.81,288919.24999999994,164840.75000000006,164840.75000000006
755,508960.0,525.21,223214.25000000003,285745.75,285745.75
756,456460.0,324.31,137831.75,318628.25,318628.25
757,443260.0,112.7,47897.50000000001,395362.5,395362.5
758,1155260.0,0.0,0.0,1155260.0,1000000.0
759,579280.0,0.0,0.0,579280.0,579280.0
760,462400.0,0.0,0.0,462400.0,462400.0
761,470380.0,0.0,0.0,470380.0,470380.0
762,479600.0,0.0,0.0,479600.0,479600.0
763,479600.0,0.0,0.0,479600.0,479600.0
764,421080.0,0.0,0.0,421080.0,421080.0
765,421380.0,0.0,0.0,421380.0,421380.0
766,402380.0,0.0,0.0,402380.0,402380.0
767,402380.0,0.0,0.0,402380.0,402380.0
768,402380.0,0.0,0.0,402380.0,402380.0
769,290500.0,0.0,0.0,290500.0,290500.0
770,290500.0,0.0,0.0,290500.0,290500.0
771,311500.0,28.55,12133.75,299366.25,299366.25
772,311500.0,215.31,91506.75,219993.25,219993.25
773,310600.0,429.01,182329.25,128270.75,128270.75
774,336640.0,610.86,259615.5,77024.5,77024.5
775,395300.0,737.81,313569.25,81730.75,81730.75
776,396400.0,794.06,337475.5,58924.5,58924.5
777,385780.0,776.26,329910.5,55869.5,55869.5
778,385780.0,685.91,291511.75,94268.25,94268.25
779,396400.0,531.31,225806.75,170593.25,170593.25
780,392591.0,329.36,139978.0,252613.0,252613.0
781,340000.0,115.6,49130.0,290870.0,290870.0
782,377000.0,0.0,0.0,377000.0,377000.0
783,390090.0,0.0,0.0,390090.0,390090.0
784,382011.0,0.0,0.0,382011.0,382011.0
785,446860.0,0.0,0.0,446860.0,446860.0
786,469300.0,0.0,0.0,469300.0,469300.0
787,469600.0,0.0,0.0,469600.0,469600.0
788,404180.0,0.0,0.0,404180.0,404180.0
789,404180.0,0.0,0.0,404180.0,404180.0
790,376960.0,0.0,0.0,376960.0,376960.0
791,312940.0,0.0,0.0,312940.0,312940.0
792,283600.0,0.0,0.0,283600.0,283600.0
793,290500.0,0.0,0.0,290500.0,290500.0
794,290500.0,0.0,0.0,290500.0,290500.0
795,311500.0,28.68,12189.0,299311.0,299311.0
796,311500.0,211.96,90083.0,221417.0,221417.0
797,310600.0,424.26,180310.49999999997,130289.50000000003,130289.50000000003
798,336640.0,605.11,257171.75,79468.25,79468.25
799,395300.0,732.41,311274.25,84025.75,84025.75
800,396400.0,788.91,335286.75,61113.25,61113.25
801,385780.0,771.86,328040.5,57739.5,57739.5
802,385780.0,682.61,290109.25,95670.75,95670.75
803,396400.0,530.41,225424.24999999994,170975.75000000006,170975.75000000006
804,392591.0,329.01,139829.24999999997,252761.75000000003,252761.75000000003
805,340000.0,116.35,49448.75,290551.25,290551.25
806,377000.0,0.0,0.0,377000.0,377000.0
807,390090.0,0.0,0.0,390090.0,390090.0
808,382011.0,0.0,0.0,382011.0,382011.0
809,446860.0,0.0,0.0,446860.0,446860.0
810,469300.0,0.0,0.0,469300.0,469300.0
811,469600.0,0.0,0.0,469600.0,469600.0
812,404180.0,0.0,0.0,404180.0,404180.0
813,404180.0,0.0,0.0,404180.0,404180.0
814,376960.0,0.0,0.0,376960.0,376960.0
815,312940.0,0.0,0.0,312940.0,312940.0
816,283600.0,0.0,0.0,283600.0,283600.0
817,290500.0,0.0,0.0,290500.0,290500.0
818,290500.0,0.0,0.0,290500.0,290500.0
819,311500.0,23.9,10157.499999999998,301342.5,301342.5
820,311500.0,181.7,77222.5,234277.5,234277.5
821,310600.0,346.16,147118.0,163482.0,163482.0
822,336640.0,583.66,248055.5,88584.5,88584.5
823,395300.0,714.71,303751.75000000006,91548.24999999994,91548.24999999994
824,396400.0,744.76,316523.0,79877.0,79877.0
825,385780.0,760.01,323004.25,62775.75,62775.75
826,385780.0,671.46,285370.5,100409.5,100409.5
827,396400.0,496.26,210910.5,185489.5,185489.5
828,392591.0,299.51,127291.75,265299.25,265299.25
829,340000.0,110.85,47111.24999999999,292888.75,292888.75
830,377000.0,0.0,0.0,377000.0,377000.0
831,390090.0,0.0,0.0,390090.0,390090.0
832,382011.0,0.0,0.0,382011.0,382011.0
833,446860.0,0.0,0.0,446860.0,446860.0
834,469300.0,0.0,0.0,469300.0,469300.0
835,469600.0,0.0,0.0,469600.0,469600.0
836,404180.0,0.0,0.0,404180.0,404180.0
837,404180.0,0.0,0.0,404180.0,404180.0
838,376960.0,0.0,0.0,376960.0,376960.0
839,312940.0,0.0,0.0,312940.0,312940.0
840,283600.0,0.0,0.0,283600.0,283600.0
841,361060.0,0.0,0.0,361060.0,361060.0
842,361060.0,0.0,0.0,361060.0,361060.0
843,288840.0,30.55,12983.75,275856.25,275856.25
844,298440.0,217.25,92331.25,206108.75,206108.75
845,297840.0,431.41,183349.25,114490.75,114490.75
846,352760.0,619.86,263440.5,89319.5,89319.5
847,361360.0,741.26,315035.5,46324.5,46324.5
848,362560.0,796.86,338665.5,23894.5,23894.5
849,351940.0,779.06,331100.5,20839.5,20839.5
850,351940.0,688.41,292574.25,59365.75,59365.75
851,434060.0,534.46,227145.5,206914.5,206914.5
852,381560.0,333.91,141911.75000000003,239648.24999999997,239648.24999999997
853,381560.0,121.0,51425.0,330135.0,330135.0
854,381560.0,0.0,0.0,381560.0,381560.0
855,402980.0,0.0,0.0,402980.0,402980.0
856,1104480.0,0.0,0.0,1104480.0,1000000.0
857,392780.0,0.0,0.0,392780.0,392780.0
858,404600.0,0.0,0.0,404600.0,404600.0
859,405200.0,0.0,0.0,405200.0,405200.0
860,365380.0,0.0,0.0,365380.0,365380.0
861,365980.0,0.0,0.0,365980.0,365980.0
862,362080.0,0.0,0.0,362080.0,362080.0
863,351460.0,0.0,0.0,351460.0,351460.0
864,351460.0,0.0,0.0,351460.0,351460.0
865,290500.0,0.0,0.0,290500.0,290500.0
866,290500.0,0.0,0.0,290500.0,290500.0
867,311500.0,31.44,13362.000000000002,298138.0,298138.0
868,311500.0,219.05,93096.25000000001,218403.75,218403.75
869,310600.0,433.66,184305.50000000003,126294.49999999997,126294.49999999997
870,336640.0,616.01,261804.25,74835.75,74835.75
871,395300.0,742.01,315354.25,79945.75,79945.75
872,396400.0,798.86,339515.5,56884.5,56884.5
873,385780.0,781.66,332205.5,53574.5,53574.5
874,385780.0,692.06,294125.49999999994,91654.50000000006,91654.50000000006
875,396400.0,538.56,228887.99999999994,167512.00000000006,167512.00000000006
876,392591.0,337.81,143569.25,249021.75,249021.75
877,340000.0,123.95,52678.75,287321.25,287321.25
878,377000.0,0.0,0.0,377000.0,377000.0
879,390090.0,0.0,0.0,390090.0,390090.0
880,382011.0,0.0,0.0,382011.0,382011.0
881,446860.0,0.0,0.0,446860.0,446860.0
882,469300.0,0.0,0.0,469300.0,469300.0
883,469600.0,0.0,0.0,469600.0,469600.0
884,404180.0,0.0,0.0,404180.0,404180.0
885,404180.0,0.0,0.0,404180.0,404180.0
886,376960.0,0.0,0.0,376960.0,376960.0
887,312940.0,0.0,0.0,312940.0,312940.0
888,283600.0,0.0,0.0,283600.0,283600.0
889,404660.0,0.0,0.0,404660.0,404660.0
890,360260.0,0.0,0.0,360260.0,360260.0
891,344120.0,32.22,13693.5,330426.5,330426.5
892,332420.0,219.25,93181.25,239238.75,239238.75
893,331520.0,432.61,183859.25,147660.75,147660.75
894,338420.0,614.36,261103.0,77317.0,77317.0
895,357340.0,744.36,316353.0,40987.0,40987.0
896,414160.0,802.76,341173.0,72987.0,72987.0
897,451060.0,786.26,334160.5,116899.5,116899.5
898,453760.0,696.11,295846.75,157913.25,157913.25
899,508960.0,541.66,230205.49999999994,278754.50000000006,278754.50000000006
900,456460.0,340.01,144504.25,311955.75,311955.75
901,443260.0,125.55,53358.75,389901.25,389901.25
902,1155260.0,0.0,0.0,1155260.0,1000000.0
903,579280.0,0.0,0.0,579280.0,579280.0
904,462400.0,0.0,0.0,462400.0,462400.0
905,470380.0,0.0,0.0,470380.0,470380.0
906,479600.0,0.0,0.0,479600.0,479600.0
907,479600.0,0.0,0.0,479600.0,479600.0
908,421080.0,0.0,0.0,421080.0,421080.0
909,421380.0,0.0,0.0,421380.0,421380.0
910,402380.0,0.0,0.0,402380.0,402380.0
911,402380.0,0.0,0.0,402380.0,402380.0
912,402380.0,0.0,0.0,402380.0,402380.0
913,404660.0,0.0,0.0,404660.0,404660.0
914,360260.0,0.0,0.0,360260.0,360260.0
915,344120.0,34.18,14526.5,329593.5,329593.5
916,332420.0,228.9,97282.5,235137.5,235137.5
917,331520.0,447.91,190361.75000000003,141158.24999999997,141158.24999999997
918,338420.0,633.36,269178.0,69242.0,69242.0
919,357340.0,761.51,323641.75,33698.25,33698.25
920,414160.0,819.76,348398.0,65762.0,65762.0
921,451060.0,802.76,341173.0,109887.0,109887.0
922,453760.0,711.81,302519.25,151240.75,151240.75
923,508960.0,555.31,236006.75,272953.25,272953.25
924,456460.0,350.41,148924.25,307535.75,307535.75
925,443260.0,131.15,55738.75000000001,387521.25,387521.25
926,1155260.0,0.0,0.0,1155260.0,1000000.0
927,579280.0,0.0,0.0,579280.0,579280.0
928,462400.0,0.0,0.0,462400.0,462400.0
929,470380.0,0.0,0.0,470380.0,470380.0
930,479600.0,0.0,0.0,479600.0,479600.0
931,479600.0,0.0,0.0,479600.0,479600.0
932,421080.0,0.0,0.0,421080.0,421080.0
933,421380.0,0.0,0.0,421380.0,421380.0
934,402380.0,0.0,0.0,402380.0,402380.0
935,402380.0,0.0,0.0,402380.0,402380.0
936,402380.0,0.0,0.0,402380.0,402380.0
937,290500.0,0.0,0.0,290500.0,290500.0
938,290500.0,0.0,0.0,290500.0,290500.0
939,311500.0,35.39,15040.75,296459.25,296459.25
940,311500.0,232.6,98855.0,212645.0,212645.0
941,310600.0,453.06,192550.5,118049.5,118049.5
942,336640.0,639.81,271919.25,64720.75,64720.75
943,395300.0,769.76,327148.0,68152.0,68152.0
944,396400.0,827.71,351776.75,44623.25,44623.25
945,385780.0,809.41,343999.25,41780.75,41780.75
946,385780.0,716.96,304708.0,81072.0,81072.0
947,396400.0,559.46,237770.50000000003,158629.49999999997,158629.49999999997
948,392591.0,354.06,150475.5,242115.5,242115.5
949,340000.0,133.8,56865.0,283135.0,283135.0
950,377000.0,0.0,0.0,377000.0,377000.0
951,390090.0,0.0,0.0,390090.0,390090.0
952,382011.0,0.0,0.0,382011.0,382011.0
953,446860.0,0.0,0.0,446860.0,446860.0
954,469300.0,0.0,0.0,469300.0,469300.0
955,469600.0,0.0,0.0,469600.0,469600.0
956,404180.0,0.0,0.0,404180.0,404180.0
957,404180.0,0.0,0.0,404180.0,404180.0
958,376960.0,0.0,0.0,376960.0,376960.0
959,312940.0,0.0,0.0,312940.0,312940.0
960,283600.0,0.0,0.0,283600.0,283600.0
961,290500.0,0.0,0.0,290500.0,290500.0
962,290500.0,0.0,0.0,290500.0,290500.0
963,311500.0,35.88,15249.0,296251.0,296251.0
964,311500.0,230.7,98047.5,213452.5,213452.5
965,310600.0,448.26,190510.5,120089.5,120089.5
966,336640.0,632.51,268816.75,67823.25,67823.25
967,395300.0,760.41,323174.24999999994,72125.75000000006,72125.75000000006
968,396400.0,818.01,347654.25,48745.75,48745.75
969,385780.0,800.51,340216.75,45563.25,45563.25
970,385780.0,709.61,301584.25,84195.75,84195.75
971,396400.0,553.76,235348.0,161052.0,161052.0
972,392591.0,350.16,148818.0,243773.0,243773.0
973,340000.0,132.65,56376.25000000001,283623.75,283623.75
974,377000.0,0.0,0.0,377000.0,377000.0
975,390090.0,0.0,0.0,390090.0,390090.0
976,382011.0,0.0,0.0,382011.0,382011.0
977,446860.0,0.0,0.0,446860.0,446860.0
978,469300.0,0.0,0.0,469300.0,469300.0
979,469600.0,0.0,0.0,469600.0,469600.0
980,404180.0,0.0,0.0,404180.0,404180.0
981,404180.0,0.0,0.0,404180.0,404180.0
982,376960.0,0.0,0.0,376960.0,376960.0
983,312940.0,0.0,0.0,312940.0,312940.0
984,283600.0,0.0,0.0,283600.0,283600.0
985,290500.0,0.0,0.0,290500.0,290500.0
986,290500.0,0.0,0.0,290500.0,290500.0
987,311500.0,36.41,15474.25,296025.75,296025.75
988,311500.0,229.65,97601.25,213898.75,213898.75
989,310600.0,445.36,189278.00000000003,121321.99999999997,121321.99999999997
990,336640.0,628.41,267074.24999999994,69565.75000000006,69565.75000000006
991,395300.0,751.41,319349.25,75950.75,75950.75
992,396400.0,808.96,343808.0,52592.0,52592.0
993,385780.0,792.31,336731.75,49048.25,49048.25
994,385780.0,702.61,298609.25000000006,87170.74999999994,87170.74999999994
995,396400.0,548.61,233159.25,163240.75,163240.75
996,392591.0,347.26,147585.5,245005.5,245005.5
997,340000.0,132.35,56248.75,283751.25,283751.25
998,377000.0,0.0,0.0,377000.0,377000.0
999,390090.0,0.0,0.0,390090.0,390090.0
1000,382011.0,0.0,0.0,382011.0,382011.0
1001,446860.0,0.0,0.0,446860.0,446860.0
1002,469300.0,0.0,0.0,469300.0,469300.0
1003,469600.0,0.0,0.0,469600.0,469600.0
1004,404180.0,0.0,0.0,404180.0,404180.0
1005,404180.0,0.0,0.0,404180.0,404180.0
1006,376960.0,0.0,0.0,376960.0,376960.0
1007,312940.0,0.0,0.0,312940.0,312940.0
1008,283600.0,0.0,0.0,283600.0,283600.0
1009,290500.0,0.0,0.0,290500.0,290500.0
1010,290500.0,0.0,0.0,290500.0,290500.0
1011,311500.0,37.64,15997.0,295503.0,295503.0
1012,311500.0,232.65,98876.25,212623.75,212623.75
1013,310600.0,449.46,191020.49999999997,119579.50000000003,119579.50000000003
1014,336640.0,632.31,268731.74999999994,67908.25000000006,67908.25000000006
1015,395300.0,754.61,320709.25,74590.75,74590.75
1016,396400.0,810.91,344636.75,51763.25,51763.25
1017,385780.0,793.21,337114.25000000006,48665.74999999994,48665.74999999994
1018,385780.0,701.41,298099.25,87680.75,87680.75
1019,396400.0,547.01,232479.25,163920.75,163920.75
1020,392591.0,344.26,146310.5,246280.5,246280.5
1021,340000.0,132.2,56184.999999999985,283815.0,283815.0
1022,377000.0,0.0,0.0,377000.0,377000.0
1023,390090.0,0.0,0.0,390090.0,390090.0
1024,382011.0,0.0,0.0,382011.0,382011.0
1025,446860.0,0.0,0.0,446860.0,446860.0
1026,469300.0,0.0,0.0,469300.0,469300.0
1027,469600.0,0.0,0.0,469600.0,469600.0
1028,404180.0,0.0,0.0,404180.0,404180.0
1029,404180.0,0.0,0.0,404180.0,404180.0
1030,376960.0,0.0,0.0,376960.0,376960.0
1031,312940.0,0.0,0.0,312940.0,312940.0
1032,283600.0,0.0,0.0,283600.0,283600.0
1033,290500.0,0.0,0.0,290500.0,290500.0
1034,290500.0,0.0,0.0,290500.0,290500.0
1035,311500.0,37.48,15929.0,295571.0,295571.0
1036,311500.0,225.45,95816.24999999999,215683.75,215683.75
1037,310600.0,430.96,183157.99999999997,127442.00000000003,127442.00000000003
1038,336640.0,612.71,260401.75000000003,76238.24999999997,76238.24999999997
1039,395300.0,737.81,313569.25,81730.75,81730.75
1040,396400.0,794.56,337687.99999999994,58712.00000000006,58712.00000000006
1041,385780.0,778.31,330781.75,54998.25,54998.25
1042,385780.0,687.21,292064.25,93715.75,93715.75
1043,396400.0,529.86,225190.5,171209.5,171209.5
1044,392591.0,336.76,143123.0,249468.0,249468.0
1045,340000.0,132.0,56100.0,283900.0,283900.0
1046,377000.0,0.0,0.0,377000.0,377000.0
1047,390090.0,0.0,0.0,390090.0,390090.0
1048,382011.0,0.0,0.0,382011.0,382011.0
1049,446860.0,0.0,0.0,446860.0,446860.0
1050,469300.0,0.0,0.0,469300.0,469300.0
1051,469600.0,0.0,0.0,469600.0,469600.0
1052,404180.0,0.0,0.0,404180.0,404180.0
1053,404180.0,0.0,0.0,404180.0,404180.0
1054,376960.0,0.0,0.0,376960.0,376960.0
1055,312940.0,0.0,0.0,312940.0,312940.0
1056,283600.0,0.0,0.0,283600.0,283600.0
1057,404660.0,0.0,0.0,404660.0,404660.0
1058,360260.0,0.0,0.0,360260.0,360260.0
1059,344120.0,39.91,16961.749999999996,327158.25,327158.25
1060,332420.0,235.7,100172.5,232247.5,232247.5
1061,331520.0,452.01,192104.24999999997,139415.75000000003,139415.75000000003
1062,338420.0,634.51,269666.75,68753.25,68753.25
1063,357340.0,760.81,323344.25,33995.75,33995.75
1064,414160.0,818.11,347696.75,66463.25,66463.25
1065,451060.0,800.96,340408.0,110652.0,110652.0
1066,453760.0,702.81,298694.24999999994,155065.75000000006,155065.75000000006
1067,508960.0,543.46,230970.5,277989.5,277989.5
1068,456460.0,344.56,146438.0,310022.0,310022.0
1069,443260.0,134.75,57268.75,385991.25,385991.25
1070,1155260.0,0.0,0.0,1155260.0,1000000.0
1071,579280.0,0.0,0.0,579280.0,579280.0
1072,462400.0,0.0,0.0,462400.0,462400.0
1073,470380.0,0.0,0.0,470380.0,470380.0
1074,479600.0,0.0,0.0,479600.0,479600.0
1075,479600.0,0.0,0.0,479600.0,479600.0
1076,421080.0,0.0,0.0,421080.0,421080.0
1077,421380.0,0.0,0.0,421380.0,421380.0
1078,402380.0,0.0,0.0,402380.0,402380.0
1079,402380.0,0.0,0.0,402380.0,402380.0
1080,402380.0,0.0,0.0,402380.0,402380.0
1081,404660.0,0.0,0.0,404660.0,404660.0
1082,360260.0,0.0,0.0,360260.0,360260.0
1083,344120.0,42.0,17850.0,326270.0,326270.0
1084,332420.0,244.15,103763.75,228656.25,228656.25
1085,331520.0,465.56,197863.00000000003,133656.99999999997,133656.99999999997
1086,338420.0,653.31,277656.75,60763.25,60763.25
1087,357340.0,779.71,331376.75,25963.25,25963.25
1088,414160.0,839.36,356728.0,57432.0,57432.0
1089,451060.0,823.51,349991.75,101068.25,101068.25
1090,453760.0,733.61,311784.25,141975.75,141975.75
1091,508960.0,577.96,245633.0,263327.0,263327.0
1092,456460.0,372.06,158125.5,298334.5,298334.5
1093,443260.0,147.9,62857.5,380402.5,380402.5
1094,1155260.0,0.0,0.0,1155260.0,1000000.0
1095,579280.0,0.0,0.0,579280.0,579280.0
1096,462400.0,0.0,0.0,462400.0,462400.0
1097,470380.0,0.0,0.0,470380.0,470380.0
1098,479600.0,0.0,0.0,479600.0,479600.0
1099,479600.0,0.0,0.0,479600.0,479600.0
1100,421080.0,0.0,0.0,421080.0,421080.0
1101,421380.0,0.0,0.0,421380.0,421380.0
1102,402380.0,0.0,0.0,402380.0,402380.0
1103,402380.0,0.0,0.0,402380.0,402380.0
1104,402380.0,0.0,0.0,402380.0,402380.0
1105,290500.0,0.0,0.0,290500.0,290500.0
1106,290500.0,0.0,0.0,290500.0,290500.0
1107,311500.0,44.09,18738.250000000004,292761.75,292761.75
1108,311500.0,249.65,106101.25,205398.75,205398.75
1109,310600.0,472.11,200646.75000000003,109953.24999999997,109953.24999999997
1110,336640.0,659.86,280440.5,56199.5,56199.5
1111,395300.0,788.96,335308.0,59992.0,59992.0
1112,396400.0,847.21,360064.25,36335.75,36335.75
1113,385780.0,829.66,352605.5,33174.5,33174.5
1114,385780.0,738.11,313696.75,72083.25,72083.25
1115,396400.0,580.51,246716.75,149683.25,149683.25
1116,392591.0,373.36,158678.0,233913.0,233913.0
1117,340000.0,149.25,63431.25,276568.75,276568.75
1118,377000.0,0.0,0.0,377000.0,377000.0
1119,390090.0,0.0,0.0,390090.0,390090.0
1120,382011.0,0.0,0.0,382011.0,382011.0
1121,446860.0,0.0,0.0,446860.0,446860.0
1122,469300.0,0.0,0.0,469300.0,469300.0
1123,469600.0,0.0,0.0,469600.0,469600.0
1124,404180.0,0.0,0.0,404180.0,404180.0
1125,404180.0,0.0,0.0,404180.0,404180.0
1126,376960.0,0.0,0.0,376960.0,376960.0
1127,312940.0,0.0,0.0,312940.0,312940.0
1128,283600.0,0.0,0.0,283600.0,283600.0
1129,290500.0,0.0,0.0,290500.0,290500.0
1130,290500.0,0.0,0.0,290500.0,290500.0
1131,311500.0,45.54,19354.5,292145.5,292145.5
1132,311500.0,252.8,107440.00000000001,204060.0,204060.0
1133,310600.0,475.16,201943.0,108657.0,108657.0
1134,336640.0,662.36,281503.00000000006,55136.99999999994,55136.99999999994
1135,395300.0,793.61,337284.25,58015.75,58015.75
1136,396400.0,851.96,362083.0,34317.0,34317.0
1137,385780.0,834.01,354454.25,31325.75,31325.75
1138,385780.0,741.26,315035.5,70744.5,70744.5
1139,396400.0,582.61,247609.25,148790.75,148790.75
1140,392591.0,375.06,159400.5,233190.5,233190.5
1141,340000.0,150.9,64132.5,275867.5,275867.5
1142,377000.0,0.0,0.0,377000.0,377000.0
1143,390090.0,0.0,0.0,390090.0,390090.0
1144,382011.0,0.0,0.0,382011.0,382011.0
1145,446860.0,0.0,0.0,446860.0,446860.0
1146,469300.0,0.0,0.0,469300.0,469300.0
1147,469600.0,0.0,0.0,469600.0,469600.0
1148,404180.0,0.0,0.0,404180.0,404180.0
1149,404180.0,0.0,0.0,404180.0,404180.0
1150,376960.0,0.0,0.0,376960.0,376960.0
1151,312940.0,0.0,0.0,312940.0,312940.0
1152,283600.0,0.0,0.0,283600.0,283600.0
1153,290500.0,0.0,0.0,290500.0,290500.0
1154,290500.0,0.0,0.0,290500.0,290500.0
1155,311500.0,43.53,18500.25,292999.75,292999.75
1156,311500.0,236.2,100385.0,211115.0,211115.0
1157,310600.0,453.86,192890.50000000003,117709.49999999997,117709.49999999997
1158,336640.0,653.46,277720.5,58919.5,58919.5
1159,395300.0,737.06,313250.49999999994,82049.50000000006,82049.50000000006
1160,396400.0,758.91,322536.75,73863.25,73863.25
1161,385780.0,660.06,280525.5,105254.5,105254.5
1162,385780.0,647.46,275170.5,110609.5,110609.5
1163,396400.0,506.36,215203.00000000003,181196.99999999997,181196.99999999997
1164,392591.0,306.8,130390.0,262201.0,262201.0
1165,340000.0,132.45,56291.249999999985,283708.75,283708.75
1166,377000.0,0.0,0.0,377000.0,377000.0
1167,390090.0,0.0,0.0,390090.0,390090.0
1168,382011.0,0.0,0.0,382011.0,382011.0
1169,446860.0,0.0,0.0,446860.0,446860.0
1170,469300.0,0.0,0.0,469300.0,469300.0
1171,469600.0,0.0,0.0,469600.0,469600.0
1172,404180.0,0.0,0.0,404180.0,404180.0
1173,404180.0,0.0,0.0,404180.0,404180.0
1174,376960.0,0.0,0.0,376960.0,376960.0
1175,312940.0,0.0,0.0,312940.0,312940.0
1176,283600.0,0.0,0.0,283600.0,283600.0
1177,290500.0,0.0,0.0,290500.0,290500.0
1178,290500.0,0.0,0.0,290500.0,290500.0
1179,311500.0,42.81,18194.25,293305.75,293305.75
1180,311500.0,215.2,91460.0,220040.0,220040.0
1181,310600.0,420.75,178818.75,131781.25,131781.25
1182,336640.0,619.61,263334.25,73305.75,73305.75
1183,395300.0,734.56,312188.0,83112.0,83112.0
1184,396400.0,803.76,341598.0,54802.0,54802.0
1185,385780.0,826.21,351139.25,34640.75,34640.75
1186,385780.0,743.11,315821.75,69958.25,69958.25
1187,396400.0,582.11,247396.75,149003.25,149003.25
1188,392591.0,377.16,160293.00000000003,232297.99999999997,232297.99999999997
1189,340000.0,153.7,65322.499999999985,274677.5,274677.5
1190,377000.0,0.0,0.0,377000.0,377000.0
1191,390090.0,0.0,0.0,390090.0,390090.0
1192,382011.0,0.0,0.0,382011.0,382011.0
1193,446860.0,0.0,0.0,446860.0,446860.0
1194,469300.0,0.0,0.0,469300.0,469300.0
1195,469600.0,0.0,0.0,469600.0,469600.0
1196,404180.0,0.0,0.0,404180.0,404180.0
1197,404180.0,0.0,0.0,404180.0,404180.0
1198,376960.0,0.0,0.0,376960.0,376960.0
1199,312940.0,0.0,0.0,312940.0,312940.0
1200,283600.0,0.0,0.0,283600.0,283600.0
1201,290500.0,0.0,0.0,290500.0,290500.0
1202,290500.0,0.0,0.0,290500.0,290500.0
1203,311500.0,50.8,21590.0,289910.0,289910.0
1204,311500.0,263.6,112030.0,199470.0,199470.0
1205,310600.0,488.31,207531.75,103068.25,103068.25
1206,336640.0,676.21,287389.25000000006,49250.74999999994,49250.74999999994
1207,395300.0,804.56,341938.0,53362.0,53362.0
1208,396400.0,862.61,366609.25,29790.75,29790.75
1209,385780.0,844.16,358768.0,27012.0,27012.0
1210,385780.0,750.51,318966.75,66813.25,66813.25
1211,396400.0,590.71,251051.75000000003,145348.24999999997,145348.24999999997
1212,392591.0,381.81,162269.25,230321.75,230321.75
1213,340000.0,156.3,66427.50000000001,273572.5,273572.5
1214,377000.0,0.0,0.0,377000.0,377000.0
1215,390090.0,0.0,0.0,390090.0,390090.0
1216,382011.0,0.0,0.0,382011.0,382011.0
1217,446860.0,0.0,0.0,446860.0,446860.0
1218,469300.0,0.0,0.0,469300.0,469300.0
1219,469600.0,0.0,0.0,469600.0,469600.0
1220,404180.0,0.0,0.0,404180.0,404180.0
1221,404180.0,0.0,0.0,404180.0,404180.0
1222,376960.0,0.0,0.0,376960.0,376960.0
1223,312940.0,0.0,0.0,312940.0,312940.0
1224,283600.0,0.0,0.0,283600.0,283600.0
1225,404660.0,0.0,0.0,404660.0,404660.0
1226,360260.0,0.0,0.0,360260.0,360260.0
1227,344120.0,50.49,21458.25,322661.75,322661.75
1228,332420.0,251.0,106675.0,225745.0,225745.0
1229,331520.0,474.16,201518.0,130002.0,130002.0
1230,338420.0,657.46,279420.5,58999.5,58999.5
1231,357340.0,793.26,337135.5,20204.5,20204.5
1232,414160.0,852.31,362231.74999999994,51928.25000000006,51928.25000000006
1233,451060.0,819.41,348249.25,102810.75,102810.75
1234,453760.0,732.46,311295.5,142464.5,142464.5
1235,508960.0,574.46,244145.50000000003,264814.5,264814.5
1236,456460.0,371.31,157806.75,298653.25,298653.25
1237,443260.0,153.35,65173.75,378086.25,378086.25
1238,1155260.0,0.0,0.0,1155260.0,1000000.0
1239,579280.0,0.0,0.0,579280.0,579280.0
1240,462400.0,0.0,0.0,462400.0,462400.0
1241,470380.0,0.0,0.0,470380.0,470380.0
1242,479600.0,0.0,0.0,479600.0,479600.0
1243,479600.0,0.0,0.0,479600.0,479600.0
1244,421080.0,0.0,0.0,421080.0,421080.0
1245,421380.0,0.0,0.0,421380.0,421380.0
1246,402380.0,0.0,0.0,402380.0,402380.0
1247,402380.0,0.0,0.0,402380.0,402380.0
1248,402380.0,0.0,0.0,402380.0,402380.0
1249,404660.0,0.0,0.0,404660.0,404660.0
1250,360260.0,0.0,0.0,360260.0,360260.0
1251,344120.0,51.78,22006.5,322113.5,322113.5
1252,332420.0,257.4,109394.99999999999,223025.0,223025.0
1253,331520.0,476.26,202410.5,129109.5,129109.5
1254,338420.0,659.81,280419.24999999994,58000.75000000006,58000.75000000006
1255,357340.0,785.61,333884.25,23455.75,23455.75
1256,414160.0,842.61,358109.25,56050.75,56050.75
1257,451060.0,824.81,350544.24999999994,100515.75000000006,100515.75000000006
1258,453760.0,733.66,311805.5,141954.5,141954.5
1259,508960.0,577.51,245441.75,263518.25,263518.25
1260,456460.0,373.41,158699.25,297760.75,297760.75
1261,443260.0,153.95,65428.749999999985,377831.25,377831.25
1262,1155260.0,0.0,0.0,1155260.0,1000000.0
1263,579280.0,0.0,0.0,579280.0,579280.0
1264,462400.0,0.0,0.0,462400.0,462400.0
1265,470380.0,0.0,0.0,470380.0,470380.0
1266,479600.0,0.0,0.0,479600.0,479600.0
1267,479600.0,0.0,0.0,479600.0,479600.0
1268,421080.0,0.0,0.0,421080.0,421080.0
1269,421380.0,0.0,0.0,421380.0,421380.0
1270,402380.0,0.0,0.0,402380.0,402380.0
1271,402380.0,0.0,0.0,402380.0,402380.0
1272,402380.0,0.0,0.0,402380.0,402380.0
1273,290500.0,0.0,0.0,290500.0,290500.0
1274,290500.0,0.0,0.0,290500.0,290500.0
1275,311500.0,52.38,22261.5,289238.5,289238.5
1276,311500.0,255.8,108715.00000000001,202785.0,202785.0
1277,310600.0,471.06,200200.5,110399.5,110399.5
1278,336640.0,646.11,274596.75,62043.25,62043.25
1279,395300.0,779.21,331164.25000000006,64135.74999999994,64135.74999999994
1280,396400.0,837.96,356133.0,40267.0,40267.0
1281,385780.0,820.31,348631.75,37148.25,37148.25
1282,385780.0,729.76,310148.0,75632.0,75632.0
1283,396400.0,575.16,244443.0,151957.0,151957.0
1284,392591.0,373.01,158529.25,234061.75,234061.75
1285,340000.0,155.15,65938.75,274061.25,274061.25
1286,377000.0,0.0,0.0,377000.0,377000.0
1287,390090.0,0.0,0.0,390090.0,390090.0
1288,382011.0,0.0,0.0,382011.0,382011.0
1289,446860.0,0.0,0.0,446860.0,446860.0
1290,469300.0,0.0,0.0,469300.0,469300.0
1291,469600.0,0.0,0.0,469600.0,469600.0
1292,404180.0,0.0,0.0,404180.0,404180.0
1293,404180.0,0.0,0.0,404180.0,404180.0
1294,376960.0,0.0,0.0,376960.0,376960.0
1295,312940.0,0.0,0.0,312940.0,312940.0
1296,283600.0,0.0,0.0,283600.0,283600.0
1297,290500.0,0.0,0.0,290500.0,290500.0
1298,290500.0,0.0,0.0,290500.0,290500.0
1299,311500.0,62.1,26392.5,285107.5,285107.5
1300,311500.0,264.0,112200.0,199300.0,199300.0
1301,310600.0,482.51,205066.75,105533.25,105533.25
1302,336640.0,666.71,283351.75,53288.25,53288.25
1303,395300.0,793.66,337305.49999999994,57994.50000000006,57994.50000000006
1304,396400.0,850.81,361594.25,34805.75,34805.75
1305,385780.0,832.86,353965.5,31814.5,31814.5
1306,385780.0,741.61,315184.25,70595.75,70595.75
1307,396400.0,585.61,248884.25,147515.75,147515.75
1308,392591.0,381.41,162099.25,230491.75,230491.75
1309,340000.0,160.15,68063.75000000001,271936.25,271936.25
1310,377000.0,0.0,0.0,377000.0,377000.0
1311,390090.0,0.0,0.0,390090.0,390090.0
1312,382011.0,0.0,0.0,382011.0,382011.0
1313,446860.0,0.0,0.0,446860.0,446860.0
1314,469300.0,0.0,0.0,469300.0,469300.0
1315,469600.0,0.0,0.0,469600.0,469600.0
1316,404180.0,0.0,0.0,404180.0,404180.0
1317,404180.0,0.0,0.0,404180.0,404180.0
1318,376960.0,0.0,0.0,376960.0,376960.0
1319,312940.0,0.0,0.0,312940.0,312940.0
1320,283600.0,0.0,0.0,283600.0,283600.0
1321,290500.0,0.0,0.0,290500.0,290500.0
1322,290500.0,0.0,0.0,290500.0,290500.0
1323,311500.0,63.45,26966.250000000004,284533.75,284533.75
1324,311500.0,264.1,112242.5,199257.5,199257.5
1325,310600.0,478.16,203218.00000000003,107381.99999999997,107381.99999999997
1326,336640.0,646.96,274958.00000000006,61681.99999999994,61681.99999999994
1327,395300.0,774.66,329230.5,66069.5,66069.5
1328,396400.0,841.41,357599.25,38800.75,38800.75
1329,385780.0,825.31,350756.75,35023.25,35023.25
1330,385780.0,732.71,311401.75000000006,74378.24999999994,74378.24999999994
1331,396400.0,562.06,238875.49999999994,157524.50000000006,157524.50000000006
1332,392591.0,354.9,150832.5,241758.5,241758.5
1333,340000.0,144.7,61497.5,278502.5,278502.5
1334,377000.0,0.0,0.0,377000.0,377000.0
1335,390090.0,0.0,0.0,390090.0,390090.0
1336,382011.0,0.0,0.0,382011.0,382011.0
1337,446860.0,0.0,0.0,446860.0,446860.0
1338,469300.0,0.0,0.0,469300.0,469300.0
1339,469600.0,0.0,0.0,469600.0,469600.0
1340,404180.0,0.0,0.0,404180.0,404180.0
1341,404180.0,0.0,0.0,404180.0,404180.0
1342,376960.0,0.0,0.0,376960.0,376960.0
1343,312940.0,0.0,0.0,312940.0,312940.0
1344,283600.0,0.0,0.0,283600.0,283600.0
1345,290500.0,0.0,0.0,290500.0,290500.0
1346,290500.0,0.0,0.0,290500.0,290500.0
1347,311500.0,55.65,23651.25,287848.75,287848.75
1348,311500.0,221.9,94307.5,217192.5,217192.5
1349,310600.0,430.95,183153.75,127446.25,127446.25
1350,336640.0,667.96,283883.0,52757.0,52757.0
1351,395300.0,794.96,337858.0,57442.0,57442.0
1352,396400.0,826.01,351054.25,45345.75,45345.75
1353,385780.0,834.16,354518.0,31262.0,31262.0
1354,385780.0,742.71,315651.75,70128.25,70128.25
1355,396400.0,588.11,249946.75,146453.25,146453.25
1356,392591.0,385.6,163880.0,228711.0,228711.0
1357,340000.0,162.15,68913.75000000001,271086.25,271086.25
1358,377000.0,0.0,0.0,377000.0,377000.0
1359,390090.0,0.0,0.0,390090.0,390090.0
1360,382011.0,0.0,0.0,382011.0,382011.0
1361,446860.0,0.0,0.0,446860.0,446860.0
1362,469300.0,0.0,0.0,469300.0,469300.0
1363,469600.0,0.0,0.0,469600.0,469600.0
1364,404180.0,0.0,0.0,404180.0,404180.0
1365,404180.0,0.0,0.0,404180.0,404180.0
1366,376960.0,0.0,0.0,376960.0,376960.0
1367,312940.0,0.0,0.0,312940.0,312940.0
1368,283600.0,0.0,0.0,283600.0,283600.0
1369,290500.0,0.0,0.0,290500.0,290500.0
1370,290500.0,0.0,0.0,290500.0,290500.0
1371,311500.0,71.0,30175.0,281325.0,281325.0
1372,311500.0,277.4,117895.0,193605.0,193605.0
1373,310600.0,491.86,209040.5,101559.5,101559.5
1374,336640.0,680.16,289068.0,47572.0,47572.0
1375,395300.0,767.06,326000.5,69299.5,69299.5
1376,396400.0,815.21,346464.25,49935.75,49935.75
1377,385780.0,790.36,335903.00000000006,49876.99999999994,49876.99999999994
1378,385780.0,688.11,292446.75,93333.25,93333.25
1379,396400.0,526.26,223660.5,172739.5,172739.5
1380,392591.0,346.4,147220.0,245371.0,245371.0
1381,340000.0,151.1,64217.499999999985,275782.5,275782.5
1382,377000.0,9.7,4122.499999999999,372877.5,372877.5
1383,390090.0,0.0,0.0,390090.0,390090.0
1384,382011.0,0.0,0.0,382011.0,382011.0
1385,446860.0,0.0,0.0,446860.0,446860.0
1386,469300.0,0.0,0.0,469300.0,469300.0
1387,469600.0,0.0,0.0,469600.0,469600.0
1388,404180.0,0.0,0.0,404180.0,404180.0
1389,404180.0,0.0,0.0,404180.0,404180.0
1390,376960.0,0.0,0.0,376960.0,376960.0
1391,312940.0,0.0,0.0,312940.0,312940.0
1392,283600.0,0.0,0.0,283600.0,283600.0
1393,404660.0,0.0,0.0,404660.0,404660.0
1394,360260.0,0.0,0.0,360260.0,360260.0
1395,344120.0,60.3,25627.5,318492.5,318492.5
1396,332420.0,259.8,110415.00000000001,222005.0,222005.0
1397,331520.0,462.31,196481.75,135038.25,135038.25
1398,338420.0,630.31,267881.74999999994,70538.25000000006,70538.25000000006
1399,357340.0,769.91,327211.75,30128.25,30128.25
1400,414160.0,840.36,357153.0,57007.0,57007.0
1401,451060.0,827.76,351797.99999999994,99262.00000000006,99262.00000000006
1402,453760.0,742.31,315481.74999999994,138278.25000000006,138278.25000000006
1403,508960.0,583.21,247864.25,261095.75,261095.75
1404,456460.0,383.05,162796.25,293663.75,293663.75
1405,443260.0,162.85,69211.25,374048.75,374048.75
1406,1155260.0,9.4,3995.0,1151265.0,1000000.0
1407,579280.0,0.0,0.0,579280.0,579280.0
1408,462400.0,0.0,0.0,462400.0,462400.0
1409,470380.0,0.0,0.0,470380.0,470380.0
1410,479600.0,0.0,0.0,479600.0,479600.0
1411,479600.0,0.0,0.0,479600.0,479600.0
1412,421080.0,0.0,0.0,421080.0,421080.0
1413,421380.0,0.0,0.0,421380.0,421380.0
1414,402380.0,0.0,0.0,402380.0,402380.0
1415,402380.0,0.0,0.0,402380.0,402380.0
1416,402380.0,0.0,0.0,402380.0,402380.0
1417,404660.0,0.0,0.0,404660.0,404660.0
1418,360260.0,0.0,0.0,360260.0,360260.0
1419,344120.0,69.7,29622.5,314497.5,314497.5
1420,332420.0,264.7,112497.5,219922.5,219922.5
1421,331520.0,468.46,199095.5,132424.5,132424.5
1422,338420.0,671.81,285519.24999999994,52900.75000000006,52900.75000000006
1423,357340.0,803.31,341406.75,15933.25,15933.25
1424,414160.0,865.51,367841.75,46318.25,46318.25
1425,451060.0,839.21,356664.25,94395.75,94395.75
1426,453760.0,744.11,316246.75,137513.25,137513.25
1427,508960.0,584.46,248395.50000000003,260564.49999999997,260564.49999999997
1428,456460.0,381.35,162073.75,294386.25,294386.25
1429,443260.0,167.65,71251.25,372008.75,372008.75
1430,1155260.0,10.0,4250.0,1151010.0,1000000.0
1431,579280.0,0.0,0.0,579280.0,579280.0
1432,462400.0,0.0,0.0,462400.0,462400.0
1433,470380.0,0.0,0.0,470380.0,470380.0
1434,479600.0,0.0,0.0,479600.0,479600.0
1435,479600.0,0.0,0.0,479600.0,479600.0
1436,421080.0,0.0,0.0,421080.0,421080.0
1437,421380.0,0.0,0.0,421380.0,421380.0
1438,402380.0,0.0,0.0,402380.0,402380.0
1439,402380.0,0.0,0.0,402380.0,402380.0
1440,402380.0,0.0,0.0,402380.0,402380.0
1441,298000.0,0.0,0.0,298000.0,298000.0
1442,298000.0,0.0,0.0,298000.0,298000.0
1443,319000.0,79.7,33872.5,285127.5,285127.5
1444,319000.0,291.05,123696.25000000001,195303.75,195303.75
1445,318100.0,512.71,217901.75,100198.25,100198.25
1446,351640.0,697.91,296611.74999999994,55028.25000000006,55028.25000000006
1447,410300.0,829.36,352478.0,57822.0,57822.0
1448,448400.0,885.01,376129.25,72270.75,72270.75
1449,430280.0,864.06,367225.49999999994,63054.50000000006,63054.50000000006
1450,430280.0,769.16,326893.0,103387.0,103387.0
1451,440900.0,609.46,259020.5,181879.5,181879.5
1452,437091.0,401.4,170595.0,266496.0,266496.0
1453,377000.0,175.55,74608.75,302391.25,302391.25
1454,377000.0,10.5,4462.5,372537.5,372537.5
1455,390090.0,0.0,0.0,390090.0,390090.0
1456,382011.0,0.0,0.0,382011.0,382011.0
1457,446860.0,0.0,0.0,446860.0,446860.0
1458,469300.0,0.0,0.0,469300.0,469300.0
1459,469600.0,0.0,0.0,469600.0,469600.0
1460,411680.0,0.0,0.0,411680.0,411680.0
1461,411680.0,0.0,0.0,411680.0,411680.0
1462,384460.0,0.0,0.0,384460.0,384460.0
1463,320440.0,0.0,0.0,320440.0,320440.0
1464,291100.0,0.0,0.0,291100.0,291100.0
1465,298000.0,0.0,0.0,298000.0,298000.0
1466,298000.0,0.0,0.0,298000.0,298000.0
1467,319000.0,83.3,35402.5,283597.5,283597.5
1468,319000.0,297.9,126607.5,192392.5,192392.5
1469,318100.0,521.46,221620.50000000003,96479.49999999997,96479.49999999997
1470,351640.0,707.96,300883.0,50757.0,50757.0
1471,410300.0,831.91,353561.74999999994,56738.25000000006,56738.25000000006
1472,448400.0,887.51,377191.75,71208.25,71208.25
1473,430280.0,867.31,368606.74999999994,61673.25000000006,61673.25000000006
1474,430280.0,773.06,328550.5,101729.5,101729.5
1475,440900.0,613.81,260869.25,180030.75,180030.75
1476,437091.0,406.3,172677.5,264413.5,264413.5
1477,377000.0,179.15,76138.75,300861.25,300861.25
1478,377000.0,10.95,4653.75,372346.25,372346.25
1479,390090.0,0.0,0.0,390090.0,390090.0
1480,382011.0,0.0,0.0,382011.0,382011.0
1481,446860.0,0.0,0.0,446860.0,446860.0
1482,469300.0,0.0,0.0,469300.0,469300.0
1483,469600.0,0.0,0.0,469600.0,469600.0
1484,411680.0,0.0,0.0,411680.0,411680.0
1485,411680.0,0.0,0.0,411680.0,411680.0
1486,384460.0,0.0,0.0,384460.0,384460.0
1487,320440.0,0.0,0.0,320440.0,320440.0
1488,291100.0,0.0,0.0,291100.0,291100.0
1489,298000.0,0.0,0.0,298000.0,298000.0
1490,298000.0,0.0,0.0,298000.0,298000.0
1491,319000.0,74.85,31811.25,287188.75,287188.75
1492,319000.0,269.65,114601.25,204398.75,204398.75
1493,318100.0,499.26,212185.5,105914.5,105914.5
1494,351640.0,658.21,279739.25000000006,71900.74999999994,71900.74999999994
1495,410300.0,803.11,341321.75,68978.25,68978.25
1496,448400.0,861.96,366333.00000000006,82066.99999999994,82066.99999999994
1497,430280.0,866.21,368139.25,62140.75,62140.75
1498,430280.0,757.46,321920.5,108359.5,108359.5
1499,440900.0,613.56,260763.0,180137.0,180137.0
1500,437091.0,408.5,173612.5,263478.5,263478.5
1501,377000.0,178.8,75990.0,301010.0,301010.0
1502,377000.0,11.4,4845.0,372155.0,372155.0
1503,390090.0,0.0,0.0,390090.0,390090.0
1504,382011.0,0.0,0.0,382011.0,382011.0
1505,446860.0,0.0,0.0,446860.0,446860.0
1506,469300.0,0.0,0.0,469300.0,469300.0
1507,469600.0,0.0,0.0,469600.0,469600.0
1508,411680.0,0.0,0.0,411680.0,411680.0
1509,411680.0,0.0,0.0,411680.0,411680.0
1510,384460.0,0.0,0.0,384460.0,384460.0
1511,320440.0,0.0,0.0,320440.0,320440.0
1512,291100.0,0.0,0.0,291100.0,291100.0
1513,298000.0,0.0,0.0,298000.0,298000.0
1514,298000.0,0.0,0.0,298000.0,298000.0
1515,319000.0,81.2,34510.00000000001,284490.0,284490.0
1516,319000.0,274.65,116726.24999999997,202273.75000000003,202273.75000000003
1517,318100.0,482.95,205253.75,112846.25,112846.25
1518,351640.0,603.56,256513.0,95127.0,95127.0
1519,410300.0,717.86,305090.5,105209.5,105209.5
1520,448400.0,853.81,362869.25,85530.75,85530.75
1521,430280.0,791.66,336455.49999999994,93824.50000000006,93824.50000000006
1522,430280.0,668.26,284010.5,146269.5,146269.5
1523,440900.0,593.41,252199.25,188700.75,188700.75
1524,437091.0,409.95,174228.75,262862.25,262862.25
1525,377000.0,184.35,78348.75,298651.25,298651.25
1526,377000.0,11.8,5015.000000000001,371985.0,371985.0
1527,390090.0,0.0,0.0,390090.0,390090.0
1528,382011.0,0.0,0.0,382011.0,382011.0
1529,446860.0,0.0,0.0,446860.0,446860.0
1530,469300.0,0.0,0.0,469300.0,469300.0
1531,469600.0,0.0,0.0,469600.0,469600.0
1532,411680.0,0.0,0.0,411680.0,411680.0
1533,411680.0,0.0,0.0,411680.0,411680.0
1534,384460.0,0.0,0.0,384460.0,384460.0
1535,320440.0,0.0,0.0,320440.0,320440.0
1536,291100.0,0.0,0.0,291100.0,291100.0
1537,298000.0,0.0,0.0,298000.0,298000.0
1538,298000.0,0.0,0.0,298000.0,298000.0
1539,319000.0,96.85,41161.24999999999,277838.75,277838.75
1540,319000.0,322.3,136977.50000000003,182022.49999999997,182022.49999999997
1541,318100.0,551.11,234221.75,83878.25,83878.25
1542,351640.0,739.91,314461.75,37178.25,37178.25
1543,410300.0,866.61,368309.25,41990.75,41990.75
1544,448400.0,922.16,391918.0,56482.0,56482.0
1545,430280.0,900.51,382716.75,47563.25,47563.25
1546,430280.0,803.11,341321.75,88958.25,88958.25
1547,440900.0,638.96,271558.00000000006,169341.99999999994,169341.99999999994
1548,437091.0,424.4,180370.0,256721.0,256721.0
1549,377000.0,189.75,80643.75,296356.25,296356.25
1550,377000.0,12.1,5142.5,371857.5,371857.5
1551,390090.0,0.0,0.0,390090.0,390090.0
1552,382011.0,0.0,0.0,382011.0,382011.0
1553,446860.0,0.0,0.0,446860.0,446860.0
1554,469300.0,0.0,0.0,469300.0,469300.0
1555,469600.0,0.0,0.0,469600.0,469600.0
1556,411680.0,0.0,0.0,411680.0,411680.0
1557,411680.0,0.0,0.0,411680.0,411680.0
1558,384460.0,0.0,0.0,384460.0,384460.0
1559,320440.0,0.0,0.0,320440.0,320440.0
1560,291100.0,0.0,0.0,291100.0,291100.0
1561,404660.0,0.0,0.0,404660.0,404660.0
1562,360260.0,0.0,0.0,360260.0,360260.0
1563,344120.0,96.5,41012.5,303107.5,303107.5
1564,332420.0,317.45,134916.25,197503.75,197503.75
1565,331520.0,543.21,230864.25000000003,100655.74999999997,100655.74999999997
1566,338420.0,730.21,310339.25,28080.75,28080.75
1567,357340.0,858.21,364739.25,0.0,0.0
1568,414160.0,914.16,388518.0,25642.0,25642.0
1569,451060.0,893.36,379678.0,71382.0,71382.0
1570,453760.0,798.11,339196.75,114563.25,114563.25
1571,508960.0,636.71,270601.75,238358.25,238358.25
1572,456460.0,425.0,180625.0,275835.0,275835.0
1573,443260.0,191.8,81515.0,361745.0,361745.0
1574,1155260.0,12.55,5333.75,1149926.25,1000000.0
1575,579280.0,0.0,0.0,579280.0,579280.0
1576,462400.0,0.0,0.0,462400.0,462400.0
1577,470380.0,0.0,0.0,470380.0,470380.0
1578,479600.0,0.0,0.0,479600.0,479600.0
1579,479600.0,0.0,0.0,479600.0,479600.0
1580,421080.0,0.0,0.0,421080.0,421080.0
1581,421380.0,0.0,0.0,421380.0,421380.0
1582,402380.0,0.0,0.0,402380.0,402380.0
1583,402380.0,0.0,0.0,402380.0,402380.0
1584,402380.0,0.0,0.0,402380.0,402380.0
1585,404660.0,0.0,0.0,404660.0,404660.0
1586,360260.0,0.0,0.0,360260.0,360260.0
1587,344120.0,102.15,43413.75,300706.25,300706.25
1588,332420.0,328.6,139655.0,192765.0,192765.0
1589,331520.0,556.96,236708.0,94812.0,94812.0
1590,338420.0,744.56,316438.0,21982.0,21982.0
1591,357340.0,870.56,369988.0,0.0,0.0
1592,414160.0,924.51,392916.75,21243.25,21243.25
1593,451060.0,901.11,382971.75,68088.25,68088.25
1594,453760.0,802.61,341109.25,112650.75,112650.75
1595,508960.0,638.31,271281.74999999994,237678.25000000006,237678.25000000006
1596,456460.0,424.8,180540.0,275920.0,275920.0
1597,443260.0,191.55,81408.75,361851.25,361851.25
1598,1155260.0,12.75,5418.75,1149841.25,1000000.0
1599,579280.0,0.0,0.0,579280.0,579280.0
1600,462400.0,0.0,0.0,462400.0,462400.0
1601,470380.0,0.0,0.0,470380.0,470380.0
1602,479600.0,0.0,0.0,479600.0,479600.0
1603,479600.0,0.0,0.0,479600.0,479600.0
1604,421080.0,0.0,0.0,421080.0,421080.0
1605,421380.0,0.0,0.0,421380.0,421380.0
1606,402380.0,0.0,0.0,402380.0,402380.0
1607,402380.0,0.0,0.0,402380.0,402380.0
1608,402380.0,0.0,0.0,402380.0,402380.0
1609,298000.0,0.0,0.0,298000.0,298000.0
1610,298000.0,0.0,0.0,298000.0,298000.0
1611,319000.0,97.85,41586.24999999999,277413.75,277413.75
1612,319000.0,314.8,133790.0,185210.0,185210.0
1613,318100.0,541.26,230035.5,88064.5,88064.5
1614,351640.0,722.61,307109.25,44530.75,44530.75
1615,410300.0,858.01,364654.24999999994,45645.75000000006,45645.75000000006
1616,448400.0,898.56,381887.99999999994,66512.00000000006,66512.00000000006
1617,430280.0,881.41,374599.24999999994,55680.75000000006,55680.75000000006
1618,430280.0,779.96,331483.0,98797.0,98797.0
1619,440900.0,604.01,256704.24999999994,184195.75000000006,184195.75000000006
1620,437091.0,408.55,173633.75,263457.25,263457.25
1621,377000.0,185.4,78795.0,298205.0,298205.0
1622,377000.0,13.4,5695.0,371305.0,371305.0
1623,390090.0,0.0,0.0,390090.0,390090.0
1624,382011.0,0.0,0.0,382011.0,382011.0
1625,446860.0,0.0,0.0,446860.0,446860.0
1626,469300.0,0.0,0.0,469300.0,469300.0
1627,469600.0,0.0,0.0,469600.0,469600.0
1628,411680.0,0.0,0.0,411680.0,411680.0
1629,411680.0,0.0,0.0,411680.0,411680.0
1630,384460.0,0.0,0.0,384460.0,384460.0
1631,320440.0,0.0,0.0,320440.0,320440.0
1632,291100.0,0.0,0.0,291100.0,291100.0
1633,298000.0,0.0,0.0,298000.0,298000.0
1634,298000.0,0.0,0.0,298000.0,298000.0
1635,319000.0,103.9,44157.5,274842.5,274842.5
1636,319000.0,324.2,137785.0,181215.0,181215.0
1637,318100.0,538.36,228803.00000000003,89296.99999999997,89296.99999999997
1638,351640.0,726.81,308894.25,42745.75,42745.75
1639,410300.0,846.21,359639.25,50660.75,50660.75
1640,448400.0,875.51,372091.75,76308.25,76308.25
1641,430280.0,859.01,365079.24999999994,65200.75000000006,65200.75000000006
1642,430280.0,788.81,335244.24999999994,95035.75000000006,95035.75000000006
1643,440900.0,614.46,261145.5,179754.5,179754.5
1644,437091.0,418.35,177798.75,259292.25,259292.25
1645,377000.0,190.1,80792.5,296207.5,296207.5
1646,377000.0,13.1,5567.499999999999,371432.5,371432.5
1647,390090.0,0.0,0.0,390090.0,390090.0
1648,382011.0,0.0,0.0,382011.0,382011.0
1649,446860.0,0.0,0.0,446860.0,446860.0
1650,469300.0,0.0,0.0,469300.0,469300.0
1651,469600.0,0.0,0.0,469600.0,469600.0
1652,411680.0,0.0,0.0,411680.0,411680.0
1653,411680.0,0.0,0.0,411680.0,411680.0
1654,384460.0,0.0,0.0,384460.0,384460.0
1655,320440.0,0.0,0.0,320440.0,320440.0
1656,291100.0,0.0,0.0,291100.0,291100.0
1657,298000.0,0.0,0.0,298000.0,298000.0
1658,298000.0,0.0,0.0,298000.0,298000.0
1659,319000.0,113.25,48131.25,270868.75,270868.75
1660,319000.0,344.4,146370.0,172630.0,172630.0
1661,318100.0,573.46,243720.50000000003,74379.49999999997,74379.49999999997
1662,351640.0,760.36,323153.0,28487.0,28487.0
1663,410300.0,884.31,375831.74999999994,34468.25000000006,34468.25000000006
1664,448400.0,937.01,398229.25,50170.75,50170.75
1665,430280.0,913.51,388241.75,42038.25,42038.25
1666,430280.0,815.76,346698.0,83582.0,83582.0
1667,440900.0,651.96,277083.0,163817.0,163817.0
1668,437091.0,437.95,186128.75,250962.25,250962.25
1669,377000.0,201.55,85658.75,291341.25,291341.25
1670,377000.0,14.0,5950.0,371050.0,371050.0
1671,390090.0,0.0,0.0,390090.0,390090.0
1672,382011.0,0.0,0.0,382011.0,382011.0
1673,446860.0,0.0,0.0,446860.0,446860.0
1674,469300.0,0.0,0.0,469300.0,469300.0
1675,469600.0,0.0,0.0,469600.0,469600.0
1676,411680.0,0.0,0.0,411680.0,411680.0
1677,411680.0,0.0,0.0,411680.0,411680.0
1678,384460.0,0.0,0.0,384460.0,384460.0
1679,320440.0,0.0,0.0,320440.0,320440.0
1680,291100.0,0.0,0.0,291100.0,291100.0
1681,298000.0,0.0,0.0,298000.0,298000.0
1682,298000.0,0.0,0.0,298000.0,298000.0
1683,319000.0,117.25,49831.25,269168.75,269168.75
1684,319000.0,350.3,148877.5,170122.5,170122.5
1685,318100.0,580.56,246738.0,71362.0,71362.0
1686,351640.0,763.81,324619.25,27020.75,27020.75
1687,410300.0,893.41,379699.24999999994,30600.75000000006,30600.75000000006
1688,448400.0,943.51,400991.75,47408.25,47408.25
1689,430280.0,923.01,392279.25,38000.75,38000.75
1690,430280.0,825.81,350969.24999999994,79310.75000000006,79310.75000000006
1691,440900.0,660.96,280908.0,159992.0,159992.0
1692,437091.0,443.85,188636.25,248454.75,248454.75
1693,377000.0,203.55,86508.75,290491.25,290491.25
1694,377000.0,14.2,6034.999999999999,370965.0,370965.0
1695,390090.0,0.0,0.0,390090.0,390090.0
1696,382011.0,0.0,0.0,382011.0,382011.0
1697,446860.0,0.0,0.0,446860.0,446860.0
1698,469300.0,0.0,0.0,469300.0,469300.0
1699,469600.0,0.0,0.0,469600.0,469600.0
1700,411680.0,0.0,0.0,411680.0,411680.0
1701,411680.0,0.0,0.0,411680.0,411680.0
1702,384460.0,0.0,0.0,384460.0,384460.0
1703,320440.0,0.0,0.0,320440.0,320440.0
1704,291100.0,0.0,0.0,291100.0,291100.0
1705,298000.0,0.0,0.0,298000.0,298000.0
1706,298000.0,0.0,0.0,298000.0,298000.0
1707,319000.0,117.1,49767.5,269232.5,269232.5
1708,319000.0,346.5,147262.5,171737.5,171737.5
1709,318100.0,575.26,244485.5,73614.5,73614.5
1710,351640.0,763.71,324576.75,27063.25,27063.25
1711,410300.0,888.71,377701.75,32598.25,32598.25
1712,448400.0,942.76,400673.0,47727.0,47727.0
1713,430280.0,919.56,390812.99999999994,39467.00000000006,39467.00000000006
1714,430280.0,820.86,348865.5,81414.5,81414.5
1715,440900.0,655.06,278400.5,162499.5,162499.5
1716,437091.0,439.1,186617.50000000003,250473.49999999997,250473.49999999997
1717,377000.0,202.2,85935.0,291065.0,291065.0
1718,377000.0,14.35,6098.75,370901.25,370901.25
1719,390090.0,0.0,0.0,390090.0,390090.0
1720,382011.0,0.0,0.0,382011.0,382011.0
1721,446860.0,0.0,0.0,446860.0,446860.0
1722,469300.0,0.0,0.0,469300.0,469300.0
1723,469600.0,0.0,0.0,469600.0,469600.0
1724,411680.0,0.0,0.0,411680.0,411680.0
1725,411680.0,0.0,0.0,411680.0,411680.0
1726,384460.0,0.0,0.0,384460.0,384460.0
1727,320440.0,0.0,0.0,320440.0,320440.0
1728,291100.0,0.0,0.0,291100.0,291100.0
1729,404660.0,0.0,0.0,404660.0,404660.0
1730,360260.0,0.0,0.0,360260.0,360260.0
1731,344120.0,119.6,50830.0,293290.0,293290.0
1732,332420.0,348.55,148133.75,184286.25,184286.25
1733,331520.0,576.66,245080.5,86439.5,86439.5
1734,338420.0,764.06,324725.5,13694.5,13694.5
1735,357340.0,890.81,378594.25,0.0,0.0
1736,414160.0,943.31,400906.75,13253.25,13253.25
1737,451060.0,918.86,390515.5,60544.5,60544.5
1738,453760.0,819.81,348419.24999999994,105340.75000000006,105340.75000000006
1739,508960.0,654.41,278124.24999999994,230835.75000000006,230835.75000000006
1740,456460.0,439.1,186617.50000000003,269842.5,269842.5
1741,443260.0,203.4,86445.0,356815.0,356815.0
1742,1155260.0,14.9,6332.5,1148927.5,1000000.0
1743,579280.0,0.0,0.0,579280.0,579280.0
1744,462400.0,0.0,0.0,462400.0,462400.0
1745,470380.0,0.0,0.0,470380.0,470380.0
1746,479600.0,0.0,0.0,479600.0,479600.0
1747,479600.0,0.0,0.0,479600.0,479600.0
1748,421080.0,0.0,0.0,421080.0,421080.0
1749,421380.0,0.0,0.0,421380.0,421380.0
1750,402380.0,0.0,0.0,402380.0,402380.0
1751,402380.0,0.0,0.0,402380.0,402380.0
1752,402380.0,0.0,0.0,402380.0,402380.0
1753,404660.0,0.0,0.0,404660.0,404660.0
1754,360260.0,0.0,0.0,360260.0,360260.0
1755,344120.0,97.35,41373.74999999999,302746.25,302746.25
1756,332420.0,258.0,109650.0,222770.0,222770.0
1757,331520.0,467.9,198857.5,132662.5,132662.5
1758,338420.0,650.0,276250.0,62170.0,62170.0
1759,357340.0,862.46,366545.5,0.0,0.0
1760,414160.0,919.11,390621.75,23538.25,23538.25
1761,451060.0,868.86,369265.5,81794.5,81794.5
1762,453760.0,707.5,300687.5,153072.5,153072.5
1763,508960.0,562.75,239168.75,269791.25,269791.25
1764,456460.0,362.3,153977.5,302482.5,302482.5
1765,443260.0,171.15,72738.75,370521.25,370521.25
1766,1155260.0,16.15,6863.749999999999,1148396.25,1000000.0
1767,579280.0,0.0,0.0,579280.0,579280.0
1768,462400.0,0.0,0.0,462400.0,462400.0
1769,470380.0,0.0,0.0,470380.0,470380.0
1770,479600.0,0.0,0.0,479600.0,479600.0
1771,479600.0,0.0,0.0,479600.0,479600.0
1772,421080.0,0.0,0.0,421080.0,421080.0
1773,421380.0,0.0,0.0,421380.0,421380.0
1774,402380.0,0.0,0.0,402380.0,402380.0
1775,402380.0,0.0,0.0,402380.0,402380.0
1776,402380.0,0.0,0.0,402380.0,402380.0
1777,298000.0,0.0,0.0,298000.0,298000.0
1778,298000.0,0.0,0.0,298000.0,298000.0
1779,319000.0,97.75,41543.75,277456.25,277456.25
1780,319000.0,278.9,118532.5,200467.5,200467.5
1781,318100.0,508.05,215921.25,102178.75,102178.75
1782,351640.0,597.65,254001.25,97638.75,97638.75
1783,410300.0,835.26,354985.5,55314.5,55314.5
1784,448400.0,915.96,389283.0,59117.0,59117.0
1785,430280.0,879.61,373834.25,56445.75,56445.75
1786,430280.0,764.06,324725.5,105554.5,105554.5
1787,440900.0,629.56,267562.99999999994,173337.00000000006,173337.00000000006
1788,437091.0,418.15,177713.74999999997,259377.25000000003,259377.25000000003
1789,377000.0,190.95,81153.74999999999,295846.25,295846.25
1790,377000.0,14.9,6332.5,370667.5,370667.5
1791,390090.0,0.0,0.0,390090.0,390090.0
1792,382011.0,0.0,0.0,382011.0,382011.0
1793,446860.0,0.0,0.0,446860.0,446860.0
1794,469300.0,0.0,0.0,469300.0,469300.0
1795,469600.0,0.0,0.0,469600.0,469600.0
1796,411680.0,0.0,0.0,411680.0,411680.0
1797,411680.0,0.0,0.0,411680.0,411680.0
1798,384460.0,0.0,0.0,384460.0,384460.0
1799,320440.0,0.0,0.0,320440.0,320440.0
1800,291100.0,0.0,0.0,291100.0,291100.0
1801,298000.0,0.0,0.0,298000.0,298000.0
1802,298000.0,0.0,0.0,298000.0,298000.0
1803,319000.0,124.15,52763.75000000001,266236.25,266236.25
1804,319000.0,340.25,144606.25,174393.75,174393.75
1805,318100.0,572.2,243185.0,74915.0,74915.0
1806,351640.0,741.76,315248.0,36392.0,36392.0
1807,410300.0,881.36,374578.0,35722.0,35722.0
1808,448400.0,932.91,396486.75,51913.25,51913.25
1809,430280.0,908.11,385946.75,44333.25,44333.25
1810,430280.0,809.21,343914.25,86365.75,86365.75
1811,440900.0,645.26,274235.5,166664.5,166664.5
1812,437091.0,433.05,184046.25,253044.75,253044.75
1813,377000.0,201.3,85552.5,291447.5,291447.5
1814,377000.0,15.15,6438.75,370561.25,370561.25
1815,390090.0,0.0,0.0,390090.0,390090.0
1816,382011.0,0.0,0.0,382011.0,382011.0
1817,446860.0,0.0,0.0,446860.0,446860.0
1818,469300.0,0.0,0.0,469300.0,469300.0
1819,469600.0,0.0,0.0,469600.0,469600.0
1820,411680.0,0.0,0.0,411680.0,411680.0
1821,411680.0,0.0,0.0,411680.0,411680.0
1822,384460.0,0.0,0.0,384460.0,384460.0
1823,320440.0,0.0,0.0,320440.0,320440.0
1824,291100.0,0.0,0.0,291100.0,291100.0
1825,298000.0,0.0,0.0,298000.0,298000.0
1826,298000.0,0.0,0.0,298000.0,298000.0
1827,319000.0,129.8,55165.0,263835.0,263835.0
1828,319000.0,356.95,151703.75,167296.25,167296.25
1829,318100.0,580.75,246818.75,71281.25,71281.25
1830,351640.0,763.66,324555.5,27084.5,27084.5
1831,410300.0,885.96,376533.00000000006,33766.99999999994,33766.99999999994
1832,448400.0,935.71,397676.75,50723.25,50723.25
1833,430280.0,909.21,386414.25000000006,43865.74999999994,43865.74999999994
1834,430280.0,809.51,344041.75,86238.25,86238.25
1835,440900.0,645.41,274299.24999999994,166600.75000000006,166600.75000000006
1836,437091.0,429.85,182686.25,254404.75,254404.75
1837,377000.0,200.9,85382.5,291617.5,291617.5
1838,377000.0,15.5,6587.5,370412.5,370412.5
1839,390090.0,0.0,0.0,390090.0,390090.0
1840,382011.0,0.0,0.0,382011.0,382011.0
1841,446860.0,0.0,0.0,446860.0,446860.0
1842,469300.0,0.0,0.0,469300.0,469300.0
1843,469600.0,0.0,0.0,469600.0,469600.0
1844,411680.0,0.0,0.0,411680.0,411680.0
1845,411680.0,0.0,0.0,411680.0,411680.0
1846,384460.0,0.0,0.0,384460.0,384460.0
1847,320440.0,0.0,0.0,320440.0,320440.0
1848,291100.0,0.0,0.0,291100.0,291100.0
1849,298000.0,0.0,0.0,298000.0,298000.0
1850,298000.0,0.0,0.0,298000.0,298000.0
1851,319000.0,130.05,55271.25,263728.75,263728.75
1852,319000.0,356.8,151640.0,167360.0,167360.0
1853,318100.0,589.35,250473.75,67626.25,67626.25
1854,351640.0,775.11,329421.75,22218.25,22218.25
1855,410300.0,903.06,383800.5,26499.5,26499.5
1856,448400.0,953.21,405114.25,43285.75,43285.75
1857,430280.0,926.76,393873.0,36407.0,36407.0
1858,430280.0,823.31,349906.75,80373.25,80373.25
1859,440900.0,645.65,274401.25,166498.75,166498.75
1860,437091.0,426.25,181156.25,255934.75,255934.75
1861,377000.0,190.75,81068.75,295931.25,295931.25
1862,377000.0,20.1,8542.5,368457.5,368457.5
1863,390090.0,0.0,0.0,390090.0,390090.0
1864,382011.0,0.0,0.0,382011.0,382011.0
1865,446860.0,0.0,0.0,446860.0,446860.0
1866,469300.0,0.0,0.0,469300.0,469300.0
1867,469600.0,0.0,0.0,469600.0,469600.0
1868,411680.0,0.0,0.0,411680.0,411680.0
1869,411680.0,0.0,0.0,411680.0,411680.0
1870,384460.0,0.0,0.0,384460.0,384460.0
1871,320440.0,0.0,0.0,320440.0,320440.0
1872,291100.0,0.0,0.0,291100.0,291100.0
1873,298000.0,0.0,0.0,298000.0,298000.0
1874,298000.0,0.0,0.0,298000.0,298000.0
1875,319000.0,133.2,56609.999999999985,262390.0,262390.0
1876,319000.0,356.65,151576.24999999997,167423.75000000003,167423.75000000003
1877,318100.0,576.15,244863.74999999994,73236.25000000006,73236.25000000006
1878,351640.0,754.31,320581.74999999994,31058.25000000006,31058.25000000006
1879,410300.0,873.81,371369.25,38930.75,38930.75
1880,448400.0,923.01,392279.25,56120.75,56120.75
1881,430280.0,896.41,380974.24999999994,49305.75000000006,49305.75000000006
1882,430280.0,796.91,338686.75,91593.25,91593.25
1883,440900.0,634.4,269620.0,171280.0,171280.0
1884,437091.0,425.6,180880.00000000003,256210.99999999997,256210.99999999997
1885,377000.0,193.2,82109.99999999999,294890.0,294890.0
1886,377000.0,23.04,9791.999999999998,367208.0,367208.0
1887,390090.0,0.0,0.0,390090.0,390090.0
1888,382011.0,0.0,0.0,382011.0,382011.0
1889,446860.0,0.0,0.0,446860.0,446860.0
1890,469300.0,0.0,0.0,469300.0,469300.0
1891,469600.0,0.0,0.0,469600.0,469600.0
1892,411680.0,0.0,0.0,411680.0,411680.0
1893,411680.0,0.0,0.0,411680.0,411680.0
1894,384460.0,0.0,0.0,384460.0,384460.0
1895,320440.0,0.0,0.0,320440.0,320440.0
1896,291100.0,0.0,0.0,291100.0,291100.0
1897,413940.0,0.0,0.0,413940.0,413940.0
1898,413940.0,0.0,0.0,413940.0,413940.0
1899,336620.0,128.15,54463.75000000001,282156.25,282156.25
1900,333020.0,343.6,146030.0,186990.0,186990.0
1901,330020.0,544.75,231518.75,98501.25,98501.25
1902,1081780.0,741.46,315120.5,766659.5,766659.5
1903,409140.0,860.76,365823.0,43317.0,43317.0
1904,410340.0,908.31,386031.75,24308.25,24308.25
1905,410340.0,884.36,375853.0,34487.0,34487.0
1906,410340.0,782.91,332736.75,77603.25,77603.25
1907,473460.0,549.55,233558.75,239901.25,239901.25
1908,420960.0,273.4,116195.0,304765.0,304765.0
1909,420960.0,86.6,36805.0,384155.0,384155.0
1910,420960.0,16.47,6999.75,413960.25,413960.25
1911,434280.0,0.0,0.0,434280.0,434280.0
1912,436980.0,0.0,0.0,436980.0,436980.0
1913,437280.0,0.0,0.0,437280.0,437280.0
1914,1161100.0,0.0,0.0,1161100.0,1000000.0
1915,449700.0,0.0,0.0,449700.0,449700.0
1916,439380.0,0.0,0.0,439380.0,439380.0
1917,439980.0,0.0,0.0,439980.0,439980.0
1918,439580.0,0.0,0.0,439580.0,439580.0
1919,428960.0,0.0,0.0,428960.0,428960.0
1920,428960.0,0.0,0.0,428960.0,428960.0
1921,413940.0,0.0,0.0,413940.0,413940.0
1922,413940.0,0.0,0.0,413940.0,413940.0
1923,336620.0,94.75,40268.75,296351.25,296351.25
1924,333020.0,243.95,103678.75,229341.25,229341.25
1925,330020.0,540.1,229542.5,100477.5,100477.5
1926,1081780.0,637.15,270788.75,810991.25,810991.25
1927,409140.0,773.26,328635.5,80504.5,80504.5
1928,410340.0,862.91,366736.75,43603.25,43603.25
1929,410340.0,864.36,367353.0,42987.0,42987.0
1930,410340.0,783.06,332800.5,77539.5,77539.5
1931,473460.0,581.25,247031.25,226428.75,226428.75
1932,420960.0,341.8,145265.0,275695.0,275695.0
1933,420960.0,125.7,53422.5,367537.5,367537.5
1934,420960.0,19.9,8457.499999999998,412502.5,412502.5
1935,434280.0,0.0,0.0,434280.0,434280.0
1936,436980.0,0.0,0.0,436980.0,436980.0
1937,437280.0,0.0,0.0,437280.0,437280.0
1938,1161100.0,0.0,0.0,1161100.0,1000000.0
1939,449700.0,0.0,0.0,449700.0,449700.0
1940,439380.0,0.0,0.0,439380.0,439380.0
1941,439980.0,0.0,0.0,439980.0,439980.0
1942,439580.0,0.0,0.0,439580.0,439580.0
1943,428960.0,0.0,0.0,428960.0,428960.0
1944,428960.0,0.0,0.0,428960.0,428960.0
1945,413940.0,0.0,0.0,413940.0,413940.0
1946,413940.0,0.0,0.0,413940.0,413940.0
1947,336620.0,102.65,43626.25,292993.75,292993.75
1948,333020.0,258.85,110011.25000000001,223008.75,223008.75
1949,330020.0,465.2,197710.0,132310.0,132310.0
1950,1081780.0,635.65,270151.24999999994,811628.75,811628.75
1951,409140.0,274.8,116790.0,292350.0,292350.0
1952,410340.0,439.45,186766.25,223573.75,223573.75
1953,410340.0,594.4,252619.99999999994,157720.00000000006,157720.00000000006
1954,410340.0,491.25,208781.25,201558.75,201558.75
1955,473460.0,379.9,161457.49999999997,312002.5,312002.5
1956,420960.0,233.25,99131.25,321828.75,321828.75
1957,420960.0,147.7,62772.5,358187.5,358187.5
1958,420960.0,24.58,10446.499999999998,410513.5,410513.5
1959,434280.0,0.0,0.0,434280.0,434280.0
1960,436980.0,0.0,0.0,436980.0,436980.0
1961,437280.0,0.0,0.0,437280.0,437280.0
1962,1161100.0,0.0,0.0,1161100.0,1000000.0
1963,449700.0,0.0,0.0,449700.0,449700.0
1964,439380.0,0.0,0.0,439380.0,439380.0
1965,439980.0,0.0,0.0,439980.0,439980.0
1966,439580.0,0.0,0.0,439580.0,439580.0
1967,428960.0,0.0,0.0,428960.0,428960.0
1968,428960.0,0.0,0.0,428960.0,428960.0
1969,298000.0,0.0,0.0,298000.0,298000.0
1970,298000.0,0.0,0.0,298000.0,298000.0
1971,319000.0,106.95,45453.75,273546.25,273546.25
1972,319000.0,264.95,112603.74999999997,206396.25000000003,206396.25000000003
1973,318100.0,448.95,190803.75,127296.25,127296.25
1974,351640.0,627.1,266517.5,85122.5,85122.5
1975,410300.0,746.9,317432.5,92867.5,92867.5
1976,448400.0,862.61,366609.25,81790.75,81790.75
1977,430280.0,855.46,363570.5,66709.5,66709.5
1978,430280.0,782.26,332460.5,97819.5,97819.5
1979,440900.0,610.0,259250.0,181650.0,181650.0
1980,437091.0,407.6,173230.0,263861.0,263861.0
1981,377000.0,192.75,81918.75,295081.25,295081.25
1982,377000.0,24.35,10348.75,366651.25,366651.25
1983,390090.0,0.0,0.0,390090.0,390090.0
1984,382011.0,0.0,0.0,382011.0,382011.0
1985,446860.0,0.0,0.0,446860.0,446860.0
1986,469300.0,0.0,0.0,469300.0,469300.0
1987,469600.0,0.0,0.0,469600.0,469600.0
1988,411680.0,0.0,0.0,411680.0,411680.0
1989,411680.0,0.0,0.0,411680.0,411680.0
1990,384460.0,0.0,0.0,384460.0,384460.0
1991,320440.0,0.0,0.0,320440.0,320440.0
1992,291100.0,0.0,0.0,291100.0,291100.0
1993,298000.0,0.0,0.0,298000.0,298000.0
1994,298000.0,0.0,0.0,298000.0,298000.0
1995,319000.0,126.35,53698.74999999999,265301.25,265301.25
1996,319000.0,328.95,139803.74999999997,179196.25000000003,179196.25000000003
1997,318100.0,498.25,211756.25,106343.75,106343.75
1998,351640.0,649.25,275931.25,75708.75,75708.75
1999,410300.0,763.6,324530.0,85770.0,85770.0
2000,448400.0,811.3,344802.49999999994,103597.50000000006,103597.50000000006
2001,430280.0,712.6,302855.0,127425.0,127425.0
2002,430280.0,653.05,277546.24999999994,152733.75000000006,152733.75000000006
2003,440900.0,492.95,209503.75,231396.25,231396.25
2004,437091.0,297.6,126480.00000000001,310611.0,310611.0
2005,377000.0,142.1,60392.5,316607.5,316607.5
2006,377000.0,20.0,8500.0,368500.0,368500.0
2007,390090.0,0.0,0.0,390090.0,390090.0
2008,382011.0,0.0,0.0,382011.0,382011.0
2009,446860.0,0.0,0.0,446860.0,446860.0
2010,469300.0,0.0,0.0,469300.0,469300.0
2011,469600.0,0.0,0.0,469600.0,469600.0
2012,411680.0,0.0,0.0,411680.0,411680.0
2013,411680.0,0.0,0.0,411680.0,411680.0
2014,384460.0,0.0,0.0,384460.0,384460.0
2015,320440.0,0.0,0.0,320440.0,320440.0
2016,291100.0,0.0,0.0,291100.0,291100.0
2017,298000.0,0.0,0.0,298000.0,298000.0
2018,298000.0,0.0,0.0,298000.0,298000.0
2019,319000.0,35.7,15172.5,303827.5,303827.5
2020,319000.0,120.65,51276.25,267723.75,267723.75
2021,318100.0,183.85,78136.25,239963.75,239963.75
2022,351640.0,169.85,72186.25,279453.75,279453.75
2023,410300.0,250.7,106547.49999999999,303752.5,303752.5
2024,448400.0,225.05,95646.25,352753.75,352753.75
2025,430280.0,164.1,69742.5,360537.5,360537.5
2026,430280.0,145.65,61901.25,368378.75,368378.75
2027,440900.0,195.2,82959.99999999999,357940.0,357940.0
2028,437091.0,104.15,44263.75,392827.25,392827.25
2029,377000.0,105.85,44986.25,332013.75,332013.75
2030,377000.0,20.94,8899.5,368100.5,368100.5
2031,390090.0,0.0,0.0,390090.0,390090.0
2032,382011.0,0.0,0.0,382011.0,382011.0
2033,446860.0,0.0,0.0,446860.0,446860.0
2034,469300.0,0.0,0.0,469300.0,469300.0
2035,469600.0,0.0,0.0,469600.0,469600.0
2036,411680.0,0.0,0.0,411680.0,411680.0
2037,411680.0,0.0,0.0,411680.0,411680.0
2038,384460.0,0.0,0.0,384460.0,384460.0
2039,320440.0,0.0,0.0,320440.0,320440.0
2040,291100.0,0.0,0.0,291100.0,291100.0
2041,298000.0,0.0,0.0,298000.0,298000.0
2042,298000.0,0.0,0.0,298000.0,298000.0
2043,319000.0,152.9,64982.5,254017.5,254017.5
2044,319000.0,355.1,150917.5,168082.5,168082.5
2045,318100.0,549.2,233410.0,84690.0,84690.0
2046,351640.0,775.55,329608.75,22031.25,22031.25
2047,410300.0,879.81,373919.25,36380.75,36380.75
2048,448400.0,918.31,390281.75,58118.25,58118.25
2049,430280.0,866.11,368096.75,62183.25,62183.25
2050,430280.0,782.11,332396.75,97883.25,97883.25
2051,440900.0,653.15,277588.75,163311.25,163311.25
2052,437091.0,445.75,189443.75,247647.25,247647.25
2053,377000.0,216.7,92097.49999999999,284902.5,284902.5
2054,377000.0,28.69,12193.25,364806.75,364806.75
2055,390090.0,0.0,0.0,390090.0,390090.0
2056,382011.0,0.0,0.0,382011.0,382011.0
2057,446860.0,0.0,0.0,446860.0,446860.0
2058,469300.0,0.0,0.0,469300.0,469300.0
2059,469600.0,0.0,0.0,469600.0,469600.0
2060,411680.0,0.0,0.0,411680.0,411680.0
2061,411680.0,0.0,0.0,411680.0,411680.0
2062,384460.0,0.0,0.0,384460.0,384460.0
2063,320440.0,0.0,0.0,320440.0,320440.0
2064,291100.0,0.0,0.0,291100.0,291100.0
2065,404660.0,0.0,0.0,404660.0,404660.0
2066,360260.0,0.0,0.0,360260.0,360260.0
2067,344120.0,159.95,67978.74999999999,276141.25,276141.25
2068,332420.0,388.25,165006.25,167413.75,167413.75
2069,331520.0,606.6,257805.0,73715.0,73715.0
2070,338420.0,784.25,333306.25,5113.75,5113.75
2071,357340.0,901.06,382950.5,0.0,0.0
2072,414160.0,947.06,402500.49999999994,11659.500000000058,11659.500000000058
2073,451060.0,847.91,360361.74999999994,90698.25000000006,90698.25000000006
2074,453760.0,759.75,322893.75,130866.25,130866.25
2075,508960.0,582.15,247413.75,261546.25,261546.25
2076,456460.0,410.45,174441.25,282018.75,282018.75
2077,443260.0,204.8,87040.0,356220.0,356220.0
2078,1155260.0,28.26,12010.5,1143249.5,1000000.0
2079,579280.0,0.0,0.0,579280.0,579280.0
2080,462400.0,0.0,0.0,462400.0,462400.0
2081,470380.0,0.0,0.0,470380.0,470380.0
2082,479600.0,0.0,0.0,479600.0,479600.0
2083,479600.0,0.0,0.0,479600.0,479600.0
2084,421080.0,0.0,0.0,421080.0,421080.0
2085,421380.0,0.0,0.0,421380.0,421380.0
2086,402380.0,0.0,0.0,402380.0,402380.0
2087,402380.0,0.0,0.0,402380.0,402380.0
2088,402380.0,0.0,0.0,402380.0,402380.0
2089,404660.0,0.0,0.0,404660.0,404660.0
2090,360260.0,0.0,0.0,360260.0,360260.0
2091,344120.0,164.45,69891.24999999999,274228.75,274228.75
2092,332420.0,391.45,166366.24999999997,166053.75000000003,166053.75000000003
2093,331520.0,615.85,261736.25,69783.75,69783.75
2094,338420.0,794.45,337641.25000000006,778.7499999999418,778.7499999999418
2095,357340.0,911.11,387221.75,0.0,0.0
2096,414160.0,957.61,406984.25,7175.75,7175.75
2097,451060.0,928.66,394680.49999999994,56379.50000000006,56379.50000000006
2098,453760.0,826.66,351330.5,102429.5,102429.5
2099,508960.0,660.9,280882.49999999994,228077.50000000006,228077.50000000006
2100,456460.0,448.0,190400.0,266060.0,266060.0
2101,443260.0,216.2,91884.99999999999,351375.0,351375.0
2102,1155260.0,29.54,12554.5,1142705.5,1000000.0
2103,579280.0,0.0,0.0,579280.0,579280.0
2104,462400.0,0.0,0.0,462400.0,462400.0
2105,470380.0,0.0,0.0,470380.0,470380.0
2106,479600.0,0.0,0.0,479600.0,479600.0
2107,479600.0,0.0,0.0,479600.0,479600.0
2108,421080.0,0.0,0.0,421080.0,421080.0
2109,421380.0,0.0,0.0,421380.0,421380.0
2110,402380.0,0.0,0.0,402380.0,402380.0
2111,402380.0,0.0,0.0,402380.0,402380.0
2112,402380.0,0.0,0.0,402380.0,402380.0
2113,298000.0,0.0,0.0,298000.0,298000.0
2114,298000.0,0.0,0.0,298000.0,298000.0
2115,319000.0,168.55,71633.75,247366.25,247366.25
2116,319000.0,398.15,169213.75,149786.25,149786.25
2117,318100.0,617.8,262564.99999999994,55535.00000000006,55535.00000000006
2118,351640.0,794.95,337853.75,13786.25,13786.25
2119,410300.0,910.91,387136.75,23163.25,23163.25
2120,448400.0,958.66,407430.5,40969.5,40969.5
2121,430280.0,926.86,393915.5,36364.5,36364.5
2122,430280.0,806.65,342826.25,87453.75,87453.75
2123,440900.0,594.45,252641.25,188258.75,188258.75
2124,437091.0,367.55,156208.75,280882.25,280882.25
2125,377000.0,179.85,76436.24999999999,300563.75,300563.75
2126,377000.0,28.97,12312.25,364687.75,364687.75
2127,390090.0,0.0,0.0,390090.0,390090.0
2128,382011.0,0.0,0.0,382011.0,382011.0
2129,446860.0,0.0,0.0,446860.0,446860.0
2130,469300.0,0.0,0.0,469300.0,469300.0
2131,469600.0,0.0,0.0,469600.0,469600.0
2132,411680.0,0.0,0.0,411680.0,411680.0
2133,411680.0,0.0,0.0,411680.0,411680.0
2134,384460.0,0.0,0.0,384460.0,384460.0
2135,320440.0,0.0,0.0,320440.0,320440.0
2136,291100.0,0.0,0.0,291100.0,291100.0
2137,298000.0,0.0,0.0,298000.0,298000.0
2138,298000.0,6.95,2953.75,295046.25,295046.25
2139,319000.0,108.75,46218.75,272781.25,272781.25
2140,319000.0,318.15,135213.75,183786.25,183786.25
2141,318100.0,549.0,233325.0,84775.0,84775.0
2142,351640.0,788.6,335155.0,16485.0,16485.0
2143,410300.0,910.61,387009.25,23290.75,23290.75
2144,448400.0,955.91,406261.74999999994,42138.25000000006,42138.25000000006
2145,430280.0,925.46,393320.50000000006,36959.49999999994,36959.49999999994
2146,430280.0,822.2,349435.0,80845.0,80845.0
2147,440900.0,656.25,278906.25,161993.75,161993.75
2148,437091.0,443.75,188593.75,248497.25,248497.25
2149,377000.0,215.25,91481.25,285518.75,285518.75
2150,377000.0,30.59,13000.75,363999.25,363999.25
2151,390090.0,0.0,0.0,390090.0,390090.0
2152,382011.0,0.0,0.0,382011.0,382011.0
2153,446860.0,0.0,0.0,446860.0,446860.0
2154,469300.0,0.0,0.0,469300.0,469300.0
2155,469600.0,0.0,0.0,469600.0,469600.0
2156,411680.0,0.0,0.0,411680.0,411680.0
2157,411680.0,0.0,0.0,411680.0,411680.0
2158,384460.0,0.0,0.0,384460.0,384460.0
2159,320440.0,0.0,0.0,320440.0,320440.0
2160,291100.0,0.0,0.0,291100.0,291100.0
2161,348020.0,0.0,0.0,348020.0,348020.0
2162,348020.0,11.5,4887.5,343132.5,343132.5
2163,348020.0,156.2,66384.99999999999,281635.0,281635.0
2164,344600.0,356.85,151661.25,192938.75,192938.75
2165,307000.0,599.15,254638.75,52361.25,52361.25
2166,324820.0,797.85,339086.25000000006,0.0,0.0
2167,365660.0,929.91,395211.75,0.0,0.0
2168,369460.0,978.01,415654.25,0.0,0.0
2169,422480.0,947.11,402521.75,19958.25,19958.25
2170,422480.0,843.25,358381.25,64098.75,64098.75
2171,433100.0,678.35,288298.75,144801.25,144801.25
2172,431635.0,462.6,196605.0,235030.0,235030.0
2173,387200.0,226.25,96156.25,291043.75,291043.75
2174,387200.0,32.3,13727.499999999998,373472.5,373472.5
2175,373770.0,0.0,0.0,373770.0,373770.0
2176,981790.0,0.0,0.0,981790.0,981790.0
2177,440560.0,0.0,0.0,440560.0,440560.0
2178,449080.0,0.0,0.0,449080.0,449080.0
2179,468700.0,0.0,0.0,468700.0,468700.0
2180,458580.0,0.0,0.0,458580.0,458580.0
2181,438180.0,0.0,0.0,438180.0,438180.0
2182,431780.0,0.0,0.0,431780.0,431780.0
2183,360260.0,0.0,0.0,360260.0,360260.0
2184,360260.0,0.0,0.0,360260.0,360260.0
2185,348020.0,0.0,0.0,348020.0,348020.0
2186,348020.0,11.95,5078.749999999999,342941.25,342941.25
2187,348020.0,176.75,75118.75,272901.25,272901.25
2188,344600.0,405.3,172252.5,172347.5,172347.5
2189,307000.0,623.3,264902.5,42097.5,42097.5
2190,324820.0,799.35,339723.75,0.0,0.0
2191,365660.0,913.91,388411.75,0.0,0.0
2192,369460.0,960.66,408280.5,0.0,0.0
2193,422480.0,931.91,396061.75,26418.25,26418.25
2194,422480.0,829.65,352601.25,69878.75,69878.75
2195,433100.0,662.5,281562.5,151537.5,151537.5
2196,431635.0,442.35,187998.75,243636.25,243636.25
2197,387200.0,219.3,93202.50000000001,293997.5,293997.5
2198,387200.0,31.97,13587.25,373612.75,373612.75
2199,373770.0,0.0,0.0,373770.0,373770.0
2200,981790.0,0.0,0.0,981790.0,981790.0
2201,440560.0,0.0,0.0,440560.0,440560.0
2202,449080.0,0.0,0.0,449080.0,449080.0
2203,468700.0,0.0,0.0,468700.0,468700.0
2204,458580.0,0.0,0.0,458580.0,458580.0
2205,438180.0,0.0,0.0,438180.0,438180.0
2206,431780.0,0.0,0.0,431780.0,431780.0
2207,360260.0,0.0,0.0,360260.0,360260.0
2208,360260.0,0.0,0.0,360260.0,360260.0
2209,348020.0,0.0,0.0,348020.0,348020.0
2210,348020.0,12.6,5355.0,342665.0,342665.0
2211,348020.0,183.45,77966.25,270053.75,270053.75
2212,344600.0,413.7,175822.5,168777.5,168777.5
2213,307000.0,631.5,268387.5,38612.5,38612.5
2214,324820.0,806.7,342847.50000000006,0.0,0.0
2215,365660.0,920.61,391259.25,0.0,0.0
2216,369460.0,963.81,409619.25,0.0,0.0
2217,422480.0,934.01,396954.25,25525.75,25525.75
2218,422480.0,832.05,353621.25,68858.75,68858.75
2219,433100.0,664.1,282242.5,150857.5,150857.5
2220,431635.0,453.0,192525.0,239110.0,239110.0
2221,387200.0,224.0,95200.0,292000.0,292000.0
2222,387200.0,32.97,14012.25,373187.75,373187.75
2223,373770.0,0.0,0.0,373770.0,373770.0
2224,981790.0,0.0,0.0,981790.0,981790.0
2225,440560.0,0.0,0.0,440560.0,440560.0
2226,449080.0,0.0,0.0,449080.0,449080.0
2227,468700.0,0.0,0.0,468700.0,468700.0
2228,458580.0,0.0,0.0,458580.0,458580.0
2229,438180.0,0.0,0.0,438180.0,438180.0
2230,431780.0,0.0,0.0,431780.0,431780.0
2231,360260.0,0.0,0.0,360260.0,360260.0
2232,360260.0,0.0,0.0,360260.0,360260.0
2233,361060.0,0.0,0.0,361060.0,361060.0
2234,361060.0,13.25,5631.25,355428.75,355428.75
2235,288840.0,186.9,79432.5,209407.5,209407.5
2236,298440.0,418.5,177862.5,120577.5,120577.5
2237,297840.0,637.7,271022.5,26817.5,26817.5
2238,352760.0,814.0,345950.0,6810.0,6810.0
2239,361360.0,930.26,395360.5,0.0,0.0
2240,362560.0,974.91,414336.75,0.0,0.0
2241,351940.0,944.86,401565.5,0.0,0.0
2242,351940.0,842.25,357956.25,0.0,0.0
2243,434060.0,675.8,287215.0,146845.0,146845.0
2244,381560.0,462.15,196413.74999999997,185146.25000000003,185146.25000000003
2245,381560.0,228.45,97091.25,284468.75,284468.75
2246,381560.0,34.26,14560.5,366999.5,366999.5
2247,402980.0,0.0,0.0,402980.0,402980.0
2248,1104480.0,0.0,0.0,1104480.0,1000000.0
2249,392780.0,0.0,0.0,392780.0,392780.0
2250,404600.0,0.0,0.0,404600.0,404600.0
2251,405200.0,0.0,0.0,405200.0,405200.0
2252,365380.0,0.0,0.0,365380.0,365380.0
2253,365980.0,0.0,0.0,365980.0,365980.0
2254,362080.0,0.0,0.0,362080.0,362080.0
2255,351460.0,0.0,0.0,351460.0,351460.0
2256,351460.0,0.0,0.0,351460.0,351460.0
2257,428760.0,0.0,0.0,428760.0,428760.0
2258,384360.0,13.85,5886.25,378473.75,378473.75
2259,384360.0,187.9,79857.5,304502.5,304502.5
2260,368820.0,417.5,177437.5,191382.5,191382.5
2261,368220.0,635.05,269896.25,98323.75,98323.75
2262,386040.0,810.2,344335.0,41705.0,41705.0
2263,342340.0,924.16,392768.0,0.0,0.0
2264,348840.0,966.96,410958.0,0.0,0.0
2265,432940.0,935.11,397421.75,35518.25,35518.25
2266,443560.0,822.35,349498.75,94061.25,94061.25
2267,485560.0,626.9,266432.5,219127.5,219127.5
2268,485560.0,427.1,181517.50000000003,304042.5,304042.5
2269,446080.0,218.3,92777.50000000001,353302.5,353302.5
2270,1181760.0,31.74,13489.499999999998,1168270.5,1000000.0
2271,592580.0,0.0,0.0,592580.0,592580.0
2272,483200.0,0.0,0.0,483200.0,483200.0
2273,483500.0,0.0,0.0,483500.0,483500.0
2274,484500.0,0.0,0.0,484500.0,484500.0
2275,485400.0,0.0,0.0,485400.0,485400.0
2276,478100.0,0.0,0.0,478100.0,478100.0
2277,478700.0,0.0,0.0,478700.0,478700.0
2278,451480.0,0.0,0.0,451480.0,451480.0
2279,451480.0,0.0,0.0,451480.0,451480.0
2280,451480.0,0.0,0.0,451480.0,451480.0
2281,348020.0,0.0,0.0,348020.0,348020.0
2282,348020.0,15.35,6523.749999999999,341496.25,341496.25
2283,348020.0,185.65,78901.25,269118.75,269118.75
2284,344600.0,423.45,179966.25,164633.75,164633.75
2285,307000.0,652.9,277482.49999999994,29517.50000000006,29517.50000000006
2286,324820.0,828.6,352155.0,0.0,0.0
2287,365660.0,937.91,398611.75,0.0,0.0
2288,369460.0,979.56,416313.0,0.0,0.0
2289,422480.0,947.11,402521.75,19958.25,19958.25
2290,422480.0,843.9,358657.5,63822.5,63822.5
2291,433100.0,675.0,286875.0,146225.0,146225.0
2292,431635.0,454.6,193205.0,238430.0,238430.0
2293,387200.0,228.5,97112.5,290087.5,290087.5
2294,387200.0,34.35,14598.75,372601.25,372601.25
2295,373770.0,0.0,0.0,373770.0,373770.0
2296,981790.0,0.0,0.0,981790.0,981790.0
2297,440560.0,0.0,0.0,440560.0,440560.0
2298,449080.0,0.0,0.0,449080.0,449080.0
2299,468700.0,0.0,0.0,468700.0,468700.0
2300,458580.0,0.0,0.0,458580.0,458580.0
2301,438180.0,0.0,0.0,438180.0,438180.0
2302,431780.0,0.0,0.0,431780.0,431780.0
2303,360260.0,0.0,0.0,360260.0,360260.0
2304,360260.0,0.0,0.0,360260.0,360260.0
2305,348020.0,0.0,0.0,348020.0,348020.0
2306,348020.0,17.75,7543.75,340476.25,340476.25
2307,348020.0,170.7,72547.5,275472.5,275472.5
2308,344600.0,314.95,133853.75,210746.25,210746.25
2309,307000.0,537.85,228586.25,78413.75,78413.75
2310,324820.0,715.9,304257.5,20562.5,20562.5
2311,365660.0,886.55,376783.75,0.0,0.0
2312,369460.0,959.71,407876.75000000006,0.0,0.0
2313,422480.0,946.36,402203.0,20277.0,20277.0
2314,422480.0,842.8,358190.0,64290.0,64290.0
2315,433100.0,663.0,281775.0,151325.0,151325.0
2316,431635.0,433.5,184237.5,247397.5,247397.5
2317,387200.0,213.1,90567.49999999999,296632.5,296632.5
2318,387200.0,34.17,14522.25,372677.75,372677.75
2319,373770.0,0.0,0.0,373770.0,373770.0
2320,981790.0,0.0,0.0,981790.0,981790.0
2321,440560.0,0.0,0.0,440560.0,440560.0
2322,449080.0,0.0,0.0,449080.0,449080.0
2323,468700.0,0.0,0.0,468700.0,468700.0
2324,458580.0,0.0,0.0,458580.0,458580.0
2325,438180.0,0.0,0.0,438180.0,438180.0
2326,431780.0,0.0,0.0,431780.0,431780.0
2327,360260.0,0.0,0.0,360260.0,360260.0
2328,360260.0,0.0,0.0,360260.0,360260.0
2329,348020.0,0.0,0.0,348020.0,348020.0
2330,348020.0,19.4,8244.999999999998,339775.0,339775.0
2331,348020.0,168.15,71463.75,276556.25,276556.25
2332,344600.0,358.8,152490.0,192110.0,192110.0
2333,307000.0,592.6,251855.0,55145.0,55145.0
2334,324820.0,815.35,346523.75,0.0,0.0
2335,365660.0,926.5,393762.5,0.0,0.0
2336,369460.0,971.61,412934.25,0.0,0.0
2337,422480.0,939.85,399436.25000000006,23043.74999999994,23043.74999999994
2338,422480.0,840.25,357106.25,65373.75,65373.75
2339,433100.0,665.6,282880.0,150220.0,150220.0
2340,431635.0,466.1,198092.5,233542.5,233542.5
2341,387200.0,223.6,95030.0,292170.0,292170.0
2342,387200.0,35.17,14947.25,372252.75,372252.75
2343,373770.0,0.0,0.0,373770.0,373770.0
2344,981790.0,0.0,0.0,981790.0,981790.0
2345,440560.0,0.0,0.0,440560.0,440560.0
2346,449080.0,0.0,0.0,449080.0,449080.0
2347,468700.0,0.0,0.0,468700.0,468700.0
2348,458580.0,0.0,0.0,458580.0,458580.0
2349,438180.0,0.0,0.0,438180.0,438180.0
2350,431780.0,0.0,0.0,431780.0,431780.0
2351,360260.0,0.0,0.0,360260.0,360260.0
2352,360260.0,0.0,0.0,360260.0,360260.0
2353,348020.0,0.0,0.0,348020.0,348020.0
2354,348020.0,16.7,7097.5,340922.5,340922.5
2355,348020.0,203.05,86296.25,261723.75,261723.75
2356,344600.0,435.25,184981.25,159618.75,159618.75
2357,307000.0,652.5,277312.5,29687.5,29687.5
2358,324820.0,825.8,350965.0,0.0,0.0
2359,365660.0,939.1,399117.5,0.0,0.0
2360,369460.0,981.36,417078.0,0.0,0.0
2361,422480.0,949.35,403473.75,19006.25,19006.25
2362,422480.0,845.4,359294.99999999994,63185.00000000006,63185.00000000006
2363,433100.0,678.85,288511.25000000006,144588.74999999994,144588.74999999994
2364,431635.0,466.05,198071.25,233563.75,233563.75
2365,387200.0,233.7,99322.5,287877.5,287877.5
2366,387200.0,37.32,15861.0,371339.0,371339.0
2367,373770.0,0.0,0.0,373770.0,373770.0
2368,981790.0,0.0,0.0,981790.0,981790.0
2369,440560.0,0.0,0.0,440560.0,440560.0
2370,449080.0,0.0,0.0,449080.0,449080.0
2371,468700.0,0.0,0.0,468700.0,468700.0
2372,458580.0,0.0,0.0,458580.0,458580.0
2373,438180.0,0.0,0.0,438180.0,438180.0
2374,431780.0,0.0,0.0,431780.0,431780.0
2375,360260.0,0.0,0.0,360260.0,360260.0
2376,360260.0,0.0,0.0,360260.0,360260.0
2377,348020.0,0.0,0.0,348020.0,348020.0
2378,348020.0,25.64,10897.0,337123.0,337123.0
2379,348020.0,206.25,87656.25,260363.75,260363.75
2380,344600.0,437.8,186065.0,158535.0,158535.0
2381,307000.0,654.8,278289.99999999994,28710.00000000006,28710.00000000006
2382,324820.0,828.15,351963.74999999994,0.0,0.0
2383,365660.0,935.75,397693.75,0.0,0.0
2384,369460.0,976.95,415203.75000000006,0.0,0.0
2385,422480.0,944.25,401306.25,21173.75,21173.75
2386,422480.0,840.55,357233.74999999994,65246.25000000006,65246.25000000006
2387,433100.0,674.85,286811.25000000006,146288.74999999994,146288.74999999994
2388,431635.0,464.2,197285.0,234350.0,234350.0
2389,387200.0,232.15,98663.75,288536.25,288536.25
2390,387200.0,37.15,15788.749999999996,371411.25,371411.25
2391,373770.0,0.0,0.0,373770.0,373770.0
2392,981790.0,0.0,0.0,981790.0,981790.0
2393,440560.0,0.0,0.0,440560.0,440560.0
2394,449080.0,0.0,0.0,449080.0,449080.0
2395,468700.0,0.0,0.0,468700.0,468700.0
2396,458580.0,0.0,0.0,458580.0,458580.0
2397,438180.0,0.0,0.0,438180.0,438180.0
2398,431780.0,0.0,0.0,431780.0,431780.0
2399,360260.0,0.0,0.0,360260.0,360260.0
2400,360260.0,0.0,0.0,360260.0,360260.0
2401,428760.0,0.0,0.0,428760.0,428760.0
2402,384360.0,27.21,11564.25,372795.75,372795.75
2403,384360.0,210.9,89632.5,294727.5,294727.5
2404,368820.0,444.55,188933.75,179886.25,179886.25
2405,368220.0,661.7,281222.50000000006,86997.49999999994,86997.49999999994
2406,386040.0,834.3,354577.49999999994,31462.50000000006,31462.50000000006
2407,342340.0,946.7,402347.50000000006,0.0,0.0
2408,348840.0,986.55,419283.74999999994,0.0,0.0
2409,432940.0,951.3,404302.49999999994,28637.50000000006,28637.50000000006
2410,443560.0,843.5,358487.5,85072.5,85072.5
2411,485560.0,675.8,287215.0,198345.0,198345.0
2412,485560.0,461.4,196095.0,289465.0,289465.0
2413,446080.0,224.9,95582.50000000001,350497.5,350497.5
2414,1181760.0,37.11,15771.75,1165988.25,1000000.0
2415,592580.0,0.0,0.0,592580.0,592580.0
2416,483200.0,0.0,0.0,483200.0,483200.0
2417,483500.0,0.0,0.0,483500.0,483500.0
2418,484500.0,0.0,0.0,484500.0,484500.0
2419,485400.0,0.0,0.0,485400.0,485400.0
2420,478100.0,0.0,0.0,478100.0,478100.0
2421,478700.0,0.0,0.0,478700.0,478700.0
2422,451480.0,0.0,0.0,451480.0,451480.0
2423,451480.0,0.0,0.0,451480.0,451480.0
2424,451480.0,0.0,0.0,451480.0,451480.0
2425,428760.0,0.0,0.0,428760.0,428760.0
2426,384360.0,28.77,12227.25,372132.75,372132.75
2427,384360.0,209.35,88973.74999999999,295386.25,295386.25
2428,368820.0,436.35,185448.75,183371.25,183371.25
2429,368220.0,657.85,279586.25,88633.75,88633.75
2430,386040.0,833.4,354195.0,31845.0,31845.0
2431,342340.0,950.15,403813.74999999994,0.0,0.0
2432,348840.0,990.7,421047.5,0.0,0.0
2433,432940.0,956.5,406512.5,26427.5,26427.5
2434,443560.0,850.7,361547.5,82012.5,82012.5
2435,485560.0,682.4,290020.0,195540.0,195540.0
2436,485560.0,468.1,198942.5,286617.5,286617.5
2437,446080.0,235.15,99938.75,346141.25,346141.25
2438,1181760.0,38.97,16562.25,1165197.75,1000000.0
2439,592580.0,0.0,0.0,592580.0,592580.0
2440,483200.0,0.0,0.0,483200.0,483200.0
2441,483500.0,0.0,0.0,483500.0,483500.0
2442,484500.0,0.0,0.0,484500.0,484500.0
2443,485400.0,0.0,0.0,485400.0,485400.0
2444,478100.0,0.0,0.0,478100.0,478100.0
2445,478700.0,0.0,0.0,478700.0,478700.0
2446,451480.0,0.0,0.0,451480.0,451480.0
2447,451480.0,0.0,0.0,451480.0,451480.0
2448,451480.0,0.0,0.0,451480.0,451480.0
2449,348020.0,0.0,0.0,348020.0,348020.0
2450,348020.0,29.64,12597.0,335423.0,335423.0
2451,348020.0,213.45,90716.25,257303.75,257303.75
2452,344600.0,441.9,187807.49999999997,156792.50000000003,156792.50000000003
2453,307000.0,657.25,279331.25,27668.75,27668.75
2454,324820.0,831.1,353217.50000000006,0.0,0.0
2455,365660.0,941.8,400265.0,0.0,0.0
2456,369460.0,986.3,419177.5,0.0,0.0
2457,422480.0,943.65,401051.25,21428.75,21428.75
2458,422480.0,839.0,356575.0,65905.0,65905.0
2459,433100.0,667.95,283878.75,149221.25,149221.25
2460,431635.0,453.1,192567.5,239067.5,239067.5
2461,387200.0,226.7,96347.49999999999,290852.5,290852.5
2462,387200.0,38.65,16426.25,370773.75,370773.75
2463,373770.0,0.0,0.0,373770.0,373770.0
2464,981790.0,0.0,0.0,981790.0,981790.0
2465,440560.0,0.0,0.0,440560.0,440560.0
2466,449080.0,0.0,0.0,449080.0,449080.0
2467,468700.0,0.0,0.0,468700.0,468700.0
2468,458580.0,0.0,0.0,458580.0,458580.0
2469,438180.0,0.0,0.0,438180.0,438180.0
2470,431780.0,0.0,0.0,431780.0,431780.0
2471,360260.0,0.0,0.0,360260.0,360260.0
2472,360260.0,0.0,0.0,360260.0,360260.0
2473,348020.0,0.0,0.0,348020.0,348020.0
2474,348020.0,29.81,12669.25,335350.75,335350.75
2475,348020.0,150.9,64132.5,283887.5,283887.5
2476,344600.0,294.1,124992.5,219607.5,219607.5
2477,307000.0,537.25,228331.25,78668.75,78668.75
2478,324820.0,698.05,296671.25,28148.75,28148.75
2479,365660.0,643.75,273593.75,92066.25,92066.25
2480,369460.0,565.5,240337.5,129122.5,129122.5
2481,422480.0,751.75,319493.75,102986.25,102986.25
2482,422480.0,670.05,284771.24999999994,137708.75000000006,137708.75000000006
2483,433100.0,575.7,244672.50000000003,188427.49999999997,188427.49999999997
2484,431635.0,419.5,178287.5,253347.5,253347.5
2485,387200.0,194.45,82641.24999999999,304558.75,304558.75
2486,387200.0,31.47,13374.749999999998,373825.25,373825.25
2487,373770.0,0.0,0.0,373770.0,373770.0
2488,981790.0,0.0,0.0,981790.0,981790.0
2489,440560.0,0.0,0.0,440560.0,440560.0
2490,449080.0,0.0,0.0,449080.0,449080.0
2491,468700.0,0.0,0.0,468700.0,468700.0
2492,458580.0,0.0,0.0,458580.0,458580.0
2493,438180.0,0.0,0.0,438180.0,438180.0
2494,431780.0,0.0,0.0,431780.0,431780.0
2495,360260.0,0.0,0.0,360260.0,360260.0
2496,360260.0,0.0,0.0,360260.0,360260.0
2497,348020.0,0.0,0.0,348020.0,348020.0
2498,348020.0,31.29,13298.25,334721.75,334721.75
2499,348020.0,198.35,84298.75,263721.25,263721.25
2500,344600.0,433.0,184025.0,160575.0,160575.0
2501,307000.0,621.9,264307.5,42692.5,42692.5
2502,324820.0,811.2,344760.0,0.0,0.0
2503,365660.0,900.15,382563.75,0.0,0.0
2504,369460.0,914.95,388853.75,0.0,0.0
2505,422480.0,923.75,392593.75,29886.25,29886.25
2506,422480.0,823.55,350008.75,72471.25,72471.25
2507,433100.0,658.0,279650.0,153450.0,153450.0
2508,431635.0,460.5,195712.5,235922.5,235922.5
2509,387200.0,232.35,98748.75,288451.25,288451.25
2510,387200.0,39.99,16995.750000000004,370204.25,370204.25
2511,373770.0,0.0,0.0,373770.0,373770.0
2512,981790.0,0.0,0.0,981790.0,981790.0
2513,440560.0,0.0,0.0,440560.0,440560.0
2514,449080.0,0.0,0.0,449080.0,449080.0
2515,468700.0,0.0,0.0,468700.0,468700.0
2516,458580.0,0.0,0.0,458580.0,458580.0
2517,438180.0,0.0,0.0,438180.0,438180.0
2518,431780.0,0.0,0.0,431780.0,431780.0
2519,360260.0,0.0,0.0,360260.0,360260.0
2520,360260.0,0.0,0.0,360260.0,360260.0
2521,348020.0,0.0,0.0,348020.0,348020.0
2522,348020.0,32.76,13922.999999999998,334097.0,334097.0
2523,348020.0,186.9,79432.5,268587.5,268587.5
2524,344600.0,383.8,163115.00000000003,181484.99999999997,181484.99999999997
2525,307000.0,391.45,166366.24999999997,140633.75000000003,140633.75000000003
2526,324820.0,643.3,273402.5,51417.5,51417.5
2527,365660.0,540.3,229627.5,136032.5,136032.5
2528,369460.0,719.4,305744.99999999994,63715.00000000006,63715.00000000006
2529,422480.0,725.1,308167.50000000006,114312.49999999994,114312.49999999994
2530,422480.0,508.1,215942.5,206537.5,206537.5
2531,433100.0,373.7,158822.5,274277.5,274277.5
2532,431635.0,324.6,137955.0,293680.0,293680.0
2533,387200.0,174.45,74141.25,313058.75,313058.75
2534,387200.0,36.81,15644.25,371555.75,371555.75
2535,373770.0,0.0,0.0,373770.0,373770.0
2536,981790.0,0.0,0.0,981790.0,981790.0
2537,440560.0,0.0,0.0,440560.0,440560.0
2538,449080.0,0.0,0.0,449080.0,449080.0
2539,468700.0,0.0,0.0,468700.0,468700.0
2540,458580.0,0.0,0.0,458580.0,458580.0
2541,438180.0,0.0,0.0,438180.0,438180.0
2542,431780.0,0.0,0.0,431780.0,431780.0
2543,360260.0,0.0,0.0,360260.0,360260.0
2544,360260.0,0.0,0.0,360260.0,360260.0
2545,348020.0,0.0,0.0,348020.0,348020.0
2546,348020.0,35.38,15036.5,332983.5,332983.5
2547,348020.0,222.95,94753.74999999999,253266.25,253266.25
2548,344600.0,451.65,191951.25,152648.75,152648.75
2549,307000.0,663.55,282008.75,24991.25,24991.25
2550,324820.0,830.45,352941.25,0.0,0.0
2551,365660.0,927.5,394187.5,0.0,0.0
2552,369460.0,969.4,411994.99999999994,0.0,0.0
2553,422480.0,951.05,404196.25,18283.75,18283.75
2554,422480.0,843.85,358636.25,63843.75,63843.75
2555,433100.0,679.35,288723.75,144376.25,144376.25
2556,431635.0,467.8,198815.0,232820.0,232820.0
2557,387200.0,237.65,101001.25,286198.75,286198.75
2558,387200.0,42.14,17909.500000000004,369290.5,369290.5
2559,373770.0,0.0,0.0,373770.0,373770.0
2560,981790.0,0.0,0.0,981790.0,981790.0
2561,440560.0,0.0,0.0,440560.0,440560.0
2562,449080.0,0.0,0.0,449080.0,449080.0
2563,468700.0,0.0,0.0,468700.0,468700.0
2564,458580.0,0.0,0.0,458580.0,458580.0
2565,438180.0,0.0,0.0,438180.0,438180.0
2566,431780.0,0.0,0.0,431780.0,431780.0
2567,360260.0,0.0,0.0,360260.0,360260.0
2568,360260.0,0.0,0.0,360260.0,360260.0
2569,428760.0,0.0,0.0,428760.0,428760.0
2570,384360.0,32.66,13880.499999999998,370479.5,370479.5
2571,384360.0,217.6,92480.0,291880.0,291880.0
2572,368820.0,444.0,188700.0,180120.0,180120.0
2573,368220.0,659.7,280372.50000000006,87847.49999999994,87847.49999999994
2574,386040.0,828.05,351921.25,34118.75,34118.75
2575,342340.0,939.0,399075.0,0.0,0.0
2576,348840.0,978.4,415819.99999999994,0.0,0.0
2577,432940.0,943.45,400966.25,31973.75,31973.75
2578,443560.0,839.95,356978.75000000006,86581.24999999994,86581.24999999994
2579,485560.0,670.95,285153.75,200406.25,200406.25
2580,485560.0,464.15,197263.74999999997,288296.25,288296.25
2581,446080.0,236.05,100321.25,345758.75,345758.75
2582,1181760.0,41.43,17607.75,1164152.25,1000000.0
2583,592580.0,0.0,0.0,592580.0,592580.0
2584,483200.0,0.0,0.0,483200.0,483200.0
2585,483500.0,0.0,0.0,483500.0,483500.0
2586,484500.0,0.0,0.0,484500.0,484500.0
2587,485400.0,0.0,0.0,485400.0,485400.0
2588,478100.0,0.0,0.0,478100.0,478100.0
2589,478700.0,0.0,0.0,478700.0,478700.0
2590,451480.0,0.0,0.0,451480.0,451480.0
2591,451480.0,0.0,0.0,451480.0,451480.0
2592,451480.0,0.0,0.0,451480.0,451480.0
2593,428760.0,0.0,0.0,428760.0,428760.0
2594,384360.0,36.32,15436.0,368924.0,368924.0
2595,384360.0,215.95,91778.74999999999,292581.25,292581.25
2596,368820.0,409.2,173910.0,194910.0,194910.0
2597,368220.0,665.4,282795.0,85425.0,85425.0
2598,386040.0,834.15,354513.75,31526.25,31526.25
2599,342340.0,932.8,396440.0,0.0,0.0
2600,348840.0,965.5,410337.5,0.0,0.0
2601,432940.0,933.75,396843.75,36096.25,36096.25
2602,443560.0,820.65,348776.25,94783.75,94783.75
2603,485560.0,649.65,276101.25,209458.75,209458.75
2604,485560.0,414.4,176120.0,309440.0,309440.0
2605,446080.0,214.1,90992.49999999999,355087.5,355087.5
2606,1181760.0,41.43,17607.75,1164152.25,1000000.0
2607,592580.0,0.0,0.0,592580.0,592580.0
2608,483200.0,0.0,0.0,483200.0,483200.0
2609,483500.0,0.0,0.0,483500.0,483500.0
2610,484500.0,0.0,0.0,484500.0,484500.0
2611,485400.0,0.0,0.0,485400.0,485400.0
2612,478100.0,0.0,0.0,478100.0,478100.0
2613,478700.0,0.0,0.0,478700.0,478700.0
2614,451480.0,0.0,0.0,451480.0,451480.0
2615,451480.0,0.0,0.0,451480.0,451480.0
2616,451480.0,0.0,0.0,451480.0,451480.0
2617,348020.0,0.0,0.0,348020.0,348020.0
2618,348020.0,37.11,15771.75,332248.25,332248.25
2619,348020.0,214.75,91268.75,256751.25,256751.25
2620,344600.0,439.75,186893.75,157706.25,157706.25
2621,307000.0,658.35,279798.75,27201.25,27201.25
2622,324820.0,823.75,350093.75,0.0,0.0
2623,365660.0,925.75,393443.75,0.0,0.0
2624,369460.0,963.4,409444.99999999994,0.0,0.0
2625,422480.0,915.45,389066.25000000006,33413.74999999994,33413.74999999994
2626,422480.0,805.05,342146.24999999994,80333.75000000006,80333.75000000006
2627,433100.0,662.45,281541.25000000006,151558.74999999994,151558.74999999994
2628,431635.0,448.0,190400.0,241235.0,241235.0
2629,387200.0,220.7,93797.49999999999,293402.5,293402.5
2630,387200.0,42.19,17930.75,369269.25,369269.25
2631,373770.0,0.0,0.0,373770.0,373770.0
2632,981790.0,0.0,0.0,981790.0,981790.0
2633,440560.0,0.0,0.0,440560.0,440560.0
2634,449080.0,0.0,0.0,449080.0,449080.0
2635,468700.0,0.0,0.0,468700.0,468700.0
2636,458580.0,0.0,0.0,458580.0,458580.0
2637,438180.0,0.0,0.0,438180.0,438180.0
2638,431780.0,0.0,0.0,431780.0,431780.0
2639,360260.0,0.0,0.0,360260.0,360260.0
2640,360260.0,0.0,0.0,360260.0,360260.0
2641,348020.0,0.0,0.0,348020.0,348020.0
2642,348020.0,40.22,17093.5,330926.5,330926.5
2643,348020.0,226.65,96326.25000000001,251693.75,251693.75
2644,344600.0,449.7,191122.5,153477.5,153477.5
2645,307000.0,653.5,277737.5,29262.5,29262.5
2646,324820.0,816.55,347033.75,0.0,0.0
2647,365660.0,929.7,395122.50000000006,0.0,0.0
2648,369460.0,965.65,410401.25,0.0,0.0
2649,422480.0,932.95,396503.75,25976.25,25976.25
2650,422480.0,826.15,351113.74999999994,71366.25000000006,71366.25000000006
2651,433100.0,670.55,284983.75,148116.25,148116.25
2652,431635.0,453.45,192716.24999999997,238918.75000000003,238918.75000000003
2653,387200.0,222.15,94413.75,292786.25,292786.25
2654,387200.0,42.67,18134.75,369065.25,369065.25
2655,373770.0,0.0,0.0,373770.0,373770.0
2656,981790.0,0.0,0.0,981790.0,981790.0
2657,440560.0,0.0,0.0,440560.0,440560.0
2658,449080.0,0.0,0.0,449080.0,449080.0
2659,468700.0,0.0,0.0,468700.0,468700.0
2660,458580.0,0.0,0.0,458580.0,458580.0
2661,438180.0,0.0,0.0,438180.0,438180.0
2662,431780.0,0.0,0.0,431780.0,431780.0
2663,360260.0,0.0,0.0,360260.0,360260.0
2664,360260.0,0.0,0.0,360260.0,360260.0
2665,348020.0,0.0,0.0,348020.0,348020.0
2666,348020.0,40.75,17318.75,330701.25,330701.25
2667,348020.0,209.55,89058.75,258961.25,258961.25
2668,344600.0,417.25,177331.25,167268.75,167268.75
2669,307000.0,639.25,271681.25,35318.75,35318.75
2670,324820.0,824.9,350582.5,0.0,0.0
2671,365660.0,939.1,399117.5,0.0,0.0
2672,369460.0,977.0,415225.0,0.0,0.0
2673,422480.0,944.05,401221.25,21258.75,21258.75
2674,422480.0,845.75,359443.75,63036.25,63036.25
2675,433100.0,677.4,287895.0,145205.0,145205.0
2676,431635.0,469.9,199707.5,231927.5,231927.5
2677,387200.0,243.4,103445.0,283755.0,283755.0
2678,387200.0,45.79,19460.75,367739.25,367739.25
2679,373770.0,0.0,0.0,373770.0,373770.0
2680,981790.0,0.0,0.0,981790.0,981790.0
2681,440560.0,0.0,0.0,440560.0,440560.0
2682,449080.0,0.0,0.0,449080.0,449080.0
2683,468700.0,0.0,0.0,468700.0,468700.0
2684,458580.0,0.0,0.0,458580.0,458580.0
2685,438180.0,0.0,0.0,438180.0,438180.0
2686,431780.0,0.0,0.0,431780.0,431780.0
2687,360260.0,0.0,0.0,360260.0,360260.0
2688,360260.0,0.0,0.0,360260.0,360260.0
2689,348020.0,0.0,0.0,348020.0,348020.0
2690,348020.0,43.78,18606.5,329413.5,329413.5
2691,348020.0,237.15,100788.75,247231.25,247231.25
2692,344600.0,461.4,196095.0,148505.0,148505.0
2693,307000.0,668.0,283900.0,23100.0,23100.0
2694,324820.0,831.0,353175.0,0.0,0.0
2695,365660.0,932.45,396291.25,0.0,0.0
2696,369460.0,968.7,411697.5,0.0,0.0
2697,422480.0,940.05,399521.24999999994,22958.75000000006,22958.75000000006
2698,422480.0,837.3,355852.49999999994,66627.50000000006,66627.50000000006
2699,433100.0,678.4,288320.0,144780.0,144780.0
2700,431635.0,467.4,198645.0,232990.0,232990.0
2701,387200.0,240.45,102191.25,285008.75,285008.75
2702,387200.0,45.92,19516.0,367684.0,367684.0
2703,373770.0,0.0,0.0,373770.0,373770.0
2704,981790.0,0.0,0.0,981790.0,981790.0
2705,440560.0,0.0,0.0,440560.0,440560.0
2706,449080.0,0.0,0.0,449080.0,449080.0
2707,468700.0,0.0,0.0,468700.0,468700.0
2708,458580.0,0.0,0.0,458580.0,458580.0
2709,438180.0,0.0,0.0,438180.0,438180.0
2710,431780.0,0.0,0.0,431780.0,431780.0
2711,360260.0,0.0,0.0,360260.0,360260.0
2712,360260.0,0.0,0.0,360260.0,360260.0
2713,348020.0,0.0,0.0,348020.0,348020.0
2714,348020.0,46.18,19626.5,328393.5,328393.5
2715,348020.0,241.65,102701.25,245318.75,245318.75
2716,344600.0,470.95,200153.75,144446.25,144446.25
2717,307000.0,678.55,288383.75,18616.25,18616.25
2718,324820.0,842.05,357871.25,0.0,0.0
2719,365660.0,944.2,401285.0,0.0,0.0
2720,369460.0,979.25,416181.25,0.0,0.0
2721,422480.0,946.0,402050.0,20430.0,20430.0
2722,422480.0,840.55,357233.74999999994,65246.25000000006,65246.25000000006
2723,433100.0,680.25,289106.25,143993.75,143993.75
2724,431635.0,471.35,200323.75000000003,231311.24999999997,231311.24999999997
2725,387200.0,243.2,103360.0,283840.0,283840.0
2726,387200.0,45.8,19465.0,367735.0,367735.0
2727,373770.0,0.0,0.0,373770.0,373770.0
2728,981790.0,0.0,0.0,981790.0,981790.0
2729,440560.0,0.0,0.0,440560.0,440560.0
2730,449080.0,0.0,0.0,449080.0,449080.0
2731,468700.0,0.0,0.0,468700.0,468700.0
2732,458580.0,0.0,0.0,458580.0,458580.0
2733,438180.0,0.0,0.0,438180.0,438180.0
2734,431780.0,0.0,0.0,431780.0,431780.0
2735,360260.0,0.0,0.0,360260.0,360260.0
2736,360260.0,0.0,0.0,360260.0,360260.0
2737,428760.0,0.0,0.0,428760.0,428760.0
2738,384360.0,47.02,19983.500000000004,364376.5,364376.5
2739,384360.0,242.55,103083.75000000001,281276.25,281276.25
2740,368820.0,464.85,197561.25000000003,171258.74999999997,171258.74999999997
2741,368220.0,673.55,286258.75,81961.25,81961.25
2742,386040.0,837.25,355831.25,30208.75,30208.75
2743,342340.0,939.85,399436.25000000006,0.0,0.0
2744,348840.0,976.4,414969.99999999994,0.0,0.0
2745,432940.0,941.65,400201.25,32738.75,32738.75
2746,443560.0,840.3,357127.49999999994,86432.50000000006,86432.50000000006
2747,485560.0,676.85,287661.25000000006,197898.74999999994,197898.74999999994
2748,485560.0,468.45,199091.25,286468.75,286468.75
2749,446080.0,245.35,104273.74999999999,341806.25,341806.25
2750,1181760.0,47.01,19979.249999999996,1161780.75,1000000.0
2751,592580.0,0.0,0.0,592580.0,592580.0
2752,483200.0,0.0,0.0,483200.0,483200.0
2753,483500.0,0.0,0.0,483500.0,483500.0
2754,484500.0,0.0,0.0,484500.0,484500.0
2755,485400.0,0.0,0.0,485400.0,485400.0
2756,478100.0,0.0,0.0,478100.0,478100.0
2757,478700.0,0.0,0.0,478700.0,478700.0
2758,451480.0,0.0,0.0,451480.0,451480.0
2759,451480.0,0.0,0.0,451480.0,451480.0
2760,451480.0,0.0,0.0,451480.0,451480.0
2761,428760.0,0.0,0.0,428760.0,428760.0
2762,384360.0,48.26,20510.5,363849.5,363849.5
2763,384360.0,244.35,103848.74999999999,280511.25,280511.25
2764,368820.0,469.9,199707.5,169112.5,169112.5
2765,368220.0,677.8,288065.0,80155.0,80155.0
2766,386040.0,842.2,357935.00000000006,28104.99999999994,28104.99999999994
2767,342340.0,949.5,403537.5,0.0,0.0
2768,348840.0,986.5,419262.5,0.0,0.0
2769,432940.0,953.25,405131.25,27808.75,27808.75
2770,443560.0,849.75,361143.75,82416.25,82416.25
2771,485560.0,689.85,293186.25000000006,192373.74999999994,192373.74999999994
2772,485560.0,471.6,200430.0,285130.0,285130.0
2773,446080.0,237.65,101001.25,345078.75,345078.75
2774,1181760.0,47.72,20281.0,1161479.0,1000000.0
2775,592580.0,0.0,0.0,592580.0,592580.0
2776,483200.0,0.0,0.0,483200.0,483200.0
2777,483500.0,0.0,0.0,483500.0,483500.0
2778,484500.0,0.0,0.0,484500.0,484500.0
2779,485400.0,0.0,0.0,485400.0,485400.0
2780,478100.0,0.0,0.0,478100.0,478100.0
2781,478700.0,0.0,0.0,478700.0,478700.0
2782,451480.0,0.0,0.0,451480.0,451480.0
2783,451480.0,0.0,0.0,451480.0,451480.0
2784,451480.0,0.0,0.0,451480.0,451480.0
2785,348020.0,0.0,0.0,348020.0,348020.0
2786,348020.0,52.85,22461.25,325558.75,325558.75
2787,348020.0,232.3,98727.5,249292.5,249292.5
2788,344600.0,443.65,188551.25,156048.75,156048.75
2789,307000.0,662.65,281626.25,25373.75,25373.75
2790,324820.0,821.0,348925.0,0.0,0.0
2791,365660.0,932.65,396376.25,0.0,0.0
2792,369460.0,981.5,417137.5,0.0,0.0
2793,422480.0,944.7,401497.50000000006,20982.49999999994,20982.49999999994
2794,422480.0,841.15,357488.75,64991.25,64991.25
2795,433100.0,682.2,289935.0,143165.0,143165.0
2796,431635.0,474.7,201747.5,229887.5,229887.5
2797,387200.0,246.55,104783.75000000001,282416.25,282416.25
2798,387200.0,54.55,23183.749999999996,364016.25,364016.25
2799,373770.0,0.0,0.0,373770.0,373770.0
2800,981790.0,0.0,0.0,981790.0,981790.0
2801,440560.0,0.0,0.0,440560.0,440560.0
2802,449080.0,0.0,0.0,449080.0,449080.0
2803,468700.0,0.0,0.0,468700.0,468700.0
2804,458580.0,0.0,0.0,458580.0,458580.0
2805,438180.0,0.0,0.0,438180.0,438180.0
2806,431780.0,0.0,0.0,431780.0,431780.0
2807,360260.0,0.0,0.0,360260.0,360260.0
2808,360260.0,0.0,0.0,360260.0,360260.0
2809,348020.0,0.0,0.0,348020.0,348020.0
2810,348020.0,50.85,21611.25,326408.75,326408.75
2811,348020.0,242.2,102935.0,245085.0,245085.0
2812,344600.0,457.0,194225.0,150375.0,150375.0
2813,307000.0,677.9,288107.5,18892.5,18892.5
2814,324820.0,824.1,350242.5,0.0,0.0
2815,365660.0,886.5,376762.5,0.0,0.0
2816,369460.0,930.8,395590.0,0.0,0.0
2817,422480.0,923.4,392445.0,30035.0,30035.0
2818,422480.0,849.9,361207.5,61272.5,61272.5
2819,433100.0,668.7,284197.50000000006,148902.49999999994,148902.49999999994
2820,431635.0,472.15,200663.74999999997,230971.25000000003,230971.25000000003
2821,387200.0,247.65,105251.25,281948.75,281948.75
2822,387200.0,55.8,23714.999999999996,363485.0,363485.0
2823,373770.0,0.0,0.0,373770.0,373770.0
2824,981790.0,0.0,0.0,981790.0,981790.0
2825,440560.0,0.0,0.0,440560.0,440560.0
2826,449080.0,0.0,0.0,449080.0,449080.0
2827,468700.0,0.0,0.0,468700.0,468700.0
2828,458580.0,0.0,0.0,458580.0,458580.0
2829,438180.0,0.0,0.0,438180.0,438180.0
2830,431780.0,0.0,0.0,431780.0,431780.0
2831,360260.0,0.0,0.0,360260.0,360260.0
2832,360260.0,0.0,0.0,360260.0,360260.0
2833,348020.0,0.0,0.0,348020.0,348020.0
2834,348020.0,58.15,24713.75,323306.25,323306.25
2835,348020.0,250.8,106590.00000000001,241430.0,241430.0
2836,344600.0,462.05,196371.25,148228.75,148228.75
2837,307000.0,678.9,288532.5,18467.5,18467.5
2838,324820.0,852.75,362418.75,0.0,0.0
2839,365660.0,957.3,406852.49999999994,0.0,0.0
2840,369460.0,995.35,423023.75000000006,0.0,0.0
2841,422480.0,961.25,408531.25,13948.75,13948.75
2842,422480.0,856.4,363969.99999999994,58510.00000000006,58510.00000000006
2843,433100.0,691.35,293823.75,139276.25,139276.25
2844,431635.0,482.3,204977.5,226657.5,226657.5
2845,387200.0,254.05,107971.25,279228.75,279228.75
2846,387200.0,57.7,24522.5,362677.5,362677.5
2847,373770.0,0.0,0.0,373770.0,373770.0
2848,981790.0,0.0,0.0,981790.0,981790.0
2849,440560.0,0.0,0.0,440560.0,440560.0
2850,449080.0,0.0,0.0,449080.0,449080.0
2851,468700.0,0.0,0.0,468700.0,468700.0
2852,458580.0,0.0,0.0,458580.0,458580.0
2853,438180.0,0.0,0.0,438180.0,438180.0
2854,431780.0,0.0,0.0,431780.0,431780.0
2855,360260.0,0.0,0.0,360260.0,360260.0
2856,360260.0,0.0,0.0,360260.0,360260.0
2857,348020.0,0.0,0.0,348020.0,348020.0
2858,348020.0,51.5,21887.5,326132.5,326132.5
2859,348020.0,238.9,101532.5,246487.5,246487.5
2860,344600.0,465.25,197731.25,146868.75,146868.75
2861,307000.0,688.4,292570.0,14430.0,14430.0
2862,324820.0,849.95,361228.75000000006,0.0,0.0
2863,365660.0,951.65,404451.25,0.0,0.0
2864,369460.0,990.2,420835.00000000006,0.0,0.0
2865,422480.0,957.0,406725.0,15755.0,15755.0
2866,422480.0,853.05,362546.25,59933.75,59933.75
2867,433100.0,689.4,292995.0,140105.0,140105.0
2868,431635.0,481.75,204743.75,226891.25,226891.25
2869,387200.0,254.6,108205.0,278995.0,278995.0
2870,387200.0,58.6,24905.0,362295.0,362295.0
2871,373770.0,0.0,0.0,373770.0,373770.0
2872,981790.0,0.0,0.0,981790.0,981790.0
2873,440560.0,0.0,0.0,440560.0,440560.0
2874,449080.0,0.0,0.0,449080.0,449080.0
2875,468700.0,0.0,0.0,468700.0,468700.0
2876,458580.0,0.0,0.0,458580.0,458580.0
2877,438180.0,0.0,0.0,438180.0,438180.0
2878,431780.0,0.0,0.0,431780.0,431780.0
2879,360260.0,0.0,0.0,360260.0,360260.0
2880,360260.0,0.0,0.0,360260.0,360260.0
2881,361060.0,0.0,0.0,361060.0,361060.0
2882,361060.0,58.8,24990.0,336070.0,336070.0
2883,288840.0,238.1,101192.5,187647.5,187647.5
2884,298440.0,451.05,191696.25,106743.75,106743.75
2885,297840.0,675.7,287172.50000000006,10667.499999999942,10667.499999999942
2886,352760.0,827.15,351538.74999999994,1221.2500000000582,1221.2500000000582
2887,361360.0,921.85,391786.25000000006,0.0,0.0
2888,362560.0,982.15,417413.75,0.0,0.0
2889,351940.0,946.55,402283.75,0.0,0.0
2890,351940.0,843.45,358466.25,0.0,0.0
2891,434060.0,680.4,289170.0,144890.0,144890.0
2892,381560.0,474.45,201641.25,179918.75,179918.75
2893,381560.0,250.6,106505.0,275055.0,275055.0
2894,381560.0,58.3,24777.5,356782.5,356782.5
2895,402980.0,0.0,0.0,402980.0,402980.0
2896,1104480.0,0.0,0.0,1104480.0,1000000.0
2897,392780.0,0.0,0.0,392780.0,392780.0
2898,404600.0,0.0,0.0,404600.0,404600.0
2899,405200.0,0.0,0.0,405200.0,405200.0
2900,365380.0,0.0,0.0,365380.0,365380.0
2901,365980.0,0.0,0.0,365980.0,365980.0
2902,362080.0,0.0,0.0,362080.0,362080.0
2903,351460.0,0.0,0.0,351460.0,351460.0
2904,351460.0,0.0,0.0,351460.0,351460.0
2905,428760.0,0.0,0.0,428760.0,428760.0
2906,384360.0,61.05,25946.25,358413.75,358413.75
2907,384360.0,252.05,107121.25,277238.75,277238.75
2908,368820.0,470.85,200111.25000000003,168708.74999999997,168708.74999999997
2909,368220.0,665.55,282858.75,85361.25,85361.25
2910,386040.0,832.35,353748.75,32291.25,32291.25
2911,342340.0,932.85,396461.25000000006,0.0,0.0
2912,348840.0,967.15,411038.75,0.0,0.0
2913,432940.0,930.85,395611.25000000006,37328.74999999994,37328.74999999994
2914,443560.0,828.45,352091.25,91468.75,91468.75
2915,485560.0,671.5,285387.5,200172.5,200172.5
2916,485560.0,470.45,199941.25,285618.75,285618.75
2917,446080.0,246.4,104720.0,341360.0,341360.0
2918,1181760.0,57.6,24480.0,1157280.0,1000000.0
2919,592580.0,0.0,0.0,592580.0,592580.0
2920,483200.0,0.0,0.0,483200.0,483200.0
2921,483500.0,0.0,0.0,483500.0,483500.0
2922,484500.0,0.0,0.0,484500.0,484500.0
2923,485400.0,0.0,0.0,485400.0,485400.0
2924,478100.0,0.0,0.0,478100.0,478100.0
2925,478700.0,0.0,0.0,478700.0,478700.0
2926,451480.0,0.0,0.0,451480.0,451480.0
2927,451480.0,0.0,0.0,451480.0,451480.0
2928,451480.0,0.0,0.0,451480.0,451480.0
2929,428760.0,0.0,0.0,428760.0,428760.0
2930,384360.0,52.9,22482.499999999996,361877.5,361877.5
2931,384360.0,227.45,96666.25,287693.75,287693.75
2932,368820.0,442.85,188211.25,180608.75,180608.75
2933,368220.0,665.95,283028.75,85191.25,85191.25
2934,386040.0,830.4,352920.0,33120.0,33120.0
2935,342340.0,936.1,397842.5,0.0,0.0
2936,348840.0,970.7,412547.5,0.0,0.0
2937,432940.0,936.85,398161.25000000006,34778.74999999994,34778.74999999994
2938,443560.0,834.0,354450.0,89110.0,89110.0
2939,485560.0,676.8,287640.0,197920.0,197920.0
2940,485560.0,477.4,202895.0,282665.0,282665.0
2941,446080.0,251.35,106823.75000000001,339256.25,339256.25
2942,1181760.0,59.7,25372.5,1156387.5,1000000.0
2943,592580.0,0.0,0.0,592580.0,592580.0
2944,483200.0,0.0,0.0,483200.0,483200.0
2945,483500.0,0.0,0.0,483500.0,483500.0
2946,484500.0,0.0,0.0,484500.0,484500.0
2947,485400.0,0.0,0.0,485400.0,485400.0
2948,478100.0,0.0,0.0,478100.0,478100.0
2949,478700.0,0.0,0.0,478700.0,478700.0
2950,451480.0,0.0,0.0,451480.0,451480.0
2951,451480.0,0.0,0.0,451480.0,451480.0
2952,451480.0,0.0,0.0,451480.0,451480.0
2953,348020.0,0.0,0.0,348020.0,348020.0
2954,348020.0,64.9,27582.5,320437.5,320437.5
2955,348020.0,256.4,108969.99999999999,239050.0,239050.0
2956,344600.0,476.75,202618.75,141981.25,141981.25
2957,307000.0,678.6,288405.0,18595.0,18595.0
2958,324820.0,836.95,355703.75000000006,0.0,0.0
2959,365660.0,933.3,396652.49999999994,0.0,0.0
2960,369460.0,967.8,411315.0,0.0,0.0
2961,422480.0,932.7,396397.50000000006,26082.49999999994,26082.49999999994
2962,422480.0,833.05,354046.25,68433.75,68433.75
2963,433100.0,648.4,275570.0,157530.0,157530.0
2964,431635.0,431.6,183430.00000000003,248204.99999999997,248204.99999999997
2965,387200.0,252.2,107184.99999999999,280015.0,280015.0
2966,387200.0,60.95,25903.750000000004,361296.25,361296.25
2967,373770.0,0.0,0.0,373770.0,373770.0
2968,981790.0,0.0,0.0,981790.0,981790.0
2969,440560.0,0.0,0.0,440560.0,440560.0
2970,449080.0,0.0,0.0,449080.0,449080.0
2971,468700.0,0.0,0.0,468700.0,468700.0
2972,458580.0,0.0,0.0,458580.0,458580.0
2973,438180.0,0.0,0.0,438180.0,438180.0
2974,431780.0,0.0,0.0,431780.0,431780.0
2975,360260.0,0.0,0.0,360260.0,360260.0
2976,360260.0,0.0,0.0,360260.0,360260.0
2977,348020.0,0.0,0.0,348020.0,348020.0
2978,348020.0,67.85,28836.25,319183.75,319183.75
2979,348020.0,263.25,111881.25,236138.75,236138.75
2980,344600.0,487.1,207017.50000000003,137582.49999999997,137582.49999999997
2981,307000.0,691.2,293760.0,13240.0,13240.0
2982,324820.0,851.05,361696.25,0.0,0.0
2983,365660.0,952.85,404961.25,0.0,0.0
2984,369460.0,985.35,418773.75000000006,0.0,0.0
2985,422480.0,948.95,403303.75000000006,19176.24999999994,19176.24999999994
2986,422480.0,850.15,361313.75,61166.25,61166.25
2987,433100.0,671.75,285493.75,147606.25,147606.25
2988,431635.0,473.75,201343.75,230291.25,230291.25
2989,387200.0,247.45,105166.24999999999,282033.75,282033.75
2990,387200.0,62.75,26668.75,360531.25,360531.25
2991,373770.0,0.0,0.0,373770.0,373770.0
2992,981790.0,0.0,0.0,981790.0,981790.0
2993,440560.0,0.0,0.0,440560.0,440560.0
2994,449080.0,0.0,0.0,449080.0,449080.0
2995,468700.0,0.0,0.0,468700.0,468700.0
2996,458580.0,0.0,0.0,458580.0,458580.0
2997,438180.0,0.0,0.0,438180.0,438180.0
2998,431780.0,0.0,0.0,431780.0,431780.0
2999,360260.0,0.0,0.0,360260.0,360260.0
3000,360260.0,0.0,0.0,360260.0,360260.0
3001,348020.0,0.0,0.0,348020.0,348020.0
3002,348020.0,70.15,29813.75,318206.25,318206.25
3003,348020.0,268.0,113900.0,234120.0,234120.0
3004,344600.0,493.2,209610.0,134990.0,134990.0
3005,307000.0,699.4,297245.0,9755.0,9755.0
3006,324820.0,862.25,366456.25,0.0,0.0
3007,365660.0,969.15,411888.75,0.0,0.0
3008,369460.0,1005.0,427124.99999999994,0.0,0.0
3009,422480.0,969.25,411931.25,10548.75,10548.75
3010,422480.0,864.75,367518.75,54961.25,54961.25
3011,433100.0,699.7,297372.50000000006,135727.49999999994,135727.49999999994
3012,431635.0,491.45,208866.25,222768.75,222768.75
3013,387200.0,265.4,112794.99999999997,274405.0,274405.0
3014,387200.0,66.6,28304.999999999993,358895.0,358895.0
3015,373770.0,0.0,0.0,373770.0,373770.0
3016,981790.0,0.0,0.0,981790.0,981790.0
3017,440560.0,0.0,0.0,440560.0,440560.0
3018,449080.0,0.0,0.0,449080.0,449080.0
3019,468700.0,0.0,0.0,468700.0,468700.0
3020,458580.0,0.0,0.0,458580.0,458580.0
3021,438180.0,0.0,0.0,438180.0,438180.0
3022,431780.0,0.0,0.0,431780.0,431780.0
3023,360260.0,0.0,0.0,360260.0,360260.0
3024,360260.0,0.0,0.0,360260.0,360260.0
3025,348020.0,0.0,0.0,348020.0,348020.0
3026,348020.0,72.2,30685.0,317335.0,317335.0
3027,348020.0,271.0,115175.0,232845.0,232845.0
3028,344600.0,495.7,210672.5,133927.5,133927.5
3029,307000.0,699.8,297415.0,9585.0,9585.0
3030,324820.0,859.15,365138.75,0.0,0.0
3031,365660.0,958.9,407532.5,0.0,0.0
3032,369460.0,992.95,422003.75,0.0,0.0
3033,422480.0,956.7,406597.5,15882.5,15882.5
3034,422480.0,853.55,362758.74999999994,59721.25000000006,59721.25000000006
3035,433100.0,692.25,294206.25,138893.75,138893.75
3036,431635.0,487.45,207166.25,224468.75,224468.75
3037,387200.0,262.6,111605.0,275595.0,275595.0
3038,387200.0,66.0,28050.0,359150.0,359150.0
3039,373770.0,0.0,0.0,373770.0,373770.0
3040,981790.0,0.0,0.0,981790.0,981790.0
3041,440560.0,0.0,0.0,440560.0,440560.0
3042,449080.0,0.0,0.0,449080.0,449080.0
3043,468700.0,0.0,0.0,468700.0,468700.0
3044,458580.0,0.0,0.0,458580.0,458580.0
3045,438180.0,0.0,0.0,438180.0,438180.0
3046,431780.0,0.0,0.0,431780.0,431780.0
3047,360260.0,0.0,0.0,360260.0,360260.0
3048,360260.0,0.0,0.0,360260.0,360260.0
3049,348020.0,0.0,0.0,348020.0,348020.0
3050,348020.0,65.4,27795.0,320225.0,320225.0
3051,348020.0,253.2,107609.99999999999,240410.0,240410.0
3052,344600.0,475.65,202151.24999999997,142448.75000000003,142448.75000000003
3053,307000.0,679.15,288638.75,18361.25,18361.25
3054,324820.0,823.1,349817.5,0.0,0.0
3055,365660.0,926.75,393868.75,0.0,0.0
3056,369460.0,982.15,417413.75,0.0,0.0
3057,422480.0,943.25,400881.25,21598.75,21598.75
3058,422480.0,841.05,357446.25,65033.75,65033.75
3059,433100.0,684.75,291018.75,142081.25,142081.25
3060,431635.0,478.7,203447.5,228187.5,228187.5
3061,387200.0,254.45,108141.25,279058.75,279058.75
3062,387200.0,63.0,26775.0,360425.0,360425.0
3063,373770.0,0.0,0.0,373770.0,373770.0
3064,981790.0,0.0,0.0,981790.0,981790.0
3065,440560.0,0.0,0.0,440560.0,440560.0
3066,449080.0,0.0,0.0,449080.0,449080.0
3067,468700.0,0.0,0.0,468700.0,468700.0
3068,458580.0,0.0,0.0,458580.0,458580.0
3069,438180.0,0.0,0.0,438180.0,438180.0
3070,431780.0,0.0,0.0,431780.0,431780.0
3071,360260.0,0.0,0.0,360260.0,360260.0
3072,360260.0,0.0,0.0,360260.0,360260.0
3073,428760.0,0.0,0.0,428760.0,428760.0
3074,384360.0,66.25,28156.25,356203.75,356203.75
3075,384360.0,218.2,92734.99999999999,291625.0,291625.0
3076,368820.0,441.7,187722.5,181097.5,181097.5
3077,368220.0,655.2,278460.0,89760.0,89760.0
3078,386040.0,792.25,336706.25,49333.75,49333.75
3079,342340.0,933.4,396695.0,0.0,0.0
3080,348840.0,977.75,415543.75,0.0,0.0
3081,432940.0,949.3,403452.49999999994,29487.50000000006,29487.50000000006
3082,443560.0,843.1,358317.50000000006,85242.49999999994,85242.49999999994
3083,485560.0,685.35,291273.75,194286.25,194286.25
3084,485560.0,480.0,204000.0,281560.0,281560.0
3085,446080.0,256.2,108884.99999999999,337195.0,337195.0
3086,1181760.0,63.15,26838.75,1154921.25,1000000.0
3087,592580.0,0.0,0.0,592580.0,592580.0
3088,483200.0,0.0,0.0,483200.0,483200.0
3089,483500.0,0.0,0.0,483500.0,483500.0
3090,484500.0,0.0,0.0,484500.0,484500.0
3091,485400.0,0.0,0.0,485400.0,485400.0
3092,478100.0,0.0,0.0,478100.0,478100.0
3093,478700.0,0.0,0.0,478700.0,478700.0
3094,451480.0,0.0,0.0,451480.0,451480.0
3095,451480.0,0.0,0.0,451480.0,451480.0
3096,451480.0,0.0,0.0,451480.0,451480.0
3097,428760.0,0.0,0.0,428760.0,428760.0
3098,384360.0,62.4,26520.0,357840.0,357840.0
3099,384360.0,217.5,92437.5,291922.5,291922.5
3100,368820.0,418.75,177968.75,190851.25,190851.25
3101,368220.0,672.4,285770.0,82450.0,82450.0
3102,386040.0,826.45,351241.25,34798.75,34798.75
3103,342340.0,930.75,395568.75,0.0,0.0
3104,348840.0,966.25,410656.25,0.0,0.0
3105,432940.0,941.6,400180.0,32760.0,32760.0
3106,443560.0,821.1,348967.5,94592.5,94592.5
3107,485560.0,680.15,289063.75,196496.25,196496.25
3108,485560.0,471.3,200302.5,285257.5,285257.5
3109,446080.0,247.3,105102.50000000001,340977.5,340977.5
3110,1181760.0,60.65,25776.249999999996,1155983.75,1000000.0
3111,592580.0,0.0,0.0,592580.0,592580.0
3112,483200.0,0.0,0.0,483200.0,483200.0
3113,483500.0,0.0,0.0,483500.0,483500.0
3114,484500.0,0.0,0.0,484500.0,484500.0
3115,485400.0,0.0,0.0,485400.0,485400.0
3116,478100.0,0.0,0.0,478100.0,478100.0
3117,478700.0,0.0,0.0,478700.0,478700.0
3118,451480.0,0.0,0.0,451480.0,451480.0
3119,451480.0,0.0,0.0,451480.0,451480.0
3120,451480.0,0.0,0.0,451480.0,451480.0
3121,348020.0,0.0,0.0,348020.0,348020.0
3122,348020.0,59.55,25308.75,322711.25,322711.25
3123,348020.0,240.7,102297.5,245722.5,245722.5
3124,344600.0,449.75,191143.75,153456.25,153456.25
3125,307000.0,577.85,245586.25,61413.75,61413.75
3126,324820.0,736.45,312991.25,11828.75,11828.75
3127,365660.0,913.45,388216.25000000006,0.0,0.0
3128,369460.0,974.5,414162.5,0.0,0.0
3129,422480.0,934.65,397226.25,25253.75,25253.75
3130,422480.0,836.6,355555.0,66925.0,66925.0
3131,433100.0,677.3,287852.49999999994,145247.50000000006,145247.50000000006
3132,431635.0,478.25,203256.25,228378.75,228378.75
3133,387200.0,258.45,109841.25,277358.75,277358.75
3134,387200.0,66.95,28453.750000000004,358746.25,358746.25
3135,373770.0,0.0,0.0,373770.0,373770.0
3136,981790.0,0.0,0.0,981790.0,981790.0
3137,440560.0,0.0,0.0,440560.0,440560.0
3138,449080.0,0.0,0.0,449080.0,449080.0
3139,468700.0,0.0,0.0,468700.0,468700.0
3140,458580.0,0.0,0.0,458580.0,458580.0
3141,438180.0,0.0,0.0,438180.0,438180.0
3142,431780.0,0.0,0.0,431780.0,431780.0
3143,360260.0,0.0,0.0,360260.0,360260.0
3144,360260.0,0.0,0.0,360260.0,360260.0
3145,348020.0,0.0,0.0,348020.0,348020.0
3146,348020.0,67.05,28496.25,319523.75,319523.75
3147,348020.0,265.1,112667.5,235352.5,235352.5
3148,344600.0,483.55,205508.75000000003,139091.24999999997,139091.24999999997
3149,307000.0,690.3,293377.49999999994,13622.500000000058,13622.500000000058
3150,324820.0,820.25,348606.25,0.0,0.0
3151,365660.0,934.05,396971.24999999994,0.0,0.0
3152,369460.0,971.7,412972.5,0.0,0.0
3153,422480.0,917.9,390107.49999999994,32372.50000000006,32372.50000000006
3154,422480.0,836.95,355703.75000000006,66776.24999999994,66776.24999999994
3155,433100.0,672.5,285812.5,147287.5,147287.5
3156,431635.0,475.05,201896.25,229738.75,229738.75
3157,387200.0,259.45,110266.25,276933.75,276933.75
3158,387200.0,68.2,28985.0,358215.0,358215.0
3159,373770.0,0.0,0.0,373770.0,373770.0
3160,981790.0,0.0,0.0,981790.0,981790.0
3161,440560.0,0.0,0.0,440560.0,440560.0
3162,449080.0,0.0,0.0,449080.0,449080.0
3163,468700.0,0.0,0.0,468700.0,468700.0
3164,458580.0,0.0,0.0,458580.0,458580.0
3165,438180.0,0.0,0.0,438180.0,438180.0
3166,431780.0,0.0,0.0,431780.0,431780.0
3167,360260.0,0.0,0.0,360260.0,360260.0
3168,360260.0,0.0,0.0,360260.0,360260.0
3169,348020.0,0.0,0.0,348020.0,348020.0
3170,348020.0,64.8,27540.0,320480.0,320480.0
3171,348020.0,227.45,96666.25,251353.75,251353.75
3172,344600.0,422.95,179753.75,164846.25,164846.25
3173,307000.0,645.65,274401.25,32598.75,32598.75
3174,324820.0,770.2,327335.0,0.0,0.0
3175,365660.0,913.75,388343.75,0.0,0.0
3176,369460.0,962.95,409253.75000000006,0.0,0.0
3177,422480.0,931.1,395717.5,26762.5,26762.5
3178,422480.0,832.2,353685.0,68795.0,68795.0
3179,433100.0,675.3,287002.49999999994,146097.50000000006,146097.50000000006
3180,431635.0,475.75,202193.75,229441.25,229441.25
3181,387200.0,258.2,109734.99999999999,277465.0,277465.0
3182,387200.0,67.9,28857.5,358342.5,358342.5
3183,373770.0,0.0,0.0,373770.0,373770.0
3184,981790.0,0.0,0.0,981790.0,981790.0
3185,440560.0,0.0,0.0,440560.0,440560.0
3186,449080.0,0.0,0.0,449080.0,449080.0
3187,468700.0,0.0,0.0,468700.0,468700.0
3188,458580.0,0.0,0.0,458580.0,458580.0
3189,438180.0,0.0,0.0,438180.0,438180.0
3190,431780.0,0.0,0.0,431780.0,431780.0
3191,360260.0,0.0,0.0,360260.0,360260.0
3192,360260.0,0.0,0.0,360260.0,360260.0
3193,348020.0,0.0,0.0,348020.0,348020.0
3194,348020.0,68.75,29218.75,318801.25,318801.25
3195,348020.0,232.55,98833.75,249186.25,249186.25
3196,344600.0,430.8,183090.0,161510.0,161510.0
3197,307000.0,662.95,281753.75,25246.25,25246.25
3198,324820.0,775.7,329672.5,0.0,0.0
3199,365660.0,891.4,378845.0,0.0,0.0
3200,369460.0,956.95,406703.75000000006,0.0,0.0
3201,422480.0,936.8,398140.0,24340.0,24340.0
3202,422480.0,833.5,354237.5,68242.5,68242.5
3203,433100.0,665.2,282710.0,150390.0,150390.0
3204,431635.0,477.05,202746.25000000003,228888.74999999997,228888.74999999997
3205,387200.0,258.95,110053.75,277146.25,277146.25
3206,387200.0,69.9,29707.5,357492.5,357492.5
3207,373770.0,0.0,0.0,373770.0,373770.0
3208,981790.0,0.0,0.0,981790.0,981790.0
3209,440560.0,0.0,0.0,440560.0,440560.0
3210,449080.0,0.0,0.0,449080.0,449080.0
3211,468700.0,0.0,0.0,468700.0,468700.0
3212,458580.0,0.0,0.0,458580.0,458580.0
3213,438180.0,0.0,0.0,438180.0,438180.0
3214,431780.0,0.0,0.0,431780.0,431780.0
3215,360260.0,0.0,0.0,360260.0,360260.0
3216,360260.0,0.0,0.0,360260.0,360260.0
3217,348020.0,0.0,0.0,348020.0,348020.0
3218,348020.0,65.95,28028.750000000004,319991.25,319991.25
3219,348020.0,241.45,102616.25,245403.75,245403.75
3220,344600.0,434.4,184619.99999999997,159980.00000000003,159980.00000000003
3221,307000.0,614.3,261077.5,45922.5,45922.5
3222,324820.0,789.95,335728.75,0.0,0.0
3223,365660.0,909.1,386367.5,0.0,0.0
3224,369460.0,933.0,396525.0,0.0,0.0
3225,422480.0,928.6,394655.0,27825.0,27825.0
3226,422480.0,827.7,351772.5,70707.5,70707.5
3227,433100.0,675.2,286960.0,146140.0,146140.0
3228,431635.0,480.45,204191.25,227443.75,227443.75
3229,387200.0,263.55,112008.75,275191.25,275191.25
3230,387200.0,72.2,30685.0,356515.0,356515.0
3231,373770.0,0.0,0.0,373770.0,373770.0
3232,981790.0,0.0,0.0,981790.0,981790.0
3233,440560.0,0.0,0.0,440560.0,440560.0
3234,449080.0,0.0,0.0,449080.0,449080.0
3235,468700.0,0.0,0.0,468700.0,468700.0
3236,458580.0,0.0,0.0,458580.0,458580.0
3237,438180.0,0.0,0.0,438180.0,438180.0
3238,431780.0,0.0,0.0,431780.0,431780.0
3239,360260.0,0.0,0.0,360260.0,360260.0
3240,360260.0,0.0,0.0,360260.0,360260.0
3241,428760.0,0.0,0.0,428760.0,428760.0
3242,384360.0,70.05,29771.25,354588.75,354588.75
3243,384360.0,268.0,113900.0,270460.0,270460.0
3244,368820.0,496.95,211203.75,157616.25,157616.25
3245,368220.0,690.1,293292.5,74927.5,74927.5
3246,386040.0,862.2,366435.00000000006,19604.99999999994,19604.99999999994
3247,342340.0,958.45,407341.25,0.0,0.0
3248,348840.0,992.15,421663.75,0.0,0.0
3249,432940.0,964.5,409912.5,23027.5,23027.5
3250,443560.0,775.45,329566.25000000006,113993.74999999994,113993.74999999994
3251,485560.0,574.65,244226.25,241333.75,241333.75
3252,485560.0,458.35,194798.75000000003,290761.25,290761.25
3253,446080.0,269.9,114707.5,331372.5,331372.5
3254,1181760.0,75.15,31938.750000000004,1149821.25,1000000.0
3255,592580.0,0.0,0.0,592580.0,592580.0
3256,483200.0,0.0,0.0,483200.0,483200.0
3257,483500.0,0.0,0.0,483500.0,483500.0
3258,484500.0,0.0,0.0,484500.0,484500.0
3259,485400.0,0.0,0.0,485400.0,485400.0
3260,478100.0,0.0,0.0,478100.0,478100.0
3261,478700.0,0.0,0.0,478700.0,478700.0
3262,451480.0,0.0,0.0,451480.0,451480.0
3263,451480.0,0.0,0.0,451480.0,451480.0
3264,451480.0,0.0,0.0,451480.0,451480.0
3265,428760.0,0.0,0.0,428760.0,428760.0
3266,384360.0,79.9,33957.5,350402.5,350402.5
3267,384360.0,281.25,119531.25,264828.75,264828.75
3268,368820.0,500.3,212627.49999999997,156192.50000000003,156192.50000000003
3269,368220.0,697.95,296628.75000000006,71591.24999999994,71591.24999999994
3270,386040.0,842.3,357977.49999999994,28062.50000000006,28062.50000000006
3271,342340.0,948.75,403218.75,0.0,0.0
3272,348840.0,986.2,419135.00000000006,0.0,0.0
3273,432940.0,941.55,400158.75,32781.25,32781.25
3274,443560.0,844.95,359103.75000000006,84456.24999999994,84456.24999999994
3275,485560.0,686.7,291847.50000000006,193712.49999999994,193712.49999999994
3276,485560.0,476.1,202342.5,283217.5,283217.5
3277,446080.0,268.5,114112.5,331967.5,331967.5
3278,1181760.0,74.0,31450.0,1150310.0,1000000.0
3279,592580.0,0.0,0.0,592580.0,592580.0
3280,483200.0,0.0,0.0,483200.0,483200.0
3281,483500.0,0.0,0.0,483500.0,483500.0
3282,484500.0,0.0,0.0,484500.0,484500.0
3283,485400.0,0.0,0.0,485400.0,485400.0
3284,478100.0,0.0,0.0,478100.0,478100.0
3285,478700.0,0.0,0.0,478700.0,478700.0
3286,451480.0,0.0,0.0,451480.0,451480.0
3287,451480.0,0.0,0.0,451480.0,451480.0
3288,451480.0,0.0,0.0,451480.0,451480.0
3289,348020.0,0.0,0.0,348020.0,348020.0
3290,348020.0,75.5,32087.5,315932.5,315932.5
3291,348020.0,260.8,110840.00000000001,237180.0,237180.0
3292,344600.0,423.35,179923.75,164676.25,164676.25
3293,307000.0,622.1,264392.5,42607.5,42607.5
3294,324820.0,798.35,339298.75,0.0,0.0
3295,365660.0,923.1,392317.5,0.0,0.0
3296,369460.0,968.15,411463.75,0.0,0.0
3297,422480.0,944.9,401582.5,20897.5,20897.5
3298,422480.0,844.8,359040.0,63440.0,63440.0
3299,433100.0,667.4,283645.0,149455.0,149455.0
3300,431635.0,435.4,185044.99999999997,246590.00000000003,246590.00000000003
3301,387200.0,253.7,107822.49999999999,279377.5,279377.5
3302,387200.0,75.0,31875.0,355325.0,355325.0
3303,373770.0,0.0,0.0,373770.0,373770.0
3304,981790.0,0.0,0.0,981790.0,981790.0
3305,440560.0,0.0,0.0,440560.0,440560.0
3306,449080.0,0.0,0.0,449080.0,449080.0
3307,468700.0,0.0,0.0,468700.0,468700.0
3308,458580.0,0.0,0.0,458580.0,458580.0
3309,438180.0,0.0,0.0,438180.0,438180.0
3310,431780.0,0.0,0.0,431780.0,431780.0
3311,360260.0,0.0,0.0,360260.0,360260.0
3312,360260.0,0.0,0.0,360260.0,360260.0
3313,348020.0,0.0,0.0,348020.0,348020.0
3314,348020.0,81.7,34722.50000000001,313297.5,313297.5
3315,348020.0,260.0,110500.0,237520.0,237520.0
3316,344600.0,441.55,187658.75,156941.25,156941.25
3317,307000.0,699.6,297330.0,9670.0,9670.0
3318,324820.0,859.65,365351.25,0.0,0.0
3319,365660.0,964.1,409742.50000000006,0.0,0.0
3320,369460.0,1000.1,425042.5,0.0,0.0
3321,422480.0,965.25,410231.25,12248.75,12248.75
3322,422480.0,863.55,367008.74999999994,55471.25000000006,55471.25000000006
3323,433100.0,704.5,299412.5,133687.5,133687.5
3324,431635.0,502.2,213435.0,218200.0,218200.0
3325,387200.0,279.2,118660.0,268540.0,268540.0
3326,387200.0,79.7,33872.5,353327.5,353327.5
3327,373770.0,0.0,0.0,373770.0,373770.0
3328,981790.0,0.0,0.0,981790.0,981790.0
3329,440560.0,0.0,0.0,440560.0,440560.0
3330,449080.0,0.0,0.0,449080.0,449080.0
3331,468700.0,0.0,0.0,468700.0,468700.0
3332,458580.0,0.0,0.0,458580.0,458580.0
3333,438180.0,0.0,0.0,438180.0,438180.0
3334,431780.0,0.0,0.0,431780.0,431780.0
3335,360260.0,0.0,0.0,360260.0,360260.0
3336,360260.0,0.0,0.0,360260.0,360260.0
3337,348020.0,0.0,0.0,348020.0,348020.0
3338,348020.0,75.7,32172.5,315847.5,315847.5
3339,348020.0,245.45,104316.25,243703.75,243703.75
3340,344600.0,475.5,202087.5,142512.5,142512.5
3341,307000.0,708.45,301091.25,5908.75,5908.75
3342,324820.0,866.6,368305.0,0.0,0.0
3343,365660.0,965.25,410231.25,0.0,0.0
3344,369460.0,997.55,423958.74999999994,0.0,0.0
3345,422480.0,961.1,408467.50000000006,14012.499999999942,14012.499999999942
3346,422480.0,859.95,365478.75,57001.25,57001.25
3347,433100.0,699.75,297393.75,135706.25,135706.25
3348,431635.0,497.4,211394.99999999997,220240.00000000003,220240.00000000003
3349,387200.0,275.9,117257.5,269942.5,269942.5
3350,387200.0,79.05,33596.25,353603.75,353603.75
3351,373770.0,0.0,0.0,373770.0,373770.0
3352,981790.0,0.0,0.0,981790.0,981790.0
3353,440560.0,0.0,0.0,440560.0,440560.0
3354,449080.0,0.0,0.0,449080.0,449080.0
3355,468700.0,0.0,0.0,468700.0,468700.0
3356,458580.0,0.0,0.0,458580.0,458580.0
3357,438180.0,0.0,0.0,438180.0,438180.0
3358,431780.0,0.0,0.0,431780.0,431780.0
3359,360260.0,0.0,0.0,360260.0,360260.0
3360,360260.0,0.0,0.0,360260.0,360260.0
3361,348020.0,0.0,0.0,348020.0,348020.0
3362,348020.0,84.55,35933.75,312086.25,312086.25
3363,348020.0,280.1,119042.5,228977.5,228977.5
3364,344600.0,492.55,209333.75,135266.25,135266.25
3365,307000.0,696.95,296203.75000000006,10796.249999999942,10796.249999999942
3366,324820.0,852.4,362269.99999999994,0.0,0.0
3367,365660.0,949.4,403495.0,0.0,0.0
3368,369460.0,982.05,417371.25,0.0,0.0
3369,422480.0,946.65,402326.25,20153.75,20153.75
3370,422480.0,846.6,359805.0,62675.0,62675.0
3371,433100.0,690.25,293356.25,139743.75,139743.75
3372,431635.0,488.5,207612.5,224022.5,224022.5
3373,387200.0,271.0,115175.0,272025.0,272025.0
3374,387200.0,77.6,32979.99999999999,354220.0,354220.0
3375,373770.0,0.0,0.0,373770.0,373770.0
3376,981790.0,0.0,0.0,981790.0,981790.0
3377,440560.0,0.0,0.0,440560.0,440560.0
3378,449080.0,0.0,0.0,449080.0,449080.0
3379,468700.0,0.0,0.0,468700.0,468700.0
3380,458580.0,0.0,0.0,458580.0,458580.0
3381,438180.0,0.0,0.0,438180.0,438180.0
3382,431780.0,0.0,0.0,431780.0,431780.0
3383,360260.0,0.0,0.0,360260.0,360260.0
3384,360260.0,0.0,0.0,360260.0,360260.0
3385,348020.0,0.0,0.0,348020.0,348020.0
3386,348020.0,82.6,35105.0,312915.0,312915.0
3387,348020.0,273.15,116088.75,231931.25,231931.25
3388,344600.0,488.0,207400.0,137200.0,137200.0
3389,307000.0,685.0,291125.0,15875.0,15875.0
3390,324820.0,839.8,356915.0,0.0,0.0
3391,365660.0,932.35,396248.75,0.0,0.0
3392,369460.0,965.45,410316.25,0.0,0.0
3393,422480.0,932.8,396440.0,26040.0,26040.0
3394,422480.0,836.05,355321.25,67158.75,67158.75
3395,433100.0,683.0,290275.0,142825.0,142825.0
3396,431635.0,485.9,206507.5,225127.5,225127.5
3397,387200.0,268.8,114240.00000000001,272960.0,272960.0
3398,387200.0,75.4,32045.000000000004,355155.0,355155.0
3399,373770.0,0.0,0.0,373770.0,373770.0
3400,981790.0,0.0,0.0,981790.0,981790.0
3401,440560.0,0.0,0.0,440560.0,440560.0
3402,449080.0,0.0,0.0,449080.0,449080.0
3403,468700.0,0.0,0.0,468700.0,468700.0
3404,458580.0,0.0,0.0,458580.0,458580.0
3405,438180.0,0.0,0.0,438180.0,438180.0
3406,431780.0,0.0,0.0,431780.0,431780.0
3407,360260.0,0.0,0.0,360260.0,360260.0
3408,360260.0,0.0,0.0,360260.0,360260.0
3409,428760.0,0.0,0.0,428760.0,428760.0
3410,384360.0,82.45,35041.25000000001,349318.75,349318.75
3411,384360.0,274.7,116747.5,267612.5,267612.5
3412,368820.0,490.25,208356.25,160463.75,160463.75
3413,368220.0,685.95,291528.75000000006,76691.24999999994,76691.24999999994
3414,386040.0,841.45,357616.25,28423.75,28423.75
3415,342340.0,940.8,399840.0,0.0,0.0
3416,348840.0,974.5,414162.5,0.0,0.0
3417,432940.0,940.8,399840.0,33100.0,33100.0
3418,443560.0,842.8,358190.0,85370.0,85370.0
3419,485560.0,689.35,292973.75,192586.25,192586.25
3420,485560.0,489.55,208058.75,277501.25,277501.25
3421,446080.0,270.55,114983.75,331096.25,331096.25
3422,1181760.0,78.85,33511.24999999999,1148248.75,1000000.0
3423,592580.0,0.0,0.0,592580.0,592580.0
3424,483200.0,0.0,0.0,483200.0,483200.0
3425,483500.0,0.0,0.0,483500.0,483500.0
3426,484500.0,0.0,0.0,484500.0,484500.0
3427,485400.0,0.0,0.0,485400.0,485400.0
3428,478100.0,0.0,0.0,478100.0,478100.0
3429,478700.0,0.0,0.0,478700.0,478700.0
3430,451480.0,0.0,0.0,451480.0,451480.0
3431,451480.0,0.0,0.0,451480.0,451480.0
3432,451480.0,0.0,0.0,451480.0,451480.0
3433,428760.0,0.0,0.0,428760.0,428760.0
3434,384360.0,75.2,31960.0,352400.0,352400.0
3435,384360.0,246.85,104911.25,279448.75,279448.75
3436,368820.0,484.35,205848.75,162971.25,162971.25
3437,368220.0,666.9,283432.49999999994,84787.50000000006,84787.50000000006
3438,386040.0,846.35,359698.75,26341.25,26341.25
3439,342340.0,909.2,386410.0,0.0,0.0
3440,348840.0,974.35,414098.75,0.0,0.0
3441,432940.0,937.7,398522.50000000006,34417.49999999994,34417.49999999994
3442,443560.0,841.15,357488.75,86071.25,86071.25
3443,485560.0,684.9,291082.5,194477.5,194477.5
3444,485560.0,488.05,207421.25,278138.75,278138.75
3445,446080.0,270.6,115005.0,331075.0,331075.0
3446,1181760.0,79.75,33893.75,1147866.25,1000000.0
3447,592580.0,0.0,0.0,592580.0,592580.0
3448,483200.0,0.0,0.0,483200.0,483200.0
3449,483500.0,0.0,0.0,483500.0,483500.0
3450,484500.0,0.0,0.0,484500.0,484500.0
3451,485400.0,0.0,0.0,485400.0,485400.0
3452,478100.0,0.0,0.0,478100.0,478100.0
3453,478700.0,0.0,0.0,478700.0,478700.0
3454,451480.0,0.0,0.0,451480.0,451480.0
3455,451480.0,0.0,0.0,451480.0,451480.0
3456,451480.0,0.0,0.0,451480.0,451480.0
3457,348020.0,0.0,0.0,348020.0,348020.0
3458,348020.0,81.5,34637.5,313382.5,313382.5
3459,348020.0,265.3,112752.50000000001,235267.5,235267.5
3460,344600.0,481.85,204786.25,139813.75,139813.75
3461,307000.0,659.4,280245.0,26755.0,26755.0
3462,324820.0,829.6,352580.0,0.0,0.0
3463,365660.0,921.35,391573.75,0.0,0.0
3464,369460.0,957.55,406958.74999999994,0.0,0.0
3465,422480.0,933.45,396716.25,25763.75,25763.75
3466,422480.0,833.7,354322.5,68157.5,68157.5
3467,433100.0,677.7,288022.50000000006,145077.49999999994,145077.49999999994
3468,431635.0,481.25,204531.25,227103.75,227103.75
3469,387200.0,267.7,113772.5,273427.5,273427.5
3470,387200.0,79.45,33766.25,353433.75,353433.75
3471,373770.0,0.0,0.0,373770.0,373770.0
3472,981790.0,0.0,0.0,981790.0,981790.0
3473,440560.0,0.0,0.0,440560.0,440560.0
3474,449080.0,0.0,0.0,449080.0,449080.0
3475,468700.0,0.0,0.0,468700.0,468700.0
3476,458580.0,0.0,0.0,458580.0,458580.0
3477,438180.0,0.0,0.0,438180.0,438180.0
3478,431780.0,0.0,0.0,431780.0,431780.0
3479,360260.0,0.0,0.0,360260.0,360260.0
3480,360260.0,0.0,0.0,360260.0,360260.0
3481,348020.0,0.0,0.0,348020.0,348020.0
3482,348020.0,77.55,32958.75,315061.25,315061.25
3483,348020.0,269.9,114707.5,233312.5,233312.5
3484,344600.0,484.7,205997.49999999997,138602.50000000003,138602.50000000003
3485,307000.0,674.05,286471.24999999994,20528.75000000006,20528.75000000006
3486,324820.0,833.9,354407.5,0.0,0.0
3487,365660.0,908.3,386027.5,0.0,0.0
3488,369460.0,964.8,410040.0,0.0,0.0
3489,422480.0,932.15,396163.74999999994,26316.25000000006,26316.25000000006
3490,422480.0,834.65,354726.25,67753.75,67753.75
3491,433100.0,681.0,289425.0,143675.0,143675.0
3492,431635.0,485.7,206422.49999999997,225212.50000000003,225212.50000000003
3493,387200.0,272.3,115727.5,271472.5,271472.5
3494,387200.0,81.6,34679.99999999999,352520.0,352520.0
3495,373770.0,0.0,0.0,373770.0,373770.0
3496,981790.0,0.0,0.0,981790.0,981790.0
3497,440560.0,0.0,0.0,440560.0,440560.0
3498,449080.0,0.0,0.0,449080.0,449080.0
3499,468700.0,0.0,0.0,468700.0,468700.0
3500,458580.0,0.0,0.0,458580.0,458580.0
3501,438180.0,0.0,0.0,438180.0,438180.0
3502,431780.0,0.0,0.0,431780.0,431780.0
3503,360260.0,0.0,0.0,360260.0,360260.0
3504,360260.0,0.0,0.0,360260.0,360260.0
3505,348020.0,0.0,0.0,348020.0,348020.0
3506,348020.0,84.45,35891.25,312128.75,312128.75
3507,348020.0,273.85,116386.25000000001,231633.75,231633.75
3508,344600.0,488.0,207400.0,137200.0,137200.0
3509,307000.0,683.0,290275.0,16725.0,16725.0
3510,324820.0,836.95,355703.75000000006,0.0,0.0
3511,365660.0,932.8,396440.0,0.0,0.0
3512,369460.0,966.75,410868.75,0.0,0.0
3513,422480.0,934.05,396971.24999999994,25508.75000000006,25508.75000000006
3514,422480.0,835.9,355257.5,67222.5,67222.5
3515,433100.0,680.9,289382.5,143717.5,143717.5
3516,431635.0,484.6,205955.00000000003,225679.99999999997,225679.99999999997
3517,387200.0,271.1,115217.5,271982.5,271982.5
3518,387200.0,81.6,34679.99999999999,352520.0,352520.0
3519,373770.0,0.0,0.0,373770.0,373770.0
3520,981790.0,0.0,0.0,981790.0,981790.0
3521,440560.0,0.0,0.0,440560.0,440560.0
3522,449080.0,0.0,0.0,449080.0,449080.0
3523,468700.0,0.0,0.0,468700.0,468700.0
3524,458580.0,0.0,0.0,458580.0,458580.0
3525,438180.0,0.0,0.0,438180.0,438180.0
3526,431780.0,0.0,0.0,431780.0,431780.0
3527,360260.0,0.0,0.0,360260.0,360260.0
3528,360260.0,0.0,0.0,360260.0,360260.0
3529,413940.0,0.0,0.0,413940.0,413940.0
3530,413940.0,85.05,36146.25,377793.75,377793.75
3531,336620.0,274.7,116747.5,219872.5,219872.5
3532,333020.0,486.45,206741.25,126278.75,126278.75
3533,330020.0,680.6,289255.0,40765.0,40765.0
3534,1081780.0,833.85,354386.25,727393.75,727393.75
3535,409140.0,929.25,394931.25,14208.75,14208.75
3536,410340.0,964.6,409955.0,385.0,385.0
3537,410340.0,932.3,396227.49999999994,14112.500000000058,14112.500000000058
3538,410340.0,833.9,354407.5,55932.5,55932.5
3539,473460.0,679.25,288681.25,184778.75,184778.75
3540,420960.0,484.45,205891.25,215068.75,215068.75
3541,420960.0,271.7,115472.5,305487.5,305487.5
3542,420960.0,82.3,34977.5,385982.5,385982.5
3543,434280.0,0.0,0.0,434280.0,434280.0
3544,436980.0,0.0,0.0,436980.0,436980.0
3545,437280.0,0.0,0.0,437280.0,437280.0
3546,1161100.0,0.0,0.0,1161100.0,1000000.0
3547,449700.0,0.0,0.0,449700.0,449700.0
3548,439380.0,0.0,0.0,439380.0,439380.0
3549,439980.0,0.0,0.0,439980.0,439980.0
3550,439580.0,0.0,0.0,439580.0,439580.0
3551,428960.0,0.0,0.0,428960.0,428960.0
3552,428960.0,0.0,0.0,428960.0,428960.0
3553,413940.0,0.0,0.0,413940.0,413940.0
3554,413940.0,77.6,32979.99999999999,380960.0,380960.0
3555,336620.0,228.35,97048.75,239571.25,239571.25
3556,333020.0,449.6,191080.0,141940.0,141940.0
3557,330020.0,631.75,268493.75,61526.25,61526.25
3558,1081780.0,820.25,348606.25,733173.75,733173.75
3559,409140.0,933.0,396525.0,12615.0,12615.0
3560,410340.0,965.85,410486.25,0.0,0.0
3561,410340.0,929.75,395143.75,15196.25,15196.25
3562,410340.0,834.75,354768.75,55571.25,55571.25
3563,473460.0,682.2,289935.0,183525.0,183525.0
3564,420960.0,486.6,206805.00000000003,214154.99999999997,214154.99999999997
3565,420960.0,269.45,114516.24999999997,306443.75,306443.75
3566,420960.0,81.4,34595.0,386365.0,386365.0
3567,434280.0,0.0,0.0,434280.0,434280.0
3568,436980.0,0.0,0.0,436980.0,436980.0
3569,437280.0,0.0,0.0,437280.0,437280.0
3570,1161100.0,0.0,0.0,1161100.0,1000000.0
3571,449700.0,0.0,0.0,449700.0,449700.0
3572,439380.0,0.0,0.0,439380.0,439380.0
3573,439980.0,0.0,0.0,439980.0,439980.0
3574,439580.0,0.0,0.0,439580.0,439580.0
3575,428960.0,0.0,0.0,428960.0,428960.0
3576,428960.0,0.0,0.0,428960.0,428960.0
3577,428760.0,0.0,0.0,428760.0,428760.0
3578,384360.0,64.25,27306.25,357053.75,357053.75
3579,384360.0,232.15,98663.75,285696.25,285696.25
3580,368820.0,413.55,175758.75,193061.25,193061.25
3581,368220.0,636.05,270321.25,97898.75,97898.75
3582,386040.0,748.6,318155.0,67885.0,67885.0
3583,342340.0,855.15,363438.75,0.0,0.0
3584,348840.0,869.8,369664.99999999994,0.0,0.0
3585,432940.0,859.4,365244.99999999994,67695.00000000006,67695.00000000006
3586,443560.0,787.65,334751.25,108808.75,108808.75
3587,485560.0,641.3,272552.5,213007.5,213007.5
3588,485560.0,452.95,192503.74999999997,293056.25,293056.25
3589,446080.0,231.4,98345.0,347735.0,347735.0
3590,1181760.0,70.4,29920.0,1151840.0,1000000.0
3591,592580.0,0.0,0.0,592580.0,592580.0
3592,483200.0,0.0,0.0,483200.0,483200.0
3593,483500.0,0.0,0.0,483500.0,483500.0
3594,484500.0,0.0,0.0,484500.0,484500.0
3595,485400.0,0.0,0.0,485400.0,485400.0
3596,478100.0,0.0,0.0,478100.0,478100.0
3597,478700.0,0.0,0.0,478700.0,478700.0
3598,451480.0,0.0,0.0,451480.0,451480.0
3599,451480.0,0.0,0.0,451480.0,451480.0
3600,451480.0,0.0,0.0,451480.0,451480.0
3601,428760.0,0.0,0.0,428760.0,428760.0
3602,384360.0,61.75,26243.75,358116.25,358116.25
3603,384360.0,207.15,88038.75,296321.25,296321.25
3604,368820.0,414.3,176077.5,192742.5,192742.5
3605,368220.0,529.1,224867.5,143352.5,143352.5
3606,386040.0,626.0,266050.0,119990.0,119990.0
3607,342340.0,766.2,325635.0,16705.0,16705.0
3608,348840.0,824.7,350497.50000000006,0.0,0.0
3609,432940.0,769.45,327016.25000000006,105923.74999999994,105923.74999999994
3610,443560.0,703.4,298945.0,144615.0,144615.0
3611,485560.0,553.4,235195.0,250365.0,250365.0
3612,485560.0,435.85,185236.25,300323.75,300323.75
3613,446080.0,231.05,98196.25,347883.75,347883.75
3614,1181760.0,72.55,30833.75,1150926.25,1000000.0
3615,592580.0,0.0,0.0,592580.0,592580.0
3616,483200.0,0.0,0.0,483200.0,483200.0
3617,483500.0,0.0,0.0,483500.0,483500.0
3618,484500.0,0.0,0.0,484500.0,484500.0
3619,485400.0,0.0,0.0,485400.0,485400.0
3620,478100.0,0.0,0.0,478100.0,478100.0
3621,478700.0,0.0,0.0,478700.0,478700.0
3622,451480.0,0.0,0.0,451480.0,451480.0
3623,451480.0,0.0,0.0,451480.0,451480.0
3624,451480.0,0.0,0.0,451480.0,451480.0
3625,348020.0,0.0,0.0,348020.0,348020.0
3626,348020.0,57.85,24586.25,323433.75,323433.75
3627,348020.0,206.3,87677.5,260342.5,260342.5
3628,344600.0,397.15,168788.75,175811.25,175811.25
3629,307000.0,551.25,234281.25,72718.75,72718.75
3630,324820.0,653.9,277907.49999999994,46912.50000000006,46912.50000000006
3631,365660.0,838.9,356532.5,9127.5,9127.5
3632,369460.0,771.8,328014.99999999994,41445.00000000006,41445.00000000006
3633,422480.0,846.15,359613.75,62866.25,62866.25
3634,422480.0,703.85,299136.25,123343.75,123343.75
3635,433100.0,598.65,254426.25,178673.75,178673.75
3636,431635.0,442.9,188232.49999999997,243402.50000000003,243402.50000000003
3637,387200.0,245.6,104379.99999999999,282820.0,282820.0
3638,387200.0,72.45,30791.25,356408.75,356408.75
3639,373770.0,0.0,0.0,373770.0,373770.0
3640,981790.0,0.0,0.0,981790.0,981790.0
3641,440560.0,0.0,0.0,440560.0,440560.0
3642,449080.0,0.0,0.0,449080.0,449080.0
3643,468700.0,0.0,0.0,468700.0,468700.0
3644,458580.0,0.0,0.0,458580.0,458580.0
3645,438180.0,0.0,0.0,438180.0,438180.0
3646,431780.0,0.0,0.0,431780.0,431780.0
3647,360260.0,0.0,0.0,360260.0,360260.0
3648,360260.0,0.0,0.0,360260.0,360260.0
3649,348020.0,0.0,0.0,348020.0,348020.0
3650,348020.0,47.8,20314.999999999996,327705.0,327705.0
3651,348020.0,195.2,82959.99999999999,265060.0,265060.0
3652,344600.0,376.05,159821.25,184778.75,184778.75
3653,307000.0,496.7,211097.5,95902.5,95902.5
3654,324820.0,702.1,298392.5,26427.5,26427.5
3655,365660.0,719.1,305617.50000000006,60042.49999999994,60042.49999999994
3656,369460.0,906.35,385198.75,0.0,0.0
3657,422480.0,818.8,347990.0,74490.0,74490.0
3658,422480.0,789.55,335558.75,86921.25,86921.25
3659,433100.0,643.7,273572.5,159527.5,159527.5
3660,431635.0,456.65,194076.25,237558.75,237558.75
3661,387200.0,262.85,111711.25,275488.75,275488.75
3662,387200.0,81.4,34595.0,352605.0,352605.0
3663,373770.0,0.0,0.0,373770.0,373770.0
3664,981790.0,0.0,0.0,981790.0,981790.0
3665,440560.0,0.0,0.0,440560.0,440560.0
3666,449080.0,0.0,0.0,449080.0,449080.0
3667,468700.0,0.0,0.0,468700.0,468700.0
3668,458580.0,0.0,0.0,458580.0,458580.0
3669,438180.0,0.0,0.0,438180.0,438180.0
3670,431780.0,0.0,0.0,431780.0,431780.0
3671,360260.0,0.0,0.0,360260.0,360260.0
3672,360260.0,0.0,0.0,360260.0,360260.0
3673,348020.0,0.0,0.0,348020.0,348020.0
3674,348020.0,55.7,23672.5,324347.5,324347.5
3675,348020.0,198.5,84362.5,263657.5,263657.5
3676,344600.0,371.3,157802.5,186797.5,186797.5
3677,307000.0,590.6,251005.0,55995.0,55995.0
3678,324820.0,787.65,334751.25,0.0,0.0
3679,365660.0,884.95,376103.75,0.0,0.0
3680,369460.0,926.0,393550.0,0.0,0.0
3681,422480.0,913.65,388301.25,34178.75,34178.75
3682,422480.0,818.35,347798.75,74681.25,74681.25
3683,433100.0,659.7,280372.50000000006,152727.49999999994,152727.49999999994
3684,431635.0,477.4,202895.0,228740.0,228740.0
3685,387200.0,266.3,113177.50000000001,274022.5,274022.5
3686,387200.0,82.65,35126.25,352073.75,352073.75
3687,373770.0,0.0,0.0,373770.0,373770.0
3688,981790.0,0.0,0.0,981790.0,981790.0
3689,440560.0,0.0,0.0,440560.0,440560.0
3690,449080.0,0.0,0.0,449080.0,449080.0
3691,468700.0,0.0,0.0,468700.0,468700.0
3692,458580.0,0.0,0.0,458580.0,458580.0
3693,438180.0,0.0,0.0,438180.0,438180.0
3694,431780.0,0.0,0.0,431780.0,431780.0
3695,360260.0,0.0,0.0,360260.0,360260.0
3696,360260.0,0.0,0.0,360260.0,360260.0
3697,348020.0,0.0,0.0,348020.0,348020.0
3698,348020.0,72.05,30621.25,317398.75,317398.75
3699,348020.0,223.25,94881.25,253138.75,253138.75
3700,344600.0,418.4,177820.0,166780.0,166780.0
3701,307000.0,607.9,258357.5,48642.5,48642.5
3702,324820.0,783.05,332796.24999999994,0.0,0.0
3703,365660.0,893.5,379737.5,0.0,0.0
3704,369460.0,941.05,399946.25,0.0,0.0
3705,422480.0,896.45,380991.25000000006,41488.74999999994,41488.74999999994
3706,422480.0,809.9,344207.5,78272.5,78272.5
3707,433100.0,662.9,281732.49999999994,151367.50000000006,151367.50000000006
3708,431635.0,456.4,193970.0,237665.0,237665.0
3709,387200.0,235.75,100193.75,287006.25,287006.25
3710,387200.0,77.5,32937.5,354262.5,354262.5
3711,373770.0,0.0,0.0,373770.0,373770.0
3712,981790.0,0.0,0.0,981790.0,981790.0
3713,440560.0,0.0,0.0,440560.0,440560.0
3714,449080.0,0.0,0.0,449080.0,449080.0
3715,468700.0,0.0,0.0,468700.0,468700.0
3716,458580.0,0.0,0.0,458580.0,458580.0
3717,438180.0,0.0,0.0,438180.0,438180.0
3718,431780.0,0.0,0.0,431780.0,431780.0
3719,360260.0,0.0,0.0,360260.0,360260.0
3720,360260.0,0.0,0.0,360260.0,360260.0
3721,348020.0,0.0,0.0,348020.0,348020.0
3722,348020.0,67.55,28708.75,319311.25,319311.25
3723,348020.0,246.25,104656.25,243363.75,243363.75
3724,344600.0,416.95,177203.75,167396.25,167396.25
3725,307000.0,638.8,271489.99999999994,35510.00000000006,35510.00000000006
3726,324820.0,770.65,327526.25,0.0,0.0
3727,365660.0,853.4,362694.99999999994,2965.000000000058,2965.000000000058
3728,369460.0,936.35,397948.75,0.0,0.0
3729,422480.0,905.4,384795.0,37685.0,37685.0
3730,422480.0,816.0,346800.0,75680.0,75680.0
3731,433100.0,662.55,281583.75,151516.25,151516.25
3732,431635.0,475.95,202278.75,229356.25,229356.25
3733,387200.0,263.0,111775.0,275425.0,275425.0
3734,387200.0,84.75,36018.75,351181.25,351181.25
3735,373770.0,0.0,0.0,373770.0,373770.0
3736,981790.0,0.0,0.0,981790.0,981790.0
3737,440560.0,0.0,0.0,440560.0,440560.0
3738,449080.0,0.0,0.0,449080.0,449080.0
3739,468700.0,0.0,0.0,468700.0,468700.0
3740,458580.0,0.0,0.0,458580.0,458580.0
3741,438180.0,0.0,0.0,438180.0,438180.0
3742,431780.0,0.0,0.0,431780.0,431780.0
3743,360260.0,0.0,0.0,360260.0,360260.0
3744,360260.0,0.0,0.0,360260.0,360260.0
3745,428760.0,0.0,0.0,428760.0,428760.0
3746,384360.0,59.8,25415.0,358945.0,358945.0
3747,384360.0,223.0,94775.0,289585.0,289585.0
3748,368820.0,399.35,169723.75000000003,199096.24999999997,199096.24999999997
3749,368220.0,583.65,248051.25,120168.75,120168.75
3750,386040.0,689.45,293016.25,93023.75,93023.75
3751,342340.0,794.2,337535.0,4805.0,4805.0
3752,348840.0,823.55,350008.75,0.0,0.0
3753,432940.0,852.45,362291.25,70648.75,70648.75
3754,443560.0,788.7,335197.50000000006,108362.49999999994,108362.49999999994
3755,485560.0,644.25,273806.25,211753.75,211753.75
3756,485560.0,467.75,198793.75,286766.25,286766.25
3757,446080.0,259.85,110436.25000000001,335643.75,335643.75
3758,1181760.0,81.35,34573.74999999999,1147186.25,1000000.0
3759,592580.0,0.0,0.0,592580.0,592580.0
3760,483200.0,0.0,0.0,483200.0,483200.0
3761,483500.0,0.0,0.0,483500.0,483500.0
3762,484500.0,0.0,0.0,484500.0,484500.0
3763,485400.0,0.0,0.0,485400.0,485400.0
3764,478100.0,0.0,0.0,478100.0,478100.0
3765,478700.0,0.0,0.0,478700.0,478700.0
3766,451480.0,0.0,0.0,451480.0,451480.0
3767,451480.0,0.0,0.0,451480.0,451480.0
3768,451480.0,0.0,0.0,451480.0,451480.0
3769,428760.0,0.0,0.0,428760.0,428760.0
3770,384360.0,73.75,31343.75,353016.25,353016.25
3771,384360.0,251.45,106866.25,277493.75,277493.75
3772,368820.0,428.8,182240.0,186580.0,186580.0
3773,368220.0,603.6,256530.0,111690.0,111690.0
3774,386040.0,786.7,334347.50000000006,51692.49999999994,51692.49999999994
3775,342340.0,855.6,363630.0,0.0,0.0
3776,348840.0,902.9,383732.49999999994,0.0,0.0
3777,432940.0,824.8,350540.0,82400.0,82400.0
3778,443560.0,795.75,338193.75,105366.25,105366.25
3779,485560.0,656.7,279097.50000000006,206462.49999999994,206462.49999999994
3780,485560.0,466.6,198305.0,287255.0,287255.0
3781,446080.0,264.5,112412.5,333667.5,333667.5
3782,1181760.0,84.85,36061.25,1145698.75,1000000.0
3783,592580.0,0.0,0.0,592580.0,592580.0
3784,483200.0,0.0,0.0,483200.0,483200.0
3785,483500.0,0.0,0.0,483500.0,483500.0
3786,484500.0,0.0,0.0,484500.0,484500.0
3787,485400.0,0.0,0.0,485400.0,485400.0
3788,478100.0,0.0,0.0,478100.0,478100.0
3789,478700.0,0.0,0.0,478700.0,478700.0
3790,451480.0,0.0,0.0,451480.0,451480.0
3791,451480.0,0.0,0.0,451480.0,451480.0
3792,451480.0,0.0,0.0,451480.0,451480.0
3793,348020.0,0.0,0.0,348020.0,348020.0
3794,348020.0,65.95,28028.750000000004,319991.25,319991.25
3795,348020.0,178.0,75650.0,272370.0,272370.0
3796,344600.0,379.85,161436.25,183163.75,183163.75
3797,307000.0,591.5,251387.5,55612.5,55612.5
3798,324820.0,697.5,296437.5,28382.5,28382.5
3799,365660.0,888.8,377739.99999999994,0.0,0.0
3800,369460.0,910.15,386813.75,0.0,0.0
3801,422480.0,896.3,380927.5,41552.5,41552.5
3802,422480.0,804.65,341976.25,80503.75,80503.75
3803,433100.0,656.75,279118.75,153981.25,153981.25
3804,431635.0,467.5,198687.5,232947.5,232947.5
3805,387200.0,264.3,112327.50000000001,274872.5,274872.5
3806,387200.0,83.6,35530.0,351670.0,351670.0
3807,373770.0,0.0,0.0,373770.0,373770.0
3808,981790.0,0.0,0.0,981790.0,981790.0
3809,440560.0,0.0,0.0,440560.0,440560.0
3810,449080.0,0.0,0.0,449080.0,449080.0
3811,468700.0,0.0,0.0,468700.0,468700.0
3812,458580.0,0.0,0.0,458580.0,458580.0
3813,438180.0,0.0,0.0,438180.0,438180.0
3814,431780.0,0.0,0.0,431780.0,431780.0
3815,360260.0,0.0,0.0,360260.0,360260.0
3816,360260.0,0.0,0.0,360260.0,360260.0
3817,348020.0,0.0,0.0,348020.0,348020.0
3818,348020.0,70.0,29750.0,318270.0,318270.0
3819,348020.0,206.25,87656.25,260363.75,260363.75
3820,344600.0,431.7,183472.5,161127.5,161127.5
3821,307000.0,559.0,237575.0,69425.0,69425.0
3822,324820.0,766.85,325911.25,0.0,0.0
3823,365660.0,856.25,363906.25,1753.75,1753.75
3824,369460.0,878.8,373489.99999999994,0.0,0.0
3825,422480.0,867.4,368645.0,53835.0,53835.0
3826,422480.0,792.7,336897.50000000006,85582.49999999994,85582.49999999994
3827,433100.0,650.35,276398.75,156701.25,156701.25
3828,431635.0,457.95,194628.74999999997,237006.25000000003,237006.25000000003
3829,387200.0,259.6,110330.0,276870.0,276870.0
3830,387200.0,84.25,35806.25,351393.75,351393.75
3831,373770.0,0.0,0.0,373770.0,373770.0
3832,981790.0,0.0,0.0,981790.0,981790.0
3833,440560.0,0.0,0.0,440560.0,440560.0
3834,449080.0,0.0,0.0,449080.0,449080.0
3835,468700.0,0.0,0.0,468700.0,468700.0
3836,458580.0,0.0,0.0,458580.0,458580.0
3837,438180.0,0.0,0.0,438180.0,438180.0
3838,431780.0,0.0,0.0,431780.0,431780.0
3839,360260.0,0.0,0.0,360260.0,360260.0
3840,360260.0,0.0,0.0,360260.0,360260.0
3841,348020.0,0.0,0.0,348020.0,348020.0
3842,348020.0,69.85,29686.25,318333.75,318333.75
3843,348020.0,229.55,97558.75,250461.25,250461.25
3844,344600.0,422.9,179732.5,164867.5,164867.5
3845,307000.0,552.65,234876.25,72123.75,72123.75
3846,324820.0,696.8,296140.0,28680.0,28680.0
3847,365660.0,780.85,331861.25,33798.75,33798.75
3848,369460.0,843.05,358296.25,11163.75,11163.75
3849,422480.0,762.35,323998.75,98481.25,98481.25
3850,422480.0,730.0,310250.0,112230.0,112230.0
3851,433100.0,618.75,262968.75,170131.25,170131.25
3852,431635.0,437.95,186128.75,245506.25,245506.25
3853,387200.0,237.05,100746.25,286453.75,286453.75
3854,387200.0,72.6,30855.0,356345.0,356345.0
3855,373770.0,0.0,0.0,373770.0,373770.0
3856,981790.0,0.0,0.0,981790.0,981790.0
3857,440560.0,0.0,0.0,440560.0,440560.0
3858,449080.0,0.0,0.0,449080.0,449080.0
3859,468700.0,0.0,0.0,468700.0,468700.0
3860,458580.0,0.0,0.0,458580.0,458580.0
3861,438180.0,0.0,0.0,438180.0,438180.0
3862,431780.0,0.0,0.0,431780.0,431780.0
3863,360260.0,0.0,0.0,360260.0,360260.0
3864,360260.0,0.0,0.0,360260.0,360260.0
3865,348020.0,0.0,0.0,348020.0,348020.0
3866,348020.0,63.0,26775.0,321245.0,321245.0
3867,348020.0,221.65,94201.25,253818.75,253818.75
3868,344600.0,329.7,140122.5,204477.5,204477.5
3869,307000.0,527.95,224378.75,82621.25,82621.25
3870,324820.0,528.9,224782.49999999994,100037.50000000006,100037.50000000006
3871,365660.0,728.6,309655.0,56005.0,56005.0
3872,369460.0,836.95,355703.75000000006,13756.249999999942,13756.249999999942
3873,422480.0,834.9,354832.5,67647.5,67647.5
3874,422480.0,757.5,321937.5,100542.5,100542.5
3875,433100.0,636.6,270555.0,162545.0,162545.0
3876,431635.0,415.55,176608.75000000003,255026.24999999997,255026.24999999997
3877,387200.0,256.15,108863.75,278336.25,278336.25
3878,387200.0,79.7,33872.5,353327.5,353327.5
3879,373770.0,0.0,0.0,373770.0,373770.0
3880,981790.0,0.0,0.0,981790.0,981790.0
3881,440560.0,0.0,0.0,440560.0,440560.0
3882,449080.0,0.0,0.0,449080.0,449080.0
3883,468700.0,0.0,0.0,468700.0,468700.0
3884,458580.0,0.0,0.0,458580.0,458580.0
3885,438180.0,0.0,0.0,438180.0,438180.0
3886,431780.0,0.0,0.0,431780.0,431780.0
3887,360260.0,0.0,0.0,360260.0,360260.0
3888,360260.0,0.0,0.0,360260.0,360260.0
3889,348020.0,0.0,0.0,348020.0,348020.0
3890,348020.0,58.65,24926.25,323093.75,323093.75
3891,348020.0,212.3,90227.50000000001,257792.5,257792.5
3892,344600.0,432.15,183663.75,160936.25,160936.25
3893,307000.0,501.1,212967.5,94032.5,94032.5
3894,324820.0,668.65,284176.25,40643.75,40643.75
3895,365660.0,809.75,344143.75,21516.25,21516.25
3896,369460.0,848.25,360506.25,8953.75,8953.75
3897,422480.0,842.1,357892.50000000006,64587.49999999994,64587.49999999994
3898,422480.0,793.45,337216.25000000006,85263.74999999994,85263.74999999994
3899,433100.0,654.05,277971.24999999994,155128.75000000006,155128.75000000006
3900,431635.0,469.1,199367.5,232267.5,232267.5
3901,387200.0,266.2,113135.0,274065.0,274065.0
3902,387200.0,88.15,37463.75,349736.25,349736.25
3903,373770.0,0.0,0.0,373770.0,373770.0
3904,981790.0,0.0,0.0,981790.0,981790.0
3905,440560.0,0.0,0.0,440560.0,440560.0
3906,449080.0,0.0,0.0,449080.0,449080.0
3907,468700.0,0.0,0.0,468700.0,468700.0
3908,458580.0,0.0,0.0,458580.0,458580.0
3909,438180.0,0.0,0.0,438180.0,438180.0
3910,431780.0,0.0,0.0,431780.0,431780.0
3911,360260.0,0.0,0.0,360260.0,360260.0
3912,360260.0,0.0,0.0,360260.0,360260.0
3913,428760.0,0.0,0.0,428760.0,428760.0
3914,384360.0,69.4,29495.0,354865.0,354865.0
3915,384360.0,230.2,97835.0,286525.0,286525.0
3916,368820.0,396.95,168703.74999999997,200116.25000000003,200116.25000000003
3917,368220.0,589.0,250325.0,117895.0,117895.0
3918,386040.0,801.8,340765.0,45275.0,45275.0
3919,342340.0,886.9,376932.5,0.0,0.0
3920,348840.0,936.35,397948.75,0.0,0.0
3921,432940.0,906.4,385220.0,47720.0,47720.0
3922,443560.0,813.6,345780.0,97780.0,97780.0
3923,485560.0,664.35,282348.75,203211.25,203211.25
3924,485560.0,476.05,202321.25,283238.75,283238.75
3925,446080.0,265.8,112965.00000000001,333115.0,333115.0
3926,1181760.0,89.25,37931.25,1143828.75,1000000.0
3927,592580.0,0.0,0.0,592580.0,592580.0
3928,483200.0,0.0,0.0,483200.0,483200.0
3929,483500.0,0.0,0.0,483500.0,483500.0
3930,484500.0,0.0,0.0,484500.0,484500.0
3931,485400.0,0.0,0.0,485400.0,485400.0
3932,478100.0,0.0,0.0,478100.0,478100.0
3933,478700.0,0.0,0.0,478700.0,478700.0
3934,451480.0,0.0,0.0,451480.0,451480.0
3935,451480.0,0.0,0.0,451480.0,451480.0
3936,451480.0,0.0,0.0,451480.0,451480.0
3937,428760.0,0.0,0.0,428760.0,428760.0
3938,384360.0,72.4,30770.0,353590.0,353590.0
3939,384360.0,242.55,103083.75000000001,281276.25,281276.25
3940,368820.0,448.4,190569.99999999997,178250.00000000003,178250.00000000003
3941,368220.0,621.05,263946.25,104273.75,104273.75
3942,386040.0,782.7,332647.50000000006,53392.49999999994,53392.49999999994
3943,342340.0,874.8,371789.99999999994,0.0,0.0
3944,348840.0,936.05,397821.24999999994,0.0,0.0
3945,432940.0,905.5,384837.5,48102.5,48102.5
3946,443560.0,817.3,347352.49999999994,96207.50000000006,96207.50000000006
3947,485560.0,637.75,271043.75,214516.25,214516.25
3948,485560.0,476.45,202491.25,283068.75,283068.75
3949,446080.0,269.8,114665.0,331415.0,331415.0
3950,1181760.0,85.8,36465.0,1145295.0,1000000.0
3951,592580.0,0.0,0.0,592580.0,592580.0
3952,483200.0,0.0,0.0,483200.0,483200.0
3953,483500.0,0.0,0.0,483500.0,483500.0
3954,484500.0,0.0,0.0,484500.0,484500.0
3955,485400.0,0.0,0.0,485400.0,485400.0
3956,478100.0,0.0,0.0,478100.0,478100.0
3957,478700.0,0.0,0.0,478700.0,478700.0
3958,451480.0,0.0,0.0,451480.0,451480.0
3959,451480.0,0.0,0.0,451480.0,451480.0
3960,451480.0,0.0,0.0,451480.0,451480.0
3961,348020.0,0.0,0.0,348020.0,348020.0
3962,348020.0,74.05,31471.249999999993,316548.75,316548.75
3963,348020.0,245.35,104273.74999999999,243746.25,243746.25
3964,344600.0,454.35,193098.75000000003,151501.24999999997,151501.24999999997
3965,307000.0,634.75,269768.75,37231.25,37231.25
3966,324820.0,799.3,339702.49999999994,0.0,0.0
3967,365660.0,897.8,381564.99999999994,0.0,0.0
3968,369460.0,935.9,397757.5,0.0,0.0
3969,422480.0,907.05,385496.24999999994,36983.75000000006,36983.75000000006
3970,422480.0,814.7,346247.50000000006,76232.49999999994,76232.49999999994
3971,433100.0,667.8,283815.0,149285.0,149285.0
3972,431635.0,468.4,199070.0,232565.0,232565.0
3973,387200.0,229.1,97367.5,289832.5,289832.5
3974,387200.0,86.4,36720.0,350480.0,350480.0
3975,373770.0,0.0,0.0,373770.0,373770.0
3976,981790.0,0.0,0.0,981790.0,981790.0
3977,440560.0,0.0,0.0,440560.0,440560.0
3978,449080.0,0.0,0.0,449080.0,449080.0
3979,468700.0,0.0,0.0,468700.0,468700.0
3980,458580.0,0.0,0.0,458580.0,458580.0
3981,438180.0,0.0,0.0,438180.0,438180.0
3982,431780.0,0.0,0.0,431780.0,431780.0
3983,360260.0,0.0,0.0,360260.0,360260.0
3984,360260.0,0.0,0.0,360260.0,360260.0
3985,293320.0,0.0,0.0,293320.0,293320.0
3986,293320.0,70.8,30090.0,263230.0,263230.0
3987,293320.0,231.25,98281.25,195038.75,195038.75
3988,300100.0,441.55,187658.75,112441.25,112441.25
3989,299500.0,616.35,261948.75000000003,37551.24999999997,37551.24999999997
3990,322840.0,768.55,326633.75,0.0,0.0
3991,371140.0,875.5,372087.5,0.0,0.0
3992,374940.0,927.8,394315.0,0.0,0.0
3993,335100.0,895.1,380417.5,0.0,0.0
3994,348420.0,814.7,346247.50000000006,2172.499999999942,2172.499999999942
3995,322040.0,667.55,283708.75,38331.25,38331.25
3996,314540.0,479.35,203723.75,110816.25,110816.25
3997,263840.0,272.7,115897.5,147942.5,147942.5
3998,279860.0,91.6,38930.0,240930.0,240930.0
3999,269360.0,0.0,0.0,269360.0,269360.0
4000,905860.0,0.0,0.0,905860.0,905860.0
4001,388380.0,0.0,0.0,388380.0,388380.0
4002,399600.0,0.0,0.0,399600.0,399600.0
4003,393300.0,0.0,0.0,393300.0,393300.0
4004,390080.0,0.0,0.0,390080.0,390080.0
4005,390680.0,0.0,0.0,390680.0,390680.0
4006,374680.0,0.0,0.0,374680.0,374680.0
4007,347660.0,0.0,0.0,347660.0,347660.0
4008,326120.0,0.0,0.0,326120.0,326120.0
4009,293320.0,0.0,0.0,293320.0,293320.0
4010,293320.0,58.3,24777.5,268542.5,268542.5
4011,293320.0,201.5,85637.5,207682.5,207682.5
4012,300100.0,375.6,159630.00000000003,140469.99999999997,140469.99999999997
4013,299500.0,565.9,240507.5,58992.5,58992.5
4014,322840.0,686.85,291911.25000000006,30928.74999999994,30928.74999999994
4015,371140.0,833.2,354110.0,17030.0,17030.0
4016,374940.0,930.6,395505.0,0.0,0.0
4017,335100.0,902.05,383371.24999999994,0.0,0.0
4018,348420.0,811.0,344675.0,3745.0,3745.0
4019,322040.0,657.65,279501.25,42538.75,42538.75
4020,314540.0,474.45,201641.25,112898.75,112898.75
4021,263840.0,265.6,112880.0,150960.0,150960.0
4022,279860.0,85.8,36465.0,243395.0,243395.0
4023,269360.0,0.0,0.0,269360.0,269360.0
4024,905860.0,0.0,0.0,905860.0,905860.0
4025,388380.0,0.0,0.0,388380.0,388380.0
4026,399600.0,0.0,0.0,399600.0,399600.0
4027,393300.0,0.0,0.0,393300.0,393300.0
4028,390080.0,0.0,0.0,390080.0,390080.0
4029,390680.0,0.0,0.0,390680.0,390680.0
4030,374680.0,0.0,0.0,374680.0,374680.0
4031,347660.0,0.0,0.0,347660.0,347660.0
4032,326120.0,0.0,0.0,326120.0,326120.0
4033,293320.0,0.0,0.0,293320.0,293320.0
4034,293320.0,64.35,27348.749999999996,265971.25,265971.25
4035,293320.0,214.75,91268.75,202051.25,202051.25
4036,300100.0,413.5,175737.5,124362.5,124362.5
4037,299500.0,615.35,261523.75000000003,37976.24999999997,37976.24999999997
4038,322840.0,756.0,321300.0,1540.0,1540.0
4039,371140.0,893.3,379652.5,0.0,0.0
4040,374940.0,933.85,396886.25000000006,0.0,0.0
4041,335100.0,897.65,381501.25,0.0,0.0
4042,348420.0,806.7,342847.50000000006,5572.499999999942,5572.499999999942
4043,322040.0,658.15,279713.75,42326.25,42326.25
4044,314540.0,474.35,201598.75000000003,112941.24999999997,112941.24999999997
4045,263840.0,270.2,114835.0,149005.0,149005.0
4046,279860.0,90.0,38250.0,241610.0,241610.0
4047,269360.0,0.0,0.0,269360.0,269360.0
4048,905860.0,0.0,0.0,905860.0,905860.0
4049,388380.0,0.0,0.0,388380.0,388380.0
4050,399600.0,0.0,0.0,399600.0,399600.0
4051,393300.0,0.0,0.0,393300.0,393300.0
4052,390080.0,0.0,0.0,390080.0,390080.0
4053,390680.0,0.0,0.0,390680.0,390680.0
4054,374680.0,0.0,0.0,374680.0,374680.0
4055,347660.0,0.0,0.0,347660.0,347660.0
4056,326120.0,0.0,0.0,326120.0,326120.0
4057,293320.0,0.0,0.0,293320.0,293320.0
4058,293320.0,65.0,27625.0,265695.0,265695.0
4059,293320.0,219.7,93372.49999999999,199947.5,199947.5
4060,300100.0,422.6,179605.00000000003,120494.99999999997,120494.99999999997
4061,299500.0,629.2,267410.00000000006,32089.99999999994,32089.99999999994
4062,322840.0,785.2,333710.0,0.0,0.0
4063,371140.0,880.2,374085.00000000006,0.0,0.0
4064,374940.0,920.95,391403.75,0.0,0.0
4065,335100.0,896.85,381161.25,0.0,0.0
4066,348420.0,802.85,341211.25000000006,7208.749999999942,7208.749999999942
4067,322040.0,645.25,274231.25,47808.75,47808.75
4068,314540.0,461.9,196307.5,118232.5,118232.5
4069,263840.0,267.85,113836.25000000001,150003.75,150003.75
4070,279860.0,89.85,38186.25,241673.75,241673.75
4071,269360.0,0.0,0.0,269360.0,269360.0
4072,905860.0,0.0,0.0,905860.0,905860.0
4073,388380.0,0.0,0.0,388380.0,388380.0
4074,399600.0,0.0,0.0,399600.0,399600.0
4075,393300.0,0.0,0.0,393300.0,393300.0
4076,390080.0,0.0,0.0,390080.0,390080.0
4077,390680.0,0.0,0.0,390680.0,390680.0
4078,374680.0,0.0,0.0,374680.0,374680.0
4079,347660.0,0.0,0.0,347660.0,347660.0
4080,326120.0,0.0,0.0,326120.0,326120.0
4081,406760.0,0.0,0.0,406760.0,406760.0
4082,406760.0,64.2,27285.000000000004,379475.0,379475.0
4083,335720.0,239.6,101830.0,233890.0,233890.0
4084,347020.0,422.75,179668.75,167351.25,167351.25
4085,346420.0,565.6,240380.0,106040.0,106040.0
4086,354140.0,648.35,275548.75,78591.25,78591.25
4087,310440.0,770.6,327505.00000000006,0.0,0.0
4088,316740.0,821.5,349137.5,0.0,0.0
4089,382840.0,826.7,351347.5,31492.5,31492.5
4090,393460.0,738.9,314032.5,79427.5,79427.5
4091,446560.0,634.4,269620.0,176940.0,176940.0
4092,402060.0,439.75,186893.75,215166.25,215166.25
4093,365580.0,267.55,113708.75,251871.25,251871.25
4094,1070760.0,88.0,37400.0,1033360.0,1000000.0
4095,481580.0,0.0,0.0,481580.0,481580.0
4096,416700.0,0.0,0.0,416700.0,416700.0
4097,424900.0,0.0,0.0,424900.0,424900.0
4098,425900.0,0.0,0.0,425900.0,425900.0
4099,464400.0,0.0,0.0,464400.0,464400.0
4100,467000.0,0.0,0.0,467000.0,467000.0
4101,467200.0,0.0,0.0,467200.0,467200.0
4102,403580.0,0.0,0.0,403580.0,403580.0
4103,403580.0,0.0,0.0,403580.0,403580.0
4104,403580.0,0.0,0.0,403580.0,403580.0
4105,406760.0,0.0,0.0,406760.0,406760.0
4106,406760.0,67.25,28581.25,378178.75,378178.75
4107,335720.0,225.85,95986.25,239733.75,239733.75
4108,347020.0,393.8,167365.00000000003,179654.99999999997,179654.99999999997
4109,346420.0,587.65,249751.25,96668.75,96668.75
4110,354140.0,715.2,303960.0,50180.0,50180.0
4111,310440.0,856.65,364076.25,0.0,0.0
4112,316740.0,909.85,386686.25,0.0,0.0
4113,382840.0,856.35,363948.75,18891.25,18891.25
4114,393460.0,765.6,325380.00000000006,68079.99999999994,68079.99999999994
4115,446560.0,630.65,268026.24999999994,178533.75000000006,178533.75000000006
4116,402060.0,456.05,193821.25,208238.75,208238.75
4117,365580.0,257.75,109543.74999999999,256036.25,256036.25
4118,1070760.0,89.1,37867.5,1032892.5,1000000.0
4119,481580.0,0.0,0.0,481580.0,481580.0
4120,416700.0,0.0,0.0,416700.0,416700.0
4121,424900.0,0.0,0.0,424900.0,424900.0
4122,425900.0,0.0,0.0,425900.0,425900.0
4123,464400.0,0.0,0.0,464400.0,464400.0
4124,467000.0,0.0,0.0,467000.0,467000.0
4125,467200.0,0.0,0.0,467200.0,467200.0
4126,403580.0,0.0,0.0,403580.0,403580.0
4127,403580.0,0.0,0.0,403580.0,403580.0
4128,403580.0,0.0,0.0,403580.0,403580.0
4129,293320.0,0.0,0.0,293320.0,293320.0
4130,293320.0,66.4,28220.0,265100.0,265100.0
4131,293320.0,222.0,94350.0,198970.0,198970.0
4132,300100.0,410.0,174250.0,125850.0,125850.0
4133,299500.0,618.95,263053.75,36446.25,36446.25
4134,322840.0,775.3,329502.5,0.0,0.0
4135,371140.0,880.3,374127.5,0.0,0.0
4136,374940.0,923.75,392593.75,0.0,0.0
4137,335100.0,882.05,374871.25,0.0,0.0
4138,348420.0,796.65,338576.25,9843.75,9843.75
4139,322040.0,653.6,277780.00000000006,44259.99999999994,44259.99999999994
4140,314540.0,471.35,200323.75000000003,114216.24999999997,114216.24999999997
4141,263840.0,271.2,115260.0,148580.0,148580.0
4142,279860.0,91.25,38781.25,241078.75,241078.75
4143,269360.0,0.0,0.0,269360.0,269360.0
4144,905860.0,0.0,0.0,905860.0,905860.0
4145,388380.0,0.0,0.0,388380.0,388380.0
4146,399600.0,0.0,0.0,399600.0,399600.0
4147,393300.0,0.0,0.0,393300.0,393300.0
4148,390080.0,0.0,0.0,390080.0,390080.0
4149,390680.0,0.0,0.0,390680.0,390680.0
4150,374680.0,0.0,0.0,374680.0,374680.0
4151,347660.0,0.0,0.0,347660.0,347660.0
4152,326120.0,0.0,0.0,326120.0,326120.0
4153,293320.0,0.0,0.0,293320.0,293320.0
4154,293320.0,48.9,20782.5,272537.5,272537.5
4155,293320.0,208.6,88655.0,204665.0,204665.0
4156,300100.0,397.25,168831.25,131268.75,131268.75
4157,299500.0,529.1,224867.5,74632.5,74632.5
4158,322840.0,693.9,294907.5,27932.5,27932.5
4159,371140.0,790.95,336153.75,34986.25,34986.25
4160,374940.0,871.65,370451.24999999994,4488.750000000058,4488.750000000058
4161,335100.0,799.45,339766.25,0.0,0.0
4162,348420.0,767.5,326187.5,22232.5,22232.5
4163,322040.0,620.7,263797.5,58242.5,58242.5
4164,314540.0,410.4,174420.0,140120.0,140120.0
4165,263840.0,224.7,95497.49999999999,168342.5,168342.5
4166,279860.0,70.65,30026.25,249833.75,249833.75
4167,269360.0,0.0,0.0,269360.0,269360.0
4168,905860.0,0.0,0.0,905860.0,905860.0
4169,388380.0,0.0,0.0,388380.0,388380.0
4170,399600.0,0.0,0.0,399600.0,399600.0
4171,393300.0,0.0,0.0,393300.0,393300.0
4172,390080.0,0.0,0.0,390080.0,390080.0
4173,390680.0,0.0,0.0,390680.0,390680.0
4174,374680.0,0.0,0.0,374680.0,374680.0
4175,347660.0,0.0,0.0,347660.0,347660.0
4176,326120.0,0.0,0.0,326120.0,326120.0
4177,293320.0,0.0,0.0,293320.0,293320.0
4178,293320.0,57.35,24373.75,268946.25,268946.25
4179,293320.0,198.1,84192.5,209127.5,209127.5
4180,300100.0,363.8,154615.0,145485.0,145485.0
4181,299500.0,592.5,251812.5,47687.5,47687.5
4182,322840.0,663.0,281775.0,41065.0,41065.0
4183,371140.0,846.6,359805.0,11335.0,11335.0
4184,374940.0,788.15,334963.75,39976.25,39976.25
4185,335100.0,838.8,356490.0,0.0,0.0
4186,348420.0,728.65,309676.25,38743.75,38743.75
4187,322040.0,631.65,268451.24999999994,53588.75000000006,53588.75000000006
4188,314540.0,457.4,194395.0,120145.0,120145.0
4189,263840.0,260.4,110669.99999999999,153170.0,153170.0
4190,279860.0,88.45,37591.25,242268.75,242268.75
4191,269360.0,0.0,0.0,269360.0,269360.0
4192,905860.0,0.0,0.0,905860.0,905860.0
4193,388380.0,0.0,0.0,388380.0,388380.0
4194,399600.0,0.0,0.0,399600.0,399600.0
4195,393300.0,0.0,0.0,393300.0,393300.0
4196,390080.0,0.0,0.0,390080.0,390080.0
4197,390680.0,0.0,0.0,390680.0,390680.0
4198,374680.0,0.0,0.0,374680.0,374680.0
4199,347660.0,0.0,0.0,347660.0,347660.0
4200,326120.0,0.0,0.0,326120.0,326120.0
4201,413940.0,0.0,0.0,413940.0,413940.0
4202,413940.0,54.6,23205.0,390735.0,390735.0
4203,336620.0,182.9,77732.5,258887.5,258887.5
4204,333020.0,354.1,150492.5,182527.5,182527.5
4205,330020.0,517.15,219788.75,110231.25,110231.25
4206,1081780.0,683.85,290636.25000000006,791143.75,791143.75
4207,409140.0,845.55,359358.74999999994,49781.25000000006,49781.25000000006
4208,410340.0,882.3,374977.5,35362.5,35362.5
4209,410340.0,818.1,347692.5,62647.5,62647.5
4210,410340.0,777.0,330225.0,80115.0,80115.0
4211,473460.0,632.1,268642.5,204817.5,204817.5
4212,420960.0,458.15,194713.75,226246.25,226246.25
4213,420960.0,261.2,111010.0,309950.0,309950.0
4214,420960.0,88.55,37633.75,383326.25,383326.25
4215,434280.0,0.0,0.0,434280.0,434280.0
4216,436980.0,0.0,0.0,436980.0,436980.0
4217,437280.0,0.0,0.0,437280.0,437280.0
4218,1161100.0,0.0,0.0,1161100.0,1000000.0
4219,449700.0,0.0,0.0,449700.0,449700.0
4220,439380.0,0.0,0.0,439380.0,439380.0
4221,439980.0,0.0,0.0,439980.0,439980.0
4222,439580.0,0.0,0.0,439580.0,439580.0
4223,428960.0,0.0,0.0,428960.0,428960.0
4224,428960.0,0.0,0.0,428960.0,428960.0
4225,413940.0,0.0,0.0,413940.0,413940.0
4226,413940.0,58.7,24947.5,388992.5,388992.5
4227,336620.0,215.5,91587.5,245032.5,245032.5
4228,333020.0,396.65,168576.25,164443.75,164443.75
4229,330020.0,519.0,220575.0,109445.0,109445.0
4230,1081780.0,697.45,296416.25,785363.75,785363.75
4231,409140.0,761.75,323743.75,85396.25,85396.25
4232,410340.0,849.15,360888.75,49451.25,49451.25
4233,410340.0,804.15,341763.75,68576.25,68576.25
4234,410340.0,767.0,325975.0,84365.0,84365.0
4235,473460.0,627.15,266538.75,206921.25,206921.25
4236,420960.0,450.5,191462.5,229497.5,229497.5
4237,420960.0,236.35,100448.75,320511.25,320511.25
4238,420960.0,81.0,34425.0,386535.0,386535.0
4239,434280.0,0.0,0.0,434280.0,434280.0
4240,436980.0,0.0,0.0,436980.0,436980.0
4241,437280.0,0.0,0.0,437280.0,437280.0
4242,1161100.0,0.0,0.0,1161100.0,1000000.0
4243,449700.0,0.0,0.0,449700.0,449700.0
4244,439380.0,0.0,0.0,439380.0,439380.0
4245,439980.0,0.0,0.0,439980.0,439980.0
4246,439580.0,0.0,0.0,439580.0,439580.0
4247,428960.0,0.0,0.0,428960.0,428960.0
4248,428960.0,0.0,0.0,428960.0,428960.0
4249,406760.0,0.0,0.0,406760.0,406760.0
4250,406760.0,59.1,25117.5,381642.5,381642.5
4251,335720.0,185.7,78922.49999999999,256797.5,256797.5
4252,347020.0,323.45,137466.25,209553.75,209553.75
4253,346420.0,493.95,209928.75,136491.25,136491.25
4254,354140.0,621.9,264307.5,89832.5,89832.5
4255,310440.0,728.8,309740.0,700.0,700.0
4256,316740.0,754.25,320556.25,0.0,0.0
4257,382840.0,694.6,295205.0,87635.0,87635.0
4258,393460.0,687.75,292293.75,101166.25,101166.25
4259,446560.0,539.15,229138.75,217421.25,217421.25
4260,402060.0,370.85,157611.25,244448.75,244448.75
4261,365580.0,222.8,94690.0,270890.0,270890.0
4262,1070760.0,66.7,28347.500000000004,1042412.5,1000000.0
4263,481580.0,0.0,0.0,481580.0,481580.0
4264,416700.0,0.0,0.0,416700.0,416700.0
4265,424900.0,0.0,0.0,424900.0,424900.0
4266,425900.0,0.0,0.0,425900.0,425900.0
4267,464400.0,0.0,0.0,464400.0,464400.0
4268,467000.0,0.0,0.0,467000.0,467000.0
4269,467200.0,0.0,0.0,467200.0,467200.0
4270,403580.0,0.0,0.0,403580.0,403580.0
4271,403580.0,0.0,0.0,403580.0,403580.0
4272,403580.0,0.0,0.0,403580.0,403580.0
4273,406760.0,0.0,0.0,406760.0,406760.0
4274,406760.0,60.85,25861.25,380898.75,380898.75
4275,335720.0,214.35,91098.74999999999,244621.25,244621.25
4276,347020.0,392.45,166791.24999999997,180228.75000000003,180228.75000000003
4277,346420.0,589.75,250643.75,95776.25,95776.25
4278,354140.0,665.6,282880.0,71260.0,71260.0
4279,310440.0,822.2,349435.0,0.0,0.0
4280,316740.0,746.7,317347.5,0.0,0.0
4281,382840.0,740.4,314670.0,68170.0,68170.0
4282,393460.0,645.95,274528.75,118931.25,118931.25
4283,446560.0,623.25,264881.25,181678.75,181678.75
4284,402060.0,432.8,183940.0,218120.0,218120.0
4285,365580.0,255.5,108587.5,256992.5,256992.5
4286,1070760.0,83.55,35508.75,1035251.25,1000000.0
4287,481580.0,0.0,0.0,481580.0,481580.0
4288,416700.0,0.0,0.0,416700.0,416700.0
4289,424900.0,0.0,0.0,424900.0,424900.0
4290,425900.0,0.0,0.0,425900.0,425900.0
4291,464400.0,0.0,0.0,464400.0,464400.0
4292,467000.0,0.0,0.0,467000.0,467000.0
4293,467200.0,0.0,0.0,467200.0,467200.0
4294,403580.0,0.0,0.0,403580.0,403580.0
4295,403580.0,0.0,0.0,403580.0,403580.0
4296,403580.0,0.0,0.0,403580.0,403580.0
4297,293320.0,0.0,0.0,293320.0,293320.0
4298,293320.0,50.8,21590.0,271730.0,271730.0
4299,293320.0,168.25,71506.25,221813.75,221813.75
4300,300100.0,300.05,127521.25000000001,172578.75,172578.75
4301,299500.0,495.5,210587.5,88912.5,88912.5
4302,322840.0,603.6,256530.0,66310.0,66310.0
4303,371140.0,646.55,274783.75,96356.25,96356.25
4304,374940.0,626.8,266389.99999999994,108550.00000000006,108550.00000000006
4305,335100.0,637.05,270746.25,64353.75,64353.75
4306,348420.0,503.05,213796.25,134623.75,134623.75
4307,322040.0,471.65,200451.24999999997,121588.75000000003,121588.75000000003
4308,314540.0,311.0,132175.0,182365.0,182365.0
4309,263840.0,197.85,84086.25,179753.75,179753.75
4310,279860.0,75.8,32214.999999999993,247645.0,247645.0
4311,269360.0,0.0,0.0,269360.0,269360.0
4312,905860.0,0.0,0.0,905860.0,905860.0
4313,388380.0,0.0,0.0,388380.0,388380.0
4314,399600.0,0.0,0.0,399600.0,399600.0
4315,393300.0,0.0,0.0,393300.0,393300.0
4316,390080.0,0.0,0.0,390080.0,390080.0
4317,390680.0,0.0,0.0,390680.0,390680.0
4318,374680.0,0.0,0.0,374680.0,374680.0
4319,347660.0,0.0,0.0,347660.0,347660.0
4320,326120.0,0.0,0.0,326120.0,326120.0
4321,293320.0,0.0,0.0,293320.0,293320.0
4322,293320.0,61.1,25967.5,267352.5,267352.5
4323,293320.0,191.5,81387.5,211932.5,211932.5
4324,300100.0,387.05,164496.25,135603.75,135603.75
4325,299500.0,549.4,233495.0,66005.0,66005.0
4326,322840.0,667.75,283793.75,39046.25,39046.25
4327,371140.0,768.2,326485.0,44655.0,44655.0
4328,374940.0,818.25,347756.25,27183.75,27183.75
4329,335100.0,822.85,349711.25,0.0,0.0
4330,348420.0,728.6,309655.0,38765.0,38765.0
4331,322040.0,621.85,264286.25,57753.75,57753.75
4332,314540.0,466.2,198135.0,116405.0,116405.0
4333,263840.0,253.75,107843.74999999999,155996.25,155996.25
4334,279860.0,89.9,38207.50000000001,241652.5,241652.5
4335,269360.0,0.0,0.0,269360.0,269360.0
4336,905860.0,0.0,0.0,905860.0,905860.0
4337,388380.0,0.0,0.0,388380.0,388380.0
4338,399600.0,0.0,0.0,399600.0,399600.0
4339,393300.0,0.0,0.0,393300.0,393300.0
4340,390080.0,0.0,0.0,390080.0,390080.0
4341,390680.0,0.0,0.0,390680.0,390680.0
4342,374680.0,0.0,0.0,374680.0,374680.0
4343,347660.0,0.0,0.0,347660.0,347660.0
4344,326120.0,0.0,0.0,326120.0,326120.0
4345,293320.0,0.0,0.0,293320.0,293320.0
4346,293320.0,62.35,26498.75,266821.25,266821.25
4347,293320.0,222.9,94732.50000000001,198587.5,198587.5
4348,300100.0,416.45,176991.25,123108.75,123108.75
4349,299500.0,603.75,256593.75,42906.25,42906.25
4350,322840.0,755.85,321236.25,1603.75,1603.75
4351,371140.0,854.05,362971.25,8168.75,8168.75
4352,374940.0,893.95,379928.75,0.0,0.0
4353,335100.0,867.55,368708.74999999994,0.0,0.0
4354,348420.0,776.85,330161.25,18258.75,18258.75
4355,322040.0,632.7,268897.5,53142.5,53142.5
4356,314540.0,413.1,175567.5,138972.5,138972.5
4357,263840.0,227.15,96538.75000000001,167301.25,167301.25
4358,279860.0,77.4,32895.00000000001,246965.0,246965.0
4359,269360.0,0.0,0.0,269360.0,269360.0
4360,905860.0,0.0,0.0,905860.0,905860.0
4361,388380.0,0.0,0.0,388380.0,388380.0
4362,399600.0,0.0,0.0,399600.0,399600.0
4363,393300.0,0.0,0.0,393300.0,393300.0
4364,390080.0,0.0,0.0,390080.0,390080.0
4365,390680.0,0.0,0.0,390680.0,390680.0
4366,374680.0,0.0,0.0,374680.0,374680.0
4367,347660.0,0.0,0.0,347660.0,347660.0
4368,326120.0,0.0,0.0,326120.0,326120.0
4369,293320.0,0.0,0.0,293320.0,293320.0
4370,293320.0,52.55,22333.75,270986.25,270986.25
4371,293320.0,180.0,76500.0,216820.0,216820.0
4372,300100.0,291.8,124015.0,176085.0,176085.0
4373,299500.0,547.75,232793.75,66706.25,66706.25
4374,322840.0,689.65,293101.25,29738.75,29738.75
4375,371140.0,766.5,325762.5,45377.5,45377.5
4376,374940.0,858.0,364650.0,10290.0,10290.0
4377,335100.0,840.65,357276.25,0.0,0.0
4378,348420.0,766.0,325550.0,22870.0,22870.0
4379,322040.0,567.9,241357.5,80682.5,80682.5
4380,314540.0,378.25,160756.25,153783.75,153783.75
4381,263840.0,205.8,87465.0,176375.0,176375.0
4382,279860.0,68.35,29048.75,250811.25,250811.25
4383,269360.0,0.0,0.0,269360.0,269360.0
4384,905860.0,0.0,0.0,905860.0,905860.0
4385,388380.0,0.0,0.0,388380.0,388380.0
4386,399600.0,0.0,0.0,399600.0,399600.0
4387,393300.0,0.0,0.0,393300.0,393300.0
4388,390080.0,0.0,0.0,390080.0,390080.0
4389,390680.0,0.0,0.0,390680.0,390680.0
4390,374680.0,0.0,0.0,374680.0,374680.0
4391,347660.0,0.0,0.0,347660.0,347660.0
4392,326120.0,0.0,0.0,326120.0,326120.0
4393,293320.0,0.0,0.0,293320.0,293320.0
4394,293320.0,45.0,19125.0,274195.0,274195.0
4395,293320.0,169.15,71888.75,221431.25,221431.25
4396,300100.0,398.2,169235.0,130865.0,130865.0
4397,299500.0,482.85,205211.25,94288.75,94288.75
4398,322840.0,696.6,296055.0,26785.0,26785.0
4399,371140.0,829.95,352728.75000000006,18411.24999999994,18411.24999999994
4400,374940.0,882.6,375105.0,0.0,0.0
4401,335100.0,870.4,369920.0,0.0,0.0
4402,348420.0,777.95,330628.75,17791.25,17791.25
4403,322040.0,644.7,273997.5,48042.5,48042.5
4404,314540.0,459.3,195202.5,119337.5,119337.5
4405,263840.0,265.0,112625.0,151215.0,151215.0
4406,279860.0,90.1,38292.5,241567.5,241567.5
4407,269360.0,0.0,0.0,269360.0,269360.0
4408,905860.0,0.0,0.0,905860.0,905860.0
4409,388380.0,0.0,0.0,388380.0,388380.0
4410,399600.0,0.0,0.0,399600.0,399600.0
4411,393300.0,0.0,0.0,393300.0,393300.0
4412,390080.0,0.0,0.0,390080.0,390080.0
4413,390680.0,0.0,0.0,390680.0,390680.0
4414,374680.0,0.0,0.0,374680.0,374680.0
4415,347660.0,0.0,0.0,347660.0,347660.0
4416,326120.0,0.0,0.0,326120.0,326120.0
4417,406760.0,0.0,0.0,406760.0,406760.0
4418,406760.0,60.7,25797.500000000004,380962.5,380962.5
4419,335720.0,202.95,86253.75,249466.25,249466.25
4420,347020.0,372.65,158376.25,188643.75,188643.75
4421,346420.0,525.35,223273.75,123146.25,123146.25
4422,354140.0,717.7,305022.5,49117.5,49117.5
4423,310440.0,815.75,346693.75,0.0,0.0
4424,316740.0,829.5,352537.5,0.0,0.0
4425,382840.0,851.8,362015.0,20825.0,20825.0
4426,393460.0,768.7,326697.5,66762.5,66762.5
4427,446560.0,619.15,263138.75,183421.25,183421.25
4428,402060.0,459.6,195330.0,206730.0,206730.0
4429,365580.0,257.15,109288.75,256291.25,256291.25
4430,1070760.0,81.75,34743.75,1036016.25,1000000.0
4431,481580.0,0.0,0.0,481580.0,481580.0
4432,416700.0,0.0,0.0,416700.0,416700.0
4433,424900.0,0.0,0.0,424900.0,424900.0
4434,425900.0,0.0,0.0,425900.0,425900.0
4435,464400.0,0.0,0.0,464400.0,464400.0
4436,467000.0,0.0,0.0,467000.0,467000.0
4437,467200.0,0.0,0.0,467200.0,467200.0
4438,403580.0,0.0,0.0,403580.0,403580.0
4439,403580.0,0.0,0.0,403580.0,403580.0
4440,403580.0,0.0,0.0,403580.0,403580.0
4441,406760.0,0.0,0.0,406760.0,406760.0
4442,406760.0,53.45,22716.250000000004,384043.75,384043.75
4443,335720.0,196.45,83491.25,252228.75,252228.75
4444,347020.0,353.6,150280.0,196740.0,196740.0
4445,346420.0,449.9,191207.49999999997,155212.50000000003,155212.50000000003
4446,354140.0,502.35,213498.75000000003,140641.24999999997,140641.24999999997
4447,310440.0,780.2,331585.0,0.0,0.0
4448,316740.0,763.1,324317.5,0.0,0.0
4449,382840.0,729.3,309952.5,72887.5,72887.5
4450,393460.0,618.7,262947.5,130512.5,130512.5
4451,446560.0,484.1,205742.50000000003,240817.49999999997,240817.49999999997
4452,402060.0,418.7,177947.49999999997,224112.50000000003,224112.50000000003
4453,365580.0,226.25,96156.25,269423.75,269423.75
4454,1070760.0,79.75,33893.75,1036866.25,1000000.0
4455,481580.0,0.0,0.0,481580.0,481580.0
4456,416700.0,0.0,0.0,416700.0,416700.0
4457,424900.0,0.0,0.0,424900.0,424900.0
4458,425900.0,0.0,0.0,425900.0,425900.0
4459,464400.0,0.0,0.0,464400.0,464400.0
4460,467000.0,0.0,0.0,467000.0,467000.0
4461,467200.0,0.0,0.0,467200.0,467200.0
4462,403580.0,0.0,0.0,403580.0,403580.0
4463,403580.0,0.0,0.0,403580.0,403580.0
4464,403580.0,0.0,0.0,403580.0,403580.0
4465,293320.0,0.0,0.0,293320.0,293320.0
4466,293320.0,50.6,21505.0,271815.0,271815.0
4467,293320.0,182.4,77520.0,215800.0,215800.0
4468,300100.0,377.7,160522.5,139577.5,139577.5
4469,299500.0,584.4,248370.0,51130.0,51130.0
4470,322840.0,707.1,300517.50000000006,22322.49999999994,22322.49999999994
4471,371140.0,817.9,347607.5,23532.5,23532.5
4472,374940.0,827.75,351793.75,23146.25,23146.25
4473,335100.0,823.45,349966.25,0.0,0.0
4474,348420.0,702.5,298562.5,49857.5,49857.5
4475,322040.0,531.0,225675.0,96365.0,96365.0
4476,314540.0,430.15,182813.75,131726.25,131726.25
4477,263840.0,245.25,104231.25,159608.75,159608.75
4478,279860.0,81.25,34531.25,245328.75,245328.75
4479,269360.0,0.0,0.0,269360.0,269360.0
4480,905860.0,0.0,0.0,905860.0,905860.0
4481,388380.0,0.0,0.0,388380.0,388380.0
4482,399600.0,0.0,0.0,399600.0,399600.0
4483,393300.0,0.0,0.0,393300.0,393300.0
4484,390080.0,0.0,0.0,390080.0,390080.0
4485,390680.0,0.0,0.0,390680.0,390680.0
4486,374680.0,0.0,0.0,374680.0,374680.0
4487,347660.0,0.0,0.0,347660.0,347660.0
4488,326120.0,0.0,0.0,326120.0,326120.0
4489,293320.0,0.0,0.0,293320.0,293320.0
4490,293320.0,50.9,21632.5,271687.5,271687.5
4491,293320.0,179.0,76075.0,217245.0,217245.0
4492,300100.0,335.15,142438.75,157661.25,157661.25
4493,299500.0,434.0,184450.0,115050.0,115050.0
4494,322840.0,463.3,196902.5,125937.5,125937.5
4495,371140.0,579.95,246478.75000000003,124661.24999999997,124661.24999999997
4496,374940.0,545.55,231858.75,143081.25,143081.25
4497,335100.0,375.05,159396.25,175703.75,175703.75
4498,348420.0,211.95,90078.75,258341.25,258341.25
4499,322040.0,115.7,49172.5,272867.5,272867.5
4500,314540.0,83.95,35678.75,278861.25,278861.25
4501,263840.0,39.55,16808.749999999996,247031.25,247031.25
4502,279860.0,15.8,6715.000000000001,273145.0,273145.0
4503,269360.0,0.0,0.0,269360.0,269360.0
4504,905860.0,0.0,0.0,905860.0,905860.0
4505,388380.0,0.0,0.0,388380.0,388380.0
4506,399600.0,0.0,0.0,399600.0,399600.0
4507,393300.0,0.0,0.0,393300.0,393300.0
4508,390080.0,0.0,0.0,390080.0,390080.0
4509,390680.0,0.0,0.0,390680.0,390680.0
4510,374680.0,0.0,0.0,374680.0,374680.0
4511,347660.0,0.0,0.0,347660.0,347660.0
4512,326120.0,0.0,0.0,326120.0,326120.0
4513,293320.0,0.0,0.0,293320.0,293320.0
4514,293320.0,5.5,2337.5,290982.5,290982.5
4515,293320.0,20.55,8733.750000000002,284586.25,284586.25
4516,300100.0,38.3,16277.499999999996,283822.5,283822.5
4517,299500.0,83.3,35402.5,264097.5,264097.5
4518,322840.0,96.95,41203.75000000001,281636.25,281636.25
4519,371140.0,256.55,109033.75,262106.25,262106.25
4520,374940.0,217.85,92586.25,282353.75,282353.75
4521,335100.0,197.95,84128.75,250971.25,250971.25
4522,348420.0,232.75,98918.75,249501.25,249501.25
4523,322040.0,168.7,71697.5,250342.5,250342.5
4524,314540.0,117.8,50065.0,264475.0,264475.0
4525,263840.0,56.15,23863.75,239976.25,239976.25
4526,279860.0,31.3,13302.5,266557.5,266557.5
4527,269360.0,0.0,0.0,269360.0,269360.0
4528,905860.0,0.0,0.0,905860.0,905860.0
4529,388380.0,0.0,0.0,388380.0,388380.0
4530,399600.0,0.0,0.0,399600.0,399600.0
4531,393300.0,0.0,0.0,393300.0,393300.0
4532,390080.0,0.0,0.0,390080.0,390080.0
4533,390680.0,0.0,0.0,390680.0,390680.0
4534,374680.0,0.0,0.0,374680.0,374680.0
4535,347660.0,0.0,0.0,347660.0,347660.0
4536,326120.0,0.0,0.0,326120.0,326120.0
4537,293320.0,0.0,0.0,293320.0,293320.0
4538,293320.0,46.5,19762.5,273557.5,273557.5
4539,293320.0,119.25,50681.25,242638.75,242638.75
4540,300100.0,187.95,79878.74999999999,220221.25,220221.25
4541,299500.0,330.8,140590.00000000003,158909.99999999997,158909.99999999997
4542,322840.0,436.6,185555.00000000003,137284.99999999997,137284.99999999997
4543,371140.0,602.1,255892.5,115247.5,115247.5
4544,374940.0,689.95,293228.75000000006,81711.24999999994,81711.24999999994
4545,335100.0,573.05,243546.25,91553.75,91553.75
4546,348420.0,434.2,184535.0,163885.0,163885.0
4547,322040.0,403.15,171338.74999999997,150701.25000000003,150701.25000000003
4548,314540.0,322.55,137083.75,177456.25,177456.25
4549,263840.0,187.5,79687.5,184152.5,184152.5
4550,279860.0,73.25,31131.25,248728.75,248728.75
4551,269360.0,0.0,0.0,269360.0,269360.0
4552,905860.0,0.0,0.0,905860.0,905860.0
4553,388380.0,0.0,0.0,388380.0,388380.0
4554,399600.0,0.0,0.0,399600.0,399600.0
4555,393300.0,0.0,0.0,393300.0,393300.0
4556,390080.0,0.0,0.0,390080.0,390080.0
4557,390680.0,0.0,0.0,390680.0,390680.0
4558,374680.0,0.0,0.0,374680.0,374680.0
4559,347660.0,0.0,0.0,347660.0,347660.0
4560,326120.0,0.0,0.0,326120.0,326120.0
4561,293320.0,0.0,0.0,293320.0,293320.0
4562,293320.0,54.3,23077.499999999996,270242.5,270242.5
4563,293320.0,207.65,88251.25,205068.75,205068.75
4564,300100.0,396.55,168533.75,131566.25,131566.25
4565,299500.0,551.55,234408.75,65091.25,65091.25
4566,322840.0,748.9,318282.5,4557.5,4557.5
4567,371140.0,719.55,305808.74999999994,65331.25000000006,65331.25000000006
4568,374940.0,743.95,316178.75,58761.25,58761.25
4569,335100.0,721.85,306786.25,28313.75,28313.75
4570,348420.0,505.85,214986.25,133433.75,133433.75
4571,322040.0,488.15,207463.75,114576.25,114576.25
4572,314540.0,398.3,169277.5,145262.5,145262.5
4573,263840.0,232.3,98727.5,165112.5,165112.5
4574,279860.0,84.0,35700.0,244160.0,244160.0
4575,269360.0,0.0,0.0,269360.0,269360.0
4576,905860.0,0.0,0.0,905860.0,905860.0
4577,388380.0,0.0,0.0,388380.0,388380.0
4578,399600.0,0.0,0.0,399600.0,399600.0
4579,393300.0,0.0,0.0,393300.0,393300.0
4580,390080.0,0.0,0.0,390080.0,390080.0
4581,390680.0,0.0,0.0,390680.0,390680.0
4582,374680.0,0.0,0.0,374680.0,374680.0
4583,347660.0,0.0,0.0,347660.0,347660.0
4584,326120.0,0.0,0.0,326120.0,326120.0
4585,406760.0,0.0,0.0,406760.0,406760.0
4586,406760.0,48.4,20570.0,386190.0,386190.0
4587,335720.0,188.5,80112.5,255607.5,255607.5
4588,347020.0,350.75,149068.75,197951.25,197951.25
4589,346420.0,491.95,209078.75,137341.25,137341.25
4590,354140.0,574.55,244183.75,109956.25,109956.25
4591,310440.0,696.3,295927.49999999994,14512.500000000058,14512.500000000058
4592,316740.0,715.0,303875.0,12865.0,12865.0
4593,382840.0,831.35,353323.75,29516.25,29516.25
4594,393460.0,663.85,282136.25,111323.75,111323.75
4595,446560.0,528.3,224527.5,222032.5,222032.5
4596,402060.0,367.0,155975.0,246085.0,246085.0
4597,365580.0,178.75,75968.75,289611.25,289611.25
4598,1070760.0,57.35,24373.75,1046386.25,1000000.0
4599,481580.0,0.0,0.0,481580.0,481580.0
4600,416700.0,0.0,0.0,416700.0,416700.0
4601,424900.0,0.0,0.0,424900.0,424900.0
4602,425900.0,0.0,0.0,425900.0,425900.0
4603,464400.0,0.0,0.0,464400.0,464400.0
4604,467000.0,0.0,0.0,467000.0,467000.0
4605,467200.0,0.0,0.0,467200.0,467200.0
4606,403580.0,0.0,0.0,403580.0,403580.0
4607,403580.0,0.0,0.0,403580.0,403580.0
4608,403580.0,0.0,0.0,403580.0,403580.0
4609,406760.0,0.0,0.0,406760.0,406760.0
4610,406760.0,43.25,18381.25,388378.75,388378.75
4611,335720.0,186.65,79326.25,256393.75,256393.75
4612,347020.0,305.05,129646.25,217373.75,217373.75
4613,346420.0,479.95,203978.75,142441.25,142441.25
4614,354140.0,568.3,241527.49999999994,112612.50000000006,112612.50000000006
4615,310440.0,673.55,286258.75,24181.25,24181.25
4616,316740.0,628.65,267176.24999999994,49563.75000000006,49563.75000000006
4617,382840.0,691.55,293908.75,88931.25,88931.25
4618,393460.0,534.3,227077.5,166382.5,166382.5
4619,446560.0,422.95,179753.75,266806.25,266806.25
4620,402060.0,363.15,154338.75,247721.25,247721.25
4621,365580.0,203.55,86508.75,279071.25,279071.25
4622,1070760.0,68.3,29027.5,1041732.5,1000000.0
4623,481580.0,0.0,0.0,481580.0,481580.0
4624,416700.0,0.0,0.0,416700.0,416700.0
4625,424900.0,0.0,0.0,424900.0,424900.0
4626,425900.0,0.0,0.0,425900.0,425900.0
4627,464400.0,0.0,0.0,464400.0,464400.0
4628,467000.0,0.0,0.0,467000.0,467000.0
4629,467200.0,0.0,0.0,467200.0,467200.0
4630,403580.0,0.0,0.0,403580.0,403580.0
4631,403580.0,0.0,0.0,403580.0,403580.0
4632,403580.0,0.0,0.0,403580.0,403580.0
4633,293320.0,0.0,0.0,293320.0,293320.0
4634,293320.0,43.45,18466.25,274853.75,274853.75
4635,293320.0,187.95,79878.74999999999,213441.25,213441.25
4636,300100.0,350.6,149005.0,151095.0,151095.0
4637,299500.0,471.35,200323.75000000003,99176.24999999997,99176.24999999997
4638,322840.0,569.35,241973.75,80866.25,80866.25
4639,371140.0,609.45,259016.25,112123.75,112123.75
4640,374940.0,723.3,307402.5,67537.5,67537.5
4641,335100.0,629.1,267367.5,67732.5,67732.5
4642,348420.0,578.0,245650.0,102770.0,102770.0
4643,322040.0,463.25,196881.25,125158.75,125158.75
4644,314540.0,346.25,147156.25,167383.75,167383.75
4645,263840.0,206.35,87698.75,176141.25,176141.25
4646,279860.0,79.3,33702.5,246157.5,246157.5
4647,269360.0,0.0,0.0,269360.0,269360.0
4648,905860.0,0.0,0.0,905860.0,905860.0
4649,388380.0,0.0,0.0,388380.0,388380.0
4650,399600.0,0.0,0.0,399600.0,399600.0
4651,393300.0,0.0,0.0,393300.0,393300.0
4652,390080.0,0.0,0.0,390080.0,390080.0
4653,390680.0,0.0,0.0,390680.0,390680.0
4654,374680.0,0.0,0.0,374680.0,374680.0
4655,347660.0,0.0,0.0,347660.0,347660.0
4656,326120.0,0.0,0.0,326120.0,326120.0
4657,293320.0,0.0,0.0,293320.0,293320.0
4658,293320.0,43.0,18275.0,275045.0,275045.0
4659,293320.0,156.2,66384.99999999999,226935.0,226935.0
4660,300100.0,287.15,122038.74999999997,178061.25000000003,178061.25000000003
4661,299500.0,551.95,234578.75,64921.25,64921.25
4662,322840.0,697.0,296225.0,26615.0,26615.0
4663,371140.0,761.15,323488.75,47651.25,47651.25
4664,374940.0,787.55,334708.75,40231.25,40231.25
4665,335100.0,786.35,334198.75,901.25,901.25
4666,348420.0,672.2,285685.0,62735.0,62735.0
4667,322040.0,571.65,242951.25,79088.75,79088.75
4668,314540.0,450.35,191398.75,123141.25,123141.25
4669,263840.0,251.7,106972.49999999999,156867.5,156867.5
4670,279860.0,84.5,35912.5,243947.5,243947.5
4671,269360.0,0.0,0.0,269360.0,269360.0
4672,905860.0,0.0,0.0,905860.0,905860.0
4673,388380.0,0.0,0.0,388380.0,388380.0
4674,399600.0,0.0,0.0,399600.0,399600.0
4675,393300.0,0.0,0.0,393300.0,393300.0
4676,390080.0,0.0,0.0,390080.0,390080.0
4677,390680.0,0.0,0.0,390680.0,390680.0
4678,374680.0,0.0,0.0,374680.0,374680.0
4679,347660.0,0.0,0.0,347660.0,347660.0
4680,326120.0,0.0,0.0,326120.0,326120.0
4681,293320.0,0.0,0.0,293320.0,293320.0
4682,293320.0,44.7,18997.5,274322.5,274322.5
4683,293320.0,149.7,63622.5,229697.5,229697.5
4684,300100.0,267.25,113581.25,186518.75,186518.75
4685,299500.0,476.75,202618.75,96881.25,96881.25
4686,322840.0,518.35,220298.75,102541.25,102541.25
4687,371140.0,599.15,254638.75,116501.25,116501.25
4688,374940.0,704.8,299540.0,75400.0,75400.0
4689,335100.0,682.5,290062.5,45037.5,45037.5
4690,348420.0,583.6,248030.0,100390.0,100390.0
4691,322040.0,508.3,216027.5,106012.5,106012.5
4692,314540.0,395.3,168002.5,146537.5,146537.5
4693,263840.0,249.85,106186.25,157653.75,157653.75
4694,279860.0,83.95,35678.75,244181.25,244181.25
4695,269360.0,0.0,0.0,269360.0,269360.0
4696,905860.0,0.0,0.0,905860.0,905860.0
4697,388380.0,0.0,0.0,388380.0,388380.0
4698,399600.0,0.0,0.0,399600.0,399600.0
4699,393300.0,0.0,0.0,393300.0,393300.0
4700,390080.0,0.0,0.0,390080.0,390080.0
4701,390680.0,0.0,0.0,390680.0,390680.0
4702,374680.0,0.0,0.0,374680.0,374680.0
4703,347660.0,0.0,0.0,347660.0,347660.0
4704,326120.0,0.0,0.0,326120.0,326120.0
4705,293320.0,0.0,0.0,293320.0,293320.0
4706,293320.0,39.85,16936.25,276383.75,276383.75
4707,293320.0,188.85,80261.25,213058.75,213058.75
4708,300100.0,382.95,162753.75,137346.25,137346.25
4709,299500.0,572.85,243461.25,56038.75,56038.75
4710,322840.0,709.85,301686.25,21153.75,21153.75
4711,371140.0,792.45,336791.25000000006,34348.74999999994,34348.74999999994
4712,374940.0,877.85,373086.25,1853.75,1853.75
4713,335100.0,851.8,362015.0,0.0,0.0
4714,348420.0,704.1,299242.50000000006,49177.49999999994,49177.49999999994
4715,322040.0,552.95,235003.75,87036.25,87036.25
4716,314540.0,328.1,139442.5,175097.5,175097.5
4717,263840.0,174.75,74268.75,189571.25,189571.25
4718,279860.0,50.15,21313.75,258546.25,258546.25
4719,269360.0,0.0,0.0,269360.0,269360.0
4720,905860.0,0.0,0.0,905860.0,905860.0
4721,388380.0,0.0,0.0,388380.0,388380.0
4722,399600.0,0.0,0.0,399600.0,399600.0
4723,393300.0,0.0,0.0,393300.0,393300.0
4724,390080.0,0.0,0.0,390080.0,390080.0
4725,390680.0,0.0,0.0,390680.0,390680.0
4726,374680.0,0.0,0.0,374680.0,374680.0
4727,347660.0,0.0,0.0,347660.0,347660.0
4728,326120.0,0.0,0.0,326120.0,326120.0
4729,293320.0,0.0,0.0,293320.0,293320.0
4730,293320.0,18.4,7820.0,285500.0,285500.0
4731,293320.0,78.8,33490.0,259830.0,259830.0
4732,300100.0,103.25,43881.25,256218.75,256218.75
4733,299500.0,168.4,71570.0,227930.0,227930.0
4734,322840.0,582.0,247350.0,75490.0,75490.0
4735,371140.0,773.0,328525.0,42615.0,42615.0
4736,374940.0,759.7,322872.5,52067.5,52067.5
4737,335100.0,673.65,286301.25,48798.75,48798.75
4738,348420.0,690.65,293526.25,54893.75,54893.75
4739,322040.0,396.95,168703.74999999997,153336.25000000003,153336.25000000003
4740,314540.0,265.0,112625.0,201915.0,201915.0
4741,263840.0,175.45,74566.25,189273.75,189273.75
4742,279860.0,69.75,29643.75,250216.25,250216.25
4743,269360.0,0.0,0.0,269360.0,269360.0
4744,905860.0,0.0,0.0,905860.0,905860.0
4745,388380.0,0.0,0.0,388380.0,388380.0
4746,399600.0,0.0,0.0,399600.0,399600.0
4747,393300.0,0.0,0.0,393300.0,393300.0
4748,390080.0,0.0,0.0,390080.0,390080.0
4749,390680.0,0.0,0.0,390680.0,390680.0
4750,374680.0,0.0,0.0,374680.0,374680.0
4751,347660.0,0.0,0.0,347660.0,347660.0
4752,326120.0,0.0,0.0,326120.0,326120.0
4753,406760.0,0.0,0.0,406760.0,406760.0
4754,406760.0,45.65,19401.249999999996,387358.75,387358.75
4755,335720.0,192.05,81621.25,254098.75,254098.75
4756,347020.0,381.95,162328.75,184691.25,184691.25
4757,346420.0,569.3,241952.49999999994,104467.50000000006,104467.50000000006
4758,354140.0,723.55,307508.74999999994,46631.25000000006,46631.25000000006
4759,310440.0,830.45,352941.25,0.0,0.0
4760,316740.0,817.4,347395.0,0.0,0.0
4761,382840.0,807.25,343081.25,39758.75,39758.75
4762,393460.0,690.85,293611.25000000006,99848.74999999994,99848.74999999994
4763,446560.0,604.75,257018.75,189541.25,189541.25
4764,402060.0,422.6,179605.00000000003,222454.99999999997,222454.99999999997
4765,365580.0,246.8,104890.00000000001,260690.0,260690.0
4766,1070760.0,64.95,27603.750000000004,1043156.25,1000000.0
4767,481580.0,0.0,0.0,481580.0,481580.0
4768,416700.0,0.0,0.0,416700.0,416700.0
4769,424900.0,0.0,0.0,424900.0,424900.0
4770,425900.0,0.0,0.0,425900.0,425900.0
4771,464400.0,0.0,0.0,464400.0,464400.0
4772,467000.0,0.0,0.0,467000.0,467000.0
4773,467200.0,0.0,0.0,467200.0,467200.0
4774,403580.0,0.0,0.0,403580.0,403580.0
4775,403580.0,0.0,0.0,403580.0,403580.0
4776,403580.0,0.0,0.0,403580.0,403580.0
4777,406760.0,0.0,0.0,406760.0,406760.0
4778,406760.0,42.95,18253.75,388506.25,388506.25
4779,335720.0,165.55,70358.75,265361.25,265361.25
4780,347020.0,323.3,137402.50000000003,209617.49999999997,209617.49999999997
4781,346420.0,500.55,212733.75000000003,133686.24999999997,133686.24999999997
4782,354140.0,649.45,276016.25000000006,78123.74999999994,78123.74999999994
4783,310440.0,742.65,315626.25,0.0,0.0
4784,316740.0,670.0,284750.0,31990.0,31990.0
4785,382840.0,780.05,331521.24999999994,51318.75000000006,51318.75000000006
4786,393460.0,728.45,309591.25,83868.75,83868.75
4787,446560.0,596.25,253406.25,193153.75,193153.75
4788,402060.0,391.3,166302.50000000003,235757.49999999997,235757.49999999997
4789,365580.0,213.65,90801.25,274778.75,274778.75
4790,1070760.0,76.35,32448.75,1038311.25,1000000.0
4791,481580.0,0.0,0.0,481580.0,481580.0
4792,416700.0,0.0,0.0,416700.0,416700.0
4793,424900.0,0.0,0.0,424900.0,424900.0
4794,425900.0,0.0,0.0,425900.0,425900.0
4795,464400.0,0.0,0.0,464400.0,464400.0
4796,467000.0,0.0,0.0,467000.0,467000.0
4797,467200.0,0.0,0.0,467200.0,467200.0
4798,403580.0,0.0,0.0,403580.0,403580.0
4799,403580.0,0.0,0.0,403580.0,403580.0
4800,403580.0,0.0,0.0,403580.0,403580.0
4801,293320.0,0.0,0.0,293320.0,293320.0
4802,293320.0,38.25,16256.25,277063.75,277063.75
4803,293320.0,159.35,67723.75,225596.25,225596.25
4804,300100.0,336.25,142906.25,157193.75,157193.75
4805,299500.0,426.3,181177.5,118322.5,118322.5
4806,322840.0,583.5,247987.5,74852.5,74852.5
4807,371140.0,711.7,302472.5,68667.5,68667.5
4808,374940.0,795.95,338278.75,36661.25,36661.25
4809,335100.0,780.6,331755.00000000006,3344.999999999942,3344.999999999942
4810,348420.0,614.0,260950.0,87470.0,87470.0
4811,322040.0,412.25,175206.25,146833.75,146833.75
4812,314540.0,330.2,140335.0,174205.0,174205.0
4813,263840.0,168.35,71548.75,192291.25,192291.25
4814,279860.0,71.35,30323.75,249536.25,249536.25
4815,269360.0,0.0,0.0,269360.0,269360.0
4816,905860.0,0.0,0.0,905860.0,905860.0
4817,388380.0,0.0,0.0,388380.0,388380.0
4818,399600.0,0.0,0.0,399600.0,399600.0
4819,393300.0,0.0,0.0,393300.0,393300.0
4820,390080.0,0.0,0.0,390080.0,390080.0
4821,390680.0,0.0,0.0,390680.0,390680.0
4822,374680.0,0.0,0.0,374680.0,374680.0
4823,347660.0,0.0,0.0,347660.0,347660.0
4824,326120.0,0.0,0.0,326120.0,326120.0
4825,293320.0,0.0,0.0,293320.0,293320.0
4826,293320.0,37.95,16128.750000000002,277191.25,277191.25
4827,293320.0,166.1,70592.5,222727.5,222727.5
4828,300100.0,311.75,132493.75,167606.25,167606.25
4829,299500.0,429.9,182707.5,116792.5,116792.5
4830,322840.0,627.5,266687.5,56152.5,56152.5
4831,371140.0,666.9,283432.49999999994,87707.50000000006,87707.50000000006
4832,374940.0,801.35,340573.75,34366.25,34366.25
4833,335100.0,794.75,337768.75,0.0,0.0
4834,348420.0,660.4,280670.0,67750.0,67750.0
4835,322040.0,536.65,228076.25,93963.75,93963.75
4836,314540.0,418.3,177777.5,136762.5,136762.5
4837,263840.0,214.9,91332.5,172507.5,172507.5
4838,279860.0,69.3,29452.5,250407.5,250407.5
4839,269360.0,0.0,0.0,269360.0,269360.0
4840,905860.0,0.0,0.0,905860.0,905860.0
4841,388380.0,0.0,0.0,388380.0,388380.0
4842,399600.0,0.0,0.0,399600.0,399600.0
4843,393300.0,0.0,0.0,393300.0,393300.0
4844,390080.0,0.0,0.0,390080.0,390080.0
4845,390680.0,0.0,0.0,390680.0,390680.0
4846,374680.0,0.0,0.0,374680.0,374680.0
4847,347660.0,0.0,0.0,347660.0,347660.0
4848,326120.0,0.0,0.0,326120.0,326120.0
4849,293320.0,0.0,0.0,293320.0,293320.0
4850,293320.0,39.5,16787.5,276532.5,276532.5
4851,293320.0,178.7,75947.5,217372.5,217372.5
4852,300100.0,334.1,141992.5,158107.5,158107.5
4853,299500.0,455.15,193438.75,106061.25,106061.25
4854,322840.0,636.85,270661.25,52178.75,52178.75
4855,371140.0,677.45,287916.25,83223.75,83223.75
4856,374940.0,774.55,329183.75,45756.25,45756.25
4857,335100.0,661.45,281116.25000000006,53983.74999999994,53983.74999999994
4858,348420.0,651.8,277014.99999999994,71405.00000000006,71405.00000000006
4859,322040.0,550.4,233920.0,88120.0,88120.0
4860,314540.0,401.3,170552.5,143987.5,143987.5
4861,263840.0,236.2,100385.0,163455.0,163455.0
4862,279860.0,79.4,33745.00000000001,246115.0,246115.0
4863,269360.0,0.0,0.0,269360.0,269360.0
4864,905860.0,0.0,0.0,905860.0,905860.0
4865,388380.0,0.0,0.0,388380.0,388380.0
4866,399600.0,0.0,0.0,399600.0,399600.0
4867,393300.0,0.0,0.0,393300.0,393300.0
4868,390080.0,0.0,0.0,390080.0,390080.0
4869,390680.0,0.0,0.0,390680.0,390680.0
4870,374680.0,0.0,0.0,374680.0,374680.0
4871,347660.0,0.0,0.0,347660.0,347660.0
4872,326120.0,0.0,0.0,326120.0,326120.0
4873,293320.0,0.0,0.0,293320.0,293320.0
4874,293320.0,35.55,15108.75,278211.25,278211.25
4875,293320.0,165.3,70252.5,223067.5,223067.5
4876,300100.0,329.15,139888.75,160211.25,160211.25
4877,299500.0,453.2,192610.0,106890.0,106890.0
4878,322840.0,703.85,299136.25,23703.75,23703.75
4879,371140.0,752.7,319897.5,51242.5,51242.5
4880,374940.0,834.0,354450.0,20490.0,20490.0
4881,335100.0,788.25,335006.25,93.75,93.75
4882,348420.0,710.05,301771.25,46648.75,46648.75
4883,322040.0,555.7,236172.50000000003,85867.49999999997,85867.49999999997
4884,314540.0,390.9,166132.49999999997,148407.50000000003,148407.50000000003
4885,263840.0,219.8,93415.00000000001,170425.0,170425.0
4886,279860.0,73.55,31258.749999999993,248601.25,248601.25
4887,269360.0,0.0,0.0,269360.0,269360.0
4888,905860.0,0.0,0.0,905860.0,905860.0
4889,388380.0,0.0,0.0,388380.0,388380.0
4890,399600.0,0.0,0.0,399600.0,399600.0
4891,393300.0,0.0,0.0,393300.0,393300.0
4892,390080.0,0.0,0.0,390080.0,390080.0
4893,390680.0,0.0,0.0,390680.0,390680.0
4894,374680.0,0.0,0.0,374680.0,374680.0
4895,347660.0,0.0,0.0,347660.0,347660.0
4896,326120.0,0.0,0.0,326120.0,326120.0
4897,293320.0,0.0,0.0,293320.0,293320.0
4898,293320.0,32.4,13770.0,279550.0,279550.0
4899,293320.0,163.6,69530.0,223790.0,223790.0
4900,300100.0,326.95,138953.74999999997,161146.25000000003,161146.25000000003
4901,299500.0,520.1,221042.5,78457.5,78457.5
4902,322840.0,681.2,289510.0,33330.0,33330.0
4903,371140.0,811.55,344908.75,26231.25,26231.25
4904,374940.0,839.5,356787.5,18152.5,18152.5
4905,335100.0,785.85,333986.25,1113.75,1113.75
4906,348420.0,766.55,325783.75,22636.25,22636.25
4907,322040.0,568.4,241570.0,80470.0,80470.0
4908,314540.0,425.35,180773.75,133766.25,133766.25
4909,263840.0,235.85,100236.25,163603.75,163603.75
4910,279860.0,68.25,29006.25,250853.75,250853.75
4911,269360.0,0.0,0.0,269360.0,269360.0
4912,905860.0,0.0,0.0,905860.0,905860.0
4913,388380.0,0.0,0.0,388380.0,388380.0
4914,399600.0,0.0,0.0,399600.0,399600.0
4915,393300.0,0.0,0.0,393300.0,393300.0
4916,390080.0,0.0,0.0,390080.0,390080.0
4917,390680.0,0.0,0.0,390680.0,390680.0
4918,374680.0,0.0,0.0,374680.0,374680.0
4919,347660.0,0.0,0.0,347660.0,347660.0
4920,326120.0,0.0,0.0,326120.0,326120.0
4921,406760.0,0.0,0.0,406760.0,406760.0
4922,406760.0,36.8,15640.0,391120.0,391120.0
4923,335720.0,149.65,63601.25,272118.75,272118.75
4924,347020.0,341.35,145073.75000000003,201946.24999999997,201946.24999999997
4925,346420.0,498.2,211735.0,134685.0,134685.0
4926,354140.0,693.35,294673.75,59466.25,59466.25
4927,310440.0,744.7,316497.5,0.0,0.0
4928,316740.0,805.55,342358.75,0.0,0.0
4929,382840.0,792.7,336897.50000000006,45942.49999999994,45942.49999999994
4930,393460.0,627.9,266857.5,126602.5,126602.5
4931,446560.0,615.4,261545.0,185015.0,185015.0
4932,402060.0,421.9,179307.5,222752.5,222752.5
4933,365580.0,213.15,90588.75,274991.25,274991.25
4934,1070760.0,67.75,28793.75,1041966.25,1000000.0
4935,481580.0,0.0,0.0,481580.0,481580.0
4936,416700.0,0.0,0.0,416700.0,416700.0
4937,424900.0,0.0,0.0,424900.0,424900.0
4938,425900.0,0.0,0.0,425900.0,425900.0
4939,464400.0,0.0,0.0,464400.0,464400.0
4940,467000.0,0.0,0.0,467000.0,467000.0
4941,467200.0,0.0,0.0,467200.0,467200.0
4942,403580.0,0.0,0.0,403580.0,403580.0
4943,403580.0,0.0,0.0,403580.0,403580.0
4944,403580.0,0.0,0.0,403580.0,403580.0
4945,406760.0,0.0,0.0,406760.0,406760.0
4946,406760.0,29.7,12622.5,394137.5,394137.5
4947,335720.0,130.95,55653.74999999999,280066.25,280066.25
4948,347020.0,250.15,106313.74999999999,240706.25,240706.25
4949,346420.0,460.85,195861.25000000003,150558.74999999997,150558.74999999997
4950,354140.0,551.35,234323.75,119816.25,119816.25
4951,310440.0,449.2,190910.0,119530.0,119530.0
4952,316740.0,487.65,207251.25,109488.75,109488.75
4953,382840.0,470.15,199813.74999999997,183026.25000000003,183026.25000000003
4954,393460.0,494.5,210162.5,183297.5,183297.5
4955,446560.0,429.2,182409.99999999997,264150.0,264150.0
4956,402060.0,328.9,139782.49999999997,262277.5,262277.5
4957,365580.0,174.3,74077.5,291502.5,291502.5
4958,1070760.0,45.15,19188.749999999996,1051571.25,1000000.0
4959,481580.0,0.0,0.0,481580.0,481580.0
4960,416700.0,0.0,0.0,416700.0,416700.0
4961,424900.0,0.0,0.0,424900.0,424900.0
4962,425900.0,0.0,0.0,425900.0,425900.0
4963,464400.0,0.0,0.0,464400.0,464400.0
4964,467000.0,0.0,0.0,467000.0,467000.0
4965,467200.0,0.0,0.0,467200.0,467200.0
4966,403580.0,0.0,0.0,403580.0,403580.0
4967,403580.0,0.0,0.0,403580.0,403580.0
4968,403580.0,0.0,0.0,403580.0,403580.0
4969,293320.0,0.0,0.0,293320.0,293320.0
4970,293320.0,32.9,13982.5,279337.5,279337.5
4971,293320.0,164.2,69784.99999999999,223535.0,223535.0
4972,300100.0,304.1,129242.50000000001,170857.5,170857.5
4973,299500.0,410.1,174292.5,125207.5,125207.5
4974,322840.0,625.45,265816.25000000006,57023.74999999994,57023.74999999994
4975,371140.0,657.6,279480.00000000006,91659.99999999994,91659.99999999994
4976,374940.0,743.3,315902.5,59037.5,59037.5
4977,335100.0,677.7,288022.50000000006,47077.49999999994,47077.49999999994
4978,348420.0,734.25,312056.25,36363.75,36363.75
4979,322040.0,559.8,237915.0,84125.0,84125.0
4980,314540.0,419.0,178075.0,136465.0,136465.0
4981,263840.0,233.05,99046.25,164793.75,164793.75
4982,279860.0,73.25,31131.25,248728.75,248728.75
4983,269360.0,0.0,0.0,269360.0,269360.0
4984,905860.0,0.0,0.0,905860.0,905860.0
4985,388380.0,0.0,0.0,388380.0,388380.0
4986,399600.0,0.0,0.0,399600.0,399600.0
4987,393300.0,0.0,0.0,393300.0,393300.0
4988,390080.0,0.0,0.0,390080.0,390080.0
4989,390680.0,0.0,0.0,390680.0,390680.0
4990,374680.0,0.0,0.0,374680.0,374680.0
4991,347660.0,0.0,0.0,347660.0,347660.0
4992,326120.0,0.0,0.0,326120.0,326120.0
4993,293320.0,0.0,0.0,293320.0,293320.0
4994,293320.0,30.25,12856.25,280463.75,280463.75
4995,293320.0,134.05,56971.25,236348.75,236348.75
4996,300100.0,303.95,129178.75,170921.25,170921.25
4997,299500.0,506.25,215156.25,84343.75,84343.75
4998,322840.0,548.65,233176.25,89663.75,89663.75
4999,371140.0,711.6,302430.0,68710.0,68710.0
5000,374940.0,708.25,301006.25,73933.75,73933.75
5001,335100.0,717.05,304746.25,30353.75,30353.75
5002,348420.0,647.3,275102.5,73317.5,73317.5
5003,322040.0,556.4,236470.0,85570.0,85570.0
5004,314540.0,396.0,168300.0,146240.0,146240.0
5005,263840.0,194.95,82853.74999999999,180986.25,180986.25
5006,279860.0,57.95,24628.75,255231.25,255231.25
5007,269360.0,0.0,0.0,269360.0,269360.0
5008,905860.0,0.0,0.0,905860.0,905860.0
5009,388380.0,0.0,0.0,388380.0,388380.0
5010,399600.0,0.0,0.0,399600.0,399600.0
5011,393300.0,0.0,0.0,393300.0,393300.0
5012,390080.0,0.0,0.0,390080.0,390080.0
5013,390680.0,0.0,0.0,390680.0,390680.0
5014,374680.0,0.0,0.0,374680.0,374680.0
5015,347660.0,0.0,0.0,347660.0,347660.0
5016,326120.0,0.0,0.0,326120.0,326120.0
5017,293320.0,0.0,0.0,293320.0,293320.0
5018,293320.0,28.65,12176.25,281143.75,281143.75
5019,293320.0,145.9,62007.5,231312.5,231312.5
5020,300100.0,282.8,120190.0,179910.0,179910.0
5021,299500.0,356.75,151618.75,147881.25,147881.25
5022,322840.0,529.1,224867.5,97972.5,97972.5
5023,371140.0,595.75,253193.75,117946.25,117946.25
5024,374940.0,539.35,229223.75,145716.25,145716.25
5025,335100.0,696.05,295821.25,39278.75,39278.75
5026,348420.0,597.75,254043.75,94376.25,94376.25
5027,322040.0,457.35,194373.75000000003,127666.24999999997,127666.24999999997
5028,314540.0,325.05,138146.25,176393.75,176393.75
5029,263840.0,185.25,78731.25,185108.75,185108.75
5030,279860.0,57.85,24586.25,255273.75,255273.75
5031,269360.0,0.0,0.0,269360.0,269360.0
5032,905860.0,0.0,0.0,905860.0,905860.0
5033,388380.0,0.0,0.0,388380.0,388380.0
5034,399600.0,0.0,0.0,399600.0,399600.0
5035,393300.0,0.0,0.0,393300.0,393300.0
5036,390080.0,0.0,0.0,390080.0,390080.0
5037,390680.0,0.0,0.0,390680.0,390680.0
5038,374680.0,0.0,0.0,374680.0,374680.0
5039,347660.0,0.0,0.0,347660.0,347660.0
5040,326120.0,0.0,0.0,326120.0,326120.0
5041,293320.0,0.0,0.0,293320.0,293320.0
5042,293320.0,26.45,11241.249999999998,282078.75,282078.75
5043,293320.0,135.1,57417.5,235902.5,235902.5
5044,300100.0,288.4,122570.0,177530.0,177530.0
5045,299500.0,517.5,219937.49999999997,79562.50000000003,79562.50000000003
5046,322840.0,611.85,260036.25,62803.75,62803.75
5047,371140.0,639.25,271681.25,99458.75,99458.75
5048,374940.0,671.4,285345.0,89595.0,89595.0
5049,335100.0,642.8,273189.99999999994,61910.00000000006,61910.00000000006
5050,348420.0,660.2,280585.0,67835.0,67835.0
5051,322040.0,449.7,191122.5,130917.5,130917.5
5052,314540.0,280.95,119403.75,195136.25,195136.25
5053,263840.0,171.6,72930.0,190910.0,190910.0
5054,279860.0,50.9,21632.5,258227.5,258227.5
5055,269360.0,0.0,0.0,269360.0,269360.0
5056,905860.0,0.0,0.0,905860.0,905860.0
5057,388380.0,0.0,0.0,388380.0,388380.0
5058,399600.0,0.0,0.0,399600.0,399600.0
5059,393300.0,0.0,0.0,393300.0,393300.0
5060,390080.0,0.0,0.0,390080.0,390080.0
5061,390680.0,0.0,0.0,390680.0,390680.0
5062,374680.0,0.0,0.0,374680.0,374680.0
5063,347660.0,0.0,0.0,347660.0,347660.0
5064,326120.0,0.0,0.0,326120.0,326120.0
5065,293320.0,0.0,0.0,293320.0,293320.0
5066,293320.0,31.56,13412.999999999998,279907.0,279907.0
5067,293320.0,168.4,71570.0,221750.0,221750.0
5068,300100.0,360.1,153042.50000000003,147057.49999999997,147057.49999999997
5069,299500.0,547.7,232772.50000000003,66727.49999999997,66727.49999999997
5070,322840.0,695.5,295587.5,27252.5,27252.5
5071,371140.0,814.15,346013.74999999994,25126.25000000006,25126.25000000006
5072,374940.0,835.95,355278.75000000006,19661.24999999994,19661.24999999994
5073,335100.0,823.25,349881.25,0.0,0.0
5074,348420.0,730.65,310526.25,37893.75,37893.75
5075,322040.0,591.95,251578.75000000003,70461.24999999997,70461.24999999997
5076,314540.0,433.15,184088.75,130451.25,130451.25
5077,263840.0,230.55,97983.75,165856.25,165856.25
5078,279860.0,70.85,30111.25,249748.75,249748.75
5079,269360.0,0.0,0.0,269360.0,269360.0
5080,905860.0,0.0,0.0,905860.0,905860.0
5081,388380.0,0.0,0.0,388380.0,388380.0
5082,399600.0,0.0,0.0,399600.0,399600.0
5083,393300.0,0.0,0.0,393300.0,393300.0
5084,390080.0,0.0,0.0,390080.0,390080.0
5085,390680.0,0.0,0.0,390680.0,390680.0
5086,374680.0,0.0,0.0,374680.0,374680.0
5087,347660.0,0.0,0.0,347660.0,347660.0
5088,326120.0,0.0,0.0,326120.0,326120.0
5089,332920.0,0.0,0.0,332920.0,332920.0
5090,288520.0,29.16,12393.0,276127.0,276127.0
5091,277900.0,144.35,61348.75,216551.25,216551.25
5092,312700.0,348.7,148197.5,164502.5,164502.5
5093,312100.0,544.45,231391.25000000003,80708.74999999997,80708.74999999997
5094,325520.0,681.75,289743.75,35776.25,35776.25
5095,299940.0,795.4,338045.0,0.0,0.0
5096,303540.0,871.85,370536.25,0.0,0.0
5097,366820.0,839.7,356872.5,9947.5,9947.5
5098,366940.0,752.5,319812.5,47127.5,47127.5
5099,375540.0,557.95,237128.75,138411.25,138411.25
5100,323040.0,428.65,182176.25,140863.75,140863.75
5101,323040.0,225.8,95965.0,227075.0,227075.0
5102,1034040.0,68.0,28900.0,1005140.0,1000000.0
5103,455360.0,0.0,0.0,455360.0,455360.0
5104,400680.0,0.0,0.0,400680.0,400680.0
5105,401380.0,0.0,0.0,401380.0,401380.0
5106,403280.0,0.0,0.0,403280.0,403280.0
5107,464400.0,0.0,0.0,464400.0,464400.0
5108,467000.0,0.0,0.0,467000.0,467000.0
5109,467200.0,0.0,0.0,467200.0,467200.0
5110,403580.0,0.0,0.0,403580.0,403580.0
5111,403580.0,0.0,0.0,403580.0,403580.0
5112,371540.0,0.0,0.0,371540.0,371540.0
5113,332920.0,0.0,0.0,332920.0,332920.0
5114,288520.0,30.58,12996.5,275523.5,275523.5
5115,277900.0,140.55,59733.75,218166.25,218166.25
5116,312700.0,323.65,137551.25,175148.75,175148.75
5117,312100.0,493.25,209631.25,102468.75,102468.75
5118,325520.0,658.35,279798.75,45721.25,45721.25
5119,299940.0,729.55,310058.74999999994,0.0,0.0
5120,303540.0,818.2,347735.0,0.0,0.0
5121,366820.0,773.9,328907.5,37912.5,37912.5
5122,366940.0,724.85,308061.25,58878.75,58878.75
5123,375540.0,545.65,231901.25,143638.75,143638.75
5124,323040.0,401.3,170552.5,152487.5,152487.5
5125,323040.0,200.7,85297.5,237742.5,237742.5
5126,1034040.0,66.7,28347.500000000004,1005692.5,1000000.0
5127,455360.0,0.0,0.0,455360.0,455360.0
5128,400680.0,0.0,0.0,400680.0,400680.0
5129,401380.0,0.0,0.0,401380.0,401380.0
5130,403280.0,0.0,0.0,403280.0,403280.0
5131,464400.0,0.0,0.0,464400.0,464400.0
5132,467000.0,0.0,0.0,467000.0,467000.0
5133,467200.0,0.0,0.0,467200.0,467200.0
5134,403580.0,0.0,0.0,403580.0,403580.0
5135,403580.0,0.0,0.0,403580.0,403580.0
5136,371540.0,0.0,0.0,371540.0,371540.0
5137,232500.0,0.0,0.0,232500.0,232500.0
5138,232500.0,33.23,14122.749999999996,218377.25,218377.25
5139,232500.0,168.3,71527.5,160972.5,160972.5
5140,286600.0,362.5,154062.5,132537.5,132537.5
5141,286000.0,536.35,227948.75,58051.25,58051.25
5142,299020.0,668.15,283963.75,15056.25,15056.25
5143,350480.0,781.75,332243.75,18236.25,18236.25
5144,354280.0,857.95,364628.75,0.0,0.0
5145,354280.0,840.55,357233.74999999994,0.0,0.0
5146,299280.0,725.15,308188.75,0.0,0.0
5147,309900.0,595.85,253236.25,56663.75,56663.75
5148,308435.0,423.1,179817.50000000003,128617.49999999997,128617.49999999997
5149,256500.0,225.65,95901.25000000001,160598.75,160598.75
5150,246000.0,64.75,27518.75,218481.25,218481.25
5151,256390.0,0.0,0.0,256390.0,256390.0
5152,851090.0,0.0,0.0,851090.0,851090.0
5153,361860.0,0.0,0.0,361860.0,361860.0
5154,373980.0,0.0,0.0,373980.0,373980.0
5155,398100.0,0.0,0.0,398100.0,398100.0
5156,390080.0,0.0,0.0,390080.0,390080.0
5157,383180.0,0.0,0.0,383180.0,383180.0
5158,363460.0,0.0,0.0,363460.0,363460.0
5159,291940.0,0.0,0.0,291940.0,291940.0
5160,270400.0,0.0,0.0,270400.0,270400.0
5161,232500.0,0.0,0.0,232500.0,232500.0
5162,232500.0,28.5,12112.5,220387.5,220387.5
5163,232500.0,168.1,71442.5,161057.5,161057.5
5164,286600.0,310.15,131813.75,154786.25,154786.25
5165,286000.0,504.3,214327.49999999997,71672.50000000003,71672.50000000003
5166,299020.0,533.4,226695.0,72325.0,72325.0
5167,350480.0,603.65,256551.25,93928.75,93928.75
5168,354280.0,707.15,300538.75,53741.25,53741.25
5169,354280.0,672.15,285663.75,68616.25,68616.25
5170,299280.0,568.95,241803.75000000003,57476.24999999997,57476.24999999997
5171,309900.0,435.65,185151.25,124748.75,124748.75
5172,308435.0,328.75,139718.75,168716.25,168716.25
5173,256500.0,183.3,77902.50000000001,178597.5,178597.5
5174,246000.0,63.3,26902.499999999996,219097.5,219097.5
5175,256390.0,0.0,0.0,256390.0,256390.0
5176,851090.0,0.0,0.0,851090.0,851090.0
5177,361860.0,0.0,0.0,361860.0,361860.0
5178,373980.0,0.0,0.0,373980.0,373980.0
5179,398100.0,0.0,0.0,398100.0,398100.0
5180,390080.0,0.0,0.0,390080.0,390080.0
5181,383180.0,0.0,0.0,383180.0,383180.0
5182,363460.0,0.0,0.0,363460.0,363460.0
5183,291940.0,0.0,0.0,291940.0,291940.0
5184,270400.0,0.0,0.0,270400.0,270400.0
5185,232500.0,0.0,0.0,232500.0,232500.0
5186,232500.0,28.27,12014.75,220485.25,220485.25
5187,232500.0,161.3,68552.5,163947.5,163947.5
5188,286600.0,335.75,142693.75,143906.25,143906.25
5189,286000.0,532.5,226312.5,59687.5,59687.5
5190,299020.0,677.75,288043.75,10976.25,10976.25
5191,350480.0,828.95,352303.75000000006,0.0,0.0
5192,354280.0,858.3,364777.5,0.0,0.0
5193,354280.0,851.5,361887.5,0.0,0.0
5194,299280.0,739.25,314181.25,0.0,0.0
5195,309900.0,608.7,258697.5,51202.5,51202.5
5196,308435.0,425.3,180752.5,127682.5,127682.5
5197,256500.0,235.3,100002.5,156497.5,156497.5
5198,246000.0,66.95,28453.750000000004,217546.25,217546.25
5199,256390.0,0.0,0.0,256390.0,256390.0
5200,851090.0,0.0,0.0,851090.0,851090.0
5201,361860.0,0.0,0.0,361860.0,361860.0
5202,373980.0,0.0,0.0,373980.0,373980.0
5203,398100.0,0.0,0.0,398100.0,398100.0
5204,390080.0,0.0,0.0,390080.0,390080.0
5205,383180.0,0.0,0.0,383180.0,383180.0
5206,363460.0,0.0,0.0,363460.0,363460.0
5207,291940.0,0.0,0.0,291940.0,291940.0
5208,270400.0,0.0,0.0,270400.0,270400.0
5209,232500.0,0.0,0.0,232500.0,232500.0
5210,232500.0,30.09,12788.25,219711.75,219711.75
5211,232500.0,160.65,68276.25000000001,164223.75,164223.75
5212,286600.0,357.0,151725.0,134875.0,134875.0
5213,286000.0,537.4,228395.0,57605.0,57605.0
5214,299020.0,684.7,290997.50000000006,8022.499999999942,8022.499999999942
5215,350480.0,738.0,313650.0,36830.0,36830.0
5216,354280.0,800.7,340297.50000000006,13982.499999999942,13982.499999999942
5217,354280.0,740.9,314882.5,39397.5,39397.5
5218,299280.0,632.6,268855.0,30425.0,30425.0
5219,309900.0,424.25,180306.25,129593.75,129593.75
5220,308435.0,239.2,101660.0,206775.0,206775.0
5221,256500.0,77.0,32725.0,223775.0,223775.0
5222,246000.0,24.25,10306.25,235693.75,235693.75
5223,256390.0,0.0,0.0,256390.0,256390.0
5224,851090.0,0.0,0.0,851090.0,851090.0
5225,361860.0,0.0,0.0,361860.0,361860.0
5226,373980.0,0.0,0.0,373980.0,373980.0
5227,398100.0,0.0,0.0,398100.0,398100.0
5228,390080.0,0.0,0.0,390080.0,390080.0
5229,383180.0,0.0,0.0,383180.0,383180.0
5230,363460.0,0.0,0.0,363460.0,363460.0
5231,291940.0,0.0,0.0,291940.0,291940.0
5232,270400.0,0.0,0.0,270400.0,270400.0
5233,232500.0,0.0,0.0,232500.0,232500.0
5234,232500.0,21.06,8950.5,223549.5,223549.5
5235,232500.0,91.05,38696.24999999999,193803.75,193803.75
5236,286600.0,155.2,65959.99999999999,220640.0,220640.0
5237,286000.0,206.25,87656.25,198343.75,198343.75
5238,299020.0,280.55,119233.75,179786.25,179786.25
5239,350480.0,362.95,154253.75,196226.25,196226.25
5240,354280.0,370.9,157632.49999999997,196647.50000000003,196647.50000000003
5241,354280.0,396.2,168385.0,185895.0,185895.0
5242,299280.0,323.85,137636.25,161643.75,161643.75
5243,309900.0,173.95,73928.75,235971.25,235971.25
5244,308435.0,181.9,77307.5,231127.5,231127.5
5245,256500.0,138.7,58947.5,197552.5,197552.5
5246,246000.0,26.55,11283.75,234716.25,234716.25
5247,256390.0,0.0,0.0,256390.0,256390.0
5248,851090.0,0.0,0.0,851090.0,851090.0
5249,361860.0,0.0,0.0,361860.0,361860.0
5250,373980.0,0.0,0.0,373980.0,373980.0
5251,398100.0,0.0,0.0,398100.0,398100.0
5252,390080.0,0.0,0.0,390080.0,390080.0
5253,383180.0,0.0,0.0,383180.0,383180.0
5254,363460.0,0.0,0.0,363460.0,363460.0
5255,291940.0,0.0,0.0,291940.0,291940.0
5256,270400.0,0.0,0.0,270400.0,270400.0
5257,332920.0,0.0,0.0,332920.0,332920.0
5258,288520.0,28.0,11900.0,276620.0,276620.0
5259,277900.0,124.7,52997.5,224902.5,224902.5
5260,312700.0,248.35,105548.75,207151.25,207151.25
5261,312100.0,428.7,182197.49999999997,129902.50000000003,129902.50000000003
5262,325520.0,647.9,275357.5,50162.5,50162.5
5263,299940.0,563.05,239296.24999999994,60643.75000000006,60643.75000000006
5264,303540.0,417.1,177267.5,126272.5,126272.5
5265,366820.0,421.25,179031.25,187788.75,187788.75
5266,366940.0,389.2,165410.0,201530.0,201530.0
5267,375540.0,305.35,129773.75,245766.25,245766.25
5268,323040.0,256.65,109076.25,213963.75,213963.75
5269,323040.0,89.9,38207.50000000001,284832.5,284832.5
5270,1034040.0,40.55,17233.749999999996,1016806.25,1000000.0
5271,455360.0,0.0,0.0,455360.0,455360.0
5272,400680.0,0.0,0.0,400680.0,400680.0
5273,401380.0,0.0,0.0,401380.0,401380.0
5274,403280.0,0.0,0.0,403280.0,403280.0
5275,464400.0,0.0,0.0,464400.0,464400.0
5276,467000.0,0.0,0.0,467000.0,467000.0
5277,467200.0,0.0,0.0,467200.0,467200.0
5278,403580.0,0.0,0.0,403580.0,403580.0
5279,403580.0,0.0,0.0,403580.0,403580.0
5280,371540.0,0.0,0.0,371540.0,371540.0
5281,332920.0,0.0,0.0,332920.0,332920.0
5282,288520.0,22.03,9362.75,279157.25,279157.25
5283,277900.0,118.2,50235.0,227665.0,227665.0
5284,312700.0,285.3,121252.5,191447.5,191447.5
5285,312100.0,409.8,174165.0,137935.0,137935.0
5286,325520.0,546.85,232411.25000000003,93108.74999999997,93108.74999999997
5287,299940.0,684.8,291040.0,8900.0,8900.0
5288,303540.0,763.3,324402.5,0.0,0.0
5289,366820.0,737.65,313501.25,53318.75,53318.75
5290,366940.0,622.1,264392.5,102547.5,102547.5
5291,375540.0,444.5,188912.5,186627.5,186627.5
5292,323040.0,372.6,158355.00000000003,164684.99999999997,164684.99999999997
5293,323040.0,200.15,85063.75,237976.25,237976.25
5294,1034040.0,55.05,23396.249999999996,1010643.75,1000000.0
5295,455360.0,0.0,0.0,455360.0,455360.0
5296,400680.0,0.0,0.0,400680.0,400680.0
5297,401380.0,0.0,0.0,401380.0,401380.0
5298,403280.0,0.0,0.0,403280.0,403280.0
5299,464400.0,0.0,0.0,464400.0,464400.0
5300,467000.0,0.0,0.0,467000.0,467000.0
5301,467200.0,0.0,0.0,467200.0,467200.0
5302,403580.0,0.0,0.0,403580.0,403580.0
5303,403580.0,0.0,0.0,403580.0,403580.0
5304,371540.0,0.0,0.0,371540.0,371540.0
5305,232500.0,0.0,0.0,232500.0,232500.0
5306,232500.0,25.91,11011.75,221488.25,221488.25
5307,232500.0,118.25,50256.25,182243.75,182243.75
5308,286600.0,305.85,129986.25,156613.75,156613.75
5309,286000.0,518.85,220511.25000000003,65488.74999999997,65488.74999999997
5310,299020.0,618.15,262713.75,36306.25,36306.25
5311,350480.0,664.2,282285.0,68195.0,68195.0
5312,354280.0,769.2,326910.0,27370.0,27370.0
5313,354280.0,776.2,329885.0,24395.0,24395.0
5314,299280.0,640.5,272212.5,27067.5,27067.5
5315,309900.0,536.65,228076.25,81823.75,81823.75
5316,308435.0,371.25,157781.25,150653.75,150653.75
5317,256500.0,208.55,88633.75,167866.25,167866.25
5318,246000.0,55.15,23438.75,222561.25,222561.25
5319,256390.0,0.0,0.0,256390.0,256390.0
5320,851090.0,0.0,0.0,851090.0,851090.0
5321,361860.0,0.0,0.0,361860.0,361860.0
5322,373980.0,0.0,0.0,373980.0,373980.0
5323,398100.0,0.0,0.0,398100.0,398100.0
5324,390080.0,0.0,0.0,390080.0,390080.0
5325,383180.0,0.0,0.0,383180.0,383180.0
5326,363460.0,0.0,0.0,363460.0,363460.0
5327,291940.0,0.0,0.0,291940.0,291940.0
5328,270400.0,0.0,0.0,270400.0,270400.0
5329,232500.0,0.0,0.0,232500.0,232500.0
5330,232500.0,23.27,9889.75,222610.25,222610.25
5331,232500.0,112.9,47982.5,184517.5,184517.5
5332,286600.0,288.15,122463.74999999997,164136.25000000003,164136.25000000003
5333,286000.0,451.7,191972.5,94027.5,94027.5
5334,299020.0,582.75,247668.75,51351.25,51351.25
5335,350480.0,727.45,309166.25,41313.75,41313.75
5336,354280.0,690.4,293420.0,60860.0,60860.0
5337,354280.0,681.35,289573.75,64706.25,64706.25
5338,299280.0,656.6,279055.00000000006,20224.99999999994,20224.99999999994
5339,309900.0,534.7,227247.50000000003,82652.49999999997,82652.49999999997
5340,308435.0,374.85,159311.25,149123.75,149123.75
5341,256500.0,169.0,71825.0,184675.0,184675.0
5342,246000.0,46.1,19592.5,226407.5,226407.5
5343,256390.0,0.0,0.0,256390.0,256390.0
5344,851090.0,0.0,0.0,851090.0,851090.0
5345,361860.0,0.0,0.0,361860.0,361860.0
5346,373980.0,0.0,0.0,373980.0,373980.0
5347,398100.0,0.0,0.0,398100.0,398100.0
5348,390080.0,0.0,0.0,390080.0,390080.0
5349,383180.0,0.0,0.0,383180.0,383180.0
5350,363460.0,0.0,0.0,363460.0,363460.0
5351,291940.0,0.0,0.0,291940.0,291940.0
5352,270400.0,0.0,0.0,270400.0,270400.0
5353,232500.0,0.0,0.0,232500.0,232500.0
5354,232500.0,26.36,11202.999999999998,221297.0,221297.0
5355,232500.0,134.2,57035.0,175465.0,175465.0
5356,286600.0,248.25,105506.25,181093.75,181093.75
5357,286000.0,334.4,142120.0,143880.0,143880.0
5358,299020.0,458.75,194968.75,104051.25,104051.25
5359,350480.0,683.25,290381.25,60098.75,60098.75
5360,354280.0,576.15,244863.74999999994,109416.25000000006,109416.25000000006
5361,354280.0,673.0,286025.0,68255.0,68255.0
5362,299280.0,495.25,210481.25,88798.75,88798.75
5363,309900.0,394.75,167768.75,142131.25,142131.25
5364,308435.0,320.45,136191.25,172243.75,172243.75
5365,256500.0,152.4,64770.0,191730.0,191730.0
5366,246000.0,48.4,20570.0,225430.0,225430.0
5367,256390.0,0.0,0.0,256390.0,256390.0
5368,851090.0,0.0,0.0,851090.0,851090.0
5369,361860.0,0.0,0.0,361860.0,361860.0
5370,373980.0,0.0,0.0,373980.0,373980.0
5371,398100.0,0.0,0.0,398100.0,398100.0
5372,390080.0,0.0,0.0,390080.0,390080.0
5373,383180.0,0.0,0.0,383180.0,383180.0
5374,363460.0,0.0,0.0,363460.0,363460.0
5375,291940.0,0.0,0.0,291940.0,291940.0
5376,270400.0,0.0,0.0,270400.0,270400.0
5377,232500.0,0.0,0.0,232500.0,232500.0
5378,232500.0,23.39,9940.75,222559.25,222559.25
5379,232500.0,118.35,50298.75,182201.25,182201.25
5380,286600.0,272.5,115812.5,170787.5,170787.5
5381,286000.0,408.85,173761.25000000003,112238.74999999997,112238.74999999997
5382,299020.0,535.8,227715.0,71305.0,71305.0
5383,350480.0,704.85,299561.25,50918.75,50918.75
5384,354280.0,621.3,264052.5,90227.5,90227.5
5385,354280.0,685.6,291380.0,62900.0,62900.0
5386,299280.0,537.35,228373.75,70906.25,70906.25
5387,309900.0,484.05,205721.25000000003,104178.74999999997,104178.74999999997
5388,308435.0,358.35,152298.75,156136.25,156136.25
5389,256500.0,172.0,73100.0,183400.0,183400.0
5390,246000.0,45.5,19337.5,226662.5,226662.5
5391,256390.0,0.0,0.0,256390.0,256390.0
5392,851090.0,0.0,0.0,851090.0,851090.0
5393,361860.0,0.0,0.0,361860.0,361860.0
5394,373980.0,0.0,0.0,373980.0,373980.0
5395,398100.0,0.0,0.0,398100.0,398100.0
5396,390080.0,0.0,0.0,390080.0,390080.0
5397,383180.0,0.0,0.0,383180.0,383180.0
5398,363460.0,0.0,0.0,363460.0,363460.0
5399,291940.0,0.0,0.0,291940.0,291940.0
5400,270400.0,0.0,0.0,270400.0,270400.0
5401,361060.0,0.0,0.0,361060.0,361060.0
5402,361060.0,24.12,10251.000000000002,350809.0,350809.0
5403,288840.0,148.1,62942.499999999985,225897.5,225897.5
5404,298440.0,305.4,129795.0,168645.0,168645.0
5405,297840.0,459.3,195202.5,102637.5,102637.5
5406,352760.0,678.85,288511.25000000006,64248.74999999994,64248.74999999994
5407,361360.0,796.15,338363.75,22996.25,22996.25
5408,362560.0,750.05,318771.25,43788.75,43788.75
5409,351940.0,740.9,314882.5,37057.5,37057.5
5410,351940.0,633.5,269237.5,82702.5,82702.5
5411,434060.0,498.45,211841.25,222218.75,222218.75
5412,381560.0,393.7,167322.5,214237.5,214237.5
5413,381560.0,181.95,77328.75,304231.25,304231.25
5414,381560.0,50.3,21377.5,360182.5,360182.5
5415,402980.0,0.0,0.0,402980.0,402980.0
5416,1104480.0,0.0,0.0,1104480.0,1000000.0
5417,392780.0,0.0,0.0,392780.0,392780.0
5418,404600.0,0.0,0.0,404600.0,404600.0
5419,405200.0,0.0,0.0,405200.0,405200.0
5420,365380.0,0.0,0.0,365380.0,365380.0
5421,365980.0,0.0,0.0,365980.0,365980.0
5422,362080.0,0.0,0.0,362080.0,362080.0
5423,351460.0,0.0,0.0,351460.0,351460.0
5424,351460.0,0.0,0.0,351460.0,351460.0
5425,332920.0,0.0,0.0,332920.0,332920.0
5426,288520.0,23.35,9923.750000000002,278596.25,278596.25
5427,277900.0,142.8,60690.0,217210.0,217210.0
5428,312700.0,320.35,136148.75,176551.25,176551.25
5429,312100.0,420.85,178861.25,133238.75,133238.75
5430,325520.0,493.6,209780.00000000003,115739.99999999997,115739.99999999997
5431,299940.0,747.45,317666.25000000006,0.0,0.0
5432,303540.0,697.25,296331.25,7208.75,7208.75
5433,366820.0,637.9,271107.5,95712.5,95712.5
5434,366940.0,530.35,225398.75,141541.25,141541.25
5435,375540.0,479.3,203702.5,171837.5,171837.5
5436,323040.0,285.1,121167.5,201872.5,201872.5
5437,323040.0,175.25,74481.25,248558.75,248558.75
5438,1034040.0,40.3,17127.499999999996,1016912.5,1000000.0
5439,455360.0,0.0,0.0,455360.0,455360.0
5440,400680.0,0.0,0.0,400680.0,400680.0
5441,401380.0,0.0,0.0,401380.0,401380.0
5442,403280.0,0.0,0.0,403280.0,403280.0
5443,464400.0,0.0,0.0,464400.0,464400.0
5444,467000.0,0.0,0.0,467000.0,467000.0
5445,467200.0,0.0,0.0,467200.0,467200.0
5446,403580.0,0.0,0.0,403580.0,403580.0
5447,403580.0,0.0,0.0,403580.0,403580.0
5448,371540.0,0.0,0.0,371540.0,371540.0
5449,332920.0,0.0,0.0,332920.0,332920.0
5450,288520.0,10.89,4628.25,283891.75,283891.75
5451,277900.0,86.3,36677.5,241222.5,241222.5
5452,312700.0,229.35,97473.75,215226.25,215226.25
5453,312100.0,334.95,142353.74999999997,169746.25000000003,169746.25000000003
5454,325520.0,495.15,210438.75,115081.25,115081.25
5455,299940.0,773.6,328780.00000000006,0.0,0.0
5456,303540.0,698.2,296735.0,6805.0,6805.0
5457,366820.0,681.75,289743.75,77076.25,77076.25
5458,366940.0,570.3,242377.49999999994,124562.50000000006,124562.50000000006
5459,375540.0,494.2,210035.0,165505.0,165505.0
5460,323040.0,305.7,129922.5,193117.5,193117.5
5461,323040.0,150.55,63983.75000000001,259056.25,259056.25
5462,1034040.0,39.9,16957.5,1017082.5,1000000.0
5463,455360.0,0.0,0.0,455360.0,455360.0
5464,400680.0,0.0,0.0,400680.0,400680.0
5465,401380.0,0.0,0.0,401380.0,401380.0
5466,403280.0,0.0,0.0,403280.0,403280.0
5467,464400.0,0.0,0.0,464400.0,464400.0
5468,467000.0,0.0,0.0,467000.0,467000.0
5469,467200.0,0.0,0.0,467200.0,467200.0
5470,403580.0,0.0,0.0,403580.0,403580.0
5471,403580.0,0.0,0.0,403580.0,403580.0
5472,371540.0,0.0,0.0,371540.0,371540.0
5473,232500.0,0.0,0.0,232500.0,232500.0
5474,232500.0,21.91,9311.75,223188.25,223188.25
5475,232500.0,139.15,59138.75,173361.25,173361.25
5476,286600.0,307.5,130687.5,155912.5,155912.5
5477,286000.0,501.25,213031.25,72968.75,72968.75
5478,299020.0,497.75,211543.75,87476.25,87476.25
5479,350480.0,772.7,328397.5,22082.5,22082.5
5480,354280.0,777.95,330628.75,23651.25,23651.25
5481,354280.0,701.8,298265.0,56015.0,56015.0
5482,299280.0,586.5,249262.5,50017.5,50017.5
5483,309900.0,532.85,226461.25,83438.75,83438.75
5484,308435.0,329.3,139952.50000000003,168482.49999999997,168482.49999999997
5485,256500.0,160.75,68318.75,188181.25,188181.25
5486,246000.0,37.7,16022.500000000002,229977.5,229977.5
5487,256390.0,0.0,0.0,256390.0,256390.0
5488,851090.0,0.0,0.0,851090.0,851090.0
5489,361860.0,0.0,0.0,361860.0,361860.0
5490,373980.0,0.0,0.0,373980.0,373980.0
5491,398100.0,0.0,0.0,398100.0,398100.0
5492,390080.0,0.0,0.0,390080.0,390080.0
5493,383180.0,0.0,0.0,383180.0,383180.0
5494,363460.0,0.0,0.0,363460.0,363460.0
5495,291940.0,0.0,0.0,291940.0,291940.0
5496,270400.0,0.0,0.0,270400.0,270400.0
5497,232500.0,0.0,0.0,232500.0,232500.0
5498,232500.0,18.32,7786.0,224714.0,224714.0
5499,232500.0,129.65,55101.25000000001,177398.75,177398.75
5500,286600.0,304.15,129263.75,157336.25,157336.25
5501,286000.0,489.6,208080.00000000003,77919.99999999997,77919.99999999997
5502,299020.0,563.9,239657.5,59362.5,59362.5
5503,350480.0,550.65,234026.25,116453.75,116453.75
5504,354280.0,544.9,231582.49999999994,122697.50000000006,122697.50000000006
5505,354280.0,475.85,202236.25,152043.75,152043.75
5506,299280.0,463.8,197115.0,102165.0,102165.0
5507,309900.0,440.5,187212.5,122687.5,122687.5
5508,308435.0,317.85,135086.25,173348.75,173348.75
5509,256500.0,174.05,73971.25,182528.75,182528.75
5510,246000.0,40.6,17255.000000000004,228745.0,228745.0
5511,256390.0,0.0,0.0,256390.0,256390.0
5512,851090.0,0.0,0.0,851090.0,851090.0
5513,361860.0,0.0,0.0,361860.0,361860.0
5514,373980.0,0.0,0.0,373980.0,373980.0
5515,398100.0,0.0,0.0,398100.0,398100.0
5516,390080.0,0.0,0.0,390080.0,390080.0
5517,383180.0,0.0,0.0,383180.0,383180.0
5518,363460.0,0.0,0.0,363460.0,363460.0
5519,291940.0,0.0,0.0,291940.0,291940.0
5520,270400.0,0.0,0.0,270400.0,270400.0
5521,232500.0,0.0,0.0,232500.0,232500.0
5522,232500.0,21.44,9112.0,223388.0,223388.0
5523,232500.0,142.95,60753.75,171746.25,171746.25
5524,286600.0,276.8,117640.0,168960.0,168960.0
5525,286000.0,423.65,180051.25,105948.75,105948.75
5526,299020.0,523.75,222593.75000000003,76426.24999999997,76426.24999999997
5527,350480.0,557.55,236958.75,113521.25,113521.25
5528,354280.0,581.45,247116.25,107163.75,107163.75
5529,354280.0,662.4,281520.0,72760.0,72760.0
5530,299280.0,615.85,261736.25,37543.75,37543.75
5531,309900.0,480.9,204382.5,105517.5,105517.5
5532,308435.0,344.2,146285.0,162150.0,162150.0
5533,256500.0,178.15,75713.75,180786.25,180786.25
5534,246000.0,36.75,15618.75,230381.25,230381.25
5535,256390.0,0.0,0.0,256390.0,256390.0
5536,851090.0,0.0,0.0,851090.0,851090.0
5537,361860.0,0.0,0.0,361860.0,361860.0
5538,373980.0,0.0,0.0,373980.0,373980.0
5539,398100.0,0.0,0.0,398100.0,398100.0
5540,390080.0,0.0,0.0,390080.0,390080.0
5541,383180.0,0.0,0.0,383180.0,383180.0
5542,363460.0,0.0,0.0,363460.0,363460.0
5543,291940.0,0.0,0.0,291940.0,291940.0
5544,270400.0,0.0,0.0,270400.0,270400.0
5545,232500.0,0.0,0.0,232500.0,232500.0
5546,232500.0,16.21,6889.250000000001,225610.75,225610.75
5547,232500.0,131.9,56057.50000000001,176442.5,176442.5
5548,286600.0,286.45,121741.25,164858.75,164858.75
5549,286000.0,406.45,172741.25,113258.75,113258.75
5550,299020.0,599.8,254915.0,44105.0,44105.0
5551,350480.0,613.5,260737.5,89742.5,89742.5
5552,354280.0,575.9,244757.5,109522.5,109522.5
5553,354280.0,614.25,261056.25,93223.75,93223.75
5554,299280.0,523.1,222317.5,76962.5,76962.5
5555,309900.0,472.0,200600.0,109300.0,109300.0
5556,308435.0,285.2,121210.0,187225.0,187225.0
5557,256500.0,147.2,62560.0,193940.0,193940.0
5558,246000.0,34.3,14577.5,231422.5,231422.5
5559,256390.0,0.0,0.0,256390.0,256390.0
5560,851090.0,0.0,0.0,851090.0,851090.0
5561,361860.0,0.0,0.0,361860.0,361860.0
5562,373980.0,0.0,0.0,373980.0,373980.0
5563,398100.0,0.0,0.0,398100.0,398100.0
5564,390080.0,0.0,0.0,390080.0,390080.0
5565,383180.0,0.0,0.0,383180.0,383180.0
5566,363460.0,0.0,0.0,363460.0,363460.0
5567,291940.0,0.0,0.0,291940.0,291940.0
5568,270400.0,0.0,0.0,270400.0,270400.0
5569,232500.0,0.0,0.0,232500.0,232500.0
5570,232500.0,23.42,9953.500000000002,222546.5,222546.5
5571,232500.0,139.45,59266.25,173233.75,173233.75
5572,286600.0,319.4,135744.99999999997,150855.00000000003,150855.00000000003
5573,286000.0,514.2,218535.0,67465.0,67465.0
5574,299020.0,666.0,283050.0,15970.0,15970.0
5575,350480.0,793.1,337067.5,13412.5,13412.5
5576,354280.0,814.9,346332.5,7947.5,7947.5
5577,354280.0,765.95,325528.75,28751.25,28751.25
5578,299280.0,697.8,296565.0,2715.0,2715.0
5579,309900.0,438.0,186150.0,123750.0,123750.0
5580,308435.0,306.8,130390.0,178045.0,178045.0
5581,256500.0,116.8,49640.0,206860.0,206860.0
5582,246000.0,24.4,10369.999999999998,235630.0,235630.0
5583,256390.0,0.0,0.0,256390.0,256390.0
5584,851090.0,0.0,0.0,851090.0,851090.0
5585,361860.0,0.0,0.0,361860.0,361860.0
5586,373980.0,0.0,0.0,373980.0,373980.0
5587,398100.0,0.0,0.0,398100.0,398100.0
5588,390080.0,0.0,0.0,390080.0,390080.0
5589,383180.0,0.0,0.0,383180.0,383180.0
5590,363460.0,0.0,0.0,363460.0,363460.0
5591,291940.0,0.0,0.0,291940.0,291940.0
5592,270400.0,0.0,0.0,270400.0,270400.0
5593,332920.0,0.0,0.0,332920.0,332920.0
5594,288520.0,20.85,8861.25,279658.75,279658.75
5595,277900.0,111.8,47515.0,230385.0,230385.0
5596,312700.0,231.0,98175.0,214525.0,214525.0
5597,312100.0,176.35,74948.75,237151.25,237151.25
5598,325520.0,353.3,150152.5,175367.5,175367.5
5599,299940.0,566.65,240826.25,59113.75,59113.75
5600,303540.0,500.3,212627.49999999997,90912.50000000003,90912.50000000003
5601,366820.0,489.75,208143.75,158676.25,158676.25
5602,366940.0,548.9,233282.5,133657.5,133657.5
5603,375540.0,522.1,221892.5,153647.5,153647.5
5604,323040.0,338.05,143671.25,179368.75,179368.75
5605,323040.0,157.5,66937.5,256102.5,256102.5
5606,1034040.0,30.3,12877.5,1021162.5,1000000.0
5607,455360.0,0.0,0.0,455360.0,455360.0
5608,400680.0,0.0,0.0,400680.0,400680.0
5609,401380.0,0.0,0.0,401380.0,401380.0
5610,403280.0,0.0,0.0,403280.0,403280.0
5611,464400.0,0.0,0.0,464400.0,464400.0
5612,467000.0,0.0,0.0,467000.0,467000.0
5613,467200.0,0.0,0.0,467200.0,467200.0
5614,403580.0,0.0,0.0,403580.0,403580.0
5615,403580.0,0.0,0.0,403580.0,403580.0
5616,371540.0,0.0,0.0,371540.0,371540.0
5617,332920.0,0.0,0.0,332920.0,332920.0
5618,288520.0,23.17,9847.250000000002,278672.75,278672.75
5619,277900.0,140.8,59840.0,218060.0,218060.0
5620,312700.0,324.15,137763.75,174936.25,174936.25
5621,312100.0,505.25,214731.25,97368.75,97368.75
5622,325520.0,651.65,276951.25,48568.75,48568.75
5623,299940.0,750.9,319132.5,0.0,0.0
5624,303540.0,717.9,305107.5,0.0,0.0
5625,366820.0,676.7,287597.50000000006,79222.49999999994,79222.49999999994
5626,366940.0,609.85,259186.25,107753.75,107753.75
5627,375540.0,417.0,177225.0,198315.0,198315.0
5628,323040.0,242.2,102935.0,220105.0,220105.0
5629,323040.0,96.75,41118.75,281921.25,281921.25
5630,1034040.0,29.4,12495.0,1021545.0,1000000.0
5631,455360.0,0.0,0.0,455360.0,455360.0
5632,400680.0,0.0,0.0,400680.0,400680.0
5633,401380.0,0.0,0.0,401380.0,401380.0
5634,403280.0,0.0,0.0,403280.0,403280.0
5635,464400.0,0.0,0.0,464400.0,464400.0
5636,467000.0,0.0,0.0,467000.0,467000.0
5637,467200.0,0.0,0.0,467200.0,467200.0
5638,403580.0,0.0,0.0,403580.0,403580.0
5639,403580.0,0.0,0.0,403580.0,403580.0
5640,371540.0,0.0,0.0,371540.0,371540.0
5641,232500.0,0.0,0.0,232500.0,232500.0
5642,232500.0,15.34,6519.5,225980.5,225980.5
5643,232500.0,85.65,36401.25,196098.75,196098.75
5644,286600.0,183.9,78157.5,208442.5,208442.5
5645,286000.0,308.2,130985.0,155015.0,155015.0
5646,299020.0,335.8,142715.0,156305.0,156305.0
5647,350480.0,568.3,241527.49999999994,108952.50000000006,108952.50000000006
5648,354280.0,620.9,263882.5,90397.5,90397.5
5649,354280.0,520.15,221063.75,133216.25,133216.25
5650,299280.0,479.4,203745.0,95535.0,95535.0
5651,309900.0,318.65,135426.25,174473.75,174473.75
5652,308435.0,160.15,68063.75000000001,240371.25,240371.25
5653,256500.0,125.25,53231.25,203268.75,203268.75
5654,246000.0,26.51,11266.750000000002,234733.25,234733.25
5655,256390.0,0.0,0.0,256390.0,256390.0
5656,851090.0,0.0,0.0,851090.0,851090.0
5657,361860.0,0.0,0.0,361860.0,361860.0
5658,373980.0,0.0,0.0,373980.0,373980.0
5659,398100.0,0.0,0.0,398100.0,398100.0
5660,390080.0,0.0,0.0,390080.0,390080.0
5661,383180.0,0.0,0.0,383180.0,383180.0
5662,363460.0,0.0,0.0,363460.0,363460.0
5663,291940.0,0.0,0.0,291940.0,291940.0
5664,270400.0,0.0,0.0,270400.0,270400.0
5665,413940.0,0.0,0.0,413940.0,413940.0
5666,413940.0,9.8,4165.000000000001,409775.0,409775.0
5667,336620.0,56.85,24161.250000000004,312458.75,312458.75
5668,333020.0,198.35,84298.75,248721.25,248721.25
5669,330020.0,232.85,98961.25,231058.75,231058.75
5670,1081780.0,263.5,111987.5,969792.5,969792.5
5671,409140.0,90.1,38292.5,370847.5,370847.5
5672,410340.0,47.9,20357.5,389982.5,389982.5
5673,410340.0,74.0,31450.0,378890.0,378890.0
5674,410340.0,89.6,38080.0,372260.0,372260.0
5675,473460.0,131.2,55759.999999999985,417700.0,417700.0
5676,420960.0,119.8,50915.0,370045.0,370045.0
5677,420960.0,49.25,20931.25,400028.75,400028.75
5678,420960.0,16.58,7046.499999999998,413913.5,413913.5
5679,434280.0,0.0,0.0,434280.0,434280.0
5680,436980.0,0.0,0.0,436980.0,436980.0
5681,437280.0,0.0,0.0,437280.0,437280.0
5682,1161100.0,0.0,0.0,1161100.0,1000000.0
5683,449700.0,0.0,0.0,449700.0,449700.0
5684,439380.0,0.0,0.0,439380.0,439380.0
5685,439980.0,0.0,0.0,439980.0,439980.0
5686,439580.0,0.0,0.0,439580.0,439580.0
5687,428960.0,0.0,0.0,428960.0,428960.0
5688,428960.0,0.0,0.0,428960.0,428960.0
5689,232500.0,0.0,0.0,232500.0,232500.0
5690,232500.0,15.55,6608.750000000001,225891.25,225891.25
5691,232500.0,86.95,36953.75,195546.25,195546.25
5692,286600.0,200.8,85340.0,201260.0,201260.0
5693,286000.0,326.6,138805.0,147195.0,147195.0
5694,299020.0,489.6,208080.00000000003,90939.99999999997,90939.99999999997
5695,350480.0,571.55,242908.75,107571.25,107571.25
5696,354280.0,530.15,225313.75,128966.25,128966.25
5697,354280.0,508.65,216176.24999999997,138103.75000000003,138103.75000000003
5698,299280.0,524.0,222700.0,76580.0,76580.0
5699,309900.0,351.7,149472.5,160427.5,160427.5
5700,308435.0,228.65,97176.25,211258.75,211258.75
5701,256500.0,129.65,55101.25000000001,201398.75,201398.75
5702,246000.0,21.49,9133.25,236866.75,236866.75
5703,256390.0,0.0,0.0,256390.0,256390.0
5704,851090.0,0.0,0.0,851090.0,851090.0
5705,361860.0,0.0,0.0,361860.0,361860.0
5706,373980.0,0.0,0.0,373980.0,373980.0
5707,398100.0,0.0,0.0,398100.0,398100.0
5708,390080.0,0.0,0.0,390080.0,390080.0
5709,383180.0,0.0,0.0,383180.0,383180.0
5710,363460.0,0.0,0.0,363460.0,363460.0
5711,291940.0,0.0,0.0,291940.0,291940.0
5712,270400.0,0.0,0.0,270400.0,270400.0
5713,232500.0,0.0,0.0,232500.0,232500.0
5714,232500.0,6.21,2639.25,229860.75,229860.75
5715,232500.0,51.45,21866.25,210633.75,210633.75
5716,286600.0,147.2,62560.0,224040.0,224040.0
5717,286000.0,218.3,92777.50000000001,193222.5,193222.5
5718,299020.0,351.45,149366.25,149653.75,149653.75
5719,350480.0,185.0,78625.0,271855.0,271855.0
5720,354280.0,196.15,83363.75000000001,270916.25,270916.25
5721,354280.0,234.35,99598.75,254681.25,254681.25
5722,299280.0,250.25,106356.24999999999,192923.75,192923.75
5723,309900.0,133.35,56673.75,253226.25,253226.25
5724,308435.0,64.15,27263.750000000007,281171.25,281171.25
5725,256500.0,39.4,16745.0,239755.0,239755.0
5726,246000.0,7.8,3315.0,242685.0,242685.0
5727,256390.0,0.0,0.0,256390.0,256390.0
5728,851090.0,0.0,0.0,851090.0,851090.0
5729,361860.0,0.0,0.0,361860.0,361860.0
5730,373980.0,0.0,0.0,373980.0,373980.0
5731,398100.0,0.0,0.0,398100.0,398100.0
5732,390080.0,0.0,0.0,390080.0,390080.0
5733,383180.0,0.0,0.0,383180.0,383180.0
5734,363460.0,0.0,0.0,363460.0,363460.0
5735,291940.0,0.0,0.0,291940.0,291940.0
5736,270400.0,0.0,0.0,270400.0,270400.0
5737,232500.0,0.0,0.0,232500.0,232500.0
5738,232500.0,11.02,4683.5,227816.5,227816.5
5739,232500.0,100.55,42733.75,189766.25,189766.25
5740,286600.0,276.2,117385.0,169215.0,169215.0
5741,286000.0,455.35,193523.75000000003,92476.24999999997,92476.24999999997
5742,299020.0,621.05,263946.25,35073.75,35073.75
5743,350480.0,584.5,248412.5,102067.5,102067.5
5744,354280.0,735.1,312417.5,41862.5,41862.5
5745,354280.0,653.2,277610.0,76670.0,76670.0
5746,299280.0,492.5,209312.5,89967.5,89967.5
5747,309900.0,421.6,179180.00000000003,130719.99999999997,130719.99999999997
5748,308435.0,261.3,111052.50000000001,197382.5,197382.5
5749,256500.0,117.85,50086.25,206413.75,206413.75
5750,246000.0,21.76,9248.0,236752.0,236752.0
5751,256390.0,0.0,0.0,256390.0,256390.0
5752,851090.0,0.0,0.0,851090.0,851090.0
5753,361860.0,0.0,0.0,361860.0,361860.0
5754,373980.0,0.0,0.0,373980.0,373980.0
5755,398100.0,0.0,0.0,398100.0,398100.0
5756,390080.0,0.0,0.0,390080.0,390080.0
5757,383180.0,0.0,0.0,383180.0,383180.0
5758,363460.0,0.0,0.0,363460.0,363460.0
5759,291940.0,0.0,0.0,291940.0,291940.0
5760,270400.0,0.0,0.0,270400.0,270400.0
5761,332920.0,0.0,0.0,332920.0,332920.0
5762,288520.0,21.23,9022.75,279497.25,279497.25
5763,277900.0,152.1,64642.499999999985,213257.5,213257.5
5764,312700.0,350.55,148983.75,163716.25,163716.25
5765,312100.0,536.5,228012.5,84087.5,84087.5
5766,325520.0,689.5,293037.5,32482.5,32482.5
5767,299940.0,787.3,334602.5,0.0,0.0
5768,303540.0,784.7,333497.50000000006,0.0,0.0
5769,366820.0,703.7,299072.5,67747.5,67747.5
5770,366940.0,640.6,272255.00000000006,94684.99999999994,94684.99999999994
5771,375540.0,538.2,228735.0,146805.0,146805.0
5772,323040.0,361.5,153637.5,169402.5,169402.5
5773,323040.0,169.5,72037.5,251002.5,251002.5
5774,1034040.0,28.99,12320.75,1021719.25,1000000.0
5775,455360.0,0.0,0.0,455360.0,455360.0
5776,400680.0,0.0,0.0,400680.0,400680.0
5777,401380.0,0.0,0.0,401380.0,401380.0
5778,403280.0,0.0,0.0,403280.0,403280.0
5779,464400.0,0.0,0.0,464400.0,464400.0
5780,467000.0,0.0,0.0,467000.0,467000.0
5781,467200.0,0.0,0.0,467200.0,467200.0
5782,403580.0,0.0,0.0,403580.0,403580.0
5783,403580.0,0.0,0.0,403580.0,403580.0
5784,371540.0,0.0,0.0,371540.0,371540.0
5785,332920.0,0.0,0.0,332920.0,332920.0
5786,288520.0,21.49,9133.25,279386.75,279386.75
5787,277900.0,130.8,55590.0,222310.0,222310.0
5788,312700.0,290.2,123335.0,189365.0,189365.0
5789,312100.0,438.4,186319.99999999997,125780.00000000003,125780.00000000003
5790,325520.0,615.75,261693.75,63826.25,63826.25
5791,299940.0,793.15,337088.75,0.0,0.0
5792,303540.0,816.6,347055.0,0.0,0.0
5793,366820.0,733.4,311694.99999999994,55125.00000000006,55125.00000000006
5794,366940.0,622.1,264392.5,102547.5,102547.5
5795,375540.0,452.3,192227.50000000003,183312.49999999997,183312.49999999997
5796,323040.0,295.05,125396.25000000001,197643.75,197643.75
5797,323040.0,132.0,56100.0,266940.0,266940.0
5798,1034040.0,23.35,9923.750000000002,1024116.25,1000000.0
5799,455360.0,0.0,0.0,455360.0,455360.0
5800,400680.0,0.0,0.0,400680.0,400680.0
5801,401380.0,0.0,0.0,401380.0,401380.0
5802,403280.0,0.0,0.0,403280.0,403280.0
5803,464400.0,0.0,0.0,464400.0,464400.0
5804,467000.0,0.0,0.0,467000.0,467000.0
5805,467200.0,0.0,0.0,467200.0,467200.0
5806,403580.0,0.0,0.0,403580.0,403580.0
5807,403580.0,0.0,0.0,403580.0,403580.0
5808,371540.0,0.0,0.0,371540.0,371540.0
5809,232500.0,0.0,0.0,232500.0,232500.0
5810,232500.0,16.6,7055.0,225445.0,225445.0
5811,232500.0,108.25,46006.25,186493.75,186493.75
5812,286600.0,204.9,87082.5,199517.5,199517.5
5813,286000.0,329.6,140080.0,145920.0,145920.0
5814,299020.0,362.25,153956.25,145063.75,145063.75
5815,350480.0,334.5,142162.5,208317.5,208317.5
5816,354280.0,398.1,169192.5,185087.5,185087.5
5817,354280.0,357.45,151916.25,202363.75,202363.75
5818,299280.0,263.15,111838.75,187441.25,187441.25
5819,309900.0,209.9,89207.5,220692.5,220692.5
5820,308435.0,130.95,55653.74999999999,252781.25,252781.25
5821,256500.0,51.6,21930.0,234570.0,234570.0
5822,246000.0,9.09,3863.25,242136.75,242136.75
5823,256390.0,0.0,0.0,256390.0,256390.0
5824,851090.0,0.0,0.0,851090.0,851090.0
5825,361860.0,0.0,0.0,361860.0,361860.0
5826,373980.0,0.0,0.0,373980.0,373980.0
5827,398100.0,0.0,0.0,398100.0,398100.0
5828,390080.0,0.0,0.0,390080.0,390080.0
5829,383180.0,0.0,0.0,383180.0,383180.0
5830,363460.0,0.0,0.0,363460.0,363460.0
5831,291940.0,0.0,0.0,291940.0,291940.0
5832,270400.0,0.0,0.0,270400.0,270400.0
5833,232500.0,0.0,0.0,232500.0,232500.0
5834,232500.0,18.42,7828.500000000001,224671.5,224671.5
5835,232500.0,148.0,62900.0,169600.0,169600.0
5836,286600.0,327.75,139293.75,147306.25,147306.25
5837,286000.0,436.05,185321.25,100678.75,100678.75
5838,299020.0,651.25,276781.25,22238.75,22238.75
5839,350480.0,666.95,283453.75,67026.25,67026.25
5840,354280.0,706.2,300135.0,54145.0,54145.0
5841,354280.0,666.55,283283.75,70996.25,70996.25
5842,299280.0,508.8,216240.00000000003,83039.99999999997,83039.99999999997
5843,309900.0,439.65,186851.25,123048.75,123048.75
5844,308435.0,296.05,125821.25000000001,182613.75,182613.75
5845,256500.0,165.85,70486.25,186013.75,186013.75
5846,246000.0,22.91,9736.75,236263.25,236263.25
5847,256390.0,0.0,0.0,256390.0,256390.0
5848,851090.0,0.0,0.0,851090.0,851090.0
5849,361860.0,0.0,0.0,361860.0,361860.0
5850,373980.0,0.0,0.0,373980.0,373980.0
5851,398100.0,0.0,0.0,398100.0,398100.0
5852,390080.0,0.0,0.0,390080.0,390080.0
5853,383180.0,0.0,0.0,383180.0,383180.0
5854,363460.0,0.0,0.0,363460.0,363460.0
5855,291940.0,0.0,0.0,291940.0,291940.0
5856,270400.0,0.0,0.0,270400.0,270400.0
5857,232500.0,0.0,0.0,232500.0,232500.0
5858,232500.0,18.35,7798.75,224701.25,224701.25
5859,232500.0,137.55,58458.75,174041.25,174041.25
5860,286600.0,317.4,134894.99999999997,151705.00000000003,151705.00000000003
5861,286000.0,453.5,192737.5,93262.5,93262.5
5862,299020.0,681.6,289680.0,9340.0,9340.0
5863,350480.0,673.25,286131.25,64348.75,64348.75
5864,354280.0,770.1,327292.5,26987.5,26987.5
5865,354280.0,645.55,274358.75,79921.25,79921.25
5866,299280.0,599.1,254617.50000000003,44662.49999999997,44662.49999999997
5867,309900.0,530.25,225356.25,84543.75,84543.75
5868,308435.0,318.75,135468.75,172966.25,172966.25
5869,256500.0,162.45,69041.24999999999,187458.75,187458.75
5870,246000.0,25.63,10892.75,235107.25,235107.25
5871,256390.0,0.0,0.0,256390.0,256390.0
5872,851090.0,0.0,0.0,851090.0,851090.0
5873,361860.0,0.0,0.0,361860.0,361860.0
5874,373980.0,0.0,0.0,373980.0,373980.0
5875,398100.0,0.0,0.0,398100.0,398100.0
5876,390080.0,0.0,0.0,390080.0,390080.0
5877,383180.0,0.0,0.0,383180.0,383180.0
5878,363460.0,0.0,0.0,363460.0,363460.0
5879,291940.0,0.0,0.0,291940.0,291940.0
5880,270400.0,0.0,0.0,270400.0,270400.0
5881,232500.0,0.0,0.0,232500.0,232500.0
5882,232500.0,18.3,7777.5,224722.5,224722.5
5883,232500.0,140.8,59840.0,172660.0,172660.0
5884,286600.0,301.55,128158.75,158441.25,158441.25
5885,286000.0,462.85,196711.25000000003,89288.74999999997,89288.74999999997
5886,299020.0,650.9,276632.49999999994,22387.50000000006,22387.50000000006
5887,350480.0,784.95,333603.75,16876.25,16876.25
5888,354280.0,807.75,343293.75,10986.25,10986.25
5889,354280.0,770.35,327398.75,26881.25,26881.25
5890,299280.0,656.55,279033.75,20246.25,20246.25
5891,309900.0,500.15,212563.75,97336.25,97336.25
5892,308435.0,330.2,140335.0,168100.0,168100.0
5893,256500.0,132.6,56355.0,200145.0,200145.0
5894,246000.0,22.88,9723.999999999998,236276.0,236276.0
5895,256390.0,0.0,0.0,256390.0,256390.0
5896,851090.0,0.0,0.0,851090.0,851090.0
5897,361860.0,0.0,0.0,361860.0,361860.0
5898,373980.0,0.0,0.0,373980.0,373980.0
5899,398100.0,0.0,0.0,398100.0,398100.0
5900,390080.0,0.0,0.0,390080.0,390080.0
5901,383180.0,0.0,0.0,383180.0,383180.0
5902,363460.0,0.0,0.0,363460.0,363460.0
5903,291940.0,0.0,0.0,291940.0,291940.0
5904,270400.0,0.0,0.0,270400.0,270400.0
5905,232500.0,0.0,0.0,232500.0,232500.0
5906,232500.0,17.38,7386.5,225113.5,225113.5
5907,232500.0,125.05,53146.25,179353.75,179353.75
5908,286600.0,279.2,118660.0,167940.0,167940.0
5909,286000.0,408.95,173803.75,112196.25,112196.25
5910,299020.0,480.1,204042.5,94977.5,94977.5
5911,350480.0,756.0,321300.0,29180.0,29180.0
5912,354280.0,745.95,317028.75,37251.25,37251.25
5913,354280.0,789.4,335495.0,18785.0,18785.0
5914,299280.0,643.05,273296.24999999994,25983.75000000006,25983.75000000006
5915,309900.0,454.55,193183.75,116716.25,116716.25
5916,308435.0,253.05,107546.25,200888.75,200888.75
5917,256500.0,114.6,48705.0,207795.0,207795.0
5918,246000.0,19.76,8398.000000000002,237602.0,237602.0
5919,256390.0,0.0,0.0,256390.0,256390.0
5920,851090.0,0.0,0.0,851090.0,851090.0
5921,361860.0,0.0,0.0,361860.0,361860.0
5922,373980.0,0.0,0.0,373980.0,373980.0
5923,398100.0,0.0,0.0,398100.0,398100.0
5924,390080.0,0.0,0.0,390080.0,390080.0
5925,383180.0,0.0,0.0,383180.0,383180.0
5926,363460.0,0.0,0.0,363460.0,363460.0
5927,291940.0,0.0,0.0,291940.0,291940.0
5928,270400.0,0.0,0.0,270400.0,270400.0
5929,332920.0,0.0,0.0,332920.0,332920.0
5930,288520.0,19.03,8087.75,280432.25,280432.25
5931,277900.0,148.5,63112.5,214787.5,214787.5
5932,312700.0,324.1,137742.5,174957.5,174957.5
5933,312100.0,523.15,222338.75,89761.25,89761.25
5934,325520.0,668.2,283985.0,41535.0,41535.0
5935,299940.0,784.2,333285.0,0.0,0.0
5936,303540.0,837.6,355980.0,0.0,0.0
5937,366820.0,779.55,331308.75,35511.25,35511.25
5938,366940.0,702.6,298605.0,68335.0,68335.0
5939,375540.0,528.6,224655.00000000003,150884.99999999997,150884.99999999997
5940,323040.0,362.4,154020.0,169020.0,169020.0
5941,323040.0,159.3,67702.50000000001,255337.5,255337.5
5942,1034040.0,22.14,9409.5,1024630.5,1000000.0
5943,455360.0,0.0,0.0,455360.0,455360.0
5944,400680.0,0.0,0.0,400680.0,400680.0
5945,401380.0,0.0,0.0,401380.0,401380.0
5946,403280.0,0.0,0.0,403280.0,403280.0
5947,464400.0,0.0,0.0,464400.0,464400.0
5948,467000.0,0.0,0.0,467000.0,467000.0
5949,467200.0,0.0,0.0,467200.0,467200.0
5950,403580.0,0.0,0.0,403580.0,403580.0
5951,403580.0,0.0,0.0,403580.0,403580.0
5952,371540.0,0.0,0.0,371540.0,371540.0
5953,332920.0,0.0,0.0,332920.0,332920.0
5954,288520.0,19.16,8143.0,280377.0,280377.0
5955,277900.0,158.6,67405.0,210495.0,210495.0
5956,312700.0,363.3,154402.5,158297.5,158297.5
5957,312100.0,544.25,231306.25,80793.75,80793.75
5958,325520.0,721.35,306573.75,18946.25,18946.25
5959,299940.0,812.6,345355.0,0.0,0.0
5960,303540.0,861.95,366328.75,0.0,0.0
5961,366820.0,830.1,352792.50000000006,14027.499999999942,14027.499999999942
5962,366940.0,737.6,313480.0,53460.0,53460.0
5963,375540.0,568.35,241548.75,133991.25,133991.25
5964,323040.0,372.45,158291.25,164748.75,164748.75
5965,323040.0,167.85,71336.25,251703.75,251703.75
5966,1034040.0,21.47,9124.75,1024915.25,1000000.0
5967,455360.0,0.0,0.0,455360.0,455360.0
5968,400680.0,0.0,0.0,400680.0,400680.0
5969,401380.0,0.0,0.0,401380.0,401380.0
5970,403280.0,0.0,0.0,403280.0,403280.0
5971,464400.0,0.0,0.0,464400.0,464400.0
5972,467000.0,0.0,0.0,467000.0,467000.0
5973,467200.0,0.0,0.0,467200.0,467200.0
5974,403580.0,0.0,0.0,403580.0,403580.0
5975,403580.0,0.0,0.0,403580.0,403580.0
5976,371540.0,0.0,0.0,371540.0,371540.0
5977,232500.0,0.0,0.0,232500.0,232500.0
5978,232500.0,18.77,7977.25,224522.75,224522.75
5979,232500.0,131.35,55823.75,176676.25,176676.25
5980,286600.0,294.7,125247.49999999997,161352.50000000003,161352.50000000003
5981,286000.0,489.5,208037.5,77962.5,77962.5
5982,299020.0,659.6,280330.00000000006,18689.99999999994,18689.99999999994
5983,350480.0,776.75,330118.75,20361.25,20361.25
5984,354280.0,791.4,336345.0,17935.0,17935.0
5985,354280.0,774.75,329268.75,25011.25,25011.25
5986,299280.0,702.1,298392.5,887.5,887.5
5987,309900.0,547.35,232623.75,77276.25,77276.25
5988,308435.0,366.6,155805.00000000003,152629.99999999997,152629.99999999997
5989,256500.0,166.35,70698.75,185801.25,185801.25
5990,246000.0,20.65,8776.25,237223.75,237223.75
5991,256390.0,0.0,0.0,256390.0,256390.0
5992,851090.0,0.0,0.0,851090.0,851090.0
5993,361860.0,0.0,0.0,361860.0,361860.0
5994,373980.0,0.0,0.0,373980.0,373980.0
5995,398100.0,0.0,0.0,398100.0,398100.0
5996,390080.0,0.0,0.0,390080.0,390080.0
5997,383180.0,0.0,0.0,383180.0,383180.0
5998,363460.0,0.0,0.0,363460.0,363460.0
5999,291940.0,0.0,0.0,291940.0,291940.0
6000,270400.0,0.0,0.0,270400.0,270400.0
6001,232500.0,0.0,0.0,232500.0,232500.0
6002,232500.0,19.62,8338.500000000002,224161.5,224161.5
6003,232500.0,134.45,57141.25,175358.75,175358.75
6004,286600.0,282.45,120041.25,166558.75,166558.75
6005,286000.0,485.5,206337.5,79662.5,79662.5
6006,299020.0,589.8,250665.0,48355.0,48355.0
6007,350480.0,724.45,307891.25,42588.75,42588.75
6008,354280.0,654.6,278205.00000000006,76074.99999999994,76074.99999999994
6009,354280.0,727.7,309272.5,45007.5,45007.5
6010,299280.0,693.6,294780.0,4500.0,4500.0
6011,309900.0,549.65,233601.25,76298.75,76298.75
6012,308435.0,375.4,159544.99999999997,148890.00000000003,148890.00000000003
6013,256500.0,165.2,70210.0,186290.0,186290.0
6014,246000.0,19.54,8304.5,237695.5,237695.5
6015,256390.0,0.0,0.0,256390.0,256390.0
6016,851090.0,0.0,0.0,851090.0,851090.0
6017,361860.0,0.0,0.0,361860.0,361860.0
6018,373980.0,0.0,0.0,373980.0,373980.0
6019,398100.0,0.0,0.0,398100.0,398100.0
6020,390080.0,0.0,0.0,390080.0,390080.0
6021,383180.0,0.0,0.0,383180.0,383180.0
6022,363460.0,0.0,0.0,363460.0,363460.0
6023,291940.0,0.0,0.0,291940.0,291940.0
6024,270400.0,0.0,0.0,270400.0,270400.0
6025,232500.0,0.0,0.0,232500.0,232500.0
6026,232500.0,15.79,6710.749999999999,225789.25,225789.25
6027,232500.0,114.2,48535.0,183965.0,183965.0
6028,286600.0,339.85,144436.25000000003,142163.74999999997,142163.74999999997
6029,286000.0,523.85,222636.25000000003,63363.74999999997,63363.74999999997
6030,299020.0,674.45,286641.25,12378.75,12378.75
6031,350480.0,810.9,344632.5,5847.5,5847.5
6032,354280.0,856.4,363969.99999999994,0.0,0.0
6033,354280.0,847.5,360187.5,0.0,0.0
6034,299280.0,739.9,314457.5,0.0,0.0
6035,309900.0,574.5,244162.5,65737.5,65737.5
6036,308435.0,372.2,158185.0,150250.0,150250.0
6037,256500.0,163.1,69317.5,187182.5,187182.5
6038,246000.0,15.75,6693.75,239306.25,239306.25
6039,256390.0,0.0,0.0,256390.0,256390.0
6040,851090.0,0.0,0.0,851090.0,851090.0
6041,361860.0,0.0,0.0,361860.0,361860.0
6042,373980.0,0.0,0.0,373980.0,373980.0
6043,398100.0,0.0,0.0,398100.0,398100.0
6044,390080.0,0.0,0.0,390080.0,390080.0
6045,383180.0,0.0,0.0,383180.0,383180.0
6046,363460.0,0.0,0.0,363460.0,363460.0
6047,291940.0,0.0,0.0,291940.0,291940.0
6048,270400.0,0.0,0.0,270400.0,270400.0
6049,232500.0,0.0,0.0,232500.0,232500.0
6050,232500.0,18.43,7832.75,224667.25,224667.25
6051,232500.0,148.8,63240.00000000001,169260.0,169260.0
6052,286600.0,330.1,140292.5,146307.5,146307.5
6053,286000.0,495.0,210375.0,75625.0,75625.0
6054,299020.0,687.4,292145.0,6875.0,6875.0
6055,350480.0,834.45,354641.25,0.0,0.0
6056,354280.0,873.35,371173.75000000006,0.0,0.0
6057,354280.0,828.5,352112.5,2167.5,2167.5
6058,299280.0,732.0,311100.0,0.0,0.0
6059,309900.0,560.4,238170.0,71730.0,71730.0
6060,308435.0,363.7,154572.49999999997,153862.50000000003,153862.50000000003
6061,256500.0,158.75,67468.75,189031.25,189031.25
6062,246000.0,14.85,6311.25,239688.75,239688.75
6063,256390.0,0.0,0.0,256390.0,256390.0
6064,851090.0,0.0,0.0,851090.0,851090.0
6065,361860.0,0.0,0.0,361860.0,361860.0
6066,373980.0,0.0,0.0,373980.0,373980.0
6067,398100.0,0.0,0.0,398100.0,398100.0
6068,390080.0,0.0,0.0,390080.0,390080.0
6069,383180.0,0.0,0.0,383180.0,383180.0
6070,363460.0,0.0,0.0,363460.0,363460.0
6071,291940.0,0.0,0.0,291940.0,291940.0
6072,270400.0,0.0,0.0,270400.0,270400.0
6073,232500.0,0.0,0.0,232500.0,232500.0
6074,232500.0,14.75,6268.75,226231.25,226231.25
6075,232500.0,150.55,63983.75000000001,168516.25,168516.25
6076,286600.0,302.7,128647.49999999997,157952.50000000003,157952.50000000003
6077,286000.0,511.1,217217.5,68782.5,68782.5
6078,299020.0,630.15,267813.75,31206.25,31206.25
6079,350480.0,826.4,351220.0,0.0,0.0
6080,354280.0,846.45,359741.25,0.0,0.0
6081,354280.0,777.0,330225.0,24055.0,24055.0
6082,299280.0,711.6,302430.0,0.0,0.0
6083,309900.0,558.6,237405.0,72495.0,72495.0
6084,308435.0,353.75,150343.75,158091.25,158091.25
6085,256500.0,155.1,65917.5,190582.5,190582.5
6086,246000.0,14.0,5950.0,240050.0,240050.0
6087,256390.0,0.0,0.0,256390.0,256390.0
6088,851090.0,0.0,0.0,851090.0,851090.0
6089,361860.0,0.0,0.0,361860.0,361860.0
6090,373980.0,0.0,0.0,373980.0,373980.0
6091,398100.0,0.0,0.0,398100.0,398100.0
6092,390080.0,0.0,0.0,390080.0,390080.0
6093,383180.0,0.0,0.0,383180.0,383180.0
6094,363460.0,0.0,0.0,363460.0,363460.0
6095,291940.0,0.0,0.0,291940.0,291940.0
6096,270400.0,0.0,0.0,270400.0,270400.0
6097,332920.0,0.0,0.0,332920.0,332920.0
6098,288520.0,14.95,6353.75,282166.25,282166.25
6099,277900.0,129.65,55101.25000000001,222798.75,222798.75
6100,312700.0,310.8,132090.0,180610.0,180610.0
6101,312100.0,485.3,206252.5,105847.5,105847.5
6102,325520.0,665.25,282731.25,42788.75,42788.75
6103,299940.0,771.5,327887.5,0.0,0.0
6104,303540.0,838.4,356319.99999999994,0.0,0.0
6105,366820.0,782.55,332583.75,34236.25,34236.25
6106,366940.0,693.7,294822.50000000006,72117.49999999994,72117.49999999994
6107,375540.0,542.1,230392.5,145147.5,145147.5
6108,323040.0,331.0,140675.0,182365.0,182365.0
6109,323040.0,137.45,58416.25,264623.75,264623.75
6110,1034040.0,12.4,5270.0,1028770.0,1000000.0
6111,455360.0,0.0,0.0,455360.0,455360.0
6112,400680.0,0.0,0.0,400680.0,400680.0
6113,401380.0,0.0,0.0,401380.0,401380.0
6114,403280.0,0.0,0.0,403280.0,403280.0
6115,464400.0,0.0,0.0,464400.0,464400.0
6116,467000.0,0.0,0.0,467000.0,467000.0
6117,467200.0,0.0,0.0,467200.0,467200.0
6118,403580.0,0.0,0.0,403580.0,403580.0
6119,403580.0,0.0,0.0,403580.0,403580.0
6120,371540.0,0.0,0.0,371540.0,371540.0
6121,332920.0,0.0,0.0,332920.0,332920.0
6122,288520.0,10.2,4334.999999999999,284185.0,284185.0
6123,277900.0,100.3,42627.5,235272.5,235272.5
6124,312700.0,313.65,133301.25,179398.75,179398.75
6125,312100.0,462.6,196605.0,115495.0,115495.0
6126,325520.0,520.1,221042.5,104477.5,104477.5
6127,299940.0,701.1,297967.5,1972.5,1972.5
6128,303540.0,793.05,337046.24999999994,0.0,0.0
6129,366820.0,801.8,340765.0,26055.0,26055.0
6130,366940.0,672.05,285621.24999999994,81318.75000000006,81318.75000000006
6131,375540.0,521.25,221531.25,154008.75,154008.75
6132,323040.0,317.45,134916.25,188123.75,188123.75
6133,323040.0,123.8,52615.0,270425.0,270425.0
6134,1034040.0,11.4,4845.0,1029195.0,1000000.0
6135,455360.0,0.0,0.0,455360.0,455360.0
6136,400680.0,0.0,0.0,400680.0,400680.0
6137,401380.0,0.0,0.0,401380.0,401380.0
6138,403280.0,0.0,0.0,403280.0,403280.0
6139,464400.0,0.0,0.0,464400.0,464400.0
6140,467000.0,0.0,0.0,467000.0,467000.0
6141,467200.0,0.0,0.0,467200.0,467200.0
6142,403580.0,0.0,0.0,403580.0,403580.0
6143,403580.0,0.0,0.0,403580.0,403580.0
6144,371540.0,0.0,0.0,371540.0,371540.0
6145,232500.0,0.0,0.0,232500.0,232500.0
6146,232500.0,15.1,6417.499999999999,226082.5,226082.5
6147,232500.0,129.35,54973.75,177526.25,177526.25
6148,286600.0,321.3,136552.50000000003,150047.49999999997,150047.49999999997
6149,286000.0,416.1,176842.5,109157.5,109157.5
6150,299020.0,625.25,265731.25,33288.75,33288.75
6151,350480.0,744.25,316306.25,34173.75,34173.75
6152,354280.0,748.95,318303.75,35976.25,35976.25
6153,354280.0,601.65,255701.25,98578.75,98578.75
6154,299280.0,515.45,219066.25000000003,80213.74999999997,80213.74999999997
6155,309900.0,333.55,141758.75,168141.25,168141.25
6156,308435.0,168.85,71761.25,236673.75,236673.75
6157,256500.0,62.35,26498.75,230001.25,230001.25
6158,246000.0,6.2,2635.0,243365.0,243365.0
6159,256390.0,0.0,0.0,256390.0,256390.0
6160,851090.0,0.0,0.0,851090.0,851090.0
6161,361860.0,0.0,0.0,361860.0,361860.0
6162,373980.0,0.0,0.0,373980.0,373980.0
6163,398100.0,0.0,0.0,398100.0,398100.0
6164,390080.0,0.0,0.0,390080.0,390080.0
6165,383180.0,0.0,0.0,383180.0,383180.0
6166,363460.0,0.0,0.0,363460.0,363460.0
6167,291940.0,0.0,0.0,291940.0,291940.0
6168,270400.0,0.0,0.0,270400.0,270400.0
6169,232500.0,0.0,0.0,232500.0,232500.0
6170,232500.0,12.65,5376.25,227123.75,227123.75
6171,232500.0,123.9,52657.50000000001,179842.5,179842.5
6172,286600.0,256.9,109182.49999999999,177417.5,177417.5
6173,286000.0,493.8,209865.0,76135.0,76135.0
6174,299020.0,598.85,254511.25,44508.75,44508.75
6175,350480.0,712.55,302833.74999999994,47646.25000000006,47646.25000000006
6176,354280.0,738.15,313713.75,40566.25,40566.25
6177,354280.0,774.5,329162.5,25117.5,25117.5
6178,299280.0,651.4,276845.0,22435.0,22435.0
6179,309900.0,486.0,206550.0,103350.0,103350.0
6180,308435.0,270.7,115047.5,193387.5,193387.5
6181,256500.0,102.65,43626.25,212873.75,212873.75
6182,246000.0,9.5,4037.5,241962.5,241962.5
6183,256390.0,0.0,0.0,256390.0,256390.0
6184,851090.0,0.0,0.0,851090.0,851090.0
6185,361860.0,0.0,0.0,361860.0,361860.0
6186,373980.0,0.0,0.0,373980.0,373980.0
6187,398100.0,0.0,0.0,398100.0,398100.0
6188,390080.0,0.0,0.0,390080.0,390080.0
6189,383180.0,0.0,0.0,383180.0,383180.0
6190,363460.0,0.0,0.0,363460.0,363460.0
6191,291940.0,0.0,0.0,291940.0,291940.0
6192,270400.0,0.0,0.0,270400.0,270400.0
6193,324500.0,0.0,0.0,324500.0,324500.0
6194,324500.0,13.2,5610.0,318890.0,318890.0
6195,335000.0,140.35,59648.75,275351.25,275351.25
6196,344600.0,309.0,131325.0,213275.0,213275.0
6197,344000.0,470.35,199898.75000000003,144101.24999999997,144101.24999999997
6198,364520.0,606.0,257550.0,106970.0,106970.0
6199,360980.0,746.2,317135.00000000006,43844.99999999994,43844.99999999994
6200,364780.0,798.15,339213.75,25566.25,25566.25
6201,364780.0,775.9,329757.49999999994,35022.50000000006,35022.50000000006
6202,364780.0,651.55,276908.75,87871.25,87871.25
6203,364900.0,522.1,221892.5,143007.5,143007.5
6204,363435.0,326.6,138805.0,224630.0,224630.0
6205,311500.0,130.85,55611.25,255888.75,255888.75
6206,356000.0,9.9,4207.5,351792.5,351792.5
6207,366390.0,0.0,0.0,366390.0,366390.0
6208,961090.0,0.0,0.0,961090.0,961090.0
6209,427360.0,0.0,0.0,427360.0,427360.0
6210,439480.0,0.0,0.0,439480.0,439480.0
6211,456100.0,0.0,0.0,456100.0,456100.0
6212,448080.0,0.0,0.0,448080.0,448080.0
6213,438180.0,0.0,0.0,438180.0,438180.0
6214,410960.0,0.0,0.0,410960.0,410960.0
6215,346940.0,0.0,0.0,346940.0,346940.0
6216,314900.0,0.0,0.0,314900.0,314900.0
6217,324500.0,0.0,0.0,324500.0,324500.0
6218,324500.0,11.9,5057.5,319442.5,319442.5
6219,335000.0,138.7,58947.5,276052.5,276052.5
6220,344600.0,317.4,134894.99999999997,209705.00000000003,209705.00000000003
6221,344000.0,482.7,205147.49999999997,138852.50000000003,138852.50000000003
6222,364520.0,628.7,267197.5,97322.5,97322.5
6223,360980.0,773.85,328886.25,32093.75,32093.75
6224,364780.0,781.4,332095.0,32685.0,32685.0
6225,364780.0,762.85,324211.25,40568.75,40568.75
6226,364780.0,666.65,283326.25,81453.75,81453.75
6227,364900.0,520.05,221021.24999999994,143878.75000000006,143878.75000000006
6228,363435.0,325.55,138358.75,225076.25,225076.25
6229,311500.0,134.5,57162.5,254337.5,254337.5
6230,356000.0,9.55,4058.7500000000005,351941.25,351941.25
6231,366390.0,0.0,0.0,366390.0,366390.0
6232,961090.0,0.0,0.0,961090.0,961090.0
6233,427360.0,0.0,0.0,427360.0,427360.0
6234,439480.0,0.0,0.0,439480.0,439480.0
6235,456100.0,0.0,0.0,456100.0,456100.0
6236,448080.0,0.0,0.0,448080.0,448080.0
6237,438180.0,0.0,0.0,438180.0,438180.0
6238,410960.0,0.0,0.0,410960.0,410960.0
6239,346940.0,0.0,0.0,346940.0,346940.0
6240,314900.0,0.0,0.0,314900.0,314900.0
6241,324500.0,0.0,0.0,324500.0,324500.0
6242,324500.0,13.85,5886.25,318613.75,318613.75
6243,335000.0,127.7,54272.50000000001,280727.5,280727.5
6244,344600.0,327.85,139336.25000000003,205263.74999999997,205263.74999999997
6245,344000.0,529.75,225143.75,118856.25,118856.25
6246,364520.0,703.85,299136.25,65383.75,65383.75
6247,360980.0,781.7,332222.50000000006,28757.49999999994,28757.49999999994
6248,364780.0,768.7,326697.5,38082.5,38082.5
6249,364780.0,785.51,333841.75,30938.25,30938.25
6250,364780.0,657.7,279522.50000000006,85257.49999999994,85257.49999999994
6251,364900.0,540.2,229585.0,135315.0,135315.0
6252,363435.0,336.4,142970.0,220465.0,220465.0
6253,311500.0,135.55,57608.75,253891.25,253891.25
6254,356000.0,0.0,0.0,356000.0,356000.0
6255,366390.0,0.0,0.0,366390.0,366390.0
6256,961090.0,0.0,0.0,961090.0,961090.0
6257,427360.0,0.0,0.0,427360.0,427360.0
6258,439480.0,0.0,0.0,439480.0,439480.0
6259,456100.0,0.0,0.0,456100.0,456100.0
6260,448080.0,0.0,0.0,448080.0,448080.0
6261,438180.0,0.0,0.0,438180.0,438180.0
6262,410960.0,0.0,0.0,410960.0,410960.0
6263,346940.0,0.0,0.0,346940.0,346940.0
6264,314900.0,0.0,0.0,314900.0,314900.0
6265,378300.0,0.0,0.0,378300.0,378300.0
6266,333900.0,13.65,5801.25,328098.75,328098.75
6267,333900.0,153.0,65025.0,268875.0,268875.0
6268,334500.0,344.7,146497.5,188002.5,188002.5
6269,333900.0,550.65,234026.25,99873.75,99873.75
6270,354420.0,678.55,288383.75,66036.25,66036.25
6271,310720.0,793.86,337390.5,0.0,0.0
6272,313920.0,843.71,358576.75000000006,0.0,0.0
6273,358320.0,800.31,340131.75,18188.25,18188.25
6274,410820.0,701.1,297967.5,112852.5,112852.5
6275,411540.0,535.75,227693.75,183846.25,183846.25
6276,419040.0,333.2,141610.0,277430.0,277430.0
6277,366540.0,130.95,55653.74999999999,310886.25,310886.25
6278,1115540.0,0.0,0.0,1115540.0,1000000.0
6279,536860.0,0.0,0.0,536860.0,536860.0
6280,409060.0,0.0,0.0,409060.0,409060.0
6281,416260.0,0.0,0.0,416260.0,416260.0
6282,428780.0,0.0,0.0,428780.0,428780.0
6283,445400.0,0.0,0.0,445400.0,445400.0
6284,437380.0,0.0,0.0,437380.0,437380.0
6285,437980.0,0.0,0.0,437980.0,437980.0
6286,418860.0,0.0,0.0,418860.0,418860.0
6287,400740.0,0.0,0.0,400740.0,400740.0
6288,368700.0,0.0,0.0,368700.0,368700.0
6289,378300.0,0.0,0.0,378300.0,378300.0
6290,333900.0,12.95,5503.75,328396.25,328396.25
6291,333900.0,139.75,59393.75,274506.25,274506.25
6292,334500.0,340.55,144733.75,189766.25,189766.25
6293,333900.0,540.15,229563.75,104336.25,104336.25
6294,354420.0,708.5,301112.5,53307.5,53307.5
6295,310720.0,810.36,344403.0,0.0,0.0
6296,313920.0,845.71,359426.75000000006,0.0,0.0
6297,358320.0,804.01,341704.25,16615.75,16615.75
6298,410820.0,683.45,290466.25,120353.75,120353.75
6299,411540.0,517.95,220128.75,191411.25,191411.25
6300,419040.0,322.85,137211.25,281828.75,281828.75
6301,366540.0,111.35,47323.74999999999,319216.25,319216.25
6302,1115540.0,0.0,0.0,1115540.0,1000000.0
6303,536860.0,0.0,0.0,536860.0,536860.0
6304,409060.0,0.0,0.0,409060.0,409060.0
6305,416260.0,0.0,0.0,416260.0,416260.0
6306,428780.0,0.0,0.0,428780.0,428780.0
6307,445400.0,0.0,0.0,445400.0,445400.0
6308,437380.0,0.0,0.0,437380.0,437380.0
6309,437980.0,0.0,0.0,437980.0,437980.0
6310,418860.0,0.0,0.0,418860.0,418860.0
6311,400740.0,0.0,0.0,400740.0,400740.0
6312,368700.0,0.0,0.0,368700.0,368700.0
6313,324500.0,0.0,0.0,324500.0,324500.0
6314,324500.0,13.65,5801.25,318698.75,318698.75
6315,335000.0,154.25,65556.25,269443.75,269443.75
6316,344600.0,355.35,151023.75,193576.25,193576.25
6317,344000.0,552.45,234791.25,109208.75,109208.75
6318,364520.0,692.25,294206.25,70313.75,70313.75
6319,360980.0,813.01,345529.25,15450.75,15450.75
6320,364780.0,830.41,352924.25,11855.75,11855.75
6321,364780.0,804.06,341725.5,23054.5,23054.5
6322,364780.0,687.3,292102.49999999994,72677.50000000006,72677.50000000006
6323,364900.0,486.75,206868.75,158031.25,158031.25
6324,363435.0,289.75,123143.75,240291.25,240291.25
6325,311500.0,113.95,48428.75000000001,263071.25,263071.25
6326,356000.0,0.0,0.0,356000.0,356000.0
6327,366390.0,0.0,0.0,366390.0,366390.0
6328,961090.0,0.0,0.0,961090.0,961090.0
6329,427360.0,0.0,0.0,427360.0,427360.0
6330,439480.0,0.0,0.0,439480.0,439480.0
6331,456100.0,0.0,0.0,456100.0,456100.0
6332,448080.0,0.0,0.0,448080.0,448080.0
6333,438180.0,0.0,0.0,438180.0,438180.0
6334,410960.0,0.0,0.0,410960.0,410960.0
6335,346940.0,0.0,0.0,346940.0,346940.0
6336,314900.0,0.0,0.0,314900.0,314900.0
6337,324500.0,0.0,0.0,324500.0,324500.0
6338,324500.0,13.35,5673.749999999999,318826.25,318826.25
6339,335000.0,158.35,67298.75,267701.25,267701.25
6340,344600.0,368.9,156782.49999999997,187817.50000000003,187817.50000000003
6341,344000.0,572.45,243291.25,100708.75,100708.75
6342,364520.0,733.21,311614.25,52905.75,52905.75
6343,360980.0,833.16,354093.0,6887.0,6887.0
6344,364780.0,864.56,367438.0,0.0,0.0
6345,364780.0,824.21,350289.25,14490.75,14490.75
6346,364780.0,714.71,303751.75000000006,61028.24999999994,61028.24999999994
6347,364900.0,543.55,231008.75,133891.25,133891.25
6348,363435.0,336.7,143097.5,220337.5,220337.5
6349,311500.0,128.8,54740.0,256760.0,256760.0
6350,356000.0,0.0,0.0,356000.0,356000.0
6351,366390.0,0.0,0.0,366390.0,366390.0
6352,961090.0,0.0,0.0,961090.0,961090.0
6353,427360.0,0.0,0.0,427360.0,427360.0
6354,439480.0,0.0,0.0,439480.0,439480.0
6355,456100.0,0.0,0.0,456100.0,456100.0
6356,448080.0,0.0,0.0,448080.0,448080.0
6357,438180.0,0.0,0.0,438180.0,438180.0
6358,410960.0,0.0,0.0,410960.0,410960.0
6359,346940.0,0.0,0.0,346940.0,346940.0
6360,314900.0,0.0,0.0,314900.0,314900.0
6361,324500.0,0.0,0.0,324500.0,324500.0
6362,324500.0,13.25,5631.25,318868.75,318868.75
6363,335000.0,155.0,65875.0,269125.0,269125.0
6364,344600.0,372.6,158355.00000000003,186244.99999999997,186244.99999999997
6365,344000.0,575.9,244757.5,99242.5,99242.5
6366,364520.0,737.06,313250.49999999994,51269.50000000006,51269.50000000006
6367,360980.0,836.66,355580.5,5399.5,5399.5
6368,364780.0,866.81,368394.25,0.0,0.0
6369,364780.0,824.16,350268.0,14512.0,14512.0
6370,364780.0,712.26,302710.5,62069.5,62069.5
6371,364900.0,523.6,222530.00000000003,142369.99999999997,142369.99999999997
6372,363435.0,334.05,141971.25,221463.75,221463.75
6373,311500.0,123.8,52615.0,258885.0,258885.0
6374,356000.0,0.0,0.0,356000.0,356000.0
6375,366390.0,0.0,0.0,366390.0,366390.0
6376,961090.0,0.0,0.0,961090.0,961090.0
6377,427360.0,0.0,0.0,427360.0,427360.0
6378,439480.0,0.0,0.0,439480.0,439480.0
6379,456100.0,0.0,0.0,456100.0,456100.0
6380,448080.0,0.0,0.0,448080.0,448080.0
6381,438180.0,0.0,0.0,438180.0,438180.0
6382,410960.0,0.0,0.0,410960.0,410960.0
6383,346940.0,0.0,0.0,346940.0,346940.0
6384,314900.0,0.0,0.0,314900.0,314900.0
6385,324500.0,0.0,0.0,324500.0,324500.0
6386,324500.0,13.15,5588.75,318911.25,318911.25
6387,335000.0,147.8,62815.00000000001,272185.0,272185.0
6388,344600.0,348.5,148112.5,196487.5,196487.5
6389,344000.0,516.95,219703.75,124296.25,124296.25
6390,364520.0,702.71,298651.75,65868.25,65868.25
6391,360980.0,839.46,356770.5,4209.5,4209.5
6392,364780.0,870.71,370051.75,0.0,0.0
6393,364780.0,826.86,351415.5,13364.5,13364.5
6394,364780.0,713.36,303178.0,61602.0,61602.0
6395,364900.0,542.0,230350.0,134550.0,134550.0
6396,363435.0,332.3,141227.5,222207.5,222207.5
6397,311500.0,123.7,52572.5,258927.5,258927.5
6398,356000.0,0.0,0.0,356000.0,356000.0
6399,366390.0,0.0,0.0,366390.0,366390.0
6400,961090.0,0.0,0.0,961090.0,961090.0
6401,427360.0,0.0,0.0,427360.0,427360.0
6402,439480.0,0.0,0.0,439480.0,439480.0
6403,456100.0,0.0,0.0,456100.0,456100.0
6404,448080.0,0.0,0.0,448080.0,448080.0
6405,438180.0,0.0,0.0,438180.0,438180.0
6406,410960.0,0.0,0.0,410960.0,410960.0
6407,346940.0,0.0,0.0,346940.0,346940.0
6408,314900.0,0.0,0.0,314900.0,314900.0
6409,324500.0,0.0,0.0,324500.0,324500.0
6410,324500.0,12.45,5291.25,319208.75,319208.75
6411,335000.0,147.0,62475.0,272525.0,272525.0
6412,344600.0,311.85,132536.25,212063.75,212063.75
6413,344000.0,522.05,221871.24999999994,122128.75000000006,122128.75000000006
6414,364520.0,673.05,286046.24999999994,78473.75000000006,78473.75000000006
6415,360980.0,792.06,336625.5,24354.5,24354.5
6416,364780.0,819.46,348270.50000000006,16509.49999999994,16509.49999999994
6417,364780.0,804.06,341725.5,23054.5,23054.5
6418,364780.0,701.26,298035.5,66744.5,66744.5
6419,364900.0,519.85,220936.25000000003,143963.74999999997,143963.74999999997
6420,363435.0,330.0,140250.0,223185.0,223185.0
6421,311500.0,122.0,51850.0,259650.0,259650.0
6422,356000.0,0.0,0.0,356000.0,356000.0
6423,366390.0,0.0,0.0,366390.0,366390.0
6424,961090.0,0.0,0.0,961090.0,961090.0
6425,427360.0,0.0,0.0,427360.0,427360.0
6426,439480.0,0.0,0.0,439480.0,439480.0
6427,456100.0,0.0,0.0,456100.0,456100.0
6428,448080.0,0.0,0.0,448080.0,448080.0
6429,438180.0,0.0,0.0,438180.0,438180.0
6430,410960.0,0.0,0.0,410960.0,410960.0
6431,346940.0,0.0,0.0,346940.0,346940.0
6432,314900.0,0.0,0.0,314900.0,314900.0
6433,378300.0,0.0,0.0,378300.0,378300.0
6434,333900.0,11.55,4908.750000000001,328991.25,328991.25
6435,333900.0,127.55,54208.75,279691.25,279691.25
6436,334500.0,353.45,150216.25,184283.75,184283.75
6437,333900.0,526.85,223911.25,109988.75,109988.75
6438,354420.0,704.91,299586.74999999994,54833.25000000006,54833.25000000006
6439,310720.0,801.56,340662.99999999994,0.0,0.0
6440,313920.0,845.96,359533.0,0.0,0.0
6441,358320.0,819.76,348398.0,9922.0,9922.0
6442,410820.0,711.06,302200.49999999994,108619.50000000006,108619.50000000006
6443,411540.0,538.35,228798.75,182741.25,182741.25
6444,419040.0,330.25,140356.25,278683.75,278683.75
6445,366540.0,119.5,50787.5,315752.5,315752.5
6446,1115540.0,0.0,0.0,1115540.0,1000000.0
6447,536860.0,0.0,0.0,536860.0,536860.0
6448,409060.0,0.0,0.0,409060.0,409060.0
6449,416260.0,0.0,0.0,416260.0,416260.0
6450,428780.0,0.0,0.0,428780.0,428780.0
6451,445400.0,0.0,0.0,445400.0,445400.0
6452,437380.0,0.0,0.0,437380.0,437380.0
6453,437980.0,0.0,0.0,437980.0,437980.0
6454,418860.0,0.0,0.0,418860.0,418860.0
6455,400740.0,0.0,0.0,400740.0,400740.0
6456,368700.0,0.0,0.0,368700.0,368700.0
6457,378300.0,0.0,0.0,378300.0,378300.0
6458,333900.0,10.5,4462.5,329437.5,329437.5
6459,333900.0,110.95,47153.75,286746.25,286746.25
6460,334500.0,291.1,123717.5,210782.5,210782.5
6461,333900.0,480.2,204085.0,129815.0,129815.0
6462,354420.0,642.9,273232.5,81187.5,81187.5
6463,310720.0,751.61,319434.25,0.0,0.0
6464,313920.0,827.01,351479.25,0.0,0.0
6465,358320.0,742.31,315481.74999999994,42838.25000000006,42838.25000000006
6466,410820.0,655.65,278651.25,132168.75,132168.75
6467,411540.0,507.35,215623.74999999997,195916.25000000003,195916.25000000003
6468,419040.0,313.25,133131.25,285908.75,285908.75
6469,366540.0,112.8,47940.0,318600.0,318600.0
6470,1115540.0,0.0,0.0,1115540.0,1000000.0
6471,536860.0,0.0,0.0,536860.0,536860.0
6472,409060.0,0.0,0.0,409060.0,409060.0
6473,416260.0,0.0,0.0,416260.0,416260.0
6474,428780.0,0.0,0.0,428780.0,428780.0
6475,445400.0,0.0,0.0,445400.0,445400.0
6476,437380.0,0.0,0.0,437380.0,437380.0
6477,437980.0,0.0,0.0,437980.0,437980.0
6478,418860.0,0.0,0.0,418860.0,418860.0
6479,400740.0,0.0,0.0,400740.0,400740.0
6480,368700.0,0.0,0.0,368700.0,368700.0
6481,324500.0,0.0,0.0,324500.0,324500.0
6482,324500.0,10.9,4632.5,319867.5,319867.5
6483,335000.0,132.55,56333.75,278666.25,278666.25
6484,344600.0,325.75,138443.75,206156.25,206156.25
6485,344000.0,475.15,201938.74999999997,142061.25000000003,142061.25000000003
6486,364520.0,644.55,273933.75,90586.25,90586.25
6487,360980.0,731.51,310891.75,50088.25,50088.25
6488,364780.0,792.06,336625.5,28154.5,28154.5
6489,364780.0,743.96,316183.00000000006,48596.99999999994,48596.99999999994
6490,364780.0,649.8,276164.99999999994,88615.00000000006,88615.00000000006
6491,364900.0,510.6,217005.00000000003,147894.99999999997,147894.99999999997
6492,363435.0,308.4,131069.99999999997,232365.00000000003,232365.00000000003
6493,311500.0,111.15,47238.75,264261.25,264261.25
6494,356000.0,0.0,0.0,356000.0,356000.0
6495,366390.0,0.0,0.0,366390.0,366390.0
6496,961090.0,0.0,0.0,961090.0,961090.0
6497,427360.0,0.0,0.0,427360.0,427360.0
6498,439480.0,0.0,0.0,439480.0,439480.0
6499,456100.0,0.0,0.0,456100.0,456100.0
6500,448080.0,0.0,0.0,448080.0,448080.0
6501,438180.0,0.0,0.0,438180.0,438180.0
6502,410960.0,0.0,0.0,410960.0,410960.0
6503,346940.0,0.0,0.0,346940.0,346940.0
6504,314900.0,0.0,0.0,314900.0,314900.0
6505,324500.0,0.0,0.0,324500.0,324500.0
6506,324500.0,10.95,4653.75,319846.25,319846.25
6507,335000.0,130.5,55462.5,279537.5,279537.5
6508,344600.0,333.25,141631.25,202968.75,202968.75
6509,344000.0,514.3,218577.5,125422.5,125422.5
6510,364520.0,633.05,269046.25,95473.75,95473.75
6511,360980.0,747.86,317840.5,43139.5,43139.5
6512,364780.0,835.76,355198.0,9582.0,9582.0
6513,364780.0,792.61,336859.25,27920.75,27920.75
6514,364780.0,679.76,288898.0,75882.0,75882.0
6515,364900.0,513.85,218386.25,146513.75,146513.75
6516,363435.0,309.35,131473.75,231961.25,231961.25
6517,311500.0,106.7,45347.5,266152.5,266152.5
6518,356000.0,0.0,0.0,356000.0,356000.0
6519,366390.0,0.0,0.0,366390.0,366390.0
6520,961090.0,0.0,0.0,961090.0,961090.0
6521,427360.0,0.0,0.0,427360.0,427360.0
6522,439480.0,0.0,0.0,439480.0,439480.0
6523,456100.0,0.0,0.0,456100.0,456100.0
6524,448080.0,0.0,0.0,448080.0,448080.0
6525,438180.0,0.0,0.0,438180.0,438180.0
6526,410960.0,0.0,0.0,410960.0,410960.0
6527,346940.0,0.0,0.0,346940.0,346940.0
6528,314900.0,0.0,0.0,314900.0,314900.0
6529,324500.0,0.0,0.0,324500.0,324500.0
6530,324500.0,10.05,4271.25,320228.75,320228.75
6531,335000.0,127.5,54187.5,280812.5,280812.5
6532,344600.0,274.1,116492.5,228107.5,228107.5
6533,344000.0,409.4,173995.0,170005.0,170005.0
6534,364520.0,425.55,180858.75,183661.25,183661.25
6535,360980.0,655.5,278587.5,82392.5,82392.5
6536,364780.0,606.2,257635.00000000003,107144.99999999997,107144.99999999997
6537,364780.0,604.65,256976.25,107803.75,107803.75
6538,364780.0,563.2,239360.0,125420.0,125420.0
6539,364900.0,444.95,189103.75,175796.25,175796.25
6540,363435.0,278.3,118277.5,245157.5,245157.5
6541,311500.0,102.0,43350.0,268150.0,268150.0
6542,356000.0,0.0,0.0,356000.0,356000.0
6543,366390.0,0.0,0.0,366390.0,366390.0
6544,961090.0,0.0,0.0,961090.0,961090.0
6545,427360.0,0.0,0.0,427360.0,427360.0
6546,439480.0,0.0,0.0,439480.0,439480.0
6547,456100.0,0.0,0.0,456100.0,456100.0
6548,448080.0,0.0,0.0,448080.0,448080.0
6549,438180.0,0.0,0.0,438180.0,438180.0
6550,410960.0,0.0,0.0,410960.0,410960.0
6551,346940.0,0.0,0.0,346940.0,346940.0
6552,314900.0,0.0,0.0,314900.0,314900.0
6553,324500.0,0.0,0.0,324500.0,324500.0
6554,324500.0,10.25,4356.25,320143.75,320143.75
6555,335000.0,139.75,59393.75,275606.25,275606.25
6556,344600.0,327.6,139230.0,205370.0,205370.0
6557,344000.0,531.15,225738.75,118261.25,118261.25
6558,364520.0,696.61,296059.25000000006,68460.74999999994,68460.74999999994
6559,360980.0,777.06,330250.5,30729.5,30729.5
6560,364780.0,833.81,354369.24999999994,10410.750000000058,10410.750000000058
6561,364780.0,787.76,334798.0,29982.0,29982.0
6562,364780.0,677.61,287984.25,76795.75,76795.75
6563,364900.0,507.35,215623.74999999997,149276.25000000003,149276.25000000003
6564,363435.0,302.35,128498.75,234936.25,234936.25
6565,311500.0,101.6,43180.0,268320.0,268320.0
6566,356000.0,0.0,0.0,356000.0,356000.0
6567,366390.0,0.0,0.0,366390.0,366390.0
6568,961090.0,0.0,0.0,961090.0,961090.0
6569,427360.0,0.0,0.0,427360.0,427360.0
6570,439480.0,0.0,0.0,439480.0,439480.0
6571,456100.0,0.0,0.0,456100.0,456100.0
6572,448080.0,0.0,0.0,448080.0,448080.0
6573,438180.0,0.0,0.0,438180.0,438180.0
6574,410960.0,0.0,0.0,410960.0,410960.0
6575,346940.0,0.0,0.0,346940.0,346940.0
6576,314900.0,0.0,0.0,314900.0,314900.0
6577,324500.0,0.0,0.0,324500.0,324500.0
6578,324500.0,10.45,4441.25,320058.75,320058.75
6579,335000.0,138.55,58883.75,276116.25,276116.25
6580,344600.0,334.05,141971.25,202628.75,202628.75
6581,344000.0,514.85,218811.25000000003,125188.74999999997,125188.74999999997
6582,364520.0,713.66,303305.5,61214.5,61214.5
6583,360980.0,778.46,330845.5,30134.5,30134.5
6584,364780.0,830.06,352775.49999999994,12004.500000000058,12004.500000000058
6585,364780.0,798.71,339451.75,25328.25,25328.25
6586,364780.0,687.91,292361.75,72418.25,72418.25
6587,364900.0,513.15,218088.75,146811.25,146811.25
6588,363435.0,304.85,129561.25,233873.75,233873.75
6589,311500.0,101.05,42946.25,268553.75,268553.75
6590,356000.0,0.0,0.0,356000.0,356000.0
6591,366390.0,0.0,0.0,366390.0,366390.0
6592,961090.0,0.0,0.0,961090.0,961090.0
6593,427360.0,0.0,0.0,427360.0,427360.0
6594,439480.0,0.0,0.0,439480.0,439480.0
6595,456100.0,0.0,0.0,456100.0,456100.0
6596,448080.0,0.0,0.0,448080.0,448080.0
6597,438180.0,0.0,0.0,438180.0,438180.0
6598,410960.0,0.0,0.0,410960.0,410960.0
6599,346940.0,0.0,0.0,346940.0,346940.0
6600,314900.0,0.0,0.0,314900.0,314900.0
6601,378300.0,0.0,0.0,378300.0,378300.0
6602,333900.0,9.75,4143.75,329756.25,329756.25
6603,333900.0,146.6,62305.0,271595.0,271595.0
6604,334500.0,318.25,135256.25,199243.75,199243.75
6605,333900.0,512.3,217727.5,116172.5,116172.5
6606,354420.0,689.01,292829.25,61590.75,61590.75
6607,310720.0,818.81,347994.24999999994,0.0,0.0
6608,313920.0,846.11,359596.75,0.0,0.0
6609,358320.0,806.86,342915.5,15404.5,15404.5
6610,410820.0,692.11,294146.75,116673.25,116673.25
6611,411540.0,515.95,219278.75,192261.25,192261.25
6612,419040.0,306.55,130283.75,288756.25,288756.25
6613,366540.0,100.5,42712.5,323827.5,323827.5
6614,1115540.0,0.0,0.0,1115540.0,1000000.0
6615,536860.0,0.0,0.0,536860.0,536860.0
6616,409060.0,0.0,0.0,409060.0,409060.0
6617,416260.0,0.0,0.0,416260.0,416260.0
6618,428780.0,0.0,0.0,428780.0,428780.0
6619,445400.0,0.0,0.0,445400.0,445400.0
6620,437380.0,0.0,0.0,437380.0,437380.0
6621,437980.0,0.0,0.0,437980.0,437980.0
6622,418860.0,0.0,0.0,418860.0,418860.0
6623,400740.0,0.0,0.0,400740.0,400740.0
6624,368700.0,0.0,0.0,368700.0,368700.0
6625,378300.0,0.0,0.0,378300.0,378300.0
6626,333900.0,8.8,3740.0,330160.0,330160.0
6627,333900.0,129.7,55122.49999999999,278777.5,278777.5
6628,334500.0,304.9,129582.5,204917.5,204917.5
6629,333900.0,538.7,228947.50000000003,104952.49999999997,104952.49999999997
6630,354420.0,702.66,298630.5,55789.5,55789.5
6631,310720.0,782.41,332524.24999999994,0.0,0.0
6632,313920.0,846.26,359660.5,0.0,0.0
6633,358320.0,799.51,339791.75,18528.25,18528.25
6634,410820.0,686.06,291575.49999999994,119244.50000000006,119244.50000000006
6635,411540.0,508.35,216048.74999999997,195491.25000000003,195491.25000000003
6636,419040.0,301.25,128031.25,291008.75,291008.75
6637,366540.0,97.1,41267.49999999999,325272.5,325272.5
6638,1115540.0,0.0,0.0,1115540.0,1000000.0
6639,536860.0,0.0,0.0,536860.0,536860.0
6640,409060.0,0.0,0.0,409060.0,409060.0
6641,416260.0,0.0,0.0,416260.0,416260.0
6642,428780.0,0.0,0.0,428780.0,428780.0
6643,445400.0,0.0,0.0,445400.0,445400.0
6644,437380.0,0.0,0.0,437380.0,437380.0
6645,437980.0,0.0,0.0,437980.0,437980.0
6646,418860.0,0.0,0.0,418860.0,418860.0
6647,400740.0,0.0,0.0,400740.0,400740.0
6648,368700.0,0.0,0.0,368700.0,368700.0
6649,324500.0,0.0,0.0,324500.0,324500.0
6650,324500.0,9.7,4122.499999999999,320377.5,320377.5
6651,335000.0,124.8,53040.0,281960.0,281960.0
6652,344600.0,336.2,142885.0,201715.0,201715.0
6653,344000.0,525.7,223422.5,120577.5,120577.5
6654,364520.0,701.76,298247.99999999994,66272.00000000006,66272.00000000006
6655,360980.0,793.81,337369.24999999994,23610.75000000006,23610.75000000006
6656,364780.0,843.06,358300.49999999994,6479.500000000058,6479.500000000058
6657,364780.0,789.46,335520.5,29259.5,29259.5
6658,364780.0,682.36,290003.0,74777.0,74777.0
6659,364900.0,508.6,216155.00000000003,148744.99999999997,148744.99999999997
6660,363435.0,298.9,127032.5,236402.5,236402.5
6661,311500.0,95.35,40523.74999999999,270976.25,270976.25
6662,356000.0,0.0,0.0,356000.0,356000.0
6663,366390.0,0.0,0.0,366390.0,366390.0
6664,961090.0,0.0,0.0,961090.0,961090.0
6665,427360.0,0.0,0.0,427360.0,427360.0
6666,439480.0,0.0,0.0,439480.0,439480.0
6667,456100.0,0.0,0.0,456100.0,456100.0
6668,448080.0,0.0,0.0,448080.0,448080.0
6669,438180.0,0.0,0.0,438180.0,438180.0
6670,410960.0,0.0,0.0,410960.0,410960.0
6671,346940.0,0.0,0.0,346940.0,346940.0
6672,314900.0,0.0,0.0,314900.0,314900.0
6673,324500.0,0.0,0.0,324500.0,324500.0
6674,324500.0,9.9,4207.5,320292.5,320292.5
6675,335000.0,137.55,58458.75,276541.25,276541.25
6676,344600.0,349.0,148325.0,196275.0,196275.0
6677,344000.0,539.11,229121.75,114878.25,114878.25
6678,364520.0,695.66,295655.5,68864.5,68864.5
6679,360980.0,759.21,322664.25,38315.75,38315.75
6680,364780.0,815.96,346783.0,17997.0,17997.0
6681,364780.0,769.76,327148.0,37632.0,37632.0
6682,364780.0,674.96,286858.0,77922.0,77922.0
6683,364900.0,506.7,215347.50000000003,149552.49999999997,149552.49999999997
6684,363435.0,295.85,125736.25,237698.75,237698.75
6685,311500.0,92.15,39163.75000000001,272336.25,272336.25
6686,356000.0,0.0,0.0,356000.0,356000.0
6687,366390.0,0.0,0.0,366390.0,366390.0
6688,961090.0,0.0,0.0,961090.0,961090.0
6689,427360.0,0.0,0.0,427360.0,427360.0
6690,439480.0,0.0,0.0,439480.0,439480.0
6691,456100.0,0.0,0.0,456100.0,456100.0
6692,448080.0,0.0,0.0,448080.0,448080.0
6693,438180.0,0.0,0.0,438180.0,438180.0
6694,410960.0,0.0,0.0,410960.0,410960.0
6695,346940.0,0.0,0.0,346940.0,346940.0
6696,314900.0,0.0,0.0,314900.0,314900.0
6697,324500.0,0.0,0.0,324500.0,324500.0
6698,324500.0,9.4,3995.0,320505.0,320505.0
6699,335000.0,126.8,53890.0,281110.0,281110.0
6700,344600.0,300.9,127882.5,216717.5,216717.5
6701,344000.0,522.55,222083.74999999997,121916.25000000003,121916.25000000003
6702,364520.0,696.96,296208.0,68312.0,68312.0
6703,360980.0,775.51,329591.75,31388.25,31388.25
6704,364780.0,830.11,352796.75,11983.25,11983.25
6705,364780.0,786.36,334203.00000000006,30576.99999999994,30576.99999999994
6706,364780.0,673.26,286135.5,78644.5,78644.5
6707,364900.0,498.75,211968.75,152931.25,152931.25
6708,363435.0,289.0,122825.0,240610.0,240610.0
6709,311500.0,88.35,37548.75,273951.25,273951.25
6710,356000.0,0.0,0.0,356000.0,356000.0
6711,366390.0,0.0,0.0,366390.0,366390.0
6712,961090.0,0.0,0.0,961090.0,961090.0
6713,427360.0,0.0,0.0,427360.0,427360.0
6714,439480.0,0.0,0.0,439480.0,439480.0
6715,456100.0,0.0,0.0,456100.0,456100.0
6716,448080.0,0.0,0.0,448080.0,448080.0
6717,438180.0,0.0,0.0,438180.0,438180.0
6718,410960.0,0.0,0.0,410960.0,410960.0
6719,346940.0,0.0,0.0,346940.0,346940.0
6720,314900.0,0.0,0.0,314900.0,314900.0
6721,324500.0,0.0,0.0,324500.0,324500.0
6722,324500.0,9.0,3825.0,320675.0,320675.0
6723,335000.0,133.05,56546.25,278453.75,278453.75
6724,344600.0,323.35,137423.75,207176.25,207176.25
6725,344000.0,526.55,223783.75,120216.25,120216.25
6726,364520.0,699.66,297355.5,67164.5,67164.5
6727,360980.0,796.71,338601.75,22378.25,22378.25
6728,364780.0,809.51,344041.75,20738.25,20738.25
6729,364780.0,777.76,330548.0,34232.0,34232.0
6730,364780.0,663.41,281949.25,82830.75,82830.75
6731,364900.0,491.05,208696.25,156203.75,156203.75
6732,363435.0,283.2,120360.0,243075.0,243075.0
6733,311500.0,85.3,36252.5,275247.5,275247.5
6734,356000.0,0.0,0.0,356000.0,356000.0
6735,366390.0,0.0,0.0,366390.0,366390.0
6736,961090.0,0.0,0.0,961090.0,961090.0
6737,427360.0,0.0,0.0,427360.0,427360.0
6738,439480.0,0.0,0.0,439480.0,439480.0
6739,456100.0,0.0,0.0,456100.0,456100.0
6740,448080.0,0.0,0.0,448080.0,448080.0
6741,438180.0,0.0,0.0,438180.0,438180.0
6742,410960.0,0.0,0.0,410960.0,410960.0
6743,346940.0,0.0,0.0,346940.0,346940.0
6744,314900.0,0.0,0.0,314900.0,314900.0
6745,324500.0,0.0,0.0,324500.0,324500.0
6746,324500.0,0.0,0.0,324500.0,324500.0
6747,335000.0,125.0,53125.0,281875.0,281875.0
6748,344600.0,325.75,138443.75,206156.25,206156.25
6749,344000.0,547.81,232819.24999999994,111180.75000000006,111180.75000000006
6750,364520.0,691.86,294040.5,70479.5,70479.5
6751,360980.0,784.36,333353.0,27627.0,27627.0
6752,364780.0,818.11,347696.75,17083.25,17083.25
6753,364780.0,768.71,326701.75,38078.25,38078.25
6754,364780.0,657.51,279441.75,85338.25,85338.25
6755,364900.0,475.15,201938.74999999997,162961.25000000003,162961.25000000003
6756,363435.0,276.25,117406.25,246028.75,246028.75
6757,311500.0,81.8,34765.0,276735.0,276735.0
6758,356000.0,0.0,0.0,356000.0,356000.0
6759,366390.0,0.0,0.0,366390.0,366390.0
6760,961090.0,0.0,0.0,961090.0,961090.0
6761,427360.0,0.0,0.0,427360.0,427360.0
6762,439480.0,0.0,0.0,439480.0,439480.0
6763,456100.0,0.0,0.0,456100.0,456100.0
6764,448080.0,0.0,0.0,448080.0,448080.0
6765,438180.0,0.0,0.0,438180.0,438180.0
6766,410960.0,0.0,0.0,410960.0,410960.0
6767,346940.0,0.0,0.0,346940.0,346940.0
6768,314900.0,0.0,0.0,314900.0,314900.0
6769,378300.0,0.0,0.0,378300.0,378300.0
6770,333900.0,0.0,0.0,333900.0,333900.0
6771,333900.0,143.7,61072.5,272827.5,272827.5
6772,334500.0,355.35,151023.75,183476.25,183476.25
6773,333900.0,554.46,235645.50000000003,98254.49999999997,98254.49999999997
6774,354420.0,709.96,301733.0,52687.0,52687.0
6775,310720.0,806.41,342724.25,0.0,0.0
6776,313920.0,829.16,352393.0,0.0,0.0
6777,358320.0,779.46,331270.5,27049.5,27049.5
6778,410820.0,662.41,281524.25,129295.75,129295.75
6779,411540.0,469.45,199516.25,212023.75,212023.75
6780,419040.0,232.05,98621.25,320418.75,320418.75
6781,366540.0,75.85,32236.25,334303.75,334303.75
6782,1115540.0,0.0,0.0,1115540.0,1000000.0
6783,536860.0,0.0,0.0,536860.0,536860.0
6784,409060.0,0.0,0.0,409060.0,409060.0
6785,416260.0,0.0,0.0,416260.0,416260.0
6786,428780.0,0.0,0.0,428780.0,428780.0
6787,445400.0,0.0,0.0,445400.0,445400.0
6788,437380.0,0.0,0.0,437380.0,437380.0
6789,437980.0,0.0,0.0,437980.0,437980.0
6790,418860.0,0.0,0.0,418860.0,418860.0
6791,400740.0,0.0,0.0,400740.0,400740.0
6792,368700.0,0.0,0.0,368700.0,368700.0
6793,378300.0,0.0,0.0,378300.0,378300.0
6794,333900.0,0.0,0.0,333900.0,333900.0
6795,333900.0,143.0,60775.0,273125.0,273125.0
6796,334500.0,341.95,145328.75,189171.25,189171.25
6797,333900.0,561.76,238748.0,95152.0,95152.0
6798,354420.0,720.36,306153.0,48267.0,48267.0
6799,310720.0,815.86,346740.5,0.0,0.0
6800,313920.0,840.86,357365.5,0.0,0.0
6801,358320.0,790.66,336030.49999999994,22289.50000000006,22289.50000000006
6802,410820.0,670.71,285051.75,125768.25,125768.25
6803,411540.0,493.76,209848.0,201692.0,201692.0
6804,419040.0,281.7,119722.5,299317.5,299317.5
6805,366540.0,80.15,34063.75,332476.25,332476.25
6806,1115540.0,0.0,0.0,1115540.0,1000000.0
6807,536860.0,0.0,0.0,536860.0,536860.0
6808,409060.0,0.0,0.0,409060.0,409060.0
6809,416260.0,0.0,0.0,416260.0,416260.0
6810,428780.0,0.0,0.0,428780.0,428780.0
6811,445400.0,0.0,0.0,445400.0,445400.0
6812,437380.0,0.0,0.0,437380.0,437380.0
6813,437980.0,0.0,0.0,437980.0,437980.0
6814,418860.0,0.0,0.0,418860.0,418860.0
6815,400740.0,0.0,0.0,400740.0,400740.0
6816,368700.0,0.0,0.0,368700.0,368700.0
6817,324500.0,0.0,0.0,324500.0,324500.0
6818,324500.0,0.0,0.0,324500.0,324500.0
6819,335000.0,149.5,63537.5,271462.5,271462.5
6820,344600.0,364.0,154700.0,189900.0,189900.0
6821,344000.0,567.66,241255.5,102744.5,102744.5
6822,364520.0,728.26,309510.5,55009.5,55009.5
6823,360980.0,823.31,349906.75,11073.25,11073.25
6824,364780.0,847.81,360319.25,4460.75,4460.75
6825,364780.0,797.91,339111.75,25668.25,25668.25
6826,364780.0,677.66,288005.49999999994,76774.50000000006,76774.50000000006
6827,364900.0,499.86,212440.5,152459.5,152459.5
6828,363435.0,285.65,121401.24999999997,242033.75000000003,242033.75000000003
6829,311500.0,80.15,34063.75,277436.25,277436.25
6830,356000.0,0.0,0.0,356000.0,356000.0
6831,366390.0,0.0,0.0,366390.0,366390.0
6832,961090.0,0.0,0.0,961090.0,961090.0
6833,427360.0,0.0,0.0,427360.0,427360.0
6834,439480.0,0.0,0.0,439480.0,439480.0
6835,456100.0,0.0,0.0,456100.0,456100.0
6836,448080.0,0.0,0.0,448080.0,448080.0
6837,438180.0,0.0,0.0,438180.0,438180.0
6838,410960.0,0.0,0.0,410960.0,410960.0
6839,346940.0,0.0,0.0,346940.0,346940.0
6840,314900.0,0.0,0.0,314900.0,314900.0
6841,324500.0,0.0,0.0,324500.0,324500.0
6842,324500.0,0.0,0.0,324500.0,324500.0
6843,335000.0,155.05,65896.25000000001,269103.75,269103.75
6844,344600.0,376.05,159821.25,184778.75,184778.75
6845,344000.0,582.11,247396.75,96603.25,96603.25
6846,364520.0,739.91,314461.75,50058.25,50058.25
6847,360980.0,832.71,353901.75000000006,7078.249999999942,7078.249999999942
6848,364780.0,854.16,363017.99999999994,1762.0000000000582,1762.0000000000582
6849,364780.0,801.61,340684.25,24095.75,24095.75
6850,364780.0,679.31,288706.75,76073.25,76073.25
6851,364900.0,499.21,212164.25,152735.75,152735.75
6852,363435.0,283.3,120402.5,243032.5,243032.5
6853,311500.0,77.85,33086.24999999999,278413.75,278413.75
6854,356000.0,0.0,0.0,356000.0,356000.0
6855,366390.0,0.0,0.0,366390.0,366390.0
6856,961090.0,0.0,0.0,961090.0,961090.0
6857,427360.0,0.0,0.0,427360.0,427360.0
6858,439480.0,0.0,0.0,439480.0,439480.0
6859,456100.0,0.0,0.0,456100.0,456100.0
6860,448080.0,0.0,0.0,448080.0,448080.0
6861,438180.0,0.0,0.0,438180.0,438180.0
6862,410960.0,0.0,0.0,410960.0,410960.0
6863,346940.0,0.0,0.0,346940.0,346940.0
6864,314900.0,0.0,0.0,314900.0,314900.0
6865,324500.0,0.0,0.0,324500.0,324500.0
6866,324500.0,0.0,0.0,324500.0,324500.0
6867,335000.0,151.7,64472.5,270527.5,270527.5
6868,344600.0,370.9,157632.49999999997,186967.50000000003,186967.50000000003
6869,344000.0,576.81,245144.24999999994,98855.75000000006,98855.75000000006
6870,364520.0,736.56,313038.0,51482.0,51482.0
6871,360980.0,831.56,353413.0,7567.0,7567.0
6872,364780.0,854.11,362996.75,1783.25,1783.25
6873,364780.0,801.76,340748.0,24032.0,24032.0
6874,364780.0,679.36,288728.0,76052.0,76052.0
6875,364900.0,499.11,212121.75,152778.25,152778.25
6876,363435.0,282.2,119935.0,243500.0,243500.0
6877,311500.0,75.9,32257.500000000004,279242.5,279242.5
6878,356000.0,0.0,0.0,356000.0,356000.0
6879,366390.0,0.0,0.0,366390.0,366390.0
6880,961090.0,0.0,0.0,961090.0,961090.0
6881,427360.0,0.0,0.0,427360.0,427360.0
6882,439480.0,0.0,0.0,439480.0,439480.0
6883,456100.0,0.0,0.0,456100.0,456100.0
6884,448080.0,0.0,0.0,448080.0,448080.0
6885,438180.0,0.0,0.0,438180.0,438180.0
6886,410960.0,0.0,0.0,410960.0,410960.0
6887,346940.0,0.0,0.0,346940.0,346940.0
6888,314900.0,0.0,0.0,314900.0,314900.0
6889,324500.0,0.0,0.0,324500.0,324500.0
6890,324500.0,0.0,0.0,324500.0,324500.0
6891,335000.0,149.95,63728.75,271271.25,271271.25
6892,344600.0,368.35,156548.75,188051.25,188051.25
6893,344000.0,574.31,244081.75,99918.25,99918.25
6894,364520.0,732.96,311508.0,53012.0,53012.0
6895,360980.0,826.26,351160.5,9819.5,9819.5
6896,364780.0,846.71,359851.75000000006,4928.249999999942,4928.249999999942
6897,364780.0,793.46,337220.5,27559.5,27559.5
6898,364780.0,672.61,285859.25,78920.75,78920.75
6899,364900.0,490.91,208636.75,156263.25,156263.25
6900,363435.0,275.15,116938.74999999997,246496.25000000003,246496.25000000003
6901,311500.0,71.9,30557.5,280942.5,280942.5
6902,356000.0,0.0,0.0,356000.0,356000.0
6903,366390.0,0.0,0.0,366390.0,366390.0
6904,961090.0,0.0,0.0,961090.0,961090.0
6905,427360.0,0.0,0.0,427360.0,427360.0
6906,439480.0,0.0,0.0,439480.0,439480.0
6907,456100.0,0.0,0.0,456100.0,456100.0
6908,448080.0,0.0,0.0,448080.0,448080.0
6909,438180.0,0.0,0.0,438180.0,438180.0
6910,410960.0,0.0,0.0,410960.0,410960.0
6911,346940.0,0.0,0.0,346940.0,346940.0
6912,314900.0,0.0,0.0,314900.0,314900.0
6913,324500.0,0.0,0.0,324500.0,324500.0
6914,324500.0,0.0,0.0,324500.0,324500.0
6915,335000.0,147.05,62496.25,272503.75,272503.75
6916,344600.0,361.4,153595.0,191005.0,191005.0
6917,344000.0,565.31,240256.75,103743.25,103743.25
6918,364520.0,723.66,307555.5,56964.5,56964.5
6919,360980.0,816.56,347038.0,13942.0,13942.0
6920,364780.0,834.96,354858.0,9922.0,9922.0
6921,364780.0,782.41,332524.24999999994,32255.75000000006,32255.75000000006
6922,364780.0,661.16,280993.0,83787.0,83787.0
6923,364900.0,485.31,206256.75,158643.25,158643.25
6924,363435.0,272.1,115642.5,247792.5,247792.5
6925,311500.0,70.75,30068.75,281431.25,281431.25
6926,356000.0,0.0,0.0,356000.0,356000.0
6927,366390.0,0.0,0.0,366390.0,366390.0
6928,961090.0,0.0,0.0,961090.0,961090.0
6929,427360.0,0.0,0.0,427360.0,427360.0
6930,439480.0,0.0,0.0,439480.0,439480.0
6931,456100.0,0.0,0.0,456100.0,456100.0
6932,448080.0,0.0,0.0,448080.0,448080.0
6933,438180.0,0.0,0.0,438180.0,438180.0
6934,410960.0,0.0,0.0,410960.0,410960.0
6935,346940.0,0.0,0.0,346940.0,346940.0
6936,314900.0,0.0,0.0,314900.0,314900.0
6937,378300.0,0.0,0.0,378300.0,378300.0
6938,333900.0,0.0,0.0,333900.0,333900.0
6939,333900.0,137.15,58288.75,275611.25,275611.25
6940,334500.0,321.6,136680.0,197820.0,197820.0
6941,333900.0,519.11,220621.74999999997,113278.25000000003,113278.25000000003
6942,354420.0,665.01,282629.25,71790.75,71790.75
6943,310720.0,768.01,326404.25,0.0,0.0
6944,313920.0,790.91,336136.75,0.0,0.0
6945,358320.0,724.81,308044.25,50275.75,50275.75
6946,410820.0,644.16,273768.0,137052.0,137052.0
6947,411540.0,458.26,194760.5,216779.5,216779.5
6948,419040.0,250.75,106568.74999999999,312471.25,312471.25
6949,366540.0,63.45,26966.250000000004,339573.75,339573.75
6950,1115540.0,0.0,0.0,1115540.0,1000000.0
6951,536860.0,0.0,0.0,536860.0,536860.0
6952,409060.0,0.0,0.0,409060.0,409060.0
6953,416260.0,0.0,0.0,416260.0,416260.0
6954,428780.0,0.0,0.0,428780.0,428780.0
6955,445400.0,0.0,0.0,445400.0,445400.0
6956,437380.0,0.0,0.0,437380.0,437380.0
6957,437980.0,0.0,0.0,437980.0,437980.0
6958,418860.0,0.0,0.0,418860.0,418860.0
6959,400740.0,0.0,0.0,400740.0,400740.0
6960,368700.0,0.0,0.0,368700.0,368700.0
6961,378300.0,0.0,0.0,378300.0,378300.0
6962,333900.0,0.0,0.0,333900.0,333900.0
6963,333900.0,83.1,35317.5,298582.5,298582.5
6964,334500.0,189.6,80580.0,253920.0,253920.0
6965,333900.0,357.5,151937.5,181962.5,181962.5
6966,354420.0,490.6,208505.00000000003,145914.99999999997,145914.99999999997
6967,310720.0,709.51,301541.75,9178.25,9178.25
6968,313920.0,699.41,297249.25,16670.75,16670.75
6969,358320.0,660.91,280886.75,77433.25,77433.25
6970,410820.0,453.75,192843.75,217976.25,217976.25
6971,411540.0,268.45,114091.24999999997,297448.75,297448.75
6972,419040.0,140.8,59840.0,359200.0,359200.0
6973,366540.0,36.1,15342.5,351197.5,351197.5
6974,1115540.0,0.0,0.0,1115540.0,1000000.0
6975,536860.0,0.0,0.0,536860.0,536860.0
6976,409060.0,0.0,0.0,409060.0,409060.0
6977,416260.0,0.0,0.0,416260.0,416260.0
6978,428780.0,0.0,0.0,428780.0,428780.0
6979,445400.0,0.0,0.0,445400.0,445400.0
6980,437380.0,0.0,0.0,437380.0,437380.0
6981,437980.0,0.0,0.0,437980.0,437980.0
6982,418860.0,0.0,0.0,418860.0,418860.0
6983,400740.0,0.0,0.0,400740.0,400740.0
6984,368700.0,0.0,0.0,368700.0,368700.0
6985,324500.0,0.0,0.0,324500.0,324500.0
6986,324500.0,0.0,0.0,324500.0,324500.0
6987,335000.0,131.1,55717.5,279282.5,279282.5
6988,344600.0,318.8,135490.0,209110.0,209110.0
6989,344000.0,518.56,220387.99999999994,123612.00000000006,123612.00000000006
6990,364520.0,673.11,286071.75,78448.25,78448.25
6991,360980.0,774.81,329294.25,31685.75,31685.75
6992,364780.0,784.51,333416.75,31363.25,31363.25
6993,364780.0,738.31,313781.74999999994,50998.25000000006,50998.25000000006
6994,364780.0,627.56,266712.99999999994,98067.00000000006,98067.00000000006
6995,364900.0,453.26,192635.5,172264.5,172264.5
6996,363435.0,249.2,105909.99999999999,257525.0,257525.0
6997,311500.0,59.7,25372.5,286127.5,286127.5
6998,356000.0,0.0,0.0,356000.0,356000.0
6999,366390.0,0.0,0.0,366390.0,366390.0
7000,961090.0,0.0,0.0,961090.0,961090.0
7001,427360.0,0.0,0.0,427360.0,427360.0
7002,439480.0,0.0,0.0,439480.0,439480.0
7003,456100.0,0.0,0.0,456100.0,456100.0
7004,448080.0,0.0,0.0,448080.0,448080.0
7005,438180.0,0.0,0.0,438180.0,438180.0
7006,410960.0,0.0,0.0,410960.0,410960.0
7007,346940.0,0.0,0.0,346940.0,346940.0
7008,314900.0,0.0,0.0,314900.0,314900.0
7009,324500.0,0.0,0.0,324500.0,324500.0
7010,324500.0,0.0,0.0,324500.0,324500.0
7011,335000.0,135.9,57757.5,277242.5,277242.5
7012,344600.0,345.65,146901.24999999997,197698.75000000003,197698.75000000003
7013,344000.0,542.91,230736.75,113263.25,113263.25
7014,364520.0,696.11,295846.75,68673.25,68673.25
7015,360980.0,793.06,337050.5,23929.5,23929.5
7016,364780.0,815.21,346464.25,18315.75,18315.75
7017,364780.0,764.26,324810.49999999994,39969.50000000006,39969.50000000006
7018,364780.0,646.71,274851.75,89928.25,89928.25
7019,364900.0,469.01,199329.25,165570.75,165570.75
7020,363435.0,257.85,109586.25000000001,253848.75,253848.75
7021,311500.0,61.45,26116.250000000004,285383.75,285383.75
7022,356000.0,0.0,0.0,356000.0,356000.0
7023,366390.0,0.0,0.0,366390.0,366390.0
7024,961090.0,0.0,0.0,961090.0,961090.0
7025,427360.0,0.0,0.0,427360.0,427360.0
7026,439480.0,0.0,0.0,439480.0,439480.0
7027,456100.0,0.0,0.0,456100.0,456100.0
7028,448080.0,0.0,0.0,448080.0,448080.0
7029,438180.0,0.0,0.0,438180.0,438180.0
7030,410960.0,0.0,0.0,410960.0,410960.0
7031,346940.0,0.0,0.0,346940.0,346940.0
7032,314900.0,0.0,0.0,314900.0,314900.0
7033,324500.0,0.0,0.0,324500.0,324500.0
7034,324500.0,0.0,0.0,324500.0,324500.0
7035,335000.0,144.05,61221.25,273778.75,273778.75
7036,344600.0,363.21,154364.25,190235.75,190235.75
7037,344000.0,568.81,241744.24999999994,102255.75000000006,102255.75000000006
7038,364520.0,727.21,309064.25,55455.75,55455.75
7039,360980.0,825.51,350841.75,10138.25,10138.25
7040,364780.0,846.51,359766.75,5013.25,5013.25
7041,364780.0,792.86,336965.5,27814.5,27814.5
7042,364780.0,669.26,284435.5,80344.5,80344.5
7043,364900.0,487.21,207064.25,157835.75,157835.75
7044,363435.0,268.2,113985.0,249450.0,249450.0
7045,311500.0,63.15,26838.75,284661.25,284661.25
7046,356000.0,0.0,0.0,356000.0,356000.0
7047,366390.0,0.0,0.0,366390.0,366390.0
7048,961090.0,0.0,0.0,961090.0,961090.0
7049,427360.0,0.0,0.0,427360.0,427360.0
7050,439480.0,0.0,0.0,439480.0,439480.0
7051,456100.0,0.0,0.0,456100.0,456100.0
7052,448080.0,0.0,0.0,448080.0,448080.0
7053,438180.0,0.0,0.0,438180.0,438180.0
7054,410960.0,0.0,0.0,410960.0,410960.0
7055,346940.0,0.0,0.0,346940.0,346940.0
7056,314900.0,0.0,0.0,314900.0,314900.0
7057,324500.0,0.0,0.0,324500.0,324500.0
7058,324500.0,0.0,0.0,324500.0,324500.0
7059,335000.0,142.9,60732.5,274267.5,274267.5
7060,344600.0,362.56,154088.0,190512.0,190512.0
7061,344000.0,568.56,241638.0,102362.0,102362.0
7062,364520.0,727.36,309128.0,55392.0,55392.0
7063,360980.0,817.21,347314.25,13665.75,13665.75
7064,364780.0,837.71,356026.75000000006,8753.249999999942,8753.249999999942
7065,364780.0,783.41,332949.24999999994,31830.75000000006,31830.75000000006
7066,364780.0,659.36,280228.0,84552.0,84552.0
7067,364900.0,477.61,202984.25000000003,161915.74999999997,161915.74999999997
7068,363435.0,260.35,110648.75000000001,252786.25,252786.25
7069,311500.0,53.12,22576.0,288924.0,288924.0
7070,356000.0,0.0,0.0,356000.0,356000.0
7071,366390.0,0.0,0.0,366390.0,366390.0
7072,961090.0,0.0,0.0,961090.0,961090.0
7073,427360.0,0.0,0.0,427360.0,427360.0
7074,439480.0,0.0,0.0,439480.0,439480.0
7075,456100.0,0.0,0.0,456100.0,456100.0
7076,448080.0,0.0,0.0,448080.0,448080.0
7077,438180.0,0.0,0.0,438180.0,438180.0
7078,410960.0,0.0,0.0,410960.0,410960.0
7079,346940.0,0.0,0.0,346940.0,346940.0
7080,314900.0,0.0,0.0,314900.0,314900.0
7081,324500.0,0.0,0.0,324500.0,324500.0
7082,324500.0,0.0,0.0,324500.0,324500.0
7083,335000.0,140.55,59733.75,275266.25,275266.25
7084,344600.0,359.26,152685.49999999997,191914.50000000003,191914.50000000003
7085,344000.0,564.66,239980.49999999994,104019.50000000006,104019.50000000006
7086,364520.0,723.11,307321.75,57198.25,57198.25
7087,360980.0,814.01,345954.25,15025.75,15025.75
7088,364780.0,833.66,354305.5,10474.5,10474.5
7089,364780.0,779.06,331100.5,33679.5,33679.5
7090,364780.0,654.96,278358.0,86422.0,86422.0
7091,364900.0,473.51,201241.75,163658.25,163658.25
7092,363435.0,257.15,109288.75,254146.25,254146.25
7093,311500.0,51.46,21870.5,289629.5,289629.5
7094,356000.0,0.0,0.0,356000.0,356000.0
7095,366390.0,0.0,0.0,366390.0,366390.0
7096,961090.0,0.0,0.0,961090.0,961090.0
7097,427360.0,0.0,0.0,427360.0,427360.0
7098,439480.0,0.0,0.0,439480.0,439480.0
7099,456100.0,0.0,0.0,456100.0,456100.0
7100,448080.0,0.0,0.0,448080.0,448080.0
7101,438180.0,0.0,0.0,438180.0,438180.0
7102,410960.0,0.0,0.0,410960.0,410960.0
7103,346940.0,0.0,0.0,346940.0,346940.0
7104,314900.0,0.0,0.0,314900.0,314900.0
7105,378300.0,0.0,0.0,378300.0,378300.0
7106,333900.0,0.0,0.0,333900.0,333900.0
7107,333900.0,135.55,57608.75,276291.25,276291.25
7108,334500.0,350.01,148754.25,185745.75,185745.75
7109,333900.0,552.61,234859.25,99040.75,99040.75
7110,354420.0,709.16,301393.0,53027.0,53027.0
7111,310720.0,808.16,343468.0,0.0,0.0
7112,313920.0,829.61,352584.25,0.0,0.0
7113,358320.0,775.86,329740.5,28579.5,28579.5
7114,410820.0,652.31,277231.75,133588.25,133588.25
7115,411540.0,471.36,200328.0,211212.0,211212.0
7116,419040.0,255.05,108396.25,310643.75,310643.75
7117,366540.0,50.08,21284.0,345256.0,345256.0
7118,1115540.0,0.0,0.0,1115540.0,1000000.0
7119,536860.0,0.0,0.0,536860.0,536860.0
7120,409060.0,0.0,0.0,409060.0,409060.0
7121,416260.0,0.0,0.0,416260.0,416260.0
7122,428780.0,0.0,0.0,428780.0,428780.0
7123,445400.0,0.0,0.0,445400.0,445400.0
7124,437380.0,0.0,0.0,437380.0,437380.0
7125,437980.0,0.0,0.0,437980.0,437980.0
7126,418860.0,0.0,0.0,418860.0,418860.0
7127,400740.0,0.0,0.0,400740.0,400740.0
7128,368700.0,0.0,0.0,368700.0,368700.0
7129,378300.0,0.0,0.0,378300.0,378300.0
7130,333900.0,0.0,0.0,333900.0,333900.0
7131,333900.0,133.75,56843.75,277056.25,277056.25
7132,334500.0,347.16,147543.0,186957.0,186957.0
7133,333900.0,548.76,233223.0,100677.0,100677.0
7134,354420.0,704.56,299438.0,54982.0,54982.0
7135,310720.0,801.81,340769.24999999994,0.0,0.0
7136,313920.0,822.06,349375.49999999994,0.0,0.0
7137,358320.0,767.66,326255.5,32064.5,32064.5
7138,410820.0,644.31,273831.74999999994,136988.25000000006,136988.25000000006
7139,411540.0,464.41,197374.25000000003,214165.74999999997,214165.74999999997
7140,419040.0,250.1,106292.5,312747.5,312747.5
7141,366540.0,48.08,20434.0,346106.0,346106.0
7142,1115540.0,0.0,0.0,1115540.0,1000000.0
7143,536860.0,0.0,0.0,536860.0,536860.0
7144,409060.0,0.0,0.0,409060.0,409060.0
7145,416260.0,0.0,0.0,416260.0,416260.0
7146,428780.0,0.0,0.0,428780.0,428780.0
7147,445400.0,0.0,0.0,445400.0,445400.0
7148,437380.0,0.0,0.0,437380.0,437380.0
7149,437980.0,0.0,0.0,437980.0,437980.0
7150,418860.0,0.0,0.0,418860.0,418860.0
7151,400740.0,0.0,0.0,400740.0,400740.0
7152,368700.0,0.0,0.0,368700.0,368700.0
7153,324500.0,0.0,0.0,324500.0,324500.0
7154,324500.0,0.0,0.0,324500.0,324500.0
7155,335000.0,133.3,56652.5,278347.5,278347.5
7156,344600.0,348.21,147989.24999999997,196610.75000000003,196610.75000000003
7157,344000.0,551.31,234306.75,109693.25,109693.25
7158,364520.0,708.16,300968.0,63552.0,63552.0
7159,360980.0,799.56,339812.99999999994,21167.00000000006,21167.00000000006
7160,364780.0,819.06,348100.49999999994,16679.50000000006,16679.50000000006
7161,364780.0,764.46,324895.5,39884.5,39884.5
7162,364780.0,641.06,272450.5,92329.5,92329.5
7163,364900.0,460.81,195844.25,169055.75,169055.75
7164,363435.0,246.25,104656.25,258778.75,258778.75
7165,311500.0,46.16,19618.0,291882.0,291882.0
7166,356000.0,0.0,0.0,356000.0,356000.0
7167,366390.0,0.0,0.0,366390.0,366390.0
7168,961090.0,0.0,0.0,961090.0,961090.0
7169,427360.0,0.0,0.0,427360.0,427360.0
7170,439480.0,0.0,0.0,439480.0,439480.0
7171,456100.0,0.0,0.0,456100.0,456100.0
7172,448080.0,0.0,0.0,448080.0,448080.0
7173,438180.0,0.0,0.0,438180.0,438180.0
7174,410960.0,0.0,0.0,410960.0,410960.0
7175,346940.0,0.0,0.0,346940.0,346940.0
7176,314900.0,0.0,0.0,314900.0,314900.0
7177,324500.0,0.0,0.0,324500.0,324500.0
7178,324500.0,0.0,0.0,324500.0,324500.0
7179,335000.0,131.15,55738.75000000001,279261.25,279261.25
7180,344600.0,344.51,146416.75,198183.25,198183.25
7181,344000.0,546.01,232054.25,111945.75,111945.75
7182,364520.0,701.61,298184.25000000006,66335.74999999994,66335.74999999994
7183,360980.0,793.66,337305.49999999994,23674.50000000006,23674.50000000006
7184,364780.0,813.61,345784.25,18995.75,18995.75
7185,364780.0,759.41,322749.24999999994,42030.75000000006,42030.75000000006
7186,364780.0,636.51,270516.75,94263.25,94263.25
7187,364900.0,457.01,194229.25,170670.75,170670.75
7188,363435.0,243.3,103402.50000000001,260032.5,260032.5
7189,311500.0,44.72,19005.999999999996,292494.0,292494.0
7190,356000.0,0.0,0.0,356000.0,356000.0
7191,366390.0,0.0,0.0,366390.0,366390.0
7192,961090.0,0.0,0.0,961090.0,961090.0
7193,427360.0,0.0,0.0,427360.0,427360.0
7194,439480.0,0.0,0.0,439480.0,439480.0
7195,456100.0,0.0,0.0,456100.0,456100.0
7196,448080.0,0.0,0.0,448080.0,448080.0
7197,438180.0,0.0,0.0,438180.0,438180.0
7198,410960.0,0.0,0.0,410960.0,410960.0
7199,346940.0,0.0,0.0,346940.0,346940.0
7200,314900.0,0.0,0.0,314900.0,314900.0
7201,324500.0,0.0,0.0,324500.0,324500.0
7202,324500.0,0.0,0.0,324500.0,324500.0
7203,335000.0,129.05,54846.25,280153.75,280153.75
7204,344600.0,341.76,145248.0,199352.0,199352.0
7205,344000.0,542.16,230418.0,113582.0,113582.0
7206,364520.0,696.01,295804.25,68715.75,68715.75
7207,360980.0,785.91,334011.75,26968.25,26968.25
7208,364780.0,804.56,341938.0,22842.0,22842.0
7209,364780.0,749.51,318541.75,46238.25,46238.25
7210,364780.0,626.01,266054.25,98725.75,98725.75
7211,364900.0,446.76,189873.0,175027.0,175027.0
7212,363435.0,235.2,99960.0,263475.0,263475.0
7213,311500.0,42.18,17926.5,293573.5,293573.5
7214,356000.0,0.0,0.0,356000.0,356000.0
7215,366390.0,0.0,0.0,366390.0,366390.0
7216,961090.0,0.0,0.0,961090.0,961090.0
7217,427360.0,0.0,0.0,427360.0,427360.0
7218,439480.0,0.0,0.0,439480.0,439480.0
7219,456100.0,0.0,0.0,456100.0,456100.0
7220,448080.0,0.0,0.0,448080.0,448080.0
7221,438180.0,0.0,0.0,438180.0,438180.0
7222,410960.0,0.0,0.0,410960.0,410960.0
7223,346940.0,0.0,0.0,346940.0,346940.0
7224,314900.0,0.0,0.0,314900.0,314900.0
7225,324500.0,0.0,0.0,324500.0,324500.0
7226,324500.0,0.0,0.0,324500.0,324500.0
7227,335000.0,121.15,51488.75000000001,283511.25,283511.25
7228,344600.0,329.41,139999.25000000003,204600.74999999997,204600.74999999997
7229,344000.0,516.06,219325.49999999997,124674.50000000003,124674.50000000003
7230,364520.0,679.06,288600.5,75919.5,75919.5
7231,360980.0,770.81,327594.25,33385.75,33385.75
7232,364780.0,791.31,336306.75,28473.25,28473.25
7233,364780.0,737.81,313569.25,51210.75,51210.75
7234,364780.0,616.31,261931.74999999994,102848.25000000006,102848.25000000006
7235,364900.0,439.11,186621.75,178278.25,178278.25
7236,363435.0,230.1,97792.5,265642.5,265642.5
7237,311500.0,40.47,17199.75,294300.25,294300.25
7238,356000.0,0.0,0.0,356000.0,356000.0
7239,366390.0,0.0,0.0,366390.0,366390.0
7240,961090.0,0.0,0.0,961090.0,961090.0
7241,427360.0,0.0,0.0,427360.0,427360.0
7242,439480.0,0.0,0.0,439480.0,439480.0
7243,456100.0,0.0,0.0,456100.0,456100.0
7244,448080.0,0.0,0.0,448080.0,448080.0
7245,438180.0,0.0,0.0,438180.0,438180.0
7246,410960.0,0.0,0.0,410960.0,410960.0
7247,346940.0,0.0,0.0,346940.0,346940.0
7248,314900.0,0.0,0.0,314900.0,314900.0
7249,324500.0,0.0,0.0,324500.0,324500.0
7250,324500.0,0.0,0.0,324500.0,324500.0
7251,335000.0,121.8,51764.99999999999,283235.0,283235.0
7252,344600.0,330.41,140424.25000000003,204175.74999999997,204175.74999999997
7253,344000.0,529.91,225211.75,118788.25,118788.25
7254,364520.0,683.56,290513.0,74007.0,74007.0
7255,360980.0,774.16,329018.0,31962.0,31962.0
7256,364780.0,793.31,337156.75,27623.25,27623.25
7257,364780.0,738.91,314036.75,50743.25,50743.25
7258,364780.0,616.41,261974.25,102805.75,102805.75
7259,364900.0,438.66,186430.50000000003,178469.49999999997,178469.49999999997
7260,363435.0,228.95,97303.75,266131.25,266131.25
7261,311500.0,39.36,16728.0,294772.0,294772.0
7262,356000.0,0.0,0.0,356000.0,356000.0
7263,366390.0,0.0,0.0,366390.0,366390.0
7264,961090.0,0.0,0.0,961090.0,961090.0
7265,427360.0,0.0,0.0,427360.0,427360.0
7266,439480.0,0.0,0.0,439480.0,439480.0
7267,456100.0,0.0,0.0,456100.0,456100.0
7268,448080.0,0.0,0.0,448080.0,448080.0
7269,438180.0,0.0,0.0,438180.0,438180.0
7270,410960.0,0.0,0.0,410960.0,410960.0
7271,346940.0,0.0,0.0,346940.0,346940.0
7272,314900.0,0.0,0.0,314900.0,314900.0
7273,378300.0,0.0,0.0,378300.0,378300.0
7274,333900.0,0.0,0.0,333900.0,333900.0
7275,333900.0,122.25,51956.25,281943.75,281943.75
7276,334500.0,331.31,140806.75,193693.25,193693.25
7277,333900.0,529.61,225084.25,108815.75,108815.75
7278,354420.0,682.46,290045.50000000006,64374.49999999994,64374.49999999994
7279,310720.0,774.71,329251.75,0.0,0.0
7280,313920.0,793.86,337390.5,0.0,0.0
7281,358320.0,739.61,314334.25,43985.75,43985.75
7282,410820.0,617.26,262335.5,148484.5,148484.5
7283,411540.0,439.21,186664.25,224875.75,224875.75
7284,419040.0,228.75,97218.75,321821.25,321821.25
7285,366540.0,38.49,16358.25,350181.75,350181.75
7286,1115540.0,0.0,0.0,1115540.0,1000000.0
7287,536860.0,0.0,0.0,536860.0,536860.0
7288,409060.0,0.0,0.0,409060.0,409060.0
7289,416260.0,0.0,0.0,416260.0,416260.0
7290,428780.0,0.0,0.0,428780.0,428780.0
7291,445400.0,0.0,0.0,445400.0,445400.0
7292,437380.0,0.0,0.0,437380.0,437380.0
7293,437980.0,0.0,0.0,437980.0,437980.0
7294,418860.0,0.0,0.0,418860.0,418860.0
7295,400740.0,0.0,0.0,400740.0,400740.0
7296,368700.0,0.0,0.0,368700.0,368700.0
7297,404660.0,0.0,0.0,404660.0,404660.0
7298,360260.0,0.0,0.0,360260.0,360260.0
7299,344120.0,120.8,51339.99999999999,292780.0,292780.0
7300,332420.0,330.46,140445.5,191974.5,191974.5
7301,331520.0,529.21,224914.25000000003,106605.74999999997,106605.74999999997
7302,338420.0,681.71,289726.75,48693.25,48693.25
7303,357340.0,772.26,328210.5,29129.5,29129.5
7304,414160.0,789.91,335711.75,78448.25,78448.25
7305,451060.0,735.51,312591.75,138468.25,138468.25
7306,453760.0,613.46,260720.5,193039.5,193039.5
7307,508960.0,436.01,185304.25,323655.75,323655.75
7308,456460.0,226.2,96134.99999999999,360325.0,360325.0
7309,443260.0,37.39,15890.75,427369.25,427369.25
7310,1155260.0,0.0,0.0,1155260.0,1000000.0
7311,579280.0,0.0,0.0,579280.0,579280.0
7312,462400.0,0.0,0.0,462400.0,462400.0
7313,470380.0,0.0,0.0,470380.0,470380.0
7314,479600.0,0.0,0.0,479600.0,479600.0
7315,479600.0,0.0,0.0,479600.0,479600.0
7316,421080.0,0.0,0.0,421080.0,421080.0
7317,421380.0,0.0,0.0,421380.0,421380.0
7318,402380.0,0.0,0.0,402380.0,402380.0
7319,402380.0,0.0,0.0,402380.0,402380.0
7320,402380.0,0.0,0.0,402380.0,402380.0
7321,261300.0,0.0,0.0,261300.0,261300.0
7322,261300.0,0.0,0.0,261300.0,261300.0
7323,282300.0,122.6,52105.0,230195.0,230195.0
7324,282300.0,337.06,143250.5,139049.5,139049.5
7325,281400.0,539.76,229398.0,52002.0,52002.0
7326,351940.0,695.46,295570.50000000006,56369.49999999994,56369.49999999994
7327,366100.0,785.61,333884.25,32215.75,32215.75
7328,366900.0,804.36,341853.0,25047.0,25047.0
7329,356280.0,749.01,318329.25,37950.75,37950.75
7330,356280.0,625.06,265650.5,90629.5,90629.5
7331,396400.0,444.76,189023.0,207377.0,207377.0
7332,392591.0,230.75,98068.75,294522.25,294522.25
7333,332500.0,37.38,15886.5,316613.5,316613.5
7334,332500.0,0.0,0.0,332500.0,332500.0
7335,345590.0,0.0,0.0,345590.0,345590.0
7336,337811.0,0.0,0.0,337811.0,337811.0
7337,402660.0,0.0,0.0,402660.0,402660.0
7338,425100.0,0.0,0.0,425100.0,425100.0
7339,425400.0,0.0,0.0,425400.0,425400.0
7340,374680.0,0.0,0.0,374680.0,374680.0
7341,374680.0,0.0,0.0,374680.0,374680.0
7342,347460.0,0.0,0.0,347460.0,347460.0
7343,283440.0,0.0,0.0,283440.0,283440.0
7344,254100.0,0.0,0.0,254100.0,254100.0
7345,261300.0,0.0,0.0,261300.0,261300.0
7346,261300.0,0.0,0.0,261300.0,261300.0
7347,282300.0,121.0,51425.0,230875.0,230875.0
7348,282300.0,334.66,142230.5,140069.5,140069.5
7349,281400.0,536.26,227910.5,53489.5,53489.5
7350,351940.0,691.01,293679.25,58260.75,58260.75
7351,366100.0,779.41,331249.24999999994,34850.75000000006,34850.75000000006
7352,366900.0,797.56,338962.99999999994,27937.00000000006,27937.00000000006
7353,356280.0,742.06,315375.5,40904.5,40904.5
7354,356280.0,618.16,262717.99999999994,93562.00000000006,93562.00000000006
7355,396400.0,438.61,186409.25,209990.75,209990.75
7356,392591.0,226.45,96241.24999999999,296349.75,296349.75
7357,332500.0,35.94,15274.5,317225.5,317225.5
7358,332500.0,0.0,0.0,332500.0,332500.0
7359,345590.0,0.0,0.0,345590.0,345590.0
7360,337811.0,0.0,0.0,337811.0,337811.0
7361,402660.0,0.0,0.0,402660.0,402660.0
7362,425100.0,0.0,0.0,425100.0,425100.0
7363,425400.0,0.0,0.0,425400.0,425400.0
7364,374680.0,0.0,0.0,374680.0,374680.0
7365,374680.0,0.0,0.0,374680.0,374680.0
7366,347460.0,0.0,0.0,347460.0,347460.0
7367,283440.0,0.0,0.0,283440.0,283440.0
7368,254100.0,0.0,0.0,254100.0,254100.0
7369,261300.0,0.0,0.0,261300.0,261300.0
7370,261300.0,0.0,0.0,261300.0,261300.0
7371,282300.0,115.35,49023.75,233276.25,233276.25
7372,282300.0,323.21,137364.25,144935.75,144935.75
7373,281400.0,521.31,221556.74999999997,59843.25000000003,59843.25000000003
7374,351940.0,674.26,286560.5,65379.5,65379.5
7375,366100.0,763.96,324683.00000000006,41416.99999999994,41416.99999999994
7376,366900.0,783.61,333034.25,33865.75,33865.75
7377,356280.0,729.91,310211.75,46068.25,46068.25
7378,356280.0,608.11,258446.75,97833.25,97833.25
7379,396400.0,430.61,183009.25,213390.75,213390.75
7380,392591.0,220.8,93840.00000000001,298751.0,298751.0
7381,332500.0,34.42,14628.5,317871.5,317871.5
7382,332500.0,0.0,0.0,332500.0,332500.0
7383,345590.0,0.0,0.0,345590.0,345590.0
7384,337811.0,0.0,0.0,337811.0,337811.0
7385,402660.0,0.0,0.0,402660.0,402660.0
7386,425100.0,0.0,0.0,425100.0,425100.0
7387,425400.0,0.0,0.0,425400.0,425400.0
7388,374680.0,0.0,0.0,374680.0,374680.0
7389,374680.0,0.0,0.0,374680.0,374680.0
7390,347460.0,0.0,0.0,347460.0,347460.0
7391,283440.0,0.0,0.0,283440.0,283440.0
7392,254100.0,0.0,0.0,254100.0,254100.0
7393,261300.0,0.0,0.0,261300.0,261300.0
7394,261300.0,0.0,0.0,261300.0,261300.0
7395,282300.0,107.95,45878.75,236421.25,236421.25
7396,282300.0,297.56,126463.0,155837.0,155837.0
7397,281400.0,499.81,212419.25,68980.75,68980.75
7398,351940.0,613.76,260848.0,91092.0,91092.0
7399,366100.0,729.86,310190.50000000006,55909.49999999994,55909.49999999994
7400,366900.0,751.01,319179.25,47720.75,47720.75
7401,356280.0,708.11,300946.75,55333.25,55333.25
7402,356280.0,581.06,246950.49999999994,109329.50000000006,109329.50000000006
7403,396400.0,417.76,177547.99999999997,218852.00000000003,218852.00000000003
7404,392591.0,213.15,90588.75,302002.25,302002.25
7405,332500.0,32.68,13889.0,318611.0,318611.0
7406,332500.0,0.0,0.0,332500.0,332500.0
7407,345590.0,0.0,0.0,345590.0,345590.0
7408,337811.0,0.0,0.0,337811.0,337811.0
7409,402660.0,0.0,0.0,402660.0,402660.0
7410,425100.0,0.0,0.0,425100.0,425100.0
7411,425400.0,0.0,0.0,425400.0,425400.0
7412,374680.0,0.0,0.0,374680.0,374680.0
7413,374680.0,0.0,0.0,374680.0,374680.0
7414,347460.0,0.0,0.0,347460.0,347460.0
7415,283440.0,0.0,0.0,283440.0,283440.0
7416,254100.0,0.0,0.0,254100.0,254100.0
7417,261300.0,0.0,0.0,261300.0,261300.0
7418,261300.0,0.0,0.0,261300.0,261300.0
7419,282300.0,80.4,34170.0,248130.0,248130.0
7420,282300.0,278.55,118383.75,163916.25,163916.25
7421,281400.0,470.81,200094.25,81305.75,81305.75
7422,351940.0,642.06,272875.5,79064.5,79064.5
7423,366100.0,750.61,319009.25,47090.75,47090.75
7424,366900.0,770.56,327487.99999999994,39412.00000000006,39412.00000000006
7425,356280.0,718.31,305281.74999999994,50998.25000000006,50998.25000000006
7426,356280.0,598.06,254175.49999999994,102104.50000000006,102104.50000000006
7427,396400.0,422.36,179503.0,216897.0,216897.0
7428,392591.0,214.5,91162.5,301428.5,301428.5
7429,332500.0,32.03,13612.750000000002,318887.25,318887.25
7430,332500.0,0.0,0.0,332500.0,332500.0
7431,345590.0,0.0,0.0,345590.0,345590.0
7432,337811.0,0.0,0.0,337811.0,337811.0
7433,402660.0,0.0,0.0,402660.0,402660.0
7434,425100.0,0.0,0.0,425100.0,425100.0
7435,425400.0,0.0,0.0,425400.0,425400.0
7436,374680.0,0.0,0.0,374680.0,374680.0
7437,374680.0,0.0,0.0,374680.0,374680.0
7438,347460.0,0.0,0.0,347460.0,347460.0
7439,283440.0,0.0,0.0,283440.0,283440.0
7440,254100.0,0.0,0.0,254100.0,254100.0
7441,404660.0,0.0,0.0,404660.0,404660.0
7442,360260.0,0.0,0.0,360260.0,360260.0
7443,344120.0,109.7,46622.5,297497.5,297497.5
7444,332420.0,316.56,134538.0,197882.0,197882.0
7445,331520.0,513.51,218241.75,113278.25,113278.25
7446,338420.0,665.46,282820.5,55599.5,55599.5
7447,357340.0,753.01,320029.25,37310.75,37310.75
7448,414160.0,771.81,328019.25,86140.75,86140.75
7449,451060.0,718.01,305154.25,145905.75,145905.75
7450,453760.0,596.56,253538.0,200222.0,200222.0
7451,508960.0,420.26,178610.49999999997,330349.5,330349.5
7452,456460.0,212.55,90333.75000000001,366126.25,366126.25
7453,443260.0,31.15,13238.749999999998,430021.25,430021.25
7454,1155260.0,0.0,0.0,1155260.0,1000000.0
7455,579280.0,0.0,0.0,579280.0,579280.0
7456,462400.0,0.0,0.0,462400.0,462400.0
7457,470380.0,0.0,0.0,470380.0,470380.0
7458,479600.0,0.0,0.0,479600.0,479600.0
7459,479600.0,0.0,0.0,479600.0,479600.0
7460,421080.0,0.0,0.0,421080.0,421080.0
7461,421380.0,0.0,0.0,421380.0,421380.0
7462,402380.0,0.0,0.0,402380.0,402380.0
7463,402380.0,0.0,0.0,402380.0,402380.0
7464,402380.0,0.0,0.0,402380.0,402380.0
7465,404660.0,0.0,0.0,404660.0,404660.0
7466,360260.0,0.0,0.0,360260.0,360260.0
7467,344120.0,107.65,45751.25000000001,298368.75,298368.75
7468,332420.0,313.61,133284.25,199135.75,199135.75
7469,331520.0,510.86,217115.5,114404.5,114404.5
7470,338420.0,663.01,281779.25,56640.75,56640.75
7471,357340.0,753.41,320199.24999999994,37140.75000000006,37140.75000000006
7472,414160.0,772.46,328295.5,85864.5,85864.5
7473,451060.0,718.66,305430.5,145629.5,145629.5
7474,453760.0,597.01,253729.25,200030.75,200030.75
7475,508960.0,420.31,178631.75,330328.25,330328.25
7476,456460.0,212.15,90163.75,366296.25,366296.25
7477,443260.0,30.51,12966.750000000002,430293.25,430293.25
7478,1155260.0,0.0,0.0,1155260.0,1000000.0
7479,579280.0,0.0,0.0,579280.0,579280.0
7480,462400.0,0.0,0.0,462400.0,462400.0
7481,470380.0,0.0,0.0,470380.0,470380.0
7482,479600.0,0.0,0.0,479600.0,479600.0
7483,479600.0,0.0,0.0,479600.0,479600.0
7484,421080.0,0.0,0.0,421080.0,421080.0
7485,421380.0,0.0,0.0,421380.0,421380.0
7486,402380.0,0.0,0.0,402380.0,402380.0
7487,402380.0,0.0,0.0,402380.0,402380.0
7488,402380.0,0.0,0.0,402380.0,402380.0
7489,361060.0,0.0,0.0,361060.0,361060.0
7490,361060.0,0.0,0.0,361060.0,361060.0
7491,288840.0,105.6,44880.0,243960.0,243960.0
7492,298440.0,311.26,132285.5,166154.5,166154.5
7493,297840.0,508.91,216286.75,81553.25,81553.25
7494,352760.0,661.81,281269.24999999994,71490.75000000006,71490.75000000006
7495,361360.0,753.66,320305.5,41054.5,41054.5
7496,362560.0,772.86,328465.5,34094.5,34094.5
7497,351940.0,718.76,305473.0,46467.0,46467.0
7498,351940.0,596.91,253686.74999999994,98253.25000000006,98253.25000000006
7499,434060.0,419.96,178483.0,255577.0,255577.0
7500,381560.0,211.3,89802.50000000001,291757.5,291757.5
7501,381560.0,29.87,12694.75,368865.25,368865.25
7502,381560.0,0.0,0.0,381560.0,381560.0
7503,402980.0,0.0,0.0,402980.0,402980.0
7504,1104480.0,0.0,0.0,1104480.0,1000000.0
7505,392780.0,0.0,0.0,392780.0,392780.0
7506,404600.0,0.0,0.0,404600.0,404600.0
7507,405200.0,0.0,0.0,405200.0,405200.0
7508,365380.0,0.0,0.0,365380.0,365380.0
7509,365980.0,0.0,0.0,365980.0,365980.0
7510,362080.0,0.0,0.0,362080.0,362080.0
7511,351460.0,0.0,0.0,351460.0,351460.0
7512,351460.0,0.0,0.0,351460.0,351460.0
7513,261300.0,0.0,0.0,261300.0,261300.0
7514,261300.0,0.0,0.0,261300.0,261300.0
7515,282300.0,100.85,42861.25,239438.75,239438.75
7516,282300.0,301.46,128120.5,154179.5,154179.5
7517,281400.0,494.56,210188.0,71212.0,71212.0
7518,351940.0,643.91,273661.75,78278.25,78278.25
7519,366100.0,733.51,311741.75,54358.25,54358.25
7520,366900.0,752.86,319965.5,46934.5,46934.5
7521,356280.0,700.81,297844.24999999994,58435.75000000006,58435.75000000006
7522,356280.0,581.96,247333.0,108947.0,108947.0
7523,396400.0,408.81,173744.25,222655.75,222655.75
7524,392591.0,204.8,87040.0,305551.0,305551.0
7525,332500.0,28.51,12116.75,320383.25,320383.25
7526,332500.0,0.0,0.0,332500.0,332500.0
7527,345590.0,0.0,0.0,345590.0,345590.0
7528,337811.0,0.0,0.0,337811.0,337811.0
7529,402660.0,0.0,0.0,402660.0,402660.0
7530,425100.0,0.0,0.0,425100.0,425100.0
7531,425400.0,0.0,0.0,425400.0,425400.0
7532,374680.0,0.0,0.0,374680.0,374680.0
7533,374680.0,0.0,0.0,374680.0,374680.0
7534,347460.0,0.0,0.0,347460.0,347460.0
7535,283440.0,0.0,0.0,283440.0,283440.0
7536,254100.0,0.0,0.0,254100.0,254100.0
7537,261300.0,0.0,0.0,261300.0,261300.0
7538,261300.0,0.0,0.0,261300.0,261300.0
7539,282300.0,100.1,42542.5,239757.5,239757.5
7540,282300.0,302.11,128396.75,153903.25,153903.25
7541,281400.0,496.81,211144.25000000003,70255.74999999997,70255.74999999997
7542,351940.0,647.86,275340.5,76599.5,76599.5
7543,366100.0,735.81,312719.25,53380.75,53380.75
7544,366900.0,755.01,320879.25,46020.75,46020.75
7545,356280.0,701.96,298333.0,57947.0,57947.0
7546,356280.0,581.66,247205.5,109074.5,109074.5
7547,396400.0,407.41,173149.25000000003,223250.74999999997,223250.74999999997
7548,392591.0,202.95,86253.75,306337.25,306337.25
7549,332500.0,27.69,11768.250000000002,320731.75,320731.75
7550,332500.0,0.0,0.0,332500.0,332500.0
7551,345590.0,0.0,0.0,345590.0,345590.0
7552,337811.0,0.0,0.0,337811.0,337811.0
7553,402660.0,0.0,0.0,402660.0,402660.0
7554,425100.0,0.0,0.0,425100.0,425100.0
7555,425400.0,0.0,0.0,425400.0,425400.0
7556,374680.0,0.0,0.0,374680.0,374680.0
7557,374680.0,0.0,0.0,374680.0,374680.0
7558,347460.0,0.0,0.0,347460.0,347460.0
7559,283440.0,0.0,0.0,283440.0,283440.0
7560,254100.0,0.0,0.0,254100.0,254100.0
7561,261300.0,0.0,0.0,261300.0,261300.0
7562,261300.0,0.0,0.0,261300.0,261300.0
7563,282300.0,98.9,42032.5,240267.5,240267.5
7564,282300.0,301.56,128163.0,154137.0,154137.0
7565,281400.0,497.46,211420.49999999997,69979.50000000003,69979.50000000003
7566,351940.0,649.41,275999.24999999994,75940.75000000006,75940.75000000006
7567,366100.0,740.16,314567.99999999994,51532.00000000006,51532.00000000006
7568,366900.0,759.46,322770.5,44129.5,44129.5
7569,356280.0,706.31,300181.75,56098.25,56098.25
7570,356280.0,585.91,249011.74999999994,107268.25000000006,107268.25000000006
7571,396400.0,410.66,174530.5,221869.5,221869.5
7572,392591.0,204.36,86853.0,305738.0,305738.0
7573,332500.0,27.42,11653.500000000002,320846.5,320846.5
7574,332500.0,0.0,0.0,332500.0,332500.0
7575,345590.0,0.0,0.0,345590.0,345590.0
7576,337811.0,0.0,0.0,337811.0,337811.0
7577,402660.0,0.0,0.0,402660.0,402660.0
7578,425100.0,0.0,0.0,425100.0,425100.0
7579,425400.0,0.0,0.0,425400.0,425400.0
7580,374680.0,0.0,0.0,374680.0,374680.0
7581,374680.0,0.0,0.0,374680.0,374680.0
7582,347460.0,0.0,0.0,347460.0,347460.0
7583,283440.0,0.0,0.0,283440.0,283440.0
7584,254100.0,0.0,0.0,254100.0,254100.0
7585,261300.0,0.0,0.0,261300.0,261300.0
7586,261300.0,0.0,0.0,261300.0,261300.0
7587,282300.0,96.15,40863.75,241436.25,241436.25
7588,282300.0,296.51,126016.75,156283.25,156283.25
7589,281400.0,490.41,208424.25,72975.75,72975.75
7590,351940.0,640.71,272301.75,79638.25,79638.25
7591,366100.0,730.36,310403.0,55697.0,55697.0
7592,366900.0,749.76,318648.0,48252.0,48252.0
7593,356280.0,697.76,296547.99999999994,59732.00000000006,59732.00000000006
7594,356280.0,579.16,246143.0,110137.0,110137.0
7595,396400.0,405.76,172448.0,223952.0,223952.0
7596,392591.0,201.36,85578.0,307013.0,307013.0
7597,332500.0,26.65,11326.25,321173.75,321173.75
7598,332500.0,0.0,0.0,332500.0,332500.0
7599,345590.0,0.0,0.0,345590.0,345590.0
7600,337811.0,0.0,0.0,337811.0,337811.0
7601,402660.0,0.0,0.0,402660.0,402660.0
7602,425100.0,0.0,0.0,425100.0,425100.0
7603,425400.0,0.0,0.0,425400.0,425400.0
7604,374680.0,0.0,0.0,374680.0,374680.0
7605,374680.0,0.0,0.0,374680.0,374680.0
7606,347460.0,0.0,0.0,347460.0,347460.0
7607,283440.0,0.0,0.0,283440.0,283440.0
7608,254100.0,0.0,0.0,254100.0,254100.0
7609,404660.0,0.0,0.0,404660.0,404660.0
7610,360260.0,0.0,0.0,360260.0,360260.0
7611,344120.0,94.1,39992.49999999999,304127.5,304127.5
7612,332420.0,293.86,124890.5,207529.5,207529.5
7613,331520.0,487.66,207255.50000000003,124264.49999999997,124264.49999999997
7614,338420.0,637.66,271005.5,67414.5,67414.5
7615,357340.0,730.21,310339.25,47000.75,47000.75
7616,414160.0,749.86,318690.5,95469.5,95469.5
7617,451060.0,698.06,296675.49999999994,154384.50000000006,154384.50000000006
7618,453760.0,579.36,246228.0,207532.0,207532.0
7619,508960.0,405.86,172490.5,336469.5,336469.5
7620,456460.0,201.36,85578.0,370882.0,370882.0
7621,443260.0,26.23,11147.75,432112.25,432112.25
7622,1155260.0,0.0,0.0,1155260.0,1000000.0
7623,579280.0,0.0,0.0,579280.0,579280.0
7624,462400.0,0.0,0.0,462400.0,462400.0
7625,470380.0,0.0,0.0,470380.0,470380.0
7626,479600.0,0.0,0.0,479600.0,479600.0
7627,479600.0,0.0,0.0,479600.0,479600.0
7628,421080.0,0.0,0.0,421080.0,421080.0
7629,421380.0,0.0,0.0,421380.0,421380.0
7630,402380.0,0.0,0.0,402380.0,402380.0
7631,402380.0,0.0,0.0,402380.0,402380.0
7632,402380.0,0.0,0.0,402380.0,402380.0
7633,404660.0,0.0,0.0,404660.0,404660.0
7634,360260.0,0.0,0.0,360260.0,360260.0
7635,344120.0,89.25,37931.25,306188.75,306188.75
7636,332420.0,283.21,120364.24999999997,212055.75000000003,212055.75000000003
7637,331520.0,473.61,201284.25000000003,130235.74999999997,130235.74999999997
7638,338420.0,621.01,263929.25,74490.75,74490.75
7639,357340.0,706.81,300394.24999999994,56945.75000000006,56945.75000000006
7640,414160.0,727.21,309064.25,105095.75,105095.75
7641,451060.0,679.96,288983.0,162077.0,162077.0
7642,453760.0,562.81,239194.24999999994,214565.75000000006,214565.75000000006
7643,508960.0,391.66,166455.5,342504.5,342504.5
7644,456460.0,193.7,82322.49999999999,374137.5,374137.5
7645,443260.0,24.91,10586.75,432673.25,432673.25
7646,1155260.0,0.0,0.0,1155260.0,1000000.0
7647,579280.0,0.0,0.0,579280.0,579280.0
7648,462400.0,0.0,0.0,462400.0,462400.0
7649,470380.0,0.0,0.0,470380.0,470380.0
7650,479600.0,0.0,0.0,479600.0,479600.0
7651,479600.0,0.0,0.0,479600.0,479600.0
7652,421080.0,0.0,0.0,421080.0,421080.0
7653,421380.0,0.0,0.0,421380.0,421380.0
7654,402380.0,0.0,0.0,402380.0,402380.0
7655,402380.0,0.0,0.0,402380.0,402380.0
7656,402380.0,0.0,0.0,402380.0,402380.0
7657,261300.0,0.0,0.0,261300.0,261300.0
7658,261300.0,0.0,0.0,261300.0,261300.0
7659,282300.0,89.1,37867.5,244432.5,244432.5
7660,282300.0,286.36,121703.0,160597.0,160597.0
7661,281400.0,480.36,204153.0,77247.0,77247.0
7662,351940.0,632.21,268689.25,83250.75,83250.75
7663,366100.0,724.46,307895.5,58204.5,58204.5
7664,366900.0,746.06,317075.5,49824.5,49824.5
7665,356280.0,695.61,295634.25000000006,60645.74999999994,60645.74999999994
7666,356280.0,577.86,245590.5,110689.5,110689.5
7667,396400.0,404.91,172086.75000000003,224313.24999999997,224313.24999999997
7668,392591.0,200.26,85110.5,307480.5,307480.5
7669,332500.0,25.45,10816.25,321683.75,321683.75
7670,332500.0,0.0,0.0,332500.0,332500.0
7671,345590.0,0.0,0.0,345590.0,345590.0
7672,337811.0,0.0,0.0,337811.0,337811.0
7673,402660.0,0.0,0.0,402660.0,402660.0
7674,425100.0,0.0,0.0,425100.0,425100.0
7675,425400.0,0.0,0.0,425400.0,425400.0
7676,374680.0,0.0,0.0,374680.0,374680.0
7677,374680.0,0.0,0.0,374680.0,374680.0
7678,347460.0,0.0,0.0,347460.0,347460.0
7679,283440.0,0.0,0.0,283440.0,283440.0
7680,254100.0,0.0,0.0,254100.0,254100.0
7681,261300.0,0.0,0.0,261300.0,261300.0
7682,261300.0,0.0,0.0,261300.0,261300.0
7683,282300.0,88.0,37400.0,244900.0,244900.0
7684,282300.0,285.91,121511.75,160788.25,160788.25
7685,281400.0,479.86,203940.5,77459.5,77459.5
7686,351940.0,631.01,268179.25,83760.75,83760.75
7687,366100.0,721.46,306620.5,59479.5,59479.5
7688,366900.0,741.01,314929.25,51970.75,51970.75
7689,356280.0,689.46,293020.50000000006,63259.49999999994,63259.49999999994
7690,356280.0,571.11,242721.75,113558.25,113558.25
7691,396400.0,398.71,169451.74999999997,226948.25000000003,226948.25000000003
7692,392591.0,195.91,83261.75,309329.25,309329.25
7693,332500.0,24.48,10404.0,322096.0,322096.0
7694,332500.0,0.0,0.0,332500.0,332500.0
7695,345590.0,0.0,0.0,345590.0,345590.0
7696,337811.0,0.0,0.0,337811.0,337811.0
7697,402660.0,0.0,0.0,402660.0,402660.0
7698,425100.0,0.0,0.0,425100.0,425100.0
7699,425400.0,0.0,0.0,425400.0,425400.0
7700,374680.0,0.0,0.0,374680.0,374680.0
7701,374680.0,0.0,0.0,374680.0,374680.0
7702,347460.0,0.0,0.0,347460.0,347460.0
7703,283440.0,0.0,0.0,283440.0,283440.0
7704,254100.0,0.0,0.0,254100.0,254100.0
7705,261300.0,0.0,0.0,261300.0,261300.0
7706,261300.0,0.0,0.0,261300.0,261300.0
7707,282300.0,86.5,36762.5,245537.5,245537.5
7708,282300.0,284.51,120916.75,161383.25,161383.25
7709,281400.0,478.56,203388.0,78012.0,78012.0
7710,351940.0,629.36,267478.0,84462.0,84462.0
7711,366100.0,717.36,304878.0,61222.0,61222.0
7712,366900.0,736.71,313101.75000000006,53798.24999999994,53798.24999999994
7713,356280.0,684.36,290853.0,65427.0,65427.0
7714,356280.0,566.01,240554.25,115725.75,115725.75
7715,396400.0,394.51,167666.75,228733.25,228733.25
7716,392591.0,193.21,82114.25000000001,310476.75,310476.75
7717,332500.0,14.45,6141.25,326358.75,326358.75
7718,332500.0,0.0,0.0,332500.0,332500.0
7719,345590.0,0.0,0.0,345590.0,345590.0
7720,337811.0,0.0,0.0,337811.0,337811.0
7721,402660.0,0.0,0.0,402660.0,402660.0
7722,425100.0,0.0,0.0,425100.0,425100.0
7723,425400.0,0.0,0.0,425400.0,425400.0
7724,374680.0,0.0,0.0,374680.0,374680.0
7725,374680.0,0.0,0.0,374680.0,374680.0
7726,347460.0,0.0,0.0,347460.0,347460.0
7727,283440.0,0.0,0.0,283440.0,283440.0
7728,254100.0,0.0,0.0,254100.0,254100.0
7729,261300.0,0.0,0.0,261300.0,261300.0
7730,261300.0,0.0,0.0,261300.0,261300.0
7731,282300.0,81.5,34637.5,247662.5,247662.5
7732,282300.0,272.91,115986.75000000001,166313.25,166313.25
7733,281400.0,462.51,196566.75,84833.25,84833.25
7734,351940.0,610.81,259594.25,92345.75,92345.75
7735,366100.0,703.06,298800.49999999994,67299.50000000006,67299.50000000006
7736,366900.0,723.71,307576.75000000006,59323.24999999994,59323.24999999994
7737,356280.0,673.26,286135.5,70144.5,70144.5
7738,356280.0,557.51,236941.75,119338.25,119338.25
7739,396400.0,388.51,165116.74999999997,231283.25000000003,231283.25000000003
7740,392591.0,190.01,80754.24999999999,311836.75,311836.75
7741,332500.0,14.1,5992.5,326507.5,326507.5
7742,332500.0,0.0,0.0,332500.0,332500.0
7743,345590.0,0.0,0.0,345590.0,345590.0
7744,337811.0,0.0,0.0,337811.0,337811.0
7745,402660.0,0.0,0.0,402660.0,402660.0
7746,425100.0,0.0,0.0,425100.0,425100.0
7747,425400.0,0.0,0.0,425400.0,425400.0
7748,374680.0,0.0,0.0,374680.0,374680.0
7749,374680.0,0.0,0.0,374680.0,374680.0
7750,347460.0,0.0,0.0,347460.0,347460.0
7751,283440.0,0.0,0.0,283440.0,283440.0
7752,254100.0,0.0,0.0,254100.0,254100.0
7753,261300.0,0.0,0.0,261300.0,261300.0
7754,261300.0,0.0,0.0,261300.0,261300.0
7755,282300.0,81.15,34488.75,247811.25,247811.25
7756,282300.0,279.51,118791.75,163508.25,163508.25
7757,281400.0,472.41,200774.25000000003,80625.74999999997,80625.74999999997
7758,351940.0,622.26,264460.5,87479.5,87479.5
7759,366100.0,713.61,303284.25,62815.75,62815.75
7760,366900.0,734.76,312273.0,54627.0,54627.0
7761,356280.0,684.91,291086.75,65193.25,65193.25
7762,356280.0,568.06,241425.49999999994,114854.50000000006,114854.50000000006
7763,396400.0,396.56,168538.0,227862.0,227862.0
7764,392591.0,193.96,82433.00000000001,310158.0,310158.0
7765,332500.0,14.05,5971.25,326528.75,326528.75
7766,332500.0,0.0,0.0,332500.0,332500.0
7767,345590.0,0.0,0.0,345590.0,345590.0
7768,337811.0,0.0,0.0,337811.0,337811.0
7769,402660.0,0.0,0.0,402660.0,402660.0
7770,425100.0,0.0,0.0,425100.0,425100.0
7771,425400.0,0.0,0.0,425400.0,425400.0
7772,374680.0,0.0,0.0,374680.0,374680.0
7773,374680.0,0.0,0.0,374680.0,374680.0
7774,347460.0,0.0,0.0,347460.0,347460.0
7775,283440.0,0.0,0.0,283440.0,283440.0
7776,254100.0,0.0,0.0,254100.0,254100.0
7777,404660.0,0.0,0.0,404660.0,404660.0
7778,360260.0,0.0,0.0,360260.0,360260.0
7779,344120.0,82.05,34871.25,309248.75,309248.75
7780,332420.0,281.01,119429.25,212990.75,212990.75
7781,331520.0,476.61,202559.25000000003,128960.74999999997,128960.74999999997
7782,338420.0,628.96,267308.00000000006,71111.99999999994,71111.99999999994
7783,357340.0,722.16,306917.99999999994,50422.00000000006,50422.00000000006
7784,414160.0,743.71,316076.75,98083.25,98083.25
7785,451060.0,692.81,294444.24999999994,156615.75000000006,156615.75000000006
7786,453760.0,574.36,244103.0,209657.0,209657.0
7787,508960.0,401.01,170429.25,338530.75,338530.75
7788,456460.0,196.26,83410.5,373049.5,373049.5
7789,443260.0,13.9,5907.5,437352.5,437352.5
7790,1155260.0,0.0,0.0,1155260.0,1000000.0
7791,579280.0,0.0,0.0,579280.0,579280.0
7792,462400.0,0.0,0.0,462400.0,462400.0
7793,470380.0,0.0,0.0,470380.0,470380.0
7794,479600.0,0.0,0.0,479600.0,479600.0
7795,479600.0,0.0,0.0,479600.0,479600.0
7796,421080.0,0.0,0.0,421080.0,421080.0
7797,421380.0,0.0,0.0,421380.0,421380.0
7798,402380.0,0.0,0.0,402380.0,402380.0
7799,402380.0,0.0,0.0,402380.0,402380.0
7800,402380.0,0.0,0.0,402380.0,402380.0
7801,404660.0,0.0,0.0,404660.0,404660.0
7802,360260.0,0.0,0.0,360260.0,360260.0
7803,344120.0,79.25,33681.25,310438.75,310438.75
7804,332420.0,276.56,117538.0,214882.0,214882.0
7805,331520.0,471.91,200561.75000000003,130958.24999999997,130958.24999999997
7806,338420.0,624.61,265459.25,72960.75,72960.75
7807,357340.0,714.16,303518.0,53822.0,53822.0
7808,414160.0,735.61,312634.25,101525.75,101525.75
7809,451060.0,685.76,291448.0,159612.0,159612.0
7810,453760.0,568.91,241786.74999999994,211973.25000000006,211973.25000000006
7811,508960.0,397.26,168835.5,340124.5,340124.5
7812,456460.0,194.26,82560.5,373899.5,373899.5
7813,443260.0,13.95,5928.749999999999,437331.25,437331.25
7814,1155260.0,0.0,0.0,1155260.0,1000000.0
7815,579280.0,0.0,0.0,579280.0,579280.0
7816,462400.0,0.0,0.0,462400.0,462400.0
7817,470380.0,0.0,0.0,470380.0,470380.0
7818,479600.0,0.0,0.0,479600.0,479600.0
7819,479600.0,0.0,0.0,479600.0,479600.0
7820,421080.0,0.0,0.0,421080.0,421080.0
7821,421380.0,0.0,0.0,421380.0,421380.0
7822,402380.0,0.0,0.0,402380.0,402380.0
7823,402380.0,0.0,0.0,402380.0,402380.0
7824,402380.0,0.0,0.0,402380.0,402380.0
7825,261300.0,0.0,0.0,261300.0,261300.0
7826,261300.0,0.0,0.0,261300.0,261300.0
7827,282300.0,69.9,29707.5,252592.5,252592.5
7828,282300.0,262.46,111545.5,170754.5,170754.5
7829,281400.0,445.91,189511.75,91888.25,91888.25
7830,351940.0,595.61,253134.25,98805.75,98805.75
7831,366100.0,658.06,279675.5,86424.5,86424.5
7832,366900.0,664.56,282437.99999999994,84462.00000000006,84462.00000000006
7833,356280.0,609.31,258956.74999999994,97323.25000000006,97323.25000000006
7834,356280.0,539.51,229291.75,126988.25,126988.25
7835,396400.0,365.76,155448.0,240952.0,240952.0
7836,392591.0,183.16,77843.0,314748.0,314748.0
7837,332500.0,13.5,5737.5,326762.5,326762.5
7838,332500.0,0.0,0.0,332500.0,332500.0
7839,345590.0,0.0,0.0,345590.0,345590.0
7840,337811.0,0.0,0.0,337811.0,337811.0
7841,402660.0,0.0,0.0,402660.0,402660.0
7842,425100.0,0.0,0.0,425100.0,425100.0
7843,425400.0,0.0,0.0,425400.0,425400.0
7844,374680.0,0.0,0.0,374680.0,374680.0
7845,374680.0,0.0,0.0,374680.0,374680.0
7846,347460.0,0.0,0.0,347460.0,347460.0
7847,283440.0,0.0,0.0,283440.0,283440.0
7848,254100.0,0.0,0.0,254100.0,254100.0
7849,261300.0,0.0,0.0,261300.0,261300.0
7850,261300.0,0.0,0.0,261300.0,261300.0
7851,282300.0,56.95,24203.75,258096.25,258096.25
7852,282300.0,194.4,82620.00000000001,199680.0,199680.0
7853,281400.0,334.21,142039.25,139360.75,139360.75
7854,351940.0,471.86,200540.5,151399.5,151399.5
7855,366100.0,495.56,210613.0,155487.0,155487.0
7856,366900.0,596.96,253708.0,113192.0,113192.0
7857,356280.0,518.46,220345.50000000003,135934.49999999997,135934.49999999997
7858,356280.0,444.51,188916.75,167363.25,167363.25
7859,396400.0,299.61,127334.25,269065.75,269065.75
7860,392591.0,145.8,61965.0,330626.0,330626.0
7861,332500.0,11.85,5036.25,327463.75,327463.75
7862,332500.0,0.0,0.0,332500.0,332500.0
7863,345590.0,0.0,0.0,345590.0,345590.0
7864,337811.0,0.0,0.0,337811.0,337811.0
7865,402660.0,0.0,0.0,402660.0,402660.0
7866,425100.0,0.0,0.0,425100.0,425100.0
7867,425400.0,0.0,0.0,425400.0,425400.0
7868,374680.0,0.0,0.0,374680.0,374680.0
7869,374680.0,0.0,0.0,374680.0,374680.0
7870,347460.0,0.0,0.0,347460.0,347460.0
7871,283440.0,0.0,0.0,283440.0,283440.0
7872,254100.0,0.0,0.0,254100.0,254100.0
7873,261300.0,0.0,0.0,261300.0,261300.0
7874,261300.0,0.0,0.0,261300.0,261300.0
7875,282300.0,43.2,18360.0,263940.0,263940.0
7876,282300.0,136.6,58055.0,224245.0,224245.0
7877,281400.0,227.8,96815.0,184585.0,184585.0
7878,351940.0,335.0,142375.0,209565.0,209565.0
7879,366100.0,221.2,94009.99999999999,272090.0,272090.0
7880,366900.0,352.6,149855.0,217045.0,217045.0
7881,356280.0,417.31,177356.75,178923.25,178923.25
7882,356280.0,276.25,117406.25,238873.75,238873.75
7883,396400.0,248.6,105655.0,290745.0,290745.0
7884,392591.0,122.9,52232.50000000001,340358.5,340358.5
7885,332500.0,12.65,5376.25,327123.75,327123.75
7886,332500.0,0.0,0.0,332500.0,332500.0
7887,345590.0,0.0,0.0,345590.0,345590.0
7888,337811.0,0.0,0.0,337811.0,337811.0
7889,402660.0,0.0,0.0,402660.0,402660.0
7890,425100.0,0.0,0.0,425100.0,425100.0
7891,425400.0,0.0,0.0,425400.0,425400.0
7892,374680.0,0.0,0.0,374680.0,374680.0
7893,374680.0,0.0,0.0,374680.0,374680.0
7894,347460.0,0.0,0.0,347460.0,347460.0
7895,283440.0,0.0,0.0,283440.0,283440.0
7896,254100.0,0.0,0.0,254100.0,254100.0
7897,261300.0,0.0,0.0,261300.0,261300.0
7898,261300.0,0.0,0.0,261300.0,261300.0
7899,282300.0,70.85,30111.25,252188.75,252188.75
7900,282300.0,263.46,111970.5,170329.5,170329.5
7901,281400.0,457.96,194633.0,86767.0,86767.0
7902,351940.0,610.66,259530.5,92409.5,92409.5
7903,366100.0,705.11,299671.75,66428.25,66428.25
7904,366900.0,727.26,309085.5,57814.5,57814.5
7905,356280.0,678.16,288218.0,68062.0,68062.0
7906,356280.0,562.86,239215.5,117064.5,117064.5
7907,396400.0,392.41,166774.25000000003,229625.74999999997,229625.74999999997
7908,392591.0,190.66,81030.5,311560.5,311560.5
7909,332500.0,13.6,5780.0,326720.0,326720.0
7910,332500.0,0.0,0.0,332500.0,332500.0
7911,345590.0,0.0,0.0,345590.0,345590.0
7912,337811.0,0.0,0.0,337811.0,337811.0
7913,402660.0,0.0,0.0,402660.0,402660.0
7914,425100.0,0.0,0.0,425100.0,425100.0
7915,425400.0,0.0,0.0,425400.0,425400.0
7916,374680.0,0.0,0.0,374680.0,374680.0
7917,374680.0,0.0,0.0,374680.0,374680.0
7918,347460.0,0.0,0.0,347460.0,347460.0
7919,283440.0,0.0,0.0,283440.0,283440.0
7920,254100.0,0.0,0.0,254100.0,254100.0
7921,261300.0,0.0,0.0,261300.0,261300.0
7922,261300.0,0.0,0.0,261300.0,261300.0
7923,282300.0,68.8,29240.0,253060.0,253060.0
7924,282300.0,259.66,110355.5,171944.5,171944.5
7925,281400.0,452.26,192210.5,89189.5,89189.5
7926,351940.0,603.71,256576.75000000003,95363.24999999997,95363.24999999997
7927,366100.0,697.71,296526.75,69573.25,69573.25
7928,366900.0,722.26,306960.5,59939.5,59939.5
7929,356280.0,675.66,287155.49999999994,69124.50000000006,69124.50000000006
7930,356280.0,562.46,239045.50000000003,117234.49999999997,117234.49999999997
7931,396400.0,393.81,167369.25,229030.75,229030.75
7932,392591.0,192.51,81816.75,310774.25,310774.25
7933,332500.0,13.5,5737.5,326762.5,326762.5
7934,332500.0,0.0,0.0,332500.0,332500.0
7935,345590.0,0.0,0.0,345590.0,345590.0
7936,337811.0,0.0,0.0,337811.0,337811.0
7937,402660.0,0.0,0.0,402660.0,402660.0
7938,425100.0,0.0,0.0,425100.0,425100.0
7939,425400.0,0.0,0.0,425400.0,425400.0
7940,374680.0,0.0,0.0,374680.0,374680.0
7941,374680.0,0.0,0.0,374680.0,374680.0
7942,347460.0,0.0,0.0,347460.0,347460.0
7943,283440.0,0.0,0.0,283440.0,283440.0
7944,254100.0,0.0,0.0,254100.0,254100.0
7945,404660.0,0.0,0.0,404660.0,404660.0
7946,360260.0,0.0,0.0,360260.0,360260.0
7947,344120.0,60.46,25695.5,318424.5,318424.5
7948,332420.0,264.11,112246.75,220173.25,220173.25
7949,331520.0,460.81,195844.25,135675.75,135675.75
7950,338420.0,615.91,261761.75,76658.25,76658.25
7951,357340.0,710.31,301881.75,55458.25,55458.25
7952,414160.0,734.71,312251.75000000006,101908.24999999994,101908.24999999994
7953,451060.0,686.31,291681.75,159378.25,159378.25
7954,453760.0,570.01,242254.25,211505.75,211505.75
7955,508960.0,398.41,169324.25000000003,339635.75,339635.75
7956,456460.0,194.56,82688.0,373772.0,373772.0
7957,443260.0,13.5,5737.5,437522.5,437522.5
7958,1155260.0,0.0,0.0,1155260.0,1000000.0
7959,579280.0,0.0,0.0,579280.0,579280.0
7960,462400.0,0.0,0.0,462400.0,462400.0
7961,470380.0,0.0,0.0,470380.0,470380.0
7962,479600.0,0.0,0.0,479600.0,479600.0
7963,479600.0,0.0,0.0,479600.0,479600.0
7964,421080.0,0.0,0.0,421080.0,421080.0
7965,421380.0,0.0,0.0,421380.0,421380.0
7966,402380.0,0.0,0.0,402380.0,402380.0
7967,402380.0,0.0,0.0,402380.0,402380.0
7968,402380.0,0.0,0.0,402380.0,402380.0
7969,404660.0,0.0,0.0,404660.0,404660.0
7970,360260.0,0.0,0.0,360260.0,360260.0
7971,344120.0,58.99,25070.75,319049.25,319049.25
7972,332420.0,262.66,111630.5,220789.5,220789.5
7973,331520.0,459.61,195334.25,136185.75,136185.75
7974,338420.0,614.36,261103.0,77317.0,77317.0
7975,357340.0,707.91,300861.74999999994,56478.25000000006,56478.25000000006
7976,414160.0,731.66,310955.5,103204.5,103204.5
7977,451060.0,683.41,290449.25,160610.75,160610.75
7978,453760.0,567.76,241298.0,212462.0,212462.0
7979,508960.0,396.81,168644.25,340315.75,340315.75
7980,456460.0,193.86,82390.5,374069.5,374069.5
7981,443260.0,13.4,5695.0,437565.0,437565.0
7982,1155260.0,0.0,0.0,1155260.0,1000000.0
7983,579280.0,0.0,0.0,579280.0,579280.0
7984,462400.0,0.0,0.0,462400.0,462400.0
7985,470380.0,0.0,0.0,470380.0,470380.0
7986,479600.0,0.0,0.0,479600.0,479600.0
7987,479600.0,0.0,0.0,479600.0,479600.0
7988,421080.0,0.0,0.0,421080.0,421080.0
7989,421380.0,0.0,0.0,421380.0,421380.0
7990,402380.0,0.0,0.0,402380.0,402380.0
7991,402380.0,0.0,0.0,402380.0,402380.0
7992,402380.0,0.0,0.0,402380.0,402380.0
7993,261300.0,0.0,0.0,261300.0,261300.0
7994,261300.0,0.0,0.0,261300.0,261300.0
7995,282300.0,56.61,24059.25,258240.75,258240.75
7996,282300.0,256.06,108825.5,173474.5,173474.5
7997,281400.0,449.46,191020.49999999997,90379.50000000003,90379.50000000003
7998,351940.0,600.46,255195.5,96744.5,96744.5
7999,366100.0,691.81,294019.24999999994,72080.75000000006,72080.75000000006
8000,366900.0,713.51,303241.75,63658.25,63658.25
8001,356280.0,664.81,282544.24999999994,73735.75000000006,73735.75000000006
8002,356280.0,550.66,234030.49999999994,122249.50000000006,122249.50000000006
8003,396400.0,383.11,162821.75,233578.25,233578.25
8004,392591.0,185.66,78905.5,313685.5,313685.5
8005,332500.0,12.95,5503.75,326996.25,326996.25
8006,332500.0,0.0,0.0,332500.0,332500.0
8007,345590.0,0.0,0.0,345590.0,345590.0
8008,337811.0,0.0,0.0,337811.0,337811.0
8009,402660.0,0.0,0.0,402660.0,402660.0
8010,425100.0,0.0,0.0,425100.0,425100.0
8011,425400.0,0.0,0.0,425400.0,425400.0
8012,374680.0,0.0,0.0,374680.0,374680.0
8013,374680.0,0.0,0.0,374680.0,374680.0
8014,347460.0,0.0,0.0,347460.0,347460.0
8015,283440.0,0.0,0.0,283440.0,283440.0
8016,254100.0,0.0,0.0,254100.0,254100.0
8017,261300.0,0.0,0.0,261300.0,261300.0
8018,261300.0,0.0,0.0,261300.0,261300.0
8019,282300.0,53.02,22533.500000000004,259766.5,259766.5
8020,282300.0,245.06,104150.5,178149.5,178149.5
8021,281400.0,434.86,184815.5,96584.5,96584.5
8022,314940.0,584.81,248544.24999999994,66395.75000000006,66395.75000000006
8023,366100.0,673.61,286284.25,79815.75,79815.75
8024,366900.0,697.56,296463.0,70437.0,70437.0
8025,356280.0,651.76,276998.0,79282.0,79282.0
8026,356280.0,541.21,230014.25000000003,126265.74999999997,126265.74999999997
8027,396400.0,377.41,160399.25,236000.75,236000.75
8028,392591.0,183.36,77928.00000000001,314663.0,314663.0
8029,332500.0,12.9,5482.5,327017.5,327017.5
8030,332500.0,0.0,0.0,332500.0,332500.0
8031,345590.0,0.0,0.0,345590.0,345590.0
8032,337811.0,0.0,0.0,337811.0,337811.0
8033,402660.0,0.0,0.0,402660.0,402660.0
8034,425100.0,0.0,0.0,425100.0,425100.0
8035,425400.0,0.0,0.0,425400.0,425400.0
8036,374680.0,0.0,0.0,374680.0,374680.0
8037,374680.0,0.0,0.0,374680.0,374680.0
8038,347460.0,0.0,0.0,347460.0,347460.0
8039,283440.0,0.0,0.0,283440.0,283440.0
8040,254100.0,0.0,0.0,254100.0,254100.0
8041,261300.0,0.0,0.0,261300.0,261300.0
8042,261300.0,0.0,0.0,261300.0,261300.0
8043,282300.0,51.58,21921.5,260378.5,260378.5
8044,282300.0,243.31,103406.75,178893.25,178893.25
8045,281400.0,434.76,184773.0,96627.0,96627.0
8046,314940.0,587.06,249500.49999999994,65439.50000000006,65439.50000000006
8047,366100.0,674.51,286666.75,79433.25,79433.25
8048,366900.0,700.36,297653.0,69247.0,69247.0
8049,356280.0,656.26,278910.5,77369.5,77369.5
8050,356280.0,546.41,232224.25,124055.75,124055.75
8051,396400.0,382.26,162460.5,233939.5,233939.5
8052,392591.0,186.71,79351.75000000001,313239.25,313239.25
8053,332500.0,13.1,5567.499999999999,326932.5,326932.5
8054,332500.0,0.0,0.0,332500.0,332500.0
8055,345590.0,0.0,0.0,345590.0,345590.0
8056,337811.0,0.0,0.0,337811.0,337811.0
8057,402660.0,0.0,0.0,402660.0,402660.0
8058,425100.0,0.0,0.0,425100.0,425100.0
8059,425400.0,0.0,0.0,425400.0,425400.0
8060,374680.0,0.0,0.0,374680.0,374680.0
8061,374680.0,0.0,0.0,374680.0,374680.0
8062,347460.0,0.0,0.0,347460.0,347460.0
8063,283440.0,0.0,0.0,283440.0,283440.0
8064,254100.0,0.0,0.0,254100.0,254100.0
8065,261300.0,0.0,0.0,261300.0,261300.0
8066,261300.0,0.0,0.0,261300.0,261300.0
8067,282300.0,50.22,21343.5,260956.5,260956.5
8068,282300.0,240.91,102386.74999999999,179913.25,179913.25
8069,281400.0,431.81,183519.25,97880.75,97880.75
8070,314940.0,583.56,248013.0,66927.0,66927.0
8071,366100.0,674.41,286624.25,79475.75,79475.75
8072,366900.0,699.76,297397.99999999994,69502.00000000006,69502.00000000006
8073,356280.0,655.46,278570.5,77709.5,77709.5
8074,356280.0,545.41,231799.25,124480.75,124480.75
8075,396400.0,381.21,162014.25,234385.75,234385.75
8076,392591.0,185.91,79011.75,313579.25,313579.25
8077,332500.0,13.15,5588.75,326911.25,326911.25
8078,332500.0,0.0,0.0,332500.0,332500.0
8079,345590.0,0.0,0.0,345590.0,345590.0
8080,337811.0,0.0,0.0,337811.0,337811.0
8081,402660.0,0.0,0.0,402660.0,402660.0
8082,425100.0,0.0,0.0,425100.0,425100.0
8083,425400.0,0.0,0.0,425400.0,425400.0
8084,374680.0,0.0,0.0,374680.0,374680.0
8085,374680.0,0.0,0.0,374680.0,374680.0
8086,347460.0,0.0,0.0,347460.0,347460.0
8087,283440.0,0.0,0.0,283440.0,283440.0
8088,254100.0,0.0,0.0,254100.0,254100.0
8089,261300.0,0.0,0.0,261300.0,261300.0
8090,261300.0,0.0,0.0,261300.0,261300.0
8091,282300.0,37.85,16086.25,266213.75,266213.75
8092,282300.0,194.45,82641.24999999999,199658.75,199658.75
8093,281400.0,343.86,146140.5,135259.5,135259.5
8094,314940.0,541.96,230333.0,84607.0,84607.0
8095,366100.0,662.71,281651.75,84448.25,84448.25
8096,366900.0,693.26,294635.5,72264.5,72264.5
8097,356280.0,650.11,276296.75,79983.25,79983.25
8098,356280.0,541.36,230078.00000000003,126201.99999999997,126201.99999999997
8099,396400.0,378.41,160824.25,235575.75,235575.75
8100,392591.0,184.06,78225.5,314365.5,314365.5
8101,332500.0,13.2,5610.0,326890.0,326890.0
8102,332500.0,0.0,0.0,332500.0,332500.0
8103,345590.0,0.0,0.0,345590.0,345590.0
8104,337811.0,0.0,0.0,337811.0,337811.0
8105,402660.0,0.0,0.0,402660.0,402660.0
8106,425100.0,0.0,0.0,425100.0,425100.0
8107,425400.0,0.0,0.0,425400.0,425400.0
8108,374680.0,0.0,0.0,374680.0,374680.0
8109,374680.0,0.0,0.0,374680.0,374680.0
8110,347460.0,0.0,0.0,347460.0,347460.0
8111,283440.0,0.0,0.0,283440.0,283440.0
8112,254100.0,0.0,0.0,254100.0,254100.0
8113,404660.0,0.0,0.0,404660.0,404660.0
8114,360260.0,0.0,0.0,360260.0,360260.0
8115,344120.0,37.08,15758.999999999996,328361.0,328361.0
8116,332420.0,176.6,75055.0,257365.0,257365.0
8117,331520.0,331.51,140891.75,190628.25,190628.25
8118,338420.0,455.01,193379.24999999997,145040.75000000003,145040.75000000003
8119,357340.0,603.91,256661.75,100678.25,100678.25
8120,414160.0,678.81,288494.24999999994,125665.75000000006,125665.75000000006
8121,451060.0,642.01,272854.25,178205.75,178205.75
8122,453760.0,536.26,227910.5,225849.5,225849.5
8123,508960.0,373.71,158826.75,350133.25,350133.25
8124,456460.0,182.01,77354.24999999999,379105.75,379105.75
8125,443260.0,13.2,5610.0,437650.0,437650.0
8126,1155260.0,0.0,0.0,1155260.0,1000000.0
8127,579280.0,0.0,0.0,579280.0,579280.0
8128,462400.0,0.0,0.0,462400.0,462400.0
8129,470380.0,0.0,0.0,470380.0,470380.0
8130,479600.0,0.0,0.0,479600.0,479600.0
8131,479600.0,0.0,0.0,479600.0,479600.0
8132,421080.0,0.0,0.0,421080.0,421080.0
8133,421380.0,0.0,0.0,421380.0,421380.0
8134,402380.0,0.0,0.0,402380.0,402380.0
8135,402380.0,0.0,0.0,402380.0,402380.0
8136,402380.0,0.0,0.0,402380.0,402380.0
8137,404660.0,0.0,0.0,404660.0,404660.0
8138,360260.0,0.0,0.0,360260.0,360260.0
8139,344120.0,35.83,15227.75,328892.25,328892.25
8140,332420.0,176.0,74800.0,257620.0,257620.0
8141,331520.0,368.61,156659.25,174860.75,174860.75
8142,338420.0,541.66,230205.49999999994,108214.50000000006,108214.50000000006
8143,357340.0,645.36,274278.0,83062.0,83062.0
8144,414160.0,668.81,284244.24999999994,129915.75000000006,129915.75000000006
8145,451060.0,630.01,267754.25,183305.75,183305.75
8146,453760.0,532.36,226253.0,227507.0,227507.0
8147,508960.0,372.41,158274.25,350685.75,350685.75
8148,456460.0,181.96,77333.0,379127.0,379127.0
8149,443260.0,13.15,5588.75,437671.25,437671.25
8150,1155260.0,0.0,0.0,1155260.0,1000000.0
8151,579280.0,0.0,0.0,579280.0,579280.0
8152,462400.0,0.0,0.0,462400.0,462400.0
8153,470380.0,0.0,0.0,470380.0,470380.0
8154,479600.0,0.0,0.0,479600.0,479600.0
8155,479600.0,0.0,0.0,479600.0,479600.0
8156,421080.0,0.0,0.0,421080.0,421080.0
8157,421380.0,0.0,0.0,421380.0,421380.0
8158,402380.0,0.0,0.0,402380.0,402380.0
8159,402380.0,0.0,0.0,402380.0,402380.0
8160,402380.0,0.0,0.0,402380.0,402380.0
8161,261300.0,0.0,0.0,261300.0,261300.0
8162,261300.0,0.0,0.0,261300.0,261300.0
8163,282300.0,43.52,18496.0,263804.0,263804.0
8164,282300.0,226.21,96139.25,186160.75,186160.75
8165,281400.0,414.56,176188.0,105212.0,105212.0
8166,314940.0,566.01,240554.25,74385.75,74385.75
8167,366100.0,664.06,282225.5,83874.5,83874.5
8168,366900.0,691.26,293785.5,73114.5,73114.5
8169,356280.0,649.11,275871.75,80408.25,80408.25
8170,356280.0,541.46,230120.5,126159.5,126159.5
8171,396400.0,379.76,161398.0,235002.0,235002.0
8172,392591.0,186.41,79224.25,313366.75,313366.75
8173,332500.0,13.4,5695.0,326805.0,326805.0
8174,332500.0,0.0,0.0,332500.0,332500.0
8175,345590.0,0.0,0.0,345590.0,345590.0
8176,337811.0,0.0,0.0,337811.0,337811.0
8177,402660.0,0.0,0.0,402660.0,402660.0
8178,425100.0,0.0,0.0,425100.0,425100.0
8179,425400.0,0.0,0.0,425400.0,425400.0
8180,374680.0,0.0,0.0,374680.0,374680.0
8181,374680.0,0.0,0.0,374680.0,374680.0
8182,347460.0,0.0,0.0,347460.0,347460.0
8183,283440.0,0.0,0.0,283440.0,283440.0
8184,254100.0,0.0,0.0,254100.0,254100.0
8185,261300.0,0.0,0.0,261300.0,261300.0
8186,261300.0,0.0,0.0,261300.0,261300.0
8187,282300.0,42.45,18041.25,264258.75,264258.75
8188,282300.0,224.76,95523.0,186777.0,186777.0
8189,281400.0,413.61,175784.25000000003,105615.74999999997,105615.74999999997
8190,314940.0,565.56,240363.0,74577.0,74577.0
8191,366100.0,658.96,280058.0,86042.0,86042.0
8192,366900.0,686.31,291681.75,75218.25,75218.25
8193,356280.0,644.91,274086.75,82193.25,82193.25
8194,356280.0,538.31,228781.75,127498.25,127498.25
8195,396400.0,377.81,160569.25,235830.75,235830.75
8196,392591.0,185.76,78947.99999999999,313643.0,313643.0
8197,332500.0,13.5,5737.5,326762.5,326762.5
8198,332500.0,0.0,0.0,332500.0,332500.0
8199,345590.0,0.0,0.0,345590.0,345590.0
8200,337811.0,0.0,0.0,337811.0,337811.0
8201,402660.0,0.0,0.0,402660.0,402660.0
8202,425100.0,0.0,0.0,425100.0,425100.0
8203,425400.0,0.0,0.0,425400.0,425400.0
8204,374680.0,0.0,0.0,374680.0,374680.0
8205,374680.0,0.0,0.0,374680.0,374680.0
8206,347460.0,0.0,0.0,347460.0,347460.0
8207,283440.0,0.0,0.0,283440.0,283440.0
8208,254100.0,0.0,0.0,254100.0,254100.0
8209,261300.0,0.0,0.0,261300.0,261300.0
8210,261300.0,0.0,0.0,261300.0,261300.0
8211,282300.0,37.68,16014.0,266286.0,266286.0
8212,282300.0,217.11,92271.75000000001,190028.25,190028.25
8213,281400.0,406.16,172618.0,108782.0,108782.0
8214,314940.0,554.91,235836.75,79103.25,79103.25
8215,366100.0,648.11,275446.75,90653.25,90653.25
8216,366900.0,675.36,287028.0,79872.0,79872.0
8217,356280.0,613.81,260869.25,95410.75,95410.75
8218,356280.0,531.31,225806.75,130473.25,130473.25
8219,396400.0,373.21,158614.25,237785.75,237785.75
8220,392591.0,164.55,69933.75,322657.25,322657.25
8221,332500.0,13.0,5525.0,326975.0,326975.0
8222,332500.0,0.0,0.0,332500.0,332500.0
8223,345590.0,0.0,0.0,345590.0,345590.0
8224,337811.0,0.0,0.0,337811.0,337811.0
8225,402660.0,0.0,0.0,402660.0,402660.0
8226,425100.0,0.0,0.0,425100.0,425100.0
8227,425400.0,0.0,0.0,425400.0,425400.0
8228,374680.0,0.0,0.0,374680.0,374680.0
8229,374680.0,0.0,0.0,374680.0,374680.0
8230,347460.0,0.0,0.0,347460.0,347460.0
8231,283440.0,0.0,0.0,283440.0,283440.0
8232,254100.0,0.0,0.0,254100.0,254100.0
8233,261300.0,0.0,0.0,261300.0,261300.0
8234,261300.0,0.0,0.0,261300.0,261300.0
8235,282300.0,39.46,16770.5,265529.5,265529.5
8236,282300.0,217.91,92611.75,189688.25,189688.25
8237,281400.0,404.81,172044.25,109355.75,109355.75
8238,314940.0,555.71,236176.75,78763.25,78763.25
8239,366100.0,649.71,276126.75,89973.25,89973.25
8240,366900.0,672.96,286008.0,80892.0,80892.0
8241,356280.0,634.31,269581.74999999994,86698.25000000006,86698.25000000006
8242,356280.0,530.31,225381.75,130898.25,130898.25
8243,396400.0,374.46,159145.49999999997,237254.50000000003,237254.50000000003
8244,392591.0,180.06,76525.5,316065.5,316065.5
8245,332500.0,13.5,5737.5,326762.5,326762.5
8246,332500.0,0.0,0.0,332500.0,332500.0
8247,345590.0,0.0,0.0,345590.0,345590.0
8248,337811.0,0.0,0.0,337811.0,337811.0
8249,402660.0,0.0,0.0,402660.0,402660.0
8250,425100.0,0.0,0.0,425100.0,425100.0
8251,425400.0,0.0,0.0,425400.0,425400.0
8252,374680.0,0.0,0.0,374680.0,374680.0
8253,374680.0,0.0,0.0,374680.0,374680.0
8254,347460.0,0.0,0.0,347460.0,347460.0
8255,283440.0,0.0,0.0,283440.0,283440.0
8256,254100.0,0.0,0.0,254100.0,254100.0
8257,261300.0,0.0,0.0,261300.0,261300.0
8258,261300.0,0.0,0.0,261300.0,261300.0
8259,282300.0,35.18,14951.5,267348.5,267348.5
8260,282300.0,202.91,86236.75,196063.25,196063.25
8261,281400.0,359.81,152919.25,128480.75,128480.75
8262,314940.0,441.56,187663.0,127277.0,127277.0
8263,366100.0,624.26,265310.5,100789.5,100789.5
8264,366900.0,667.61,283734.25,83165.75,83165.75
8265,356280.0,603.36,256428.0,99852.0,99852.0
8266,356280.0,527.61,224234.25,132045.75,132045.75
8267,396400.0,360.91,153386.75,243013.25,243013.25
8268,392591.0,182.16,77418.0,315173.0,315173.0
8269,332500.0,13.75,5843.75,326656.25,326656.25
8270,332500.0,0.0,0.0,332500.0,332500.0
8271,345590.0,0.0,0.0,345590.0,345590.0
8272,337811.0,0.0,0.0,337811.0,337811.0
8273,402660.0,0.0,0.0,402660.0,402660.0
8274,425100.0,0.0,0.0,425100.0,425100.0
8275,425400.0,0.0,0.0,425400.0,425400.0
8276,374680.0,0.0,0.0,374680.0,374680.0
8277,374680.0,0.0,0.0,374680.0,374680.0
8278,347460.0,0.0,0.0,347460.0,347460.0
8279,283440.0,0.0,0.0,283440.0,283440.0
8280,254100.0,0.0,0.0,254100.0,254100.0
8281,404660.0,0.0,0.0,404660.0,404660.0
8282,360260.0,0.0,0.0,360260.0,360260.0
8283,344120.0,37.92,16116.0,328004.0,328004.0
8284,332420.0,216.01,91804.24999999999,240615.75,240615.75
8285,331520.0,405.81,172469.25,159050.75,159050.75
8286,338420.0,560.61,238259.25,100160.75,100160.75
8287,357340.0,657.36,279378.0,77962.0,77962.0
8288,414160.0,690.01,293254.25,120905.75,120905.75
8289,451060.0,651.96,277083.0,173977.0,173977.0
8290,453760.0,548.51,233116.75,220643.25,220643.25
8291,508960.0,386.86,164415.50000000003,344544.5,344544.5
8292,456460.0,194.16,82518.0,373942.0,373942.0
8293,443260.0,14.35,6098.75,437161.25,437161.25
8294,1155260.0,0.0,0.0,1155260.0,1000000.0
8295,579280.0,0.0,0.0,579280.0,579280.0
8296,462400.0,0.0,0.0,462400.0,462400.0
8297,470380.0,0.0,0.0,470380.0,470380.0
8298,479600.0,0.0,0.0,479600.0,479600.0
8299,479600.0,0.0,0.0,479600.0,479600.0
8300,421080.0,0.0,0.0,421080.0,421080.0
8301,421380.0,0.0,0.0,421380.0,421380.0
8302,402380.0,0.0,0.0,402380.0,402380.0
8303,402380.0,0.0,0.0,402380.0,402380.0
8304,402380.0,0.0,0.0,402380.0,402380.0
8305,404660.0,0.0,0.0,404660.0,404660.0
8306,360260.0,0.0,0.0,360260.0,360260.0
8307,344120.0,38.41,16324.25,327795.75,327795.75
8308,332420.0,224.36,95353.0,237067.0,237067.0
8309,331520.0,419.21,178164.25,153355.75,153355.75
8310,338420.0,575.76,244697.99999999994,93722.00000000006,93722.00000000006
8311,357340.0,673.46,286220.50000000006,71119.49999999994,71119.49999999994
8312,414160.0,704.96,299608.0,114552.0,114552.0
8313,451060.0,665.81,282969.24999999994,168090.75000000006,168090.75000000006
8314,453760.0,559.31,237706.75,216053.25,216053.25
8315,508960.0,396.41,168474.25000000003,340485.75,340485.75
8316,456460.0,198.96,84558.0,371902.0,371902.0
8317,443260.0,14.5,6162.5,437097.5,437097.5
8318,1155260.0,0.0,0.0,1155260.0,1000000.0
8319,579280.0,0.0,0.0,579280.0,579280.0
8320,462400.0,0.0,0.0,462400.0,462400.0
8321,470380.0,0.0,0.0,470380.0,470380.0
8322,479600.0,0.0,0.0,479600.0,479600.0
8323,479600.0,0.0,0.0,479600.0,479600.0
8324,421080.0,0.0,0.0,421080.0,421080.0
8325,421380.0,0.0,0.0,421380.0,421380.0
8326,402380.0,0.0,0.0,402380.0,402380.0
8327,402380.0,0.0,0.0,402380.0,402380.0
8328,402380.0,0.0,0.0,402380.0,402380.0
8329,261300.0,0.0,0.0,261300.0,261300.0
8330,261300.0,0.0,0.0,261300.0,261300.0
8331,282300.0,36.86,15665.5,266634.5,266634.5
8332,282300.0,219.96,93483.00000000001,188817.0,188817.0
8333,281400.0,413.36,175678.0,105722.0,105722.0
8334,314940.0,569.86,242190.5,72749.5,72749.5
8335,366100.0,667.61,283734.25,82365.75,82365.75
8336,366900.0,699.96,297483.0,69417.0,69417.0
8337,356280.0,661.91,281311.75,74968.25,74968.25
8338,356280.0,556.96,236708.0,119572.0,119572.0
8339,396400.0,395.96,168283.0,228117.0,228117.0
8340,392591.0,199.96,84983.0,307608.0,307608.0
8341,332500.0,26.31,11181.75,321318.25,321318.25
8342,332500.0,0.0,0.0,332500.0,332500.0
8343,345590.0,0.0,0.0,345590.0,345590.0
8344,337811.0,0.0,0.0,337811.0,337811.0
8345,402660.0,0.0,0.0,402660.0,402660.0
8346,425100.0,0.0,0.0,425100.0,425100.0
8347,425400.0,0.0,0.0,425400.0,425400.0
8348,374680.0,0.0,0.0,374680.0,374680.0
8349,374680.0,0.0,0.0,374680.0,374680.0
8350,347460.0,0.0,0.0,347460.0,347460.0
8351,283440.0,0.0,0.0,283440.0,283440.0
8352,254100.0,0.0,0.0,254100.0,254100.0
8353,261300.0,0.0,0.0,261300.0,261300.0
8354,261300.0,0.0,0.0,261300.0,261300.0
8355,282300.0,35.77,15202.25,267097.75,267097.75
8356,282300.0,217.91,92611.75,189688.25,189688.25
8357,281400.0,411.86,175040.5,106359.5,106359.5
8358,314940.0,569.06,241850.49999999994,73089.50000000006,73089.50000000006
8359,366100.0,669.36,284478.00000000006,81621.99999999994,81621.99999999994
8360,366900.0,701.76,298247.99999999994,68652.00000000006,68652.00000000006
8361,356280.0,663.86,282140.5,74139.5,74139.5
8362,356280.0,558.86,237515.5,118764.5,118764.5
8363,396400.0,397.61,168984.25,227415.75,227415.75
8364,392591.0,201.36,85578.0,307013.0,307013.0
8365,332500.0,26.9,11432.5,321067.5,321067.5
8366,332500.0,0.0,0.0,332500.0,332500.0
8367,345590.0,0.0,0.0,345590.0,345590.0
8368,337811.0,0.0,0.0,337811.0,337811.0
8369,402660.0,0.0,0.0,402660.0,402660.0
8370,425100.0,0.0,0.0,425100.0,425100.0
8371,425400.0,0.0,0.0,425400.0,425400.0
8372,374680.0,0.0,0.0,374680.0,374680.0
8373,374680.0,0.0,0.0,374680.0,374680.0
8374,347460.0,0.0,0.0,347460.0,347460.0
8375,283440.0,0.0,0.0,283440.0,283440.0
8376,254100.0,0.0,0.0,254100.0,254100.0
8377,261300.0,0.0,0.0,261300.0,261300.0
8378,261300.0,0.0,0.0,261300.0,261300.0
8379,282300.0,35.37,15032.25,267267.75,267267.75
8380,282300.0,220.01,93504.24999999999,188795.75,188795.75
8381,281400.0,416.91,177186.75,104213.25,104213.25
8382,314940.0,576.46,244995.50000000003,69944.49999999997,69944.49999999997
8383,366100.0,678.61,288409.25,77690.75,77690.75
8384,366900.0,711.76,302498.0,64402.0,64402.0
8385,356280.0,673.41,286199.25,70080.75,70080.75
8386,356280.0,567.06,241000.49999999994,115279.50000000006,115279.50000000006
8387,396400.0,403.96,171683.0,224717.0,224717.0
8388,392591.0,205.31,87256.75,305334.25,305334.25
8389,332500.0,27.84,11832.0,320668.0,320668.0
8390,332500.0,0.0,0.0,332500.0,332500.0
8391,345590.0,0.0,0.0,345590.0,345590.0
8392,337811.0,0.0,0.0,337811.0,337811.0
8393,402660.0,0.0,0.0,402660.0,402660.0
8394,425100.0,0.0,0.0,425100.0,425100.0
8395,425400.0,0.0,0.0,425400.0,425400.0
8396,374680.0,0.0,0.0,374680.0,374680.0
8397,374680.0,0.0,0.0,374680.0,374680.0
8398,347460.0,0.0,0.0,347460.0,347460.0
8399,283440.0,0.0,0.0,283440.0,283440.0
8400,254100.0,0.0,0.0,254100.0,254100.0
8401,261300.0,0.0,0.0,261300.0,261300.0
8402,261300.0,0.0,0.0,261300.0,261300.0
8403,282300.0,34.63,14717.75,267582.25,267582.25
8404,282300.0,219.91,93461.75,188838.25,188838.25
8405,281400.0,418.01,177654.25,103745.75,103745.75
8406,314940.0,578.76,245972.99999999994,68967.00000000006,68967.00000000006
8407,366100.0,681.16,289493.0,76607.0,76607.0
8408,366900.0,715.41,304049.25,62850.75,62850.75
8409,356280.0,677.51,287941.75,68338.25,68338.25
8410,356280.0,571.11,242721.75,113558.25,113558.25
8411,396400.0,407.41,173149.25000000003,223250.74999999997,223250.74999999997
8412,392591.0,207.86,88340.50000000001,304250.5,304250.5
8413,332500.0,28.59,12150.75,320349.25,320349.25
8414,332500.0,0.0,0.0,332500.0,332500.0
8415,345590.0,0.0,0.0,345590.0,345590.0
8416,337811.0,0.0,0.0,337811.0,337811.0
8417,402660.0,0.0,0.0,402660.0,402660.0
8418,425100.0,0.0,0.0,425100.0,425100.0
8419,425400.0,0.0,0.0,425400.0,425400.0
8420,374680.0,0.0,0.0,374680.0,374680.0
8421,374680.0,0.0,0.0,374680.0,374680.0
8422,347460.0,0.0,0.0,347460.0,347460.0
8423,283440.0,0.0,0.0,283440.0,283440.0
8424,254100.0,0.0,0.0,254100.0,254100.0
8425,261300.0,0.0,0.0,261300.0,261300.0
8426,261300.0,0.0,0.0,261300.0,261300.0
8427,282300.0,33.36,14178.0,268122.0,268122.0
8428,282300.0,216.41,91974.25,190325.75,190325.75
8429,281400.0,413.66,175805.5,105594.5,105594.5
8430,314940.0,573.81,243869.24999999994,71070.75000000006,71070.75000000006
8431,366100.0,675.51,287091.75,79008.25,79008.25
8432,366900.0,711.06,302200.49999999994,64699.50000000006,64699.50000000006
8433,356280.0,673.61,286284.25,69995.75,69995.75
8434,356280.0,569.46,242020.50000000003,114259.49999999997,114259.49999999997
8435,396400.0,406.71,172851.74999999997,223548.25000000003,223548.25000000003
8436,392591.0,208.91,88786.74999999999,303804.25,303804.25
8437,332500.0,29.24,12427.0,320073.0,320073.0
8438,332500.0,0.0,0.0,332500.0,332500.0
8439,345590.0,0.0,0.0,345590.0,345590.0
8440,337811.0,0.0,0.0,337811.0,337811.0
8441,402660.0,0.0,0.0,402660.0,402660.0
8442,425100.0,0.0,0.0,425100.0,425100.0
8443,425400.0,0.0,0.0,425400.0,425400.0
8444,374680.0,0.0,0.0,374680.0,374680.0
8445,374680.0,0.0,0.0,374680.0,374680.0
8446,347460.0,0.0,0.0,347460.0,347460.0
8447,283440.0,0.0,0.0,283440.0,283440.0
8448,254100.0,0.0,0.0,254100.0,254100.0
8449,404660.0,0.0,0.0,404660.0,404660.0
8450,360260.0,0.0,0.0,360260.0,360260.0
8451,344120.0,32.67,13884.750000000002,330235.25,330235.25
8452,332420.0,215.71,91676.75,240743.25,240743.25
8453,331520.0,414.16,176018.0,155502.0,155502.0
8454,338420.0,576.61,245059.25000000003,93360.74999999997,93360.74999999997
8455,357340.0,678.66,288430.49999999994,68909.50000000006,68909.50000000006
8456,414160.0,705.46,299820.50000000006,114339.49999999994,114339.49999999994
8457,451060.0,674.16,286518.0,164542.0,164542.0
8458,453760.0,569.36,241978.0,211782.0,211782.0
8459,508960.0,407.21,173064.24999999997,335895.75,335895.75
8460,456460.0,188.51,80116.74999999999,376343.25,376343.25
8461,443260.0,27.81,11819.249999999998,431440.75,431440.75
8462,1155260.0,0.0,0.0,1155260.0,1000000.0
8463,579280.0,0.0,0.0,579280.0,579280.0
8464,462400.0,0.0,0.0,462400.0,462400.0
8465,470380.0,0.0,0.0,470380.0,470380.0
8466,479600.0,0.0,0.0,479600.0,479600.0
8467,479600.0,0.0,0.0,479600.0,479600.0
8468,421080.0,0.0,0.0,421080.0,421080.0
8469,421380.0,0.0,0.0,421380.0,421380.0
8470,402380.0,0.0,0.0,402380.0,402380.0
8471,402380.0,0.0,0.0,402380.0,402380.0
8472,402380.0,0.0,0.0,402380.0,402380.0
8473,404660.0,0.0,0.0,404660.0,404660.0
8474,360260.0,0.0,0.0,360260.0,360260.0
8475,344120.0,28.4,12069.999999999998,332050.0,332050.0
8476,332420.0,196.81,83644.25,248775.75,248775.75
8477,331520.0,396.26,168410.5,163109.5,163109.5
8478,338420.0,550.56,233987.99999999994,104432.00000000006,104432.00000000006
8479,357340.0,643.46,273470.5,83869.5,83869.5
8480,414160.0,655.21,278464.25000000006,135695.74999999994,135695.74999999994
8481,451060.0,603.71,256576.75000000003,194483.24999999997,194483.24999999997
8482,453760.0,514.81,218794.25,234965.75,234965.75
8483,508960.0,346.01,147054.25,361905.75,361905.75
8484,456460.0,182.65,77626.25,378833.75,378833.75
8485,443260.0,28.25,12006.25,431253.75,431253.75
8486,1155260.0,0.0,0.0,1155260.0,1000000.0
8487,579280.0,0.0,0.0,579280.0,579280.0
8488,462400.0,0.0,0.0,462400.0,462400.0
8489,470380.0,0.0,0.0,470380.0,470380.0
8490,479600.0,0.0,0.0,479600.0,479600.0
8491,479600.0,0.0,0.0,479600.0,479600.0
8492,421080.0,0.0,0.0,421080.0,421080.0
8493,421380.0,0.0,0.0,421380.0,421380.0
8494,402380.0,0.0,0.0,402380.0,402380.0
8495,402380.0,0.0,0.0,402380.0,402380.0
8496,402380.0,0.0,0.0,402380.0,402380.0
8497,261300.0,0.0,0.0,261300.0,261300.0
8498,261300.0,0.0,0.0,261300.0,261300.0
8499,282300.0,26.47,11249.75,271050.25,271050.25
8500,282300.0,177.0,75225.0,207075.0,207075.0
8501,281400.0,363.56,154513.0,126887.0,126887.0
8502,314940.0,532.01,226104.25,88835.75,88835.75
8503,366100.0,665.81,282969.24999999994,83130.75000000006,83130.75000000006
8504,366900.0,695.71,295676.75,71223.25,71223.25
8505,356280.0,653.41,277699.24999999994,78580.75000000006,78580.75000000006
8506,356280.0,548.26,233010.5,123269.5,123269.5
8507,396400.0,386.16,164118.0,232282.0,232282.0
8508,392591.0,184.7,78497.49999999999,314093.5,314093.5
8509,332500.0,30.15,12813.75,319686.25,319686.25
8510,332500.0,0.0,0.0,332500.0,332500.0
8511,345590.0,0.0,0.0,345590.0,345590.0
8512,337811.0,0.0,0.0,337811.0,337811.0
8513,402660.0,0.0,0.0,402660.0,402660.0
8514,425100.0,0.0,0.0,425100.0,425100.0
8515,425400.0,0.0,0.0,425400.0,425400.0
8516,374680.0,0.0,0.0,374680.0,374680.0
8517,374680.0,0.0,0.0,374680.0,374680.0
8518,347460.0,0.0,0.0,347460.0,347460.0
8519,283440.0,0.0,0.0,283440.0,283440.0
8520,254100.0,0.0,0.0,254100.0,254100.0
8521,261300.0,0.0,0.0,261300.0,261300.0
8522,261300.0,0.0,0.0,261300.0,261300.0
8523,282300.0,29.16,12393.0,269907.0,269907.0
8524,282300.0,204.06,86725.5,195574.5,195574.5
8525,281400.0,397.51,168941.75,112458.25,112458.25
8526,314940.0,556.01,236304.25,78635.75,78635.75
8527,366100.0,658.51,279866.75,86233.25,86233.25
8528,366900.0,693.76,294848.0,72052.0,72052.0
8529,356280.0,659.16,280143.0,76137.0,76137.0
8530,356280.0,557.91,237111.75,119168.25,119168.25
8531,396400.0,400.46,170195.5,226204.5,226204.5
8532,392591.0,207.71,88276.75,304314.25,304314.25
8533,332500.0,31.41,13349.25,319150.75,319150.75
8534,332500.0,0.0,0.0,332500.0,332500.0
8535,345590.0,0.0,0.0,345590.0,345590.0
8536,337811.0,0.0,0.0,337811.0,337811.0
8537,402660.0,0.0,0.0,402660.0,402660.0
8538,425100.0,0.0,0.0,425100.0,425100.0
8539,425400.0,0.0,0.0,425400.0,425400.0
8540,374680.0,0.0,0.0,374680.0,374680.0
8541,374680.0,0.0,0.0,374680.0,374680.0
8542,347460.0,0.0,0.0,347460.0,347460.0
8543,283440.0,0.0,0.0,283440.0,283440.0
8544,254100.0,0.0,0.0,254100.0,254100.0
8545,261300.0,0.0,0.0,261300.0,261300.0
8546,261300.0,0.0,0.0,261300.0,261300.0
8547,282300.0,28.52,12121.0,270179.0,270179.0
8548,282300.0,203.61,86534.25,195765.75,195765.75
8549,281400.0,398.81,169494.25,111905.75,111905.75
8550,314940.0,559.36,237728.0,77212.0,77212.0
8551,366100.0,662.11,281396.75,84703.25,84703.25
8552,366900.0,699.71,297376.75,69523.25,69523.25
8553,356280.0,666.86,283415.5,72864.5,72864.5
8554,356280.0,566.11,240596.75,115683.25,115683.25
8555,396400.0,407.86,173340.5,223059.5,223059.5
8556,392591.0,212.81,90444.25,302146.75,302146.75
8557,332500.0,32.81,13944.25,318555.75,318555.75
8558,332500.0,0.0,0.0,332500.0,332500.0
8559,345590.0,0.0,0.0,345590.0,345590.0
8560,337811.0,0.0,0.0,337811.0,337811.0
8561,402660.0,0.0,0.0,402660.0,402660.0
8562,425100.0,0.0,0.0,425100.0,425100.0
8563,425400.0,0.0,0.0,425400.0,425400.0
8564,374680.0,0.0,0.0,374680.0,374680.0
8565,374680.0,0.0,0.0,374680.0,374680.0
8566,347460.0,0.0,0.0,347460.0,347460.0
8567,283440.0,0.0,0.0,283440.0,283440.0
8568,254100.0,0.0,0.0,254100.0,254100.0
8569,261300.0,0.0,0.0,261300.0,261300.0
8570,261300.0,0.0,0.0,261300.0,261300.0
8571,282300.0,28.25,12006.25,270293.75,270293.75
8572,282300.0,205.66,87405.5,194894.5,194894.5
8573,281400.0,402.31,170981.75,110418.25,110418.25
8574,314940.0,564.61,239959.25,74980.75,74980.75
8575,366100.0,672.16,285668.0,80432.0,80432.0
8576,366900.0,709.96,301733.0,65167.0,65167.0
8577,356280.0,675.91,287261.75,69018.25,69018.25
8578,356280.0,573.41,243699.25,112580.75,112580.75
8579,396400.0,413.26,175635.5,220764.5,220764.5
8580,392591.0,216.51,92016.74999999999,300574.25,300574.25
8581,332500.0,33.95,14428.75,318071.25,318071.25
8582,332500.0,0.0,0.0,332500.0,332500.0
8583,345590.0,0.0,0.0,345590.0,345590.0
8584,337811.0,0.0,0.0,337811.0,337811.0
8585,402660.0,0.0,0.0,402660.0,402660.0
8586,425100.0,0.0,0.0,425100.0,425100.0
8587,425400.0,0.0,0.0,425400.0,425400.0
8588,374680.0,0.0,0.0,374680.0,374680.0
8589,374680.0,0.0,0.0,374680.0,374680.0
8590,347460.0,0.0,0.0,347460.0,347460.0
8591,283440.0,0.0,0.0,283440.0,283440.0
8592,254100.0,0.0,0.0,254100.0,254100.0
8593,361060.0,0.0,0.0,361060.0,361060.0
8594,361060.0,0.0,0.0,361060.0,361060.0
8595,288840.0,27.37,11632.250000000002,277207.75,277207.75
8596,298440.0,202.71,86151.75,212288.25,212288.25
8597,297840.0,398.81,169494.25,128345.75,128345.75
8598,352760.0,559.81,237919.24999999994,114840.75000000006,114840.75000000006
8599,361360.0,666.71,283351.75,78008.25,78008.25
8600,362560.0,703.91,299161.74999999994,63398.25000000006,63398.25000000006
8601,351940.0,670.56,284987.99999999994,66952.00000000006,66952.00000000006
8602,351940.0,569.86,242190.5,109749.5,109749.5
8603,434060.0,411.86,175040.5,259019.5,259019.5
8604,381560.0,216.81,92144.25,289415.75,289415.75
8605,381560.0,34.71,14751.75,366808.25,366808.25
8606,381560.0,0.0,0.0,381560.0,381560.0
8607,402980.0,0.0,0.0,402980.0,402980.0
8608,1104480.0,0.0,0.0,1104480.0,1000000.0
8609,392780.0,0.0,0.0,392780.0,392780.0
8610,404600.0,0.0,0.0,404600.0,404600.0
8611,405200.0,0.0,0.0,405200.0,405200.0
8612,365380.0,0.0,0.0,365380.0,365380.0
8613,365980.0,0.0,0.0,365980.0,365980.0
8614,362080.0,0.0,0.0,362080.0,362080.0
8615,351460.0,0.0,0.0,351460.0,351460.0
8616,351460.0,0.0,0.0,351460.0,351460.0
8617,404660.0,0.0,0.0,404660.0,404660.0
8618,360260.0,0.0,0.0,360260.0,360260.0
8619,344120.0,15.0,6375.0,337745.0,337745.0
8620,332420.0,202.91,86236.75,246183.25,246183.25
8621,331520.0,400.11,170046.75,161473.25,161473.25
8622,338420.0,562.21,238939.25,99480.75,99480.75
8623,357340.0,666.16,283118.0,74222.0,74222.0
8624,414160.0,703.71,299076.75,115083.25,115083.25
8625,451060.0,670.86,285115.5,165944.5,165944.5
8626,453760.0,570.81,242594.24999999994,211165.75000000006,211165.75000000006
8627,508960.0,413.66,175805.5,333154.5,333154.5
8628,456460.0,219.21,93164.25000000001,363295.75,363295.75
8629,443260.0,35.86,15240.499999999996,428019.5,428019.5
8630,1155260.0,0.0,0.0,1155260.0,1000000.0
8631,579280.0,0.0,0.0,579280.0,579280.0
8632,462400.0,0.0,0.0,462400.0,462400.0
8633,470380.0,0.0,0.0,470380.0,470380.0
8634,479600.0,0.0,0.0,479600.0,479600.0
8635,479600.0,0.0,0.0,479600.0,479600.0
8636,421080.0,0.0,0.0,421080.0,421080.0
8637,421380.0,0.0,0.0,421380.0,421380.0
8638,402380.0,0.0,0.0,402380.0,402380.0
8639,402380.0,0.0,0.0,402380.0,402380.0
8640,402380.0,0.0,0.0,402380.0,402380.0
8641,404660.0,0.0,0.0,404660.0,404660.0
8642,360260.0,0.0,0.0,360260.0,360260.0
8643,344120.0,14.75,6268.75,337851.25,337851.25
8644,332420.0,206.36,87703.00000000001,244717.0,244717.0
8645,331520.0,410.71,174551.74999999997,156968.25000000003,156968.25000000003
8646,338420.0,580.26,246610.5,91809.5,91809.5
8647,357340.0,692.66,294380.5,62959.5,62959.5
8648,414160.0,734.56,312188.0,101972.0,101972.0
8649,451060.0,702.56,298588.0,152472.0,152472.0
8650,453760.0,599.71,254876.75000000003,198883.24999999997,198883.24999999997
8651,508960.0,436.51,185516.75,323443.25,323443.25
8652,456460.0,233.56,99263.0,357197.0,357197.0
8653,443260.0,38.97,16562.25,426697.75,426697.75
8654,1155260.0,0.0,0.0,1155260.0,1000000.0
8655,579280.0,0.0,0.0,579280.0,579280.0
8656,462400.0,0.0,0.0,462400.0,462400.0
8657,470380.0,0.0,0.0,470380.0,470380.0
8658,479600.0,0.0,0.0,479600.0,479600.0
8659,479600.0,0.0,0.0,479600.0,479600.0
8660,421080.0,0.0,0.0,421080.0,421080.0
8661,421380.0,0.0,0.0,421380.0,421380.0
8662,402380.0,0.0,0.0,402380.0,402380.0
8663,402380.0,0.0,0.0,402380.0,402380.0
8664,402380.0,0.0,0.0,402380.0,402380.0
8665,261300.0,0.0,0.0,261300.0,261300.0
8666,261300.0,0.0,0.0,261300.0,261300.0
8667,282300.0,14.75,6268.75,276031.25,276031.25
8668,282300.0,209.26,88935.5,193364.5,193364.5
8669,281400.0,413.11,175571.75000000003,105828.24999999997,105828.24999999997
8670,314940.0,580.11,246546.75,68393.25,68393.25
8671,366100.0,687.66,292255.49999999994,73844.50000000006,73844.50000000006
8672,366900.0,727.41,309149.25,57750.75,57750.75
8673,356280.0,695.06,295400.49999999994,60879.50000000006,60879.50000000006
8674,356280.0,593.21,252114.25,104165.75,104165.75
8675,396400.0,431.96,183582.99999999997,212817.00000000003,212817.00000000003
8676,392591.0,231.56,98413.00000000001,294178.0,294178.0
8677,332500.0,39.38,16736.500000000004,315763.5,315763.5
8678,332500.0,0.0,0.0,332500.0,332500.0
8679,345590.0,0.0,0.0,345590.0,345590.0
8680,337811.0,0.0,0.0,337811.0,337811.0
8681,402660.0,0.0,0.0,402660.0,402660.0
8682,425100.0,0.0,0.0,425100.0,425100.0
8683,425400.0,0.0,0.0,425400.0,425400.0
8684,374680.0,0.0,0.0,374680.0,374680.0
8685,374680.0,0.0,0.0,374680.0,374680.0
8686,347460.0,0.0,0.0,347460.0,347460.0
8687,283440.0,0.0,0.0,283440.0,283440.0
8688,254100.0,0.0,0.0,254100.0,254100.0
8689,261300.0,0.0,0.0,261300.0,261300.0
8690,261300.0,0.0,0.0,261300.0,261300.0
8691,282300.0,14.35,6098.75,276201.25,276201.25
8692,282300.0,203.91,86661.75,195638.25,195638.25
8693,281400.0,404.96,172108.0,109292.0,109292.0
8694,314940.0,570.31,242381.75,72558.25,72558.25
8695,366100.0,676.66,287580.49999999994,78519.50000000006,78519.50000000006
8696,366900.0,716.76,304623.0,62277.0,62277.0
8697,356280.0,685.31,291256.75,65023.25,65023.25
8698,356280.0,585.26,248735.5,107544.5,107544.5
8699,396400.0,426.41,181224.25,215175.75,215175.75
8700,392591.0,228.91,97286.75,295304.25,295304.25
8701,332500.0,39.63,16842.750000000004,315657.25,315657.25
8702,332500.0,0.0,0.0,332500.0,332500.0
8703,345590.0,0.0,0.0,345590.0,345590.0
8704,337811.0,0.0,0.0,337811.0,337811.0
8705,402660.0,0.0,0.0,402660.0,402660.0
8706,425100.0,0.0,0.0,425100.0,425100.0
8707,425400.0,0.0,0.0,425400.0,425400.0
8708,374680.0,0.0,0.0,374680.0,374680.0
8709,374680.0,0.0,0.0,374680.0,374680.0
8710,347460.0,0.0,0.0,347460.0,347460.0
8711,283440.0,0.0,0.0,283440.0,283440.0
8712,254100.0,0.0,0.0,254100.0,254100.0
8713,261300.0,0.0,0.0,261300.0,261300.0
8714,261300.0,0.0,0.0,261300.0,261300.0
8715,282300.0,14.05,5971.25,276328.75,276328.75
8716,282300.0,199.51,84791.75,197508.25,197508.25
8717,281400.0,399.36,169728.0,111672.0,111672.0
8718,314940.0,565.31,240256.75,74683.25,74683.25
8719,366100.0,674.11,286496.75,79603.25,79603.25
8720,366900.0,716.41,304474.25,62425.75,62425.75
8721,356280.0,686.66,291830.49999999994,64449.50000000006,64449.50000000006
8722,356280.0,587.51,249691.75,106588.25,106588.25
8723,396400.0,429.41,182499.25,213900.75,213900.75
8724,392591.0,232.21,98689.25,293901.75,293901.75
8725,332500.0,41.22,17518.5,314981.5,314981.5
8726,332500.0,0.0,0.0,332500.0,332500.0
8727,345590.0,0.0,0.0,345590.0,345590.0
8728,337811.0,0.0,0.0,337811.0,337811.0
8729,402660.0,0.0,0.0,402660.0,402660.0
8730,425100.0,0.0,0.0,425100.0,425100.0
8731,425400.0,0.0,0.0,425400.0,425400.0
8732,374680.0,0.0,0.0,374680.0,374680.0
8733,374680.0,0.0,0.0,374680.0,374680.0
8734,347460.0,0.0,0.0,347460.0,347460.0
8735,283440.0,0.0,0.0,283440.0,283440.0
8736,254100.0,0.0,0.0,254100.0,254100.0
8737,261300.0,0.0,0.0,261300.0,261300.0
8738,261300.0,0.0,0.0,261300.0,261300.0
8739,282300.0,14.05,5971.25,276328.75,276328.75
8740,282300.0,197.46,83920.5,198379.5,198379.5
8741,281400.0,405.31,172256.75,109143.25,109143.25
8742,314940.0,572.21,243189.25,71750.75,71750.75
8743,366100.0,682.96,290258.0,75842.0,75842.0
8744,366900.0,725.01,308129.25,58770.75,58770.75
8745,356280.0,693.46,294720.50000000006,61559.49999999994,61559.49999999994
8746,356280.0,594.71,252751.75000000003,103528.24999999997,103528.24999999997
8747,396400.0,435.66,185155.50000000003,211244.49999999997,211244.49999999997
8748,392591.0,237.01,100729.25,291861.75,291861.75
8749,332500.0,42.94,18249.5,314250.5,314250.5
8750,332500.0,0.0,0.0,332500.0,332500.0
8751,345590.0,0.0,0.0,345590.0,345590.0
8752,337811.0,0.0,0.0,337811.0,337811.0
8753,402660.0,0.0,0.0,402660.0,402660.0
8754,425100.0,0.0,0.0,425100.0,425100.0
8755,425400.0,0.0,0.0,425400.0,425400.0
8756,374680.0,0.0,0.0,374680.0,374680.0
8757,374680.0,0.0,0.0,374680.0,374680.0
8758,347460.0,0.0,0.0,347460.0,347460.0
8759,283440.0,0.0,0.0,283440.0,283440.0
8760,254100.0,0.0,0.0,254100.0,254100.0
