hour_of_year,demand_wh,wind_speed_ms,egen_wh,deficit_wh,generator_output_wh
1,294675.96089413244,5.778533779036606,477401.3987353519,0.0,0.0
2,293885.17203642696,6.19308076753271,593397.4425756561,0.0,0.0
3,315296.87193599343,6.63275181593767,729454.2217770582,0.0,0.0
4,308806.25094018,6.984488654661637,849888.9153561444,0.0,0.0
5,346643.7066499322,7.36134955329446,996559.9452487925,0.0,0.0
6,359240.0966299311,7.788458571744991,1177952.5384251922,0.0,0.0
7,395096.0890297524,8.328625859785369,1409222.861109855,0.0,0.0
8,407940.3110354876,9.019537507278876,1675555.0322186013,0.0,0.0
9,417709.37108474574,9.873755544179941,1906618.2552023388,0.0,0.0
10,375738.5126606207,10.300864562630471,1974192.047316909,0.0,0.0
11,459873.7136451428,9.748135244635666,1878177.8193855148,0.0,0.0
12,398446.906617811,8.944165327552312,1648561.4954217114,0.0,0.0
13,339493.2040749121,8.152757440423386,1335358.1249778222,0.0,0.0
14,367905.1435801353,7.449283762975451,1030959.8080759966,0.0,0.0
15,411703.5873176939,7.072422864342629,883531.8245308365,0.0,0.0
16,372757.440376076,6.569941666165533,707948.0264950787,0.0,0.0
17,386414.2805429697,5.879030018672025,504173.59697422746,0.0,0.0
18,405351.8566307671,6.431759336666832,663855.3561840488,0.0,0.0
19,499575.13234325947,6.846306325162936,802575.2857357893,0.0,0.0
20,419941.8236271539,6.946802564798356,836985.1981869569,0.0,0.0
21,426636.0859460732,6.858868355117363,806876.5247921853,0.0,0.0
22,365114.9400480376,6.758372115481944,772466.6123410175,0.0,0.0
23,346413.8159349672,6.73324805557309,763864.134228226,0.0,0.0
24,310783.8492211229,6.758372115481944,772466.6123410175,0.0,0.0
25,292170.2022611882,6.783496175390799,781069.0904538096,0.0,0.0
26,318928.84438062034,6.934240534843927,832683.9591305607,0.0,0.0
27,308981.111032155,7.185481133932475,927760.2195943842,0.0,0.0
28,293350.6614720746,7.36134955329446,996559.9452487925,0.0,0.0
29,321818.801189742,7.4241597030665964,1021131.2758396525,0.0,0.0
30,350752.0234400805,7.486969852838733,1045702.6064305124,0.0,0.0
31,441358.0113743993,7.738210451927282,1155803.1672095458,0.0,0.0
32,431471.7741548584,8.27837773996766,1388118.650786417,0.0,0.0
33,410728.6867386722,8.6175525487372,1525493.800364177,0.0,0.0
34,390401.7840290093,8.479370219238499,1472535.4920801695,0.0,0.0
35,427049.3985751564,7.31110143347675,976902.8807761046,0.0,0.0
36,455725.0443948312,6.105146557851719,567439.2638778274,0.0,0.0
37,364822.5429994007,5.024811981770962,297518.184745862,67304.35825353872,67304.35825353872
38,371195.6240465962,4.195718004778753,155279.41351490142,215916.21053169476,215916.21053169476
39,366337.8698301222,3.668112746692802,86970.05901107354,279367.81081904867,279367.81081904867
40,399771.30185287487,3.529930417194101,70719.81706202627,329051.48479084857,329051.48479084857
41,410564.5492474937,3.3917480876953996,57673.83171719517,352890.7175302985,352890.7175302985
42,427154.8107251927,4.346462364231882,177830.76968908953,249324.04103610318,249324.04103610318
43,456132.69114629895,5.188118371178518,333837.5257501025,122295.16539619648,122295.16539619648
44,469998.7544212255,5.765971749082179,474054.87395549245,0.0,0.0
45,435389.6544180193,5.891592048626453,507520.12175408716,0.0,0.0
46,407634.6454097018,5.728285659218896,464015.2996159139,0.0,0.0
47,321424.3128102218,5.401672880403784,381332.0486018016,0.0,0.0
48,312329.75743702013,4.999687921862107,291943.07694764837,20386.680489371764,20386.680489371764
49,470419.3559948173,4.660513113092567,230077.5918280843,240341.764166733,240341.764166733
50,430197.7320769663,4.434396573912874,190985.72745736598,239212.00461960034,239212.00461960034
51,374000.3341322519,4.35902439418631,179710.04937027197,194290.28476197994,194290.28476197994
52,377450.3185633048,4.396710484049592,185347.888413819,192102.4301494858,192102.4301494858
53,368014.4137681268,4.5223307835938655,204873.13492752108,163141.27884060572,163141.27884060572
54,400238.1356708886,4.6353890531837125,225494.96330070918,174743.1723701794,174743.1723701794
55,439913.8567127117,4.660513113092567,230077.5918280843,209836.2648846274,209836.2648846274
56,491471.0222032119,5.502169120039203,403777.85357844364,87693.16862476827,87693.16862476827
57,456337.1106758976,5.376548820494929,375744.45767807233,80592.6529978253,80592.6529978253
58,544211.0420129035,4.874067622317833,269029.9343107727,275181.1077021308,275181.1077021308
59,597421.2651114224,3.994725525507915,125379.72179973079,472041.5433116916,472041.5433116916
60,466403.35631180747,3.0902593687891415,31142.824453444453,435260.531858363,435260.531858363
61,494367.8459034603,2.2611653917969328,0.0,494367.8459034603,494367.8459034603
62,1292009.2521599554,1.8968665231185382,0.0,1292009.2521599554,1292009.2521599554
63,713539.4570712117,2.198355242024796,0.0,713539.4570712117,713539.4570712117
64,552677.9106393747,2.5249680208399083,1158.5161669717472,551519.394472403,551519.394472403
65,470178.3537582652,2.6129022305209,5238.663496169769,464939.6902620954,464939.6902620954
66,559248.6961296875,2.675712380293037,8153.054445596913,551095.6416840906,551095.6416840906
67,569555.7695748521,2.3742236613867793,0.0,569555.7695748521,569555.7695748521
68,470125.0696307509,1.9345526129818205,0.0,470125.0696307509,470125.0696307509
69,505743.2797783023,1.5074435945312885,0.0,505743.2797783023,505743.2797783023
70,480872.12989940366,1.2562029954427405,0.0,480872.12989940366,480872.12989940366
71,426249.60495119885,1.35669923507816,0.0,426249.60495119885,426249.60495119885
72,471507.6576897408,1.6958740438476998,0.0,471507.6576897408,471507.6576897408
73,466315.8228748651,2.047610882571667,0.0,466315.8228748651,466315.8228748651
74,405412.3062764345,2.361661631432352,0.0,405412.3062764345,405412.3062764345
75,394773.19438285823,2.71339847015632,9901.689015253241,384871.505367605,384871.505367605
76,346260.2444277847,2.9018289194727305,18644.861863534694,327615.38256425003,327615.38256425003
77,391263.76498964673,2.826456739746166,15147.5927242221,376116.1722654246,376116.1722654246
78,378245.411399954,2.6380262904297553,6404.419875940648,371840.99152401334,371840.99152401334
79,399555.5741002494,2.449595841113344,0.0,399555.5741002494,399555.5741002494
80,487630.0581011049,1.9596766728906752,0.0,487630.0581011049,487630.0581011049
81,505957.68862414174,2.2486033618425054,0.0,505957.68862414174,505957.68862414174
82,504467.9951258628,2.813894709791739,14564.714534336692,489903.2805915261,489903.2805915261
83,623744.8750002095,2.7887706498828844,13398.958154565835,610345.9168456437,610345.9168456437
84,506399.7417416337,2.675712380293037,8153.054445596913,498246.68729603675,498246.68729603675
85,502710.8436914064,2.9520770392904403,20976.374623076426,481734.46906833,481734.46906833
86,1259484.3943543304,3.5550544771029555,73674.40650730756,1185809.9878470227,1185809.9878470227
87,795446.1554097644,3.9319153757357777,117993.24818652745,677452.907223237,677452.907223237
88,589934.0417206481,4.145469884961043,147762.2947901721,442171.7469304759,442171.7469304759
89,562743.9650919905,3.7057988365560846,91401.94317899554,471342.021912995,471342.021912995
90,595762.3621887558,3.96960146559906,122425.13235444948,473337.2298343063,473337.2298343063
91,519774.4229215224,3.8942292858724956,113561.36401860548,406213.0589029169,406213.0589029169
92,496354.8471816049,3.668112746692802,86970.05901107354,409384.78817053133,409384.78817053133
93,537509.1782569268,3.2912518480599804,48830.162629278275,488679.01562764856,488679.01562764856
94,475816.08385665255,2.914390949427158,19227.740053420122,456588.3438032324,456588.3438032324
95,428377.0073438724,2.512405990885481,575.6379770863184,427801.3693667861,427801.3693667861
96,463191.1461750882,2.1606691521615136,0.0,463191.1461750882,463191.1461750882
97,275137.07859549945,1.859180433255256,0.0,275137.07859549945,275137.07859549945
98,292282.6245231597,1.4069473548958695,0.0,292282.6245231597,292282.6245231597
99,342755.71022400283,1.205954875625031,0.0,342755.71022400283,342755.71022400283
100,302699.78632375033,1.4195093848502967,0.0,302699.78632375033,302699.78632375033
101,328425.0306898111,1.5953778042122804,0.0,328425.0306898111,328425.0306898111
102,344184.17506246694,1.9973627627539574,0.0,344184.17506246694,344184.17506246694
103,420382.8363016123,2.5249680208399083,1158.5161669717472,419224.32013464055,419224.32013464055
104,413098.79039006407,2.9520770392904403,20976.374623076426,392122.41576698766,392122.41576698766
105,454200.8023827623,2.135545092252659,0.0,454200.8023827623,454200.8023827623
106,392586.8322731348,1.607939834166708,0.0,392586.8322731348,392586.8322731348
107,428256.9706594956,2.2486033618425054,0.0,428256.9706594956,428256.9706594956
108,441734.5014109399,2.7762086199284566,12816.079964680386,428918.42144625954,428918.42144625954
109,342198.6568525492,3.027449219017005,25615.53127349642,316583.1255790528,316583.1255790528
110,381257.56016836513,3.5550544771029555,73674.40650730756,307583.1536610576,307583.1536610576
111,346744.74812046654,3.9570394356446323,120947.83763180877,225796.91048865777,225796.91048865777
112,374202.9276699741,4.170593944869898,151520.85415253678,222682.07351743733,222682.07351743733
113,440761.7538998592,3.655550716738375,85492.76428843293,355268.98961142625,355268.98961142625
114,400883.2197553144,3.7057988365560846,91401.94317899554,309481.2765763189,309481.2765763189
115,484043.5591001239,3.4168721476042543,59884.74898917438,424158.8101109495,424158.8101109495
116,399265.517656839,3.165631548515706,37775.57626938213,361489.94138745684,361489.94138745684
117,443768.8648967231,2.914390949427158,19227.740053420122,424541.124843303,424541.124843303
118,406328.4258815782,2.7636465899740292,12233.201774794956,394095.2241067832,394095.2241067832
119,330359.67816342856,2.5752161406576177,3490.0289265134625,326869.6492369151,326869.6492369151
120,276333.0318984376,2.3114135116146426,0.0,276333.0318984376,276333.0318984376
121,296657.72574778507,2.1857932120703683,0.0,296657.72574778507,296657.72574778507
122,300637.54429092386,2.32397554156907,0.0,300637.54429092386,300637.54429092386
123,317336.674812959,2.7510845600196014,11650.323584909505,305686.3512280495,305686.3512280495
124,296988.9275676845,3.127945458652424,34459.20036141331,262529.7272062712,262529.7272062712
125,308418.351058823,3.354061997832117,54357.45580922631,254060.89524959668,254060.89524959668
126,320321.9423632213,3.517368387239673,69242.52233938556,251079.42002383576,251079.42002383576
127,403534.4025955617,3.8314191361003584,106174.89040540216,297359.5121901595,297359.5121901595
128,428358.7480008608,4.761009352727987,248408.10593758483,179950.64206327597,179950.64206327597
129,430840.6603759951,4.070097705234479,136486.61670307812,294354.04367291695,294354.04367291695
130,364710.4180867084,2.6882744102474647,8735.932635482362,355974.48545122606,355974.48545122606
131,437482.43863753055,1.6958740438476998,0.0,437482.43863753055,437482.43863753055
132,443821.5758257439,1.3943853249414422,0.0,443821.5758257439,443821.5758257439
133,386170.6116576415,1.4069473548958695,0.0,386170.6116576415,386170.6116576415
134,347039.3892396145,1.6833120138932725,0.0,347039.3892396145,347039.3892396145
135,397636.0999002255,1.7963702834831188,0.0,397636.0999002255,397636.0999002255
136,360951.08742792887,1.7586841936198365,0.0,360951.08742792887,360951.08742792887
137,364340.84503402194,1.5074435945312885,0.0,364340.84503402194,364340.84503402194
138,426505.57111392514,1.2185169055794582,0.0,426505.57111392514,426505.57111392514
139,469064.00347518,0.8290939769922088,0.0,469064.00347518,469064.00347518
140,400551.6514602534,1.2813270553515954,0.0,400551.6514602534,400551.6514602534
141,457599.29753312847,1.6581879539844175,0.0,457599.29753312847,457599.29753312847
142,398435.2857532191,1.834056373346401,0.0,398435.2857532191,398435.2857532191
143,324818.81042593555,2.085296972434949,0.0,324818.81042593555,324818.81042593555
144,291322.8974165096,2.462157871067771,0.0,291322.8974165096,291322.8974165096
145,287981.931777911,3.014887189062577,24510.07263750678,263471.85914040427,263471.85914040427
146,304227.14909285435,3.7686089863282213,98788.41679219883,205438.7323006555,205438.7323006555
147,309619.1596650264,4.6353890531837125,225494.96330070918,84124.19636431723,84124.19636431723
148,326172.1542024943,6.142832647715001,578564.1976054683,0.0,0.0
149,329023.35728332726,7.172919103978048,922845.9534762123,0.0,0.0
150,345022.714729394,7.763334511836136,1166877.8528173687,0.0,0.0
151,448304.5132589612,8.203005560241095,1356462.33530126,0.0,0.0
152,397648.90696289,8.780858938144757,1587027.6478929443,0.0,0.0
153,428774.6033643221,8.90647923768903,1634361.3767612264,0.0,0.0
154,443227.319900474,8.680362698509336,1549160.664798318,0.0,0.0
155,451025.4358017354,7.524655942702016,1061668.3395430488,0.0,0.0
156,418720.5360004303,6.167956707623856,585980.8200905622,0.0,0.0
157,357551.89941932523,5.338862730631647,367363.07129247836,0.0,0.0
158,341438.6041456518,4.924315742135542,278195.1913655229,63243.412780128885,63243.412780128885
159,359480.5572596688,4.673075143046995,232368.90609177182,127111.65116789701,127111.65116789701
160,354959.12049331027,4.346462364231882,177830.76968908953,177128.35080422074,177128.35080422074
161,417884.3470261321,3.2410037282422706,44408.32808531981,373476.0189408123,373476.0189408123
162,440357.1266226889,3.4043101176498265,58779.29035318473,381577.83626950416,381577.83626950416
163,502150.030934738,3.504806357285246,67765.22761674495,434384.80331799306,434384.80331799306
164,467662.7553756517,3.2912518480599804,48830.162629278275,418832.59274637344,418832.59274637344
165,453504.5387338316,2.876704859563876,17479.105483763837,436025.43325006776,436025.43325006776
166,389284.7198997351,2.6882744102474647,8735.932635482362,380548.7872642528,380548.7872642528
167,337443.6470184678,2.914390949427158,19227.740053420122,318215.90696504764,318215.90696504764
168,288614.54427811224,3.4545582374675363,63201.1248971432,225413.41938096905,225413.41938096905
169,287267.1979865089,4.170593944869898,151520.85415253678,135746.34383397212,135746.34383397212
170,282325.90129252715,4.874067622317833,269029.9343107727,13295.966981754464,13295.966981754464
171,325068.8504601785,5.464483030175921,395301.0259111248,0.0,0.0
172,331966.29445404606,5.816219868899888,487440.97307493025,0.0,0.0
173,295088.3980539346,6.017212348170727,541481.0851799984,0.0,0.0
174,341608.4830142403,6.029774378125154,545189.3964225454,0.0,0.0
175,411209.5162837972,5.665475509446759,447282.6757166167,0.0,0.0
176,410491.80574415147,5.552417239856913,417163.9526978817,0.0,0.0
177,370397.6242770156,4.836381532454551,262155.9915197101,108241.63275730552,108241.63275730552
178,414753.1263517586,3.253565758196698,45513.786721309414,369239.3396304492,369239.3396304492
179,453640.5156366475,1.3943853249414422,0.0,453640.5156366475,453640.5156366475
180,412782.5591959935,0.33917480876954,0.0,412782.5591959935,412782.5591959935
181,372466.40449430345,1.1682687857617486,0.0,372466.40449430345,372466.40449430345
182,365751.91454885545,1.6456259240299902,0.0,365751.91454885545,365751.91454885545
183,381685.6219859119,1.7084360738021271,0.0,381685.6219859119,381685.6219859119
184,364918.3779314602,1.6958740438476998,0.0,364918.3779314602,364918.3779314602
185,390119.627648668,1.582815774257853,0.0,390119.627648668,390119.627648668
186,390561.1301455385,1.2436409654883132,0.0,390561.1301455385,390561.1301455385
187,491911.2303771181,0.3517368387239674,0.0,491911.2303771181,491911.2303771181
188,429506.1223225743,1.0049623963541925,0.0,429506.1223225743,429506.1223225743
189,444812.4365117099,2.047610882571667,0.0,444812.4365117099,444812.4365117099
190,391330.2676920815,2.8390187697005933,15730.47091410753,375599.796777974,375599.796777974
191,322558.876857592,3.4545582374675363,63201.1248971432,259357.75196044883,259357.75196044883
192,305296.58775484265,3.906791315826923,115038.65874124614,190257.9290135965,190257.9290135965
193,276081.9308075549,4.183155974824326,153400.1338337192,122681.7969738357,122681.7969738357
194,302375.0382032113,4.3715864241407365,181589.32905145417,120785.70915175715,120785.70915175715
195,302498.33590531995,4.4846446937305835,198502.84618209532,103995.48972322463,103995.48972322463
196,342312.43881876924,4.509768753639438,202581.82066383353,139730.6181549357,139730.6181549357
197,299465.6815604401,4.509768753639438,202581.82066383353,96883.86089660658,96883.86089660658
198,322064.9779252672,4.534892813548293,207164.44919120864,114900.52873405855,114900.52873405855
199,458817.718392589,4.396710484049592,185347.888413819,273469.82997877,273469.82997877
200,418075.08782532817,4.7861334126368416,252990.7344649599,165084.35336036826,165084.35336036826
201,414959.4130885807,4.685637173001422,234660.22035545937,180299.19273312134,180299.19273312134
202,401440.2208456143,4.572578903411576,214038.39198227142,187401.8288633429,187401.8288633429
203,440920.0629242434,4.4469586038673015,192865.00713854833,248055.05578569506,248055.05578569506
204,426546.65905046737,4.4469586038673015,192865.00713854833,233681.65191191903,233681.65191191903
205,370957.3375572861,4.4469586038673015,192865.00713854833,178092.33041873775,178092.33041873775
206,361751.8639530644,4.547454843502721,209455.76345489634,152296.1004981681,152296.1004981681
207,401742.473975869,4.421834543958447,189106.44777618363,212636.02619968538,212636.02619968538
208,384895.9706260943,3.567616507057383,75151.70122994823,309744.26939614606,309744.26939614606
209,352552.81363551645,2.424471781204489,0.0,352552.81363551645,352552.81363551645
210,396179.7901104047,2.085296972434949,0.0,396179.7901104047,396179.7901104047
211,493575.1866356506,2.1857932120703683,0.0,493575.1866356506,493575.1866356506
212,423285.97725410655,2.9018289194727305,18644.861863534694,404641.1153905719,404641.1153905719
213,462152.5469007121,3.9444774056902054,119470.54290916816,342682.00399154396,342682.00399154396
214,443785.6329099868,4.911753712181116,275903.8771018355,167881.75580815127,167881.75580815127
215,334875.8005970528,5.778533779036606,477401.3987353519,0.0,0.0
216,261475.64988280504,6.218204827441566,600814.0650607503,0.0,0.0
217,434940.6510869849,6.205642797487139,597105.7538182033,0.0,0.0
218,382410.128393116,6.092584527897291,563730.9526352802,0.0,0.0
219,407137.2046572207,5.778533779036606,477401.3987353519,0.0,0.0
220,380357.1001746717,5.966964228353017,527599.2704332437,0.0,0.0
221,377931.4945395889,6.24332888735042,608230.6875458439,0.0,0.0
222,367666.21646768966,6.419197306712404,660147.0449415018,0.0,0.0
223,399991.8538203279,6.883992415026219,815479.0029049774,0.0,0.0
224,470104.6120954986,8.403998039511935,1440879.1765950127,0.0,0.0
225,513626.7270566285,9.220529986549716,1736817.5399003532,0.0,0.0
226,542321.051397015,9.898879604088796,1912306.3423657033,0.0,0.0
227,611860.2189521284,9.810945394407803,1892398.0372939266,0.0,0.0
228,510672.7977169868,9.471770585638263,1813395.6745025425,0.0,0.0
229,504094.5942167829,9.107471716959868,1702357.3793293675,0.0,0.0
230,1287075.0505048349,8.66780066855491,1544427.2919114903,0.0,0.0
231,773465.3982626607,7.763334511836136,1166877.8528173687,0.0,0.0
232,540143.1943937192,6.82118226525408,793972.8076229972,0.0,0.0
233,557531.7979979715,5.552417239856913,417163.9526978817,140367.84530008986,140367.84530008986
234,554490.1294228625,5.9418401684441635,520906.2208735252,33583.90854933736,33583.90854933736
235,529021.2914790348,6.657875875846525,738056.6998898502,0.0,0.0
236,438988.1634641753,7.625152182337435,1105967.0819743413,0.0,0.0
237,515595.4133868438,7.750772481881709,1161340.5100134574,0.0,0.0
238,451695.7172222848,7.926640901243692,1238863.3092682194,0.0,0.0
239,425968.05705326976,8.077385260696822,1303701.8094926653,0.0,0.0
240,493853.0237805454,7.801020601699419,1183489.8812291038,0.0,0.0
241,488734.03241436864,7.750772481881709,1161340.5100134574,0.0,0.0
242,396058.2783058617,7.876392781425983,1216713.9380525732,0.0,0.0
243,391091.16832462046,8.403998039511935,1440879.1765950127,0.0,0.0
244,357768.19018645096,8.66780066855491,1544427.2919114903,0.0,0.0
245,387958.82096424815,8.604990518782772,1520760.4274773486,0.0,0.0
246,409569.6419272208,8.743172848281473,1572827.5292324591,0.0,0.0
247,422515.8695876719,9.145157806823152,1713844.0995196966,0.0,0.0
248,505333.85898218345,9.660201034954675,1858269.5143137383,0.0,0.0
249,496632.4392225697,10.200368322995052,1961167.7346601589,0.0,0.0
250,481328.1085949901,10.627477341445585,2000000.0,0.0,0.0
251,583428.5333773055,10.212930352949481,1962795.7737422527,0.0,0.0
252,478796.86369867326,9.547142765364827,1832673.1220785968,0.0,0.0
253,479853.1779722935,8.479370219238499,1472535.4920801695,0.0,0.0
254,1366080.1876227842,6.984488654661637,849888.9153561444,516191.27226663975,516191.27226663975
255,786234.2434175014,5.703161599310042,457322.25005619525,328911.9933613062,328911.9933613062
256,508513.9406785985,4.673075143046995,232368.90609177182,276145.0345868267,276145.0345868267
257,539591.279995824,3.96960146559906,122425.13235444948,417166.1476413745,417166.1476413745
258,549370.3053738606,5.037374011725389,300311.9802077266,249058.32516613405,249058.32516613405
259,536756.9743485807,6.281014977213703,619355.621273485,0.0,0.0
260,505771.65410208906,7.675400302155145,1128116.4531899882,0.0,0.0
261,469427.0806163034,8.529618339056208,1492360.1901563792,0.0,0.0
262,441972.9738758236,8.793420968099184,1591761.0207797724,0.0,0.0
263,490677.770504066,8.981851417415594,1662761.6140821958,0.0,0.0
264,449427.9744370485,9.182843896686432,1725330.8197100244,0.0,0.0
265,296586.16354910453,9.308464196230707,1763619.8870111196,0.0,0.0
266,305748.75737945613,9.358712316048416,1778935.5139315573,0.0,0.0
267,305181.48565314244,9.408960435866126,1794251.1408519952,0.0,0.0
268,288189.06452303013,9.446646525729408,1805737.8610423233,0.0,0.0
269,340227.25629386486,9.446646525729408,1805737.8610423233,0.0,0.0
270,358775.67445596535,9.3963984059117,1790422.2341218863,0.0,0.0
271,404126.0751945021,9.446646525729408,1805737.8610423233,0.0,0.0
272,439919.1579540276,9.58482885522811,1841205.2528236443,0.0,0.0
273,415685.0638122744,9.622514945091392,1849737.3835686913,0.0,0.0
274,398846.50890619593,9.898879604088796,1912306.3423657033,0.0,0.0
275,456579.41150968574,9.861193514225512,1903774.2116206558,0.0,0.0
276,405177.6763920881,9.898879604088796,1912306.3423657033,0.0,0.0
277,339624.1539401904,10.087310053405206,1946515.3829213148,0.0,0.0
278,358472.1753817939,9.986813813769787,1932214.6474374798,0.0,0.0
279,370023.5830814045,9.559704795319256,1835517.1656602796,0.0,0.0
280,319382.6330612611,8.843669087916894,1610694.5123270855,0.0,0.0
281,405318.43363667175,7.172919103978048,922845.9534762123,0.0,0.0
282,419041.59443146,6.205642797487139,597105.7538182033,0.0,0.0
283,448864.684617386,8.052261200787967,1293149.7043309463,0.0,0.0
284,459773.7296661712,11.104834479713826,2000000.0,0.0,0.0
285,436557.0655682863,11.670125827663059,2000000.0,0.0,0.0
286,387419.4186540352,10.212930352949481,1962795.7737422527,0.0,0.0
287,343738.6605703174,8.115071350560104,1319529.9672352436,0.0,0.0
288,268550.7298438175,6.63275181593767,729454.2217770582,0.0,0.0
289,298215.2042906833,5.5272931799480585,410470.9031381628,0.0,0.0
290,301166.7526087294,4.4092725140040185,187227.1680950012,113939.58451372822,113939.58451372822
291,319525.1106179617,4.183155974824326,153400.1338337192,166124.97678424246,166124.97678424246
292,333083.55703317875,4.070097705234479,136486.61670307812,196596.94033010062,196596.94033010062
293,316988.9403597104,3.9193533457813503,116515.9534638868,200472.98689582362,200472.98689582362
294,327274.4979063639,3.567616507057383,75151.70122994823,252122.7966764157,252122.7966764157
295,432233.23743480985,3.2284416982878428,43302.86944933016,388930.3679854797,388930.3679854797
296,402824.2232525204,2.876704859563876,17479.105483763837,385345.1177687565,385345.1177687565
297,432021.02069543424,2.5877781706120455,4072.9071163989115,427948.11357903533,427948.11357903533
298,406182.1510159095,4.132907855006616,145883.01510898976,260299.13590691975,260299.13590691975
299,432319.750219857,4.924315742135542,278195.1913655229,154124.55885433406,154124.55885433406
300,431473.1386229337,5.5649792698113405,420510.47747774114,10962.661145192571,10962.661145192571
301,349902.15790688246,6.3061390371225565,626772.2437585787,0.0,0.0
302,321382.64882452914,7.135233014114766,908103.1551216963,0.0,0.0
303,374982.1601642295,7.6502762422462895,1117041.7675821644,0.0,0.0
304,365480.5375810349,7.662838272200717,1122579.1103860762,0.0,0.0
305,397383.4046381253,6.2307668573959925,604522.3763032969,0.0,0.0
306,384950.460607784,5.765971749082179,474054.87395549245,0.0,0.0
307,478867.1704383219,5.652913479492332,443936.1509367572,34931.019501564675,34931.019501564675
308,469454.1291464776,5.6403514495379055,440589.62615689804,28864.502989579574,28864.502989579574
309,419105.10062148486,5.853905958763171,497480.5474145088,0.0,0.0
310,381096.33759663376,6.4568833965756856,671271.9786691425,0.0,0.0
311,319120.24785871955,6.984488654661637,849888.9153561444,0.0,0.0
312,264767.3433454577,6.997050684616065,854190.1544125406,0.0,0.0
313,306690.4457937433,6.582503696119961,712249.2655514745,0.0,0.0
314,308493.1126382146,5.916716108535308,514213.17131380603,0.0,0.0
315,309163.4875571577,5.137870251360808,322662.3439026437,0.0,0.0
316,332249.9321762269,4.421834543958447,189106.44777618363,143143.4844000433,143143.4844000433
317,311277.4809058765,3.7811710162826486,100265.71151483948,211011.769391037,211011.769391037
318,372206.0446817969,3.2661277881511253,46619.24535729902,325586.79932449793,325586.79932449793
319,446533.5605754022,2.826456739746166,15147.5927242221,431385.9678511801,431385.9678511801
320,435498.0330405871,2.4998439609310537,0.0,435498.0330405871,435498.0330405871
321,391981.0340665208,1.5953778042122804,0.0,391981.0340665208,391981.0340665208
322,390426.4422446904,0.3768608986328221,0.0,390426.4422446904,390426.4422446904
323,418376.8194240566,1.2436409654883132,0.0,418376.8194240566,418376.8194240566
324,422079.2700484774,1.9471146429362478,0.0,422079.2700484774,422079.2700484774
325,364956.0766208796,2.550092080748763,2324.272546742605,362631.804074137,362631.804074137
326,365128.56359152414,2.7636465899740292,12233.201774794956,352895.3618167292,352895.3618167292
327,380167.5377051702,2.5877781706120455,4072.9071163989115,376094.6305887713,376094.6305887713
328,387151.226806008,2.173231182115941,0.0,387151.226806008,387151.226806008
329,388346.0196281807,1.607939834166708,0.0,388346.0196281807,388346.0196281807
330,422785.7957603725,1.205954875625031,0.0,422785.7957603725,422785.7957603725
331,484702.15249268746,0.9170281866732005,0.0,484702.15249268746,484702.15249268746
332,448572.2453910861,1.6958740438476998,0.0,448572.2453910861,448572.2453910861
333,446434.431318776,2.5752161406576177,3490.0289265134625,442944.40239226253,442944.40239226253
334,405808.17315460806,3.316375907968835,51041.079901257486,354767.0932533506,354767.0932533506
335,338437.3622411207,3.9570394356446323,120947.83763180877,217489.52460931195,217489.52460931195
336,281449.8483871652,4.472082663776156,196623.56650091297,84826.28188625225,84826.28188625225
337,290548.6726189691,4.748447322773559,246116.7916738971,44431.880945072015,44431.880945072015
338,305638.4108774383,5.087622131543099,311487.1620551851,0.0,0.0
339,332919.2167918517,5.42679694031264,386919.6395255311,0.0,0.0
340,308810.58240129164,5.61522738962905,433896.5765971789,0.0,0.0
341,324914.7024454776,5.753409719127752,470708.349175633,0.0,0.0
342,368335.7932804341,5.778533779036606,477401.3987353519,0.0,0.0
343,433471.0881997237,5.803657838945461,484094.4482950708,0.0,0.0
344,360232.57348040125,6.331263097031412,634188.8662436728,0.0,0.0
345,407383.5701925936,5.841343928808744,494134.02263464936,0.0,0.0
346,391238.7770313457,5.125308221406382,319868.54844077927,71370.22859056643,71370.22859056643
347,417785.8305088992,4.35902439418631,179710.04937027197,238075.7811386272,238075.7811386272
348,392399.062025352,3.7057988365560846,91401.94317899554,300997.1188463564,300997.1188463564
349,348210.79415877693,3.014887189062577,24510.07263750678,323700.72152127017,323700.72152127017
350,352696.8442076611,2.562654110703191,2907.1507366280543,349789.69347103307,349789.69347103307
351,374827.1507045178,2.914390949427158,19227.740053420122,355599.41065109766,355599.41065109766
352,345773.9167273735,3.203317638378988,41091.95217735095,304681.96455002256,304681.96455002256
353,418402.0433591897,2.7762086199284566,12816.079964680386,405585.96339450934,405585.96339450934
354,424196.0192683134,3.0776973388347146,30037.365817454887,394158.65345085855,394158.65345085855
355,474829.5892384734,3.165631548515706,37775.57626938213,437054.01296909124,437054.01296909124
356,422263.5024563395,3.2284416982878428,43302.86944933016,378960.63300700934,378960.63300700934
357,414111.84910979215,3.504806357285246,67765.22761674495,346346.6214930472,346346.6214930472
358,404491.3918590194,3.718360866510512,92879.2379016362,311612.15395738324,311612.15395738324
359,360536.8260944588,3.4419962075131094,62095.66626115362,298441.15983330517,298441.15983330517
360,316832.2066281734,3.0400112489714317,26720.98990948599,290111.21671868744,290111.21671868744
361,395269.3413377039,3.3038138780144073,49935.621265267844,345333.7200724361,345333.7200724361
362,440800.9179164483,3.8942292858724956,113561.36401860548,327239.5538978428,327239.5538978428
363,347437.30643362564,4.5223307835938655,204873.13492752108,142564.17150610455,142564.17150610455
364,357951.83818691043,4.999687921862107,291943.07694764837,66008.76123926206,66008.76123926206
365,333439.14313323534,5.376548820494929,375744.45767807233,0.0,0.0
366,396621.6485091224,5.539855209902486,413817.4279180222,0.0,0.0
367,441332.2491307249,5.4519210002214935,392507.23044926015,48825.01868146472,48825.01868146472
368,456006.2115904488,6.092584527897291,563730.9526352802,0.0,0.0
369,387670.1328984183,5.590103329720195,427203.52703746,0.0,0.0
370,389871.2411524685,4.3087762743686,172192.93064554254,217678.31050692595,217678.31050692595
371,507964.7625744554,2.876704859563876,17479.105483763837,490485.65709069156,490485.65709069156
372,453234.3758548608,1.7209981037565547,0.0,453234.3758548608,453234.3758548608
373,437891.745344381,1.1682687857617486,0.0,437891.745344381,437891.745344381
374,439351.2119793796,2.0224868226628123,0.0,439351.2119793796,439351.2119793796
375,480387.30251100863,2.8013326798373113,13981.836344451242,466405.4661665574,466405.4661665574
376,1301095.95478899,3.165631548515706,37775.57626938213,1263320.378519608,1263320.378519608
377,453205.2886694493,2.977201099199295,22142.131002847287,431063.157666602,431063.157666602
378,493295.21167239256,3.215879668333416,42197.4108133406,451097.800859052,451097.800859052
379,459735.5680287384,3.1405074886068514,35564.65899740291,424170.90903133544,424170.90903133544
380,408516.445475858,3.0400112489714317,26720.98990948599,381795.455566372,381795.455566372
381,427600.55696634,2.9520770392904403,20976.374623076426,406624.1823432636,406624.1823432636
382,391848.2481963151,2.9269529793815856,19810.618243305573,372037.6299530095,372037.6299530095
383,410874.8348176664,2.9646390692448676,21559.25281296186,389315.5820047045,389315.5820047045
384,430507.26463677466,2.851580799655021,16313.349103992976,414193.9155327817,414193.9155327817
385,476934.75805586367,2.7762086199284566,12816.079964680386,464118.6780911833,464118.6780911833
386,407231.7629011831,2.7762086199284566,12816.079964680386,394415.68293650274,394415.68293650274
387,406063.2308120982,2.71339847015632,9901.689015253241,396161.541796845,396161.541796845
388,377261.29153498553,2.6882744102474647,8735.932635482362,368525.3588995032,368525.3588995032
389,376665.1570840347,2.3993477212956345,0.0,376665.1570840347,376665.1570840347
390,381059.53527286416,2.0350488526172397,0.0,381059.53527286416,381059.53527286416
391,421690.25500648393,1.8214943433919737,0.0,421690.25500648393,421690.25500648393
392,448131.6229128661,1.4697575046680063,0.0,448131.6229128661,448131.6229128661
393,479134.8626968093,0.4145469884961044,0.0,479134.8626968093,479134.8626968093
394,551578.9867796006,1.143144725852894,0.0,551578.9867796006,551578.9867796006
395,669955.9385643334,1.7335601337109818,0.0,669955.9385643334,669955.9385643334
396,464633.972899701,2.411909751250062,0.0,464633.972899701,464633.972899701
397,450410.31168626377,3.1153834286979962,33353.741725423664,417056.5699608401,417056.5699608401
398,1405138.5713230595,3.517368387239673,69242.52233938556,1335896.048983674,1335896.048983674
399,768858.2125101117,3.693236806601657,89924.64845635489,678933.5640537569,678933.5640537569
400,463862.91945984174,3.693236806601657,89924.64845635489,373938.2710034868,373938.2710034868
401,504820.5435707745,3.1405074886068514,35564.65899740291,469255.88457337156,469255.88457337156
402,523681.8166119697,3.479682297376391,65412.04216912242,458269.7744428473,458269.7744428473
403,535115.3120171947,3.479682297376391,65412.04216912242,469703.26984807226,469703.26984807226
404,476820.9941603076,3.6178646268750927,81060.8801205109,395760.11403979664,395760.11403979664
405,440568.2881241886,3.68067477664723,88447.35373371423,352120.93439047434,352120.93439047434
406,456507.1160699243,3.366624027786545,55462.91444521596,401044.20162470837,401044.20162470837
407,431315.3222751744,2.7762086199284566,12816.079964680386,418499.242310494,418499.242310494
408,480407.1501280575,2.198355242024796,0.0,480407.1501280575,480407.1501280575
409,457481.2830485005,2.2109172719792234,0.0,457481.2830485005,457481.2830485005
410,406603.575699339,2.5877781706120455,4072.9071163989115,402530.66858294007,402530.66858294007
411,365641.9611509999,3.4168721476042543,59884.74898917438,305757.2121618255,305757.2121618255
412,347729.9952825957,4.421834543958447,189106.44777618363,158623.54750641205,158623.54750641205
413,372664.7471907242,5.062498071634245,305899.57113145606,66765.17605926812,66765.17605926812
414,387526.9614549528,5.389110850449357,378538.25313993695,8988.708315015829,8988.708315015829
415,408781.1061730056,5.502169120039203,403777.85357844364,5003.252594561956,5003.252594561956
416,513366.2425978589,6.268452947259275,615647.3100309381,0.0,0.0
417,506165.6258126356,5.879030018672025,504173.59697422746,1992.0288384081214,1992.0288384081214
418,492558.00618404703,5.778533779036606,477401.3987353519,15156.607448695111,15156.607448695111
419,596061.7111496625,5.200680401132945,336631.3212119669,259430.38993769558,259430.38993769558
420,498960.0589184702,4.4092725140040185,187227.1680950012,311732.89082346903,311732.89082346903
421,452011.9434781314,3.379186057740972,56568.37308120552,395443.57039692585,395443.57039692585
422,1339140.9976050502,2.6003402005664724,4655.78530628432,1334485.212298766,1334485.212298766
423,723680.147960577,2.085296972434949,0.0,723680.147960577,723680.147960577
424,493571.52606415405,1.7586841936198365,0.0,493571.52606415405,493571.52606415405
425,502040.207439446,1.2436409654883132,0.0,502040.207439446,502040.207439446
426,577609.2329940845,1.7838082535286914,0.0,577609.2329940845,577609.2329940845
427,566846.7732362598,2.512405990885481,575.6379770863184,566271.1352591735,566271.1352591735
428,469485.2709662753,3.3038138780144073,49935.621265267844,419549.64970100747,419549.64970100747
429,555629.3999999999,4.01984958541677,128969.49797834878,426659.90202165116,426659.90202165116
430,425753.3780386643,4.5223307835938655,204873.13492752108,220880.2431111432,220880.2431111432
431,470592.05558563786,4.836381532454551,262155.9915197101,208436.06406592776,208436.06406592776
432,500013.7339533597,5.062498071634245,305899.57113145606,194114.16282190365,194114.16282190365
433,323275.6096114092,5.200680401132945,336631.3212119669,0.0,0.0
434,326370.8713584722,5.238366490996228,345012.70759756106,0.0,0.0
435,302744.6347816114,5.238366490996228,345012.70759756106,0.0,0.0
436,295440.83481696085,5.213242431087374,339425.11667383194,0.0,0.0
437,323283.88920021616,5.137870251360808,322662.3439026437,621.5452975724475,621.5452975724475
438,364718.88108284125,5.137870251360808,322662.3439026437,42056.53718019754,42056.53718019754
439,397359.891010708,5.188118371178518,333837.5257501025,63522.365260605526,63522.365260605526
440,384582.0563654413,6.155394677669429,582272.5088480155,0.0,0.0
441,434550.2952666711,6.29357700716813,623063.932516032,0.0,0.0
442,383095.6288896263,6.758372115481944,772466.6123410175,0.0,0.0
443,410588.7156564208,6.569941666165533,707948.0264950787,0.0,0.0
444,420857.9121332225,6.05489843803401,552606.0189076397,0.0,0.0
445,377312.831433355,5.188118371178518,333837.5257501025,43475.30568325252,43475.30568325252
446,360199.71681040205,4.220842064687608,159037.9728772662,201161.74393313585,201161.74393313585
447,351437.1681393612,3.2661277881511253,46619.24535729902,304817.9227820622,304817.9227820622
448,380695.4704883229,2.3993477212956345,0.0,380695.4704883229,380695.4704883229
449,410274.8867853957,1.5074435945312885,0.0,410274.8867853957,410274.8867853957
450,420188.7735564188,1.834056373346401,0.0,420188.7735564188,420188.7735564188
451,479865.2026449561,2.2234793019336507,0.0,479865.2026449561,479865.2026449561
452,406677.32610177546,2.5375300507943357,1741.3943568571758,404935.9317449183,404935.9317449183
453,432719.4921256875,2.826456739746166,15147.5927242221,417571.8994014654,417571.8994014654
454,382585.5963067885,3.1781935784701334,38881.03490537174,343704.5614014168,343704.5614014168
455,337716.0073941346,3.5801785370118107,76628.99595258894,261087.01144154565,261087.01144154565
456,293402.36925862666,3.843981166054786,107652.18512804282,185750.18413058383,185750.18413058383
457,280346.68609705934,4.01984958541677,128969.49797834878,151377.18811871056,151377.18811871056
458,309082.9727670927,4.107783795097761,142124.4557466251,166958.51702046758,166958.51702046758
459,310944.85513247905,4.057535675280052,134607.33702189577,176337.51811058327,176337.51811058327
460,330976.17252539285,4.082659735188907,138365.89638426044,192610.2761411324,192610.2761411324
461,325387.0236179657,4.158031914915471,149641.57447135443,175745.44914661127,175745.44914661127
462,330860.8019520564,4.158031914915471,149641.57447135443,181219.227480702,181219.227480702
463,363962.21219555184,4.032411615371197,130848.77765953113,233113.4345360207,233113.4345360207
464,384229.0672103294,4.120345825052189,144003.73542780743,240225.33178252197,240225.33178252197
465,390925.3221124645,3.4043101176498265,58779.29035318473,332146.0317592798,332146.0317592798
466,397453.8806827781,2.3867856913412067,0.0,397453.8806827781,397453.8806827781
467,431557.219552619,1.4948815645768612,0.0,431557.219552619,431557.219552619
468,392475.7455783653,0.3768608986328221,0.0,392475.7455783653,392475.7455783653
469,382250.1375138318,1.2938890853060228,0.0,382250.1375138318,382250.1375138318
470,364652.1442845812,2.562654110703191,2907.1507366280543,361744.99354795314,361744.99354795314
471,387926.1282938135,3.5801785370118107,76628.99595258894,311297.1323412246,311297.1323412246
472,396026.47635696206,4.233404094642036,160917.25255844856,235109.2237985135,235109.2237985135
473,363370.9916339709,4.070097705234479,136486.61670307812,226884.37493089275,226884.37493089275
474,460620.26907399256,4.572578903411576,214038.39198227142,246581.87709172114,246581.87709172114
475,437189.8507603375,4.6353890531837125,225494.96330070918,211694.8874596283,211694.8874596283
476,466532.1521498004,4.622827023229285,223203.64903702162,243328.50311277877,243328.50311277877
477,419020.2521946058,4.572578903411576,214038.39198227142,204981.8602123344,204981.8602123344
478,378340.66234362347,4.4092725140040185,187227.1680950012,191113.49424862227,191113.49424862227
479,320192.550233844,4.3087762743686,172192.93064554254,147999.6195883015,147999.6195883015
480,300892.20759758,4.296214244414172,170313.6509643602,130578.55663321979,130578.55663321979
481,285361.5374027504,4.333900334277455,175951.49000790733,109410.04739484307,109410.04739484307
482,300094.6805978114,4.396710484049592,185347.888413819,114746.79218399242,114746.79218399242
483,302808.14943867817,4.472082663776156,196623.56650091297,106184.5829377652,106184.5829377652
484,341401.0713358342,4.35902439418631,179710.04937027197,161691.02196556225,161691.02196556225
485,294125.26002242696,3.881667255918068,112084.06929596479,182041.19072646217,182041.19072646217
486,357845.809424203,3.2786898181055526,47724.703993288625,310121.1054309144,310121.1054309144
487,460078.1027139106,2.7636465899740292,12233.201774794956,447844.9009391156,447844.9009391156
488,395225.5469997338,2.7636465899740292,12233.201774794956,382992.3452249388,382992.3452249388
489,376939.8363335453,2.349099601477925,0.0,376939.8363335453,376939.8363335453
490,368886.9977912198,1.859180433255256,0.0,368886.9977912198,368886.9977912198
491,402380.91872539726,1.5074435945312885,0.0,402380.91872539726,402380.91872539726
492,410506.2041368803,0.9044661567187732,0.0,410506.2041368803,410506.2041368803
493,348605.197919144,0.6155394677669428,0.0,348605.197919144,348605.197919144
494,382142.7023873288,1.055210516171902,0.0,382142.7023873288,382142.7023873288
495,345893.6190595331,1.6958740438476998,0.0,345893.6190595331,345893.6190595331
496,405739.3861596221,2.0224868226628123,0.0,405739.3861596221,405739.3861596221
497,400188.2464863375,2.2611653917969328,0.0,400188.2464863375,400188.2464863375
498,412479.59875656577,2.3867856913412067,0.0,412479.59875656577,412479.59875656577
499,492650.7813069858,1.6707499839388449,0.0,492650.7813069858,492650.7813069858
500,440086.7327332959,1.2562029954427405,0.0,440086.7327332959,440086.7327332959
501,439538.6806714175,1.5702537443034257,0.0,439538.6806714175,439538.6806714175
502,407522.2546942455,2.474719901022199,0.0,407522.2546942455,407522.2546942455
503,329047.43466555263,3.2912518480599804,48830.162629278275,280217.2720362744,280217.2720362744
504,293120.8618223921,3.96960146559906,122425.13235444948,170695.7294679426,170695.7294679426
505,277319.1259052561,4.64795108313814,227786.27756439673,49532.848340859346,49532.848340859346
506,269521.4317904195,5.2258044610418,342218.91213569645,0.0,0.0
507,328844.43138602347,5.627789419583478,437243.1013770386,0.0,0.0
508,339990.73926748056,5.992088288261872,534292.3199929626,0.0,0.0
509,324675.73502898944,6.2307668573959925,604522.3763032969,0.0,0.0
510,385070.1064139849,6.419197306712404,660147.0449415018,0.0,0.0
511,378225.583806265,6.82118226525408,793972.8076229972,0.0,0.0
512,440994.6092063182,7.838706691562701,1200101.9096408384,0.0,0.0
513,431371.2045720993,7.788458571744991,1177952.5384251922,0.0,0.0
514,351183.7014055092,8.102509320605677,1314253.9146543844,0.0,0.0
515,438063.6178922854,7.60002812242858,1094892.3963665182,0.0,0.0
516,446567.7259237689,7.248291283704612,952331.5501852442,0.0,0.0
517,350506.67439566524,6.9216785048895,828382.7200741648,0.0,0.0
518,330508.1787972201,6.620189785983242,725152.982720662,0.0,0.0
519,404381.5198029901,6.444321366621258,667563.6674265955,0.0,0.0
520,366766.7389595586,6.218204827441566,600814.0650607503,0.0,0.0
521,419172.3191636639,4.962001831998825,285069.13415658573,134103.18500707817,134103.18500707817
522,444472.2151647407,5.477045060130349,398094.8213729896,46377.39379175106,46377.39379175106
523,513680.7498267185,6.092584527897291,563730.9526352802,0.0,0.0
524,458869.62419018574,6.406635276757976,656438.7336989546,0.0,0.0
525,407456.1481515184,6.557379636211105,703646.7874386824,0.0,0.0
526,385651.258228897,6.507131516393396,686441.8312130987,0.0,0.0
527,350766.22558021854,6.394073246803549,652730.4224564076,0.0,0.0
528,310173.1648024079,6.368949186894695,645313.799971314,0.0,0.0
529,290754.95292393607,6.3815112168491215,649022.1112138606,0.0,0.0
530,292081.939673836,6.318701067076985,630480.5550011259,0.0,0.0
531,358654.89646245074,6.544817606256678,699345.5483822866,0.0,0.0
532,322625.1384911677,6.63275181593767,729454.2217770582,0.0,0.0
533,300816.1270847805,6.582503696119961,712249.2655514745,0.0,0.0
534,342795.1599940298,6.595065726074387,716550.5046078701,0.0,0.0
535,416962.19317718456,6.984488654661637,849888.9153561444,0.0,0.0
536,397203.88786482846,7.60002812242858,1094892.3963665182,0.0,0.0
537,411220.4612938744,8.265815710013232,1382842.5982055576,0.0,0.0
538,424881.2341333143,8.604990518782772,1520760.4274773486,0.0,0.0
539,437922.2954127229,8.014575110924683,1277321.546588367,0.0,0.0
540,412967.50622494327,7.323663463431177,981817.1468942764,0.0,0.0
541,365688.2355510145,6.519693546347824,690743.070269495,0.0,0.0
542,360722.0970086406,5.740847689173324,467361.8243957736,0.0,0.0
543,354422.3393387207,5.276052580859511,353394.0939831552,1028.2453555655084,1028.2453555655084
544,362199.80328921217,5.062498071634245,305899.57113145606,56300.23215775611,56300.23215775611
545,385801.73479417054,3.7811710162826486,100265.71151483948,285536.02327933104,285536.02327933104
546,417437.6413237373,4.183155974824326,153400.1338337192,264037.50749001803,264037.50749001803
547,469258.716279207,4.723323262864704,241534.163146522,227724.55313268496,227724.55313268496
548,438130.4708799581,5.238366490996228,345012.70759756106,93117.76328239706,93117.76328239706
549,442856.0105604981,5.678037539401187,450629.2004964761,0.0,0.0
550,380459.64780071727,5.866467988717598,500827.072194368,0.0,0.0
551,312144.1969350507,5.841343928808744,494134.02263464936,0.0,0.0
552,257304.65186485447,5.765971749082179,474054.87395549245,0.0,0.0
553,518240.3603274195,5.690599569355615,453975.7252763358,64264.63505108369,64264.63505108369
554,417971.4104652692,5.6403514495379055,440589.62615689804,0.0,0.0
555,380326.09618630033,5.740847689173324,467361.8243957736,0.0,0.0
556,367182.5189694656,5.828781898854316,490787.49785478966,0.0,0.0
557,377772.9270621644,5.866467988717598,500827.072194368,0.0,0.0
558,382752.2416252272,5.841343928808744,494134.02263464936,0.0,0.0
559,415633.8967025548,5.828781898854316,490787.49785478966,0.0,0.0
560,443820.3213468317,6.419197306712404,660147.0449415018,0.0,0.0
561,514404.0170890332,5.552417239856913,417163.9526978817,97240.06439115154,97240.06439115154
562,521925.69035705685,4.974563861953253,287360.44842027326,234565.2419367836,234565.2419367836
563,583563.9642285856,3.68067477664723,88447.35373371423,495116.6104948714,495116.6104948714
564,503703.8523977652,2.462157871067771,0.0,503703.8523977652,503703.8523977652
565,524502.9127600852,1.5576917143489981,0.0,524502.9127600852,524502.9127600852
566,1369677.867638603,0.8667800668554909,0.0,1369677.867638603,1369677.867638603
567,767151.6956502781,0.4522330783593866,0.0,767151.6956502781,767151.6956502781
568,526760.2030262743,1.1933928456706033,0.0,526760.2030262743,526760.2030262743
569,533001.8655902453,2.1606691521615136,0.0,533001.8655902453,533001.8655902453
570,523776.8696888212,3.4671202674219637,64306.583533132805,459470.2861556884,459470.2861556884
571,541959.312577344,4.3715864241407365,181589.32905145417,360369.9835258898,360369.9835258898
572,500447.53303474153,4.69819920295585,236951.53461914707,263495.99841559445,263495.99841559445
573,467075.4808697435,4.5223307835938655,204873.13492752108,262202.3459422224,262202.3459422224
574,427980.07218041946,3.9570394356446323,120947.83763180877,307032.2345486107,307032.2345486107
575,446712.55156767095,3.6178646268750927,81060.8801205109,365651.6714471601,365651.6714471601
576,463645.6852623158,3.5550544771029555,73674.40650730756,389971.27875500824,389971.27875500824
577,420965.4104734628,3.3414999678776898,53251.997173236705,367713.4133002261,367713.4133002261
578,411235.6345871762,3.5801785370118107,76628.99595258894,334606.6386345873,334606.6386345873
579,387967.9452264183,3.96960146559906,122425.13235444948,265542.81287196884,265542.81287196884
580,385366.9183084048,4.245966124596463,162796.5322396309,222570.3860687739,222570.3860687739
581,368823.3715955781,4.3715864241407365,181589.32905145417,187234.04254412392,187234.04254412392
582,360991.2445049402,4.396710484049592,185347.888413819,175643.35609112118,175643.35609112118
583,426512.886106276,4.082659735188907,138365.89638426044,288146.98972201557,288146.98972201557
584,451862.4682797862,3.856543196009213,109129.47985068346,342732.9884291027,342732.9884291027
585,514700.7163335805,3.9193533457813503,116515.9534638868,398184.7628696937,398184.7628696937
586,475590.3229939449,4.3715864241407365,181589.32905145417,294000.9939424908,294000.9939424908
587,566751.7054837765,3.4043101176498265,58779.29035318473,507972.4151305918,507972.4151305918
588,543388.7843291351,3.2912518480599804,48830.162629278275,494558.6216998568,494558.6216998568
589,480397.1539756039,3.9821634955534875,123902.42707709012,356494.7268985138,356494.7268985138
590,1399888.478223359,4.660513113092567,230077.5918280843,1169810.8863952747,1169810.8863952747
591,780233.1600354365,5.137870251360808,322662.3439026437,457570.8161327928,457570.8161327928
592,556387.3746271069,5.162994311269664,328249.9348263732,228137.43980073376,228137.43980073376
593,516421.8520718544,4.283652214459745,168434.37128317787,347987.48078867653,347987.48078867653
594,556379.3450603635,3.8942292858724956,113561.36401860548,442817.98104175803,442817.98104175803
595,537296.070286029,3.906791315826923,115038.65874124614,422257.41154478287,422257.41154478287
596,499059.329257446,3.9444774056902054,119470.54290916816,379588.7863482778,379588.7863482778
597,514115.4231457645,4.057535675280052,134607.33702189577,379508.0861238687,379508.0861238687
598,461942.2949647149,4.082659735188907,138365.89638426044,323576.39858045446,323576.39858045446
599,478474.7044611516,4.095221765143334,140245.17606544276,338229.5283957089,338229.5283957089
600,468326.64853848575,4.082659735188907,138365.89638426044,329960.7521542253,329960.7521542253
601,266594.52528108726,4.032411615371197,130848.77765953113,135745.74762155613,135745.74762155613
602,312143.2888022484,4.132907855006616,145883.01510898976,166260.27369325867,166260.27369325867
603,303500.78774568305,4.25852815455089,164675.8119208132,138824.97582486985,138824.97582486985
604,366325.1097600699,4.183155974824326,153400.1338337192,212924.97592635071,212924.97592635071
605,323482.8550092653,3.8314191361003584,106174.89040540216,217307.96460386313,217307.96460386313
606,346430.71499043825,3.379186057740972,56568.37308120552,289862.3419092327,289862.3419092327
607,423929.2653427104,2.977201099199295,22142.131002847287,401787.13433986314,401787.13433986314
608,403513.3084733093,2.7636465899740292,12233.201774794956,391280.10669851437,391280.10669851437
609,411550.9125919079,2.2737274217513606,0.0,411550.9125919079,411550.9125919079
610,395334.3026879631,2.349099601477925,0.0,395334.3026879631,395334.3026879631
611,403523.7886131464,3.253565758196698,45513.786721309414,358010.001891837,358010.001891837
612,430833.7655596817,4.233404094642036,160917.25255844856,269916.5130012331,269916.5130012331
613,339324.7498601145,4.673075143046995,232368.90609177182,106955.84376834266,106955.84376834266
614,357832.2614854134,4.811257472545696,257573.36299233497,100258.89849307845,100258.89849307845
615,377658.09632914833,5.464483030175921,395301.0259111248,0.0,0.0
616,389960.6133292983,6.858868355117363,806876.5247921853,0.0,0.0
617,404113.4421679235,7.888954811380411,1222251.2808564852,0.0,0.0
618,429207.4089957004,8.152757440423386,1335358.1249778222,0.0,0.0
619,504392.1836803469,7.926640901243692,1238863.3092682194,0.0,0.0
620,432700.381102946,7.235729253750185,947417.2840670726,0.0,0.0
621,447706.78395010746,5.853905958763171,497480.5474145088,0.0,0.0
622,374567.1515967436,4.874067622317833,269029.9343107727,105537.21728597092,105537.21728597092
623,331499.7491045741,4.874067622317833,269029.9343107727,62469.8147938014,62469.8147938014
624,301510.2648936583,4.836381532454551,262155.9915197101,39354.27337394818,39354.27337394818
625,297526.76059998275,5.137870251360808,322662.3439026437,0.0,0.0
626,288948.23523073405,5.112746191451954,317074.75297891465,0.0,0.0
627,310125.8206268862,4.874067622317833,269029.9343107727,41095.88631611352,41095.88631611352
628,310037.91210090794,4.949439802044398,282777.81989289814,27260.092208009795,27260.092208009795
629,310897.4220862221,5.075060101588671,308693.3665933205,2204.0554929015925,2204.0554929015925
630,326661.9288301889,5.188118371178518,333837.5257501025,0.0,0.0
631,454282.2847337574,5.3011766407683645,358981.6849068843,95300.5998268731,95300.5998268731
632,421280.8083346667,6.519693546347824,690743.070269495,0.0,0.0
633,421362.053647275,7.135233014114766,908103.1551216963,0.0,0.0
634,431067.0450351391,7.675400302155145,1128116.4531899882,0.0,0.0
635,433830.3987447081,8.165319470377813,1340634.1775586817,0.0,0.0
636,468367.2830387668,8.542180369010635,1497093.5630432074,0.0,0.0
637,365960.6036978168,8.818545028008037,1601227.7665534285,0.0,0.0
638,382948.3732811985,8.868793147825748,1620161.2581007418,0.0,0.0
639,389957.1015855281,8.66780066855491,1544427.2919114903,0.0,0.0
640,371137.2073724624,8.391436009557506,1435603.1240141524,0.0,0.0
641,372687.16408447566,7.223167223795758,942503.0179489006,0.0,0.0
642,390325.6597417533,6.331263097031412,634188.8662436728,0.0,0.0
643,483253.98273324943,6.05489843803401,552606.0189076397,0.0,0.0
644,471167.8567045705,5.753409719127752,470708.349175633,459.50752893753815,459.50752893753815
645,456078.6023822732,6.24332888735042,608230.6875458439,0.0,0.0
646,393214.2206906424,8.27837773996766,1388118.650786417,0.0,0.0
647,305949.9459973527,9.760697274590093,1881021.862967197,0.0,0.0
648,287791.2348830289,9.597390885182538,1844049.2964053266,0.0,0.0
649,290999.2529738946,8.655238638600482,1539693.9190246614,0.0,0.0
650,299916.47804290574,7.788458571744991,1177952.5384251922,0.0,0.0
651,329569.17878551065,6.883992415026219,815479.0029049774,0.0,0.0
652,323220.51126714394,6.105146557851719,567439.2638778274,0.0,0.0
653,326310.28521471174,5.439358970267066,389713.4349873955,0.0,0.0
654,351900.89824058063,4.69819920295585,236951.53461914707,114949.36362143356,114949.36362143356
655,367135.088224681,3.856543196009213,109129.47985068346,258005.6083739975,258005.6083739975
656,438488.1727320829,3.379186057740972,56568.37308120552,381919.79965087736,381919.79965087736
657,388468.9982562644,2.6129022305209,5238.663496169769,383230.33476009464,383230.33476009464
658,424264.13391517184,2.411909751250062,0.0,424264.13391517184,424264.13391517184
659,416651.95713640034,2.876704859563876,17479.105483763837,399172.8516526365,399172.8516526365
660,410669.3055494117,3.994725525507915,125379.72179973079,285289.5837496809,285289.5837496809
661,373555.8952219415,5.112746191451954,317074.75297891465,56481.14224302687,56481.14224302687
662,342586.6085060078,6.042336408079581,548897.7076650924,0.0,0.0
663,404764.2584644219,6.607627756028815,720851.7436642661,0.0,0.0
664,377428.8448204911,6.833744295208509,798274.0466793934,0.0,0.0
665,387770.1027679925,6.218204827441566,600814.0650607503,0.0,0.0
666,417136.3706850655,5.652913479492332,443936.1509367572,0.0,0.0
667,471275.89562057,5.652913479492332,443936.1509367572,27339.74468381278,27339.74468381278
668,461733.27711722505,5.552417239856913,417163.9526978817,44569.32441934338,44569.32441934338
669,414244.3483223135,5.363986790540501,372950.6622162074,41293.68610610609,41293.68610610609
670,402892.0500455992,5.137870251360808,322662.3439026437,80229.70614295546,80229.70614295546
671,340764.6960193683,5.489607090084776,400888.61683485424,0.0,0.0
672,293126.11197508103,5.904154078580881,510866.64653394656,0.0,0.0
673,309117.9713010138,6.080022497942863,560022.6413927332,0.0,0.0
674,286019.3712150904,6.130270617760574,574855.8863629213,0.0,0.0
675,285495.5102772571,6.017212348170727,541481.0851799984,0.0,0.0
676,311875.25187180674,5.828781898854316,490787.49785478966,0.0,0.0
677,304259.69630034297,5.552417239856913,417163.9526978817,0.0,0.0
678,329878.332499937,5.200680401132945,336631.3212119669,0.0,0.0
679,412180.63347869087,4.710761232910277,239242.84888283446,172937.7845958564,172937.7845958564
680,406354.3134434735,4.5977029633204305,218621.02050964654,187733.29293382695,187733.29293382695
681,391072.5595634323,3.3289379379232624,52146.5385372471,338926.0210261852,338926.0210261852
682,402687.1712659115,2.173231182115941,0.0,402687.1712659115,402687.1712659115
683,450739.4246270432,2.047610882571667,0.0,450739.4246270432,450739.4246270432
684,415307.60955091607,2.3742236613867793,0.0,415307.60955091607,415307.60955091607
685,378281.43258078606,2.864142829609448,16896.227293878386,361385.2052869077,361385.2052869077
686,344003.3119030899,3.2284416982878428,43302.86944933016,300700.4424537598,300700.4424537598
687,391014.5347643863,3.6178646268750927,81060.8801205109,309953.65464387543,309953.65464387543
688,357852.23204241804,4.25852815455089,164675.8119208132,193176.42012160484,193176.42012160484
689,406133.4484044241,4.25852815455089,164675.8119208132,241457.63648361093,241457.63648361093
690,419644.5266143903,5.062498071634245,305899.57113145606,113744.95548293425,113744.95548293425
691,474116.7875935787,5.162994311269664,328249.9348263732,145866.8527672055,145866.8527672055
692,395608.1174778726,4.761009352727987,248408.10593758483,147200.01154028776,147200.01154028776
693,399719.9536906215,4.296214244414172,170313.6509643602,229406.3027262613,229406.3027262613
694,425572.8210683076,4.070097705234479,136486.61670307812,289086.20436522947,289086.20436522947
695,314997.9139063558,3.7560469563737944,97311.12206955822,217686.79183679758,217686.79183679758
696,312063.03544190084,2.7762086199284566,12816.079964680386,299246.9554772205,299246.9554772205
697,292396.44854970893,1.3943853249414422,0.0,292396.44854970893,292396.44854970893
698,302281.22023250407,0.9672763064909102,0.0,302281.22023250407,302281.22023250407
699,314717.6722831344,2.0350488526172397,0.0,314717.6722831344,314717.6722831344
700,302086.5669720977,2.8390187697005933,15730.47091410753,286356.09605799016,286356.09605799016
701,309504.7241837629,3.9570394356446323,120947.83763180877,188556.88655195414,188556.88655195414
702,375481.5461645367,4.64795108313814,227786.27756439673,147695.26860013994,147695.26860013994
703,409877.3197783381,5.175556341224091,331043.73028823786,78833.58949010022,78833.58949010022
704,379894.3005195453,6.4945694864389685,682396.9123967835,0.0,0.0
705,386982.4133095026,6.482007456484541,678688.6011542365,0.0,0.0
706,408289.4810870525,6.368949186894695,645313.799971314,0.0,0.0
707,447941.68225555366,5.6403514495379055,440589.62615689804,7352.056098655623,7352.056098655623
708,469657.7361251644,4.534892813548293,207164.44919120864,262493.28693395574,262493.28693395574
709,361168.91883182205,3.567616507057383,75151.70122994823,286017.2176018738,286017.2176018738
710,342060.30114835204,3.1153834286979962,33353.741725423664,308706.5594229284,308706.5594229284
711,379490.7578257867,3.0776973388347146,30037.365817454887,349453.39200833184,349453.39200833184
712,354646.4710036306,3.4545582374675363,63201.1248971432,291445.3461064874,291445.3461064874
713,442217.720083188,3.4545582374675363,63201.1248971432,379016.59518604475,379016.59518604475
714,392239.2979221484,4.132907855006616,145883.01510898976,246356.28281315867,246356.28281315867
715,456551.4514407408,4.233404094642036,160917.25255844856,295634.19888229226,295634.19888229226
716,433411.47666769545,4.283652214459745,168434.37128317787,264977.1053845176,264977.1053845176
717,439917.458380243,4.220842064687608,159037.9728772662,280879.4855029768,280879.4855029768
718,380528.8742823456,4.057535675280052,134607.33702189577,245921.5372604498,245921.5372604498
719,325620.74670136353,3.843981166054786,107652.18512804282,217968.5615733207,217968.5615733207
720,289026.4085199754,3.7686089863282213,98788.41679219883,190237.99172777653,190237.99172777653
721,419162.9591560034,3.68067477664723,88447.35373371423,330715.6054222891,330715.6054222891
722,419385.97310299287,3.96960146559906,122425.13235444948,296960.8407485434,296960.8407485434
723,407538.3565667878,4.3715864241407365,181589.32905145417,225949.02751533364,225949.02751533364
724,390981.126033033,4.673075143046995,232368.90609177182,158612.2199412612,158612.2199412612
725,375540.9396616449,4.773571382682413,250699.4202012722,124841.51946037271,124841.51946037271
726,385647.7940890442,4.823819502500124,259864.67725602255,125783.11683302166,125783.11683302166
727,387370.63559659466,4.534892813548293,207164.44919120864,180206.18640538602,180206.18640538602
728,458140.6732731333,4.572578903411576,214038.39198227142,244102.28129086187,244102.28129086187
729,527236.3136618302,3.869105225963641,110606.77457332418,416629.53908850596,416629.53908850596
730,511715.0239319166,2.977201099199295,22142.131002847287,489572.89292906935,489572.89292906935
731,617595.2808207886,3.014887189062577,24510.07263750678,593085.2081832818,593085.2081832818
732,500037.29085794336,3.7309228964649397,94356.53262427691,405680.7582336664,405680.7582336664
733,479099.5784757941,4.4092725140040185,187227.1680950012,291872.4103807929,291872.4103807929
734,1346411.446386689,5.087622131543099,311487.1620551851,1034924.284331504,1034924.284331504
735,748172.4412883327,5.5272931799480585,410470.9031381628,337701.5381501699,337701.5381501699
736,499907.44660578767,5.728285659218896,464015.2996159139,35892.146989873785,35892.146989873785
737,541400.7377111319,5.024811981770962,297518.184745862,243882.55296526995,243882.55296526995
738,591067.9821769702,4.685637173001422,234660.22035545937,356407.76182151085,356407.76182151085
739,551589.7229855609,4.547454843502721,209455.76345489634,342133.95953066455,342133.95953066455
740,474703.24800893286,4.459520633821729,194744.28681973062,279958.96118920227,279958.96118920227
741,487954.77981821256,4.497206723685011,200382.12586327762,287572.6539549349,287572.6539549349
742,466733.06278891786,4.4846446937305835,198502.84618209532,268230.21660682256,268230.21660682256
743,460816.6256799325,4.183155974824326,153400.1338337192,307416.49184621323,307416.49184621323
744,440818.0309637842,3.7560469563737944,97311.12206955822,343506.90889422596,343506.90889422596
745,502069.1071563894,3.7560469563737944,97311.12206955822,404757.98508683115,404757.98508683115
746,361093.8809491382,3.881667255918068,112084.06929596479,249009.8116531734,249009.8116531734
747,395239.0501715108,4.007287555462342,127090.21829716631,268148.8318743445,268148.8318743445
748,355914.024158887,4.220842064687608,159037.9728772662,196876.05128162078,196876.05128162078
749,352162.28333877085,4.4092725140040185,187227.1680950012,164935.11524376966,164935.11524376966
750,363672.1153077055,4.673075143046995,232368.90609177182,131303.20921593366,131303.20921593366
751,399733.21838843374,4.924315742135542,278195.1913655229,121538.02702291083,121538.02702291083
752,465294.32978075166,6.368949186894695,645313.799971314,0.0,0.0
753,525777.1472472214,7.110108954205911,898274.6228853525,0.0,0.0
754,502473.4026915416,6.745810085527516,768165.3732846216,0.0,0.0
755,646091.0546743158,5.42679694031264,386919.6395255311,259171.41514878476,259171.41514878476
756,493661.8032391867,4.396710484049592,185347.888413819,308313.91482536774,308313.91482536774
757,454955.6626403916,3.5927405669662376,78106.29067522954,376849.3719651621,376849.3719651621
758,1413348.9532500464,3.00232515910815,23404.61400151721,1389944.3392485292,1389944.3392485292
759,723419.506231101,2.361661631432352,0.0,723419.506231101,723419.506231101
760,547544.826564629,1.8968665231185382,0.0,547544.826564629,547544.826564629
761,571179.0565602485,1.35669923507816,0.0,571179.0565602485,571179.0565602485
762,531962.0235087381,0.929590216627628,0.0,531962.0235087381,531962.0235087381
763,533036.916480214,0.13818232949870146,0.0,533036.916480214,533036.916480214
764,461897.95121774543,0.6657875875846525,0.0,461897.95121774543,461897.95121774543
765,478686.17246193,1.3943853249414422,0.0,478686.17246193,478686.17246193
766,488467.9987135338,2.135545092252659,0.0,488467.9987135338,488467.9987135338
767,444884.6232515476,2.876704859563876,17479.105483763837,427405.5177677837,427405.5177677837
768,410327.5298407361,3.5550544771029555,73674.40650730756,336653.1233334286,336653.1233334286
769,323231.0485493816,4.120345825052189,144003.73542780743,179227.31312157417,179227.31312157417
770,297410.6516530975,4.547454843502721,209455.76345489634,87954.88819820114,87954.88819820114
771,318569.89904064045,4.811257472545696,257573.36299233497,60996.53604830548,60996.53604830548
772,314405.084218111,4.962001831998825,285069.13415658573,29335.950061525276,29335.950061525276
773,357469.3803612165,5.012249951816535,294724.3892839973,62744.991077219194,62744.991077219194
774,388625.6301576384,5.087622131543099,311487.1620551851,77138.46810245328,77138.46810245328
775,423867.15226609417,5.075060101588671,308693.3665933205,115173.78567277367,115173.78567277367
776,406704.5113312777,5.627789419583478,437243.1013770386,0.0,0.0
777,399873.1053496174,4.974563861953253,287360.44842027326,112512.65692934417,112512.65692934417
778,385242.3870395342,4.723323262864704,241534.163146522,143708.2238930122,143708.2238930122
779,411948.7909540425,3.9193533457813503,116515.9534638868,295432.8374901557,295432.8374901557
780,453236.7142681776,3.2284416982878428,43302.86944933016,409933.8448188474,409933.8448188474
781,408785.4363554412,2.7636465899740292,12233.201774794956,396552.23458064627,396552.23458064627
782,419095.2120454554,2.236041331888078,0.0,419095.2120454554,419095.2120454554
783,431832.8265756058,1.7838082535286914,0.0,431832.8265756058,431832.8265756058
784,422953.3110518815,1.5200056244857159,0.0,422953.3110518815,422953.3110518815
785,555978.9463496389,1.4069473548958695,0.0,555978.9463496389,555978.9463496389
786,525918.1882811353,1.859180433255256,0.0,525918.1882811353,525918.1882811353
787,525018.3137057014,1.9596766728906752,0.0,525018.3137057014,525018.3137057014
788,455377.440342015,2.148107122207086,0.0,455377.440342015,455377.440342015
789,459244.4993207644,2.3867856913412067,0.0,459244.4993207644,459244.4993207644
790,414829.7455344313,2.7887706498828844,13398.958154565835,401430.7873798655,401430.7873798655
791,346455.30791960243,3.2284416982878428,43302.86944933016,303152.4384702723,303152.4384702723
792,310519.162260096,3.7434849264193666,95833.82734691752,214685.33491317846,214685.33491317846
793,312187.3611258614,4.421834543958447,189106.44777618363,123080.91334967778,123080.91334967778
794,332588.5103914725,4.836381532454551,262155.9915197101,70432.51887176238,70432.51887176238
795,325986.12871034583,5.162994311269664,328249.9348263732,0.0,0.0
796,352593.48853066657,5.42679694031264,386919.6395255311,0.0,0.0
797,334018.6781045391,5.5272931799480585,410470.9031381628,0.0,0.0
798,387917.4771539248,5.389110850449357,378538.25313993695,9379.22401398787,9379.22401398787
799,435297.219774584,4.88662965227226,271321.2485744603,163975.97120012372,163975.97120012372
800,472919.34536927816,4.798695442591269,255282.04872864747,217637.2966406307,217637.2966406307
801,435068.516973444,3.504806357285246,67765.22761674495,367303.2893566991,367303.2893566991
802,443189.3586644457,2.1229830622982315,0.0,443189.3586644457,443189.3586644457
803,405813.5883528148,1.432071414804724,0.0,405813.5883528148,405813.5883528148
804,409021.26940008585,2.0978590023893764,0.0,409021.26940008585,409021.26940008585
805,369446.3473679712,3.203317638378988,41091.95217735095,328354.3951906203,328354.3951906203
806,411971.4126934549,4.3715864241407365,181589.32905145417,230382.0836420007,230382.0836420007
807,403613.417741384,5.32630070067722,364569.27583061374,39044.14191077027,39044.14191077027
808,434595.9828714169,5.929278138489735,517559.6960936655,0.0,0.0
809,459323.5882924391,5.992088288261872,534292.3199929626,0.0,0.0
810,541275.3288668094,5.376548820494929,375744.45767807233,165530.87118873704,165530.87118873704
811,538654.0740017314,5.389110850449357,378538.25313993695,160115.8208617944,160115.8208617944
812,444568.93739382416,5.100184161497526,314280.9575170498,130287.97987677436,130287.97987677436
813,424359.1151130146,5.024811981770962,297518.184745862,126840.93036715261,126840.93036715261
814,423143.5407549433,5.112746191451954,317074.75297891465,106068.78777602862,106068.78777602862
815,363941.6440528609,5.200680401132945,336631.3212119669,27310.32284089399,27310.32284089399
816,309275.3317241707,5.250928520950655,347806.5030594257,0.0,0.0
817,323995.936651778,5.32630070067722,364569.27583061374,0.0,0.0
818,311378.8582124127,5.32630070067722,364569.27583061374,0.0,0.0
819,350262.54749500664,5.288614610813937,356187.8894450196,0.0,0.0
820,358843.67990590323,5.276052580859511,353394.0939831552,5449.585922748025,5449.585922748025
821,355623.519348989,5.238366490996228,345012.70759756106,10610.811751427944,10610.811751427944
822,376471.3129398313,5.137870251360808,322662.3439026437,53808.96903718758,53808.96903718758
823,402218.561752694,4.848943562408978,264447.30578339763,137771.25596929638,137771.25596929638
824,465914.4789487272,5.690599569355615,453975.7252763358,11938.753672391409,11938.753672391409
825,400330.8444508487,6.29357700716813,623063.932516032,0.0,0.0
826,410286.5978563304,5.979526258307445,530945.7952131032,0.0,0.0
827,406621.2503659678,5.125308221406382,319868.54844077927,86752.70192518854,86752.70192518854
828,392556.5339668112,4.158031914915471,149641.57447135443,242914.95949545677,242914.95949545677
829,400556.7310794693,3.1781935784701334,38881.03490537174,361675.6961740976,361675.6961740976
830,433576.910434155,2.085296972434949,0.0,433576.910434155,433576.910434155
831,455193.3197159628,1.2436409654883132,0.0,455193.3197159628,455193.3197159628
832,423893.7245869492,1.0803345760807568,0.0,423893.7245869492,423893.7245869492
833,490997.0321992619,1.1557067558073213,0.0,490997.0321992619,490997.0321992619
834,525965.236258813,1.5451296843945708,0.0,525965.236258813,525965.236258813
835,526619.861969511,1.3943853249414422,0.0,526619.861969511,526619.861969511
836,453679.9744409932,0.929590216627628,0.0,453679.9744409932,453679.9744409932
837,488087.57437865896,0.8290939769922088,0.0,488087.57437865896,488087.57437865896
838,388365.12255802326,1.2310789355338856,0.0,388365.12255802326,388365.12255802326
839,355948.326280211,1.8717424632096833,0.0,355948.326280211,355948.326280211
840,313203.45325593755,2.6254642604753275,5821.541686055199,307381.91156988236,307381.91156988236
841,403884.4950071301,3.3917480876953996,57673.83171719517,346210.6632899349,346210.6632899349
842,430748.3556440712,3.9444774056902054,119470.54290916816,311277.812734903,311277.812734903
843,348569.8586727988,4.459520633821729,194744.28681973062,153825.57185306816,153825.57185306816
844,322615.8771121137,4.899191682226688,273612.5628381478,49003.314273965894,49003.314273965894
845,372233.8584801418,5.351424760586074,370156.8667543428,2076.9917257989873,2076.9917257989873
846,416332.8794423378,5.715723629264469,460668.7748360544,0.0,0.0
847,417491.7886324831,6.368949186894695,645313.799971314,0.0,0.0
848,437643.0297980908,7.3487875233400315,991645.6791306202,0.0,0.0
849,389905.53218280274,7.851268721517128,1205639.2524447502,0.0,0.0
850,422985.94249491725,7.851268721517128,1205639.2524447502,0.0,0.0
851,508638.0006898295,7.084984894297056,888446.0906490085,0.0,0.0
852,433910.205131279,6.080022497942863,560022.6413927332,0.0,0.0
853,395154.0016534075,4.962001831998825,285069.13415658573,110084.8674968218,110084.8674968218
854,399572.7606283234,3.693236806601657,89924.64845635489,309648.11217196856,309648.11217196856
855,455562.9276501911,2.8390187697005933,15730.47091410753,439832.4567360836,439832.4567360836
856,1341685.1782375334,2.4998439609310537,0.0,1341685.1782375334,1341685.1782375334
857,455929.6113039428,2.0350488526172397,0.0,455929.6113039428,455929.6113039428
858,413273.4440311316,2.6505883203841822,6987.298065826056,406286.14596530556,406286.14596530556
859,431721.1273573958,3.1028213987435693,32248.283089434095,399472.8442679617,399472.8442679617
860,410181.87875298335,3.3038138780144073,49935.621265267844,360246.2574877155,360246.2574877155
861,401523.1325915534,3.1907556084245607,39986.49354136134,361536.639050192,361536.639050192
862,444749.8772759865,2.851580799655021,16313.349103992976,428436.5281719935,428436.5281719935
863,410979.5705076183,2.424471781204489,0.0,410979.5705076183,410979.5705076183
864,427607.2786079632,2.1857932120703683,0.0,427607.2786079632,427607.2786079632
865,336874.6240308951,2.424471781204489,0.0,336874.6240308951,336874.6240308951
866,329175.8137206329,3.3414999678776898,53251.997173236705,275923.81654739624,275923.81654739624
867,356650.78931968566,4.233404094642036,160917.25255844856,195733.5367612371,195733.5367612371
868,327464.4857982006,4.534892813548293,207164.44919120864,120300.03660699195,120300.03660699195
869,362840.785135069,4.321338304323027,174072.21032672486,188768.57480834413,188768.57480834413
870,360212.61065620376,4.132907855006616,145883.01510898976,214329.595547214,214329.595547214
871,442927.40637590666,3.881667255918068,112084.06929596479,330843.3370799419,330843.3370799419
872,426752.01618172886,3.906791315826923,115038.65874124614,311713.3574404827,311713.3574404827
873,412835.6186701167,4.082659735188907,138365.89638426044,274469.72228585626,274469.72228585626
874,456953.5898436194,4.120345825052189,144003.73542780743,312949.85441581195,312949.85441581195
875,464219.0346900678,4.107783795097761,142124.4557466251,322094.57894344267,322094.57894344267
876,403739.40643126034,4.170593944869898,151520.85415253678,252218.55227872357,252218.55227872357
877,336298.5053330023,4.396710484049592,185347.888413819,150950.61691918332,150950.61691918332
878,410469.2900469667,4.874067622317833,269029.9343107727,141439.355736194,141439.355736194
879,454714.6557382991,5.363986790540501,372950.6622162074,81763.99352209165,81763.99352209165
880,413324.5033908192,5.703161599310042,457322.25005619525,0.0,0.0
881,527882.0706190104,5.5272931799480585,410470.9031381628,117411.16748084757,117411.16748084757
882,532643.8740300968,5.4519210002214935,392507.23044926015,140136.64358083665,140136.64358083665
883,543495.5746315764,5.4519210002214935,392507.23044926015,150988.34418231627,150988.34418231627
884,458015.3455871037,5.2258044610418,342218.91213569645,115796.43345140724,115796.43345140724
885,471372.3960759125,4.999687921862107,291943.07694764837,179429.31912826415,179429.31912826415
886,429454.8998418216,4.811257472545696,257573.36299233497,171881.5368494866,171881.5368494866
887,348484.6771935672,4.660513113092567,230077.5918280843,118407.08536548293,118407.08536548293
888,332465.51806110435,4.283652214459745,168434.37128317787,164031.14677792648,164031.14677792648
889,469678.2552087025,3.379186057740972,56568.37308120552,413109.882127497,413109.882127497
890,411447.5605355795,1.9094285530729656,0.0,411447.5605355795,411447.5605355795
891,411664.2743466572,0.38942292858724953,0.0,411664.2743466572,411664.2743466572
892,400975.58526451327,1.9596766728906752,0.0,400975.58526451327,400975.58526451327
893,320016.5908835331,3.5801785370118107,76628.99595258894,243387.59493094418,243387.59493094418
894,410927.704338348,4.723323262864704,241534.163146522,169393.541191826,169393.541191826
895,392583.9461774424,5.853905958763171,497480.5474145088,0.0,0.0
896,492858.236710075,7.160357074023621,917931.6873580407,0.0,0.0
897,482671.1974202051,6.997050684616065,854190.1544125406,0.0,0.0
898,495877.429682919,6.569941666165533,707948.0264950787,0.0,0.0
899,591747.7416300307,5.690599569355615,453975.7252763358,137772.0163536949,137772.0163536949
900,492085.27342496376,4.69819920295585,236951.53461914707,255133.73880581668,255133.73880581668
901,469140.844246935,3.63042665682952,82538.17484315156,386602.6694037834,386602.6694037834
902,1313248.900346274,2.7887706498828844,13398.958154565835,1299849.9421917081,1299849.9421917081
903,798092.2267291427,2.173231182115941,0.0,798092.2267291427,798092.2267291427
904,486008.4631980888,1.6456259240299902,0.0,486008.4631980888,486008.4631980888
905,529438.8021809693,1.2310789355338856,0.0,529438.8021809693,529438.8021809693
906,557468.572167811,1.118020665944039,0.0,557468.572167811,557468.572167811
907,523766.29479809146,0.527605258085951,0.0,523766.29479809146,523766.29479809146
908,466036.1606488054,0.3768608986328221,0.0,466036.1606488054,466036.1606488054
909,494282.4209530556,1.118020665944039,0.0,494282.4209530556,494282.4209530556
910,410011.3475924336,1.7461221636654092,0.0,410011.3475924336,410011.3475924336
911,496116.1792718373,2.361661631432352,0.0,496116.1792718373,496116.1792718373
912,432888.1840897901,3.027449219017005,25615.53127349642,407272.6528162937,407272.6528162937
913,446198.4883626408,3.68067477664723,88447.35373371423,357751.1346289265,357751.1346289265
914,401613.8396287007,4.3087762743686,172192.93064554254,229420.90898315815,229420.90898315815
915,376934.6138120618,4.748447322773559,246116.7916738971,130817.82213816469,130817.82213816469
916,372551.3850379875,4.962001831998825,285069.13415658573,87482.25088140176,87482.25088140176
917,384732.0372875007,5.024811981770962,297518.184745862,87213.85254163871,87213.85254163871
918,389397.9530516146,5.037374011725389,300311.9802077266,89085.97284388798,89085.97284388798
919,417590.2179848703,4.811257472545696,257573.36299233497,160016.85499253534,160016.85499253534
920,484974.3788084343,5.087622131543099,311487.1620551851,173487.21675324917,173487.21675324917
921,512352.807874898,4.132907855006616,145883.01510898976,366469.7927659083,366469.7927659083
922,566485.3193875457,3.2786898181055526,47724.703993288625,518760.61539425707,518760.61539425707
923,632816.3828711744,2.3365375715234973,0.0,632816.3828711744,632816.3828711744
924,561105.1572953747,1.5702537443034257,0.0,561105.1572953747,561105.1572953747
925,543296.5019015162,0.7914078871289265,0.0,543296.5019015162,543296.5019015162
926,1388377.642071613,0.1758684193619837,0.0,1388377.642071613,1388377.642071613
927,722921.0274576115,0.9547142765364828,0.0,722921.0274576115,722921.0274576115
928,451814.12682761205,1.607939834166708,0.0,451814.12682761205,451814.12682761205
929,524478.7513325283,2.5249680208399083,1158.5161669717472,523320.23516555654,523320.23516555654
930,565198.463090322,3.529930417194101,70719.81706202627,494478.64602829574,494478.64602829574
931,516133.5750934298,3.843981166054786,107652.18512804282,408481.389965387,408481.389965387
932,453617.9454852857,4.01984958541677,128969.49797834878,324648.44750693697,324648.44750693697
933,496743.6511566225,4.132907855006616,145883.01510898976,350860.6360476328,350860.6360476328
934,444629.518053434,4.3087762743686,172192.93064554254,272436.5874078914,272436.5874078914
935,420624.8671499283,4.622827023229285,223203.64903702162,197421.21811290667,197421.21811290667
936,450830.5025979949,4.911753712181116,275903.8771018355,174926.62549615942,174926.62549615942
937,325649.48539042467,5.100184161497526,314280.9575170498,11368.527873374871,11368.527873374871
938,304671.1041889513,5.075060101588671,308693.3665933205,0.0,0.0
939,349909.2785850562,4.773571382682413,250699.4202012722,99209.85838378398,99209.85838378398
940,317976.24571139406,4.384148454095165,183468.60873263664,134507.63697875742,134507.63697875742
941,323767.76957386464,3.994725525507915,125379.72179973079,198388.04777413385,198388.04777413385
942,375203.386191858,3.7434849264193666,95833.82734691752,279369.55884494045,279369.55884494045
943,459675.5896693626,3.504806357285246,67765.22761674495,391910.36205261765,391910.36205261765
944,446385.00793430913,4.01984958541677,128969.49797834878,317415.5099559603,317415.5099559603
945,434045.9592068901,3.693236806601657,89924.64845635489,344121.3107505352,344121.3107505352
946,437437.6090891604,3.4294341775586816,60990.20762516399,376447.4014639964,376447.4014639964
947,425459.1601668619,3.0902593687891415,31142.824453444453,394316.33571341744,394316.33571341744
948,402108.4466025338,2.562654110703191,2907.1507366280543,399201.29586590576,399201.29586590576
949,369645.8989500761,1.8089323134375463,0.0,369645.8989500761,369645.8989500761
950,396119.6389737615,0.9044661567187732,0.0,396119.6389737615,396119.6389737615
951,433571.620843789,0.3266127788151125,0.0,433571.620843789,433571.620843789
952,424107.92516869167,0.7537217972656443,0.0,424107.92516869167,424107.92516869167
953,511624.5510114888,1.5200056244857159,0.0,511624.5510114888,511624.5510114888
954,556834.403450548,2.32397554156907,0.0,556834.403450548,556834.403450548
955,523859.3459338233,2.2486033618425054,0.0,523859.3459338233,523859.3459338233
956,472840.7143139253,1.771246223574264,0.0,472840.7143139253,472840.7143139253
957,505265.07526027126,1.7209981037565547,0.0,505265.07526027126,505265.07526027126
958,411928.9964996211,2.5249680208399083,1158.5161669717472,410770.4803326493,410770.4803326493
959,354675.32026182953,3.517368387239673,69242.52233938556,285432.79792244395,285432.79792244395
960,325362.60458813055,4.296214244414172,170313.6509643602,155048.95362377036,155048.95362377036
961,300735.3437254594,4.773571382682413,250699.4202012722,50035.92352418721,50035.92352418721
962,323406.1136442363,5.112746191451954,317074.75297891465,6331.360665321641,6331.360665321641
963,334205.1258027918,5.313738670722793,361775.48036874906,0.0,0.0
964,355561.44485245383,5.263490550905083,350600.29852129053,4961.146331163298,4961.146331163298
965,338263.08834699227,4.98712589190768,289651.76268396084,48611.32566303143,48611.32566303143
966,412487.3143779652,4.723323262864704,241534.163146522,170953.15123144316,170953.15123144316
967,471002.33897789207,4.472082663776156,196623.56650091297,274378.77247697907,274378.77247697907
968,451191.4729600449,5.276052580859511,353394.0939831552,97797.37897688971,97797.37897688971
969,403294.6418452527,5.037374011725389,300311.9802077266,102982.66163752612,102982.66163752612
970,425123.4530364865,5.049936041679817,303105.77566959127,122017.67736689525,122017.67736689525
971,426852.02530291583,4.673075143046995,232368.90609177182,194483.11921114402,194483.11921114402
972,417169.0222417269,4.283652214459745,168434.37128317787,248734.65095854906,248734.65095854906
973,384817.7441222305,3.5801785370118107,76628.99595258894,308188.7481696416,308188.7481696416
974,432557.43658079376,2.7636465899740292,12233.201774794956,420324.2348059988,420324.2348059988
975,437308.8513324541,2.135545092252659,0.0,437308.8513324541,437308.8513324541
976,453522.2981180768,1.457195474713579,0.0,453522.2981180768,453522.2981180768
977,584857.7999999999,0.3140507488606851,0.0,584857.7999999999,584857.7999999999
978,544068.1086327415,0.4145469884961044,0.0,544068.1086327415,544068.1086327415
979,489192.85429983085,0.7411597673112169,0.0,489192.85429983085,489192.85429983085
980,454165.69593746925,1.3943853249414422,0.0,454165.69593746925,454165.69593746925
981,469786.3350317809,2.110421032343804,0.0,469786.3350317809,469786.3350317809
982,407389.7797447351,2.675712380293037,8153.054445596913,399236.72529913817,399236.72529913817
983,360596.45327480417,3.0776973388347146,30037.365817454887,330559.0874573493,330559.0874573493
984,322483.3137516389,3.479682297376391,65412.04216912242,257071.2715825165,257071.2715825165
985,314146.1434569341,3.881667255918068,112084.06929596479,202062.0741609693,202062.0741609693
986,320023.82201238646,4.333900334277455,175951.49000790733,144072.33200447913,144072.33200447913
987,311330.6333037311,4.748447322773559,246116.7916738971,65213.841629834,65213.841629834
988,342790.80975166074,4.974563861953253,287360.44842027326,55430.36133138748,55430.36133138748
989,361211.7167617773,5.037374011725389,300311.9802077266,60899.7365540507,60899.7365540507
990,351801.69582823454,5.049936041679817,303105.77566959127,48695.920158643275,48695.920158643275
991,411499.7116025601,4.936877772089971,280486.5056292106,131013.20597334951,131013.20597334951
992,434207.12268734793,5.61522738962905,433896.5765971789,310.54609016905306,310.54609016905306
993,420949.05314294616,4.88662965227226,271321.2485744603,149627.80456848588,149627.80456848588
994,470063.1865868871,4.673075143046995,232368.90609177182,237694.2804951153,237694.2804951153
995,445265.1149070742,4.4469586038673015,192865.00713854833,252400.10776852586,252400.10776852586
996,421719.9392904253,4.25852815455089,164675.8119208132,257044.12736961208,257044.12736961208
997,360578.0220710747,4.107783795097761,142124.4557466251,218453.56632444958,218453.56632444958
998,409676.093992297,3.856543196009213,109129.47985068346,300546.61414161354,300546.61414161354
999,420196.4266281805,3.5927405669662376,78106.29067522954,342090.1359529509,342090.1359529509
1000,432596.1076151829,3.203317638378988,41091.95217735095,391504.15543783194,391504.15543783194
1001,493717.5534742702,1.8089323134375463,0.0,493717.5534742702,493717.5534742702
1002,510781.2218220463,0.8793420968099183,0.0,510781.2218220463,510781.2218220463
1003,558279.554834367,0.8919041267643457,0.0,558279.554834367,558279.554834367
1004,461118.7796464368,1.8717424632096833,0.0,461118.7796464368,461118.7796464368
1005,453273.585848294,2.7887706498828844,13398.958154565835,439874.6276937282,439874.6276937282
1006,387077.6562556776,3.542492447148528,72197.11178466692,314880.5444710107,314880.5444710107
1007,349371.85356992675,4.183155974824326,153400.1338337192,195971.71973620754,195971.71973620754
1008,304066.8371843174,4.710761232910277,239242.84888283446,64823.988301482954,64823.988301482954
1009,314720.5747344469,4.98712589190768,289651.76268396084,25068.81205048604,25068.81205048604
1010,320157.12435584096,4.98712589190768,289651.76268396084,30505.36167188012,30505.36167188012
1011,359130.79185845394,4.98712589190768,289651.76268396084,69479.0291744931,69479.0291744931
1012,366117.3897030064,5.012249951816535,294724.3892839973,71393.00041900913,71393.00041900913
1013,364029.886780669,5.037374011725389,300311.9802077266,63717.90657294239,63717.90657294239
1014,369423.2489732282,5.100184161497526,314280.9575170498,55142.29145617841,55142.29145617841
1015,389719.82973889454,5.137870251360808,322662.3439026437,67057.48583625082,67057.48583625082
1016,473006.265859985,6.406635276757976,656438.7336989546,0.0,0.0
1017,409125.67580901727,5.9418401684441635,520906.2208735252,0.0,0.0
1018,381497.1289486668,5.5649792698113405,420510.47747774114,0.0,0.0
1019,409970.9977028247,4.7861334126368416,252990.7344649599,156980.2632378648,156980.2632378648
1020,417021.50837440544,4.346462364231882,177830.76968908953,239190.7386853159,239190.7386853159
1021,372176.2491540406,4.057535675280052,134607.33702189577,237568.91213214482,237568.91213214482
1022,412106.0545940112,3.7434849264193666,95833.82734691752,316272.2272470937,316272.2272470937
1023,420101.1084398355,3.3289379379232624,52146.5385372471,367954.5699025884,367954.5699025884
1024,423975.3711641473,2.6882744102474647,8735.932635482362,415239.43852866493,415239.43852866493
1025,537798.5303084101,1.5325676544401434,0.0,537798.5303084101,537798.5303084101
1026,509962.2457365384,0.8667800668554909,0.0,509962.2457365384,509962.2457365384
1027,530350.5662178498,0.7914078871289265,0.0,530350.5662178498,530350.5662178498
1028,426552.9895133778,1.331575175169305,0.0,426552.9895133778,426552.9895133778
1029,476056.48641698895,1.8089323134375463,0.0,476056.48641698895,476056.48641698895
1030,412991.41010162985,2.148107122207086,0.0,412991.41010162985,412991.41010162985
1031,345684.7099696107,2.361661631432352,0.0,345684.7099696107,345684.7099696107
1032,311519.5720305284,2.3993477212956345,0.0,311519.5720305284,311519.5720305284
1033,315676.52970936045,2.286289451705788,0.0,315676.52970936045,315676.52970936045
1034,312360.3853704027,2.3742236613867793,0.0,312360.3853704027,312360.3853704027
1035,354379.6186535004,2.675712380293037,8153.054445596913,346226.56420790346,346226.56420790346
1036,344144.993134567,2.889266889518303,18061.983673649265,326083.00946091773,326083.00946091773
1037,369063.4792365314,3.027449219017005,25615.53127349642,343447.947963035,343447.947963035
1038,391294.55886304006,2.9395150093360125,20393.49643319098,370901.06242984906,370901.06242984906
1039,435460.7707927977,2.5752161406576177,3490.0289265134625,431970.7418662842,431970.7418662842
1040,415617.10209367215,2.286289451705788,0.0,415617.10209367215,415617.10209367215
1041,395574.05788204726,1.5074435945312885,0.0,395574.05788204726,395574.05788204726
1042,442133.5421616354,1.9345526129818205,0.0,442133.5421616354,442133.5421616354
1043,455079.5799239706,2.7510845600196014,11650.323584909505,443429.25633906113,443429.25633906113
1044,407398.2090538325,3.5801785370118107,76628.99595258894,330769.2131012436,330769.2131012436
1045,370816.6407615715,4.4469586038673015,192865.00713854833,177951.6336230232,177951.6336230232
1046,428081.27499709954,5.087622131543099,311487.1620551851,116594.11294191441,116594.11294191441
1047,464825.7070072538,5.363986790540501,372950.6622162074,91875.04479104636,91875.04479104636
1048,411543.0614089349,5.4142349103582115,384125.84406366624,27417.21734526864,27417.21734526864
1049,502152.9976854684,5.175556341224091,331043.73028823786,171109.26739723055,171109.26739723055
1050,533133.5981223276,4.195718004778753,155279.41351490142,377854.18460742617,377854.18460742617
1051,525100.5922451762,4.233404094642036,160917.25255844856,364183.3396867276,364183.3396867276
1052,426387.2014650146,4.3715864241407365,181589.32905145417,244797.87241356043,244797.87241356043
1053,461037.55812948727,4.710761232910277,239242.84888283446,221794.7092466528,221794.7092466528
1054,361724.4508996608,5.087622131543099,311487.1620551851,50237.2888444757,50237.2888444757
1055,351850.7523462136,5.200680401132945,336631.3212119669,15219.431134246697,15219.431134246697
1056,328459.04791231104,4.836381532454551,262155.9915197101,66303.05639260093,66303.05639260093
1057,471691.02019473695,4.333900334277455,175951.49000790733,295739.5301868296,295739.5301868296
1058,402252.52641570894,3.8314191361003584,106174.89040540216,296077.6360103068,296077.6360103068
1059,401949.52191868896,3.6178646268750927,81060.8801205109,320888.6417981781,320888.6417981781
1060,380166.0238890631,3.9319153757357777,117993.24818652745,262172.77570253564,262172.77570253564
1061,375409.374040695,4.35902439418631,179710.04937027197,195699.32467042306,195699.32467042306
1062,383540.75919441215,4.735885292819131,243825.47741020954,139715.2817842026,139715.2817842026
1063,398738.3453787936,5.276052580859511,353394.0939831552,45344.25139563839,45344.25139563839
1064,469380.062759324,5.715723629264469,460668.7748360544,8711.287923269556,8711.287923269556
1065,500590.32184230105,5.376548820494929,375744.45767807233,124845.86416422873,124845.86416422873
1066,463663.3634655661,3.8062950761915033,103220.30096012079,360443.06250544527,360443.06250544527
1067,645715.4765695732,2.1857932120703683,0.0,645715.4765695732,645715.4765695732
1068,524757.5501100731,1.6330638940755626,0.0,524757.5501100731,524757.5501100731
1069,478924.553472532,2.424471781204489,0.0,478924.553472532,478924.553472532
1070,1274476.370991903,3.2912518480599804,48830.162629278275,1225646.2083626245,1225646.2083626245
1071,741576.8576632843,3.96960146559906,122425.13235444948,619151.7253088348,619151.7253088348
1072,502981.7465129339,4.4846446937305835,198502.84618209532,304478.90033083863,304478.90033083863
1073,581626.5887589927,4.534892813548293,207164.44919120864,374462.1395677841,374462.1395677841
1074,575418.0563608555,4.283652214459745,168434.37128317787,406983.6850776776,406983.6850776776
1075,488040.47589548334,4.132907855006616,145883.01510898976,342157.4607864936,342157.4607864936
1076,470307.67288203846,3.6178646268750927,81060.8801205109,389246.7927615276,389246.7927615276
1077,467365.1060912776,3.316375907968835,51041.079901257486,416324.02619002014,416324.02619002014
1078,408028.6863525674,3.215879668333416,42197.4108133406,365831.27553922683,365831.27553922683
1079,455044.3987731692,3.354061997832117,54357.45580922631,400686.9429639429,400686.9429639429
1080,484622.1953745628,3.517368387239673,69242.52233938556,415379.6730351773,415379.6730351773
1081,414456.4716639167,3.6178646268750927,81060.8801205109,333395.5915434058,333395.5915434058
1082,449131.0603292751,3.7057988365560846,91401.94317899554,357729.1171502796,357729.1171502796
1083,427338.7640192074,3.7434849264193666,95833.82734691752,331504.93667228986,331504.93667228986
1084,361667.55485957663,3.63042665682952,82538.17484315156,279129.38001642504,279129.38001642504
1085,384696.4815543207,3.366624027786545,55462.91444521596,329233.56710910477,329233.56710910477
1086,362112.6182783559,3.0400112489714317,26720.98990948599,335391.62836886995,335391.62836886995
1087,391053.5872475966,2.6003402005664724,4655.78530628432,386397.80194131227,386397.80194131227
1088,452439.044246066,2.424471781204489,0.0,452439.044246066,452439.044246066
1089,503623.44343233336,1.5451296843945708,0.0,503623.44343233336,503623.44343233336
1090,506475.25356970576,1.8466184033008286,0.0,506475.25356970576,506475.25356970576
1091,590489.3220478864,2.411909751250062,0.0,590489.3220478864,590489.3220478864
1092,538583.693553043,3.027449219017005,25615.53127349642,512968.16227954655,512968.16227954655
1093,505049.2159873748,3.4168721476042543,59884.74898917438,445164.4669982004,445164.4669982004
1094,1367974.3926018255,3.6053025969206653,79583.58539787025,1288390.8072039552,1288390.8072039552
1095,774991.57945879,4.120345825052189,144003.73542780743,630987.8440309826,630987.8440309826
1096,507767.079912692,4.98712589190768,289651.76268396084,218115.31722873118,218115.31722873118
1097,473776.55740822514,5.5649792698113405,420510.47747774114,53266.079930484004,53266.079930484004
1098,515030.5793031687,5.489607090084776,400888.61683485424,114141.96246831445,114141.96246831445
1099,512604.2824561984,5.288614610813937,356187.8894450196,156416.39301117882,156416.39301117882
1100,452219.4974675129,4.710761232910277,239242.84888283446,212976.64858467845,212976.64858467845
1101,491546.7442233852,4.497206723685011,200382.12586327762,291164.61836010753,291164.61836010753
1102,446508.909786317,4.509768753639438,202581.82066383353,243927.08912248345,243927.08912248345
1103,493491.343946365,4.271090184505318,166555.09160199555,326936.2523443694,326936.2523443694
1104,455174.6926120832,3.843981166054786,107652.18512804282,347522.5074840404,347522.5074840404
1105,295182.2868395331,3.542492447148528,72197.11178466692,222985.17505486615,222985.17505486615
1106,309822.50036893,3.5550544771029555,73674.40650730756,236148.09386162244,236148.09386162244
1107,340396.0696215211,3.655550716738375,85492.76428843293,254903.30533308818,254903.30533308818
1108,324578.4651042909,3.655550716738375,85492.76428843293,239085.700815858,239085.700815858
1109,334361.0423155669,3.668112746692802,86970.05901107354,247390.98330449336,247390.98330449336
1110,398825.2793550179,3.718360866510512,92879.2379016362,305946.04145338165,305946.04145338165
1111,448677.1391380421,3.517368387239673,69242.52233938556,379434.6167986565,379434.6167986565
1112,437049.8539754872,3.6429886867839474,84015.46956579221,353034.38440969493,353034.38440969493
1113,418999.9964216485,2.462157871067771,0.0,418999.9964216485,418999.9964216485
1114,414562.3082298835,1.9596766728906752,0.0,414562.3082298835,414562.3082298835
1115,449242.13523078273,2.0727349424805217,0.0,449242.13523078273,449242.13523078273
1116,433771.17070217046,2.0601729125260944,0.0,433771.17070217046,433771.17070217046
1117,351628.4243435374,1.8717424632096833,0.0,351628.4243435374,351628.4243435374
1118,385520.3093319359,1.5325676544401434,0.0,385520.3093319359,385520.3093319359
1119,425570.2887192737,1.30645111526045,0.0,425570.2887192737,425570.2887192737
1120,401336.6744486417,1.6456259240299902,0.0,401336.6744486417,401336.6744486417
1121,496091.5263829172,3.065135308880287,28931.90718146524,467159.61920145195,467159.61920145195
1122,525881.8630878493,4.459520633821729,194744.28681973062,331137.5762681187,331137.5762681187
1123,554503.1481869469,4.610264993274858,220912.33477333406,333590.8134136128,333590.8134136128
1124,496111.8636120825,4.3087762743686,172192.93064554254,323918.93296654,323918.93296654
1125,510329.47324459534,3.9570394356446323,120947.83763180877,389381.6356127866,389381.6356127866
1126,450657.1727781832,3.906791315826923,115038.65874124614,335618.51403693703,335618.51403693703
1127,359650.97577972675,4.132907855006616,145883.01510898976,213767.960670737,213767.960670737
1128,312874.1319798032,4.233404094642036,160917.25255844856,151956.87942135465,151956.87942135465
1129,311933.5846283623,4.220842064687608,159037.9728772662,152895.61175109612,152895.61175109612
1130,318217.3587507553,4.057535675280052,134607.33702189577,183610.02172885954,183610.02172885954
1131,357482.0619452537,3.8062950761915033,103220.30096012079,254261.7609851329,254261.7609851329
1132,339474.86933773366,3.6178646268750927,81060.8801205109,258413.98921722276,258413.98921722276
1133,359796.1387524821,3.479682297376391,65412.04216912242,294384.09658335964,294384.09658335964
1134,341120.0531208931,3.354061997832117,54357.45580922631,286762.59731166676,286762.59731166676
1135,471881.9634034336,3.2661277881511253,46619.24535729902,425262.71804613457,425262.71804613457
1136,448590.2441441923,3.869105225963641,110606.77457332418,337983.4695708681,337983.4695708681
1137,383035.9155653665,3.4168721476042543,59884.74898917438,323151.16657619213,323151.16657619213
1138,441863.02448083257,2.3114135116146426,0.0,441863.02448083257,441863.02448083257
1139,397745.3849579676,1.6456259240299902,0.0,397745.3849579676,397745.3849579676
1140,440650.8198416515,1.2813270553515954,0.0,440650.8198416515,440650.8198416515
1141,379178.2373943843,1.055210516171902,0.0,379178.2373943843,379178.2373943843
1142,449528.4888597765,0.6909116474935073,0.0,449528.4888597765,449528.4888597765
1143,445639.615635926,0.6281014977213702,0.0,445639.615635926,445639.615635926
1144,436207.2179646266,0.7788458571744991,0.0,436207.2179646266,436207.2179646266
1145,501310.2494584908,0.9421522465820553,0.0,501310.2494584908,501310.2494584908
1146,502695.3196995402,1.0803345760807568,0.0,502695.3196995402,502695.3196995402
1147,560298.4868879992,1.5576917143489981,0.0,560298.4868879992,560298.4868879992
1148,489635.1915063606,2.148107122207086,0.0,489635.1915063606,489635.1915063606
1149,489570.1765475338,2.6505883203841822,6987.298065826056,482582.8784817077,482582.8784817077
1150,397300.6392801643,3.2661277881511253,46619.24535729902,350681.3939228653,350681.3939228653
1151,389112.1712015447,4.145469884961043,147762.2947901721,241349.8764113726,241349.8764113726
1152,292709.4799028286,4.924315742135542,278195.1913655229,14514.288537305663,14514.288537305663
1153,319133.2773497773,5.200680401132945,336631.3212119669,0.0,0.0
1154,339172.0735419987,4.861505592363406,266738.6200470852,72433.45349491347,72433.45349491347
1155,340565.33437327767,4.4092725140040185,187227.1680950012,153338.16627827648,153338.16627827648
1156,341891.171434425,4.35902439418631,179710.04937027197,162181.12206415302,162181.12206415302
1157,347956.7130400567,4.3087762743686,172192.93064554254,175763.78239451416,175763.78239451416
1158,367474.1974477058,4.082659735188907,138365.89638426044,229108.30106344534,229108.30106344534
1159,414314.1863534663,3.718360866510512,92879.2379016362,321434.9484518301,321434.9484518301
1160,414917.5725223577,3.567616507057383,75151.70122994823,339765.8712924095,339765.8712924095
1161,406220.8335410389,2.4998439609310537,0.0,406220.8335410389,406220.8335410389
1162,453378.43360456784,1.0300864562630472,0.0,453378.43360456784,453378.43360456784
1163,441437.7894747666,0.4271090184505318,0.0,441437.7894747666,441437.7894747666
1164,423041.3382451903,1.3943853249414422,0.0,423041.3382451903,423041.3382451903
1165,359232.4595202699,2.411909751250062,0.0,359232.4595202699,359232.4595202699
1166,474349.7,3.0776973388347146,30037.365817454887,444312.33418254514,444312.33418254514
1167,432241.0181952446,3.4671202674219637,64306.583533132805,367934.4346621118,367934.4346621118
1168,411658.5992237908,4.070097705234479,136486.61670307812,275171.98252071266,275171.98252071266
1169,503600.3393491335,3.9444774056902054,119470.54290916816,384129.7964399653,384129.7964399653
1170,513773.5097988238,4.5977029633204305,218621.02050964654,295152.48928917723,295152.48928917723
1171,518920.1247689049,4.660513113092567,230077.5918280843,288842.53294082056,288842.53294082056
1172,438526.62659450114,4.4092725140040185,187227.1680950012,251299.45849949995,251299.45849949995
1173,472334.106260379,4.245966124596463,162796.5322396309,309537.57402074814,309537.57402074814
1174,445172.7962606436,4.25852815455089,164675.8119208132,280496.98433983035,280496.98433983035
1175,328221.54691754066,4.271090184505318,166555.09160199555,161666.4553155451,161666.4553155451
1176,316622.0173088609,4.245966124596463,162796.5322396309,153825.48506923,153825.48506923
1177,317260.4826320654,4.245966124596463,162796.5322396309,154463.95039243452,154463.95039243452
1178,325859.17903025134,4.195718004778753,155279.41351490142,170579.76551534992,170579.76551534992
1179,366192.7592673389,3.906791315826923,115038.65874124614,251154.10052609275,251154.10052609275
1180,346904.5889874883,3.68067477664723,88447.35373371423,258457.23525377407,258457.23525377407
1181,344211.397390273,3.68067477664723,88447.35373371423,255764.04365655876,255764.04365655876
1182,378326.4064443877,3.818857106145931,104697.59568276149,273628.8107616262,273628.8107616262
1183,450239.2157163123,3.7937330462370764,101743.0062374802,348496.2094788321,348496.2094788321
1184,444669.08335937775,4.233404094642036,160917.25255844856,283751.8308009292,283751.8308009292
1185,444856.3433497527,4.01984958541677,128969.49797834878,315886.84537140396,315886.84537140396
1186,443980.4187166324,4.044973645325625,132728.05734071345,311252.36137591896,311252.36137591896
1187,448512.6423984906,4.220842064687608,159037.9728772662,289474.66952122445,289474.66952122445
1188,460149.5413246064,3.7057988365560846,91401.94317899554,368747.5981456109,368747.5981456109
1189,373554.3203232616,3.366624027786545,55462.91444521596,318091.40587804565,318091.40587804565
1190,416089.39438664814,3.4168721476042543,59884.74898917438,356204.64539747377,356204.64539747377
1191,416836.0745976573,4.007287555462342,127090.21829716631,289745.856300491,289745.856300491
1192,427260.31230826513,5.075060101588671,308693.3665933205,118566.94571494462,118566.94571494462
1193,485976.1022891896,6.117708587806146,571147.5751203744,0.0,0.0
1194,531022.831579228,6.620189785983242,725152.982720662,0.0,0.0
1195,540487.1214580602,6.544817606256678,699345.5483822866,0.0,0.0
1196,469714.5061281088,5.740847689173324,467361.8243957736,2352.6817323352443,2352.6817323352443
1197,438214.7995421867,4.64795108313814,227786.27756439673,210428.52197779,210428.52197779
1198,417487.7355774899,4.396710484049592,185347.888413819,232139.8471636709,232139.8471636709
1199,363694.4775548988,5.062498071634245,305899.57113145606,57794.906423442764,57794.906423442764
1200,315522.7421233926,6.017212348170727,541481.0851799984,0.0,0.0
1201,304735.4705669183,6.846306325162936,802575.2857357893,0.0,0.0
1202,310519.55133473367,6.846306325162936,802575.2857357893,0.0,0.0
1203,340400.9193889738,5.665475509446759,447282.6757166167,0.0,0.0
1204,346891.29752046004,4.183155974824326,153400.1338337192,193491.16368674082,193491.16368674082
1205,343035.3130168817,3.2284416982878428,43302.86944933016,299732.44356755156,299732.44356755156
1206,382737.50358022336,2.9897631291537223,22725.009192732716,360012.4943874907,360012.4943874907
1207,430082.6132772024,2.914390949427158,19227.740053420122,410854.8732237823,410854.8732237823
1208,392934.467312941,3.994725525507915,125379.72179973079,267554.7455132102,267554.7455132102
1209,428003.5489695905,4.5977029633204305,218621.02050964654,209382.52845994398,209382.52845994398
1210,447468.47176111344,3.2284416982878428,43302.86944933016,404165.6023117833,404165.6023117833
1211,428740.4168784967,1.98480073279953,0.0,428740.4168784967,428740.4168784967
1212,445871.2043949989,0.9547142765364828,0.0,445871.2043949989,445871.2043949989
1213,360667.7264281965,0.2889266889518303,0.0,360667.7264281965,360667.7264281965
1214,432302.1982410611,0.8416560069466362,0.0,432302.1982410611,432302.1982410611
1215,452827.309780365,1.30645111526045,0.0,452827.309780365,452827.309780365
1216,422272.072348244,1.5074435945312885,0.0,422272.072348244,422272.072348244
1217,535789.6321333485,1.5953778042122804,0.0,535789.6321333485,535789.6321333485
1218,489558.0269044586,1.5200056244857159,0.0,489558.0269044586,489558.0269044586
1219,519004.7375707614,0.7034736774479348,0.0,519004.7375707614,519004.7375707614
1220,471120.224263862,0.8793420968099183,0.0,471120.224263862,471120.224263862
1221,429845.667252685,1.6581879539844175,0.0,429845.667252685,429845.667252685
1222,402193.7673437807,2.3993477212956345,0.0,402193.7673437807,402193.7673437807
1223,357355.3119685342,3.2661277881511253,46619.24535729902,310736.06661123515,310736.06661123515
1224,342213.0378585854,3.7686089863282213,98788.41679219883,243424.62106638658,243424.62106638658
1225,436338.3953631538,4.158031914915471,149641.57447135443,286696.82089179935,286696.82089179935
1226,400582.3867878128,4.547454843502721,209455.76345489634,191126.62333291647,191126.62333291647
1227,399036.3414783882,4.949439802044398,282777.81989289814,116258.52158549003,116258.52158549003
1228,337302.3388233051,5.539855209902486,413817.4279180222,0.0,0.0
1229,351748.1612175098,6.331263097031412,634188.8662436728,0.0,0.0
1230,387227.0336719914,7.323663463431177,981817.1468942764,0.0,0.0
1231,414175.8838803941,8.140195410468959,1330082.0723969627,0.0,0.0
1232,453856.46362749336,8.02713714087911,1282597.5991692266,0.0,0.0
1233,504717.70687175816,8.152757440423386,1335358.1249778222,0.0,0.0
1234,494394.7937399316,7.160357074023621,917931.6873580407,0.0,0.0
1235,605626.6788742639,5.5649792698113405,420510.47747774114,185116.20139652275,185116.20139652275
1236,481533.8407255439,3.8062950761915033,103220.30096012079,378313.5397654231,378313.5397654231
1237,519147.43273638806,2.700836440201892,9318.810825367791,509828.62191102025,509828.62191102025
1238,1285810.149734995,1.8214943433919737,0.0,1285810.149734995,1285810.149734995
1239,773732.7951585434,2.1606691521615136,0.0,773732.7951585434,773732.7951585434
1240,548281.203243616,2.474719901022199,0.0,548281.203243616,548281.203243616
1241,554759.7560624551,1.7838082535286914,0.0,554759.7560624551,554759.7560624551
1242,555692.4673287136,3.215879668333416,42197.4108133406,513495.05651537306,513495.05651537306
1243,559233.6517297991,2.8390187697005933,15730.47091410753,543503.1808156916,543503.1808156916
1244,489242.6037035146,2.8013326798373113,13981.836344451242,475260.7673590634,475260.7673590634
1245,440510.8098826895,3.6178646268750927,81060.8801205109,359449.92976217857,359449.92976217857
1246,452915.93034100975,3.2661277881511253,46619.24535729902,406296.68498371076,406296.68498371076
1247,452935.9093310785,3.203317638378988,41091.95217735095,411843.9571537276,411843.9571537276
1248,453471.2231738355,3.655550716738375,85492.76428843293,367978.45888540254,367978.45888540254
1249,453585.31255363615,4.132907855006616,145883.01510898976,307702.29744464636,307702.29744464636
1250,438888.5084861075,4.35902439418631,179710.04937027197,259178.45911583555,259178.45911583555
1251,390301.3005636777,4.4469586038673015,192865.00713854833,197436.29342512935,197436.29342512935
1252,382873.8449875137,4.64795108313814,227786.27756439673,155087.56742311694,155087.56742311694
1253,378716.436143322,4.874067622317833,269029.9343107727,109686.50183254929,109686.50183254929
1254,370274.79010036174,5.049936041679817,303105.77566959127,67169.01443077048,67169.01443077048
1255,416884.5987392137,5.338862730631647,367363.07129247836,49521.52744673536,49521.52744673536
1256,502798.1892532839,6.255890917304848,611938.9987883911,0.0,0.0
1257,512111.8111067602,6.419197306712404,660147.0449415018,0.0,0.0
1258,534530.9841335611,5.916716108535308,514213.17131380603,20317.812819755112,20317.812819755112
1259,577003.7903240537,5.112746191451954,317074.75297891465,259929.03734513908,259929.03734513908
1260,549328.8182404701,4.585140933366003,216329.70624595898,332999.11199451116,332999.11199451116
1261,472971.85148508847,4.158031914915471,149641.57447135443,323330.27701373404,323330.27701373404
1262,1330305.9995994333,3.4671202674219637,64306.583533132805,1265999.4160663004,1265999.4160663004
1263,764267.5087645714,2.7510845600196014,11650.323584909505,752617.1851796618,752617.1851796618
1264,559553.9235687512,2.2234793019336507,0.0,559553.9235687512,559553.9235687512
1265,514843.2569222109,1.1557067558073213,0.0,514843.2569222109,514843.2569222109
1266,508000.5567403139,1.4069473548958695,0.0,508000.5567403139,508000.5567403139
1267,542699.8637288949,2.9646390692448676,21559.25281296186,521140.610915933,521140.610915933
1268,494938.9801112144,2.9646390692448676,21559.25281296186,473379.7272982525,473379.7272982525
1269,454648.5251098698,3.517368387239673,69242.52233938556,385406.0027704842,385406.0027704842
1270,480378.69929776987,4.5977029633204305,218621.02050964654,261757.67878812333,261757.67878812333
1271,437798.4144945548,5.213242431087374,339425.11667383194,98373.29782072286,98373.29782072286
1272,433516.3149182896,4.761009352727987,248408.10593758483,185108.20898070477,185108.20898070477
1273,328990.2702163835,3.5927405669662376,78106.29067522954,250883.97954115397,250883.97954115397
1274,311894.85826913634,2.876704859563876,17479.105483763837,294415.7527853725,294415.7527853725
1275,359125.1980565223,3.1153834286979962,33353.741725423664,325771.4563310986,325771.4563310986
1276,313380.26768885844,3.065135308880287,28931.90718146524,284448.3605073932,284448.3605073932
1277,345013.01111674274,2.851580799655021,16313.349103992976,328699.66201274976,328699.66201274976
1278,375125.5179965651,2.6003402005664724,4655.78530628432,370469.73269028077,370469.73269028077
1279,416540.7246240036,2.3993477212956345,0.0,416540.7246240036,416540.7246240036
1280,427265.9412593657,2.7762086199284566,12816.079964680386,414449.86129468534,414449.86129468534
1281,413510.5630567418,2.474719901022199,0.0,413510.5630567418,413510.5630567418
1282,465063.9276982767,1.8089323134375463,0.0,465063.9276982767,465063.9276982767
1283,415842.9388568005,0.803969917083354,0.0,415842.9388568005,415842.9388568005
1284,412861.9667866148,0.5150432281315236,0.0,412861.9667866148,412861.9667866148
1285,369072.7141095959,1.7586841936198365,0.0,369072.7141095959,369072.7141095959
1286,404660.9967261322,2.8013326798373113,13981.836344451242,390679.16038168094,390679.16038168094
1287,418535.7918476425,3.6178646268750927,81060.8801205109,337474.9117271316,337474.9117271316
1288,406288.2365711759,4.208280034733181,157158.69319608388,249129.54337509203,249129.54337509203
1289,552915.4354708964,4.534892813548293,207164.44919120864,345750.9862796878,345750.9862796878
1290,581725.0396210091,4.4469586038673015,192865.00713854833,388860.03248246084,388860.03248246084
1291,528096.8952775332,4.396710484049592,185347.888413819,342749.0068637142,342749.0068637142
1292,467855.0535312962,4.271090184505318,166555.09160199555,301299.9619293007,301299.9619293007
1293,450288.3471903846,4.195718004778753,155279.41351490142,295008.93367548316,295008.93367548316
1294,411928.9175142792,4.183155974824326,153400.1338337192,258528.78368055998,258528.78368055998
1295,363325.39615663496,4.421834543958447,189106.44777618363,174218.94838045133,174218.94838045133
1296,281967.3786620412,4.710761232910277,239242.84888283446,42724.52977920676,42724.52977920676
1297,320043.55832013494,4.911753712181116,275903.8771018355,44139.68121829943,44139.68121829943
1298,322079.74714876484,4.949439802044398,282777.81989289814,39301.9272558667,39301.9272558667
1299,316199.62880181,4.7861334126368416,252990.7344649599,63208.89433685006,63208.89433685006
1300,331585.74710462696,4.459520633821729,194744.28681973062,136841.46028489634,136841.46028489634
1301,355393.7441002395,4.25852815455089,164675.8119208132,190717.93217942628,190717.93217942628
1302,375450.27981239295,3.9193533457813503,116515.9534638868,258934.32634850615,258934.32634850615
1303,418555.0744775313,3.4168721476042543,59884.74898917438,358670.32548835693,358670.32548835693
1304,423351.3453976812,3.1028213987435693,32248.283089434095,391103.0623082471,391103.0623082471
1305,435640.30150956975,2.2737274217513606,0.0,435640.30150956975,435640.30150956975
1306,393730.1824370339,1.5451296843945708,0.0,393730.1824370339,393730.1824370339
1307,431098.7012038076,1.7209981037565547,0.0,431098.7012038076,431098.7012038076
1308,391215.1695360802,2.5877781706120455,4072.9071163989115,387142.2624196813,387142.2624196813
1309,403193.758435712,3.529930417194101,70719.81706202627,332473.9413736857,332473.9413736857
1310,372360.5513893109,4.321338304323027,174072.21032672486,198288.34106258606,198288.34106258606
1311,405354.3476990952,4.974563861953253,287360.44842027326,117993.89927882195,117993.89927882195
1312,434494.9639379148,5.401672880403784,381332.0486018016,53162.91533611319,53162.91533611319
1313,507266.4696505202,5.7910958089910345,480747.9235152116,26518.54613530857,26518.54613530857
1314,513878.9489539902,5.678037539401187,450629.2004964761,63249.7484575141,63249.7484575141
1315,495693.0148592582,5.841343928808744,494134.02263464936,1558.992224608839,1558.992224608839
1316,472865.5162067061,4.88662965227226,271321.2485744603,201544.26763224584,201544.26763224584
1317,429472.06803983456,4.459520633821729,194744.28681973062,234727.78122010393,234727.78122010393
1318,401169.47852330765,4.472082663776156,196623.56650091297,204545.91202239468,204545.91202239468
1319,344947.43177518144,4.35902439418631,179710.04937027197,165237.38240490947,165237.38240490947
1320,340552.51663676935,3.906791315826923,115038.65874124614,225513.8578955232,225513.8578955232
1321,318265.95961255475,3.366624027786545,55462.91444521596,262803.0451673388,262803.0451673388
1322,326020.8440573723,3.2284416982878428,43302.86944933016,282717.97460804216,282717.97460804216
1323,356262.2739410466,3.379186057740972,56568.37308120552,299693.9008598411,299693.9008598411
1324,343956.2671431158,3.542492447148528,72197.11178466692,271759.15535844886,271759.15535844886
1325,337211.7700136257,3.2912518480599804,48830.162629278275,288381.6073843474,288381.6073843474
1326,380575.18647704105,3.065135308880287,28931.90718146524,351643.2792955758,351643.2792955758
1327,447649.89589917375,2.8390187697005933,15730.47091410753,431919.42498506623,431919.42498506623
1328,454794.1071394789,2.864142829609448,16896.227293878386,437897.8798456005,437897.8798456005
1329,415657.23518633744,2.675712380293037,8153.054445596913,407504.1807407405,407504.1807407405
1330,453221.9390091611,2.7385225300651745,11067.445395024099,442154.493614137,442154.493614137
1331,426109.1930701621,3.4671202674219637,64306.583533132805,361802.6095370293,361802.6095370293
1332,427132.6287394559,4.245966124596463,162796.5322396309,264336.096499825,264336.096499825
1333,361093.8582108819,5.4519210002214935,392507.23044926015,0.0,0.0
1334,393225.8620664037,6.19308076753271,593397.4425756561,0.0,0.0
1335,401190.51041244896,6.255890917304848,611938.9987883911,0.0,0.0
1336,439578.5620343662,6.029774378125154,545189.3964225454,0.0,0.0
1337,482501.1332094773,5.904154078580881,510866.64653394656,0.0,0.0
1338,518932.5731667376,4.999687921862107,291943.07694764837,226989.49621908925,226989.49621908925
1339,498714.1549265944,4.911753712181116,275903.8771018355,222810.2778247589,222810.2778247589
1340,453270.6172483265,4.35902439418631,179710.04937027197,273560.5678780545,273560.5678780545
1341,506555.63152383687,3.7811710162826486,100265.71151483948,406289.9200089974,406289.9200089974
1342,413215.2034077096,3.3414999678776898,53251.997173236705,359963.2062344729,359963.2062344729
1343,379241.1533226901,2.9018289194727305,18644.861863534694,360596.2914591554,360596.2914591554
1344,310189.991213305,2.449595841113344,0.0,310189.991213305,310189.991213305
1345,305212.1012664357,2.0224868226628123,0.0,305212.1012664357,305212.1012664357
1346,344599.5833469549,1.8089323134375463,0.0,344599.5833469549,344599.5833469549
1347,347524.1716880272,1.9596766728906752,0.0,347524.1716880272,347524.1716880272
1348,360719.9515924064,2.135545092252659,0.0,360719.9515924064,360719.9515924064
1349,329209.29212194245,2.0224868226628123,0.0,329209.29212194245,329209.29212194245
1350,359021.5124692336,1.6958740438476998,0.0,359021.5124692336,359021.5124692336
1351,369595.3,1.432071414804724,0.0,369595.3,369595.3
1352,418577.5480052893,1.5200056244857159,0.0,418577.5480052893,418577.5480052893
1353,461632.762299692,2.0350488526172397,0.0,461632.762299692,461632.762299692
1354,412683.9158919844,2.7259605001107468,10484.56720513865,402199.34868684574,402199.34868684574
1355,458027.4093137101,3.5801785370118107,76628.99595258894,381398.4133611212,381398.4133611212
1356,410384.7927588278,4.5977029633204305,218621.02050964654,191763.77224918126,191763.77224918126
1357,360388.7385205184,5.552417239856913,417163.9526978817,0.0,0.0
1358,397223.5895666061,6.017212348170727,541481.0851799984,0.0,0.0
1359,404606.3474840851,6.042336408079581,548897.7076650924,0.0,0.0
1360,411688.30241197656,5.904154078580881,510866.64653394656,0.0,0.0
1361,532754.1049068314,5.652913479492332,443936.1509367572,88817.95397007419,88817.95397007419
1362,573239.546372675,4.296214244414172,170313.6509643602,402925.89540831477,402925.89540831477
1363,482825.7599663089,4.044973645325625,132728.05734071345,350097.70262559544,350097.70262559544
1364,475468.07122463366,3.843981166054786,107652.18512804282,367815.88609659084,367815.88609659084
1365,458537.4937136201,3.7434849264193666,95833.82734691752,362703.6663667026,362703.6663667026
1366,415866.02794561954,3.655550716738375,85492.76428843293,330373.26365718665,330373.26365718665
1367,357198.87721828726,3.68067477664723,88447.35373371423,268751.523484573,268751.523484573
1368,310239.6903586677,3.655550716738375,85492.76428843293,224746.92607023477,224746.92607023477
1369,320421.08794937213,3.5550544771029555,73674.40650730756,246746.68144206458,246746.68144206458
1370,328835.0375026242,3.4043101176498265,58779.29035318473,270055.74714943947,270055.74714943947
1371,340964.5400686052,3.3289379379232624,52146.5385372471,288818.0015313581,288818.0015313581
1372,347988.60775499645,3.1405074886068514,35564.65899740291,312423.9487575935,312423.9487575935
1373,342006.01693132985,2.826456739746166,15147.5927242221,326858.42420710775,326858.42420710775
1374,402492.0966959255,2.512405990885481,575.6379770863184,401916.4587188392,401916.4587188392
1375,441160.76533683593,2.349099601477925,0.0,441160.76533683593,441160.76533683593
1376,445218.118001078,3.1781935784701334,38881.03490537174,406337.0830957063,406337.0830957063
1377,415807.3981662047,4.233404094642036,160917.25255844856,254890.14560775613,254890.14560775613
1378,381378.4410571227,5.062498071634245,305899.57113145606,75478.86992566666,75478.86992566666
1379,376750.63711316674,5.816219868899888,487440.97307493025,0.0,0.0
1380,434423.0122631489,6.657875875846525,738056.6998898502,0.0,0.0
1381,401224.8541339495,7.562342032565297,1078280.3679547831,0.0,0.0
1382,389977.648735022,8.265815710013232,1382842.5982055576,0.0,0.0
1383,405373.6737554175,8.56730442891949,1506560.308816864,0.0,0.0
1384,423732.4083013204,8.529618339056208,1492360.1901563792,0.0,0.0
1385,476652.13202234206,7.926640901243692,1238863.3092682194,0.0,0.0
1386,527322.477045879,6.63275181593767,729454.2217770582,0.0,0.0
1387,486741.8130625075,6.255890917304848,611938.9987883911,0.0,0.0
1388,470730.051994376,5.866467988717598,500827.072194368,0.0,0.0
1389,446829.72846837225,5.5649792698113405,420510.47747774114,26319.250990631117,26319.250990631117
1390,419804.5622892473,5.5649792698113405,420510.47747774114,0.0,0.0
1391,348454.75772163033,5.6026653596746225,430550.0518173195,0.0,0.0
1392,317353.81559949095,5.552417239856913,417163.9526978817,0.0,0.0
1393,460786.1470980153,5.678037539401187,450629.2004964761,10156.94660153921,10156.94660153921
1394,398180.61563665,5.828781898854316,490787.49785478966,0.0,0.0
1395,399017.40658213786,5.765971749082179,474054.87395549245,0.0,0.0
1396,368160.27306600247,5.778533779036606,477401.3987353519,0.0,0.0
1397,351590.7959983296,5.401672880403784,381332.0486018016,0.0,0.0
1398,421168.731703285,4.949439802044398,282777.81989289814,138390.91181038687,138390.91181038687
1399,411950.17365016055,4.911753712181116,275903.8771018355,136046.29654832504,136046.29654832504
1400,490532.9769353232,5.338862730631647,367363.07129247836,123169.90564284485,123169.90564284485
1401,515158.5490234509,5.250928520950655,347806.5030594257,167352.0459640252,167352.0459640252
1402,484507.6748818781,5.338862730631647,367363.07129247836,117144.60358939972,117144.60358939972
1403,595359.5276340412,5.539855209902486,413817.4279180222,181542.09971601894,181542.09971601894
1404,475544.6101232706,6.042336408079581,548897.7076650924,0.0,0.0
1405,528103.9065093931,6.745810085527516,768165.3732846216,0.0,0.0
1406,1322973.0041519352,7.223167223795758,942503.0179489006,380469.98620303464,380469.98620303464
1407,737066.6594589528,7.474407822884306,1040788.3403123403,0.0,0.0
1408,510421.1235840767,7.5749040625197255,1083817.7107586951,0.0,0.0
1409,504149.8716147648,7.449283762975451,1030959.8080759966,0.0,0.0
1410,553745.3349196509,6.4945694864389685,682396.9123967835,0.0,0.0
1411,542917.9662212393,5.765971749082179,474054.87395549245,68863.09226574685,68863.09226574685
1412,483263.0633688591,4.949439802044398,282777.81989289814,200485.24347596098,200485.24347596098
1413,508434.481440041,4.384148454095165,183468.60873263664,324965.8727074043,324965.8727074043
1414,467982.7123691405,4.082659735188907,138365.89638426044,329616.8159848801,329616.8159848801
1415,504074.5685424285,3.881667255918068,112084.06929596479,391990.4992464637,391990.4992464637
1416,461520.272556536,3.6053025969206653,79583.58539787025,381936.68715866574,381936.68715866574
1417,476620.5968115664,3.3917480876953996,57673.83171719517,418946.7650943712,418946.7650943712
1418,426058.58113238896,3.4922443273308184,66517.50080511202,359541.08032727696,359541.08032727696
1419,413585.9742585585,3.379186057740972,56568.37308120552,357017.60117735295,357017.60117735295
1420,353451.9424117717,3.1530695185612783,36670.11763339249,316781.8247783792,316781.8247783792
1421,385360.84481921047,2.9520770392904403,20976.374623076426,364384.47019613406,364384.47019613406
1422,416039.8461676189,2.7762086199284566,12816.079964680386,403223.7662029385,403223.7662029385
1423,428451.13509050274,2.6129022305209,5238.663496169769,423212.47159433295,423212.47159433295
1424,479805.1544514686,2.7636465899740292,12233.201774794956,467571.95267667365,467571.95267667365
1425,505129.8794232872,1.9094285530729656,0.0,505129.8794232872,505129.8794232872
1426,496518.8714111059,0.9170281866732005,0.0,496518.8714111059,496518.8714111059
1427,635951.0663683212,0.4899191682226688,0.0,635951.0663683212,635951.0663683212
1428,500156.4572271753,1.2436409654883132,0.0,500156.4572271753,500156.4572271753
1429,501358.1655951383,2.4872819309766263,0.0,501358.1655951383,501358.1655951383
1430,1338718.3305622295,3.68067477664723,88447.35373371423,1250270.9768285153,1250270.9768285153
1431,710122.0645753368,4.710761232910277,239242.84888283446,470879.21569250233,470879.21569250233
1432,522791.25051108544,5.464483030175921,395301.0259111248,127490.22459996067,127490.22459996067
1433,554229.9927721325,6.029774378125154,545189.3964225454,9040.596349587082,9040.596349587082
1434,571617.8762673562,5.715723629264469,460668.7748360544,110949.1014313018,110949.1014313018
1435,525295.6299924761,5.879030018672025,504173.59697422746,21122.03301824862,21122.03301824862
1436,481420.386849366,5.351424760586074,370156.8667543428,111263.52009502321,111263.52009502321
1437,441973.5485080394,4.962001831998825,285069.13415658573,156904.41435145366,156904.41435145366
1438,450580.05664532393,4.911753712181116,275903.8771018355,174676.17954348843,174676.17954348843
1439,475138.2545705005,4.899191682226688,273612.5628381478,201525.69173235272,201525.69173235272
1440,469762.4450729749,4.88662965227226,271321.2485744603,198441.19649851462,198441.19649851462
1441,360783.6660829335,4.911753712181116,275903.8771018355,84879.78898109798,84879.78898109798
1442,363791.482027113,4.949439802044398,282777.81989289814,81013.66213421483,81013.66213421483
1443,374633.2373887239,4.899191682226688,273612.5628381478,101020.67455057608,101020.67455057608
1444,362507.9799089634,4.7861334126368416,252990.7344649599,109517.24544400346,109517.24544400346
1445,378500.97872863925,4.685637173001422,234660.22035545937,143840.75837317988,143840.75837317988
1446,388147.2436110808,4.509768753639438,202581.82066383353,185565.42294724728,185565.42294724728
1447,475632.0474784337,4.296214244414172,170313.6509643602,305318.3965140735,305318.3965140735
1448,482729.9993791991,4.283652214459745,168434.37128317787,314295.62809602125,314295.62809602125
1449,480449.1645223384,3.4419962075131094,62095.66626115362,418353.4982611848,418353.4982611848
1450,484624.8969898804,2.286289451705788,0.0,484624.8969898804,484624.8969898804
1451,441289.0474333491,1.5074435945312885,0.0,441289.0474333491,441289.0474333491
1452,502554.32186421513,1.7963702834831188,0.0,502554.32186421513,502554.32186421513
1453,441064.0338138092,2.700836440201892,9318.810825367791,431745.2229884414,431745.2229884414
1454,397708.2726102081,3.881667255918068,112084.06929596479,285624.2033142433,285624.2033142433
1455,429854.1403033788,5.062498071634245,305899.57113145606,123954.56917192275,123954.56917192275
1456,427991.0403355631,6.105146557851719,567439.2638778274,0.0,0.0
1457,505150.0222997051,7.210605193841331,937588.7518307286,0.0,0.0
1458,544754.2986583959,7.285977373567895,967074.3485397605,0.0,0.0
1459,563219.9298953083,7.26085331365904,957245.8163034165,0.0,0.0
1460,471007.4388907577,6.394073246803549,652730.4224564076,0.0,0.0
1461,492752.7982724748,5.4519210002214935,392507.23044926015,100245.56782321463,100245.56782321463
1462,481965.8983200172,5.188118371178518,333837.5257501025,148128.37256991473,148128.37256991473
1463,389878.56010739465,5.1504322813152354,325456.1393645084,64422.42074288626,64422.42074288626
1464,330448.3147442819,5.100184161497526,314280.9575170498,16167.357227232074,16167.357227232074
1465,317907.3125745162,5.062498071634245,305899.57113145606,12007.741443060164,12007.741443060164
1466,348976.522679162,5.100184161497526,314280.9575170498,34695.56516211218,34695.56516211218
1467,336626.12491757306,5.112746191451954,317074.75297891465,19551.371938658413,19551.371938658413
1468,343268.6752807848,4.98712589190768,289651.76268396084,53616.91259682394,53616.91259682394
1469,333049.8742778126,4.761009352727987,248408.10593758483,84641.76834022778,84641.76834022778
1470,416198.35402138287,4.421834543958447,189106.44777618363,227091.90624519924,227091.90624519924
1471,488694.3872084954,4.208280034733181,157158.69319608388,331535.6940124115,331535.6940124115
1472,476309.4141103033,4.384148454095165,183468.60873263664,292840.8053776666,292840.8053776666
1473,506790.6428790671,4.434396573912874,190985.72745736598,315804.91542170115,315804.91542170115
1474,474715.13805230166,3.8942292858724956,113561.36401860548,361153.77403369616,361153.77403369616
1475,498080.1980295781,4.032411615371197,130848.77765953113,367231.420370047,367231.420370047
1476,498809.8019007825,4.962001831998825,285069.13415658573,213740.66774419678,213740.66774419678
1477,422069.9704217005,6.05489843803401,552606.0189076397,0.0,0.0
1478,443273.1159384349,6.9216785048895,828382.7200741648,0.0,0.0
1479,369407.516612316,7.298539403522322,971988.6146579324,0.0,0.0
1480,443820.761457605,7.298539403522322,971988.6146579324,0.0,0.0
1481,500621.412519753,7.298539403522322,971988.6146579324,0.0,0.0
1482,519111.60227799247,6.482007456484541,678688.6011542365,0.0,0.0
1483,512778.3597172997,6.067460467988437,556314.3301501865,0.0,0.0
1484,499377.6776523572,5.879030018672025,504173.59697422746,0.0,0.0
1485,479284.2537585903,5.853905958763171,497480.5474145088,0.0,0.0
1486,443003.8741422602,5.904154078580881,510866.64653394656,0.0,0.0
1487,397525.6019347725,6.017212348170727,541481.0851799984,0.0,0.0
1488,327618.85581955384,5.95440219839859,524252.7456533844,0.0,0.0
1489,298474.84632630984,5.916716108535308,514213.17131380603,0.0,0.0
1490,348527.6321455135,6.080022497942863,560022.6413927332,0.0,0.0
1491,358217.9533933631,6.268452947259275,615647.3100309381,0.0,0.0
1492,339643.659358134,6.255890917304848,611938.9987883911,0.0,0.0
1493,367963.645794792,6.218204827441566,600814.0650607503,0.0,0.0
1494,383710.5036754212,6.080022497942863,560022.6413927332,0.0,0.0
1495,516818.83705429366,6.883992415026219,815479.0029049774,0.0,0.0
1496,533170.4311069276,8.08994729065125,1308977.8620735246,0.0,0.0
1497,458376.72697776486,8.366311949648653,1425051.0188524344,0.0,0.0
1498,511502.96030319744,8.66780066855491,1544427.2919114903,0.0,0.0
1499,478011.610264642,8.994413447370022,1667494.986969024,0.0,0.0
1500,455538.8120707547,9.3963984059117,1790422.2341218863,0.0,0.0
1501,409330.6995492405,9.823507424362232,1895242.0808756093,0.0,0.0
1502,398402.711455492,9.97425178381536,1929370.6038557976,0.0,0.0
1503,411910.6907871115,9.949127723906505,1923682.5166924328,0.0,0.0
1504,422984.6052094478,9.92400366399765,1917994.429529068,0.0,0.0
1505,503069.3177587245,9.572266825273683,1838361.2092419618,0.0,0.0
1506,568361.9762706714,8.17788150033224,1345910.2301395412,0.0,0.0
1507,567336.1699788894,7.210605193841331,937588.7518307286,0.0,0.0
1508,484016.7600615049,6.657875875846525,738056.6998898502,0.0,0.0
1509,476285.9759544813,6.544817606256678,699345.5483822866,0.0,0.0
1510,429972.879059112,6.519693546347824,690743.070269495,0.0,0.0
1511,358704.3686452085,6.507131516393396,686441.8312130987,0.0,0.0
1512,334448.1674711214,6.482007456484541,678688.6011542365,0.0,0.0
1513,361121.34927343455,6.507131516393396,686441.8312130987,0.0,0.0
1514,328413.90159658244,6.431759336666832,663855.3561840488,0.0,0.0
1515,328021.7404860473,6.218204827441566,600814.0650607503,0.0,0.0
1516,364115.4361818079,5.916716108535308,514213.17131380603,0.0,0.0
1517,373732.71117545903,5.401672880403784,381332.0486018016,0.0,0.0
1518,357232.2745595258,4.98712589190768,289651.76268396084,67580.51187556493,67580.51187556493
1519,497695.795289963,5.125308221406382,319868.54844077927,177827.24684918375,177827.24684918375
1520,507295.5143220121,5.728285659218896,464015.2996159139,43280.214706098195,43280.214706098195
1521,451377.2286556085,5.95440219839859,524252.7456533844,0.0,0.0
1522,466696.0415115043,6.218204827441566,600814.0650607503,0.0,0.0
1523,494149.673964616,6.670437905800951,742357.9389462458,0.0,0.0
1524,484876.2192073632,7.31110143347675,976902.8807761046,0.0,0.0
1525,413768.26450641087,7.964326991106975,1255475.3376799547,0.0,0.0
1526,413826.8393268685,8.290939769922087,1393394.7033672764,0.0,0.0
1527,412513.9800275729,8.592428488828345,1516027.0545905202,0.0,0.0
1528,426161.96309184906,8.919041267643458,1639094.7496480548,0.0,0.0
1529,471071.6100595588,8.818545028008037,1601227.7665534285,0.0,0.0
1530,550501.413091135,7.436721733021024,1026045.5419578245,0.0,0.0
1531,576288.0823327925,7.210605193841331,937588.7518307286,0.0,0.0
1532,488829.0126650877,8.014575110924683,1277321.546588367,0.0,0.0
1533,490078.47321580135,9.471770585638263,1813395.6745025425,0.0,0.0
1534,448885.4117178402,9.735573214681239,1875333.7758038323,0.0,0.0
1535,356514.25193671446,7.876392781425983,1216713.9380525732,0.0,0.0
1536,316339.3419508013,6.670437905800951,742357.9389462458,0.0,0.0
1537,366362.6395885768,5.904154078580881,510866.64653394656,0.0,0.0
1538,335786.3748366063,5.753409719127752,470708.349175633,0.0,0.0
1539,352581.9322311117,5.5272931799480585,410470.9031381628,0.0,0.0
1540,340834.0324374688,5.238366490996228,345012.70759756106,0.0,0.0
1541,338809.4156148384,5.062498071634245,305899.57113145606,32909.84448338236,32909.84448338236
1542,368416.83373342286,4.974563861953253,287360.44842027326,81056.3853131496,81056.3853131496
1543,442409.1147166921,5.213242431087374,339425.11667383194,102983.99804286013,102983.99804286013
1544,515890.5937877087,5.439358970267066,389713.4349873955,126177.15880031325,126177.15880031325
1545,487756.4549557998,4.5977029633204305,218621.02050964654,269135.43444615323,269135.43444615323
1546,513436.685981424,3.8314191361003584,106174.89040540216,407261.79557602183,407261.79557602183
1547,474507.9447708351,3.1781935784701334,38881.03490537174,435626.9098654634,435626.9098654634
1548,549909.1482803997,3.065135308880287,28931.90718146524,520977.2410989345,520977.2410989345
1549,388121.7860646775,3.7560469563737944,97311.12206955822,290810.6639951193,290810.6639951193
1550,425275.0992639587,4.761009352727987,248408.10593758483,176866.99332637386,176866.99332637386
1551,432979.8612550803,5.853905958763171,497480.5474145088,0.0,0.0
1552,405208.6081122772,6.808620235299653,789671.5685666011,0.0,0.0
1553,559839.055891873,7.612590152383007,1100429.7391704293,0.0,0.0
1554,505070.4362302422,7.373911583248887,1001474.2113669646,0.0,0.0
1555,553667.6720298886,7.26085331365904,957245.8163034165,0.0,0.0
1556,463253.96287290833,6.469445426530114,674980.2899116896,0.0,0.0
1557,491289.78671600926,5.7910958089910345,480747.9235152116,10541.863200797641,10541.863200797641
1558,434728.6974710296,5.577541299765769,423857.0022576008,10871.695213428815,10871.695213428815
1559,364882.580538817,5.401672880403784,381332.0486018016,0.0,0.0
1560,311821.7262050098,5.175556341224091,331043.73028823786,0.0,0.0
1561,430048.8659079165,4.773571382682413,250699.4202012722,179349.4457066443,179349.4457066443
1562,378885.770790655,4.170593944869898,151520.85415253678,227364.91663811821,227364.91663811821
1563,406079.257150771,3.4168721476042543,59884.74898917438,346194.5081615966,346194.5081615966
1564,383691.78590402,2.7385225300651745,11067.445395024099,372624.3405089959,372624.3405089959
1565,406802.1503542527,2.3742236613867793,0.0,406802.1503542527,406802.1503542527
1566,381048.7521956194,2.3114135116146426,0.0,381048.7521956194,381048.7521956194
1567,437710.88649821177,2.3114135116146426,0.0,437710.88649821177,437710.88649821177
1568,463612.5046267883,1.8089323134375463,0.0,463612.5046267883,463612.5046267883
1569,436077.55058982526,1.5325676544401434,0.0,436077.55058982526,436077.55058982526
1570,507265.1571308026,2.0601729125260944,0.0,507265.1571308026,507265.1571308026
1571,597676.7138651203,3.2661277881511253,46619.24535729902,551057.4685078213,551057.4685078213
1572,536230.5783035025,4.69819920295585,236951.53461914707,299279.04368435545,299279.04368435545
1573,520062.1633073447,5.929278138489735,517559.6960936655,2502.4672136792215,2502.4672136792215
1574,1307241.0507321951,6.507131516393396,686441.8312130987,620799.2195190964,620799.2195190964
1575,739818.3892909193,6.657875875846525,738056.6998898502,1761.689401069074,1761.689401069074
1576,573498.3471534451,6.582503696119961,712249.2655514745,0.0,0.0
1577,536813.9993254667,6.3061390371225565,626772.2437585787,0.0,0.0
1578,535518.5445686515,4.899191682226688,273612.5628381478,261905.98173050367,261905.98173050367
1579,569713.8197006448,4.823819502500124,259864.67725602255,309849.14244462224,309849.14244462224
1580,454815.1873292418,4.848943562408978,264447.30578339763,190367.88154584414,190367.88154584414
1581,478333.4744900422,4.88662965227226,271321.2485744603,207012.22591558192,207012.22591558192
1582,455444.9304712838,4.88662965227226,271321.2485744603,184123.68189682352,184123.68189682352
1583,469275.4538257496,4.798695442591269,255282.04872864747,213993.4050971021,213993.4050971021
1584,469725.6875721043,4.660513113092567,230077.5918280843,239648.09574401999,239648.09574401999
1585,476285.32588902337,4.459520633821729,194744.28681973062,281541.0390692927,281541.0390692927
1586,396081.9228672198,4.082659735188907,138365.89638426044,257716.02648295934,257716.02648295934
1587,405495.12049096375,3.542492447148528,72197.11178466692,333298.0087062968,333298.0087062968
1588,343995.7430283136,2.9018289194727305,18644.861863534694,325350.88116477896,325350.88116477896
1589,348224.4164542039,2.2611653917969328,0.0,348224.4164542039,348224.4164542039
1590,390218.2880935904,2.0224868226628123,0.0,390218.2880935904,390218.2880935904
1591,427335.7504885126,2.411909751250062,0.0,427335.7504885126,427335.7504885126
1592,458402.81480500376,3.1405074886068514,35564.65899740291,422838.1558076008,422838.1558076008
1593,501734.1666044054,3.3289379379232624,52146.5385372471,449587.6280671583,449587.6280671583
1594,498898.9401392531,3.693236806601657,89924.64845635489,408974.2916828982,408974.2916828982
1595,622736.6172414017,3.843981166054786,107652.18512804282,515084.43211335887,515084.43211335887
1596,554458.1271159522,3.7937330462370764,101743.0062374802,452715.120878472,452715.120878472
1597,473922.7812921345,3.7434849264193666,95833.82734691752,378088.95394521696,378088.95394521696
1598,1361371.841455344,3.8942292858724956,113561.36401860548,1247810.4774367386,1247810.4774367386
1599,710419.9215704442,4.158031914915471,149641.57447135443,560778.3470990898,560778.3470990898
1600,542574.3371254791,4.509768753639438,202581.82066383353,339992.5164616456,339992.5164616456
1601,560161.6935785641,5.087622131543099,311487.1620551851,248674.53152337897,248674.53152337897
1602,513968.4610863893,5.112746191451954,317074.75297891465,196893.70810747467,196893.70810747467
1603,538129.7145364085,5.188118371178518,333837.5257501025,204292.18878630607,204292.18878630607
1604,467863.3812012132,4.811257472545696,257573.36299233497,210290.01820887826,210290.01820887826
1605,457830.1765655337,4.673075143046995,232368.90609177182,225461.27047376186,225461.27047376186
1606,434781.692672234,4.710761232910277,239242.84888283446,195538.84378939957,195538.84378939957
1607,428791.3165842988,4.88662965227226,271321.2485744603,157470.06800983852,157470.06800983852
1608,503363.1956448469,5.049936041679817,303105.77566959127,200257.41997525562,200257.41997525562
1609,321756.3034905096,5.188118371178518,333837.5257501025,0.0,0.0
1610,316177.0037371875,5.062498071634245,305899.57113145606,10277.432605731417,10277.432605731417
1611,373997.07410666655,4.735885292819131,243825.47741020954,130171.59669645701,130171.59669645701
1612,349316.1339359582,4.3715864241407365,181589.32905145417,167726.80488450403,167726.80488450403
1613,339700.9760698556,4.007287555462342,127090.21829716631,212610.7577726893,212610.7577726893
1614,417361.7552099012,3.7057988365560846,91401.94317899554,325959.8120309056,325959.8120309056
1615,455426.1937720811,3.63042665682952,82538.17484315156,372888.0189289296,372888.0189289296
1616,531800.2780580518,3.542492447148528,72197.11178466692,459603.16627338494,459603.16627338494
1617,477505.36441294017,2.826456739746166,15147.5927242221,462357.77168871806,462357.77168871806
1618,488020.71582464105,1.6205018641211353,0.0,488020.71582464105,488020.71582464105
1619,461404.5320968863,0.4899191682226688,0.0,461404.5320968863,461404.5320968863
1620,497650.8446133205,1.432071414804724,0.0,497650.8446133205,497650.8446133205
1621,456342.0666487128,2.977201099199295,22142.131002847287,434199.9356458655,434199.9356458655
1622,432535.6884697732,4.145469884961043,147762.2947901721,284773.39367960114,284773.39367960114
1623,423248.3752939632,4.874067622317833,269029.9343107727,154218.4409831905,154218.4409831905
1624,435441.1298588166,5.477045060130349,398094.8213729896,37346.308485827,37346.308485827
1625,536909.3995878968,6.080022497942863,560022.6413927332,0.0,0.0
1626,577676.6678928322,6.105146557851719,567439.2638778274,10237.404015004751,10237.404015004751
1627,498527.2550995239,6.3438251269858394,637897.1774862198,0.0,0.0
1628,462897.5004578961,6.0046503182163,537772.7739374518,0.0,0.0
1629,470844.8587103128,5.728285659218896,464015.2996159139,6829.559094398923,6829.559094398923
1630,399578.0857745191,5.715723629264469,460668.7748360544,0.0,0.0
1631,334184.9859518555,5.803657838945461,484094.4482950708,0.0,0.0
1632,346183.8664961597,5.95440219839859,524252.7456533844,0.0,0.0
1633,336003.0606950167,6.067460467988437,556314.3301501865,0.0,0.0
1634,328273.2229974236,6.042336408079581,548897.7076650924,0.0,0.0
1635,321970.533261254,5.715723629264469,460668.7748360544,0.0,0.0
1636,373178.167583613,5.162994311269664,328249.9348263732,44928.232757239835,44928.232757239835
1637,353619.9236384596,4.64795108313814,227786.27756439673,125833.64607406285,125833.64607406285
1638,390770.7817021952,4.233404094642036,160917.25255844856,229853.52914374662,229853.52914374662
1639,453512.6967515728,4.183155974824326,153400.1338337192,300112.5629178536,300112.5629178536
1640,470612.6945334712,3.7434849264193666,95833.82734691752,374778.86718655366,374778.86718655366
1641,500101.6225566621,2.813894709791739,14564.714534336692,485536.9080223254,485536.9080223254
1642,463737.6723254176,2.7385225300651745,11067.445395024099,452670.2269303935,452670.2269303935
1643,500991.0743333342,4.245966124596463,162796.5322396309,338194.5420937033,338194.5420937033
1644,470286.1829276074,6.130270617760574,574855.8863629213,0.0,0.0
1645,422870.4557145149,7.851268721517128,1205639.2524447502,0.0,0.0
1646,399750.4015365016,8.893917207734603,1629628.0038743983,0.0,0.0
1647,416287.2595003409,9.421522465820553,1798080.0475821048,0.0,0.0
1648,417691.9764220588,9.760697274590093,1881021.862967197,0.0,0.0
1649,518195.37785647047,9.810945394407803,1892398.0372939266,0.0,0.0
1650,499491.72363418754,8.856231117871321,1615427.8852139136,0.0,0.0
1651,539033.9270417787,8.441684129375217,1456707.334337591,0.0,0.0
1652,477068.5613289042,8.642676608646054,1534960.5461378333,0.0,0.0
1653,447400.265482548,8.680362698509336,1549160.664798318,0.0,0.0
1654,430102.5433788713,8.51705630910178,1487626.817269551,0.0,0.0
1655,366195.3850706826,8.554742398965063,1501826.9359300358,0.0,0.0
1656,352094.60684250784,8.944165327552312,1648561.4954217114,0.0,0.0
1657,372031.43355084007,8.994413447370022,1667494.986969024,0.0,0.0
1658,335583.37653032166,8.542180369010635,1497093.5630432074,0.0,0.0
1659,364475.96715922345,7.876392781425983,1216713.9380525732,0.0,0.0
1660,353831.3881739472,7.185481133932475,927760.2195943842,0.0,0.0
1661,375329.94581356295,6.745810085527516,768165.3732846216,0.0,0.0
1662,402728.8628910721,6.582503696119961,712249.2655514745,0.0,0.0
1663,453210.3851276084,7.449283762975451,1030959.8080759966,0.0,0.0
1664,517147.8208008205,8.002013080970258,1272045.4940075083,0.0,0.0
1665,491334.5419703978,7.951764961152548,1249937.994876043,0.0,0.0
1666,498520.919340479,7.788458571744991,1177952.5384251922,0.0,0.0
1667,461418.8725229796,7.5749040625197255,1083817.7107586951,0.0,0.0
1668,442670.3076920212,7.524655942702016,1061668.3395430488,0.0,0.0
1669,416543.17757675546,7.675400302155145,1128116.4531899882,0.0,0.0
1670,404501.6787768648,8.03969917083354,1287873.6517500868,0.0,0.0
1671,446652.8069670151,8.805982998053612,1596494.3936666008,0.0,0.0
1672,431518.1490459272,9.697887124817957,1866801.6450587853,0.0,0.0
1673,509758.79730547406,10.338550652493755,1979076.1645631907,0.0,0.0
1674,473745.7766846938,9.92400366399765,1917994.429529068,0.0,0.0
1675,516305.01741190767,9.270778106367425,1752133.166820791,0.0,0.0
1676,457967.9184699844,7.612590152383007,1100429.7391704293,0.0,0.0
1677,463459.3270829404,6.708123995664234,755261.6561154339,0.0,0.0
1678,429998.74939169706,6.63275181593767,729454.2217770582,0.0,0.0
1679,397406.6750833291,7.147795044069194,913017.4212398686,0.0,0.0
1680,292580.7335258295,7.386473613203314,1006388.4774851366,0.0,0.0
1681,346913.7684117838,7.223167223795758,942503.0179489006,0.0,0.0
1682,326342.2709138675,6.808620235299653,789671.5685666011,0.0,0.0
1683,343311.4482442897,6.29357700716813,623063.932516032,0.0,0.0
1684,390039.0473628018,5.904154078580881,510866.64653394656,0.0,0.0
1685,327798.14116465737,5.916716108535308,514213.17131380603,0.0,0.0
1686,411857.97255877167,6.19308076753271,593397.4425756561,0.0,0.0
1687,465865.032274444,7.172919103978048,922845.9534762123,0.0,0.0
1688,489905.4171402851,8.554742398965063,1501826.9359300358,0.0,0.0
1689,484981.45505520864,9.697887124817957,1866801.6450587853,0.0,0.0
1690,449949.0979912908,9.710449154772384,1869645.6886404678,0.0,0.0
1691,472349.0890692172,9.371274346002844,1782764.4206616667,0.0,0.0
1692,474679.6266603019,9.207967956595288,1732988.6331702438,0.0,0.0
1693,385841.1629208275,9.145157806823152,1713844.0995196966,0.0,0.0
1694,435661.9176518407,9.170281866732006,1721501.9129799155,0.0,0.0
1695,455346.6487477403,9.3963984059117,1790422.2341218863,0.0,0.0
1696,443384.9048458095,9.459208555683837,1809566.7677724333,0.0,0.0
1697,498107.5982875916,9.082347657051015,1694699.5658691493,0.0,0.0
1698,586542.5381223725,7.637714212291862,1111504.4247782528,0.0,0.0
1699,543733.9790314416,6.883992415026219,815479.0029049774,0.0,0.0
1700,477079.2060527607,6.080022497942863,560022.6413927332,0.0,0.0
1701,487367.11437956727,5.765971749082179,474054.87395549245,13312.240424074815,13312.240424074815
1702,452570.74358077673,5.828781898854316,490787.49785478966,0.0,0.0
1703,343824.3358094585,6.2307668573959925,604522.3763032969,0.0,0.0
1704,335252.6446045303,6.205642797487139,597105.7538182033,0.0,0.0
1705,329569.5600660728,6.180518737578283,589689.1313331091,0.0,0.0
1706,336770.8564219274,6.029774378125154,545189.3964225454,0.0,0.0
1707,352403.0249968417,5.9418401684441635,520906.2208735252,0.0,0.0
1708,375378.3442775307,5.7910958089910345,480747.9235152116,0.0,0.0
1709,370922.6487291725,5.42679694031264,386919.6395255311,0.0,0.0
1710,397593.02927573473,5.200680401132945,336631.3212119669,60961.708063767815,60961.708063767815
1711,482956.5172751557,4.924315742135542,278195.1913655229,204761.32590963278,204761.32590963278
1712,505155.1900875732,4.333900334277455,175951.49000790733,329203.70007966587,329203.70007966587
1713,467204.4919072094,3.2786898181055526,47724.703993288625,419479.78791392077,419479.78791392077
1714,489181.06300004345,2.4370338111589165,0.0,489181.06300004345,489181.06300004345
1715,496988.6169396265,1.8717424632096833,0.0,496988.6169396265,496988.6169396265
1716,498666.5884684931,1.4195093848502967,0.0,498666.5884684931,498666.5884684931
1717,412630.8122962069,1.143144725852894,0.0,412630.8122962069,412630.8122962069
1718,380399.2610212433,0.401984958541677,0.0,380399.2610212433,380399.2610212433
1719,430105.0592629645,0.5527293179948058,0.0,430105.0592629645,430105.0592629645
1720,372101.04147266666,1.2562029954427405,0.0,372101.04147266666,372101.04147266666
1721,479396.32986497856,1.98480073279953,0.0,479396.32986497856,479396.32986497856
1722,543686.8198278558,2.3993477212956345,0.0,543686.8198278558,543686.8198278558
1723,539198.4066500973,2.173231182115941,0.0,539198.4066500973,539198.4066500973
1724,470684.95758185466,1.9471146429362478,0.0,470684.95758185466,470684.95758185466
1725,463764.9518023703,1.8466184033008286,0.0,463764.9518023703,463764.9518023703
1726,401285.2130027604,1.9094285530729656,0.0,401285.2130027604,401285.2130027604
1727,349870.9281899651,2.3365375715234973,0.0,349870.9281899651,349870.9281899651
1728,337785.64349024784,2.512405990885481,575.6379770863184,337210.00551316154,337210.00551316154
1729,468035.8565095367,3.014887189062577,24510.07263750678,443525.7838720299,443525.7838720299
1730,361763.16507144814,3.3917480876953996,57673.83171719517,304089.333354253,304089.333354253
1731,395548.90542782,3.2786898181055526,47724.703993288625,347824.20143453137,347824.20143453137
1732,386357.4596517696,2.9646390692448676,21559.25281296186,364798.20683880773,364798.20683880773
1733,382910.4579103134,2.71339847015632,9901.689015253241,373008.7688950602,373008.7688950602
1734,393533.8016540473,2.6003402005664724,4655.78530628432,388878.01634776295,388878.01634776295
1735,408858.2689035635,2.562654110703191,2907.1507366280543,405951.11816693546,405951.11816693546
1736,462910.1257216016,1.6581879539844175,0.0,462910.1257216016,462910.1257216016
1737,498895.73588214064,0.6155394677669428,0.0,498895.73588214064,498895.73588214064
1738,532645.2449516427,1.331575175169305,0.0,532645.2449516427,532645.2449516427
1739,644298.8740869755,1.921990583027393,0.0,644298.8740869755,644298.8740869755
1740,507907.0290366095,3.0400112489714317,26720.98990948599,481186.03912712354,481186.03912712354
1741,475945.95472018793,4.472082663776156,196623.56650091297,279322.38821927493,279322.38821927493
1742,1284918.0635236732,5.3011766407683645,358981.6849068843,925936.3786167889,925936.3786167889
1743,695087.8032102074,5.32630070067722,364569.27583061374,330518.52737959364,330518.52737959364
1744,536493.7713812825,5.489607090084776,400888.61683485424,135605.15454642824,135605.15454642824
1745,539414.9930628412,5.539855209902486,413817.4279180222,125597.56514481903,125597.56514481903
1746,529285.0419324279,4.296214244414172,170313.6509643602,358971.3909680677,358971.3909680677
1747,540822.5525290048,4.057535675280052,134607.33702189577,406215.21550710895,406215.21550710895
1748,457259.1398415511,4.170593944869898,151520.85415253678,305738.2856890143,305738.2856890143
1749,483838.44091278105,4.333900334277455,175951.49000790733,307886.9509048737,307886.9509048737
1750,448171.9686912773,4.220842064687608,159037.9728772662,289133.9958140111,289133.9958140111
1751,452952.9611120325,4.132907855006616,145883.01510898976,307069.94600304274,307069.94600304274
1752,433434.36647248303,4.421834543958447,189106.44777618363,244327.9186962994,244327.9186962994
1753,474123.2690977443,4.69819920295585,236951.53461914707,237171.73447859724,237171.73447859724
1754,423338.4585292196,4.7861334126368416,252990.7344649599,170347.7240642597,170347.7240642597
1755,424825.2940915042,4.69819920295585,236951.53461914707,187873.7594723571,187873.7594723571
1756,342924.41775337263,4.434396573912874,190985.72745736598,151938.69029600665,151938.69029600665
1757,332094.6663455227,4.296214244414172,170313.6509643602,161781.0153811625,161781.0153811625
1758,408814.268907176,4.220842064687608,159037.9728772662,249776.29602990978,249776.29602990978
1759,413729.27090915455,4.497206723685011,200382.12586327762,213347.14504587694,213347.14504587694
1760,475775.7832252129,4.7861334126368416,252990.7344649599,222785.04876025298,222785.04876025298
1761,538642.6194840645,4.158031914915471,149641.57447135443,389001.0450127101,389001.0450127101
1762,501750.4587404912,2.5877781706120455,4072.9071163989115,497677.5516240923,497677.5516240923
1763,582311.453643352,2.349099601477925,0.0,582311.453643352,582311.453643352
1764,573414.0006796524,1.5074435945312885,0.0,573414.0006796524,573414.0006796524
1765,516074.3429421384,0.3642988686783947,0.0,516074.3429421384,516074.3429421384
1766,1251479.2072423156,0.6155394677669428,0.0,1251479.2072423156,1251479.2072423156
1767,780773.4115507316,0.7537217972656443,0.0,780773.4115507316,780773.4115507316
1768,539727.6204463401,0.992400366399765,0.0,539727.6204463401,539727.6204463401
1769,554082.0796621101,1.6330638940755626,0.0,554082.0796621101,554082.0796621101
1770,511115.6504945452,2.4998439609310537,0.0,511115.6504945452,511115.6504945452
1771,549679.536721653,2.876704859563876,17479.105483763837,532200.4312378891,532200.4312378891
1772,471486.6084665248,2.9897631291537223,22725.009192732716,448761.5992737921,448761.5992737921
1773,500336.0362818993,3.0400112489714317,26720.98990948599,473615.04637241334,473615.04637241334
1774,489704.6629723376,2.977201099199295,22142.131002847287,467562.53196949034,467562.53196949034
1775,475570.59536285145,3.1028213987435693,32248.283089434095,443322.31227341737,443322.31227341737
1776,428784.1513746729,3.68067477664723,88447.35373371423,340336.7976409587,340336.7976409587
1777,312271.55093455384,4.35902439418631,179710.04937027197,132561.50156428188,132561.50156428188
1778,335677.5739797856,4.710761232910277,239242.84888283446,96434.72509695115,96434.72509695115
1779,379859.7021224144,4.610264993274858,220912.33477333406,158947.36734908036,158947.36734908036
1780,322449.36972509034,4.585140933366003,216329.70624595898,106119.66347913136,106119.66347913136
1781,339452.8593391054,4.6353890531837125,225494.96330070918,113957.8960383962,113957.8960383962
1782,419843.8917199631,4.98712589190768,289651.76268396084,130192.12903600227,130192.12903600227
1783,467512.1137218212,6.205642797487139,597105.7538182033,0.0,0.0
1784,494480.8986550189,6.7960582053452265,785370.3295102055,0.0,0.0
1785,466663.6418504045,6.29357700716813,623063.932516032,0.0,0.0
1786,469004.8819143684,5.5272931799480585,410470.9031381628,58533.97877620562,58533.97877620562
1787,492501.8467589728,4.748447322773559,246116.7916738971,246385.0550850757,246385.0550850757
1788,503334.58417851874,4.4092725140040185,187227.1680950012,316107.41608351754,316107.41608351754
1789,427265.0939871806,3.994725525507915,125379.72179973079,301885.37218744983,301885.37218744983
1790,403338.4676934641,3.4294341775586816,60990.20762516399,342348.26006830006,342348.26006830006
1791,427912.3499979808,2.826456739746166,15147.5927242221,412764.7572737587,412764.7572737587
1792,402016.6816248219,2.3114135116146426,0.0,402016.6816248219,402016.6816248219
1793,494501.6356072735,2.009924792708385,0.0,494501.6356072735,494501.6356072735
1794,558985.3372768037,2.851580799655021,16313.349103992976,542671.9881728108,542671.9881728108
1795,580880.1790645292,3.96960146559906,122425.13235444948,458455.04671007977,458455.04671007977
1796,478142.3154294197,4.25852815455089,164675.8119208132,313466.50350860646,313466.50350860646
1797,454557.6284396232,4.296214244414172,170313.6509643602,284243.97747526306,284243.97747526306
1798,452212.15361782425,4.3087762743686,172192.93064554254,280019.22297228174,280019.22297228174
1799,361580.3906475741,4.333900334277455,175951.49000790733,185628.90063966677,185628.90063966677
1800,297330.0157611052,4.396710484049592,185347.888413819,111982.12734728624,111982.12734728624
1801,339070.3863717782,4.497206723685011,200382.12586327762,138688.2605085006,138688.2605085006
1802,333176.8264252657,4.64795108313814,227786.27756439673,105390.54886086896,105390.54886086896
1803,352661.2162716532,4.735885292819131,243825.47741020954,108835.73886144365,108835.73886144365
1804,353129.5263869356,4.723323262864704,241534.163146522,111595.3632404136,111595.3632404136
1805,332305.876600306,4.673075143046995,232368.90609177182,99936.9705085342,99936.9705085342
1806,386550.3362628403,4.610264993274858,220912.33477333406,165638.00148950625,165638.00148950625
1807,464096.8460790515,4.6353890531837125,225494.96330070918,238601.88277834232,238601.88277834232
1808,550812.8569855641,4.585140933366003,216329.70624595898,334483.15073960513,334483.15073960513
1809,464851.89434171934,3.668112746692802,86970.05901107354,377881.8353306458,377881.8353306458
1810,523833.5613589941,3.00232515910815,23404.61400151721,500428.9473574769,500428.9473574769
1811,510632.5371540058,2.361661631432352,0.0,510632.5371540058,510632.5371540058
1812,470573.222589885,1.8466184033008286,0.0,470573.222589885,470573.222589885
1813,394261.9782059303,1.7838082535286914,0.0,394261.9782059303,394261.9782059303
1814,447780.4757000515,2.0978590023893764,0.0,447780.4757000515,447780.4757000515
1815,445072.8054119904,2.7636465899740292,12233.201774794956,432839.6036371954,432839.6036371954
1816,389339.884892283,3.517368387239673,69242.52233938556,320097.3625528974,320097.3625528974
1817,520490.5384185792,4.3087762743686,172192.93064554254,348297.6077730367,348297.6077730367
1818,526902.0315539484,4.848943562408978,264447.30578339763,262454.7257705508,262454.7257705508
1819,541553.6152283581,5.137870251360808,322662.3439026437,218891.27132571436,218891.27132571436
1820,467373.1679215939,4.773571382682413,250699.4202012722,216673.74772032167,216673.74772032167
1821,439221.9473250587,4.560016873457148,211747.07771858375,227474.86960647494,227474.86960647494
1822,444404.3593783774,4.585140933366003,216329.70624595898,228074.6531324184,228074.6531324184
1823,376943.2495017998,4.69819920295585,236951.53461914707,139991.71488265274,139991.71488265274
1824,303915.0102638616,4.861505592363406,266738.6200470852,37176.3902167764,37176.3902167764
1825,347048.36290392466,5.049936041679817,303105.77566959127,43942.58723433339,43942.58723433339
1826,358561.5512553605,5.276052580859511,353394.0939831552,5167.457272205269,5167.457272205269
1827,410849.0,5.439358970267066,389713.4349873955,21135.565012604522,21135.565012604522
1828,360139.15774623305,5.439358970267066,389713.4349873955,0.0,0.0
1829,365343.946116147,5.3011766407683645,358981.6849068843,6362.26120926271,6362.26120926271
1830,352160.15168934007,5.075060101588671,308693.3665933205,43466.785096019565,43466.785096019565
1831,470994.9136764509,4.836381532454551,262155.9915197101,208838.9221567408,208838.9221567408
1832,436335.5397308908,4.949439802044398,282777.81989289814,153557.71983799268,153557.71983799268
1833,447057.75999474426,3.7686089863282213,98788.41679219883,348269.3432025454,348269.3432025454
1834,432765.89357322,3.253565758196698,45513.786721309414,387252.1068519106,387252.1068519106
1835,498545.2838223776,3.2912518480599804,48830.162629278275,449715.12119309936,449715.12119309936
1836,483530.2516468003,3.065135308880287,28931.90718146524,454598.3444653351,454598.3444653351
1837,394700.68723096617,2.7887706498828844,13398.958154565835,381301.72907640034,381301.72907640034
1838,457481.4141279874,2.7887706498828844,13398.958154565835,444082.4559734216,444082.4559734216
1839,449773.8873006303,3.2284416982878428,43302.86944933016,406471.01785130013,406471.01785130013
1840,422064.7015326552,3.994725525507915,125379.72179973079,296684.97973292443,296684.97973292443
1841,511906.7671841257,4.999687921862107,291943.07694764837,219963.69023647736,219963.69023647736
1842,542081.753300656,5.489607090084776,400888.61683485424,141193.13646580174,141193.13646580174
1843,556237.1563929963,5.753409719127752,470708.349175633,85528.80721736333,85528.80721736333
1844,466991.2618330788,5.087622131543099,311487.1620551851,155504.0997778937,155504.0997778937
1845,476988.6420626775,4.685637173001422,234660.22035545937,242328.4217072181,242328.4217072181
1846,413622.8752027032,4.5977029633204305,218621.02050964654,195001.85469305664,195001.85469305664
1847,362454.7004535297,4.572578903411576,214038.39198227142,148416.3084712583,148416.3084712583
1848,344072.5181745126,4.35902439418631,179710.04937027197,164362.46880424063,164362.46880424063
1849,340899.69002980844,4.120345825052189,144003.73542780743,196895.954602001,196895.954602001
1850,332942.9894004797,4.044973645325625,132728.05734071345,200214.93205976626,200214.93205976626
1851,361685.58579899,4.032411615371197,130848.77765953113,230836.80813945885,230836.80813945885
1852,354351.4574062354,3.843981166054786,107652.18512804282,246699.27227819257,246699.27227819257
1853,359100.8127427384,3.4922443273308184,66517.50080511202,292583.3119376264,292583.3119376264
1854,409325.4240612938,3.127945458652424,34459.20036141331,374866.2236998805,374866.2236998805
1855,421645.0251214175,2.9018289194727305,18644.861863534694,403000.1632578828,403000.1632578828
1856,485106.4011788325,2.4998439609310537,0.0,485106.4011788325,485106.4011788325
1857,483713.4438844842,2.462157871067771,0.0,483713.4438844842,483713.4438844842
1858,480354.5339639856,2.3993477212956345,0.0,480354.5339639856,480354.5339639856
1859,454875.0053392937,3.253565758196698,45513.786721309414,409361.21861798427,409361.21861798427
1860,520934.3250146485,4.4846446937305835,198502.84618209532,322431.47883255314,322431.47883255314
1861,406774.4250357802,5.828781898854316,490787.49785478966,0.0,0.0
1862,395148.19122338993,6.7960582053452265,785370.3295102055,0.0,0.0
1863,386654.58531990094,7.436721733021024,1026045.5419578245,0.0,0.0
1864,433724.240969736,7.914078871289265,1233325.9664643079,0.0,0.0
1865,548239.3224019357,8.491932249192926,1477811.544661029,0.0,0.0
1866,570034.5576912743,7.612590152383007,1100429.7391704293,0.0,0.0
1867,501690.2099895042,6.117708587806146,571147.5751203744,0.0,0.0
1868,449156.3110810031,5.652913479492332,443936.1509367572,5220.160144245892,5220.160144245892
1869,481852.3497720666,5.5649792698113405,420510.47747774114,61341.87229432544,61341.87229432544
1870,420277.2011773888,5.552417239856913,417163.9526978817,3113.248479507107,3113.248479507107
1871,359182.64717295434,5.7910958089910345,480747.9235152116,0.0,0.0
1872,320845.1111158904,6.05489843803401,552606.0189076397,0.0,0.0
1873,314853.5118947688,5.9418401684441635,520906.2208735252,0.0,0.0
1874,322449.7545921504,5.7910958089910345,480747.9235152116,0.0,0.0
1875,352251.65610051743,5.979526258307445,530945.7952131032,0.0,0.0
1876,328407.7277663208,5.765971749082179,474054.87395549245,0.0,0.0
1877,372442.3993169134,5.464483030175921,395301.0259111248,0.0,0.0
1878,431503.9757954935,5.276052580859511,353394.0939831552,78109.88181233831,78109.88181233831
1879,497393.7198896438,5.728285659218896,464015.2996159139,33378.42027372989,33378.42027372989
1880,447214.00091253663,6.507131516393396,686441.8312130987,0.0,0.0
1881,487435.74703629495,6.833744295208509,798274.0466793934,0.0,0.0
1882,481395.6697350186,7.185481133932475,927760.2195943842,0.0,0.0
1883,468604.85682630126,7.662838272200717,1122579.1103860762,0.0,0.0
1884,449338.3483285608,8.203005560241095,1356462.33530126,0.0,0.0
1885,407663.2567764121,8.542180369010635,1497093.5630432074,0.0,0.0
1886,459045.44566329935,8.6175525487372,1525493.800364177,0.0,0.0
1887,450702.75498115015,8.56730442891949,1506560.308816864,0.0,0.0
1888,452570.992150203,8.416560069466362,1446155.2291758722,0.0,0.0
1889,498218.7145026964,8.165319470377813,1340634.1775586817,0.0,0.0
1890,534974.5001612565,7.612590152383007,1100429.7391704293,0.0,0.0
1891,552072.7852702772,6.82118226525408,793972.8076229972,0.0,0.0
1892,468761.0450772947,6.05489843803401,552606.0189076397,0.0,0.0
1893,505120.08957776014,5.4519210002214935,392507.23044926015,112612.85912849999,112612.85912849999
1894,427472.3922148675,5.263490550905083,350600.29852129053,76872.09369357699,76872.09369357699
1895,364392.677409155,5.087622131543099,311487.1620551851,52905.51535396988,52905.51535396988
1896,333260.83783555875,5.087622131543099,311487.1620551851,21773.675780373625,21773.675780373625
1897,490481.79857925366,5.024811981770962,297518.184745862,192963.6138333917,192963.6138333917
1898,494823.4981417368,4.911753712181116,275903.8771018355,218919.62103990128,218919.62103990128
1899,373260.3665945719,4.69819920295585,236951.53461914707,136308.83197542484,136308.83197542484
1900,376277.8459483324,4.761009352727987,248408.10593758483,127869.74001074757,127869.74001074757
1901,350084.54266533826,4.899191682226688,273612.5628381478,76471.97982719046,76471.97982719046
1902,1116367.7451458343,4.848943562408978,264447.30578339763,851920.4393624366,851920.4393624366
1903,459137.5215807444,5.816219868899888,487440.97307493025,0.0,0.0
1904,453875.5141597857,5.740847689173324,467361.8243957736,0.0,0.0
1905,488199.9146918468,5.338862730631647,367363.07129247836,120836.84339936846,120836.84339936846
1906,456958.59683598456,4.685637173001422,234660.22035545937,222298.37648052518,222298.37648052518
1907,595112.1759584473,4.346462364231882,177830.76968908953,417281.4062693578,417281.4062693578
1908,441951.2547897751,4.3715864241407365,181589.32905145417,260361.92573832095,260361.92573832095
1909,469035.0363887929,4.798695442591269,255282.04872864747,213752.98766014545,213752.98766014545
1910,498658.0748219448,5.577541299765769,423857.0022576008,74801.07256434404,74801.07256434404
1911,479492.15925653104,6.255890917304848,611938.9987883911,0.0,0.0
1912,474574.10114400624,6.281014977213703,619355.621273485,0.0,0.0
1913,505073.243169604,6.4568833965756856,671271.9786691425,0.0,0.0
1914,1430161.6558493555,7.072422864342629,883531.8245308365,546629.831318519,546629.831318519
1915,519582.1328443694,7.097546924251485,893360.3567671807,0.0,0.0
1916,505038.8445716042,5.979526258307445,530945.7952131032,0.0,0.0
1917,502377.3567366499,4.534892813548293,207164.44919120864,295212.90754544124,295212.90754544124
1918,520449.0445608124,4.208280034733181,157158.69319608388,363290.3513647285,363290.3513647285
1919,487750.0423339851,3.718360866510512,92879.2379016362,394870.80443234893,394870.80443234893
1920,510488.83494713786,2.9520770392904403,20976.374623076426,489512.46032406145,489512.46032406145
1921,486059.34031179006,2.4998439609310537,0.0,486059.34031179006,486059.34031179006
1922,481449.06922245165,2.5375300507943357,1741.3943568571758,479707.6748655945,479707.6748655945
1923,387858.3350116897,2.5752161406576177,3490.0289265134625,384368.30608517624,384368.30608517624
1924,352932.44144520204,2.424471781204489,0.0,352932.44144520204,352932.44144520204
1925,360919.7411683214,2.1857932120703683,0.0,360919.7411683214,360919.7411683214
1926,1164389.5540407514,2.0978590023893764,0.0,1164389.5540407514,1164389.5540407514
1927,468531.9881428679,2.6003402005664724,4655.78530628432,463876.2028365836,463876.2028365836
1928,490114.57072513655,2.876704859563876,17479.105483763837,472635.4652413727,472635.4652413727
1929,488888.61037887423,2.6882744102474647,8735.932635482362,480152.6777433919,480152.6777433919
1930,466583.1372924646,2.7636465899740292,12233.201774794956,454349.93551766966,454349.93551766966
1931,573961.2664405701,3.7057988365560846,91401.94317899554,482559.3232615746,482559.3232615746
1932,509943.9404322693,4.735885292819131,243825.47741020954,266118.46302205976,266118.46302205976
1933,518119.3972311818,5.5649792698113405,420510.47747774114,97608.91975344066,97608.91975344066
1934,473630.8122503464,6.431759336666832,663855.3561840488,0.0,0.0
1935,481260.36018466455,7.486969852838733,1045702.6064305124,0.0,0.0
1936,500094.2697619935,8.642676608646054,1534960.5461378333,0.0,0.0
1937,540727.5149482135,8.856231117871321,1615427.8852139136,0.0,0.0
1938,1362199.7400943404,8.014575110924683,1277321.546588367,84878.19350597332,84878.19350597332
1939,520394.6160324007,6.3815112168491215,649022.1112138606,0.0,0.0
1940,425897.6,4.5977029633204305,218621.02050964654,207276.57949035344,207276.57949035344
1941,507126.80168768414,3.0525732789258595,27826.448545475636,479300.35314220854,479300.35314220854
1942,496436.1961617617,2.085296972434949,0.0,496436.1961617617,496436.1961617617
1943,511616.0736627912,1.1682687857617486,0.0,511616.0736627912,511616.0736627912
1944,510413.4975042552,0.4522330783593866,0.0,510413.4975042552,510413.4975042552
1945,465195.4379218131,1.6581879539844175,0.0,465195.4379218131,465195.4379218131
1946,498284.578363057,2.135545092252659,0.0,498284.578363057,498284.578363057
1947,361678.938695602,1.0175244263086198,0.0,361678.938695602,361678.938695602
1948,375754.779383552,0.401984958541677,0.0,375754.779383552,375754.779383552
1949,376242.71168362367,0.8542180369010636,0.0,376242.71168362367,376242.71168362367
1950,1262948.150349675,1.0300864562630472,0.0,1262948.150349675,1262948.150349675
1951,437082.01942038944,1.180830815716176,0.0,437082.01942038944,437082.01942038944
1952,425801.9068096008,2.7259605001107468,10484.56720513865,415317.33960446215,415317.33960446215
1953,488250.3437807845,3.4043101176498265,58779.29035318473,429471.0534275998,429471.0534275998
1954,513448.1105824588,1.9094285530729656,0.0,513448.1105824588,513448.1105824588
1955,590641.1097344274,5.062498071634245,305899.57113145606,284741.53860297136,284741.53860297136
1956,491162.1259963258,6.63275181593767,729454.2217770582,0.0,0.0
1957,479077.8474741188,7.235729253750185,947417.2840670726,0.0,0.0
1958,503763.3716200265,7.235729253750185,947417.2840670726,0.0,0.0
1959,503745.6776631485,6.846306325162936,802575.2857357893,0.0,0.0
1960,519461.18689044175,6.067460467988437,556314.3301501865,0.0,0.0
1961,490793.79227994,5.4519210002214935,392507.23044926015,98286.56183067983,98286.56183067983
1962,1330486.2972726668,5.477045060130349,398094.8213729896,932391.4758996773,932391.4758996773
1963,553369.8744248518,4.660513113092567,230077.5918280843,323292.28259676753,323292.28259676753
1964,548640.484231491,3.8942292858724956,113561.36401860548,435079.1202128855,435079.1202128855
1965,491399.3571400349,3.2661277881511253,46619.24535729902,444780.1117827359,444780.1117827359
1966,465632.5946817625,2.9269529793815856,19810.618243305573,445821.9764384569,445821.9764384569
1967,474610.9397021735,3.014887189062577,24510.07263750678,450100.86706466676,450100.86706466676
1968,446418.0517940465,3.479682297376391,65412.04216912242,381006.00962492405,381006.00962492405
1969,333063.5679198866,3.9319153757357777,117993.24818652745,215070.31973335915,215070.31973335915
1970,330214.37491281144,4.120345825052189,144003.73542780743,186210.639485004,186210.639485004
1971,338298.1297246063,4.120345825052189,144003.73542780743,194294.39429679886,194294.39429679886
1972,344991.44977807807,3.668112746692802,86970.05901107354,258021.39076700452,258021.39076700452
1973,364230.33745395904,3.6429886867839474,84015.46956579221,280214.8678881668,280214.8678881668
1974,396027.5423709645,3.529930417194101,70719.81706202627,325307.7253089382,325307.7253089382
1975,474038.7886710694,3.4168721476042543,59884.74898917438,414154.039681895,414154.039681895
1976,490086.6193836102,3.316375907968835,51041.079901257486,439045.53948235273,439045.53948235273
1977,480171.51844198455,3.4671202674219637,64306.583533132805,415864.93490885175,415864.93490885175
1978,487154.0951706155,4.107783795097761,142124.4557466251,345029.6394239904,345029.6394239904
1979,487464.0033580641,4.811257472545696,257573.36299233497,229890.64036572914,229890.64036572914
1980,493410.07198636176,5.552417239856913,417163.9526978817,76246.11928848008,76246.11928848008
1981,415541.3701301401,6.092584527897291,563730.9526352802,0.0,0.0
1982,372601.3902993088,6.607627756028815,720851.7436642661,0.0,0.0
1983,435749.2082655955,6.946802564798356,836985.1981869569,0.0,0.0
1984,414008.6324379524,6.896554444980645,819780.241961373,0.0,0.0
1985,493678.0185817753,6.595065726074387,716550.5046078701,0.0,0.0
1986,510473.9785266095,5.916716108535308,514213.17131380603,0.0,0.0
1987,478769.2963787857,5.2258044610418,342218.91213569645,136550.38424308924,136550.38424308924
1988,480883.3512633494,4.685637173001422,234660.22035545937,246223.13090789004,246223.13090789004
1989,500121.5079027287,4.585140933366003,216329.70624595898,283791.8016567697,283791.8016567697
1990,415269.2293312575,4.6353890531837125,225494.96330070918,189774.26603054834,189774.26603054834
1991,353521.84801591915,4.497206723685011,200382.12586327762,153139.72215264154,153139.72215264154
1992,343560.0206961997,4.5977029633204305,218621.02050964654,124939.00018655314,124939.00018655314
1993,355327.93153157184,4.798695442591269,255282.04872864747,100045.88280292437,100045.88280292437
1994,344823.8129210139,5.188118371178518,333837.5257501025,10986.28717091144,10986.28717091144
1995,370635.4914506223,5.51473114999363,407124.3783583031,0.0,0.0
1996,319763.294108308,5.489607090084776,400888.61683485424,0.0,0.0
1997,373982.2356843043,5.250928520950655,347806.5030594257,26175.73262487864,26175.73262487864
1998,399039.6487780207,4.999687921862107,291943.07694764837,107096.57183037233,107096.57183037233
1999,431202.3798764261,5.929278138489735,517559.6960936655,0.0,0.0
2000,541978.1757842907,5.853905958763171,497480.5474145088,44497.62836978183,44497.62836978183
2001,430650.9052948225,5.213242431087374,339425.11667383194,91225.78862099058,91225.78862099058
2002,494301.67402137874,4.848943562408978,264447.30578339763,229854.3682379811,229854.3682379811
2003,508621.8580457329,4.283652214459745,168434.37128317787,340187.486762555,340187.486762555
2004,457448.1589245788,4.01984958541677,128969.49797834878,328478.66094623005,328478.66094623005
2005,393032.1922399138,4.509768753639438,202581.82066383353,190450.37157608027,190450.37157608027
2006,440354.6216948173,5.075060101588671,308693.3665933205,131661.25510149682,131661.25510149682
2007,446398.3554179538,5.627789419583478,437243.1013770386,9155.254040915228,9155.254040915228
2008,428425.7345651797,6.080022497942863,560022.6413927332,0.0,0.0
2009,469432.0989309705,6.431759336666832,663855.3561840488,0.0,0.0
2010,492879.6865203583,5.992088288261872,534292.3199929626,0.0,0.0
2011,505402.1282555927,5.5649792698113405,420510.47747774114,84891.65077785158,84891.65077785158
2012,466870.3555633031,4.874067622317833,269029.9343107727,197840.42125253042,197840.42125253042
2013,448364.0132035116,4.585140933366003,216329.70624595898,232034.30695755262,232034.30695755262
2014,455701.7154462395,4.660513113092567,230077.5918280843,225624.12361815522,225624.12361815522
2015,389859.8308071327,4.434396573912874,190985.72745736598,198874.10334976672,198874.10334976672
2016,359907.32333793055,4.095221765143334,140245.17606544276,219662.14727248778,219662.14727248778
2017,332249.04213227954,4.070097705234479,136486.61670307812,195762.42542920142,195762.42542920142
2018,343049.4473398741,4.283652214459745,168434.37128317787,174615.07605669624,174615.07605669624
2019,364945.15653195913,4.321338304323027,174072.21032672486,190872.94620523427,190872.94620523427
2020,365784.7167453125,4.082659735188907,138365.89638426044,227418.82036105206,227418.82036105206
2021,347764.8306916877,4.01984958541677,128969.49797834878,218795.33271333892,218795.33271333892
2022,383486.4103887948,3.869105225963641,110606.77457332418,272879.6358154706,272879.6358154706
2023,422787.0315617914,3.7937330462370764,101743.0062374802,321044.02532431117,321044.02532431117
2024,439532.980754277,3.63042665682952,82538.17484315156,356994.8059111255,356994.8059111255
2025,415323.65151921794,2.449595841113344,0.0,415323.65151921794,415323.65151921794
2026,507851.69189129135,1.7963702834831188,0.0,507851.69189129135,507851.69189129135
2027,522926.109754464,3.869105225963641,110606.77457332418,412319.3351811398,412319.3351811398
2028,486021.9911763064,5.502169120039203,403777.85357844364,82244.13759786275,82244.13759786275
2029,394914.1493969862,6.595065726074387,716550.5046078701,0.0,0.0
2030,404810.0728407345,6.05489843803401,552606.0189076397,0.0,0.0
2031,467642.31975761097,4.35902439418631,179710.04937027197,287932.270387339,287932.270387339
2032,431003.5705237141,3.1781935784701334,38881.03490537174,392122.5356183424,392122.5356183424
2033,490380.7150784949,2.6380262904297553,6404.419875940648,483976.29520255426,483976.29520255426
2034,541174.6435693982,2.9520770392904403,20976.374623076426,520198.2689463218,520198.2689463218
2035,535765.6904925327,3.4545582374675363,63201.1248971432,472564.56559538946,472564.56559538946
2036,484679.4661687239,3.517368387239673,69242.52233938556,415436.9438293383,415436.9438293383
2037,463966.4732976431,3.479682297376391,65412.04216912242,398554.4311285207,398554.4311285207
2038,398521.2625213033,3.1405074886068514,35564.65899740291,362956.6035239004,362956.6035239004
2039,368931.4785872649,2.71339847015632,9901.689015253241,359029.7895720117,359029.7895720117
2040,322245.5051044536,2.6254642604753275,5821.541686055199,316423.9634183984,316423.9634183984
2041,338783.39896242094,2.9395150093360125,20393.49643319098,318389.90252922993,318389.90252922993
2042,348715.28123005416,3.4671202674219637,64306.583533132805,284408.69769692136,284408.69769692136
2043,344123.6100085334,3.9570394356446323,120947.83763180877,223175.77237672464,223175.77237672464
2044,355334.73866268963,4.170593944869898,151520.85415253678,203813.88451015286,203813.88451015286
2045,353148.1195004811,4.195718004778753,155279.41351490142,197868.7059855797,197868.7059855797
2046,412568.1210073629,4.158031914915471,149641.57447135443,262926.5465360085,262926.5465360085
2047,482190.12639020185,4.7861334126368416,252990.7344649599,229199.39192524194,229199.39192524194
2048,513916.1806939814,4.7861334126368416,252990.7344649599,260925.4462290215,260925.4462290215
2049,494361.21347907657,4.459520633821729,194744.28681973062,299616.926659346,299616.926659346
2050,473355.2239508114,4.233404094642036,160917.25255844856,312437.97139236284,312437.97139236284
2051,498504.20606166177,4.183155974824326,153400.1338337192,345104.0722279425,345104.0722279425
2052,486456.1348085585,4.396710484049592,185347.888413819,301108.2463947395,301108.2463947395
2053,417506.2500225679,4.723323262864704,241534.163146522,175972.0868760459,175972.0868760459
2054,418254.3908600207,5.238366490996228,345012.70759756106,73241.68326245964,73241.68326245964
2055,440001.3080959284,6.255890917304848,611938.9987883911,0.0,0.0
2056,460180.20824300055,6.971926624707209,845587.6762997485,0.0,0.0
2057,505556.90987885394,6.946802564798356,836985.1981869569,0.0,0.0
2058,501757.8067892668,5.853905958763171,497480.5474145088,4277.259374757996,4277.259374757996
2059,477647.8324559656,5.162994311269664,328249.9348263732,149397.8976295924,149397.8976295924
2060,449022.7999794173,5.075060101588671,308693.3665933205,140329.4333860968,140329.4333860968
2061,434048.4360328027,5.188118371178518,333837.5257501025,100210.9102827002,100210.9102827002
2062,431931.9034302175,5.313738670722793,361775.48036874906,70156.42306146846,70156.42306146846
2063,334916.24594942783,5.477045060130349,398094.8213729896,0.0,0.0
2064,296986.9057379059,5.728285659218896,464015.2996159139,0.0,0.0
2065,456198.0580579347,5.778533779036606,477401.3987353519,0.0,0.0
2066,401998.28222824977,5.627789419583478,437243.1013770386,0.0,0.0
2067,393824.37929684913,5.627789419583478,437243.1013770386,0.0,0.0
2068,390812.7379577198,5.703161599310042,457322.25005619525,0.0,0.0
2069,358493.5784727486,5.590103329720195,427203.52703746,0.0,0.0
2070,373058.921998122,5.389110850449357,378538.25313993695,0.0,0.0
2071,426619.7926630621,6.356387156940267,641605.4887287668,0.0,0.0
2072,458075.3583745485,6.444321366621258,667563.6674265955,0.0,0.0
2073,531450.8938109259,5.765971749082179,474054.87395549245,57396.019855433435,57396.019855433435
2074,482671.8717399956,5.049936041679817,303105.77566959127,179566.09607040434,179566.09607040434
2075,564804.697271595,4.735885292819131,243825.47741020954,320979.21986138547,320979.21986138547
2076,532335.3722313076,4.911753712181116,275903.8771018355,256431.49512947205,256431.49512947205
2077,535050.4859655784,5.590103329720195,427203.52703746,107846.95892811834,107846.95892811834
2078,1245908.5816948966,6.29357700716813,623063.932516032,622844.6491788646,622844.6491788646
2079,765607.8532355558,6.620189785983242,725152.982720662,40454.87051489379,40454.87051489379
2080,477837.5368755268,6.883992415026219,815479.0029049774,0.0,0.0
2081,498436.2064387644,6.997050684616065,854190.1544125406,0.0,0.0
2082,531204.7177772521,6.3061390371225565,626772.2437585787,0.0,0.0
2083,521277.7970962816,6.318701067076985,630480.5550011259,0.0,0.0
2084,524036.7987821451,5.590103329720195,427203.52703746,96833.27174468507,96833.27174468507
2085,477697.6821823033,4.4469586038673015,192865.00713854833,284832.675043755,284832.675043755
2086,492617.4637020601,4.170593944869898,151520.85415253678,341096.60954952333,341096.60954952333
2087,469368.8063342936,4.044973645325625,132728.05734071345,336640.7489935802,336640.7489935802
2088,440581.7839036577,4.170593944869898,151520.85415253678,289060.9297511209,289060.9297511209
2089,471083.279826778,4.245966124596463,162796.5322396309,308286.74758714705,308286.74758714705
2090,396650.8910527322,4.434396573912874,190985.72745736598,205665.1635953662,205665.1635953662
2091,419083.5407283536,4.723323262864704,241534.163146522,177549.3775818316,177549.3775818316
2092,368550.5568689148,4.560016873457148,211747.07771858375,156803.47915033106,156803.47915033106
2093,379918.4873777018,3.9570394356446323,120947.83763180877,258970.64974589302,258970.64974589302
2094,386589.5106141893,3.366624027786545,55462.91444521596,331126.59616897337,331126.59616897337
2095,401907.83419989794,3.5550544771029555,73674.40650730756,328233.4276925904,328233.4276925904
2096,440281.364819708,3.203317638378988,41091.95217735095,399189.41264235706,399189.41264235706
2097,466836.06858452654,3.027449219017005,25615.53127349642,441220.53731103014,441220.53731103014
2098,510048.32628100365,2.9646390692448676,21559.25281296186,488489.0734680418,488489.0734680418
2099,649949.6078662183,2.9897631291537223,22725.009192732716,627224.5986734856,627224.5986734856
2100,506314.4755606873,2.5375300507943357,1741.3943568571758,504573.08120383014,504573.08120383014
2101,494145.005048429,1.9094285530729656,0.0,494145.005048429,494145.005048429
2102,1305401.3678659953,1.6833120138932725,0.0,1305401.3678659953,1305401.3678659953
2103,704717.9264934337,2.135545092252659,0.0,704717.9264934337,704717.9264934337
2104,514648.1648985437,3.2284416982878428,43302.86944933016,471345.29544921353,471345.29544921353
2105,555531.1493824266,5.2258044610418,342218.91213569645,213312.2372467302,213312.2372467302
2106,541328.2916701019,6.595065726074387,716550.5046078701,0.0,0.0
2107,548002.4477012893,6.620189785983242,725152.982720662,0.0,0.0
2108,472928.5717427817,5.351424760586074,370156.8667543428,102771.70498843893,102771.70498843893
2109,497590.14280184463,4.396710484049592,185347.888413819,312242.2543880256,312242.2543880256
2110,463120.4103445523,4.132907855006616,145883.01510898976,317237.3952355626,317237.3952355626
2111,438181.1968119422,4.057535675280052,134607.33702189577,303573.85979004647,303573.85979004647
2112,467385.5435523876,3.4043101176498265,58779.29035318473,408606.2531992029,408606.2531992029
2113,351208.4209753033,2.914390949427158,19227.740053420122,331980.68092188315,331980.68092188315
2114,336606.2094415645,2.7510845600196014,11650.323584909505,324955.885856655,324955.885856655
2115,341960.26737598574,2.5375300507943357,1741.3943568571758,340218.8730191286,340218.8730191286
2116,327743.01377349865,2.512405990885481,575.6379770863184,327167.37579641235,327167.37579641235
2117,332969.4281193275,2.5877781706120455,4072.9071163989115,328896.5210029286,328896.5210029286
2118,375976.7905241128,2.3993477212956345,0.0,375976.7905241128,375976.7905241128
2119,500940.9934666801,2.148107122207086,0.0,500940.9934666801,500940.9934666801
2120,450304.9933591823,1.4697575046680063,0.0,450304.9933591823,450304.9933591823
2121,471160.8431537408,0.2638026290429755,0.0,471160.8431537408,471160.8431537408
2122,425748.7276170961,2.1229830622982315,0.0,425748.7276170961,425748.7276170961
2123,425960.2540933581,3.479682297376391,65412.04216912242,360548.2119242357,360548.2119242357
2124,474144.0599030457,4.560016873457148,211747.07771858375,262396.98218446196,262396.98218446196
2125,398482.9120215156,5.477045060130349,398094.8213729896,388.0906485259766,388.0906485259766
2126,411093.0350401611,6.2307668573959925,604522.3763032969,0.0,0.0
2127,412526.3461875906,6.946802564798356,836985.1981869569,0.0,0.0
2128,434040.31101063616,6.997050684616065,854190.1544125406,0.0,0.0
2129,537950.8912020633,5.979526258307445,530945.7952131032,7005.095988960122,7005.095988960122
2130,523745.2188923591,3.856543196009213,109129.47985068346,414615.73904167564,414615.73904167564
2131,543914.0550104302,3.4294341775586816,60990.20762516399,482923.84738526616,482923.84738526616
2132,452470.1296097175,5.502169120039203,403777.85357844364,48692.27603127388,48692.27603127388
2133,453452.3029072986,6.19308076753271,593397.4425756561,0.0,0.0
2134,437570.7856121116,6.117708587806146,571147.5751203744,0.0,0.0
2135,328346.38243556244,6.808620235299653,789671.5685666011,0.0,0.0
2136,334629.5360695443,6.318701067076985,630480.5550011259,0.0,0.0
2137,322900.89092037594,4.723323262864704,241534.163146522,81366.72777385393,81366.72777385393
2138,331282.87130674365,3.8314191361003584,106174.89040540216,225107.98090134148,225107.98090134148
2139,346340.127037514,2.9520770392904403,20976.374623076426,325363.7524144376,325363.7524144376
2140,388313.0054341642,3.215879668333416,42197.4108133406,346115.5946208236,346115.5946208236
2141,347185.8125688727,3.9570394356446323,120947.83763180877,226237.97493706393,226237.97493706393
2142,395077.7305406813,4.497206723685011,200382.12586327762,194695.60467740367,194695.60467740367
2143,479978.31151667406,5.489607090084776,400888.61683485424,79089.69468181982,79089.69468181982
2144,500329.0481190931,5.992088288261872,534292.3199929626,0.0,0.0
2145,462806.1774882229,6.808620235299653,789671.5685666011,0.0,0.0
2146,496350.1094817402,7.235729253750185,947417.2840670726,0.0,0.0
2147,480037.8712310993,7.436721733021024,1026045.5419578245,0.0,0.0
2148,451206.5319965984,7.524655942702016,1061668.3395430488,0.0,0.0
2149,422638.1021257343,7.612590152383007,1100429.7391704293,0.0,0.0
2150,418412.6819094841,7.775896541790564,1172415.1956212807,0.0,0.0
2151,413803.72565363336,7.93920293119812,1244400.6520721314,0.0,0.0
2152,424879.8470606664,8.03969917083354,1287873.6517500868,0.0,0.0
2153,509631.8105703268,7.98945105101583,1266550.0232877778,0.0,0.0
2154,544867.1172565435,7.399035643157741,1011302.7436033082,0.0,0.0
2155,508180.1836061901,6.808620235299653,789671.5685666011,0.0,0.0
2156,504800.1462085586,6.331263097031412,634188.8662436728,0.0,0.0
2157,423715.100247307,5.7910958089910345,480747.9235152116,0.0,0.0
2158,448902.49787816434,5.5272931799480585,410470.9031381628,38431.59474000154,38431.59474000154
2159,403308.1148950932,5.263490550905083,350600.29852129053,52707.81637380266,52707.81637380266
2160,352622.3050895641,5.1504322813152354,325456.1393645084,27166.165725055733,27166.165725055733
2161,387143.7243573379,5.037374011725389,300311.9802077266,86831.74414961133,86831.74414961133
2162,394699.1176109734,4.98712589190768,289651.76268396084,105047.35492701258,105047.35492701258
2163,414539.8818176719,5.062498071634245,305899.57113145606,108640.31068621582,108640.31068621582
2164,394987.8049418482,5.213242431087374,339425.11667383194,55562.68826801627,55562.68826801627
2165,336365.41104212904,5.238366490996228,345012.70759756106,0.0,0.0
2166,379291.5106692665,5.112746191451954,317074.75297891465,62216.757690351864,62216.757690351864
2167,401413.7041259205,6.3438251269858394,637897.1774862198,0.0,0.0
2168,428531.9295188507,6.218204827441566,600814.0650607503,0.0,0.0
2169,441776.8847056749,5.665475509446759,447282.6757166167,0.0,0.0
2170,463326.5526282444,5.2258044610418,342218.91213569645,121107.64049254794,121107.64049254794
2171,487860.7964647304,5.100184161497526,314280.9575170498,173579.8389476806,173579.8389476806
2172,489497.8143267467,5.238366490996228,345012.70759756106,144485.10672918562,144485.10672918562
2173,447191.9767387359,5.6026653596746225,430550.0518173195,16641.924921416445,16641.924921416445
2174,419518.4202911088,6.130270617760574,574855.8863629213,0.0,0.0
2175,400468.21900679165,6.620189785983242,725152.982720662,0.0,0.0
2176,1000341.2196689053,6.858868355117363,806876.5247921853,193464.69487671996,193464.69487671996
2177,488938.70669407153,6.858868355117363,806876.5247921853,0.0,0.0
2178,484899.8818167514,6.331263097031412,634188.8662436728,0.0,0.0
2179,554316.0240855559,5.61522738962905,433896.5765971789,120419.44748837705,120419.44748837705
2180,516237.407350241,4.64795108313814,227786.27756439673,288451.12978584424,288451.12978584424
2181,479956.5145789844,3.9821634955534875,123902.42707709012,356054.0875018943,356054.0875018943
2182,483311.1721051813,3.7811710162826486,100265.71151483948,383045.4605903418,383045.4605903418
2183,400103.7580359319,3.7057988365560846,91401.94317899554,308701.81485693634,308701.81485693634
2184,385895.1039327888,3.668112746692802,86970.05901107354,298925.0449217153,298925.0449217153
2185,381624.11854975694,3.5801785370118107,76628.99595258894,304995.12259716797,304995.12259716797
2186,384617.0990657321,3.5927405669662376,78106.29067522954,306510.8083905026,306510.8083905026
2187,401339.3774556648,3.7057988365560846,91401.94317899554,309937.4342766693,309937.4342766693
2188,409877.3315102788,3.7434849264193666,95833.82734691752,314043.5041633613,314043.5041633613
2189,375063.0669186037,3.718360866510512,92879.2379016362,282183.82901696756,282183.82901696756
2190,390100.394907111,3.693236806601657,89924.64845635489,300175.7464507561,300175.7464507561
2191,409589.2008723313,4.35902439418631,179710.04937027197,229879.1515020593,229879.1515020593
2192,450296.3537877744,3.9444774056902054,119470.54290916816,330825.8108786062,330825.8108786062
2193,477845.1630662037,3.4545582374675363,63201.1248971432,414644.0381690605,414644.0381690605
2194,476193.9994274654,2.6003402005664724,4655.78530628432,471538.21412118105,471538.21412118105
2195,455373.6581522898,1.6205018641211353,0.0,455373.6581522898,455373.6581522898
2196,493185.1492827726,0.5150432281315236,0.0,493185.1492827726,493185.1492827726
2197,441091.5643370238,0.8542180369010636,0.0,441091.5643370238,441091.5643370238
2198,429763.8639694869,2.198355242024796,0.0,429763.8639694869,429763.8639694869
2199,396080.5521470882,3.6429886867839474,84015.46956579221,312065.082581296,312065.082581296
2200,1014382.2753549246,5.263490550905083,350600.29852129053,663781.9768336341,663781.9768336341
2201,482206.0578717714,6.695561965709807,750960.417059038,0.0,0.0
2202,533500.6219613393,7.625152182337435,1105967.0819743413,0.0,0.0
2203,558513.6051247377,7.801020601699419,1183489.8812291038,0.0,0.0
2204,497418.5022557712,6.745810085527516,768165.3732846216,0.0,0.0
2205,526886.1389303246,5.715723629264469,460668.7748360544,66217.36409427016,66217.36409427016
2206,503131.8912274035,5.087622131543099,311487.1620551851,191644.72917221836,191644.72917221836
2207,401265.0353940041,4.5223307835938655,204873.13492752108,196391.900466483,196391.900466483
2208,414981.4606958325,4.120345825052189,144003.73542780743,270977.72526802507,270977.72526802507
2209,384630.97179346473,3.906791315826923,115038.65874124614,269592.3130522186,269592.3130522186
2210,394808.2016217853,3.881667255918068,112084.06929596479,282724.1323258205,282724.1323258205
2211,355634.2302752492,3.9444774056902054,119470.54290916816,236163.68736608105,236163.68736608105
2212,363570.5446482401,3.9570394356446323,120947.83763180877,242622.70701643132,242622.70701643132
2213,327626.1444399083,3.8942292858724956,113561.36401860548,214064.78042130283,214064.78042130283
2214,380703.790534257,3.7686089863282213,98788.41679219883,281915.3737420582,281915.3737420582
2215,425240.3861273457,4.333900334277455,175951.49000790733,249288.89611943834,249288.89611943834
2216,383962.6765219023,3.542492447148528,72197.11178466692,311765.5647372354,311765.5647372354
2217,508902.6082185831,2.6003402005664724,4655.78530628432,504246.8229122988,504246.8229122988
2218,479254.7406952704,1.8214943433919737,0.0,479254.7406952704,479254.7406952704
2219,513297.1279233872,1.4195093848502967,0.0,513297.1279233872,513297.1279233872
2220,489539.0643194401,0.7411597673112169,0.0,489539.0643194401,489539.0643194401
2221,482514.9368104401,0.803969917083354,0.0,482514.9368104401,482514.9368104401
2222,412416.5638686621,1.98480073279953,0.0,412416.5638686621,412416.5638686621
2223,421934.7780159096,3.2661277881511253,46619.24535729902,375315.5326586106,375315.5326586106
2224,957328.795455264,4.509768753639438,202581.82066383353,754746.9747914305,754746.9747914305
2225,484095.57345577935,6.042336408079581,548897.7076650924,0.0,0.0
2226,482484.4636894223,6.946802564798356,836985.1981869569,0.0,0.0
2227,507980.7420004182,7.009612714570492,858960.4939399766,0.0,0.0
2228,479095.8607066157,6.029774378125154,545189.3964225454,0.0,0.0
2229,526568.7246766271,4.962001831998825,285069.13415658573,241499.59052004135,241499.59052004135
2230,463540.42328979104,4.296214244414172,170313.6509643602,293226.7723254309,293226.7723254309
2231,435853.82766113424,3.994725525507915,125379.72179973079,310474.10586140346,310474.10586140346
2232,411932.0941540806,3.9319153757357777,117993.24818652745,293938.84596755315,293938.84596755315
2233,384503.9097033936,3.8314191361003584,106174.89040540216,278329.0192979914,278329.0192979914
2234,399402.74726314575,3.881667255918068,112084.06929596479,287318.67796718096,287318.67796718096
2235,352772.699115868,4.070097705234479,136486.61670307812,216286.0824127899,216286.0824127899
2236,325498.11821351055,4.283652214459745,168434.37128317787,157063.74693033268,157063.74693033268
2237,351663.31036189536,4.3715864241407365,181589.32905145417,170073.9813104412,170073.9813104412
2238,391542.2100650419,4.296214244414172,170313.6509643602,221228.5591006817,221228.5591006817
2239,430053.1316351396,5.012249951816535,294724.3892839973,135328.74235114228,135328.74235114228
2240,405185.7828774792,3.9821634955534875,123902.42707709012,281283.3558003891,281283.3558003891
2241,412829.6708265015,3.165631548515706,37775.57626938213,375054.09455711936,375054.09455711936
2242,379044.5608525497,2.5752161406576177,3490.0289265134625,375554.53192603623,375554.53192603623
2243,552164.2815379922,2.9269529793815856,19810.618243305573,532353.6632946866,532353.6632946866
2244,403058.28881874727,3.9570394356446323,120947.83763180877,282110.4511869385,282110.4511869385
2245,423070.54255874426,5.024811981770962,297518.184745862,125552.35781288228,125552.35781288228
2246,429387.3911402286,5.753409719127752,470708.349175633,0.0,0.0
2247,471982.4391962172,6.444321366621258,667563.6674265955,0.0,0.0
2248,1385634.7322192625,7.02217474452492,863874.7600581485,521759.972161114,521759.972161114
2249,428970.094585969,7.386473613203314,1006388.4774851366,0.0,0.0
2250,438777.6461450964,6.720686025618662,759562.8951718297,0.0,0.0
2251,434482.1465010796,5.853905958763171,497480.5474145088,0.0,0.0
2252,465267.4824960477,5.288614610813937,356187.8894450196,109079.59305102809,109079.59305102809
2253,423305.1860473242,4.673075143046995,232368.90609177182,190936.2799555524,190936.2799555524
2254,417008.0725543319,4.472082663776156,196623.56650091297,220384.50605341894,220384.50605341894
2255,395002.1181024647,4.4469586038673015,192865.00713854833,202137.11096391638,202137.11096391638
2256,418572.63725814177,4.534892813548293,207164.44919120864,211408.18806693313,211408.18806693313
2257,447958.4475237846,4.6353890531837125,225494.96330070918,222463.48422307541,222463.48422307541
2258,464251.62470957177,4.660513113092567,230077.5918280843,234174.03288148748,234174.03288148748
2259,407695.2157512799,4.384148454095165,183468.60873263664,224226.60701864326,224226.60701864326
2260,424092.8847099292,3.9570394356446323,120947.83763180877,303145.0470781204,303145.0470781204
2261,426913.3692528066,3.693236806601657,89924.64845635489,336988.7207964517,336988.7207964517
2262,435830.56996536936,3.4419962075131094,62095.66626115362,373734.9037042157,373734.9037042157
2263,382323.81687967567,3.68067477664723,88447.35373371423,293876.4631459614,293876.4631459614
2264,386703.5781392008,3.354061997832117,54357.45580922631,332346.1223299745,332346.1223299745
2265,493657.5707798171,2.851580799655021,16313.349103992976,477344.22167582414,477344.22167582414
2266,480666.2340870292,1.7838082535286914,0.0,480666.2340870292,480666.2340870292
2267,629759.6933055657,0.6406635276757977,0.0,629759.6933055657,629759.6933055657
2268,540293.499181074,1.3818232949870146,0.0,540293.499181074,540293.499181074
2269,502647.0502612502,2.6505883203841822,6987.298065826056,495659.7521954241,495659.7521954241
2270,1389749.0529571956,4.195718004778753,155279.41351490142,1234469.6394422941,1234469.6394422941
2271,756014.8175690995,5.703161599310042,457322.25005619525,298692.56751290424,298692.56751290424
2272,537106.2677487768,6.73324805557309,763864.134228226,0.0,0.0
2273,555061.4559044122,7.474407822884306,1040788.3403123403,0.0,0.0
2274,508790.4447480943,7.02217474452492,863874.7600581485,0.0,0.0
2275,586224.7322978971,5.753409719127752,470708.349175633,115516.38312226412,115516.38312226412
2276,517481.8078828528,4.459520633821729,194744.28681973062,322737.5210631222,322737.5210631222
2277,510444.7248309653,3.2912518480599804,48830.162629278275,461614.562201687,461614.562201687
2278,534735.1441655628,2.7887706498828844,13398.958154565835,521336.186010997,521336.186010997
2279,503289.1495820464,2.8013326798373113,13981.836344451242,489307.31323759514,489307.31323759514
2280,499902.3031421648,2.700836440201892,9318.810825367791,490583.49231679697,490583.49231679697
2281,413186.1363369445,2.474719901022199,0.0,413186.1363369445,413186.1363369445
2282,371568.5169414809,2.5375300507943357,1741.3943568571758,369827.12258462375,369827.12258462375
2283,371372.6922731005,2.8390187697005933,15730.47091410753,355642.221358993,355642.221358993
2284,393116.06647193246,3.00232515910815,23404.61400151721,369711.4524704153,369711.4524704153
2285,341411.658123742,3.00232515910815,23404.61400151721,318007.0441222248,318007.0441222248
2286,358207.4483087645,2.7887706498828844,13398.958154565835,344808.49015419866,344808.49015419866
2287,419014.43696066726,2.8390187697005933,15730.47091410753,403283.96604655974,403283.96604655974
2288,432894.64873785054,1.9471146429362478,0.0,432894.64873785054,432894.64873785054
2289,467394.42309924494,1.3692612650325873,0.0,467394.42309924494,467394.42309924494
2290,450050.50717413815,1.7084360738021271,0.0,450050.50717413815,450050.50717413815
2291,494267.4547868227,2.2109172719792234,0.0,494267.4547868227,494267.4547868227
2292,484606.5384914872,3.3414999678776898,53251.997173236705,431354.5413182505,431354.5413182505
2293,397719.9114992004,4.710761232910277,239242.84888283446,158477.06261636593,158477.06261636593
2294,455779.6943249351,5.740847689173324,467361.8243957736,0.0,0.0
2295,470230.5285403216,6.3061390371225565,626772.2437585787,0.0,0.0
2296,1055583.0795212437,6.620189785983242,725152.982720662,330430.09680058167,330430.09680058167
2297,449800.9224816102,6.607627756028815,720851.7436642661,0.0,0.0
2298,471684.7870994317,6.05489843803401,552606.0189076397,0.0,0.0
2299,501243.3662555352,5.213242431087374,339425.11667383194,161818.24958170328,161818.24958170328
2300,560389.296547709,4.69819920295585,236951.53461914707,323437.76192856196,323437.76192856196
2301,496613.2333410124,4.070097705234479,136486.61670307812,360126.61663793423,360126.61663793423
2302,480393.750427743,3.655550716738375,85492.76428843293,394900.98613931006,394900.98613931006
2303,418206.0973362998,3.542492447148528,72197.11178466692,346008.9855516328,346008.9855516328
2304,413598.9009470437,3.479682297376391,65412.04216912242,348186.85877792124,348186.85877792124
2305,409268.9040592333,3.3917480876953996,57673.83171719517,351595.07234203815,351595.07234203815
2306,416544.2489411796,3.4545582374675363,63201.1248971432,353343.1240440364,353343.1240440364
2307,387196.68389034696,3.6429886867839474,84015.46956579221,303181.2143245548,303181.2143245548
2308,376831.24410187145,3.9319153757357777,117993.24818652745,258837.99591534398,258837.99591534398
2309,312328.637195827,4.195718004778753,155279.41351490142,157049.22368092556,157049.22368092556
2310,380268.056493594,4.233404094642036,160917.25255844856,219350.80393514546,219350.80393514546
2311,416762.3031785083,4.924315742135542,278195.1913655229,138567.1118129854,138567.1118129854
2312,403392.1007588473,4.233404094642036,160917.25255844856,242474.84820039876,242474.84820039876
2313,473309.5620644647,3.0902593687891415,31142.824453444453,442166.7376110203,442166.7376110203
2314,513670.5978586253,2.3742236613867793,0.0,513670.5978586253,513670.5978586253
2315,476520.91660018056,2.2988514816602152,0.0,476520.91660018056,476520.91660018056
2316,473550.95772603055,3.215879668333416,42197.4108133406,431353.5469126899,431353.5469126899
2317,403723.2112207393,4.4469586038673015,192865.00713854833,210858.20408219096,210858.20408219096
2318,456025.6611713862,5.32630070067722,364569.27583061374,91456.38534077245,91456.38534077245
2319,410169.4830788438,5.841343928808744,494134.02263464936,0.0,0.0
2320,947842.5978450346,6.29357700716813,623063.932516032,324778.66532900254,324778.66532900254
2321,470332.5668078687,6.9216785048895,828382.7200741648,0.0,0.0
2322,502902.07851228135,7.135233014114766,908103.1551216963,0.0,0.0
2323,524692.8585124478,6.783496175390799,781069.0904538096,0.0,0.0
2324,513431.2108484834,5.966964228353017,527599.2704332437,0.0,0.0
2325,499705.4389351031,4.811257472545696,257573.36299233497,242132.07594276816,242132.07594276816
2326,491303.922300798,3.7057988365560846,91401.94317899554,399901.9791218025,399901.9791218025
2327,379186.76523850864,3.2410037282422706,44408.32808531981,334778.43715318886,334778.43715318886
2328,386133.8293011666,3.2912518480599804,48830.162629278275,337303.6666718883,337303.6666718883
2329,400698.2971324704,3.316375907968835,51041.079901257486,349657.21723121294,349657.21723121294
2330,371645.5407580976,3.1907556084245607,39986.49354136134,331659.04721673625,331659.04721673625
2331,391306.93096227,2.813894709791739,14564.714534336692,376742.2164279333,376742.2164279333
2332,364823.9798854989,2.2737274217513606,0.0,364823.9798854989,364823.9798854989
2333,355067.0470779734,1.8843044931641106,0.0,355067.0470779734,355067.0470779734
2334,379403.3374878313,2.0350488526172397,0.0,379403.3374878313,379403.3374878313
2335,441453.2728491443,2.9646390692448676,21559.25281296186,419894.0200361824,419894.0200361824
2336,408773.8534627749,2.977201099199295,22142.131002847287,386631.7224599276,386631.7224599276
2337,483961.91479716456,2.449595841113344,0.0,483961.91479716456,483961.91479716456
2338,427110.2759747665,1.8717424632096833,0.0,427110.2759747665,427110.2759747665
2339,454097.78798870655,1.8843044931641106,0.0,454097.78798870655,454097.78798870655
2340,469344.5675402174,3.027449219017005,25615.53127349642,443729.036266721,443729.036266721
2341,432843.098738059,4.6353890531837125,225494.96330070918,207348.13543734982,207348.13543734982
2342,476526.6358687609,5.6403514495379055,440589.62615689804,35937.00971186283,35937.00971186283
2343,376849.3645022195,6.029774378125154,545189.3964225454,0.0,0.0
2344,939866.8721247148,6.29357700716813,623063.932516032,316802.93960868276,316802.93960868276
2345,489443.57922542456,6.544817606256678,699345.5483822866,0.0,0.0
2346,444747.2732022196,6.758372115481944,772466.6123410175,0.0,0.0
2347,504137.92858761095,6.507131516393396,686441.8312130987,0.0,0.0
2348,512355.64169591287,5.678037539401187,450629.2004964761,61726.441199436784,61726.441199436784
2349,569573.2427833908,4.735885292819131,243825.47741020954,325747.76537318126,325747.76537318126
2350,468666.89910767885,3.906791315826923,115038.65874124614,353628.2403664327,353628.2403664327
2351,378493.8095025832,3.379186057740972,56568.37308120552,321925.43642137764,321925.43642137764
2352,462086.9135165413,3.2410037282422706,44408.32808531981,417678.5854312215,417678.5854312215
2353,422171.6746889968,3.3917480876953996,57673.83171719517,364497.84297180164,364497.84297180164
2354,415304.0181577742,3.6053025969206653,79583.58539787025,335720.43275990395,335720.43275990395
2355,378309.34791769256,3.655550716738375,85492.76428843293,292816.5836292596,292816.5836292596
2356,420838.7562417328,3.4671202674219637,64306.583533132805,356532.1727086,356532.1727086
2357,359191.3652539013,3.0776973388347146,30037.365817454887,329153.9994364464,329153.9994364464
2358,367438.7301375505,2.6380262904297553,6404.419875940648,361034.31026160985,361034.31026160985
2359,442959.1623559138,2.7636465899740292,12233.201774794956,430725.9605811188,430725.9605811188
2360,384374.4688610069,2.7762086199284566,12816.079964680386,371558.38889632653,371558.38889632653
2361,505141.3045316096,3.4419962075131094,62095.66626115362,443045.63827045594,443045.63827045594
2362,448644.0499338972,4.321338304323027,174072.21032672486,274571.83960717235,274571.83960717235
2363,467141.8082305698,5.125308221406382,319868.54844077927,147273.25978979055,147273.25978979055
2364,502071.98897039774,5.853905958763171,497480.5474145088,4591.441555888916,4591.441555888916
2365,424870.6010199882,6.569941666165533,707948.0264950787,0.0,0.0
2366,435294.31050625467,6.909116474935073,824081.481017769,0.0,0.0
2367,399628.4195010127,7.059860834388202,878617.5584126645,0.0,0.0
2368,1069345.7797137694,7.235729253750185,947417.2840670726,121928.49564669689,121928.49564669689
2369,527090.4602269806,7.198043163886903,932674.4857125566,0.0,0.0
2370,523843.3062348727,6.720686025618662,759562.8951718297,0.0,0.0
2371,507900.8138151927,6.117708587806146,571147.5751203744,0.0,0.0
2372,518354.31722873566,5.489607090084776,400888.61683485424,117465.70039388142,117465.70039388142
2373,429482.2930104336,4.459520633821729,194744.28681973062,234738.006190703,234738.006190703
2374,493134.89514502994,3.7937330462370764,101743.0062374802,391391.8889075497,391391.8889075497
2375,379692.54676271736,3.6178646268750927,81060.8801205109,298631.6666422065,298631.6666422065
2376,408295.5125631427,3.6178646268750927,81060.8801205109,327234.63244263176,327234.63244263176
2377,397504.4918143863,3.7057988365560846,91401.94317899554,306102.5486353907,306102.5486353907
2378,392368.6760873456,3.818857106145931,104697.59568276149,287671.08040458406,287671.08040458406
2379,366418.5396572536,3.7309228964649397,94356.53262427691,272062.0070329767,272062.0070329767
2380,389236.3066055468,3.3414999678776898,53251.997173236705,335984.3094323101,335984.3094323101
2381,362206.5412407829,2.9395150093360125,20393.49643319098,341813.0448075919,341813.0448075919
2382,383002.67164309416,2.474719901022199,0.0,383002.67164309416,383002.67164309416
2383,421278.714873235,2.411909751250062,0.0,421278.714873235,421278.714873235
2384,439862.4096688387,2.0727349424805217,0.0,439862.4096688387,439862.4096688387
2385,455470.0015217011,1.5576917143489981,0.0,455470.0015217011,455470.0015217011
2386,443187.70864678064,2.1229830622982315,0.0,443187.70864678064,443187.70864678064
2387,502265.7690070892,2.9520770392904403,20976.374623076426,481289.3943840128,481289.3943840128
2388,433735.2352766221,3.818857106145931,104697.59568276149,329037.6395938606,329037.6395938606
2389,437547.957160096,4.4846446937305835,198502.84618209532,239045.11097800065,239045.11097800065
2390,427421.7468263631,4.98712589190768,289651.76268396084,137769.98414240225,137769.98414240225
2391,405445.6895200637,5.590103329720195,427203.52703746,0.0,0.0
2392,1057268.5528541354,6.117708587806146,571147.5751203744,486120.97773376096,486120.97773376096
2393,500750.97855516616,6.544817606256678,699345.5483822866,0.0,0.0
2394,494526.8779969197,6.657875875846525,738056.6998898502,0.0,0.0
2395,550923.6462340737,6.0046503182163,537772.7739374518,13150.872296621907,13150.872296621907
2396,527669.855358456,4.773571382682413,250699.4202012722,276970.4351571838,276970.4351571838
2397,474059.9007393694,3.5801785370118107,76628.99595258894,397430.9047867805,397430.9047867805
2398,472460.42207435326,3.00232515910815,23404.61400151721,449055.8080728361,449055.8080728361
2399,429070.57362778287,3.0400112489714317,26720.98990948599,402349.5837182969,402349.5837182969
2400,416031.7487928085,3.4294341775586816,60990.20762516399,355041.5411676445,355041.5411676445
2401,461255.687724646,3.7686089863282213,98788.41679219883,362467.27093244717,362467.27093244717
2402,434380.3776517899,3.8942292858724956,113561.36401860548,320819.0136331844,320819.0136331844
2403,418055.9595673518,3.7937330462370764,101743.0062374802,316312.9533298716,316312.9533298716
2404,434850.12052965566,3.504806357285246,67765.22761674495,367084.8929129107,367084.8929129107
2405,383956.09350794775,3.1907556084245607,39986.49354136134,343969.5999665864,343969.5999665864
2406,439868.7659872009,2.8390187697005933,15730.47091410753,424138.2950730934,424138.2950730934
2407,360989.0139538333,3.366624027786545,55462.91444521596,305526.09950861736,305526.09950861736
2408,377652.8469863346,3.529930417194101,70719.81706202627,306933.0299243083,306933.0299243083
2409,463765.493770462,3.6178646268750927,81060.8801205109,382704.61364995106,382704.61364995106
2410,443138.2912650419,3.4043101176498265,58779.29035318473,384359.0009118572,384359.0009118572
2411,611907.1728256564,2.914390949427158,19227.740053420122,592679.4327722363,592679.4327722363
2412,583420.2176085137,2.6380262904297553,6404.419875940648,577015.797732573,577015.797732573
2413,517755.1319134223,2.5752161406576177,3490.0289265134625,514265.10298690887,514265.10298690887
2414,1442728.0565515396,3.4043101176498265,58779.29035318473,1383948.7661983548,1383948.7661983548
2415,824902.7715884759,4.685637173001422,234660.22035545937,590242.5512330165,590242.5512330165
2416,531095.200359238,5.753409719127752,470708.349175633,60386.85118360497,60386.85118360497
2417,550510.2142413745,6.63275181593767,729454.2217770582,0.0,0.0
2418,523529.046168861,6.883992415026219,815479.0029049774,0.0,0.0
2419,545744.194152665,6.3815112168491215,649022.1112138606,0.0,0.0
2420,545755.1199582438,5.42679694031264,386919.6395255311,158835.4804327127,158835.4804327127
2421,516714.2977861142,4.5977029633204305,218621.02050964654,298093.27727646765,298093.27727646765
2422,451735.7238300908,3.9193533457813503,116515.9534638868,335219.770366204,335219.770366204
2423,523129.3681718738,3.718360866510512,92879.2379016362,430250.13027023757,430250.13027023757
2424,461496.0493555127,3.6178646268750927,81060.8801205109,380435.1692350018,380435.1692350018
2425,440107.4633189932,3.4922443273308184,66517.50080511202,373589.9625138812,373589.9625138812
2426,443627.7378592817,3.6053025969206653,79583.58539787025,364044.15246141143,364044.15246141143
2427,401761.93436488026,3.68067477664723,88447.35373371423,313314.580631166,313314.580631166
2428,442289.7690695401,3.8062950761915033,103220.30096012079,339069.4681094193,339069.4681094193
2429,400664.8235505146,4.057535675280052,134607.33702189577,266057.48652861884,266057.48652861884
2430,419741.4459072659,4.271090184505318,166555.09160199555,253186.35430527033,253186.35430527033
2431,388627.0443307005,5.401672880403784,381332.0486018016,7294.995728898852,7294.995728898852
2432,350553.1702257431,5.4142349103582115,384125.84406366624,0.0,0.0
2433,444906.6350451789,5.489607090084776,400888.61683485424,44018.01821032463,44018.01821032463
2434,446969.3854003642,5.5649792698113405,420510.47747774114,26458.90792262304,26458.90792262304
2435,564427.381767392,5.539855209902486,413817.4279180222,150609.95384936983,150609.95384936983
2436,552848.0117108504,5.678037539401187,450629.2004964761,102218.81121437432,102218.81121437432
2437,502132.9575028843,5.765971749082179,474054.87395549245,28078.08354739187,28078.08354739187
2438,1289449.3835110886,5.979526258307445,530945.7952131032,758503.5882979854,758503.5882979854
2439,801200.2405908898,6.4945694864389685,682396.9123967835,118803.32819410635,118803.32819410635
2440,450211.0,6.783496175390799,781069.0904538096,0.0,0.0
2441,530776.5231793529,6.582503696119961,712249.2655514745,0.0,0.0
2442,536204.046661144,5.062498071634245,305899.57113145606,230304.47552968794,230304.47552968794
2443,527070.376760389,4.183155974824326,153400.1338337192,373670.2429266698,373670.2429266698
2444,575030.5550706721,4.01984958541677,128969.49797834878,446061.0570923233,446061.0570923233
2445,569063.8288905104,4.158031914915471,149641.57447135443,419422.25441915594,419422.25441915594
2446,512212.8304727848,4.3087762743686,172192.93064554254,340019.89982724225,340019.89982724225
2447,515649.9732020389,4.35902439418631,179710.04937027197,335939.92383176694,335939.92383176694
2448,535946.8087107342,4.560016873457148,211747.07771858375,324199.7309921505,324199.7309921505
2449,412767.76469939656,4.98712589190768,289651.76268396084,123116.00201543572,123116.00201543572
2450,365776.3240493863,5.3011766407683645,358981.6849068843,6794.639142502041,6794.639142502041
2451,339841.74336114794,5.678037539401187,450629.2004964761,0.0,0.0
2452,422586.6686121077,5.853905958763171,497480.5474145088,0.0,0.0
2453,345976.3569855502,5.6026653596746225,430550.0518173195,0.0,0.0
2454,364573.57329148776,5.42679694031264,386919.6395255311,0.0,0.0
2455,428650.2681095927,6.469445426530114,674980.2899116896,0.0,0.0
2456,431844.5546573328,6.620189785983242,725152.982720662,0.0,0.0
2457,487062.9677278761,6.720686025618662,759562.8951718297,0.0,0.0
2458,493530.265970681,6.620189785983242,725152.982720662,0.0,0.0
2459,498633.9280017734,6.368949186894695,645313.799971314,0.0,0.0
2460,472465.9888445231,6.657875875846525,738056.6998898502,0.0,0.0
2461,444376.83796012896,7.034736774479346,868789.0261763203,0.0,0.0
2462,453193.71794457175,7.122670984160338,903188.8890035244,0.0,0.0
2463,413616.58090731286,7.285977373567895,967074.3485397605,0.0,0.0
2464,987400.6173081336,7.411597673112169,1016217.0097214805,0.0,0.0
2465,507926.6518516845,6.959364594752782,841286.4372433525,0.0,0.0
2466,466391.3583564817,5.51473114999363,407124.3783583031,59266.979998178605,59266.979998178605
2467,515546.91421538696,5.037374011725389,300311.9802077266,215234.93400766037,215234.93400766037
2468,486048.70225888095,5.690599569355615,453975.7252763358,32072.976982545166,32072.976982545166
2469,533419.040570393,5.740847689173324,467361.8243957736,66057.21617461939,66057.21617461939
2470,460261.648472676,5.992088288261872,534292.3199929626,0.0,0.0
2471,411452.0880818203,5.728285659218896,464015.2996159139,0.0,0.0
2472,394904.857040406,5.42679694031264,386919.6395255311,7985.217514874879,7985.217514874879
2473,379172.2623262524,5.4142349103582115,384125.84406366624,0.0,0.0
2474,391245.1465279855,5.6026653596746225,430550.0518173195,0.0,0.0
2475,396954.4356486448,5.678037539401187,450629.2004964761,0.0,0.0
2476,366182.27275920624,5.678037539401187,450629.2004964761,0.0,0.0
2477,374403.33128569694,5.778533779036606,477401.3987353519,0.0,0.0
2478,366973.9500101556,5.929278138489735,517559.6960936655,0.0,0.0
2479,424145.5808753014,7.449283762975451,1030959.8080759966,0.0,0.0
2480,383218.3298475256,8.08994729065125,1308977.8620735246,0.0,0.0
2481,431334.9955288493,7.4241597030665964,1021131.2758396525,0.0,0.0
2482,486611.5620067264,6.758372115481944,772466.6123410175,0.0,0.0
2483,519526.0020969597,6.73324805557309,763864.134228226,0.0,0.0
2484,443771.7163756838,7.009612714570492,858960.4939399766,0.0,0.0
2485,460416.7080679335,7.26085331365904,957245.8163034165,0.0,0.0
2486,424317.1495705639,7.474407822884306,1040788.3403123403,0.0,0.0
2487,407189.6680608445,7.914078871289265,1233325.9664643079,0.0,0.0
2488,1017858.0124692472,8.378873979603078,1430327.071433293,0.0,0.0
2489,473580.4508166539,8.416560069466362,1446155.2291758722,0.0,0.0
2490,509704.0807001281,7.474407822884306,1040788.3403123403,0.0,0.0
2491,545324.0095258693,5.979526258307445,530945.7952131032,14378.214312766097,14378.214312766097
2492,514285.2596151979,5.690599569355615,453975.7252763358,60309.53433886211,60309.53433886211
2493,463841.8114519116,5.6403514495379055,440589.62615689804,23252.185295013536,23252.185295013536
2494,527807.1438363533,5.238366490996228,345012.70759756106,182794.43623879226,182794.43623879226
2495,388096.7981959041,5.250928520950655,347806.5030594257,40290.29513647844,40290.29513647844
2496,378017.2789778837,5.389110850449357,378538.25313993695,0.0,0.0
2497,414155.8260361921,5.276052580859511,353394.0939831552,60761.73205303692,60761.73205303692
2498,370148.7662992023,5.200680401132945,336631.3212119669,33517.44508723536,33517.44508723536
2499,372559.0715590325,5.238366490996228,345012.70759756106,27546.36396147142,27546.36396147142
2500,369354.7655535683,5.238366490996228,345012.70759756106,24342.05795600725,24342.05795600725
2501,371400.1338423681,5.3011766407683645,358981.6849068843,12418.448935483815,12418.448935483815
2502,372270.2040963138,5.288614610813937,356187.8894450196,16082.314651294204,16082.314651294204
2503,428416.4652397753,6.507131516393396,686441.8312130987,0.0,0.0
2504,455987.8506771168,6.318701067076985,630480.5550011259,0.0,0.0
2505,455136.08119779255,6.092584527897291,563730.9526352802,0.0,0.0
2506,492058.5312152541,5.9418401684441635,520906.2208735252,0.0,0.0
2507,468100.912171363,6.042336408079581,548897.7076650924,0.0,0.0
2508,420636.90011212265,6.2307668573959925,604522.3763032969,0.0,0.0
2509,419050.3758473857,6.268452947259275,615647.3100309381,0.0,0.0
2510,462788.65641332313,6.318701067076985,630480.5550011259,0.0,0.0
2511,429674.41091494734,6.444321366621258,667563.6674265955,0.0,0.0
2512,981945.4914246672,6.544817606256678,699345.5483822866,282599.9430423806,282599.9430423806
2513,501220.2964821104,6.507131516393396,686441.8312130987,0.0,0.0
2514,465796.71792201546,6.017212348170727,541481.0851799984,0.0,0.0
2515,535633.8048783788,5.012249951816535,294724.3892839973,240909.41559438145,240909.41559438145
2516,498376.3068389062,4.5977029633204305,218621.02050964654,279755.28632925963,279755.28632925963
2517,503873.2012820601,4.044973645325625,132728.05734071345,371145.1439413467,371145.1439413467
2518,479574.6218800268,3.6053025969206653,79583.58539787025,399991.0364821566,399991.0364821566
2519,408071.7231372804,3.3917480876953996,57673.83171719517,350397.8914200852,350397.8914200852
2520,424322.6395706201,3.1028213987435693,32248.283089434095,392074.356481186,392074.356481186
2521,390006.2279226889,2.851580799655021,16313.349103992976,373692.8788186959,373692.8788186959
2522,415586.8738482602,2.7259605001107468,10484.56720513865,405102.3066431215,405102.3066431215
2523,358570.6045266818,2.851580799655021,16313.349103992976,342257.25542268885,342257.25542268885
2524,392314.6675467667,3.1781935784701334,38881.03490537174,353433.632641395,353433.632641395
2525,314074.71068833355,3.7560469563737944,97311.12206955822,216763.58861877533,216763.58861877533
2526,373142.2580808043,4.095221765143334,140245.17606544276,232897.08201536155,232897.08201536155
2527,399484.7058068004,4.848943562408978,264447.30578339763,135037.40002340276,135037.40002340276
2528,452921.3949322477,4.823819502500124,259864.67725602255,193056.71767622515,193056.71767622515
2529,480058.34580689104,4.509768753639438,202581.82066383353,277476.5251430575,277476.5251430575
2530,496739.7298111704,4.346462364231882,177830.76968908953,318908.96012208087,318908.96012208087
2531,499390.0803014254,4.01984958541677,128969.49797834878,370420.58232307667,370420.58232307667
2532,447674.1032911714,3.6429886867839474,84015.46956579221,363658.63372537924,363658.63372537924
2533,459330.2036325818,3.668112746692802,86970.05901107354,372360.14462150825,372360.14462150825
2534,464783.26542594656,4.321338304323027,174072.21032672486,290711.0550992217,290711.0550992217
2535,442670.91092125775,5.891592048626453,507520.12175408716,0.0,0.0
2536,1061793.3528435545,6.720686025618662,759562.8951718297,302230.4576717247,302230.4576717247
2537,459727.6976390558,6.9216785048895,828382.7200741648,0.0,0.0
2538,521831.1127552239,5.7910958089910345,480747.9235152116,41083.18924001226,41083.18924001226
2539,497714.5454244021,4.823819502500124,259864.67725602255,237849.86816837956,237849.86816837956
2540,525529.8864674051,4.660513113092567,230077.5918280843,295452.2946393208,295452.2946393208
2541,526743.1206978997,4.5977029633204305,218621.02050964654,308122.1001882532,308122.1001882532
2542,488767.9173125589,4.610264993274858,220912.33477333406,267855.5825392249,267855.5825392249
2543,389898.3900695911,4.547454843502721,209455.76345489634,180442.62661469477,180442.62661469477
2544,402280.6328609202,4.321338304323027,174072.21032672486,228208.42253419536,228208.42253419536
2545,396304.7408911845,4.145469884961043,147762.2947901721,248542.44610101238,248542.44610101238
2546,394863.6632268438,4.25852815455089,164675.8119208132,230187.8513060306,230187.8513060306
2547,382318.1935943804,4.534892813548293,207164.44919120864,175153.74440317176,175153.74440317176
2548,400782.8934429519,4.5977029633204305,218621.02050964654,182161.87293330536,182161.87293330536
2549,349272.4393038493,4.4846446937305835,198502.84618209532,150769.59312175398,150769.59312175398
2550,338414.0750593135,4.220842064687608,159037.9728772662,179376.1021820473,179376.1021820473
2551,447905.43582432857,4.98712589190768,289651.76268396084,158253.67314036773,158253.67314036773
2552,424594.7434215631,5.489607090084776,400888.61683485424,23706.12658670888,23706.12658670888
2553,448860.7802894932,5.552417239856913,417163.9526978817,31696.827591611538,31696.827591611538
2554,487779.6855502407,5.703161599310042,457322.25005619525,30457.435494045436,30457.435494045436
2555,488741.6870533933,6.105146557851719,567439.2638778274,0.0,0.0
2556,496948.33153355424,6.6453138458920975,733755.4608334542,0.0,0.0
2557,434612.5015955204,7.285977373567895,967074.3485397605,0.0,0.0
2558,397603.594630243,7.93920293119812,1244400.6520721314,0.0,0.0
2559,449784.94360007695,8.42912209942079,1451431.2817567314,0.0,0.0
2560,1039759.3664467346,8.642676608646054,1534960.5461378333,0.0,0.0
2561,487441.4918000389,8.165319470377813,1340634.1775586817,0.0,0.0
2562,441849.29599348624,6.946802564798356,836985.1981869569,0.0,0.0
2563,550609.034067187,5.401672880403784,381332.0486018016,169276.98546538537,169276.98546538537
2564,537864.3360846215,5.049936041679817,303105.77566959127,234758.56041503022,234758.56041503022
2565,557735.6174139257,4.98712589190768,289651.76268396084,268083.85472996486,268083.85472996486
2566,520521.3048290652,5.087622131543099,311487.1620551851,209034.1427738801,209034.1427738801
2567,449594.0368733621,5.112746191451954,317074.75297891465,132519.28389444744,132519.28389444744
2568,417993.7140104433,5.276052580859511,353394.0939831552,64599.620027288096,64599.620027288096
2569,476251.7512048121,5.389110850449357,378538.25313993695,97713.49806487514,97713.49806487514
2570,435409.7057659853,5.363986790540501,372950.6622162074,62459.04354977788,62459.04354977788
2571,438496.4775609924,5.363986790540501,372950.6622162074,65545.81534478499,65545.81534478499
2572,392108.1982975063,5.3011766407683645,358981.6849068843,33126.51339062204,33126.51339062204
2573,395835.8807206345,5.012249951816535,294724.3892839973,101111.49143663718,101111.49143663718
2574,386915.6037077088,4.861505592363406,266738.6200470852,120176.9836606236,120176.9836606236
2575,411099.42570080905,5.753409719127752,470708.349175633,0.0,0.0
2576,384578.8933413041,5.389110850449357,378538.25313993695,6040.640201367147,6040.640201367147
2577,465665.3023533824,5.213242431087374,339425.11667383194,126240.18567955046,126240.18567955046
2578,442801.0806073236,5.42679694031264,386919.6395255311,55881.44108179252,55881.44108179252
2579,632303.0560608578,6.331263097031412,634188.8662436728,0.0,0.0
2580,593965.2355080931,7.160357074023621,917931.6873580407,0.0,0.0
2581,534322.3489939338,7.687962332109572,1133653.7959938992,0.0,0.0
2582,1335769.8902742248,7.93920293119812,1244400.6520721314,91369.2382020934,91369.2382020934
2583,779002.7172723963,7.888954811380411,1222251.2808564852,0.0,0.0
2584,508595.0230853208,7.675400302155145,1128116.4531899882,0.0,0.0
2585,501242.5446390882,7.298539403522322,971988.6146579324,0.0,0.0
2586,511656.1156793202,6.695561965709807,750960.417059038,0.0,0.0
2587,575912.6428939892,6.067460467988437,556314.3301501865,19598.31274380267,19598.31274380267
2588,514750.2948579867,6.281014977213703,619355.621273485,0.0,0.0
2589,561075.0984313907,6.620189785983242,725152.982720662,0.0,0.0
2590,494162.72511434526,6.82118226525408,793972.8076229972,0.0,0.0
2591,510018.87232104753,6.808620235299653,789671.5685666011,0.0,0.0
2592,417117.1,6.519693546347824,690743.070269495,0.0,0.0
2593,450071.7196209572,6.394073246803549,652730.4224564076,0.0,0.0
2594,431323.4054239618,6.331263097031412,634188.8662436728,0.0,0.0
2595,392181.1606284598,6.218204827441566,600814.0650607503,0.0,0.0
2596,403052.25352371566,5.539855209902486,413817.4279180222,0.0,0.0
2597,391525.0192440253,5.238366490996228,345012.70759756106,46512.31164646422,46512.31164646422
2598,476072.6726109098,5.502169120039203,403777.85357844364,72294.81903246616,72294.81903246616
2599,341995.3257810208,6.4568833965756856,671271.9786691425,0.0,0.0
2600,364282.1161752371,6.5322555763022505,695044.3093258906,0.0,0.0
2601,438036.6552951326,6.394073246803549,652730.4224564076,0.0,0.0
2602,489790.6724132712,6.3061390371225565,626772.2437585787,0.0,0.0
2603,588243.11145059,6.808620235299653,789671.5685666011,0.0,0.0
2604,564824.0627337688,7.524655942702016,1061668.3395430488,0.0,0.0
2605,484408.6307839375,8.391436009557506,1435603.1240141524,0.0,0.0
2606,1264902.3627654542,8.793420968099184,1591761.0207797724,0.0,0.0
2607,703280.1951784884,8.680362698509336,1549160.664798318,0.0,0.0
2608,538709.5304824348,8.805982998053612,1596494.3936666008,0.0,0.0
2609,543208.5525750929,8.529618339056208,1492360.1901563792,0.0,0.0
2610,527965.076286763,7.713086392018426,1144728.4816017223,0.0,0.0
2611,509481.9934406965,6.582503696119961,712249.2655514745,0.0,0.0
2612,541370.153358006,6.281014977213703,619355.621273485,0.0,0.0
2613,504390.7229468496,5.979526258307445,530945.7952131032,0.0,0.0
2614,481722.96166924096,5.539855209902486,413817.4279180222,67905.53375121875,67905.53375121875
2615,501831.93255409057,5.32630070067722,364569.27583061374,137262.65672347683,137262.65672347683
2616,476095.9316610458,5.3011766407683645,358981.6849068843,117114.24675416155,117114.24675416155
2617,420325.4047098933,5.351424760586074,370156.8667543428,50168.53795555048,50168.53795555048
2618,389962.3744073312,5.477045060130349,398094.8213729896,0.0,0.0
2619,398049.9133130524,5.828781898854316,490787.49785478966,0.0,0.0
2620,383096.3571138535,6.167956707623856,585980.8200905622,0.0,0.0
2621,352431.2030193711,5.778533779036606,477401.3987353519,0.0,0.0
2622,350140.2989423023,5.841343928808744,494134.02263464936,0.0,0.0
2623,386802.44158468855,6.582503696119961,712249.2655514745,0.0,0.0
2624,473212.5559226639,6.29357700716813,623063.932516032,0.0,0.0
2625,444429.4030163034,5.6403514495379055,440589.62615689804,3839.776859405334,3839.776859405334
2626,492035.1651190077,5.062498071634245,305899.57113145606,186135.59398755163,186135.59398755163
2627,475095.7279310124,4.748447322773559,246116.7916738971,228978.9362571153,228978.9362571153
2628,439770.7992010991,5.137870251360808,322662.3439026437,117108.45529845537,117108.45529845537
2629,386679.4455088071,5.916716108535308,514213.17131380603,0.0,0.0
2630,477855.8116624865,6.5322555763022505,695044.3093258906,0.0,0.0
2631,454803.24731675297,6.808620235299653,789671.5685666011,0.0,0.0
2632,964198.635615101,6.896554444980645,819780.241961373,144418.39365372795,144418.39365372795
2633,497768.349383068,6.846306325162936,802575.2857357893,0.0,0.0
2634,467602.0073855716,6.482007456484541,678688.6011542365,0.0,0.0
2635,511462.34276192426,5.703161599310042,457322.25005619525,54140.09270572901,54140.09270572901
2636,550888.9075760632,4.88662965227226,271321.2485744603,279567.6590016029,279567.6590016029
2637,472905.2183243064,4.120345825052189,144003.73542780743,328901.482896499,328901.482896499
2638,447410.359358057,3.7057988365560846,91401.94317899554,356008.4161790614,356008.4161790614
2639,393812.4760888381,3.3038138780144073,49935.621265267844,343876.8548235703,343876.8548235703
2640,415409.9276039584,3.165631548515706,37775.57626938213,377634.35133457626,377634.35133457626
2641,366541.5652823272,3.014887189062577,24510.07263750678,342031.4926448204,342031.4926448204
2642,400239.1177794121,2.7887706498828844,13398.958154565835,386840.15962484624,386840.15962484624
2643,383292.4064600909,2.6380262904297553,6404.419875940648,376887.98658415023,376887.98658415023
2644,342602.928553127,2.5249680208399083,1158.5161669717472,341444.4123861552,341444.4123861552
2645,317092.94485638663,2.5375300507943357,1741.3943568571758,315351.55049952946,315351.55049952946
2646,397737.6461449063,2.7259605001107468,10484.56720513865,387253.07893976767,387253.07893976767
2647,376041.010068925,3.529930417194101,70719.81706202627,305321.19300689874,305321.19300689874
2648,456580.6119094457,3.316375907968835,51041.079901257486,405539.53200818825,405539.53200818825
2649,479484.433434975,2.7887706498828844,13398.958154565835,466085.47528040915,466085.47528040915
2650,461312.6512996907,2.4370338111589165,0.0,461312.6512996907,461312.6512996907
2651,452502.73208992457,3.0525732789258595,27826.448545475636,424676.2835444489,424676.2835444489
2652,460925.2279353952,4.183155974824326,153400.1338337192,307525.094101676,307525.094101676
2653,386957.71836774895,5.42679694031264,386919.6395255311,38.078842217859346,38.078842217859346
2654,419072.2650601992,6.142832647715001,578564.1976054683,0.0,0.0
2655,426552.2086441184,6.595065726074387,716550.5046078701,0.0,0.0
2656,987684.4333287376,6.896554444980645,819780.241961373,167904.1913673646,167904.1913673646
2657,505704.8858112837,6.984488654661637,849888.9153561444,0.0,0.0
2658,502447.1336338082,6.959364594752782,841286.4372433525,0.0,0.0
2659,519182.7673439234,6.63275181593767,729454.2217770582,0.0,0.0
2660,531770.8067359371,6.29357700716813,623063.932516032,0.0,0.0
2661,461980.9426360586,5.866467988717598,500827.072194368,0.0,0.0
2662,520359.2074730672,5.288614610813937,356187.8894450196,164171.31802804762,164171.31802804762
2663,394153.0777349324,4.848943562408978,264447.30578339763,129705.77195153479,129705.77195153479
2664,393451.4904283561,4.660513113092567,230077.5918280843,163373.89860027182,163373.89860027182
2665,377731.31170525786,4.5977029633204305,218621.02050964654,159110.29119561132,159110.29119561132
2666,384258.9238089615,4.723323262864704,241534.163146522,142724.7606624395,142724.7606624395
2667,385398.579371066,4.848943562408978,264447.30578339763,120951.27358766837,120951.27358766837
2668,393218.7394356611,4.735885292819131,243825.47741020954,149393.26202545158,149393.26202545158
2669,343915.57542157907,4.6353890531837125,225494.96330070918,118420.61212086989,118420.61212086989
2670,365505.9129930952,5.32630070067722,364569.27583061374,936.6371624814346,936.6371624814346
2671,402174.9711661754,6.469445426530114,674980.2899116896,0.0,0.0
2672,452479.7828323724,6.6829999357553795,746659.178002642,0.0,0.0
2673,460000.7500243661,7.185481133932475,927760.2195943842,0.0,0.0
2674,458182.6707642177,7.562342032565297,1078280.3679547831,0.0,0.0
2675,462976.5122114161,7.801020601699419,1183489.8812291038,0.0,0.0
2676,483970.0938161246,8.140195410468959,1330082.0723969627,0.0,0.0
2677,392956.3778493838,8.42912209942079,1451431.2817567314,0.0,0.0
2678,395060.59100015386,8.491932249192926,1477811.544661029,0.0,0.0
2679,386481.2870503828,8.491932249192926,1477811.544661029,0.0,0.0
2680,1062795.9900231145,8.529618339056208,1492360.1901563792,0.0,0.0
2681,502123.32176345657,8.403998039511935,1440879.1765950127,0.0,0.0
2682,493044.8580601648,7.700524362063999,1139191.1387978108,0.0,0.0
2683,524426.6926683007,6.5322555763022505,695044.3093258906,0.0,0.0
2684,484346.5759082118,6.05489843803401,552606.0189076397,0.0,0.0
2685,514120.43882079824,5.803657838945461,484094.4482950708,30025.99052572745,30025.99052572745
2686,462640.8601737187,5.728285659218896,464015.2996159139,0.0,0.0
2687,393087.4565273852,5.6026653596746225,430550.0518173195,0.0,0.0
2688,415089.3848998096,5.351424760586074,370156.8667543428,44932.518145466805,44932.518145466805
2689,392879.81565781846,5.2258044610418,342218.91213569645,50660.90352212201,50660.90352212201
2690,375304.4032746158,5.464483030175921,395301.0259111248,0.0,0.0
2691,374409.1795782805,5.740847689173324,467361.8243957736,0.0,0.0
2692,359090.0332312357,5.929278138489735,517559.6960936655,0.0,0.0
2693,320506.6342559749,5.6026653596746225,430550.0518173195,0.0,0.0
2694,356466.41430733603,5.753409719127752,470708.349175633,0.0,0.0
2695,457325.2400851094,6.670437905800951,742357.9389462458,0.0,0.0
2696,417275.16898329626,6.607627756028815,720851.7436642661,0.0,0.0
2697,465223.8052942949,6.7960582053452265,785370.3295102055,0.0,0.0
2698,423903.1203292724,7.034736774479346,868789.0261763203,0.0,0.0
2699,480677.28228613466,7.524655942702016,1061668.3395430488,0.0,0.0
2700,481096.6108698369,8.064823230742395,1298425.7569118058,0.0,0.0
2701,439965.1779465708,8.579866458873918,1511293.681703692,0.0,0.0
2702,416664.6333473433,9.094909687005442,1698528.4725992586,0.0,0.0
2703,449428.82214020944,9.3963984059117,1790422.2341218863,0.0,0.0
2704,1009987.2338059418,9.522018705455974,1826985.0349152326,0.0,0.0
2705,489820.12102184485,9.459208555683837,1809566.7677724333,0.0,0.0
2706,512067.3092913489,8.893917207734603,1629628.0038743983,0.0,0.0
2707,496083.5260215229,8.190443530286668,1351186.2827204007,0.0,0.0
2708,513995.67488849146,7.449283762975451,1030959.8080759966,0.0,0.0
2709,520864.6793125896,6.4945694864389685,682396.9123967835,0.0,0.0
2710,474274.93282312446,5.740847689173324,467361.8243957736,6913.108427350875,6913.108427350875
2711,379545.4980643775,5.238366490996228,345012.70759756106,34532.790466816456,34532.790466816456
2712,402183.5564627091,5.100184161497526,314280.9575170498,87902.5989456593,87902.5989456593
2713,398679.0161403517,4.936877772089971,280486.5056292106,118192.5105111411,118192.5105111411
2714,385827.1535215778,5.188118371178518,333837.5257501025,51989.62777147535,51989.62777147535
2715,437577.6580435421,5.5272931799480585,410470.9031381628,27106.75490537932,27106.75490537932
2716,390592.3568972984,5.753409719127752,470708.349175633,0.0,0.0
2717,326005.45192955266,5.853905958763171,497480.5474145088,0.0,0.0
2718,395741.3744109391,6.444321366621258,667563.6674265955,0.0,0.0
2719,415914.5782926181,7.813582631653846,1189027.2240330153,0.0,0.0
2720,435350.7455041689,8.416560069466362,1446155.2291758722,0.0,0.0
2721,491199.1038989945,8.76829690819033,1582294.2750061161,0.0,0.0
2722,466556.8726319944,8.981851417415594,1662761.6140821958,0.0,0.0
2723,505485.3679688442,9.24565404645857,1744475.3533605721,0.0,0.0
2724,469062.512315888,9.509456675501546,1824140.99133355,0.0,0.0
2725,471891.6558717828,9.672763064909102,1861113.5578954206,0.0,0.0
2726,394768.2859018101,9.77325930454452,1883865.9065488796,0.0,0.0
2727,411239.1162910299,9.873755544179941,1906618.2552023388,0.0,0.0
2728,1032662.4329636357,9.886317574134369,1909462.2987840213,0.0,0.0
2729,517778.1347693328,9.697887124817957,1866801.6450587853,0.0,0.0
2730,539692.4152945817,8.843669087916894,1610694.5123270855,0.0,0.0
2731,519224.244955348,7.512093912747589,1056130.9967391372,0.0,0.0
2732,525179.1943614439,6.544817606256678,699345.5483822866,0.0,0.0
2733,526177.7641705793,5.42679694031264,386919.6395255311,139258.12464504817,139258.12464504817
2734,501494.29950052174,4.572578903411576,214038.39198227142,287455.9075182503,287455.9075182503
2735,382158.345851561,4.158031914915471,149641.57447135443,232516.77138020657,232516.77138020657
2736,393029.2811643122,4.032411615371197,130848.77765953113,262180.50350478105,262180.50350478105
2737,474986.5026480885,4.032411615371197,130848.77765953113,344137.7249885574,344137.7249885574
2738,477466.9105633514,4.396710484049592,185347.888413819,292119.02214953245,292119.02214953245
2739,479584.07200245495,4.936877772089971,280486.5056292106,199097.56637324434,199097.56637324434
2740,388501.598062145,5.32630070067722,364569.27583061374,23932.32223153126,23932.32223153126
2741,439753.3954031552,5.6026653596746225,430550.0518173195,9203.343585835712,9203.343585835712
2742,412457.57597050833,6.331263097031412,634188.8662436728,0.0,0.0
2743,399682.4677775551,7.851268721517128,1205639.2524447502,0.0,0.0
2744,403756.9738069832,8.253253680058805,1377566.545624698,0.0,0.0
2745,494726.426769509,8.416560069466362,1446155.2291758722,0.0,0.0
2746,485145.0386878217,8.71804878837262,1563360.7834588033,0.0,0.0
2747,586118.4231877049,8.793420968099184,1591761.0207797724,0.0,0.0
2748,544406.2674926709,8.7557348782359,1577560.9021192873,0.0,0.0
2749,486148.3650001467,8.893917207734603,1629628.0038743983,0.0,0.0
2750,1330303.579988229,9.057223597142158,1687041.7524089299,0.0,0.0
2751,818266.7861291982,9.044661567187731,1683212.8456788203,0.0,0.0
2752,541492.9688036944,8.831107057962466,1605961.1394402573,0.0,0.0
2753,539877.4754643947,8.353749919694225,1419774.9662715746,0.0,0.0
2754,546522.1370326456,7.285977373567895,967074.3485397605,0.0,0.0
2755,543961.8229680882,5.992088288261872,534292.3199929626,9669.502975125564,9669.502975125564
2756,515668.3390064081,5.363986790540501,372950.6622162074,142717.6767902007,142717.6767902007
2757,559326.7633917873,4.773571382682413,250699.4202012722,308627.34319051506,308627.34319051506
2758,478864.9973094853,4.25852815455089,164675.8119208132,314189.18538867205,314189.18538867205
2759,491793.49007408414,4.032411615371197,130848.77765953113,360944.71241455304,360944.71241455304
2760,511551.5762729113,3.994725525507915,125379.72179973079,386171.8544731805,386171.8544731805
2761,444403.14694133936,3.9821634955534875,123902.42707709012,320500.71986424923,320500.71986424923
2762,424531.1707291328,4.208280034733181,157158.69319608388,267372.4775330489,267372.4775330489
2763,427851.80201875867,4.472082663776156,196623.56650091297,231228.2355178457,231228.2355178457
2764,391412.305761095,4.685637173001422,234660.22035545937,156752.08540563565,156752.08540563565
2765,405469.05339038966,4.911753712181116,275903.8771018355,129565.17628855415,129565.17628855415
2766,412446.96188255295,5.376548820494929,375744.45767807233,36702.50420448062,36702.50420448062
2767,394245.1890480586,6.808620235299653,789671.5685666011,0.0,0.0
2768,392534.2751263473,6.808620235299653,789671.5685666011,0.0,0.0
2769,507263.0899500078,6.6453138458920975,733755.4608334542,0.0,0.0
2770,460987.0885843723,6.783496175390799,781069.0904538096,0.0,0.0
2771,565714.9566891332,7.198043163886903,932674.4857125566,0.0,0.0
2772,564578.2746889477,7.738210451927282,1155803.1672095458,0.0,0.0
2773,497746.2981390783,8.17788150033224,1345910.2301395412,0.0,0.0
2774,1354849.33815308,8.403998039511935,1440879.1765950127,0.0,0.0
2775,828744.8934139257,8.416560069466362,1446155.2291758722,0.0,0.0
2776,519621.0507900867,8.265815710013232,1382842.5982055576,0.0,0.0
2777,527669.7925720976,7.951764961152548,1249937.994876043,0.0,0.0
2778,610833.2611241407,7.3487875233400315,991645.6791306202,0.0,0.0
2779,561118.7960332555,6.431759336666832,663855.3561840488,0.0,0.0
2780,550984.8972769593,5.966964228353017,527599.2704332437,23385.626843715552,23385.626843715552
2781,575041.1665886086,5.401672880403784,381332.0486018016,193709.11798680702,193709.11798680702
2782,496759.6681263655,4.974563861953253,287360.44842027326,209399.21970609226,209399.21970609226
2783,490407.641186157,4.874067622317833,269029.9343107727,221377.70687538432,221377.70687538432
2784,489759.2744193467,4.949439802044398,282777.81989289814,206981.45452644856,206981.45452644856
2785,402795.6362297799,4.911753712181116,275903.8771018355,126891.75912794442,126891.75912794442
2786,394895.9058933299,4.936877772089971,280486.5056292106,114409.40026411926,114409.40026411926
2787,418700.83127699565,5.062498071634245,305899.57113145606,112801.26014553959,112801.26014553959
2788,368474.6524885545,5.363986790540501,372950.6622162074,0.0,0.0
2789,322981.58235366136,5.665475509446759,447282.6757166167,0.0,0.0
2790,404025.2539175935,6.167956707623856,585980.8200905622,0.0,0.0
2791,404958.2045885973,7.675400302155145,1128116.4531899882,0.0,0.0
2792,377981.7187858003,7.98945105101583,1266550.0232877778,0.0,0.0
2793,484796.06194352114,8.064823230742395,1298425.7569118058,0.0,0.0
2794,475641.67592122953,8.253253680058805,1377566.545624698,0.0,0.0
2795,490120.6140942794,8.378873979603078,1430327.071433293,0.0,0.0
2796,506429.5214297165,8.341187889739796,1414498.9136907146,0.0,0.0
2797,405357.8017932755,8.303501799876516,1398670.7559481368,0.0,0.0
2798,409836.6467463831,8.604990518782772,1520760.4274773486,0.0,0.0
2799,411593.7802729784,8.994413447370022,1667494.986969024,0.0,0.0
2800,1013025.8020531936,9.383836375957271,1786593.3273917763,0.0,0.0
2801,481017.19780764217,9.522018705455974,1826985.0349152326,0.0,0.0
2802,477520.7684431984,9.094909687005442,1698528.4725992586,0.0,0.0
2803,536277.3622969429,8.203005560241095,1356462.33530126,0.0,0.0
2804,517073.810288462,7.524655942702016,1061668.3395430488,0.0,0.0
2805,534371.7774906983,6.896554444980645,819780.241961373,0.0,0.0
2806,501310.052365906,6.3815112168491215,649022.1112138606,0.0,0.0
2807,422910.3475687612,6.130270617760574,574855.8863629213,0.0,0.0
2808,358821.5530215162,6.0046503182163,537772.7739374518,0.0,0.0
2809,400776.8284220597,6.017212348170727,541481.0851799984,0.0,0.0
2810,419930.62397236,6.117708587806146,571147.5751203744,0.0,0.0
2811,387336.2338954663,6.092584527897291,563730.9526352802,0.0,0.0
2812,416155.7892957975,6.080022497942863,560022.6413927332,0.0,0.0
2813,367390.9478204312,6.0046503182163,537772.7739374518,0.0,0.0
2814,349110.0167933037,6.3438251269858394,637897.1774862198,0.0,0.0
2815,440992.897615984,7.147795044069194,913017.4212398686,0.0,0.0
2816,419504.4110315274,6.7960582053452265,785370.3295102055,0.0,0.0
2817,475410.9171638977,6.205642797487139,597105.7538182033,0.0,0.0
2818,474058.1736495532,5.477045060130349,398094.8213729896,75963.35227656359,75963.35227656359
2819,505933.9313380608,4.861505592363406,266738.6200470852,239195.3112909756,239195.3112909756
2820,534508.7862624036,4.64795108313814,227786.27756439673,306722.50869800686,306722.50869800686
2821,433915.31939058646,4.911753712181116,275903.8771018355,158011.44228875096,158011.44228875096
2822,477899.167022121,5.5272931799480585,410470.9031381628,67428.26388395822,67428.26388395822
2823,405234.9519893028,6.067460467988437,556314.3301501865,0.0,0.0
2824,1088647.1668649982,6.24332888735042,608230.6875458439,480416.4793191543,480416.4793191543
2825,445891.4239464627,6.205642797487139,597105.7538182033,0.0,0.0
2826,508827.394547123,6.130270617760574,574855.8863629213,0.0,0.0
2827,557945.3751550904,5.841343928808744,494134.02263464936,63811.352520440996,63811.352520440996
2828,557547.1975889377,5.464483030175921,395301.0259111248,162246.17167781293,162246.17167781293
2829,544154.605585934,4.924315742135542,278195.1913655229,265959.4142204111,265959.4142204111
2830,438351.7619640261,4.723323262864704,241534.163146522,196817.59881750407,196817.59881750407
2831,398700.9068209344,4.723323262864704,241534.163146522,157166.74367441237,157166.74367441237
2832,428713.62522634136,4.660513113092567,230077.5918280843,198636.03339825707,198636.03339825707
2833,381507.0089618699,4.585140933366003,216329.70624595898,165177.30271591095,165177.30271591095
2834,368612.5171079106,4.434396573912874,190985.72745736598,177626.7896505446,177626.7896505446
2835,387120.6030264749,4.3087762743686,172192.93064554254,214927.67238093234,214927.67238093234
2836,396883.70239488577,4.070097705234479,136486.61670307812,260397.08569180765,260397.08569180765
2837,332833.8753841726,3.8942292858724956,113561.36401860548,219272.5113655671,219272.5113655671
2838,385130.62044046936,4.01984958541677,128969.49797834878,256161.12246212058,256161.12246212058
2839,373541.0497338997,4.848943562408978,264447.30578339763,109093.74395050207,109093.74395050207
2840,408606.8286887655,4.4092725140040185,187227.1680950012,221379.66059376433,221379.66059376433
2841,458598.2504736985,4.032411615371197,130848.77765953113,327749.4728141674,327749.4728141674
2842,454168.17968783184,3.8314191361003584,106174.89040540216,347993.2892824297,347993.2892824297
2843,476826.8280996026,3.8942292858724956,113561.36401860548,363265.4640809971,363265.4640809971
2844,439108.0013727845,4.35902439418631,179710.04937027197,259397.95200251252,259397.95200251252
2845,411271.2386703213,4.924315742135542,278195.1913655229,133076.04730479838,133076.04730479838
2846,411214.9523195279,5.477045060130349,398094.8213729896,13120.130946538295,13120.130946538295
2847,450940.6064995786,5.916716108535308,514213.17131380603,0.0,0.0
2848,1013493.8232934994,6.406635276757976,656438.7336989546,357055.08959454484,357055.08959454484
2849,537476.2682715307,6.833744295208509,798274.0466793934,0.0,0.0
2850,542855.9746869453,6.846306325162936,802575.2857357893,0.0,0.0
2851,567973.5350561985,6.218204827441566,600814.0650607503,0.0,0.0
2852,474736.21040062775,5.665475509446759,447282.6757166167,27453.534684011072,27453.534684011072
2853,511190.2957874541,4.823819502500124,259864.67725602255,251325.61853143157,251325.61853143157
2854,467231.9450571632,3.843981166054786,107652.18512804282,359579.75992912037,359579.75992912037
2855,389587.68201732135,3.0776973388347146,30037.365817454887,359550.3161998665,359550.3161998665
2856,388846.7339942951,2.826456739746166,15147.5927242221,373699.141270073,373699.141270073
2857,393124.4029095788,2.8013326798373113,13981.836344451242,379142.5665651276,379142.5665651276
2858,367514.65224884334,2.7510845600196014,11650.323584909505,355864.32866393385,355864.32866393385
2859,409153.76199439,2.8390187697005933,15730.47091410753,393423.2910802825,393423.2910802825
2860,370869.07110964943,3.0400112489714317,26720.98990948599,344148.08120016346,344148.08120016346
2861,331606.05927413347,3.4419962075131094,62095.66626115362,269510.3930129798,269510.3930129798
2862,375988.7235239868,3.9319153757357777,117993.24818652745,257995.47533745936,257995.47533745936
2863,423884.5089216534,4.924315742135542,278195.1913655229,145689.31755613047,145689.31755613047
2864,429689.6113213368,4.974563861953253,287360.44842027326,142329.16290106357,142329.16290106357
2865,487586.6490434092,5.32630070067722,364569.27583061374,123017.37321279547,123017.37321279547
2866,452515.7696269756,5.690599569355615,453975.7252763358,0.0,0.0
2867,465911.3180765733,6.017212348170727,541481.0851799984,0.0,0.0
2868,434731.6358906166,6.205642797487139,597105.7538182033,0.0,0.0
2869,412461.2590135702,6.482007456484541,678688.6011542365,0.0,0.0
2870,466778.9411798029,6.833744295208509,798274.0466793934,0.0,0.0
2871,443150.47010655433,6.946802564798356,836985.1981869569,0.0,0.0
2872,1182317.2999999998,6.82118226525408,793972.8076229972,388344.4923770026,388344.4923770026
2873,497565.24359119526,6.569941666165533,707948.0264950787,0.0,0.0
2874,539148.7382914774,6.017212348170727,541481.0851799984,0.0,0.0
2875,544970.0999718041,5.125308221406382,319868.54844077927,225101.5515310248,225101.5515310248
2876,518915.2094877437,5.213242431087374,339425.11667383194,179490.09281391173,179490.09281391173
2877,534538.9284601343,5.024811981770962,297518.184745862,237020.74371427234,237020.74371427234
2878,497929.68175124127,4.848943562408978,264447.30578339763,233482.37596784363,233482.37596784363
2879,381285.1758653497,4.899191682226688,273612.5628381478,107672.6130272019,107672.6130272019
2880,422574.7344436709,4.962001831998825,285069.13415658573,137505.60028708517,137505.60028708517
2881,404169.73944377823,4.88662965227226,271321.2485744603,132848.49086931796,132848.49086931796
2882,425688.445111498,4.861505592363406,266738.6200470852,158949.82506441278,158949.82506441278
2883,359928.9836055981,4.98712589190768,289651.76268396084,70277.22092163726,70277.22092163726
2884,365244.5036119073,5.125308221406382,319868.54844077927,45375.95517112804,45375.95517112804
2885,354040.464450302,5.200680401132945,336631.3212119669,17409.14323833509,17409.14323833509
2886,425766.3152928406,5.715723629264469,460668.7748360544,0.0,0.0
2887,398785.0961641679,7.26085331365904,957245.8163034165,0.0,0.0
2888,425056.37659584434,7.5372179726564426,1067205.6823469598,0.0,0.0
2889,398206.3182367045,7.763334511836136,1166877.8528173687,0.0,0.0
2890,403980.0735152807,8.02713714087911,1282597.5991692266,0.0,0.0
2891,507470.30982613104,8.353749919694225,1419774.9662715746,0.0,0.0
2892,405385.1335670201,8.76829690819033,1582294.2750061161,0.0,0.0
2893,415501.2695124206,9.195405926640861,1729159.7264401345,0.0,0.0
2894,438839.49945042026,9.421522465820553,1798080.0475821048,0.0,0.0
2895,457701.17604458507,9.383836375957271,1786593.3273917763,0.0,0.0
2896,1340839.6658172826,9.283340136321852,1755962.0735509007,0.0,0.0
2897,434717.7874289233,9.032099537233305,1679383.9389487114,0.0,0.0
2898,484263.8102076919,8.441684129375217,1456707.334337591,0.0,0.0
2899,424060.6036122134,7.60002812242858,1094892.3963665182,0.0,0.0
2900,433474.1436449009,7.26085331365904,957245.8163034165,0.0,0.0
2901,460928.4337588311,6.896554444980645,819780.241961373,0.0,0.0
2902,387525.902383408,6.5322555763022505,695044.3093258906,0.0,0.0
2903,401255.04977943766,6.218204827441566,600814.0650607503,0.0,0.0
2904,405533.9003551778,6.029774378125154,545189.3964225454,0.0,0.0
2905,471038.49328033125,5.95440219839859,524252.7456533844,0.0,0.0
2906,426850.0067613516,6.180518737578283,589689.1313331091,0.0,0.0
2907,458290.2217809404,6.557379636211105,703646.7874386824,0.0,0.0
2908,437493.5680070967,6.858868355117363,806876.5247921853,0.0,0.0
2909,398710.2044369764,7.047298804433774,873703.2922944926,0.0,0.0
2910,424198.1256903377,7.888954811380411,1222251.2808564852,0.0,0.0
2911,377411.187847644,9.069785627096586,1690870.6591390392,0.0,0.0
2912,395500.0403342013,9.29590216627628,1759790.98028101,0.0,0.0
2913,446192.30788978015,9.43408449577498,1801908.9543122142,0.0,0.0
2914,466774.7991204636,9.547142765364827,1832673.1220785968,0.0,0.0
2915,551399.2687414661,9.622514945091392,1849737.3835686913,0.0,0.0
2916,612191.4927761653,9.836069454316657,1898086.1244572913,0.0,0.0
2917,498676.33801542624,10.187806293040625,1959539.695578065,0.0,0.0
2918,1297549.563795288,10.514419071855738,2000000.0,0.0,0.0
2919,742515.0307538202,10.778221700898714,2000000.0,0.0,0.0
2920,523841.860454993,10.878717940534132,2000000.0,0.0,0.0
2921,541463.3311195504,10.753097640989859,2000000.0,0.0,0.0
2922,514281.7807373029,10.02449990363307,1938375.1875108457,0.0,0.0
2923,510777.7094771644,8.76829690819033,1582294.2750061161,0.0,0.0
2924,490290.7403720688,7.838706691562701,1200101.9096408384,0.0,0.0
2925,548141.7449079392,7.336225493385604,986731.4130124483,0.0,0.0
2926,485583.1469326729,7.072422864342629,883531.8245308365,0.0,0.0
2927,488755.1635005964,6.670437905800951,742357.9389462458,0.0,0.0
2928,467350.263659983,6.394073246803549,652730.4224564076,0.0,0.0
2929,484105.7242250208,6.419197306712404,660147.0449415018,0.0,0.0
2930,436272.9668470997,6.708123995664234,755261.6561154339,0.0,0.0
2931,421400.4545869989,6.946802564798356,836985.1981869569,0.0,0.0
2932,397171.2405493863,6.997050684616065,854190.1544125406,0.0,0.0
2933,433670.2165896582,7.059860834388202,878617.5584126645,0.0,0.0
2934,417528.3720581201,7.826144661608274,1194564.5668369273,0.0,0.0
2935,363953.6365413431,9.258216076412998,1748304.2600906817,0.0,0.0
2936,396199.4992781865,9.609952915136965,1846893.3399870088,0.0,0.0
2937,479345.704431289,9.408960435866126,1794251.1408519952,0.0,0.0
2938,494683.6768910786,9.019537507278876,1675555.0322186013,0.0,0.0
2939,603211.753891992,8.705486758418191,1558627.4105719745,0.0,0.0
2940,635122.1436992564,8.655238638600482,1539693.9190246614,0.0,0.0
2941,524612.7397734565,8.95672735750674,1653294.8683085395,0.0,0.0
2942,1270575.7579302122,9.43408449577498,1801908.9543122142,0.0,0.0
2943,768901.4836927779,9.609952915136965,1846893.3399870088,0.0,0.0
2944,484999.8895576702,9.308464196230707,1763619.8870111196,0.0,0.0
2945,527106.4875493225,8.793420968099184,1591761.0207797724,0.0,0.0
2946,545049.2222807285,8.02713714087911,1282597.5991692266,0.0,0.0
2947,549695.6531812253,6.946802564798356,836985.1981869569,0.0,0.0
2948,512907.6254282891,6.3438251269858394,637897.1774862198,0.0,0.0
2949,519756.8356632617,5.803657838945461,484094.4482950708,35662.38736819092,35662.38736819092
2950,474863.1678259344,5.363986790540501,372950.6622162074,101912.505609727,101912.505609727
2951,458926.5103235646,5.188118371178518,333837.5257501025,125088.9845734621,125088.9845734621
2952,480784.2572517728,5.062498071634245,305899.57113145606,174884.68612031674,174884.68612031674
2953,404947.2130186394,5.363986790540501,372950.6622162074,31996.550802432,31996.550802432
2954,397013.7066753419,5.590103329720195,427203.52703746,0.0,0.0
2955,404355.46474844107,5.841343928808744,494134.02263464936,0.0,0.0
2956,395125.9261211039,6.042336408079581,548897.7076650924,0.0,0.0
2957,366302.1659788256,6.29357700716813,623063.932516032,0.0,0.0
2958,377420.6075366064,7.26085331365904,957245.8163034165,0.0,0.0
2959,424945.222097417,8.441684129375217,1456707.334337591,0.0,0.0
2960,428947.3290802602,8.805982998053612,1596494.3936666008,0.0,0.0
2961,461923.9583075128,8.504494279147353,1482893.444382723,0.0,0.0
2962,462851.5336213154,8.077385260696822,1303701.8094926653,0.0,0.0
2963,480581.37842552766,7.838706691562701,1200101.9096408384,0.0,0.0
2964,471815.5011451768,7.951764961152548,1249937.994876043,0.0,0.0
2965,455663.6258294409,8.190443530286668,1351186.2827204007,0.0,0.0
2966,432420.1425883645,8.466808189284071,1467259.43949931,0.0,0.0
2967,398939.4066679158,8.6175525487372,1525493.800364177,0.0,0.0
2968,993995.4361388404,8.579866458873918,1511293.681703692,0.0,0.0
2969,480128.9037244486,8.22812962014995,1367014.440462979,0.0,0.0
2970,474223.0379574605,7.336225493385604,986731.4130124483,0.0,0.0
2971,560981.9118080733,6.117708587806146,571147.5751203744,0.0,0.0
2972,569009.3950520835,5.188118371178518,333837.5257501025,235171.86930198106,235171.86930198106
2973,505241.0540827981,4.245966124596463,162796.5322396309,342444.52184316714,342444.52184316714
2974,433427.8225319711,3.4545582374675363,63201.1248971432,370226.69763482787,370226.69763482787
2975,398535.7792281263,3.0902593687891415,31142.824453444453,367392.9547746818,367392.9547746818
2976,368906.8595606037,3.027449219017005,25615.53127349642,343291.3282871073,343291.3282871073
2977,364830.4962481989,3.165631548515706,37775.57626938213,327054.91997881676,327054.91997881676
2978,414057.82998489536,3.4545582374675363,63201.1248971432,350856.70508775214,350856.70508775214
2979,415918.8608212344,3.693236806601657,89924.64845635489,325994.21236487955,325994.21236487955
2980,384472.9480208652,3.8942292858724956,113561.36401860548,270911.5840022597,270911.5840022597
2981,354862.7076718802,4.107783795097761,142124.4557466251,212738.25192525508,212738.25192525508
2982,383846.1939881895,4.4092725140040185,187227.1680950012,196619.0258931883,196619.0258931883
2983,385449.37841842335,5.489607090084776,400888.61683485424,0.0,0.0
2984,419636.915759479,5.853905958763171,497480.5474145088,0.0,0.0
2985,487545.5907785828,6.067460467988437,556314.3301501865,0.0,0.0
2986,442765.0841764565,5.853905958763171,497480.5474145088,0.0,0.0
2987,457099.2230555876,5.5272931799480585,410470.9031381628,46628.319917424815,46628.319917424815
2988,544363.7105756992,5.3011766407683645,358981.6849068843,185382.02566881495,185382.02566881495
2989,440566.63675421255,5.238366490996228,345012.70759756106,95553.92915665149,95553.92915665149
2990,452428.50531439146,5.539855209902486,413817.4279180222,38611.07739636925,38611.07739636925
2991,371320.4655972766,6.017212348170727,541481.0851799984,0.0,0.0
2992,1104146.058685404,6.29357700716813,623063.932516032,481082.126169372,481082.126169372
2993,450529.4847483279,6.507131516393396,686441.8312130987,0.0,0.0
2994,522970.0289550717,6.5322555763022505,695044.3093258906,0.0,0.0
2995,490512.78925422806,5.879030018672025,504173.59697422746,0.0,0.0
2996,513635.8539682097,5.087622131543099,311487.1620551851,202148.69191302458,202148.69191302458
2997,501593.3913268228,4.195718004778753,155279.41351490142,346313.9778119214,346313.9778119214
2998,484470.77230457193,3.7057988365560846,91401.94317899554,393068.8291255764,393068.8291255764
2999,381740.1838335487,3.5550544771029555,73674.40650730756,308065.77732624114,308065.77732624114
3000,425140.7168492004,3.5927405669662376,78106.29067522954,347034.4261739709,347034.4261739709
3001,366590.762617872,3.6429886867839474,84015.46956579221,282575.29305207974,282575.29305207974
3002,412837.4189728752,3.906791315826923,115038.65874124614,297798.7602316291,297798.7602316291
3003,390508.39988207456,4.183155974824326,153400.1338337192,237108.26604835535,237108.26604835535
3004,365985.3822968771,4.3715864241407365,181589.32905145417,184396.05324542293,184396.05324542293
3005,359224.47258202423,4.472082663776156,196623.56650091297,162600.90608111126,162600.90608111126
3006,387460.7339150804,4.560016873457148,211747.07771858375,175713.65619649662,175713.65619649662
3007,410580.64157746494,5.690599569355615,453975.7252763358,0.0,0.0
3008,437703.0471713733,5.4519210002214935,392507.23044926015,45195.81672211317,45195.81672211317
3009,469611.6307830269,4.723323262864704,241534.163146522,228077.4676365049,228077.4676365049
3010,424093.9684758092,4.346462364231882,177830.76968908953,246263.19878671967,246263.19878671967
3011,478255.9066518513,4.296214244414172,170313.6509643602,307942.25568749115,307942.25568749115
3012,466511.0353624676,4.384148454095165,183468.60873263664,283042.42662983097,283042.42662983097
3013,458552.2442294948,4.534892813548293,207164.44919120864,251387.7950382862,251387.7950382862
3014,449174.8540738961,4.98712589190768,289651.76268396084,159523.09138993523,159523.09138993523
3015,403243.1341178951,5.477045060130349,398094.8213729896,5148.312744905474,5148.312744905474
3016,993550.4503108788,5.95440219839859,524252.7456533844,469297.7046574944,469297.7046574944
3017,494785.251257677,6.708123995664234,755261.6561154339,0.0,0.0
3018,552535.8504304531,7.110108954205911,898274.6228853525,0.0,0.0
3019,508094.1649653679,6.620189785983242,725152.982720662,0.0,0.0
3020,538787.6960758797,5.577541299765769,423857.0022576008,114930.69381827896,114930.69381827896
3021,518222.58869306295,4.459520633821729,194744.28681973062,323478.30187333236,323478.30187333236
3022,473401.4915203875,3.843981166054786,107652.18512804282,365749.3063923447,365749.3063923447
3023,406263.6605807658,3.504806357285246,67765.22761674495,338498.4329640209,338498.4329640209
3024,395340.8622030902,3.3917480876953996,57673.83171719517,337667.03048589505,337667.03048589505
3025,410611.9681267574,3.567616507057383,75151.70122994823,335460.2668968092,335460.2668968092
3026,365130.1209935132,3.994725525507915,125379.72179973079,239750.39919378242,239750.39919378242
3027,363930.2151128567,4.472082663776156,196623.56650091297,167306.64861194373,167306.64861194373
3028,373338.5726151118,4.773571382682413,250699.4202012722,122639.15241383962,122639.15241383962
3029,354049.2262535229,4.936877772089971,280486.5056292106,73562.7206243123,73562.7206243123
3030,385591.8577908183,5.100184161497526,314280.9575170498,71310.90027376852,71310.90027376852
3031,380980.9804171977,6.2307668573959925,604522.3763032969,0.0,0.0
3032,425242.4273679927,5.715723629264469,460668.7748360544,0.0,0.0
3033,447491.72352747136,5.062498071634245,305899.57113145606,141592.1523960153,141592.1523960153
3034,494351.6458871088,5.100184161497526,314280.9575170498,180070.688370059,180070.688370059
3035,472672.8814038308,5.6026653596746225,430550.0518173195,42122.8295865113,42122.8295865113
3036,503122.2613601245,6.205642797487139,597105.7538182033,0.0,0.0
3037,434623.1349163119,6.997050684616065,854190.1544125406,0.0,0.0
3038,452327.7462513076,7.662838272200717,1122579.1103860762,0.0,0.0
3039,408221.57335271314,8.002013080970258,1272045.4940075083,0.0,0.0
3040,1064221.1218837,8.08994729065125,1308977.8620735246,0.0,0.0
3041,459775.79328060936,7.801020601699419,1183489.8812291038,0.0,0.0
3042,504801.0150089184,6.871430385071791,811177.7638485811,0.0,0.0
3043,531075.4760708462,5.690599569355615,453975.7252763358,77099.75079451042,77099.75079451042
3044,504520.3644360591,5.703161599310042,457322.25005619525,47198.11437986384,47198.11437986384
3045,504652.4300883496,5.690599569355615,453975.7252763358,50676.704812013835,50676.704812013835
3046,515641.9087504304,5.464483030175921,395301.0259111248,120340.88283930562,120340.88283930562
3047,425668.8811613784,5.288614610813937,356187.8894450196,69480.99171635881,69480.99171635881
3048,450809.2229104689,5.137870251360808,322662.3439026437,128146.87900782516,128146.87900782516
3049,355908.9904944308,5.024811981770962,297518.184745862,58390.80574856885,58390.80574856885
3050,427197.0936875834,4.962001831998825,285069.13415658573,142127.95953099767,142127.95953099767
3051,405309.435740476,4.899191682226688,273612.5628381478,131696.8729023282,131696.8729023282
3052,359854.138104242,4.98712589190768,289651.76268396084,70202.37542028114,70202.37542028114
3053,352319.6858532016,4.962001831998825,285069.13415658573,67250.55169661588,67250.55169661588
3054,354146.6194883583,4.949439802044398,282777.81989289814,71368.79959546018,71368.79959546018
3055,449282.2474116338,5.740847689173324,467361.8243957736,0.0,0.0
3056,408640.8246811286,5.753409719127752,470708.349175633,0.0,0.0
3057,466615.5542361898,5.891592048626453,507520.12175408716,0.0,0.0
3058,500555.1386686605,6.2307668573959925,604522.3763032969,0.0,0.0
3059,487085.4817238765,6.4945694864389685,682396.9123967835,0.0,0.0
3060,466544.9236681966,7.047298804433774,873703.2922944926,0.0,0.0
3061,454632.8859043595,7.662838272200717,1122579.1103860762,0.0,0.0
3062,429204.5550946801,7.851268721517128,1205639.2524447502,0.0,0.0
3063,410277.9166191575,7.750772481881709,1161340.5100134574,0.0,0.0
3064,974424.1964697788,7.6502762422462895,1117041.7675821644,0.0,0.0
3065,497612.1204423444,7.5372179726564426,1067205.6823469598,0.0,0.0
3066,529814.4029373821,7.097546924251485,893360.3567671807,0.0,0.0
3067,548142.8566049023,6.3438251269858394,637897.1774862198,0.0,0.0
3068,521014.5181407208,5.778533779036606,477401.3987353519,43613.11940536887,43613.11940536887
3069,468652.4948069541,5.32630070067722,364569.27583061374,104083.21897634037,104083.21897634037
3070,476726.8432397984,4.572578903411576,214038.39198227142,262688.451257527,262688.451257527
3071,429460.9696622946,4.459520633821729,194744.28681973062,234716.68284256398,234716.68284256398
3072,417426.50199570495,4.158031914915471,149641.57447135443,267784.9275243505,267784.9275243505
3073,476985.02678766137,4.007287555462342,127090.21829716631,349894.8084904951,349894.8084904951
3074,435877.2614077007,4.120345825052189,144003.73542780743,291873.5259798933,291873.5259798933
3075,464381.3034222525,4.245966124596463,162796.5322396309,301584.7711826216,301584.7711826216
3076,430355.22105716,4.25852815455089,164675.8119208132,265679.4091363468,265679.4091363468
3077,356508.0578202012,4.271090184505318,166555.09160199555,189952.96621820566,189952.96621820566
3078,407902.2781633053,4.735885292819131,243825.47741020954,164076.80075309577,164076.80075309577
3079,401052.9544261856,5.690599569355615,453975.7252763358,0.0,0.0
3080,394183.1854815544,5.590103329720195,427203.52703746,0.0,0.0
3081,494970.1893038426,5.238366490996228,345012.70759756106,149957.48170628154,149957.48170628154
3082,460304.6074628452,5.137870251360808,322662.3439026437,137642.2635602015,137642.2635602015
3083,636941.0821790699,5.389110850449357,378538.25313993695,258402.82903913292,258402.82903913292
3084,552105.5033451553,5.803657838945461,484094.4482950708,68011.05505008448,68011.05505008448
3085,509895.8957661036,6.2307668573959925,604522.3763032969,0.0,0.0
3086,1396849.888069615,6.582503696119961,712249.2655514745,684600.6225181405,684600.6225181405
3087,841823.53650898,6.720686025618662,759562.8951718297,82260.64133715024,82260.64133715024
3088,561676.4658512606,6.595065726074387,716550.5046078701,0.0,0.0
3089,529477.9087288085,6.2307668573959925,604522.3763032969,0.0,0.0
3090,549990.0296369904,5.879030018672025,504173.59697422746,45816.432662762934,45816.432662762934
3091,512861.1867983789,5.351424760586074,370156.8667543428,142704.32004403608,142704.32004403608
3092,525384.9331887843,5.188118371178518,333837.5257501025,191547.4074386818,191547.4074386818
3093,528163.4826114442,4.949439802044398,282777.81989289814,245385.66271854605,245385.66271854605
3094,513062.2356089216,4.64795108313814,227786.27756439673,285275.9580445249,285275.9580445249
3095,494806.17055169,4.434396573912874,190985.72745736598,303820.443094324,303820.443094324
3096,509574.39552969416,4.4846446937305835,198502.84618209532,311071.5493475988,311071.5493475988
3097,480642.96452534926,4.3715864241407365,181589.32905145417,299053.6354738951,299053.6354738951
3098,429436.7166388813,4.220842064687608,159037.9728772662,270398.74376161513,270398.74376161513
3099,439702.8228025492,4.132907855006616,145883.01510898976,293819.80769355944,293819.80769355944
3100,425201.626145024,4.132907855006616,145883.01510898976,279318.6110360343,279318.6110360343
3101,407167.49132971617,4.271090184505318,166555.09160199555,240612.39972772062,240612.39972772062
3102,426915.4013648781,4.924315742135542,278195.1913655229,148720.2099993552,148720.2099993552
3103,378405.81153077225,5.879030018672025,504173.59697422746,0.0,0.0
3104,380863.8404402612,6.218204827441566,600814.0650607503,0.0,0.0
3105,469712.99731652375,6.620189785983242,725152.982720662,0.0,0.0
3106,502449.4129765042,6.871430385071791,811177.7638485811,0.0,0.0
3107,596161.5293636263,6.971926624707209,845587.6762997485,0.0,0.0
3108,581130.4709444959,6.808620235299653,789671.5685666011,0.0,0.0
3109,533993.9086456615,6.507131516393396,686441.8312130987,0.0,0.0
3110,1313496.302754406,6.155394677669429,582272.5088480155,731223.7939063904,731223.7939063904
3111,782285.212966445,6.029774378125154,545189.3964225454,237095.8165438996,237095.8165438996
3112,542957.3579631116,6.092584527897291,563730.9526352802,0.0,0.0
3113,516840.8768183987,6.368949186894695,645313.799971314,0.0,0.0
3114,521139.288479283,6.7960582053452265,785370.3295102055,0.0,0.0
3115,560620.1172518964,6.708123995664234,755261.6561154339,0.0,0.0
3116,523961.0543676206,6.205642797487139,597105.7538182033,0.0,0.0
3117,526333.5342204643,5.627789419583478,437243.1013770386,89090.43284342572,89090.43284342572
3118,514383.8740181701,5.188118371178518,333837.5257501025,180546.34826806764,180546.34826806764
3119,501178.51869027736,4.899191682226688,273612.5628381478,227565.95585212955,227565.95585212955
3120,490568.43412478646,4.673075143046995,232368.90609177182,258199.52803301465,258199.52803301465
3121,407784.4911070162,4.572578903411576,214038.39198227142,193746.0991247448,193746.0991247448
3122,387059.1339278677,4.5977029633204305,218621.02050964654,168438.11341822115,168438.11341822115
3123,396160.2118785008,4.660513113092567,230077.5918280843,166082.62005041653,166082.62005041653
3124,355452.01486879133,4.673075143046995,232368.90609177182,123083.10877701952,123083.10877701952
3125,347362.51141306513,4.660513113092567,230077.5918280843,117284.91958498085,117284.91958498085
3126,372185.7787519559,5.250928520950655,347806.5030594257,24379.27569253021,24379.27569253021
3127,425668.5007716584,6.0046503182163,537772.7739374518,0.0,0.0
3128,388415.6154649217,6.130270617760574,574855.8863629213,0.0,0.0
3129,471099.49602580094,6.419197306712404,660147.0449415018,0.0,0.0
3130,479304.2060778993,6.808620235299653,789671.5685666011,0.0,0.0
3131,426235.3689970727,7.248291283704612,952331.5501852442,0.0,0.0
3132,482883.3463426027,7.4995318827931605,1050616.8725486842,0.0,0.0
3133,405122.9172093704,7.512093912747589,1056130.9967391372,0.0,0.0
3134,435919.0282857455,7.474407822884306,1040788.3403123403,0.0,0.0
3135,428416.22870352585,7.562342032565297,1078280.3679547831,0.0,0.0
3136,1128832.9961122184,7.625152182337435,1105967.0819743413,22865.91413787706,22865.91413787706
3137,522144.51184014085,7.738210451927282,1155803.1672095458,0.0,0.0
3138,477089.45936124417,7.788458571744991,1177952.5384251922,0.0,0.0
3139,532561.2880945795,7.436721733021024,1026045.5419578245,0.0,0.0
3140,542470.6526456282,7.059860834388202,878617.5584126645,0.0,0.0
3141,487583.174462588,6.582503696119961,712249.2655514745,0.0,0.0
3142,496084.3764381727,6.29357700716813,623063.932516032,0.0,0.0
3143,394139.84917392686,6.155394677669429,582272.5088480155,0.0,0.0
3144,415855.3699395763,6.24332888735042,608230.6875458439,0.0,0.0
3145,408262.42974206526,6.3815112168491215,649022.1112138606,0.0,0.0
3146,382933.8737542921,6.482007456484541,678688.6011542365,0.0,0.0
3147,379241.98617889854,6.507131516393396,686441.8312130987,0.0,0.0
3148,399144.6454908739,6.482007456484541,678688.6011542365,0.0,0.0
3149,385610.2919593621,6.4945694864389685,682396.9123967835,0.0,0.0
3150,370712.3610215019,7.097546924251485,893360.3567671807,0.0,0.0
3151,431559.234588195,7.926640901243692,1238863.3092682194,0.0,0.0
3152,376804.7610513144,8.077385260696822,1303701.8094926653,0.0,0.0
3153,463222.5039750127,8.08994729065125,1308977.8620735246,0.0,0.0
3154,460974.0308970285,8.127633380514531,1324806.0198161032,0.0,0.0
3155,502480.1458132628,8.115071350560104,1319529.9672352436,0.0,0.0
3156,451328.2089578385,7.876392781425983,1216713.9380525732,0.0,0.0
3157,422670.3820414327,7.512093912747589,1056130.9967391372,0.0,0.0
3158,441595.64407361706,7.399035643157741,1011302.7436033082,0.0,0.0
3159,427038.6639277166,7.524655942702016,1061668.3395430488,0.0,0.0
3160,1035259.4044142348,7.687962332109572,1133653.7959938992,0.0,0.0
3161,514447.8129481428,7.6502762422462895,1117041.7675821644,0.0,0.0
3162,476948.9241657224,7.31110143347675,976902.8807761046,0.0,0.0
3163,504131.1953058122,6.620189785983242,725152.982720662,0.0,0.0
3164,564395.4755313088,6.080022497942863,560022.6413927332,4372.834138575592,4372.834138575592
3165,464798.658284591,5.539855209902486,413817.4279180222,50981.23036656878,50981.23036656878
3166,501019.0906217641,5.049936041679817,303105.77566959127,197913.3149521728,197913.3149521728
3167,405148.59328682086,4.924315742135542,278195.1913655229,126953.40192129795,126953.40192129795
3168,406510.9920237715,5.024811981770962,297518.184745862,108992.80727790954,108992.80727790954
3169,375465.0936124776,4.999687921862107,291943.07694764837,83522.01666482922,83522.01666482922
3170,390407.9879771969,4.710761232910277,239242.84888283446,151165.13909436247,151165.13909436247
3171,395449.7585360563,4.384148454095165,183468.60873263664,211981.14980341968,211981.14980341968
3172,393950.1178471583,4.158031914915471,149641.57447135443,244308.54337580386,244308.54337580386
3173,320383.6286497573,3.994725525507915,125379.72179973079,195003.9068500265,195003.9068500265
3174,385988.57338929473,4.434396573912874,190985.72745736598,195002.84593192875,195002.84593192875
3175,406145.2425358761,4.836381532454551,262155.9915197101,143989.251016166,143989.251016166
3176,423902.4686118731,4.5977029633204305,218621.02050964654,205281.44810222657,205281.44810222657
3177,487422.0554694611,4.4469586038673015,192865.00713854833,294557.0483309127,294557.0483309127
3178,416431.7462909989,4.534892813548293,207164.44919120864,209267.29709979024,209267.29709979024
3179,476932.1624009133,4.974563861953253,287360.44842027326,189571.71398064005,189571.71398064005
3180,466768.8899688077,5.665475509446759,447282.6757166167,19486.214252191014,19486.214252191014
3181,416907.5580432048,6.368949186894695,645313.799971314,0.0,0.0
3182,454690.3311428902,6.871430385071791,811177.7638485811,0.0,0.0
3183,423651.38655414426,7.135233014114766,908103.1551216963,0.0,0.0
3184,1021617.268024276,7.26085331365904,957245.8163034165,64371.451720859506,64371.451720859506
3185,494333.1417031913,7.36134955329446,996559.9452487925,0.0,0.0
3186,499374.3332713781,7.172919103978048,922845.9534762123,0.0,0.0
3187,522164.42477635696,6.657875875846525,738056.6998898502,0.0,0.0
3188,500661.1686956763,6.205642797487139,597105.7538182033,0.0,0.0
3189,476218.83401068585,5.740847689173324,467361.8243957736,8857.00961491227,8857.00961491227
3190,468295.6090354516,5.288614610813937,356187.8894450196,112107.71959043201,112107.71959043201
3191,381883.905495228,4.861505592363406,266738.6200470852,115145.2854481428,115145.2854481428
3192,416182.9572306621,4.560016873457148,211747.07771858375,204435.87951207836,204435.87951207836
3193,395078.2359338887,4.673075143046995,232368.90609177182,162709.3298421169,162709.3298421169
3194,412758.7359641518,4.773571382682413,250699.4202012722,162059.3157628796,162059.3157628796
3195,424020.9451163116,4.610264993274858,220912.33477333406,203108.61034297754,203108.61034297754
3196,369666.1794284517,4.396710484049592,185347.888413819,184318.2910146327,184318.2910146327
3197,347458.7702657423,4.170593944869898,151520.85415253678,195937.91611320555,195937.91611320555
3198,342418.0859184969,4.547454843502721,209455.76345489634,132962.32246360055,132962.32246360055
3199,375694.4500593578,4.949439802044398,282777.81989289814,92916.63016645965,92916.63016645965
3200,393752.71357017226,4.685637173001422,234660.22035545937,159092.4932147129,159092.4932147129
3201,485748.78846025845,4.534892813548293,207164.44919120864,278584.3392690498,278584.3392690498
3202,507787.05013309926,4.434396573912874,190985.72745736598,316801.32267573324,316801.32267573324
3203,473874.2045611893,4.396710484049592,185347.888413819,288526.31614737026,288526.31614737026
3204,468200.09834281687,4.610264993274858,220912.33477333406,247287.7635694828,247287.7635694828
3205,427501.0636329052,5.112746191451954,317074.75297891465,110426.31065399054,110426.31065399054
3206,443864.4618817457,5.703161599310042,457322.25005619525,0.0,0.0
3207,443877.4224101288,6.130270617760574,574855.8863629213,0.0,0.0
3208,1026695.6003377042,6.331263097031412,634188.8662436728,392506.7340940314,392506.7340940314
3209,487773.7270327886,6.431759336666832,663855.3561840488,0.0,0.0
3210,500024.9915639958,6.331263097031412,634188.8662436728,0.0,0.0
3211,535351.5590586847,5.715723629264469,460668.7748360544,74682.78422263032,74682.78422263032
3212,491908.3676485408,4.924315742135542,278195.1913655229,213713.1762830179,213713.1762830179
3213,491288.913378747,3.96960146559906,122425.13235444948,368863.7810242975,368863.7810242975
3214,500390.7080566037,3.253565758196698,45513.786721309414,454876.92133529426,454876.92133529426
3215,403860.06816993,3.00232515910815,23404.61400151721,380455.45416841283,380455.45416841283
3216,374708.0182745778,2.9520770392904403,20976.374623076426,353731.6436515014,353731.6436515014
3217,380219.8085380585,2.9395150093360125,20393.49643319098,359826.3121048675,359826.3121048675
3218,396576.958551982,3.165631548515706,37775.57626938213,358801.38228259986,358801.38228259986
3219,386824.97448498034,3.4168721476042543,59884.74898917438,326940.22549580596,326940.22549580596
3220,353047.5347848955,3.567616507057383,75151.70122994823,277895.8335549473,277895.8335549473
3221,331776.7540613761,3.693236806601657,89924.64845635489,241852.1056050212,241852.1056050212
3222,338728.09072508913,4.208280034733181,157158.69319608388,181569.39752900525,181569.39752900525
3223,440422.4502262854,5.652913479492332,443936.1509367572,0.0,0.0
3224,403594.0426572141,5.577541299765769,423857.0022576008,0.0,0.0
3225,493261.7339601496,4.874067622317833,269029.9343107727,224231.7996493769,224231.7996493769
3226,471125.0012600021,3.881667255918068,112084.06929596479,359040.9319640373,359040.9319640373
3227,473717.65739628713,2.9646390692448676,21559.25281296186,452158.40458332526,452158.40458332526
3228,462516.5736176666,2.474719901022199,0.0,462516.5736176666,462516.5736176666
3229,404710.1012072745,2.6254642604753275,5821.541686055199,398888.5595212193,398888.5595212193
3230,441612.2657643615,3.542492447148528,72197.11178466692,369415.1539796946,369415.1539796946
3231,393656.4119032608,4.735885292819131,243825.47741020954,149830.93449305126,149830.93449305126
3232,977272.0079880342,5.690599569355615,453975.7252763358,523296.2827116984,523296.2827116984
3233,521873.5664346708,6.544817606256678,699345.5483822866,0.0,0.0
3234,463293.9182365487,7.461845792929879,1035874.0741941688,0.0,0.0
3235,562872.6410487165,7.637714212291862,1111504.4247782528,0.0,0.0
3236,506348.45472571545,7.135233014114766,908103.1551216963,0.0,0.0
3237,467948.2834525527,6.544817606256678,699345.5483822866,0.0,0.0
3238,478824.1337171932,6.142832647715001,578564.1976054683,0.0,0.0
3239,393202.3469459321,5.841343928808744,494134.02263464936,0.0,0.0
3240,383395.3922704413,5.627789419583478,437243.1013770386,0.0,0.0
3241,510346.2919365864,5.42679694031264,386919.6395255311,123426.65241105529,123426.65241105529
3242,436562.0027228207,5.4142349103582115,384125.84406366624,52436.15865915443,52436.15865915443
3243,445028.6644870183,5.42679694031264,386919.6395255311,58109.024961487215,58109.024961487215
3244,438065.21745506383,5.376548820494929,375744.45767807233,62320.7597769915,62320.7597769915
3245,400511.9774974777,5.32630070067722,364569.27583061374,35942.701666863984,35942.701666863984
3246,402673.0991035404,5.966964228353017,527599.2704332437,0.0,0.0
3247,389736.9800624864,6.695561965709807,750960.417059038,0.0,0.0
3248,366185.8216584164,6.569941666165533,707948.0264950787,0.0,0.0
3249,437166.64145075367,6.29357700716813,623063.932516032,0.0,0.0
3250,475468.5408183501,6.105146557851719,567439.2638778274,0.0,0.0
3251,595993.6874438429,5.816219868899888,487440.97307493025,108552.71436891262,108552.71436891262
3252,620019.7846465171,5.690599569355615,453975.7252763358,166044.05937018135,166044.05937018135
3253,506474.6346307573,5.979526258307445,530945.7952131032,0.0,0.0
3254,1337783.3835774846,6.318701067076985,630480.5550011259,707302.8285763587,707302.8285763587
3255,776929.038646949,6.4568833965756856,671271.9786691425,105657.05997780652,105657.05997780652
3256,520799.4193944996,6.519693546347824,690743.070269495,0.0,0.0
3257,498679.9623722299,6.708123995664234,755261.6561154339,0.0,0.0
3258,586175.5747878856,7.034736774479346,868789.0261763203,0.0,0.0
3259,544488.0526840374,6.858868355117363,806876.5247921853,0.0,0.0
3260,539924.7108297177,6.783496175390799,781069.0904538096,0.0,0.0
3261,575114.8211443023,6.582503696119961,712249.2655514745,0.0,0.0
3262,471168.046641836,6.3438251269858394,637897.1774862198,0.0,0.0
3263,504019.327854114,6.142832647715001,578564.1976054683,0.0,0.0
3264,499124.7237132769,6.394073246803549,652730.4224564076,0.0,0.0
3265,471153.6327889741,6.431759336666832,663855.3561840488,0.0,0.0
3266,421623.0935880825,6.205642797487139,597105.7538182033,0.0,0.0
3267,422706.1171371972,6.042336408079581,548897.7076650924,0.0,0.0
3268,432960.9550503312,5.929278138489735,517559.6960936655,0.0,0.0
3269,381766.1845144439,5.828781898854316,490787.49785478966,0.0,0.0
3270,411103.6572793422,6.3438251269858394,637897.1774862198,0.0,0.0
3271,358133.7631036869,7.298539403522322,971988.6146579324,0.0,0.0
3272,402315.73837379686,7.223167223795758,942503.0179489006,0.0,0.0
3273,469875.169898774,7.185481133932475,927760.2195943842,0.0,0.0
3274,499469.5643820517,7.386473613203314,1006388.4774851366,0.0,0.0
3275,542402.9181183933,7.512093912747589,1056130.9967391372,0.0,0.0
3276,565667.8781803651,7.562342032565297,1078280.3679547831,0.0,0.0
3277,504992.32089987,7.5372179726564426,1067205.6823469598,0.0,0.0
3278,1397920.821177896,7.461845792929879,1035874.0741941688,362046.7469837273,362046.7469837273
3279,754027.7749410546,7.26085331365904,957245.8163034165,0.0,0.0
3280,517625.14318525634,7.009612714570492,858960.4939399766,0.0,0.0
3281,528040.0729016076,6.909116474935073,824081.481017769,0.0,0.0
3282,550449.243016802,6.720686025618662,759562.8951718297,0.0,0.0
3283,529595.0639857019,6.029774378125154,545189.3964225454,0.0,0.0
3284,551426.2474263152,5.992088288261872,534292.3199929626,17133.92743335257,17133.92743335257
3285,559192.5720111977,5.916716108535308,514213.17131380603,44979.400697391655,44979.400697391655
3286,529210.1065522067,5.879030018672025,504173.59697422746,25036.509577979217,25036.509577979217
3287,466661.0693683246,5.853905958763171,497480.5474145088,0.0,0.0
3288,512243.5360108898,5.703161599310042,457322.25005619525,54921.285954694555,54921.285954694555
3289,402450.7218928409,5.502169120039203,403777.85357844364,0.0,0.0
3290,396919.49659550417,5.4519210002214935,392507.23044926015,4412.2661462440155,4412.2661462440155
3291,373581.9826043623,5.552417239856913,417163.9526978817,0.0,0.0
3292,362907.1837536622,5.778533779036606,477401.3987353519,0.0,0.0
3293,329112.34893581155,5.740847689173324,467361.8243957736,0.0,0.0
3294,388819.0622273432,6.029774378125154,545189.3964225454,0.0,0.0
3295,411316.168203573,6.871430385071791,811177.7638485811,0.0,0.0
3296,379661.11681951984,6.896554444980645,819780.241961373,0.0,0.0
3297,477845.287174751,6.82118226525408,793972.8076229972,0.0,0.0
3298,441425.41276438703,6.946802564798356,836985.1981869569,0.0,0.0
3299,485151.2073847015,7.084984894297056,888446.0906490085,0.0,0.0
3300,515000.264666401,6.959364594752782,841286.4372433525,0.0,0.0
3301,469799.6627315067,6.544817606256678,699345.5483822866,0.0,0.0
3302,413795.56548854685,6.268452947259275,615647.3100309381,0.0,0.0
3303,415344.6557980489,6.05489843803401,552606.0189076397,0.0,0.0
3304,931955.2807385006,5.95440219839859,524252.7456533844,407702.5350851162,407702.5350851162
3305,553855.9485931866,6.042336408079581,548897.7076650924,4958.240928094136,4958.240928094136
3306,518642.8384685385,5.678037539401187,450629.2004964761,68013.6379720624,68013.6379720624
3307,494550.6649761527,4.899191682226688,273612.5628381478,220938.1021380049,220938.1021380049
3308,533302.6803678508,4.547454843502721,209455.76345489634,323846.9169129545,323846.9169129545
3309,493355.6066090347,4.120345825052189,144003.73542780743,349351.87118122727,349351.87118122727
3310,531528.9746966353,3.818857106145931,104697.59568276149,426831.37901387375,426831.37901387375
3311,431715.8153642645,3.6429886867839474,84015.46956579221,347700.3457984723,347700.3457984723
3312,443743.50477696944,3.5550544771029555,73674.40650730756,370069.0982696619,370069.0982696619
3313,404873.8046602489,3.4419962075131094,62095.66626115362,342778.1383990953,342778.1383990953
3314,414334.8471910608,3.2912518480599804,48830.162629278275,365504.6845617825,365504.6845617825
3315,401565.31349250296,3.2284416982878428,43302.86944933016,358262.4440431728,358262.4440431728
3316,367892.8778950517,3.366624027786545,55462.91444521596,312429.9634498357,312429.9634498357
3317,323307.401600957,3.479682297376391,65412.04216912242,257895.35943183454,257895.35943183454
3318,338534.7276542628,3.5927405669662376,78106.29067522954,260428.43697903326,260428.43697903326
3319,448464.6019987423,4.25852815455089,164675.8119208132,283788.79007792915,283788.79007792915
3320,415062.12435565743,4.095221765143334,140245.17606544276,274816.94829021464,274816.94829021464
3321,494626.7135184629,3.8314191361003584,106174.89040540216,388451.82311306073,388451.82311306073
3322,470745.46348281513,3.504806357285246,67765.22761674495,402980.2358660702,402980.2358660702
3323,500282.14734626224,2.9520770392904403,20976.374623076426,479305.77272318583,479305.77272318583
3324,444875.0239248229,2.6380262904297553,6404.419875940648,438470.60404888226,438470.60404888226
3325,436331.1431173704,2.7887706498828844,13398.958154565835,422932.18496280455,422932.18496280455
3326,449373.6690881716,3.316375907968835,51041.079901257486,398332.58918691415,398332.58918691415
3327,442770.6940567556,3.881667255918068,112084.06929596479,330686.6247607908,330686.6247607908
3328,1099882.5615193285,4.333900334277455,175951.49000790733,923931.0715114211,923931.0715114211
3329,473979.86255771935,4.69819920295585,236951.53461914707,237028.32793857227,237028.32793857227
3330,474787.46160722367,4.88662965227226,271321.2485744603,203466.2130327634,203466.2130327634
3331,549135.884404321,4.710761232910277,239242.84888283446,309893.03552148654,309893.03552148654
3332,501455.3159390891,4.497206723685011,200382.12586327762,301073.19007581146,301073.19007581146
3333,479114.7624791472,4.044973645325625,132728.05734071345,346386.7051384337,346386.7051384337
3334,476718.5291069072,3.6429886867839474,84015.46956579221,392703.05954111496,392703.05954111496
3335,440089.57922632754,3.3414999678776898,53251.997173236705,386837.58205309085,386837.58205309085
3336,400972.0341347809,3.0776973388347146,30037.365817454887,370934.668317326,370934.668317326
3337,393434.2536159763,2.7636465899740292,12233.201774794956,381201.05184118135,381201.05184118135
3338,375114.7367652784,2.361661631432352,0.0,375114.7367652784,375114.7367652784
3339,382263.6156786433,2.148107122207086,0.0,382263.6156786433,382263.6156786433
3340,404034.5762389344,2.173231182115941,0.0,404034.5762389344,404034.5762389344
3341,354028.8338566869,2.411909751250062,0.0,354028.8338566869,354028.8338566869
3342,326682.66551422793,2.6882744102474647,8735.932635482362,317946.7328787456,317946.7328787456
3343,363096.43938882655,3.668112746692802,86970.05901107354,276126.380377753,276126.380377753
3344,380961.5790012523,3.655550716738375,85492.76428843293,295468.8147128194,295468.8147128194
3345,480983.0313520063,3.2912518480599804,48830.162629278275,432152.86872272805,432152.86872272805
3346,459810.7628253868,3.2786898181055526,47724.703993288625,412086.05883209815,412086.05883209815
3347,472945.9123480175,3.718360866510512,92879.2379016362,380066.6744463813,380066.6744463813
3348,472542.5693395685,4.233404094642036,160917.25255844856,311625.3167811199,311625.3167811199
3349,428286.35902606667,4.673075143046995,232368.90609177182,195917.45293429485,195917.45293429485
3350,437120.75239725295,5.250928520950655,347806.5030594257,89314.24933782726,89314.24933782726
3351,405175.9593093391,5.828781898854316,490787.49785478966,0.0,0.0
3352,1106060.5437457426,6.3061390371225565,626772.2437585787,479288.299987164,479288.299987164
3353,506465.8258730983,6.708123995664234,755261.6561154339,0.0,0.0
3354,517907.1714776648,6.117708587806146,571147.5751203744,0.0,0.0
3355,514406.1395804387,5.250928520950655,347806.5030594257,166599.63652101305,166599.63652101305
3356,487979.90263627033,4.98712589190768,289651.76268396084,198328.1399523095,198328.1399523095
3357,475875.52100345073,4.572578903411576,214038.39198227142,261837.1290211793,261837.1290211793
3358,497751.8778734894,4.195718004778753,155279.41351490142,342472.464358588,342472.464358588
3359,421601.6641172959,4.35902439418631,179710.04937027197,241891.6147470239,241891.6147470239
3360,411739.0800900953,4.64795108313814,227786.27756439673,183952.80252569856,183952.80252569856
3361,358576.7243113208,4.848943562408978,264447.30578339763,94129.41852792318,94129.41852792318
3362,383915.3934578066,4.949439802044398,282777.81989289814,101137.57356490847,101137.57356490847
3363,409290.1050656867,5.024811981770962,297518.184745862,111771.92031982471,111771.92031982471
3364,364365.9479455263,5.125308221406382,319868.54844077927,44497.39950474701,44497.39950474701
3365,339064.82455151586,5.376548820494929,375744.45767807233,0.0,0.0
3366,351308.647094461,5.992088288261872,534292.3199929626,0.0,0.0
3367,449094.588152059,6.73324805557309,763864.134228226,0.0,0.0
3368,370786.5326635234,6.557379636211105,703646.7874386824,0.0,0.0
3369,470034.3554615837,6.368949186894695,645313.799971314,0.0,0.0
3370,461929.56483998505,6.444321366621258,667563.6674265955,0.0,0.0
3371,491115.50533723086,6.745810085527516,768165.3732846216,0.0,0.0
3372,483507.9099052703,7.122670984160338,903188.8890035244,0.0,0.0
3373,444765.2245181151,7.524655942702016,1061668.3395430488,0.0,0.0
3374,424597.8935477459,7.93920293119812,1244400.6520721314,0.0,0.0
3375,391131.0676714995,8.265815710013232,1382842.5982055576,0.0,0.0
3376,1026603.5293156572,8.479370219238499,1472535.4920801695,0.0,0.0
3377,490869.5484851169,8.579866458873918,1511293.681703692,0.0,0.0
3378,533596.1587054619,8.190443530286668,1351186.2827204007,0.0,0.0
3379,487124.805183731,7.185481133932475,927760.2195943842,0.0,0.0
3380,522011.7789697577,7.172919103978048,922845.9534762123,0.0,0.0
3381,482037.33606727497,7.323663463431177,981817.1468942764,0.0,0.0
3382,465683.4741170168,7.298539403522322,971988.6146579324,0.0,0.0
3383,423372.0575828888,7.298539403522322,971988.6146579324,0.0,0.0
3384,427578.5379907546,7.411597673112169,1016217.0097214805,0.0,0.0
3385,415687.5427743236,7.738210451927282,1155803.1672095458,0.0,0.0
3386,418936.4735608055,8.316063829830942,1403946.8085289954,0.0,0.0
3387,377294.5541138869,8.491932249192926,1477811.544661029,0.0,0.0
3388,364260.8893397724,7.876392781425983,1216713.9380525732,0.0,0.0
3389,340015.18923138303,7.047298804433774,873703.2922944926,0.0,0.0
3390,358751.0983016072,6.770934145436371,776767.8513974134,0.0,0.0
3391,426323.0067747307,6.569941666165533,707948.0264950787,0.0,0.0
3392,412964.4350648413,5.652913479492332,443936.1509367572,0.0,0.0
3393,428301.4925620239,5.188118371178518,333837.5257501025,94463.96681192145,94463.96681192145
3394,467870.2211510144,5.552417239856913,417163.9526978817,50706.26845313271,50706.26845313271
3395,453918.4743383007,6.582503696119961,712249.2655514745,0.0,0.0
3396,459447.9196373782,7.662838272200717,1122579.1103860762,0.0,0.0
3397,412989.5691357777,8.290939769922087,1393394.7033672764,0.0,0.0
3398,435792.5196546485,8.403998039511935,1440879.1765950127,0.0,0.0
3399,423344.0157500701,8.341187889739796,1414498.9136907146,0.0,0.0
3400,1050905.1257959804,8.416560069466362,1446155.2291758722,0.0,0.0
3401,493281.867821923,8.466808189284071,1467259.43949931,0.0,0.0
3402,510174.9390505494,7.826144661608274,1194564.5668369273,0.0,0.0
3403,489494.9236703756,6.519693546347824,690743.070269495,0.0,0.0
3404,547800.9001511304,6.281014977213703,619355.621273485,0.0,0.0
3405,441719.0905813523,6.3815112168491215,649022.1112138606,0.0,0.0
3406,465313.822266348,6.708123995664234,755261.6561154339,0.0,0.0
3407,389020.9081862423,6.909116474935073,824081.481017769,0.0,0.0
3408,404615.0565333856,6.858868355117363,806876.5247921853,0.0,0.0
3409,432086.53350110014,6.557379636211105,703646.7874386824,0.0,0.0
3410,429532.0121754762,6.419197306712404,660147.0449415018,0.0,0.0
3411,460602.7153763785,6.6829999357553795,746659.178002642,0.0,0.0
3412,394000.87436681415,7.26085331365904,957245.8163034165,0.0,0.0
3413,400788.5390242017,7.687962332109572,1133653.7959938992,0.0,0.0
3414,445392.5323829612,8.416560069466362,1446155.2291758722,0.0,0.0
3415,380166.08882257895,9.321026226185134,1767448.793741229,0.0,0.0
3416,408695.7326395284,9.622514945091392,1849737.3835686913,0.0,0.0
3417,489324.3461967065,9.697887124817957,1866801.6450587853,0.0,0.0
3418,515158.8765520136,9.861193514225512,1903774.2116206558,0.0,0.0
3419,571179.4293861482,9.986813813769787,1932214.6474374798,0.0,0.0
3420,562028.4009367944,10.074748023450779,1944887.343839221,0.0,0.0
3421,461653.6604879302,10.12499614326849,1951399.5001675962,0.0,0.0
3422,1378089.8931922864,10.137558173222915,1953027.5392496898,0.0,0.0
3423,847244.0890566165,10.087310053405206,1946515.3829213148,0.0,0.0
3424,530604.5131533755,9.886317574134369,1909462.2987840213,0.0,0.0
3425,530625.9995234957,9.509456675501546,1824140.99133355,0.0,0.0
3426,554284.6445433421,8.692924728463764,1553894.037685146,0.0,0.0
3427,522138.2073217745,7.4241597030665964,1021131.2758396525,0.0,0.0
3428,525302.6982024151,7.02217474452492,863874.7600581485,0.0,0.0
3429,547118.7962839396,6.946802564798356,836985.1981869569,0.0,0.0
3430,441993.54735663184,6.934240534843927,832683.9591305607,0.0,0.0
3431,495901.2612310764,6.871430385071791,811177.7638485811,0.0,0.0
3432,474628.6452076677,6.783496175390799,781069.0904538096,0.0,0.0
3433,442276.6662775711,6.507131516393396,686441.8312130987,0.0,0.0
3434,414581.3261265597,6.469445426530114,674980.2899116896,0.0,0.0
3435,435272.84272857953,6.657875875846525,738056.6998898502,0.0,0.0
3436,418928.9881397749,7.02217474452492,863874.7600581485,0.0,0.0
3437,415427.3113100595,7.223167223795758,942503.0179489006,0.0,0.0
3438,436184.8358192608,8.03969917083354,1287873.6517500868,0.0,0.0
3439,372170.97694879153,8.994413447370022,1667494.986969024,0.0,0.0
3440,352300.54960776865,9.270778106367425,1752133.166820791,0.0,0.0
3441,485754.4825924555,9.333588256139562,1771277.7004713384,0.0,0.0
3442,501824.445642832,9.509456675501546,1824140.99133355,0.0,0.0
3443,552547.4425255031,9.68532509486353,1863957.601477103,0.0,0.0
3444,567548.1885988512,9.735573214681239,1875333.7758038323,0.0,0.0
3445,505479.17871452624,9.748135244635666,1878177.8193855148,0.0,0.0
3446,1259119.571464724,9.810945394407803,1892398.0372939266,0.0,0.0
3447,741235.9597621452,9.848631484271085,1900930.1680389736,0.0,0.0
3448,525857.1736525655,9.723011184726811,1872489.73222215,0.0,0.0
3449,506024.9183299382,9.34615028609399,1775106.6072014477,0.0,0.0
3450,552329.2971832459,8.491932249192926,1477811.544661029,0.0,0.0
3451,578120.8283227709,7.160357074023621,917931.6873580407,0.0,0.0
3452,530480.1403551224,7.097546924251485,893360.3567671807,0.0,0.0
3453,547593.6338956757,7.512093912747589,1056130.9967391372,0.0,0.0
3454,459576.9105206393,7.750772481881709,1161340.5100134574,0.0,0.0
3455,490465.9829789604,7.93920293119812,1244400.6520721314,0.0,0.0
3456,489461.4282981806,8.165319470377813,1340634.1775586817,0.0,0.0
3457,390557.44956446206,8.454246159329644,1461983.3869184507,0.0,0.0
3458,382249.8853252623,8.56730442891949,1506560.308816864,0.0,0.0
3459,411891.9524287541,8.743172848281473,1572827.5292324591,0.0,0.0
3460,396292.2765283042,9.032099537233305,1679383.9389487114,0.0,0.0
3461,338038.44676385296,9.358712316048416,1778935.5139315573,0.0,0.0
3462,371840.6969158346,10.074748023450779,1944887.343839221,0.0,0.0
3463,425590.98641156266,11.067148389850544,2000000.0,0.0,0.0
3464,423741.2187551587,11.582191617982069,2000000.0,0.0,0.0
3465,464704.6888803288,11.670125827663059,2000000.0,0.0,0.0
3466,464449.1519893784,11.707811917526342,2000000.0,0.0,0.0
3467,498699.3717994607,11.657563797708631,2000000.0,0.0,0.0
3468,495835.6244858423,11.51938146820993,2000000.0,0.0,0.0
3469,452131.62708180025,11.343513048847946,2000000.0,0.0,0.0
3470,425894.5292147857,11.104834479713826,2000000.0,0.0,0.0
3471,413908.0970080688,10.765659670944286,2000000.0,0.0,0.0
3472,1101941.4995448885,10.325988622539327,1977448.1254810968,0.0,0.0
3473,457641.9083629977,9.785821334498948,1886709.9501305618,0.0,0.0
3474,535757.1491249916,8.931603297597885,1643828.122534883,0.0,0.0
3475,491002.0500956194,7.662838272200717,1122579.1103860762,0.0,0.0
3476,520029.8763416953,7.54978000261087,1072743.0251508716,0.0,0.0
3477,458525.76771137305,7.386473613203314,1006388.4774851366,0.0,0.0
3478,507704.77970322606,7.449283762975451,1030959.8080759966,0.0,0.0
3479,403992.718089677,7.788458571744991,1177952.5384251922,0.0,0.0
3480,413716.4785284472,7.888954811380411,1222251.2808564852,0.0,0.0
3481,387404.738307734,7.700524362063999,1139191.1387978108,0.0,0.0
3482,399324.571285464,7.926640901243692,1238863.3092682194,0.0,0.0
3483,375438.86299981584,8.42912209942079,1451431.2817567314,0.0,0.0
3484,395275.9017695566,8.981851417415594,1662761.6140821958,0.0,0.0
3485,350378.1663885583,9.522018705455974,1826985.0349152326,0.0,0.0
3486,351430.30042973615,10.539543131764594,2000000.0,0.0,0.0
3487,456953.46734489215,11.75806003734405,2000000.0,0.0,0.0
3488,436612.0422158988,12.335913415247711,2000000.0,0.0,0.0
3489,479597.3651842431,12.44897168483756,2000000.0,0.0,0.0
3490,466789.9513234444,12.474095744746412,2000000.0,0.0,0.0
3491,465487.736924402,12.298227325384428,2000000.0,0.0,0.0
3492,500826.2147748136,11.896242366842753,2000000.0,0.0,0.0
3493,417026.2370348231,11.330951018893519,2000000.0,0.0,0.0
3494,396023.1862533989,10.954090120260698,2000000.0,0.0,0.0
3495,421430.8010645696,10.589791251582302,2000000.0,0.0,0.0
3496,1051233.7034798076,10.137558173222915,1953027.5392496898,0.0,0.0
3497,481219.2104883112,9.43408449577498,1801908.9543122142,0.0,0.0
3498,512128.7860002628,8.316063829830942,1403946.8085289954,0.0,0.0
3499,532704.7300118073,7.034736774479346,868789.0261763203,0.0,0.0
3500,517393.8516477735,6.670437905800951,742357.9389462458,0.0,0.0
3501,495788.8478805072,6.29357700716813,623063.932516032,0.0,0.0
3502,525563.5964972525,6.042336408079581,548897.7076650924,0.0,0.0
3503,419633.5478639112,6.205642797487139,597105.7538182033,0.0,0.0
3504,374815.9307739559,6.582503696119961,712249.2655514745,0.0,0.0
3505,412490.44595551776,6.984488654661637,849888.9153561444,0.0,0.0
3506,369274.0609294026,7.700524362063999,1139191.1387978108,0.0,0.0
3507,380098.9547693935,8.42912209942079,1451431.2817567314,0.0,0.0
3508,393629.291747766,8.919041267643458,1639094.7496480548,0.0,0.0
3509,335741.537197471,9.371274346002844,1782764.4206616667,0.0,0.0
3510,361235.0251664092,10.175244263086197,1957911.6564959714,0.0,0.0
3511,426763.9261965276,11.192768689394818,2000000.0,0.0,0.0
3512,403439.69554570137,11.645001767754204,2000000.0,0.0,0.0
3513,446371.6465641884,11.896242366842753,2000000.0,0.0,0.0
3514,480315.5658870252,12.021862666387026,2000000.0,0.0,0.0
3515,450511.5181391608,11.75806003734405,2000000.0,0.0,0.0
3516,435719.9211662126,11.305826958984664,2000000.0,0.0,0.0
3517,422680.3092612954,10.979214180169553,2000000.0,0.0,0.0
3518,428997.8548863756,10.815907790761996,2000000.0,0.0,0.0
3519,419907.7827911629,10.727973581081002,2000000.0,0.0,0.0
3520,979066.204579066,10.65260140135444,2000000.0,0.0,0.0
3521,525662.8575192142,10.36367471240261,1982332.2427273782,0.0,0.0
3522,533232.5321165656,9.559704795319256,1835517.1656602796,0.0,0.0
3523,533086.0611176271,8.655238638600482,1539693.9190246614,0.0,0.0
3524,508623.7245830574,8.881355177780176,1624894.6309875702,0.0,0.0
3525,495910.4707084709,9.132595776868722,1710015.1927895865,0.0,0.0
3526,426613.9322215986,9.597390885182538,1844049.2964053266,0.0,0.0
3527,439018.6844973097,9.861193514225512,1903774.2116206558,0.0,0.0
3528,425466.6848184412,9.723011184726811,1872489.73222215,0.0,0.0
3529,429750.13792379247,9.547142765364827,1832673.1220785968,0.0,0.0
3530,483218.92203010496,9.660201034954675,1858269.5143137383,0.0,0.0
3531,377576.2141281018,9.534580735410401,1829829.0784969148,0.0,0.0
3532,376606.2754791055,9.459208555683837,1809566.7677724333,0.0,0.0
3533,366324.9540089197,9.471770585638263,1813395.6745025425,0.0,0.0
3534,1227434.3614601817,9.861193514225512,1903774.2116206558,0.0,0.0
3535,487620.1713374933,10.815907790761996,2000000.0,0.0,0.0
3536,529761.5704948506,11.2304547792581,2000000.0,0.0,0.0
3537,453739.0016102244,11.38119913871123,2000000.0,0.0,0.0
3538,477273.4668911937,11.582191617982069,2000000.0,0.0,0.0
3539,553889.1730603108,11.557067558073213,2000000.0,0.0,0.0
3540,483214.7744731166,11.72037394748077,2000000.0,0.0,0.0
3541,487368.6720788271,12.04698672629588,2000000.0,0.0,0.0
3542,431585.4561423814,12.235417175612293,2000000.0,0.0,0.0
3543,515434.21343179134,12.19773108574901,2000000.0,0.0,0.0
3544,497830.6773497205,11.933928456706035,2000000.0,0.0,0.0
3545,513864.3293865098,11.594753647936495,2000000.0,0.0,0.0
3546,1309233.1148545677,10.916404030397414,2000000.0,0.0,0.0
3547,512694.9579253732,9.848631484271085,1900930.1680389736,0.0,0.0
3548,492949.45903008775,9.195405926640861,1729159.7264401345,0.0,0.0
3549,522770.1124938472,9.3963984059117,1790422.2341218863,0.0,0.0
3550,501970.7013364456,9.68532509486353,1863957.601477103,0.0,0.0
3551,487158.7244685137,10.099872083359633,1948143.4220034084,0.0,0.0
3552,473616.1062399109,10.577229221627874,2000000.0,0.0,0.0
3553,473013.095152644,10.677725461263295,2000000.0,0.0,0.0
3554,516264.9749047217,10.702849521172148,2000000.0,0.0,0.0
3555,409090.3611976733,10.665163431308867,2000000.0,0.0,0.0
3556,394555.58291147946,10.413922832220317,1988844.399055753,0.0,0.0
3557,362642.2844564935,10.049623963541924,1941631.2656750332,0.0,0.0
3558,1199494.1861982476,10.225492382903909,1964423.8128243466,0.0,0.0
3559,496559.4585191326,10.690287491217722,2000000.0,0.0,0.0
3560,492198.1616523633,10.878717940534132,2000000.0,0.0,0.0
3561,489968.33158269647,10.778221700898714,2000000.0,0.0,0.0
3562,456029.50381377584,10.727973581081002,2000000.0,0.0,0.0
3563,588251.1602297603,10.677725461263295,2000000.0,0.0,0.0
3564,473711.667347011,10.526981101810167,2000000.0,0.0,0.0
3565,485356.0302693636,10.36367471240261,1982332.2427273782,0.0,0.0
3566,498925.7182774048,10.36367471240261,1982332.2427273782,0.0,0.0
3567,519614.21758631046,10.3134265925849,1975820.086399003,0.0,0.0
3568,498063.925174747,10.099872083359633,1948143.4220034084,0.0,0.0
3569,508421.801274739,9.697887124817957,1866801.6450587853,0.0,0.0
3570,1451766.2640589003,9.195405926640861,1729159.7264401345,0.0,0.0
3571,465758.87526153575,8.240691650104377,1372290.4930438385,0.0,0.0
3572,470992.3433811813,7.4241597030665964,1021131.2758396525,0.0,0.0
3573,513605.5405202432,6.7960582053452265,785370.3295102055,0.0,0.0
3574,479886.0970255356,6.281014977213703,619355.621273485,0.0,0.0
3575,488551.29663879913,6.142832647715001,578564.1976054683,0.0,0.0
3576,468221.0570418709,6.205642797487139,597105.7538182033,0.0,0.0
3577,488037.88796030486,6.544817606256678,699345.5483822866,0.0,0.0
3578,414746.4457053058,7.147795044069194,913017.4212398686,0.0,0.0
3579,430643.81374541664,7.562342032565297,1078280.3679547831,0.0,0.0
3580,409428.25595515576,7.298539403522322,971988.6146579324,0.0,0.0
3581,396683.0200933687,7.02217474452492,863874.7600581485,0.0,0.0
3582,422801.9165103361,7.5749040625197255,1083817.7107586951,0.0,0.0
3583,407029.9960170374,8.416560069466362,1446155.2291758722,0.0,0.0
3584,377791.9509568059,8.655238638600482,1539693.9190246614,0.0,0.0
3585,477012.38850372494,8.642676608646054,1534960.5461378333,0.0,0.0
3586,506267.438719274,8.454246159329644,1461983.3869184507,0.0,0.0
3587,633845.4821544996,8.165319470377813,1340634.1775586817,0.0,0.0
3588,627588.2457913831,7.901516841334838,1227788.6236603968,0.0,0.0
3589,520710.49622611393,7.54978000261087,1072743.0251508716,0.0,0.0
3590,1213520.4264292903,7.54978000261087,1072743.0251508716,140777.40127841872,140777.40127841872
3591,733779.3123193663,7.6502762422462895,1117041.7675821644,0.0,0.0
3592,538747.6069016169,7.662838272200717,1122579.1103860762,0.0,0.0
3593,579988.0922940591,7.512093912747589,1056130.9967391372,0.0,0.0
3594,523225.8743138761,7.072422864342629,883531.8245308365,0.0,0.0
3595,551841.8815026135,5.979526258307445,530945.7952131032,20896.086289510364,20896.086289510364
3596,510257.7985596892,5.313738670722793,361775.48036874906,148482.31819094013,148482.31819094013
3597,547381.519507459,4.761009352727987,248408.10593758483,298973.4135698742,298973.4135698742
3598,513745.2881915064,4.509768753639438,202581.82066383353,311163.4675276729,311163.4675276729
3599,483527.7656592222,4.560016873457148,211747.07771858375,271780.68794063845,271780.68794063845
3600,462938.7522084485,4.547454843502721,209455.76345489634,253482.98875355214,253482.98875355214
3601,483809.3666708691,4.384148454095165,183468.60873263664,300340.7579382325,300340.7579382325
3602,406096.31940502784,4.472082663776156,196623.56650091297,209472.75290411487,209472.75290411487
3603,424267.8380236862,4.7861334126368416,252990.7344649599,171277.1035587263,171277.1035587263
3604,453200.2637027567,5.049936041679817,303105.77566959127,150094.48803316546,150094.48803316546
3605,401419.1210399461,5.137870251360808,322662.3439026437,78756.77713730239,78756.77713730239
3606,459753.2125072398,5.841343928808744,494134.02263464936,0.0,0.0
3607,387293.814778295,6.708123995664234,755261.6561154339,0.0,0.0
3608,413680.22149287845,6.833744295208509,798274.0466793934,0.0,0.0
3609,457656.8854214645,6.846306325162936,802575.2857357893,0.0,0.0
3610,448207.86594652303,6.9216785048895,828382.7200741648,0.0,0.0
3611,577389.6492355184,6.959364594752782,841286.4372433525,0.0,0.0
3612,555663.5452221123,6.896554444980645,819780.241961373,0.0,0.0
3613,560184.2649804215,6.871430385071791,811177.7638485811,0.0,0.0
3614,1295295.299901582,6.858868355117363,806876.5247921853,488418.7751093968,488418.7751093968
3615,734105.619835766,6.82118226525408,793972.8076229972,0.0,0.0
3616,554375.1495701981,6.846306325162936,802575.2857357893,0.0,0.0
3617,508539.4669049053,6.745810085527516,768165.3732846216,0.0,0.0
3618,493368.6102116829,6.29357700716813,623063.932516032,0.0,0.0
3619,535065.0390940454,5.087622131543099,311487.1620551851,223577.8770388603,223577.8770388603
3620,551895.3416659749,4.472082663776156,196623.56650091297,355271.77516506193,355271.77516506193
3621,505698.7149901217,4.35902439418631,179710.04937027197,325988.66561984975,325988.66561984975
3622,505488.027985775,4.472082663776156,196623.56650091297,308864.461484862,308864.461484862
3623,422989.1672543419,4.773571382682413,250699.4202012722,172289.74705306967,172289.74705306967
3624,499468.5549193917,5.062498071634245,305899.57113145606,193568.98378793563,193568.98378793563
3625,398632.8584944689,5.112746191451954,317074.75297891465,81558.10551555426,81558.10551555426
3626,395527.3376368349,4.685637173001422,234660.22035545937,160867.1172813755,160867.1172813755
3627,390369.40317216783,4.057535675280052,134607.33702189577,255762.06615027206,255762.06615027206
3628,378008.1746803563,3.655550716738375,85492.76428843293,292515.4103919234,292515.4103919234
3629,364030.7765834384,3.3917480876953996,57673.83171719517,306356.9448662432,306356.9448662432
3630,356602.8516172156,3.4922443273308184,66517.50080511202,290085.3508121036,290085.3508121036
3631,423690.3028309657,3.96960146559906,122425.13235444948,301265.17047651624,301265.17047651624
3632,424172.9671894624,4.032411615371197,130848.77765953113,293324.1895299313,293324.1895299313
3633,474906.8602209686,4.183155974824326,153400.1338337192,321506.7263872494,321506.7263872494
3634,456810.536367941,4.271090184505318,166555.09160199555,290255.44476594543,290255.44476594543
3635,453898.67782965687,4.3715864241407365,181589.32905145417,272309.34877820266,272309.34877820266
3636,492562.6296954269,4.773571382682413,250699.4202012722,241863.2094941547,241863.2094941547
3637,413918.4093546205,5.401672880403784,381332.0486018016,32586.360752818873,32586.360752818873
3638,457414.03656403074,5.95440219839859,524252.7456533844,0.0,0.0
3639,391550.6121026501,6.331263097031412,634188.8662436728,0.0,0.0
3640,1108838.6623190723,6.482007456484541,678688.6011542365,430150.0611648358,430150.0611648358
3641,494140.7058447624,6.3815112168491215,649022.1112138606,0.0,0.0
3642,487149.5582007528,6.2307668573959925,604522.3763032969,0.0,0.0
3643,522860.9384807253,5.61522738962905,433896.5765971789,88964.3618835464,88964.3618835464
3644,535689.6505665885,5.313738670722793,361775.48036874906,173914.17019783944,173914.17019783944
3645,479378.1914846617,4.88662965227226,271321.2485744603,208056.94291020144,208056.94291020144
3646,499642.0198504672,4.434396573912874,190985.72745736598,308656.29239310126,308656.29239310126
3647,402342.21409125504,4.271090184505318,166555.09160199555,235787.1224892595,235787.1224892595
3648,389240.442647262,4.685637173001422,234660.22035545937,154580.22229180264,154580.22229180264
3649,401306.8331204067,5.238366490996228,345012.70759756106,56294.12552284566,56294.12552284566
3650,376160.4503498877,5.32630070067722,364569.27583061374,11591.174519273976,11591.174519273976
3651,384842.486190038,5.049936041679817,303105.77566959127,81736.71052044671,81736.71052044671
3652,382919.4024523797,4.936877772089971,280486.5056292106,102432.89682316908,102432.89682316908
3653,344071.86207101715,4.685637173001422,234660.22035545937,109411.64171555778,109411.64171555778
3654,356141.7853335956,5.4519210002214935,392507.23044926015,0.0,0.0
3655,439762.902821201,5.992088288261872,534292.3199929626,0.0,0.0
3656,381481.76279966615,5.992088288261872,534292.3199929626,0.0,0.0
3657,490083.8653368639,5.715723629264469,460668.7748360544,29415.090500809485,29415.090500809485
3658,434870.8248166096,5.3011766407683645,358981.6849068843,75889.13990972535,75889.13990972535
3659,514524.4089869706,4.936877772089971,280486.5056292106,234037.90335776,234037.90335776
3660,436942.1185603848,4.710761232910277,239242.84888283446,197699.26967755033,197699.26967755033
3661,474142.2723954905,4.5977029633204305,218621.02050964654,255521.25188584396,255521.25188584396
3662,457977.3928162396,4.811257472545696,257573.36299233497,200404.02982390465,200404.02982390465
3663,387539.8424463303,5.32630070067722,364569.27583061374,22970.566615716554,22970.566615716554
3664,1006512.0823289732,5.916716108535308,514213.17131380603,492298.9110151672,492298.9110151672
3665,526571.979298231,6.507131516393396,686441.8312130987,0.0,0.0
3666,478155.5593971581,6.997050684616065,854190.1544125406,0.0,0.0
3667,555584.839493878,6.858868355117363,806876.5247921853,0.0,0.0
3668,551365.4768284314,6.356387156940267,641605.4887287668,0.0,0.0
3669,485365.25925285806,5.678037539401187,450629.2004964761,34736.05875638197,34736.05875638197
3670,494852.2605497712,5.137870251360808,322662.3439026437,172189.91664712748,172189.91664712748
3671,406079.6960300668,4.6353890531837125,225494.96330070918,180584.73272935764,180584.73272935764
3672,383289.19625615655,4.132907855006616,145883.01510898976,237406.1811471668,237406.1811471668
3673,394739.7932441706,3.7057988365560846,91401.94317899554,303337.8500651751,303337.8500651751
3674,421484.16998887405,3.1907556084245607,39986.49354136134,381497.6764475127,381497.6764475127
3675,384700.1944290581,2.889266889518303,18061.983673649265,366638.21075540886,366638.21075540886
3676,385690.3700097109,2.7636465899740292,12233.201774794956,373457.16823491594,373457.16823491594
3677,320245.6210866653,2.6129022305209,5238.663496169769,315006.9575904955,315006.9575904955
3678,333134.3878132276,2.6003402005664724,4655.78530628432,328478.6025069433,328478.6025069433
3679,411348.4014240076,2.9897631291537223,22725.009192732716,388623.39223127486,388623.39223127486
3680,442128.37733146286,3.3038138780144073,49935.621265267844,392192.756066195,392192.756066195
3681,498489.7369803204,3.3414999678776898,53251.997173236705,445237.73980708374,445237.73980708374
3682,401040.46367185656,3.215879668333416,42197.4108133406,358843.052858516,358843.052858516
3683,464523.7942677939,3.1028213987435693,32248.283089434095,432275.5111783598,432275.5111783598
3684,468160.3077346885,3.1907556084245607,39986.49354136134,428173.81419332715,428173.81419332715
3685,421173.184790728,3.379186057740972,56568.37308120552,364604.81170952244,364604.81170952244
3686,462152.5663409504,3.718360866510512,92879.2379016362,369273.32843931415,369273.32843931415
3687,394676.93666776177,4.170593944869898,151520.85415253678,243156.082515225,243156.082515225
3688,1102452.7342793965,4.861505592363406,266738.6200470852,835714.1142323113,835714.1142323113
3689,491082.19458983967,5.9418401684441635,520906.2208735252,0.0,0.0
3690,541718.4033797415,6.959364594752782,841286.4372433525,0.0,0.0
3691,539968.3857904419,6.758372115481944,772466.6123410175,0.0,0.0
3692,525566.1591314117,5.879030018672025,504173.59697422746,21392.562157184235,21392.562157184235
3693,505935.6869481777,5.024811981770962,297518.184745862,208417.50220231572,208417.50220231572
3694,493982.8531538182,4.472082663776156,196623.56650091297,297359.2866529053,297359.2866529053
3695,398380.3956261771,3.9319153757357777,117993.24818652745,280387.1474396496,280387.1474396496
3696,396074.7111101788,3.215879668333416,42197.4108133406,353877.30029683816,353877.30029683816
3697,385273.9613006523,2.66315035033861,7570.176255711505,377703.78504494077,377703.78504494077
3698,408005.1118100922,2.173231182115941,0.0,408005.1118100922,408005.1118100922
3699,413690.4734730584,1.607939834166708,0.0,413690.4734730584,413690.4734730584
3700,387738.3073576529,1.0300864562630472,0.0,387738.3073576529,387738.3073576529
3701,387003.5749134288,0.3768608986328221,0.0,387003.5749134288,387003.5749134288
3702,371699.8836057199,0.6281014977213702,0.0,371699.8836057199,371699.8836057199
3703,394947.8171496006,1.1557067558073213,0.0,394947.8171496006,394947.8171496006
3704,426529.24325945065,1.2310789355338856,0.0,426529.24325945065,426529.24325945065
3705,503573.4031243008,1.205954875625031,0.0,503573.4031243008,503573.4031243008
3706,448258.1036429431,1.205954875625031,0.0,448258.1036429431,448258.1036429431
3707,465497.9074080744,1.582815774257853,0.0,465497.9074080744,465497.9074080744
3708,490164.3832101098,2.085296972434949,0.0,490164.3832101098,490164.3832101098
3709,413735.5360067857,2.5375300507943357,1741.3943568571758,411994.1416499285,411994.1416499285
3710,467933.59185880655,3.00232515910815,23404.61400151721,444528.97785728937,444528.97785728937
3711,417933.7987512349,3.5927405669662376,78106.29067522954,339827.5080760054,339827.5080760054
3712,930028.181959393,4.271090184505318,166555.09160199555,763473.0903573975,763473.0903573975
3713,486641.9958872711,5.075060101588671,308693.3665933205,177948.62929395062,177948.62929395062
3714,525617.3864765875,6.05489843803401,552606.0189076397,0.0,0.0
3715,530508.645027443,6.5322555763022505,695044.3093258906,0.0,0.0
3716,526095.4441576035,6.3061390371225565,626772.2437585787,0.0,0.0
3717,521494.8022692702,5.51473114999363,407124.3783583031,114370.42391096707,114370.42391096707
3718,469492.2307719067,4.723323262864704,241534.163146522,227958.06762538466,227958.06762538466
3719,392123.3799819143,4.195718004778753,155279.41351490142,236843.96646701288,236843.96646701288
3720,392434.06388960377,3.8942292858724956,113561.36401860548,278872.6998709983,278872.6998709983
3721,400072.7513044832,3.6429886867839474,84015.46956579221,316057.28173869103,316057.28173869103
3722,408922.6135511688,3.2912518480599804,48830.162629278275,360092.45092189056,360092.45092189056
3723,424653.7287369524,3.00232515910815,23404.61400151721,401249.1147354352,401249.1147354352
3724,398869.2982335563,2.889266889518303,18061.983673649265,380807.31455990707,380807.31455990707
3725,356965.65508411283,2.8390187697005933,15730.47091410753,341235.1841700053,341235.1841700053
3726,399223.3433544714,3.00232515910815,23404.61400151721,375818.7293529542,375818.7293529542
3727,444257.2638167673,3.504806357285246,67765.22761674495,376492.0362000224,376492.0362000224
3728,412774.225355664,3.6429886867839474,84015.46956579221,328758.7557898718,328758.7557898718
3729,425423.9379966009,3.7057988365560846,91401.94317899554,334021.99481760536,334021.99481760536
3730,519409.5508375272,3.843981166054786,107652.18512804282,411757.3657094844,411757.3657094844
3731,449777.7860534785,4.170593944869898,151520.85415253678,298256.9319009417,298256.9319009417
3732,472979.8818694756,4.497206723685011,200382.12586327762,272597.756006198,272597.756006198
3733,440267.27432384505,4.823819502500124,259864.67725602255,180402.5970678225,180402.5970678225
3734,436091.1298985225,5.024811981770962,297518.184745862,138572.94515266054,138572.94515266054
3735,435875.4386605874,5.238366490996228,345012.70759756106,90862.73106302635,90862.73106302635
3736,991296.4663158638,5.577541299765769,423857.0022576008,567439.464058263,567439.464058263
3737,517687.89611931314,6.092584527897291,563730.9526352802,0.0,0.0
3738,544397.4100857305,6.758372115481944,772466.6123410175,0.0,0.0
3739,552590.4146834821,6.909116474935073,824081.481017769,0.0,0.0
3740,520326.9037101511,6.997050684616065,854190.1544125406,0.0,0.0
3741,464531.00136725325,6.180518737578283,589689.1313331091,0.0,0.0
3742,471241.51996226766,4.811257472545696,257573.36299233497,213668.1569699327,213668.1569699327
3743,400677.432888428,4.145469884961043,147762.2947901721,252915.13809825588,252915.13809825588
3744,378470.5078736525,3.9570394356446323,120947.83763180877,257522.67024184373,257522.67024184373
3745,461201.9943601242,3.6429886867839474,84015.46956579221,377186.524794332,377186.524794332
3746,461867.5320407872,3.065135308880287,28931.90718146524,432935.624859322,432935.624859322
3747,421291.8083495624,2.6505883203841822,6987.298065826056,414304.51028373634,414304.51028373634
3748,386991.872941148,2.3742236613867793,0.0,386991.872941148,386991.872941148
3749,382619.8386059682,2.2109172719792234,0.0,382619.8386059682,382619.8386059682
3750,445801.3029264976,2.474719901022199,0.0,445801.3029264976,445801.3029264976
3751,358457.2594998759,3.0902593687891415,31142.824453444453,327314.43504643143,327314.43504643143
3752,426980.7660782028,3.354061997832117,54357.45580922631,372623.3102689765,372623.3102689765
3753,431288.6843500785,3.693236806601657,89924.64845635489,341364.0358937236,341364.0358937236
3754,526959.9737031489,4.120345825052189,144003.73542780743,382956.23827534146,382956.23827534146
3755,542105.780844587,4.5977029633204305,218621.02050964654,323484.7603349405,323484.7603349405
3756,541922.6051214284,5.024811981770962,297518.184745862,244404.4203755664,244404.4203755664
3757,543587.1024608215,5.376548820494929,375744.45767807233,167842.64478274918,167842.64478274918
3758,1342998.2901741352,5.61522738962905,433896.5765971789,909101.7135769564,909101.7135769564
3759,743158.2553832991,5.891592048626453,507520.12175408716,235638.13362921192,235638.13362921192
3760,595486.4273335215,6.167956707623856,585980.8200905622,9505.607242959319,9505.607242959319
3761,544946.9877113552,6.331263097031412,634188.8662436728,0.0,0.0
3762,559254.6575469984,6.167956707623856,585980.8200905622,0.0,0.0
3763,531285.3234435699,5.363986790540501,372950.6622162074,158334.66122736252,158334.66122736252
3764,500371.4352680252,5.313738670722793,361775.48036874906,138595.95489927614,138595.95489927614
3765,528123.8300049388,5.112746191451954,317074.75297891465,211049.0770260241,211049.0770260241
3766,483882.6624291584,4.748447322773559,246116.7916738971,237765.8707552613,237765.8707552613
3767,468514.3234097291,4.660513113092567,230077.5918280843,238436.73158164482,238436.73158164482
3768,466862.9706517129,4.748447322773559,246116.7916738971,220746.1789778158,220746.1789778158
3769,486707.6670784313,4.64795108313814,227786.27756439673,258921.38951403456,258921.38951403456
3770,441469.60092285805,4.107783795097761,142124.4557466251,299345.1451762329,299345.1451762329
3771,459206.5744697776,3.354061997832117,54357.45580922631,404849.11866055126,404849.11866055126
3772,434923.9503465943,2.889266889518303,18061.983673649265,416861.96667294507,416861.96667294507
3773,402299.62750834913,2.914390949427158,19227.740053420122,383071.887454929,383071.887454929
3774,414428.3713719471,3.63042665682952,82538.17484315156,331890.1965287955,331890.1965287955
3775,363284.5342645042,4.145469884961043,147762.2947901721,215522.2394743321,215522.2394743321
3776,386786.9109211818,4.070097705234479,136486.61670307812,250300.29421810366,250300.29421810366
3777,476973.5307640061,4.095221765143334,140245.17606544276,336728.35469856334,336728.35469856334
3778,496960.4362119042,4.170593944869898,151520.85415253678,345439.58205936744,345439.58205936744
3779,590136.3268178868,4.183155974824326,153400.1338337192,436736.1929841676,436736.1929841676
3780,568569.5748574779,4.25852815455089,164675.8119208132,403893.76293666475,403893.76293666475
3781,530632.803673745,4.534892813548293,207164.44919120864,323468.3544825364,323468.3544825364
3782,1271557.9788544725,4.911753712181116,275903.8771018355,995654.101752637,995654.101752637
3783,770926.2331574404,5.363986790540501,372950.6622162074,397975.570941233,397975.570941233
3784,491315.267135787,5.853905958763171,497480.5474145088,0.0,0.0
3785,469156.778220276,6.19308076753271,593397.4425756561,0.0,0.0
3786,548395.6149758996,6.356387156940267,641605.4887287668,0.0,0.0
3787,548249.2331031137,5.992088288261872,534292.3199929626,13956.913110151072,13956.913110151072
3788,546965.865759362,5.539855209902486,413817.4279180222,133148.4378413398,133148.4378413398
3789,598596.9742007363,4.798695442591269,255282.04872864747,343314.9254720888,343314.9254720888
3790,460396.1614054497,4.25852815455089,164675.8119208132,295720.34948463645,295720.34948463645
3791,464811.62297922577,4.044973645325625,132728.05734071345,332083.5656385123,332083.5656385123
3792,442701.6979726161,4.070097705234479,136486.61670307812,306215.08126953803,306215.08126953803
3793,394147.34296819865,4.333900334277455,175951.49000790733,218195.85296029132,218195.85296029132
3794,408096.4136905442,4.547454843502721,209455.76345489634,198640.65023564786,198640.65023564786
3795,397112.2816177971,4.396710484049592,185347.888413819,211764.3932039781,211764.3932039781
3796,382357.127278479,4.070097705234479,136486.61670307812,245870.51057540087,245870.51057540087
3797,305587.6134385918,3.7057988365560846,91401.94317899554,214185.67025959629,214185.67025959629
3798,378599.4988210182,3.994725525507915,125379.72179973079,253219.77702128742,253219.77702128742
3799,417708.02730000287,4.3087762743686,172192.93064554254,245515.09665446033,245515.09665446033
3800,422764.8472645638,4.585140933366003,216329.70624595898,206435.1410186048,206435.1410186048
3801,513315.7764083335,5.024811981770962,297518.184745862,215797.59166247153,215797.59166247153
3802,484080.8089660841,5.376548820494929,375744.45767807233,108336.35128801176,108336.35128801176
3803,446352.9868444013,5.627789419583478,437243.1013770386,9109.885467362707,9109.885467362707
3804,457097.5757788727,5.891592048626453,507520.12175408716,0.0,0.0
3805,447534.4279046266,6.092584527897291,563730.9526352802,0.0,0.0
3806,433493.4654895304,6.3061390371225565,626772.2437585787,0.0,0.0
3807,405589.067641749,6.444321366621258,667563.6674265955,0.0,0.0
3808,975321.1154217656,6.519693546347824,690743.070269495,284578.0451522706,284578.0451522706
3809,475302.6795194539,6.620189785983242,725152.982720662,0.0,0.0
3810,478724.75231467886,6.582503696119961,712249.2655514745,0.0,0.0
3811,511948.8533912032,6.092584527897291,563730.9526352802,0.0,0.0
3812,496891.81760172674,5.590103329720195,427203.52703746,69688.29056426673,69688.29056426673
3813,532930.7231040244,5.012249951816535,294724.3892839973,238206.33382002712,238206.33382002712
3814,467073.0148721728,4.660513113092567,230077.5918280843,236995.4230440885,236995.4230440885
3815,408779.620839415,4.509768753639438,202581.82066383353,206197.80017558148,206197.80017558148
3816,402793.3353596337,4.421834543958447,189106.44777618363,213686.8875834501,213686.8875834501
3817,404209.5427678938,4.346462364231882,177830.76968908953,226378.77307880428,226378.77307880428
3818,389429.3271392796,4.296214244414172,170313.6509643602,219115.67617491938,219115.67617491938
3819,411299.80443758745,4.3715864241407365,181589.32905145417,229710.47538613327,229710.47538613327
3820,378133.74378565856,4.421834543958447,189106.44777618363,189027.29600947493,189027.29600947493
3821,361360.78470775567,4.472082663776156,196623.56650091297,164737.2182068427,164737.2182068427
3822,343386.4736736974,5.175556341224091,331043.73028823786,12342.74338545953,12342.74338545953
3823,406787.8437252997,5.979526258307445,530945.7952131032,0.0,0.0
3824,439956.0485595955,6.117708587806146,571147.5751203744,0.0,0.0
3825,457597.0290520364,6.2307668573959925,604522.3763032969,0.0,0.0
3826,482486.1671829721,6.331263097031412,634188.8662436728,0.0,0.0
3827,489335.3118253237,6.3815112168491215,649022.1112138606,0.0,0.0
3828,475177.8490376243,6.544817606256678,699345.5483822866,0.0,0.0
3829,406279.2291310004,6.745810085527516,768165.3732846216,0.0,0.0
3830,436088.96561769233,6.858868355117363,806876.5247921853,0.0,0.0
3831,446542.5428995773,6.9216785048895,828382.7200741648,0.0,0.0
3832,1009355.6677815432,6.770934145436371,776767.8513974134,232587.8163841298,232587.8163841298
3833,487493.4200312073,6.544817606256678,699345.5483822866,0.0,0.0
3834,553782.0288818672,6.167956707623856,585980.8200905622,0.0,0.0
3835,501222.197369107,5.464483030175921,395301.0259111248,105921.17145798221,105921.17145798221
3836,571013.284171933,5.213242431087374,339425.11667383194,231588.16749810101,231588.16749810101
3837,459110.6150712064,5.175556341224091,331043.73028823786,128066.88478296855,128066.88478296855
3838,432732.3014548973,5.213242431087374,339425.11667383194,93307.18478106533,93307.18478106533
3839,392016.1334358612,5.464483030175921,395301.0259111248,0.0,0.0
3840,411895.54337443184,5.803657838945461,484094.4482950708,0.0,0.0
3841,386920.6306894629,6.268452947259275,615647.3100309381,0.0,0.0
3842,397323.6596999157,6.745810085527516,768165.3732846216,0.0,0.0
3843,395261.4003493022,6.883992415026219,815479.0029049774,0.0,0.0
3844,387682.82028246846,6.971926624707209,845587.6762997485,0.0,0.0
3845,326106.5653549998,7.097546924251485,893360.3567671807,0.0,0.0
3846,364440.1101476408,7.775896541790564,1172415.1956212807,0.0,0.0
3847,369065.2212681641,8.542180369010635,1497093.5630432074,0.0,0.0
3848,401108.0257887757,8.680362698509336,1549160.664798318,0.0,0.0
3849,443709.8004419191,8.542180369010635,1497093.5630432074,0.0,0.0
3850,451311.12463887,8.403998039511935,1440879.1765950127,0.0,0.0
3851,485938.3066148965,8.253253680058805,1377566.545624698,0.0,0.0
3852,500049.4767086396,8.190443530286668,1351186.2827204007,0.0,0.0
3853,476567.1065019378,8.17788150033224,1345910.2301395412,0.0,0.0
3854,452597.9685820835,8.303501799876516,1398670.7559481368,0.0,0.0
3855,436204.3113485065,8.454246159329644,1461983.3869184507,0.0,0.0
3856,1027932.8854727466,8.42912209942079,1451431.2817567314,0.0,0.0
3857,512604.74680130486,8.27837773996766,1388118.650786417,0.0,0.0
3858,501270.7530506165,7.98945105101583,1266550.0232877778,0.0,0.0
3859,545806.1744285027,7.399035643157741,1011302.7436033082,0.0,0.0
3860,556613.0533769107,7.034736774479346,868789.0261763203,0.0,0.0
3861,463255.3341294248,6.6453138458920975,733755.4608334542,0.0,0.0
3862,477924.3771382677,6.482007456484541,678688.6011542365,0.0,0.0
3863,388988.7330661271,6.507131516393396,686441.8312130987,0.0,0.0
3864,395984.27932076127,6.657875875846525,738056.6998898502,0.0,0.0
3865,383625.1178876268,6.82118226525408,793972.8076229972,0.0,0.0
3866,396543.76171602303,6.9216785048895,828382.7200741648,0.0,0.0
3867,412654.36649779486,6.934240534843927,832683.9591305607,0.0,0.0
3868,409866.9542336299,7.059860834388202,878617.5584126645,0.0,0.0
3869,328998.2612875928,7.147795044069194,913017.4212398686,0.0,0.0
3870,349095.42552412057,7.675400302155145,1128116.4531899882,0.0,0.0
3871,392632.7245161701,8.165319470377813,1340634.1775586817,0.0,0.0
3872,410140.3741584776,8.341187889739796,1414498.9136907146,0.0,0.0
3873,457703.8160344379,8.554742398965063,1501826.9359300358,0.0,0.0
3874,493236.2983334183,8.554742398965063,1501826.9359300358,0.0,0.0
3875,510069.97491224174,8.403998039511935,1440879.1765950127,0.0,0.0
3876,520245.9965569287,8.240691650104377,1372290.4930438385,0.0,0.0
3877,431683.6534297615,8.240691650104377,1372290.4930438385,0.0,0.0
3878,427489.6039356376,8.052261200787967,1293149.7043309463,0.0,0.0
3879,417100.37996531534,7.7256484219728545,1150265.8244056343,0.0,0.0
3880,1015375.9760791514,7.4995318827931605,1050616.8725486842,0.0,0.0
3881,510329.5346362001,7.4241597030665964,1021131.2758396525,0.0,0.0
3882,517371.3332526968,7.26085331365904,957245.8163034165,0.0,0.0
3883,569743.3178808491,6.6829999357553795,746659.178002642,0.0,0.0
3884,504311.3366960705,6.3815112168491215,649022.1112138606,0.0,0.0
3885,478955.3850825762,6.029774378125154,545189.3964225454,0.0,0.0
3886,498413.2669685878,5.753409719127752,470708.349175633,27704.91779295483,27704.91779295483
3887,409709.4854176285,5.778533779036606,477401.3987353519,0.0,0.0
3888,417920.4515557811,5.916716108535308,514213.17131380603,0.0,0.0
3889,377622.5824123214,6.0046503182163,537772.7739374518,0.0,0.0
3890,400342.2476897429,5.904154078580881,510866.64653394656,0.0,0.0
3891,382865.7348709224,5.690599569355615,453975.7252763358,0.0,0.0
3892,377309.1125059308,5.552417239856913,417163.9526978817,0.0,0.0
3893,344515.2085299689,5.389110850449357,378538.25313993695,0.0,0.0
3894,369717.6682892403,5.95440219839859,524252.7456533844,0.0,0.0
3895,408741.0750284944,6.331263097031412,634188.8662436728,0.0,0.0
3896,422267.5965281352,5.992088288261872,534292.3199929626,0.0,0.0
3897,454644.2020564512,5.703161599310042,457322.25005619525,0.0,0.0
3898,450419.3613170325,5.338862730631647,367363.07129247836,83056.29002455412,83056.29002455412
3899,490989.7103638841,5.1504322813152354,325456.1393645084,165533.57099937572,165533.57099937572
3900,497277.76786080655,5.250928520950655,347806.5030594257,149471.26480138086,149471.26480138086
3901,435466.1917666531,5.552417239856913,417163.9526978817,18302.23906877142,18302.23906877142
3902,419766.4923138159,5.95440219839859,524252.7456533844,0.0,0.0
3903,383588.2716706399,6.331263097031412,634188.8662436728,0.0,0.0
3904,1010727.6831449954,6.582503696119961,712249.2655514745,298478.41759352083,298478.41759352083
3905,471424.3072546615,6.620189785983242,725152.982720662,0.0,0.0
3906,516869.4217432665,6.4568833965756856,671271.9786691425,0.0,0.0
3907,563514.5576711805,5.916716108535308,514213.17131380603,49301.38635737443,49301.38635737443
3908,501388.0492118569,5.464483030175921,395301.0259111248,106087.02330073214,106087.02330073214
3909,509512.9049981395,4.949439802044398,282777.81989289814,226735.08510524133,226735.08510524133
3910,490195.8639879236,4.560016873457148,211747.07771858375,278448.78626933985,278448.78626933985
3911,401888.9947472142,4.346462364231882,177830.76968908953,224058.22505812466,224058.22505812466
3912,415837.07527309895,4.25852815455089,164675.8119208132,251161.26335228575,251161.26335228575
3913,455706.7181434338,4.271090184505318,166555.09160199555,289151.6265414383,289151.6265414383
3914,460382.5271709368,4.3087762743686,172192.93064554254,288189.59652539424,288189.59652539424
3915,454884.822195282,4.3087762743686,172192.93064554254,282691.8915497394,282691.8915497394
3916,423420.08277400193,4.25852815455089,164675.8119208132,258744.27085318873,258744.27085318873
3917,395107.8396474958,4.208280034733181,157158.69319608388,237949.14645141194,237949.14645141194
3918,458060.4433974661,4.911753712181116,275903.8771018355,182156.5662956306,182156.5662956306
3919,384832.2193207647,5.32630070067722,364569.27583061374,20262.943490150967,20262.943490150967
3920,362720.46736761625,5.338862730631647,367363.07129247836,0.0,0.0
3921,445919.1013825088,5.4519210002214935,392507.23044926015,53411.87093324866,53411.87093324866
3922,460850.4385706388,5.590103329720195,427203.52703746,33646.91153317882,33646.91153317882
3923,568851.3166417233,5.678037539401187,450629.2004964761,118222.11614524719,118222.11614524719
3924,540612.443988862,5.753409719127752,470708.349175633,69904.09481322899,69904.09481322899
3925,496925.2391290912,5.929278138489735,517559.6960936655,0.0,0.0
3926,1422808.7864053352,6.205642797487139,597105.7538182033,825703.0325871318,825703.0325871318
3927,784955.2288738645,6.469445426530114,674980.2899116896,109974.93896217493,109974.93896217493
3928,503339.0095955312,6.73324805557309,763864.134228226,0.0,0.0
3929,557077.4471465376,6.971926624707209,845587.6762997485,0.0,0.0
3930,529037.6552918775,6.946802564798356,836985.1981869569,0.0,0.0
3931,538577.619330253,6.29357700716813,623063.932516032,0.0,0.0
3932,554227.5355709346,5.866467988717598,500827.072194368,53400.46337656665,53400.46337656665
3933,570235.4139636705,5.539855209902486,413817.4279180222,156417.9860456483,156417.9860456483
3934,513144.0222463372,5.389110850449357,378538.25313993695,134605.76910640026,134605.76910640026
3935,493199.6459688062,5.4142349103582115,384125.84406366624,109073.80190513993,109073.80190513993
3936,506569.2342266904,5.539855209902486,413817.4279180222,92751.80630866817,92751.80630866817
3937,480931.37548791495,5.477045060130349,398094.8213729896,82836.55411492533,82836.55411492533
3938,453919.5269169863,5.1504322813152354,325456.1393645084,128463.38755247789,128463.38755247789
3939,429856.69478775485,4.899191682226688,273612.5628381478,156244.13194960705,156244.13194960705
3940,400171.235135096,4.723323262864704,241534.163146522,158637.071988574,158637.071988574
3941,403527.2048463939,4.497206723685011,200382.12586327762,203145.07898311628,203145.07898311628
3942,452547.6440404003,4.962001831998825,285069.13415658573,167478.50988381455,167478.50988381455
3943,368858.33525723714,5.3011766407683645,358981.6849068843,9876.650350352866,9876.650350352866
3944,389519.2396223411,5.087622131543099,311487.1620551851,78032.077567156,78032.077567156
3945,463963.6626073271,4.911753712181116,275903.8771018355,188059.7855054916,188059.7855054916
3946,510115.6352424781,4.874067622317833,269029.9343107727,241085.70093170542,241085.70093170542
3947,597242.0303302276,4.98712589190768,289651.76268396084,307590.26764626673,307590.26764626673
3948,623604.7087545429,5.137870251360808,322662.3439026437,300942.36485189915,300942.36485189915
3949,512711.1024782311,5.363986790540501,372950.6622162074,139760.4402620237,139760.4402620237
3950,1218820.063269402,5.7910958089910345,480747.9235152116,738072.1397541903,738072.1397541903
3951,734093.2990768936,6.155394677669429,582272.5088480155,151820.79022887815,151820.79022887815
3952,529595.3194683803,6.356387156940267,641605.4887287668,0.0,0.0
3953,538862.7332070288,6.4568833965756856,671271.9786691425,0.0,0.0
3954,527303.772258755,6.444321366621258,667563.6674265955,0.0,0.0
3955,545648.3377930606,6.3815112168491215,649022.1112138606,0.0,0.0
3956,519778.74436304456,6.695561965709807,750960.417059038,0.0,0.0
3957,583468.8496369751,6.82118226525408,793972.8076229972,0.0,0.0
3958,477027.3096410504,6.82118226525408,793972.8076229972,0.0,0.0
3959,451129.5015178176,6.883992415026219,815479.0029049774,0.0,0.0
3960,501463.6370597343,7.047298804433774,873703.2922944926,0.0,0.0
3961,394847.452943096,7.386473613203314,1006388.4774851366,0.0,0.0
3962,385980.492030338,7.5372179726564426,1067205.6823469598,0.0,0.0
3963,378743.8790781768,7.5372179726564426,1067205.6823469598,0.0,0.0
3964,385512.4006887471,7.285977373567895,967074.3485397605,0.0,0.0
3965,321163.0044981143,6.82118226525408,793972.8076229972,0.0,0.0
3966,364334.86566068215,7.034736774479346,868789.0261763203,0.0,0.0
3967,429484.3689807996,7.336225493385604,986731.4130124483,0.0,0.0
3968,404367.3693836419,7.072422864342629,883531.8245308365,0.0,0.0
3969,470520.4595413192,6.695561965709807,750960.417059038,0.0,0.0
3970,463505.4666917736,6.406635276757976,656438.7336989546,0.0,0.0
3971,474537.7382247509,6.2307668573959925,604522.3763032969,0.0,0.0
3972,465485.0750510978,6.105146557851719,567439.2638778274,0.0,0.0
3973,457365.9288749327,5.916716108535308,514213.17131380603,0.0,0.0
3974,437214.56345682434,5.992088288261872,534292.3199929626,0.0,0.0
3975,457727.2643437522,6.3438251269858394,637897.1774862198,0.0,0.0
3976,1008832.428560589,6.670437905800951,742357.9389462458,266474.48961434315,266474.48961434315
3977,482971.33822431485,7.059860834388202,878617.5584126645,0.0,0.0
3978,490914.6677442738,7.386473613203314,1006388.4774851366,0.0,0.0
3979,538489.2800081852,7.059860834388202,878617.5584126645,0.0,0.0
3980,497236.87363656686,6.959364594752782,841286.4372433525,0.0,0.0
3981,510235.4050723711,6.946802564798356,836985.1981869569,0.0,0.0
3982,466877.1677435515,6.758372115481944,772466.6123410175,0.0,0.0
3983,372132.8899426944,6.7960582053452265,785370.3295102055,0.0,0.0
3984,411303.4878982465,6.946802564798356,836985.1981869569,0.0,0.0
3985,351642.4936304085,6.934240534843927,832683.9591305607,0.0,0.0
3986,315130.6917882039,7.009612714570492,858960.4939399766,0.0,0.0
3987,334443.9644918601,6.959364594752782,841286.4372433525,0.0,0.0
3988,320002.914256198,6.858868355117363,806876.5247921853,0.0,0.0
3989,318264.0383689024,6.6829999357553795,746659.178002642,0.0,0.0
3990,379982.4184733535,7.31110143347675,976902.8807761046,0.0,0.0
3991,407110.2133426345,7.763334511836136,1166877.8528173687,0.0,0.0
3992,419034.1158022618,7.876392781425983,1216713.9380525732,0.0,0.0
3993,395893.5410772106,7.863830751471555,1211176.5952486617,0.0,0.0
3994,387721.8907492144,7.826144661608274,1194564.5668369273,0.0,0.0
3995,353134.88851817144,7.863830751471555,1211176.5952486617,0.0,0.0
3996,354836.29446340416,7.788458571744991,1177952.5384251922,0.0,0.0
3997,277975.1050497912,7.486969852838733,1045702.6064305124,0.0,0.0
3998,302127.092393656,7.612590152383007,1100429.7391704293,0.0,0.0
3999,265633.4254561032,7.98945105101583,1266550.0232877778,0.0,0.0
4000,956934.7528091666,8.328625859785369,1409222.861109855,0.0,0.0
4001,453994.5340181802,8.56730442891949,1506560.308816864,0.0,0.0
4002,483294.3824825326,8.42912209942079,1451431.2817567314,0.0,0.0
4003,450559.6289788527,7.625152182337435,1105967.0819743413,0.0,0.0
4004,456791.5010957944,7.059860834388202,878617.5584126645,0.0,0.0
4005,458185.7432537125,6.63275181593767,729454.2217770582,0.0,0.0
4006,391832.728930613,6.582503696119961,712249.2655514745,0.0,0.0
4007,422966.515445744,6.569941666165533,707948.0264950787,0.0,0.0
4008,374191.75669023127,6.695561965709807,750960.417059038,0.0,0.0
4009,341546.4686854296,6.946802564798356,836985.1981869569,0.0,0.0
4010,315301.5628697325,7.160357074023621,917931.6873580407,0.0,0.0
4011,349766.7168113696,7.323663463431177,981817.1468942764,0.0,0.0
4012,333558.0381869216,7.386473613203314,1006388.4774851366,0.0,0.0
4013,341617.5378294424,7.512093912747589,1056130.9967391372,0.0,0.0
4014,382429.8016071191,8.22812962014995,1367014.440462979,0.0,0.0
4015,430572.9963758788,8.705486758418191,1558627.4105719745,0.0,0.0
4016,424746.8829352276,8.51705630910178,1487626.817269551,0.0,0.0
4017,410124.57205721806,8.554742398965063,1501826.9359300358,0.0,0.0
4018,428916.43115659273,8.843669087916894,1610694.5123270855,0.0,0.0
4019,362754.2916139201,9.157719836777579,1717673.006249806,0.0,0.0
4020,347199.1481266397,9.270778106367425,1752133.166820791,0.0,0.0
4021,302747.3997843778,9.182843896686432,1725330.8197100244,0.0,0.0
4022,331554.6166141096,9.132595776868722,1710015.1927895865,0.0,0.0
4023,277572.0307229925,9.207967956595288,1732988.6331702438,0.0,0.0
4024,980703.514999626,9.270778106367425,1752133.166820791,0.0,0.0
4025,493313.3869477385,9.170281866732006,1721501.9129799155,0.0,0.0
4026,475128.2555225261,8.843669087916894,1610694.5123270855,0.0,0.0
4027,455444.6864150269,8.077385260696822,1303701.8094926653,0.0,0.0
4028,452034.5874120054,7.31110143347675,976902.8807761046,0.0,0.0
4029,428534.8686550956,6.808620235299653,789671.5685666011,0.0,0.0
4030,441373.8054963208,6.5322555763022505,695044.3093258906,0.0,0.0
4031,403299.4620971207,6.620189785983242,725152.982720662,0.0,0.0
4032,366766.2801186419,6.808620235299653,789671.5685666011,0.0,0.0
4033,313373.8426547782,6.7960582053452265,785370.3295102055,0.0,0.0
4034,282264.4230472542,6.896554444980645,819780.241961373,0.0,0.0
4035,311955.3772432716,6.984488654661637,849888.9153561444,0.0,0.0
4036,333644.43674672703,6.997050684616065,854190.1544125406,0.0,0.0
4037,334649.24483530625,7.009612714570492,858960.4939399766,0.0,0.0
4038,352230.0837358096,7.7256484219728545,1150265.8244056343,0.0,0.0
4039,434908.6376472962,8.27837773996766,1388118.650786417,0.0,0.0
4040,457125.72367513867,8.140195410468959,1330082.0723969627,0.0,0.0
4041,370551.63125149184,8.014575110924683,1277321.546588367,0.0,0.0
4042,405361.6089282736,8.002013080970258,1272045.4940075083,0.0,0.0
4043,351333.79952755827,8.08994729065125,1308977.8620735246,0.0,0.0
4044,363186.7480439504,8.203005560241095,1356462.33530126,0.0,0.0
4045,287482.9803030426,8.27837773996766,1388118.650786417,0.0,0.0
4046,311957.6587600449,8.341187889739796,1414498.9136907146,0.0,0.0
4047,292607.0698309421,8.454246159329644,1461983.3869184507,0.0,0.0
4048,947973.8169766612,8.604990518782772,1520760.4274773486,0.0,0.0
4049,451266.6571636942,8.805982998053612,1596494.3936666008,0.0,0.0
4050,452838.192880438,8.793420968099184,1591761.0207797724,0.0,0.0
4051,511957.0,8.127633380514531,1324806.0198161032,0.0,0.0
4052,433033.0083513174,7.461845792929879,1035874.0741941688,0.0,0.0
4053,456113.8519868101,6.582503696119961,712249.2655514745,0.0,0.0
4054,433406.573323712,5.929278138489735,517559.6960936655,0.0,0.0
4055,372719.33498683537,5.652913479492332,443936.1509367572,0.0,0.0
4056,377563.83710250165,5.188118371178518,333837.5257501025,43726.31135239918,43726.31135239918
4057,281284.7536410278,4.899191682226688,273612.5628381478,7672.190802879981,7672.190802879981
4058,349179.1908039927,4.811257472545696,257573.36299233497,91605.82781165771,91605.82781165771
4059,339773.5560998008,4.88662965227226,271321.2485744603,68452.30752534053,68452.30752534053
4060,351434.8931598395,4.861505592363406,266738.6200470852,84696.27311275428,84696.27311275428
4061,295372.8990407085,4.685637173001422,234660.22035545937,60712.67868524912,60712.67868524912
4062,344902.38709574053,5.238366490996228,345012.70759756106,0.0,0.0
4063,434406.8709155742,5.6403514495379055,440589.62615689804,0.0,0.0
4064,450685.17166724254,5.678037539401187,450629.2004964761,55.971170766453724,55.971170766453724
4065,391753.068635605,5.753409719127752,470708.349175633,0.0,0.0
4066,358910.45276418497,5.916716108535308,514213.17131380603,0.0,0.0
4067,372518.1010295313,6.19308076753271,593397.4425756561,0.0,0.0
4068,352044.4001364817,6.569941666165533,707948.0264950787,0.0,0.0
4069,266025.5016900289,6.9216785048895,828382.7200741648,0.0,0.0
4070,281928.06304913,7.336225493385604,986731.4130124483,0.0,0.0
4071,310969.50471461506,7.713086392018426,1144728.4816017223,0.0,0.0
4072,945252.3919548738,8.03969917083354,1287873.6517500868,0.0,0.0
4073,414060.29745200335,8.316063829830942,1403946.8085289954,0.0,0.0
4074,476604.4958123975,8.303501799876516,1398670.7559481368,0.0,0.0
4075,437083.91553837457,7.713086392018426,1144728.4816017223,0.0,0.0
4076,435185.9574404607,6.984488654661637,849888.9153561444,0.0,0.0
4077,487854.55376844027,6.331263097031412,634188.8662436728,0.0,0.0
4078,427478.0284602594,5.703161599310042,457322.25005619525,0.0,0.0
4079,376970.5652387475,5.401672880403784,381332.0486018016,0.0,0.0
4080,354868.0450567235,5.188118371178518,333837.5257501025,21030.51930662105,21030.51930662105
4081,457715.9618189218,4.924315742135542,278195.1913655229,179520.77045339887,179520.77045339887
4082,469969.6024231858,4.761009352727987,248408.10593758483,221561.49648560095,221561.49648560095
4083,385952.1594805396,4.572578903411576,214038.39198227142,171913.7674982682,171913.7674982682
4084,396457.3443135027,4.333900334277455,175951.49000790733,220505.8543055954,220505.8543055954
4085,383068.02341644507,4.208280034733181,157158.69319608388,225909.33022036118,225909.33022036118
4086,403960.3449913224,5.062498071634245,305899.57113145606,98060.77385986631,98060.77385986631
4087,348874.9365782075,5.690599569355615,453975.7252763358,0.0,0.0
4088,362659.2814306011,5.95440219839859,524252.7456533844,0.0,0.0
4089,414438.29418567807,6.281014977213703,619355.621273485,0.0,0.0
4090,439543.0767103998,6.5322555763022505,695044.3093258906,0.0,0.0
4091,539229.4114735186,6.720686025618662,759562.8951718297,0.0,0.0
4092,457023.3660154443,6.846306325162936,802575.2857357893,0.0,0.0
4093,368184.06819992274,6.896554444980645,819780.241961373,0.0,0.0
4094,1183206.0744320073,6.82118226525408,793972.8076229972,389233.26680901006,389233.26680901006
4095,653711.1065753932,6.670437905800951,742357.9389462458,0.0,0.0
4096,443239.4626441859,6.519693546347824,690743.070269495,0.0,0.0
4097,459969.658202406,6.368949186894695,645313.799971314,0.0,0.0
4098,451389.5998240538,6.167956707623856,585980.8200905622,0.0,0.0
4099,457501.92801252,5.4142349103582115,384125.84406366624,73376.08394885377,73376.08394885377
4100,494549.8134750656,4.911753712181116,275903.8771018355,218645.93637323007,218645.93637323007
4101,558607.1690792207,4.5977029633204305,218621.02050964654,339986.14856957423,339986.14856957423
4102,463889.4463132158,4.560016873457148,211747.07771858375,252142.36859463208,252142.36859463208
4103,455794.660554935,4.622827023229285,223203.64903702162,232591.01151791337,232591.01151791337
4104,465114.3481527442,4.7861334126368416,252990.7344649599,212123.61368778427,212123.61368778427
4105,443164.4756341373,5.012249951816535,294724.3892839973,148440.08635014,148440.08635014
4106,465927.3896619009,5.037374011725389,300311.9802077266,165615.40945417428,165615.40945417428
4107,365342.36485977256,4.848943562408978,264447.30578339763,100895.05907637492,100895.05907637492
4108,377949.0567418496,4.69819920295585,236951.53461914707,140997.5221227025,140997.5221227025
4109,414717.962509038,4.610264993274858,220912.33477333406,193805.62773570392,193805.62773570392
4110,392156.8906610783,5.61522738962905,433896.5765971789,0.0,0.0
4111,352267.3271541989,6.444321366621258,667563.6674265955,0.0,0.0
4112,363535.0191332583,6.858868355117363,806876.5247921853,0.0,0.0
4113,411277.39938990143,7.235729253750185,947417.2840670726,0.0,0.0
4114,420080.1458583821,7.562342032565297,1078280.3679547831,0.0,0.0
4115,538652.7853949941,7.926640901243692,1238863.3092682194,0.0,0.0
4116,499299.6613606248,8.240691650104377,1372290.4930438385,0.0,0.0
4117,413350.41755064233,8.491932249192926,1477811.544661029,0.0,0.0
4118,1206827.8753282952,8.479370219238499,1472535.4920801695,0.0,0.0
4119,621766.6419845769,8.22812962014995,1367014.440462979,0.0,0.0
4120,439637.8961191645,7.914078871289265,1233325.9664643079,0.0,0.0
4121,483429.8704483468,7.612590152383007,1100429.7391704293,0.0,0.0
4122,468886.358118021,7.248291283704612,952331.5501852442,0.0,0.0
4123,505009.48797525605,6.607627756028815,720851.7436642661,0.0,0.0
4124,519280.2860575032,6.3438251269858394,637897.1774862198,0.0,0.0
4125,525512.4109703888,6.117708587806146,571147.5751203744,0.0,0.0
4126,449705.5322440957,6.029774378125154,545189.3964225454,0.0,0.0
4127,451776.3325678759,6.117708587806146,571147.5751203744,0.0,0.0
4128,443143.8615972956,6.255890917304848,611938.9987883911,0.0,0.0
4129,309643.0469521835,6.3061390371225565,626772.2437585787,0.0,0.0
4130,319175.87260348635,6.29357700716813,623063.932516032,0.0,0.0
4131,303328.87677618494,5.966964228353017,527599.2704332437,0.0,0.0
4132,327355.48535158805,5.401672880403784,381332.0486018016,0.0,0.0
4133,346609.97237848386,4.7861334126368416,252990.7344649599,93619.23791352395,93619.23791352395
4134,394346.89097778575,5.3011766407683645,358981.6849068843,35365.20607090148,35365.20607090148
4135,414509.585175576,5.6403514495379055,440589.62615689804,0.0,0.0
4136,423555.322845047,5.652913479492332,443936.1509367572,0.0,0.0
4137,354382.4766184364,5.816219868899888,487440.97307493025,0.0,0.0
4138,402195.9596837146,5.929278138489735,517559.6960936655,0.0,0.0
4139,355421.79996390006,5.95440219839859,524252.7456533844,0.0,0.0
4140,325874.08767366107,5.95440219839859,524252.7456533844,0.0,0.0
4141,266415.55754231336,5.979526258307445,530945.7952131032,0.0,0.0
4142,312742.76206220844,5.828781898854316,490787.49785478966,0.0,0.0
4143,284691.0625174409,5.765971749082179,474054.87395549245,0.0,0.0
4144,941209.9612955666,5.9418401684441635,520906.2208735252,420303.74042204145,420303.74042204145
4145,494107.5596608837,6.19308076753271,593397.4425756561,0.0,0.0
4146,421347.6956731437,6.4568833965756856,671271.9786691425,0.0,0.0
4147,429766.8232019771,6.205642797487139,597105.7538182033,0.0,0.0
4148,447993.8779144912,5.7910958089910345,480747.9235152116,0.0,0.0
4149,450495.4972636191,5.288614610813937,356187.8894450196,94307.6078185995,94307.6078185995
4150,418912.2555888624,4.899191682226688,273612.5628381478,145299.6927507146,145299.6927507146
4151,371016.171753954,4.710761232910277,239242.84888283446,131773.32287111957,131773.32287111957
4152,383371.8662647443,4.321338304323027,174072.21032672486,209299.65593801945,209299.65593801945
4153,331950.92470398906,3.9193533457813503,116515.9534638868,215434.97124010226,215434.97124010226
4154,324417.91397957463,3.567616507057383,75151.70122994823,249266.2127496264,249266.2127496264
4155,336987.7721099002,3.1405074886068514,35564.65899740291,301423.11311249726,301423.11311249726
4156,310260.1861764365,2.7636465899740292,12233.201774794956,298026.98440164153,298026.98440164153
4157,333779.19425552833,2.3867856913412067,0.0,333779.19425552833,333779.19425552833
4158,329248.411500963,2.2737274217513606,0.0,329248.411500963,329248.411500963
4159,416092.0653922234,1.9345526129818205,0.0,416092.0653922234,416092.0653922234
4160,402207.7927103177,1.7461221636654092,0.0,402207.7927103177,402207.7927103177
4161,365364.9417766277,1.9471146429362478,0.0,365364.9417766277,365364.9417766277
4162,385656.4775497759,2.2988514816602152,0.0,385656.4775497759,385656.4775497759
4163,362129.5299057562,2.71339847015632,9901.689015253241,352227.84089050296,352227.84089050296
4164,344832.3806317079,3.1153834286979962,33353.741725423664,311478.63890628424,311478.63890628424
4165,259476.0403481897,3.4671202674219637,64306.583533132805,195169.4568150569,195169.4568150569
4166,314454.784218186,3.9444774056902054,119470.54290916816,194984.24130901782,194984.24130901782
4167,313174.2148298193,4.459520633821729,194744.28681973062,118429.92801008865,118429.92801008865
4168,965760.3992945644,4.899191682226688,273612.5628381478,692147.8364564166,692147.8364564166
4169,421933.5526147169,5.363986790540501,372950.6622162074,48982.89039850945,48982.89039850945
4170,437555.70239822817,6.017212348170727,541481.0851799984,0.0,0.0
4171,406636.63070054055,6.406635276757976,656438.7336989546,0.0,0.0
4172,465456.519375652,6.281014977213703,619355.621273485,0.0,0.0
4173,443143.5938646611,5.765971749082179,474054.87395549245,0.0,0.0
4174,437934.0537157073,5.3011766407683645,358981.6849068843,78952.36880882306,78952.36880882306
4175,352464.559983191,4.874067622317833,269029.9343107727,83434.62567241833,83434.62567241833
4176,348476.5243757341,4.4846446937305835,198502.84618209532,149973.67819363877,149973.67819363877
4177,301967.57771167124,4.183155974824326,153400.1338337192,148567.44387795203,148567.44387795203
4178,344625.23443408817,3.5801785370118107,76628.99595258894,267996.23848149925,267996.23848149925
4179,335809.2723777604,2.9018289194727305,18644.861863534694,317164.4105142257,317164.4105142257
4180,330996.4307706864,2.32397554156907,0.0,330996.4307706864,330996.4307706864
4181,296195.1585071399,1.8089323134375463,0.0,296195.1585071399,296195.1585071399
4182,356272.77616718126,1.7084360738021271,0.0,356272.77616718126,356272.77616718126
4183,421021.6626923194,2.148107122207086,0.0,421021.6626923194,421021.6626923194
4184,389811.23750360607,2.813894709791739,14564.714534336692,375246.52296926937,375246.52296926937
4185,370544.6071141054,3.2284416982878428,43302.86944933016,327241.7376647753,327241.7376647753
4186,391507.0138369233,3.4419962075131094,62095.66626115362,329411.34757576964,329411.34757576964
4187,364564.9603417544,3.7560469563737944,97311.12206955822,267253.83827219624,267253.83827219624
4188,360348.9401588335,4.132907855006616,145883.01510898976,214465.92504984376,214465.92504984376
4189,289168.7963636238,4.5977029633204305,218621.02050964654,70547.77585397728,70547.77585397728
4190,317773.5729108618,5.276052580859511,353394.0939831552,0.0,0.0
4191,300201.33650200843,5.9418401684441635,520906.2208735252,0.0,0.0
4192,944084.0266463448,6.4945694864389685,682396.9123967835,261687.11424956133,261687.11424956133
4193,410857.0691717119,6.934240534843927,832683.9591305607,0.0,0.0
4194,467038.7736104123,6.896554444980645,819780.241961373,0.0,0.0
4195,453334.8747286552,6.2307668573959925,604522.3763032969,0.0,0.0
4196,430538.4040117982,5.627789419583478,437243.1013770386,0.0,0.0
4197,466560.93823696655,5.32630070067722,364569.27583061374,101991.66240635281,101991.66240635281
4198,418586.17573663546,5.439358970267066,389713.4349873955,28872.74074923998,28872.74074923998
4199,372406.6698266369,5.778533779036606,477401.3987353519,0.0,0.0
4200,373598.2115465574,5.803657838945461,484094.4482950708,0.0,0.0
4201,480620.9228241635,5.6026653596746225,430550.0518173195,50070.87100684404,50070.87100684404
4202,474826.6089459225,5.539855209902486,413817.4279180222,61009.18102790031,61009.18102790031
4203,373653.6062895685,5.288614610813937,356187.8894450196,17465.71684454888,17465.71684454888
4204,366371.9437240127,5.062498071634245,305899.57113145606,60472.37259255664,60472.37259255664
4205,391345.2753682066,5.062498071634245,305899.57113145606,85445.70423675055,85445.70423675055
4206,1422326.9,6.080022497942863,560022.6413927332,862304.2586072667,862304.2586072667
4207,497190.82988828135,6.934240534843927,832683.9591305607,0.0,0.0
4208,489067.676424122,7.122670984160338,903188.8890035244,0.0,0.0
4209,458498.0752733816,7.198043163886903,932674.4857125566,0.0,0.0
4210,444792.80201255385,7.4241597030665964,1021131.2758396525,0.0,0.0
4211,570176.4519051004,7.763334511836136,1166877.8528173687,0.0,0.0
4212,492190.18996299285,7.98945105101583,1266550.0232877778,0.0,0.0
4213,519203.6237628995,8.127633380514531,1324806.0198161032,0.0,0.0
4214,502477.80162754207,8.316063829830942,1403946.8085289954,0.0,0.0
4215,503765.32856850815,8.504494279147353,1482893.444382723,0.0,0.0
4216,568029.0906624321,8.51705630910178,1487626.817269551,0.0,0.0
4217,506205.1302147645,8.403998039511935,1440879.1765950127,0.0,0.0
4218,1380059.8506231706,8.152757440423386,1335358.1249778222,44701.72564534843,44701.72564534843
4219,503906.0437676163,7.713086392018426,1144728.4816017223,0.0,0.0
4220,470790.6214327599,7.625152182337435,1105967.0819743413,0.0,0.0
4221,446321.962843834,7.5749040625197255,1083817.7107586951,0.0,0.0
4222,494063.0438669767,7.474407822884306,1040788.3403123403,0.0,0.0
4223,505477.5560377927,7.486969852838733,1045702.6064305124,0.0,0.0
4224,520396.3921628223,7.675400302155145,1128116.4531899882,0.0,0.0
4225,467746.814068098,7.813582631653846,1189027.2240330153,0.0,0.0
4226,487351.87453329953,7.914078871289265,1233325.9664643079,0.0,0.0
4227,365897.4840512794,7.888954811380411,1222251.2808564852,0.0,0.0
4228,371954.7510899204,7.750772481881709,1161340.5100134574,0.0,0.0
4229,370262.02940719295,7.587466092474153,1089355.0535626067,0.0,0.0
4230,1306836.3860569685,7.888954811380411,1222251.2808564852,84585.10520048323,84585.10520048323
4231,450694.9143022329,8.466808189284071,1467259.43949931,0.0,0.0
4232,452394.3587262821,8.403998039511935,1440879.1765950127,0.0,0.0
4233,483794.1883529901,8.22812962014995,1367014.440462979,0.0,0.0
4234,449881.0692203337,8.140195410468959,1330082.0723969627,0.0,0.0
4235,593901.2046281595,8.115071350560104,1319529.9672352436,0.0,0.0
4236,465173.4078504341,8.052261200787967,1293149.7043309463,0.0,0.0
4237,454041.1761331646,7.926640901243692,1238863.3092682194,0.0,0.0
4238,520474.16814225336,7.813582631653846,1189027.2240330153,0.0,0.0
4239,492107.6823186666,7.826144661608274,1194564.5668369273,0.0,0.0
4240,511204.85666098393,8.002013080970258,1272045.4940075083,0.0,0.0
4241,500350.6328512167,8.265815710013232,1382842.5982055576,0.0,0.0
4242,1340044.148795314,8.391436009557506,1435603.1240141524,0.0,0.0
4243,536841.8648302602,8.152757440423386,1335358.1249778222,0.0,0.0
4244,532761.3617212186,8.190443530286668,1351186.2827204007,0.0,0.0
4245,470344.3792248901,8.303501799876516,1398670.7559481368,0.0,0.0
4246,475856.26987928734,8.290939769922087,1393394.7033672764,0.0,0.0
4247,456402.6121698887,8.215567590195523,1361738.3878821197,0.0,0.0
4248,490058.7604978503,8.240691650104377,1372290.4930438385,0.0,0.0
4249,448887.2958720592,8.316063829830942,1403946.8085289954,0.0,0.0
4250,472286.2655580909,8.353749919694225,1419774.9662715746,0.0,0.0
4251,390606.0595820172,8.253253680058805,1377566.545624698,0.0,0.0
4252,399403.30049791926,8.378873979603078,1430327.071433293,0.0,0.0
4253,347232.1661564801,8.6175525487372,1525493.800364177,0.0,0.0
4254,383366.2488438922,9.032099537233305,1679383.9389487114,0.0,0.0
4255,357257.38800372614,9.785821334498948,1886709.9501305618,0.0,0.0
4256,376805.2735691349,10.011937873678642,1936747.148428752,0.0,0.0
4257,412604.4535830679,9.898879604088796,1912306.3423657033,0.0,0.0
4258,438235.48163619946,9.92400366399765,1917994.429529068,0.0,0.0
4259,523465.6340020741,10.200368322995052,1961167.7346601589,0.0,0.0
4260,484034.7114127553,10.526981101810167,2000000.0,0.0,0.0
4261,427702.2089121628,10.778221700898714,2000000.0,0.0,0.0
4262,1147218.3621079044,10.85359388062528,2000000.0,0.0,0.0
4263,546651.4924662356,10.690287491217722,2000000.0,0.0,0.0
4264,447856.9936645763,10.36367471240261,1982332.2427273782,0.0,0.0
4265,527646.3071628044,9.898879604088796,1912306.3423657033,0.0,0.0
4266,510437.2136120566,9.182843896686432,1725330.8197100244,0.0,0.0
4267,492176.652384045,8.265815710013232,1382842.5982055576,0.0,0.0
4268,529923.4776242101,8.064823230742395,1298425.7569118058,0.0,0.0
4269,493831.27495298046,8.27837773996766,1388118.650786417,0.0,0.0
4270,474001.0035254703,8.592428488828345,1516027.0545905202,0.0,0.0
4271,417931.2811418756,8.969289387461167,1658028.2411953676,0.0,0.0
4272,456843.1500962093,9.29590216627628,1759790.98028101,0.0,0.0
4273,449269.4405264816,9.471770585638263,1813395.6745025425,0.0,0.0
4274,438742.2650561447,9.58482885522811,1841205.2528236443,0.0,0.0
4275,350699.3210849957,9.63507697504582,1852581.4271503736,0.0,0.0
4276,359127.9880606207,9.710449154772384,1869645.6886404678,0.0,0.0
4277,354601.7253237783,9.723011184726811,1872489.73222215,0.0,0.0
4278,417453.5776109463,10.137558173222915,1953027.5392496898,0.0,0.0
4279,343066.29676799657,10.828469820716423,2000000.0,0.0,0.0
4280,362697.12294145976,10.928966060351842,2000000.0,0.0,0.0
4281,406652.1771273496,10.878717940534132,2000000.0,0.0,0.0
4282,417573.8512954562,10.85359388062528,2000000.0,0.0,0.0
4283,540604.6137689505,10.878717940534132,2000000.0,0.0,0.0
4284,481745.63165276055,11.02946229998726,2000000.0,0.0,0.0
4285,380031.2258318079,11.192768689394818,2000000.0,0.0,0.0
4286,1310707.528015305,11.469133348392221,2000000.0,0.0,0.0
4287,633832.6561653238,11.657563797708631,2000000.0,0.0,0.0
4288,416437.5534806744,11.682687857617488,2000000.0,0.0,0.0
4289,451367.4419631577,11.594753647936495,2000000.0,0.0,0.0
4290,485578.9795576943,11.280702899075811,2000000.0,0.0,0.0
4291,537648.3151320693,10.690287491217722,2000000.0,0.0,0.0
4292,523215.8071128345,10.4516089220836,1993728.5163020347,0.0,0.0
4293,499034.2059551686,10.376236742357037,1983960.281809472,0.0,0.0
4294,424216.0393635492,10.238054412858336,1966051.8519064402,0.0,0.0
4295,484916.3111154519,10.150120203177343,1954655.5783317836,0.0,0.0
4296,452677.7573744069,10.40136080226589,1987216.3599736593,0.0,0.0
4297,314814.7999832731,10.690287491217722,2000000.0,0.0,0.0
4298,331457.1218451703,11.067148389850544,2000000.0,0.0,0.0
4299,312506.4478250391,11.192768689394818,2000000.0,0.0,0.0
4300,287323.22273597546,11.368637108756802,2000000.0,0.0,0.0
4301,331159.3666757636,11.393761168665657,2000000.0,0.0,0.0
4302,379501.71262596216,11.707811917526342,2000000.0,0.0,0.0
4303,354518.60729573364,12.398723565019848,2000000.0,0.0,0.0
4304,430175.6988261749,12.222855145657865,2000000.0,0.0,0.0
4305,358001.0557012764,11.72037394748077,2000000.0,0.0,0.0
4306,351425.5304357837,11.2304547792581,2000000.0,0.0,0.0
4307,348859.26541223424,10.85359388062528,2000000.0,0.0,0.0
4308,350251.5719464893,10.552105161719021,2000000.0,0.0,0.0
4309,289245.8457449224,10.388798772311464,1985588.3208915656,0.0,0.0
4310,301846.1439198656,10.212930352949481,1962795.7737422527,0.0,0.0
4311,289003.6833151097,9.961689753860933,1926526.560274115,0.0,0.0
4312,901700.0924727324,9.672763064909102,1861113.5578954206,0.0,0.0
4313,431291.6326033886,9.371274346002844,1782764.4206616667,0.0,0.0
4314,457535.3743042492,8.95672735750674,1653294.8683085395,0.0,0.0
4315,445809.137842767,8.190443530286668,1351186.2827204007,0.0,0.0
4316,445299.1827127297,7.386473613203314,1006388.4774851366,0.0,0.0
4317,483092.4219331629,6.63275181593767,729454.2217770582,0.0,0.0
4318,474369.2795547604,6.105146557851719,567439.2638778274,0.0,0.0
4319,390243.1488472112,5.866467988717598,500827.072194368,0.0,0.0
4320,334980.8314111937,5.7910958089910345,480747.9235152116,0.0,0.0
4321,319979.8318874911,5.715723629264469,460668.7748360544,0.0,0.0
4322,352472.9896409904,5.715723629264469,460668.7748360544,0.0,0.0
4323,319220.4044431186,5.703161599310042,457322.25005619525,0.0,0.0
4324,368480.9021151735,5.552417239856913,417163.9526978817,0.0,0.0
4325,329169.5932539546,5.2258044610418,342218.91213569645,0.0,0.0
4326,321152.8080864739,5.5272931799480585,410470.9031381628,0.0,0.0
4327,388987.9521462739,5.803657838945461,484094.4482950708,0.0,0.0
4328,406970.8625880412,5.690599569355615,453975.7252763358,0.0,0.0
4329,401025.8739541237,5.590103329720195,427203.52703746,0.0,0.0
4330,375679.4811315195,5.765971749082179,474054.87395549245,0.0,0.0
4331,386892.4201505938,5.966964228353017,527599.2704332437,0.0,0.0
4332,349397.81157401577,6.0046503182163,537772.7739374518,0.0,0.0
4333,273062.7957736131,5.966964228353017,527599.2704332437,0.0,0.0
4334,275615.0381180476,5.929278138489735,517559.6960936655,0.0,0.0
4335,270137.990136867,5.916716108535308,514213.17131380603,0.0,0.0
4336,914232.2179519496,5.879030018672025,504173.59697422746,410058.6209777221,410058.6209777221
4337,446458.149605857,5.778533779036606,477401.3987353519,0.0,0.0
4338,438431.17344504886,5.665475509446759,447282.6757166167,0.0,0.0
4339,477886.0139351143,5.464483030175921,395301.0259111248,82584.98802398954,82584.98802398954
4340,434008.51189824456,5.112746191451954,317074.75297891465,116933.7589193299,116933.7589193299
4341,439473.49843981024,4.3715864241407365,181589.32905145417,257884.16938835607,257884.16938835607
4342,431668.1135231376,3.881667255918068,112084.06929596479,319584.0442271728,319584.0442271728
4343,392110.48981681216,3.5550544771029555,73674.40650730756,318436.0833095046,318436.0833095046
4344,353799.75780253304,3.504806357285246,67765.22761674495,286034.5301857881,286034.5301857881
4345,327481.01602831297,3.529930417194101,70719.81706202627,256761.1989662867,256761.1989662867
4346,320557.6190359222,3.4671202674219637,64306.583533132805,256251.03550278943,256251.03550278943
4347,311136.1463831574,3.1781935784701334,38881.03490537174,272255.1114777857,272255.1114777857
4348,338407.7994188017,2.864142829609448,16896.227293878386,321511.5721249233,321511.5721249233
4349,330738.1661338601,2.8390187697005933,15730.47091410753,315007.6952197526,315007.6952197526
4350,358807.2406447448,3.6429886867839474,84015.46956579221,274791.7710789526,274791.7710789526
4351,429446.8293211751,4.095221765143334,140245.17606544276,289201.6532557324,289201.6532557324
4352,415675.84251993126,2.9646390692448676,21559.25281296186,394116.5897069694,394116.5897069694
4353,393360.6678810085,1.1682687857617486,0.0,393360.6678810085,393360.6678810085
4354,384541.19027708087,1.7084360738021271,0.0,384541.19027708087,384541.19027708087
4355,356560.5771688199,3.7560469563737944,97311.12206955822,259249.4550992617,259249.4550992617
4356,331578.0641050511,5.652913479492332,443936.1509367572,0.0,0.0
4357,283245.6875300076,6.883992415026219,815479.0029049774,0.0,0.0
4358,290688.8492295082,7.147795044069194,913017.4212398686,0.0,0.0
4359,284206.10436819715,6.997050684616065,854190.1544125406,0.0,0.0
4360,939288.5281042485,6.997050684616065,854190.1544125406,85098.37369170785,85098.37369170785
4361,425019.8120937648,7.084984894297056,888446.0906490085,0.0,0.0
4362,444555.0995170531,6.959364594752782,841286.4372433525,0.0,0.0
4363,466347.7182003831,6.557379636211105,703646.7874386824,0.0,0.0
4364,423366.1492009515,6.029774378125154,545189.3964225454,0.0,0.0
4365,461314.2075220954,5.3011766407683645,358981.6849068843,102332.52261521114,102332.52261521114
4366,425270.5727634645,4.622827023229285,223203.64903702162,202066.92372644285,202066.92372644285
4367,389430.7075876982,3.9319153757357777,117993.24818652745,271437.4594011707,271437.4594011707
4368,387935.0410773735,3.3289379379232624,52146.5385372471,335788.5025401264,335788.5025401264
4369,310684.7086545772,2.889266889518303,18061.983673649265,292622.72498092795,292622.72498092795
4370,344822.277598811,2.6882744102474647,8735.932635482362,336086.3449633287,336086.3449633287
4371,315701.8522506212,2.6003402005664724,4655.78530628432,311046.06694433687,311046.06694433687
4372,340977.3266569572,2.5249680208399083,1158.5161669717472,339818.81048998545,339818.81048998545
4373,340102.9433330297,2.474719901022199,0.0,340102.9433330297,340102.9433330297
4374,359465.5048963298,2.7385225300651745,11067.445395024099,348398.0595013057,348398.0595013057
4375,394216.9076534271,3.0400112489714317,26720.98990948599,367495.9177439411,367495.9177439411
4376,443525.7863069772,3.215879668333416,42197.4108133406,401328.3754936366,401328.3754936366
4377,387406.7609347193,3.517368387239673,69242.52233938556,318164.23859533377,318164.23859533377
4378,403140.333518975,3.9319153757357777,117993.24818652745,285147.08533244755,285147.08533244755
4379,359828.53100417886,4.534892813548293,207164.44919120864,152664.08181297022,152664.08181297022
4380,339554.1491750486,5.338862730631647,367363.07129247836,0.0,0.0
4381,282092.54948048794,6.19308076753271,593397.4425756561,0.0,0.0
4382,311095.3502275307,6.833744295208509,798274.0466793934,0.0,0.0
4383,340080.3,7.31110143347675,976902.8807761046,0.0,0.0
4384,882821.7030785636,7.637714212291862,1111504.4247782528,0.0,0.0
4385,447393.5508929354,7.813582631653846,1189027.2240330153,0.0,0.0
4386,422614.3542211944,7.775896541790564,1172415.1956212807,0.0,0.0
4387,433220.9010194635,7.36134955329446,996559.9452487925,0.0,0.0
4388,447205.7993819683,6.946802564798356,836985.1981869569,0.0,0.0
4389,442776.12481571897,6.620189785983242,725152.982720662,0.0,0.0
4390,441100.729267901,6.318701067076985,630480.5550011259,0.0,0.0
4391,395506.7468016412,6.142832647715001,578564.1976054683,0.0,0.0
4392,373600.14571817673,6.155394677669429,582272.5088480155,0.0,0.0
4393,340261.31766774505,6.05489843803401,552606.0189076397,0.0,0.0
4394,286354.4201793166,5.929278138489735,517559.6960936655,0.0,0.0
4395,286043.57068689907,5.715723629264469,460668.7748360544,0.0,0.0
4396,336435.896276928,5.577541299765769,423857.0022576008,0.0,0.0
4397,332336.8631347889,5.5272931799480585,410470.9031381628,0.0,0.0
4398,368210.0520878574,6.419197306712404,660147.0449415018,0.0,0.0
4399,424359.0540929522,7.235729253750185,947417.2840670726,0.0,0.0
4400,427544.2241245007,7.4241597030665964,1021131.2758396525,0.0,0.0
4401,391194.7739918105,7.512093912747589,1056130.9967391372,0.0,0.0
4402,400181.4447639975,7.4995318827931605,1050616.8725486842,0.0,0.0
4403,336203.3086704904,7.461845792929879,1035874.0741941688,0.0,0.0
4404,332100.4365786748,7.323663463431177,981817.1468942764,0.0,0.0
4405,310309.051866494,7.26085331365904,957245.8163034165,0.0,0.0
4406,294005.697051394,7.373911583248887,1001474.2113669646,0.0,0.0
4407,301814.24918023066,7.612590152383007,1100429.7391704293,0.0,0.0
4408,974758.4306327604,7.914078871289265,1233325.9664643079,0.0,0.0
4409,460799.234055564,8.03969917083354,1287873.6517500868,0.0,0.0
4410,440810.9674861816,7.863830751471555,1211176.5952486617,0.0,0.0
4411,464202.7478863695,7.223167223795758,942503.0179489006,0.0,0.0
4412,406083.5957926683,6.997050684616065,854190.1544125406,0.0,0.0
4413,495118.30770109454,7.147795044069194,913017.4212398686,0.0,0.0
4414,407984.4183426444,7.486969852838733,1045702.6064305124,0.0,0.0
4415,382934.8361457188,8.102509320605677,1314253.9146543844,0.0,0.0
4416,354781.7187460274,8.504494279147353,1482893.444382723,0.0,0.0
4417,460711.3876914163,8.642676608646054,1534960.5461378333,0.0,0.0
4418,443788.6951715451,8.542180369010635,1497093.5630432074,0.0,0.0
4419,376263.269917705,8.353749919694225,1419774.9662715746,0.0,0.0
4420,397422.23107099655,8.165319470377813,1340634.1775586817,0.0,0.0
4421,375802.1660658276,8.17788150033224,1345910.2301395412,0.0,0.0
4422,402328.7627267226,8.554742398965063,1501826.9359300358,0.0,0.0
4423,329196.0891562578,9.383836375957271,1786593.3273917763,0.0,0.0
4424,379344.034448487,9.735573214681239,1875333.7758038323,0.0,0.0
4425,417532.1406102279,9.873755544179941,1906618.2552023388,0.0,0.0
4426,394113.8470624341,9.911441634043221,1915150.3859473853,0.0,0.0
4427,552956.7488481619,9.999375843724215,1935058.6910191623,0.0,0.0
4428,482758.4901879855,10.062185993496351,1943259.3047571273,0.0,0.0
4429,397836.04645746015,10.02449990363307,1938375.1875108457,0.0,0.0
4430,1234646.1124284111,9.836069454316657,1898086.1244572913,0.0,0.0
4431,641367.4133146604,9.647639005000247,1855425.470732056,0.0,0.0
4432,464499.7255558058,9.58482885522811,1841205.2528236443,0.0,0.0
4433,458982.76876282034,9.559704795319256,1835517.1656602796,0.0,0.0
4434,443499.72658028,9.43408449577498,1801908.9543122142,0.0,0.0
4435,522292.2593536156,9.057223597142158,1687041.7524089299,0.0,0.0
4436,480701.0037521798,8.680362698509336,1549160.664798318,0.0,0.0
4437,557383.4407271226,8.140195410468959,1330082.0723969627,0.0,0.0
4438,431318.1313021458,7.750772481881709,1161340.5100134574,0.0,0.0
4439,436342.7261844317,7.587466092474153,1089355.0535626067,0.0,0.0
4440,427522.01265884313,7.562342032565297,1078280.3679547831,0.0,0.0
4441,418384.0497115584,7.5372179726564426,1067205.6823469598,0.0,0.0
4442,429383.1482596018,7.738210451927282,1155803.1672095458,0.0,0.0
4443,401652.1398748506,7.901516841334838,1227788.6236603968,0.0,0.0
4444,345481.5383729516,7.914078871289265,1233325.9664643079,0.0,0.0
4445,397588.6112920887,7.750772481881709,1161340.5100134574,0.0,0.0
4446,387290.12564679206,7.98945105101583,1266550.0232877778,0.0,0.0
4447,345292.78915245575,8.630114578691627,1530227.1732510051,0.0,0.0
4448,338104.5386673431,8.554742398965063,1501826.9359300358,0.0,0.0
4449,396606.4671797172,7.976889021061401,1261012.6804838658,0.0,0.0
4450,446610.1421388086,7.4995318827931605,1050616.8725486842,0.0,0.0
4451,484581.2168003764,7.160357074023621,917931.6873580407,0.0,0.0
4452,527183.1456279561,6.883992415026219,815479.0029049774,0.0,0.0
4453,385692.5477828093,6.695561965709807,750960.417059038,0.0,0.0
4454,1237202.2163424382,6.871430385071791,811177.7638485811,426024.4524938571,426024.4524938571
4455,675475.7547834679,7.373911583248887,1001474.2113669646,0.0,0.0
4456,473772.6893875301,7.775896541790564,1172415.1956212807,0.0,0.0
4457,487067.41066675045,8.064823230742395,1298425.7569118058,0.0,0.0
4458,493428.7083801915,8.102509320605677,1314253.9146543844,0.0,0.0
4459,495503.6695217101,7.876392781425983,1216713.9380525732,0.0,0.0
4460,496410.9851987274,7.31110143347675,976902.8807761046,0.0,0.0
4461,538815.5294359113,6.858868355117363,806876.5247921853,0.0,0.0
4462,430904.18523282045,7.059860834388202,878617.5584126645,0.0,0.0
4463,452811.7079117608,7.436721733021024,1026045.5419578245,0.0,0.0
4464,406881.86990634486,7.323663463431177,981817.1468942764,0.0,0.0
4465,334948.2559157135,6.997050684616065,854190.1544125406,0.0,0.0
4466,348985.384589045,7.135233014114766,908103.1551216963,0.0,0.0
4467,353336.8135190924,7.373911583248887,1001474.2113669646,0.0,0.0
4468,330877.3632972595,7.298539403522322,971988.6146579324,0.0,0.0
4469,326690.16121766384,7.097546924251485,893360.3567671807,0.0,0.0
4470,366587.9667045221,7.36134955329446,996559.9452487925,0.0,0.0
4471,418550.9111430613,8.115071350560104,1319529.9672352436,0.0,0.0
4472,388796.1020995942,7.801020601699419,1183489.8812291038,0.0,0.0
4473,367581.10098623385,7.235729253750185,947417.2840670726,0.0,0.0
4474,380344.749797426,6.7960582053452265,785370.3295102055,0.0,0.0
4475,365281.56248400535,6.406635276757976,656438.7336989546,0.0,0.0
4476,358679.80981657264,6.080022497942863,560022.6413927332,0.0,0.0
4477,303350.54694037186,5.5272931799480585,410470.9031381628,0.0,0.0
4478,313672.8652225581,5.238366490996228,345012.70759756106,0.0,0.0
4479,298507.93902301084,5.100184161497526,314280.9575170498,0.0,0.0
4480,984532.1030503904,4.823819502500124,259864.67725602255,724667.4257943678,724667.4257943678
4481,443079.69198428496,4.585140933366003,216329.70624595898,226749.98573832598,226749.98573832598
4482,451674.2623866868,4.158031914915471,149641.57447135443,302032.6879153324,302032.6879153324
4483,429295.3643215536,3.4545582374675363,63201.1248971432,366094.2394244104,366094.2394244104
4484,407249.1168611724,3.2912518480599804,48830.162629278275,358418.95423189417,358418.95423189417
4485,450087.8956622777,3.3289379379232624,52146.5385372471,397941.3571250306,397941.3571250306
4486,419444.8097471852,3.4545582374675363,63201.1248971432,356243.684850042,356243.684850042
4487,431985.43413984106,3.517368387239673,69242.52233938556,362742.91180045553,362742.91180045553
4488,350578.7834410828,3.542492447148528,72197.11178466692,278381.6716564159,278381.6716564159
4489,338472.03359284013,3.693236806601657,89924.64845635489,248547.38513648525,248547.38513648525
4490,309486.19701187016,3.668112746692802,86970.05901107354,222516.1380007966,222516.1380007966
4491,310942.585461124,3.4168721476042543,59884.74898917438,251057.83647194965,251057.83647194965
4492,323261.994394467,3.1781935784701334,38881.03490537174,284380.95948909526,284380.95948909526
4493,344591.5384854127,2.889266889518303,18061.983673649265,326529.55481176346,326529.55481176346
4494,344022.6168108814,2.462157871067771,0.0,344022.6168108814,344022.6168108814
4495,422519.670466789,2.3365375715234973,0.0,422519.670466789,422519.670466789
4496,408049.8544237128,1.9094285530729656,0.0,408049.8544237128,408049.8544237128
4497,380623.2884603362,1.143144725852894,0.0,380623.2884603362,380623.2884603362
4498,395469.4050206119,0.5652913479492332,0.0,395469.4050206119,395469.4050206119
4499,342182.8728478464,0.6909116474935073,0.0,342182.8728478464,342182.8728478464
4500,340592.40682389267,1.205954875625031,0.0,340592.40682389267,340592.40682389267
4501,274446.65192969894,1.9345526129818205,0.0,274446.65192969894,274446.65192969894
4502,325052.73401340627,2.7385225300651745,11067.445395024099,313985.2886183822,313985.2886183822
4503,308836.1372527899,3.4545582374675363,63201.1248971432,245635.01235564673,245635.01235564673
4504,970690.6750026142,4.3087762743686,172192.93064554254,798497.7443570716,798497.7443570716
4505,437432.9873694595,5.4519210002214935,392507.23044926015,44925.75692019932,44925.75692019932
4506,465774.3891621583,6.444321366621258,667563.6674265955,0.0,0.0
4507,452888.40738369327,6.331263097031412,634188.8662436728,0.0,0.0
4508,410235.2787707534,5.778533779036606,477401.3987353519,0.0,0.0
4509,451696.6843330157,5.3011766407683645,358981.6849068843,92714.99942613143,92714.99942613143
4510,462011.6058117637,5.037374011725389,300311.9802077266,161699.62560403708,161699.62560403708
4511,384101.6708823727,5.313738670722793,361775.48036874906,22326.190513623646,22326.190513623646
4512,329182.88570281566,5.9418401684441635,520906.2208735252,0.0,0.0
4513,328673.55490209215,6.3438251269858394,637897.1774862198,0.0,0.0
4514,336504.9932853226,5.992088288261872,534292.3199929626,0.0,0.0
4515,346141.9033356163,5.175556341224091,331043.73028823786,15098.173047378426,15098.173047378426
4516,319928.86836642126,4.585140933366003,216329.70624595898,103599.16212046228,103599.16212046228
4517,307728.37603458087,4.396710484049592,185347.888413819,122380.48762076188,122380.48762076188
4518,374582.2763064512,4.35902439418631,179710.04937027197,194872.2269361792,194872.2269361792
4519,418102.28928680846,4.4846446937305835,198502.84618209532,219599.44310471314,219599.44310471314
4520,450605.3836804369,4.01984958541677,128969.49797834878,321635.8857020881,321635.8857020881
4521,412251.9439331496,3.127945458652424,34459.20036141331,377792.7435717363,377792.7435717363
4522,395601.64091235376,2.7762086199284566,12816.079964680386,382785.5609476734,382785.5609476734
4523,341383.4613395508,3.0776973388347146,30037.365817454887,311346.0955220959,311346.0955220959
4524,333373.81318710704,2.9646390692448676,21559.25281296186,311814.56037414516,311814.56037414516
4525,276273.4994918175,2.71339847015632,9901.689015253241,266371.8104765643,266371.8104765643
4526,278494.6406578548,2.3114135116146426,0.0,278494.6406578548,278494.6406578548
4527,281591.35483003093,1.3818232949870146,0.0,281591.35483003093,281591.35483003093
4528,954042.6074374076,0.590415407858088,0.0,954042.6074374076,954042.6074374076
4529,477987.980016196,1.331575175169305,0.0,477987.980016196,477987.980016196
4530,473451.3502855211,1.7838082535286914,0.0,473451.3502855211,473451.3502855211
4531,451379.40461092646,2.6505883203841822,6987.298065826056,444392.1065451004,444392.1065451004
4532,436270.7369762788,3.2284416982878428,43302.86944933016,392967.8675269486,392967.8675269486
4533,462498.13911709073,3.379186057740972,56568.37308120552,405929.7660358852,405929.7660358852
4534,391038.6845448048,2.7385225300651745,11067.445395024099,379971.2391497807,379971.2391497807
4535,397532.2732633285,1.6833120138932725,0.0,397532.2732633285,397532.2732633285
4536,330987.73751770763,1.859180433255256,0.0,330987.73751770763,330987.73751770763
4537,338768.3427023841,3.4168721476042543,59884.74898917438,278883.59371320973,278883.59371320973
4538,295680.5189941238,5.816219868899888,487440.97307493025,0.0,0.0
4539,293657.1825812621,6.130270617760574,574855.8863629213,0.0,0.0
4540,337078.40254989325,6.130270617760574,574855.8863629213,0.0,0.0
4541,331937.5830734036,6.155394677669429,582272.5088480155,0.0,0.0
4542,367865.0552292605,7.084984894297056,888446.0906490085,0.0,0.0
4543,394644.6704225796,7.976889021061401,1261012.6804838658,0.0,0.0
4544,403076.4787648785,7.888954811380411,1222251.2808564852,0.0,0.0
4545,399246.4867978998,7.449283762975451,1030959.8080759966,0.0,0.0
4546,368786.4098064555,6.896554444980645,819780.241961373,0.0,0.0
4547,384899.9752891291,6.205642797487139,597105.7538182033,0.0,0.0
4548,325033.184794804,5.61522738962905,433896.5765971789,0.0,0.0
4549,273238.40474511194,5.175556341224091,331043.73028823786,0.0,0.0
4550,314901.13398472755,4.534892813548293,207164.44919120864,107736.68479351891,107736.68479351891
4551,305163.00815714884,3.6178646268750927,81060.8801205109,224102.12803663794,224102.12803663794
4552,945985.2319189432,2.6505883203841822,6987.298065826056,938997.9338531172,938997.9338531172
4553,419702.2777071047,1.7335601337109818,0.0,419702.2777071047,419702.2777071047
4554,434928.25561802107,1.4948815645768612,0.0,434928.25561802107,434928.25561802107
4555,446912.0467524335,2.9646390692448676,21559.25281296186,425352.79393947165,425352.79393947165
4556,476053.0915139513,3.843981166054786,107652.18512804282,368400.9063859085,368400.9063859085
4557,448859.9813537829,4.233404094642036,160917.25255844856,287942.72879533435,287942.72879533435
4558,427343.696423366,4.735885292819131,243825.47741020954,183518.2190131565,183518.2190131565
4559,362059.75414234673,5.024811981770962,297518.184745862,64541.56939648476,64541.56939648476
4560,360209.82520763326,4.899191682226688,273612.5628381478,86597.26236948546,86597.26236948546
4561,318294.6451849018,4.811257472545696,257573.36299233497,60721.28219256681,60721.28219256681
4562,325102.0960548198,4.811257472545696,257573.36299233497,67528.73306248485,67528.73306248485
4563,319885.1895958744,4.622827023229285,223203.64903702162,96681.54055885278,96681.54055885278
4564,307166.25519976165,4.25852815455089,164675.8119208132,142490.44327894846,142490.44327894846
4565,331957.428517876,3.856543196009213,109129.47985068346,222827.94866719254,222827.94866719254
4566,373304.860686401,4.421834543958447,189106.44777618363,184198.4129102174,184198.4129102174
4567,426776.6613560476,5.024811981770962,297518.184745862,129258.47661018564,129258.47661018564
4568,404285.59357972414,5.502169120039203,403777.85357844364,507.740001280501,507.740001280501
4569,330758.23901004845,5.740847689173324,467361.8243957736,0.0,0.0
4570,405510.556780327,5.715723629264469,460668.7748360544,0.0,0.0
4571,386058.3131062456,5.753409719127752,470708.349175633,0.0,0.0
4572,340293.1834609375,5.9418401684441635,520906.2208735252,0.0,0.0
4573,291416.27782381244,6.3815112168491215,649022.1112138606,0.0,0.0
4574,294117.10836434434,6.909116474935073,824081.481017769,0.0,0.0
4575,275698.9935325635,7.399035643157741,1011302.7436033082,0.0,0.0
4576,922859.0933501484,7.738210451927282,1155803.1672095458,0.0,0.0
4577,436087.3293510987,7.976889021061401,1261012.6804838658,0.0,0.0
4578,451613.7290646244,7.976889021061401,1261012.6804838658,0.0,0.0
4579,432545.2604591095,7.612590152383007,1100429.7391704293,0.0,0.0
4580,445473.9600857176,7.562342032565297,1078280.3679547831,0.0,0.0
4581,461395.77477829135,7.5749040625197255,1083817.7107586951,0.0,0.0
4582,401562.8526175801,7.587466092474153,1089355.0535626067,0.0,0.0
4583,381883.1802886106,7.788458571744991,1177952.5384251922,0.0,0.0
4584,369609.7818394011,8.052261200787967,1293149.7043309463,0.0,0.0
4585,461270.51517777104,8.140195410468959,1330082.0723969627,0.0,0.0
4586,419838.28931191424,8.17788150033224,1345910.2301395412,0.0,0.0
4587,366952.36639429216,8.052261200787967,1293149.7043309463,0.0,0.0
4588,374513.547116802,7.888954811380411,1222251.2808564852,0.0,0.0
4589,429844.93105952186,7.888954811380411,1222251.2808564852,0.0,0.0
4590,380798.68700019707,8.454246159329644,1461983.3869184507,0.0,0.0
4591,336358.95217846,9.63507697504582,1852581.4271503736,0.0,0.0
4592,366796.7820509557,10.325988622539327,1977448.1254810968,0.0,0.0
4593,430133.6336741877,10.640039371400013,2000000.0,0.0,0.0
4594,403003.4801284695,10.790783730853141,2000000.0,0.0,0.0
4595,492556.94198333897,10.85359388062528,2000000.0,0.0,0.0
4596,444535.9439885696,10.89127997048856,2000000.0,0.0,0.0
4597,400591.11947465246,10.916404030397414,2000000.0,0.0,0.0
4598,1234036.4223384524,10.928966060351842,2000000.0,0.0,0.0
4599,565618.6321967732,10.954090120260698,2000000.0,0.0,0.0
4600,439510.50524965365,10.979214180169553,2000000.0,0.0,0.0
4601,438173.9656027769,10.928966060351842,2000000.0,0.0,0.0
4602,499794.93401435495,10.753097640989859,2000000.0,0.0,0.0
4603,517236.0225953356,10.238054412858336,1966051.8519064402,0.0,0.0
4604,537283.2386233592,10.087310053405206,1946515.3829213148,0.0,0.0
4605,552203.6621626475,9.810945394407803,1892398.0372939266,0.0,0.0
4606,433526.8380000192,9.748135244635666,1878177.8193855148,0.0,0.0
4607,448848.99700492015,9.873755544179941,1906618.2552023388,0.0,0.0
4608,415048.00521288346,9.986813813769787,1932214.6474374798,0.0,0.0
4609,499558.3869388595,10.225492382903909,1964423.8128243466,0.0,0.0
4610,456561.6005013487,10.288302532676044,1972564.0082348152,0.0,0.0
4611,381014.879841814,10.187806293040625,1959539.695578065,0.0,0.0
4612,377025.4179791682,10.062185993496351,1943259.3047571273,0.0,0.0
4613,384701.5931374993,9.97425178381536,1929370.6038557976,0.0,0.0
4614,412667.529670302,10.288302532676044,1972564.0082348152,0.0,0.0
4615,355072.6735246213,11.142520569577107,2000000.0,0.0,0.0
4616,354769.8039580345,11.305826958984664,2000000.0,0.0,0.0
4617,418503.776430507,11.368637108756802,2000000.0,0.0,0.0
4618,425850.9969043972,11.444009288483365,2000000.0,0.0,0.0
4619,557402.0091337343,11.368637108756802,2000000.0,0.0,0.0
4620,511457.7455953213,11.155082599531537,2000000.0,0.0,0.0
4621,370625.5755584508,10.916404030397414,2000000.0,0.0,0.0
4622,1218435.2877854302,10.677725461263295,2000000.0,0.0,0.0
4623,677520.2844249111,10.476732981992456,1996984.5944662222,0.0,0.0
4624,487453.0524379551,10.36367471240261,1982332.2427273782,0.0,0.0
4625,485583.6250401077,10.26317847276719,1969307.930070628,0.0,0.0
4626,474631.1142019735,9.97425178381536,1929370.6038557976,0.0,0.0
4627,551396.3839076463,9.233092016504143,1740646.4466304628,0.0,0.0
4628,512650.58173366153,8.818545028008037,1601227.7665534285,0.0,0.0
4629,537590.604981949,8.66780066855491,1544427.2919114903,0.0,0.0
4630,487498.0357333276,8.604990518782772,1520760.4274773486,0.0,0.0
4631,437607.3147359286,8.71804878837262,1563360.7834588033,0.0,0.0
4632,441027.7021244164,8.805982998053612,1596494.3936666008,0.0,0.0
4633,308806.8728161954,8.843669087916894,1610694.5123270855,0.0,0.0
4634,321490.0855573855,8.780858938144757,1587027.6478929443,0.0,0.0
4635,322020.71569050255,8.6175525487372,1525493.800364177,0.0,0.0
4636,309682.7337752352,8.42912209942079,1451431.2817567314,0.0,0.0
4637,320242.86297075445,8.102509320605677,1314253.9146543844,0.0,0.0
4638,356409.5809166637,8.316063829830942,1403946.8085289954,0.0,0.0
4639,426198.40754133626,8.680362698509336,1549160.664798318,0.0,0.0
4640,407155.44416984107,8.316063829830942,1403946.8085289954,0.0,0.0
4641,389883.95788540976,7.964326991106975,1255475.3376799547,0.0,0.0
4642,369897.6960013848,7.637714212291862,1111504.4247782528,0.0,0.0
4643,358379.5815543104,7.3487875233400315,991645.6791306202,0.0,0.0
4644,347424.88397443027,7.172919103978048,922845.9534762123,0.0,0.0
4645,284113.1714603278,7.034736774479346,868789.0261763203,0.0,0.0
4646,297289.4657269203,7.034736774479346,868789.0261763203,0.0,0.0
4647,314206.01898994733,7.285977373567895,967074.3485397605,0.0,0.0
4648,1052070.984218929,7.612590152383007,1100429.7391704293,0.0,0.0
4649,430112.6924906787,7.813582631653846,1189027.2240330153,0.0,0.0
4650,471203.7662256938,7.838706691562701,1200101.9096408384,0.0,0.0
4651,430516.1163040289,7.5749040625197255,1083817.7107586951,0.0,0.0
4652,441867.4147869488,7.298539403522322,971988.6146579324,0.0,0.0
4653,467019.1372021071,6.9216785048895,828382.7200741648,0.0,0.0
4654,444842.30312845326,6.4568833965756856,671271.9786691425,0.0,0.0
4655,406861.3537995274,6.05489843803401,552606.0189076397,0.0,0.0
4656,391621.8743180308,5.778533779036606,477401.3987353519,0.0,0.0
4657,328528.8075732992,5.477045060130349,398094.8213729896,0.0,0.0
4658,330546.7817584722,5.1504322813152354,325456.1393645084,5090.642393963819,5090.642393963819
4659,313934.0666805204,4.811257472545696,257573.36299233497,56360.70368818546,56360.70368818546
4660,328493.3755848311,4.64795108313814,227786.27756439673,100707.09802043438,100707.09802043438
4661,294731.9669915592,4.660513113092567,230077.5918280843,64654.375163474906,64654.375163474906
4662,368626.6356378717,5.477045060130349,398094.8213729896,0.0,0.0
4663,401271.9315877864,6.419197306712404,660147.0449415018,0.0,0.0
4664,424154.3102995936,6.5322555763022505,695044.3093258906,0.0,0.0
4665,379395.9231866918,6.368949186894695,645313.799971314,0.0,0.0
4666,377396.991616622,6.105146557851719,567439.2638778274,0.0,0.0
4667,341430.2244293647,5.841343928808744,494134.02263464936,0.0,0.0
4668,304136.476005981,5.841343928808744,494134.02263464936,0.0,0.0
4669,287619.5492531059,6.092584527897291,563730.9526352802,0.0,0.0
4670,298041.1653982082,6.3438251269858394,637897.1774862198,0.0,0.0
4671,297414.4179148861,6.620189785983242,725152.982720662,0.0,0.0
4672,1010241.2737233504,6.909116474935073,824081.481017769,186159.7927055814,186159.7927055814
4673,385755.44595196616,7.172919103978048,922845.9534762123,0.0,0.0
4674,437035.4182800322,7.210605193841331,937588.7518307286,0.0,0.0
4675,448841.0443940109,6.997050684616065,854190.1544125406,0.0,0.0
4676,460365.8064244132,6.63275181593767,729454.2217770582,0.0,0.0
4677,458129.442644978,6.205642797487139,597105.7538182033,0.0,0.0
4678,450506.79018392274,5.879030018672025,504173.59697422746,0.0,0.0
4679,374919.91034813854,5.715723629264469,460668.7748360544,0.0,0.0
4680,337118.5579404607,5.439358970267066,389713.4349873955,0.0,0.0
4681,329445.0864023953,5.024811981770962,297518.184745862,31926.9016565333,31926.9016565333
4682,317821.30849036697,4.660513113092567,230077.5918280843,87743.71666228268,87743.71666228268
4683,322309.3572666439,4.4469586038673015,192865.00713854833,129444.35012809557,129444.35012809557
4684,323138.3428440648,4.296214244414172,170313.6509643602,152824.69187970462,152824.69187970462
4685,323624.09550831845,4.208280034733181,157158.69319608388,166465.40231223457,166465.40231223457
4686,370709.3774118445,4.7861334126368416,252990.7344649599,117718.64294688459,117718.64294688459
4687,416841.73006348615,5.175556341224091,331043.73028823786,85797.99977524829,85797.99977524829
4688,433105.97847038833,4.974563861953253,287360.44842027326,145745.53005011508,145745.53005011508
4689,345083.558173799,4.823819502500124,259864.67725602255,85218.88091777646,85218.88091777646
4690,387540.8573558944,4.673075143046995,232368.90609177182,155171.9512641226,155171.9512641226
4691,336506.1019017112,4.773571382682413,250699.4202012722,85806.68170043899,85806.68170043899
4692,373221.44850113406,5.238366490996228,345012.70759756106,28208.740903572994,28208.740903572994
4693,279679.71319201594,5.816219868899888,487440.97307493025,0.0,0.0
4694,304353.4178066908,6.205642797487139,597105.7538182033,0.0,0.0
4695,317834.48912457767,6.3438251269858394,637897.1774862198,0.0,0.0
4696,918466.147777156,6.519693546347824,690743.070269495,227723.07750766096,227723.07750766096
4697,450692.9032319549,6.7960582053452265,785370.3295102055,0.0,0.0
4698,432563.8565791483,6.984488654661637,849888.9153561444,0.0,0.0
4699,447273.90650335245,6.9216785048895,828382.7200741648,0.0,0.0
4700,424090.7595857934,6.670437905800951,742357.9389462458,0.0,0.0
4701,462069.4878031894,6.318701067076985,630480.5550011259,0.0,0.0
4702,438175.63425223104,6.105146557851719,567439.2638778274,0.0,0.0
4703,389449.5575019993,6.130270617760574,574855.8863629213,0.0,0.0
4704,329133.15884070005,6.29357700716813,623063.932516032,0.0,0.0
4705,319165.8090723836,6.356387156940267,641605.4887287668,0.0,0.0
4706,319840.0637330978,6.331263097031412,634188.8662436728,0.0,0.0
4707,350098.2117832651,6.180518737578283,589689.1313331091,0.0,0.0
4708,314311.30514377484,5.916716108535308,514213.17131380603,0.0,0.0
4709,332912.8835175303,5.6026653596746225,430550.0518173195,0.0,0.0
4710,352315.70982746105,5.7910958089910345,480747.9235152116,0.0,0.0
4711,389043.4833743861,5.879030018672025,504173.59697422746,0.0,0.0
4712,439362.15143551753,5.4519210002214935,392507.23044926015,46854.92098625738,46854.92098625738
4713,367632.7400038743,4.999687921862107,291943.07694764837,75689.66305622592,75689.66305622592
4714,363733.4209812958,4.5223307835938655,204873.13492752108,158860.28605377473,158860.28605377473
4715,356688.27100650256,4.220842064687608,159037.9728772662,197650.29812923635,197650.29812923635
4716,339540.75411267264,4.3087762743686,172192.93064554254,167347.8234671301,167347.8234671301
4717,291760.09571159293,4.673075143046995,232368.90609177182,59391.18961982112,59391.18961982112
4718,294701.86047064414,5.162994311269664,328249.9348263732,0.0,0.0
4719,286162.92008094053,5.539855209902486,413817.4279180222,0.0,0.0
4720,861892.7585452443,5.866467988717598,500827.072194368,361065.68635087635,361065.68635087635
4721,399590.1221974369,5.816219868899888,487440.97307493025,0.0,0.0
4722,449041.18327075295,5.4519210002214935,392507.23044926015,56533.9528214928,56533.9528214928
4723,425175.2614001596,5.42679694031264,386919.6395255311,38255.62187462853,38255.62187462853
4724,406248.5631244168,6.620189785983242,725152.982720662,0.0,0.0
4725,423377.4634773677,8.064823230742395,1298425.7569118058,0.0,0.0
4726,420303.2320179162,8.51705630910178,1487626.817269551,0.0,0.0
4727,393617.8702229617,7.198043163886903,932674.4857125566,0.0,0.0
4728,357749.51617909,4.421834543958447,189106.44777618363,168643.06840290639,168643.06840290639
4729,337640.52682437137,2.4370338111589165,0.0,337640.52682437137,337640.52682437137
4730,304200.7130030627,1.8466184033008286,0.0,304200.7130030627,304200.7130030627
4731,340363.75474172755,1.8968665231185382,0.0,340363.75474172755,340363.75474172755
4732,308968.7748246097,2.135545092252659,0.0,308968.7748246097,308968.7748246097
4733,335668.0744256657,2.2486033618425054,0.0,335668.0744256657,335668.0744256657
4734,372145.76628261735,2.6003402005664724,4655.78530628432,367489.980976333,367489.980976333
4735,411782.7220303663,3.7057988365560846,91401.94317899554,320380.7788513708,320380.7788513708
4736,412852.7976526082,4.120345825052189,144003.73542780743,268849.06222480076,268849.06222480076
4737,365474.20124804863,4.245966124596463,162796.5322396309,202677.66900841772,202677.66900841772
4738,387367.0175815675,4.321338304323027,174072.21032672486,213294.80725484266,213294.80725484266
4739,381080.8357254001,4.233404094642036,160917.25255844856,220163.58316695152,220163.58316695152
4740,350637.47570329293,3.9821634955534875,123902.42707709012,226735.0486262028,226735.0486262028
4741,288275.2515459829,3.7309228964649397,94356.53262427691,193918.718921706,193918.718921706
4742,295268.0743961,3.6429886867839474,84015.46956579221,211252.6048303078,211252.6048303078
4743,339251.95789102785,3.6178646268750927,81060.8801205109,258191.07777051695,258191.07777051695
4744,983141.2013471674,3.68067477664723,88447.35373371423,894693.8476134532,894693.8476134532
4745,436075.48775971367,4.233404094642036,160917.25255844856,275158.2352012651,275158.2352012651
4746,439370.50696654496,4.610264993274858,220912.33477333406,218458.1721932109,218458.1721932109
4747,439653.9793218293,4.271090184505318,166555.09160199555,273098.88771983376,273098.88771983376
4748,475124.2942308898,3.9570394356446323,120947.83763180877,354176.45659908105,354176.45659908105
4749,450403.5977714949,2.9897631291537223,22725.009192732716,427678.58857876214,427678.58857876214
4750,426281.19169312,2.047610882571667,0.0,426281.19169312,426281.19169312
4751,407848.4330232032,1.4069473548958695,0.0,407848.4330232032,407848.4330232032
4752,341989.7668553413,0.7285977373567895,0.0,341989.7668553413,341989.7668553413
4753,425391.28554627526,0.4145469884961044,0.0,425391.28554627526,425391.28554627526
4754,516883.6218145967,1.0175244263086198,0.0,516883.6218145967,516883.6218145967
4755,368755.97162734834,1.6707499839388449,0.0,368755.97162734834,368755.97162734834
4756,341143.4638494193,2.3742236613867793,0.0,341143.4638494193,341143.4638494193
4757,418922.99756261753,2.9646390692448676,21559.25281296186,397363.74474965566,397363.74474965566
4758,416369.8815596535,4.145469884961043,147762.2947901721,268607.5867694814,268607.5867694814
4759,356298.76776614145,5.112746191451954,317074.75297891465,39224.0147872268,39224.0147872268
4760,356761.8140127837,5.590103329720195,427203.52703746,0.0,0.0
4761,417462.8076475922,5.61522738962905,433896.5765971789,0.0,0.0
4762,461388.0121902457,5.4142349103582115,384125.84406366624,77262.16812657943,77262.16812657943
4763,512943.3638637653,5.100184161497526,314280.9575170498,198662.40634671552,198662.40634671552
4764,525106.0054150337,4.64795108313814,227786.27756439673,297319.72785063693,297319.72785063693
4765,383283.02499091154,4.220842064687608,159037.9728772662,224245.05211364533,224245.05211364533
4766,1267019.224281498,3.7811710162826486,100265.71151483948,1166753.5127666586,1166753.5127666586
4767,661809.7615979962,3.253565758196698,45513.786721309414,616295.9748766868,616295.9748766868
4768,455703.9752469012,2.7887706498828844,13398.958154565835,442305.0170923354,442305.0170923354
4769,481061.72414733673,2.562654110703191,2907.1507366280543,478154.5734107087,478154.5734107087
4770,467923.0207158307,2.3993477212956345,0.0,467923.0207158307,467923.0207158307
4771,514207.0417588386,3.1405074886068514,35564.65899740291,478642.38276143564,478642.38276143564
4772,560970.8854131214,5.313738670722793,361775.48036874906,199195.40504437237,199195.40504437237
4773,531683.7035405551,6.9216785048895,828382.7200741648,0.0,0.0
4774,457268.3924253214,7.587466092474153,1089355.0535626067,0.0,0.0
4775,428369.0215942367,7.486969852838733,1045702.6064305124,0.0,0.0
4776,425613.690654496,6.708123995664234,755261.6561154339,0.0,0.0
4777,459222.5741468882,5.7910958089910345,480747.9235152116,0.0,0.0
4778,412792.4692997,5.213242431087374,339425.11667383194,73367.35262586805,73367.35262586805
4779,367573.3262911801,4.848943562408978,264447.30578339763,103126.02050778246,103126.02050778246
4780,405006.8729658642,4.547454843502721,209455.76345489634,195551.10951096786,195551.10951096786
4781,405681.9545220885,4.208280034733181,157158.69319608388,248523.26132600463,248523.26132600463
4782,385114.6327050262,4.710761232910277,239242.84888283446,145871.78382219173,145871.78382219173
4783,368330.62446201855,4.811257472545696,257573.36299233497,110757.26146968358,110757.26146968358
4784,370565.0943950222,4.459520633821729,194744.28681973062,175820.80757529158,175820.80757529158
4785,376970.4626027176,4.233404094642036,160917.25255844856,216053.21004426907,216053.21004426907
4786,464608.9776884414,4.271090184505318,166555.09160199555,298053.8860864459,298053.8860864459
4787,546175.3450391605,4.723323262864704,241534.163146522,304641.18189263844,304641.18189263844
4788,454128.1284222974,5.51473114999363,407124.3783583031,47003.75006399432,47003.75006399432
4789,382735.486348856,6.3815112168491215,649022.1112138606,0.0,0.0
4790,1227992.036357707,7.147795044069194,913017.4212398686,314974.6151178385,314974.6151178385
4791,681349.5594093432,7.7256484219728545,1150265.8244056343,0.0,0.0
4792,441467.65765647247,8.064823230742395,1298425.7569118058,0.0,0.0
4793,466845.1747326804,8.077385260696822,1303701.8094926653,0.0,0.0
4794,487809.3441625452,7.851268721517128,1205639.2524447502,0.0,0.0
4795,499452.2216723963,7.486969852838733,1045702.6064305124,0.0,0.0
4796,504807.1309197632,7.273415343613467,962160.0824215884,0.0,0.0
4797,491785.9250989498,7.210605193841331,937588.7518307286,0.0,0.0
4798,464026.8779500797,7.323663463431177,981817.1468942764,0.0,0.0
4799,465121.4453786618,7.54978000261087,1072743.0251508716,0.0,0.0
4800,461966.2499304906,7.826144661608274,1194564.5668369273,0.0,0.0
4801,340565.4992564572,8.140195410468959,1330082.0723969627,0.0,0.0
4802,346022.7335378203,8.504494279147353,1482893.444382723,0.0,0.0
4803,293776.6250388829,8.805982998053612,1596494.3936666008,0.0,0.0
4804,306572.7615545238,8.969289387461167,1658028.2411953676,0.0,0.0
4805,340824.01997666,9.182843896686432,1725330.8197100244,0.0,0.0
4806,381544.1803649289,9.936565693952078,1920838.4731107506,0.0,0.0
4807,370501.530068753,11.167644629485963,2000000.0,0.0,0.0
4808,410115.86177171726,11.670125827663059,2000000.0,0.0,0.0
4809,364743.8344069888,11.933928456706035,2000000.0,0.0,0.0
4810,384522.3829031048,11.933928456706035,2000000.0,0.0,0.0
4811,334982.25943556905,11.745498007389623,2000000.0,0.0,0.0
4812,344997.213687899,11.431447258528937,2000000.0,0.0,0.0
4813,257718.64757913828,11.079710419804972,2000000.0,0.0,0.0
4814,303465.60100522,10.740535611035432,2000000.0,0.0,0.0
4815,273709.91782411933,10.539543131764594,2000000.0,0.0,0.0
4816,924752.224764939,10.275740502721616,1970935.9691527216,0.0,0.0
4817,494098.8646399959,10.02449990363307,1938375.1875108457,0.0,0.0
4818,440212.5932352521,9.798383364453375,1889553.993712244,0.0,0.0
4819,480318.76215265854,9.408960435866126,1794251.1408519952,0.0,0.0
4820,463070.2825815459,9.3963984059117,1790422.2341218863,0.0,0.0
4821,436134.2991379323,9.371274346002844,1782764.4206616667,0.0,0.0
4822,419435.8459802311,9.371274346002844,1782764.4206616667,0.0,0.0
4823,395939.393208232,9.321026226185134,1767448.793741229,0.0,0.0
4824,362426.9149549666,9.207967956595288,1732988.6331702438,0.0,0.0
4825,308884.22374181275,9.182843896686432,1725330.8197100244,0.0,0.0
4826,326246.80381963035,9.195405926640861,1729159.7264401345,0.0,0.0
4827,304827.52787684044,9.43408449577498,1801908.9543122142,0.0,0.0
4828,327229.4305057043,9.723011184726811,1872489.73222215,0.0,0.0
4829,340466.5524487619,9.97425178381536,1929370.6038557976,0.0,0.0
4830,381880.3677316221,10.439046892129173,1992100.4772199409,0.0,0.0
4831,381082.83580164,11.318388988939091,2000000.0,0.0,0.0
4832,380738.24989373086,11.632439737799777,2000000.0,0.0,0.0
4833,365333.9577127126,11.645001767754204,2000000.0,0.0,0.0
4834,376534.7109732325,11.61987770784535,2000000.0,0.0,0.0
4835,380533.7010546367,11.594753647936495,2000000.0,0.0,0.0
4836,381490.52070308966,11.531943498164358,2000000.0,0.0,0.0
4837,279440.20804145536,11.318388988939091,2000000.0,0.0,0.0
4838,330501.5707641071,10.903842000442987,2000000.0,0.0,0.0
4839,291342.88593080634,10.426484862174748,1990472.4381378475,0.0,0.0
4840,1009748.8302210273,10.074748023450779,1944887.343839221,0.0,0.0
4841,424164.9681195556,9.735573214681239,1875333.7758038323,0.0,0.0
4842,453405.1246436896,9.145157806823152,1713844.0995196966,0.0,0.0
4843,443554.5331131699,8.215567590195523,1361738.3878821197,0.0,0.0
4844,468267.77456704935,7.524655942702016,1061668.3395430488,0.0,0.0
4845,458481.6273530019,7.047298804433774,873703.2922944926,0.0,0.0
4846,420384.13206539873,6.82118226525408,793972.8076229972,0.0,0.0
4847,386837.9555648767,6.73324805557309,763864.134228226,0.0,0.0
4848,359055.94123080885,6.63275181593767,729454.2217770582,0.0,0.0
4849,313992.6440518481,6.657875875846525,738056.6998898502,0.0,0.0
4850,358451.8849206486,6.745810085527516,768165.3732846216,0.0,0.0
4851,325541.4855600014,6.745810085527516,768165.3732846216,0.0,0.0
4852,356444.1003065602,6.695561965709807,750960.417059038,0.0,0.0
4853,343913.93536520464,6.620189785983242,725152.982720662,0.0,0.0
4854,333983.59499335446,7.235729253750185,947417.2840670726,0.0,0.0
4855,407272.3594940696,8.240691650104377,1372290.4930438385,0.0,0.0
4856,406381.6200571911,8.27837773996766,1388118.650786417,0.0,0.0
4857,375022.76677621336,8.22812962014995,1367014.440462979,0.0,0.0
4858,370799.1084961928,8.27837773996766,1388118.650786417,0.0,0.0
4859,375183.8623458335,8.303501799876516,1398670.7559481368,0.0,0.0
4860,341980.1840869668,8.341187889739796,1414498.9136907146,0.0,0.0
4861,302937.7164537024,8.378873979603078,1430327.071433293,0.0,0.0
4862,289846.5283091848,8.403998039511935,1440879.1765950127,0.0,0.0
4863,320017.051694238,8.316063829830942,1403946.8085289954,0.0,0.0
4864,913602.4849674248,8.115071350560104,1319529.9672352436,0.0,0.0
4865,428260.1145214327,7.863830751471555,1211176.5952486617,0.0,0.0
4866,460221.84912557545,7.512093912747589,1056130.9967391372,0.0,0.0
4867,428203.0315592547,7.009612714570492,858960.4939399766,0.0,0.0
4868,457391.01045899006,6.82118226525408,793972.8076229972,0.0,0.0
4869,445657.7884875024,6.783496175390799,781069.0904538096,0.0,0.0
4870,417394.8014790844,6.883992415026219,815479.0029049774,0.0,0.0
4871,330566.7,7.084984894297056,888446.0906490085,0.0,0.0
4872,366834.8818728462,7.36134955329446,996559.9452487925,0.0,0.0
4873,314847.2770452834,7.7256484219728545,1150265.8244056343,0.0,0.0
4874,299554.5439230039,8.077385260696822,1303701.8094926653,0.0,0.0
4875,344238.9777176271,8.303501799876516,1398670.7559481368,0.0,0.0
4876,331054.0264268104,8.529618339056208,1492360.1901563792,0.0,0.0
4877,327373.59701347334,8.743172848281473,1572827.5292324591,0.0,0.0
4878,340825.60051645094,9.333588256139562,1771277.7004713384,0.0,0.0
4879,454311.3815380089,10.325988622539327,1977448.1254810968,0.0,0.0
4880,389566.6581804823,10.526981101810167,2000000.0,0.0,0.0
4881,381609.5096144358,10.388798772311464,1985588.3208915656,0.0,0.0
4882,396736.158848569,10.225492382903909,1964423.8128243466,0.0,0.0
4883,344962.9622697724,10.062185993496351,1943259.3047571273,0.0,0.0
4884,322886.6266767957,9.986813813769787,1932214.6474374798,0.0,0.0
4885,286136.20122370915,9.986813813769787,1932214.6474374798,0.0,0.0
4886,308770.89184082235,10.074748023450779,1944887.343839221,0.0,0.0
4887,290155.09202735533,10.225492382903909,1964423.8128243466,0.0,0.0
4888,949622.0450026405,10.200368322995052,1961167.7346601589,0.0,0.0
4889,383467.4502196388,10.087310053405206,1946515.3829213148,0.0,0.0
4890,462985.3283855886,9.77325930454452,1883865.9065488796,0.0,0.0
4891,422175.5297834063,9.321026226185134,1767448.793741229,0.0,0.0
4892,442876.5822032787,9.019537507278876,1675555.0322186013,0.0,0.0
4893,464462.9640900242,8.780858938144757,1587027.6478929443,0.0,0.0
4894,390605.7275030658,8.730610818327047,1568094.1563456315,0.0,0.0
4895,412424.6031132613,8.90647923768903,1634361.3767612264,0.0,0.0
4896,348280.6663055032,9.032099537233305,1679383.9389487114,0.0,0.0
4897,347149.77060816623,9.094909687005442,1698528.4725992586,0.0,0.0
4898,339895.6142964593,8.95672735750674,1653294.8683085395,0.0,0.0
4899,332870.6673867212,8.66780066855491,1544427.2919114903,0.0,0.0
4900,345297.1028192839,8.51705630910178,1487626.817269551,0.0,0.0
4901,325082.0852745782,8.391436009557506,1435603.1240141524,0.0,0.0
4902,355340.11371486884,9.132595776868722,1710015.1927895865,0.0,0.0
4903,407639.7310500946,10.26317847276719,1969307.930070628,0.0,0.0
4904,437184.9424126234,10.351112682448182,1980704.2036452845,0.0,0.0
4905,389777.47177436174,10.137558173222915,1953027.5392496898,0.0,0.0
4906,390270.9893411521,9.986813813769787,1932214.6474374798,0.0,0.0
4907,354532.89505324373,9.823507424362232,1895242.0808756093,0.0,0.0
4908,370658.4880078491,9.63507697504582,1852581.4271503736,0.0,0.0
4909,268573.2902229139,9.509456675501546,1824140.99133355,0.0,0.0
4910,312425.9471648956,9.58482885522811,1841205.2528236443,0.0,0.0
4911,279396.55837853753,9.622514945091392,1849737.3835686913,0.0,0.0
4912,922044.6459725972,9.308464196230707,1763619.8870111196,0.0,0.0
4913,448685.0866026283,8.56730442891949,1506560.308816864,0.0,0.0
4914,443255.307034613,7.60002812242858,1094892.3963665182,0.0,0.0
4915,436287.9729086013,6.858868355117363,806876.5247921853,0.0,0.0
4916,448977.15626837534,6.708123995664234,755261.6561154339,0.0,0.0
4917,438752.3156693623,6.695561965709807,750960.417059038,0.0,0.0
4918,429679.9712334721,6.582503696119961,712249.2655514745,0.0,0.0
4919,374228.8627443018,6.431759336666832,663855.3561840488,0.0,0.0
4920,363911.3188816724,6.419197306712404,660147.0449415018,0.0,0.0
4921,521252.0210718789,6.394073246803549,652730.4224564076,0.0,0.0
4922,491175.2846413966,6.3438251269858394,637897.1774862198,0.0,0.0
4923,372304.48355124856,6.19308076753271,593397.4425756561,0.0,0.0
4924,388996.4499906848,5.891592048626453,507520.12175408716,0.0,0.0
4925,377727.44394416566,5.552417239856913,417163.9526978817,0.0,0.0
4926,417883.5831745988,6.180518737578283,589689.1313331091,0.0,0.0
4927,361920.7206494776,6.871430385071791,811177.7638485811,0.0,0.0
4928,356654.9642388347,6.7960582053452265,785370.3295102055,0.0,0.0
4929,431982.2795805218,6.758372115481944,772466.6123410175,0.0,0.0
4930,417405.1619334683,6.833744295208509,798274.0466793934,0.0,0.0
4931,550174.9972280164,6.971926624707209,845587.6762997485,0.0,0.0
4932,484779.7784443074,7.072422864342629,883531.8245308365,0.0,0.0
4933,412472.84034744,7.160357074023621,917931.6873580407,0.0,0.0
4934,1217666.4512937109,7.135233014114766,908103.1551216963,309563.29617201455,309563.29617201455
4935,666914.7682757138,7.084984894297056,888446.0906490085,0.0,0.0
4936,470418.0206690096,6.997050684616065,854190.1544125406,0.0,0.0
4937,467689.1865779838,6.846306325162936,802575.2857357893,0.0,0.0
4938,522029.8517627857,6.6453138458920975,733755.4608334542,0.0,0.0
4939,516792.93264941615,6.318701067076985,630480.5550011259,0.0,0.0
4940,541346.7172985289,6.331263097031412,634188.8662436728,0.0,0.0
4941,525960.3121516001,6.419197306712404,660147.0449415018,0.0,0.0
4942,429339.40727221454,6.569941666165533,707948.0264950787,0.0,0.0
4943,437619.7750404199,6.708123995664234,755261.6561154339,0.0,0.0
4944,424808.2570184707,6.6829999357553795,746659.178002642,0.0,0.0
4945,441412.8924905098,6.657875875846525,738056.6998898502,0.0,0.0
4946,433135.86823318223,6.3815112168491215,649022.1112138606,0.0,0.0
4947,377519.4537020681,5.9418401684441635,520906.2208735252,0.0,0.0
4948,384635.1377340296,5.627789419583478,437243.1013770386,0.0,0.0
4949,361185.5798531483,5.42679694031264,386919.6395255311,0.0,0.0
4950,401141.6384733281,5.690599569355615,453975.7252763358,0.0,0.0
4951,325749.5698734125,6.507131516393396,686441.8312130987,0.0,0.0
4952,339674.6541640085,6.544817606256678,699345.5483822866,0.0,0.0
4953,409826.01199015626,6.2307668573959925,604522.3763032969,0.0,0.0
4954,410352.4408489999,5.979526258307445,530945.7952131032,0.0,0.0
4955,550526.8227609592,5.803657838945461,484094.4482950708,66432.37446588837,66432.37446588837
4956,462070.99412345217,5.765971749082179,474054.87395549245,0.0,0.0
4957,392310.668441135,5.828781898854316,490787.49785478966,0.0,0.0
4958,1243948.2963280252,6.05489843803401,552606.0189076397,691342.2774203855,691342.2774203855
4959,625773.0348288731,6.318701067076985,630480.5550011259,0.0,0.0
4960,416565.2738773777,6.368949186894695,645313.799971314,0.0,0.0
4961,480877.7603703691,6.318701067076985,630480.5550011259,0.0,0.0
4962,414759.3792695386,5.992088288261872,534292.3199929626,0.0,0.0
4963,507666.0595259715,5.1504322813152354,325456.1393645084,182209.9201614631,182209.9201614631
4964,464595.06788647023,4.848943562408978,264447.30578339763,200147.7621030726,200147.7621030726
4965,486985.48573055066,4.685637173001422,234660.22035545937,252325.2653750913,252325.2653750913
4966,421239.346646836,4.748447322773559,246116.7916738971,175122.55497293893,175122.55497293893
4967,445148.0636123928,4.962001831998825,285069.13415658573,160078.92945580708,160078.92945580708
4968,433729.8224810663,5.175556341224091,331043.73028823786,102686.09219282842,102686.09219282842
4969,333675.38213421905,5.32630070067722,364569.27583061374,0.0,0.0
4970,306737.25461439934,5.238366490996228,345012.70759756106,0.0,0.0
4971,360299.87462175,5.024811981770962,297518.184745862,62781.689875888,62781.689875888
4972,327661.2142594,4.748447322773559,246116.7916738971,81544.42258550288,81544.42258550288
4973,318085.893967185,4.560016873457148,211747.07771858375,106338.81624860124,106338.81624860124
4974,352102.64449121006,4.88662965227226,271321.2485744603,80781.39591674978,80781.39591674978
4975,424579.9636694399,5.690599569355615,453975.7252763358,0.0,0.0
4976,418387.2908720691,5.690599569355615,453975.7252763358,0.0,0.0
4977,361031.9463049584,5.652913479492332,443936.1509367572,0.0,0.0
4978,364366.0969125627,5.966964228353017,527599.2704332437,0.0,0.0
4979,343485.21753987134,6.657875875846525,738056.6998898502,0.0,0.0
4980,320932.73931316414,7.461845792929879,1035874.0741941688,0.0,0.0
4981,259832.0123843265,8.265815710013232,1382842.5982055576,0.0,0.0
4982,305746.8375354664,8.881355177780176,1624894.6309875702,0.0,0.0
4983,299270.5882101059,9.195405926640861,1729159.7264401345,0.0,0.0
4984,879942.8645564433,9.24565404645857,1744475.3533605721,0.0,0.0
4985,448168.7795290759,9.057223597142158,1687041.7524089299,0.0,0.0
4986,437643.9638829954,8.579866458873918,1511293.681703692,0.0,0.0
4987,475964.770977228,7.801020601699419,1183489.8812291038,0.0,0.0
4988,443564.2594586524,7.562342032565297,1078280.3679547831,0.0,0.0
4989,477529.7455790346,7.449283762975451,1030959.8080759966,0.0,0.0
4990,391835.1403576693,7.4241597030665964,1021131.2758396525,0.0,0.0
4991,423537.84152705,7.801020601699419,1183489.8812291038,0.0,0.0
4992,374919.8076723955,8.165319470377813,1340634.1775586817,0.0,0.0
4993,335000.50410156534,8.378873979603078,1430327.071433293,0.0,0.0
4994,325901.0028976821,8.542180369010635,1497093.5630432074,0.0,0.0
4995,323776.9384877632,8.692924728463764,1553894.037685146,0.0,0.0
4996,328796.0191840289,8.931603297597885,1643828.122534883,0.0,0.0
4997,303851.26311469014,9.032099537233305,1679383.9389487114,0.0,0.0
4998,372236.8110180129,9.509456675501546,1824140.99133355,0.0,0.0
4999,380691.5664802114,10.439046892129173,1992100.4772199409,0.0,0.0
5000,431772.3613309978,10.640039371400013,2000000.0,0.0,0.0
5001,388103.9670542253,10.740535611035432,2000000.0,0.0,0.0
5002,369901.1493450948,10.979214180169553,2000000.0,0.0,0.0
5003,366022.6822843776,11.318388988939091,2000000.0,0.0,0.0
5004,346988.988200436,11.682687857617488,2000000.0,0.0,0.0
5005,267958.91465493845,11.971614546569317,2000000.0,0.0,0.0
5006,283595.5258710488,11.984176576523744,2000000.0,0.0,0.0
5007,315074.6688850747,11.820870187116189,2000000.0,0.0,0.0
5008,873240.3384366418,11.607315677890922,2000000.0,0.0,0.0
5009,433495.3965761402,11.2304547792581,2000000.0,0.0,0.0
5010,464243.0109559746,10.589791251582302,2000000.0,0.0,0.0
5011,434524.6322001615,9.672763064909102,1861113.5578954206,0.0,0.0
5012,466449.3594602312,9.34615028609399,1775106.6072014477,0.0,0.0
5013,401180.199644664,9.383836375957271,1786593.3273917763,0.0,0.0
5014,401525.32493779,9.798383364453375,1889553.993712244,0.0,0.0
5015,368893.913819294,10.426484862174748,1990472.4381378475,0.0,0.0
5016,366779.1009179892,11.054586359896117,2000000.0,0.0,0.0
5017,299158.2152782176,11.368637108756802,2000000.0,0.0,0.0
5018,287907.90718716074,11.469133348392221,2000000.0,0.0,0.0
5019,321430.3250816964,11.418885228574512,2000000.0,0.0,0.0
5020,314830.6724984798,11.406323198620084,2000000.0,0.0,0.0
5021,335864.72884212394,11.305826958984664,2000000.0,0.0,0.0
5022,376049.0144393536,11.305826958984664,2000000.0,0.0,0.0
5023,384949.6247964494,11.833432217070616,2000000.0,0.0,0.0
5024,423227.8868952733,11.670125827663059,2000000.0,0.0,0.0
5025,376426.1862849768,11.142520569577107,2000000.0,0.0,0.0
5026,365597.3230476372,10.841031850670852,2000000.0,0.0,0.0
5027,348856.3279636328,10.627477341445585,2000000.0,0.0,0.0
5028,344419.928243809,10.40136080226589,1987216.3599736593,0.0,0.0
5029,298601.6172511556,10.225492382903909,1964423.8128243466,0.0,0.0
5030,326494.1971989311,10.062185993496351,1943259.3047571273,0.0,0.0
5031,298146.949583364,9.873755544179941,1906618.2552023388,0.0,0.0
5032,961960.469144649,9.672763064909102,1861113.5578954206,0.0,0.0
5033,432574.394064733,9.383836375957271,1786593.3273917763,0.0,0.0
5034,496365.4365435077,8.843669087916894,1610694.5123270855,0.0,0.0
5035,498678.194865313,8.052261200787967,1293149.7043309463,0.0,0.0
5036,409110.356906784,7.4241597030665964,1021131.2758396525,0.0,0.0
5037,448763.1843566462,6.946802564798356,836985.1981869569,0.0,0.0
5038,445027.5679781092,6.73324805557309,763864.134228226,0.0,0.0
5039,378365.63934201736,6.896554444980645,819780.241961373,0.0,0.0
5040,370692.3949379784,7.26085331365904,957245.8163034165,0.0,0.0
5041,353775.41936787043,7.587466092474153,1089355.0535626067,0.0,0.0
5042,316806.7360237582,7.248291283704612,952331.5501852442,0.0,0.0
5043,331727.7365787833,6.394073246803549,652730.4224564076,0.0,0.0
5044,332893.04279943026,5.389110850449357,378538.25313993695,0.0,0.0
5045,314963.77702391805,4.811257472545696,257573.36299233497,57390.41403158309,57390.41403158309
5046,348348.942854969,5.338862730631647,367363.07129247836,0.0,0.0
5047,414981.0916044791,6.394073246803549,652730.4224564076,0.0,0.0
5048,394256.4554776878,6.6453138458920975,733755.4608334542,0.0,0.0
5049,359597.35564201744,6.406635276757976,656438.7336989546,0.0,0.0
5050,396932.15559115045,6.029774378125154,545189.3964225454,0.0,0.0
5051,396684.14005642926,5.853905958763171,497480.5474145088,0.0,0.0
5052,326711.1639532595,5.95440219839859,524252.7456533844,0.0,0.0
5053,287974.056471143,6.19308076753271,593397.4425756561,0.0,0.0
5054,319206.3324379933,6.368949186894695,645313.799971314,0.0,0.0
5055,307568.69115514884,6.3438251269858394,637897.1774862198,0.0,0.0
5056,936468.5602288338,6.268452947259275,615647.3100309381,320821.2501978957,320821.2501978957
5057,395395.4937382636,6.3061390371225565,626772.2437585787,0.0,0.0
5058,467508.2553299154,6.142832647715001,578564.1976054683,0.0,0.0
5059,451086.13236346457,5.778533779036606,477401.3987353519,0.0,0.0
5060,445352.7035118677,5.61522738962905,433896.5765971789,11456.126914688793,11456.126914688793
5061,447227.6139306707,5.539855209902486,413817.4279180222,33410.18601264851,33410.18601264851
5062,412786.7848386065,5.665475509446759,447282.6757166167,0.0,0.0
5063,398636.2959791037,5.690599569355615,453975.7252763358,0.0,0.0
5064,368887.6434938838,5.577541299765769,423857.0022576008,0.0,0.0
5065,306022.2697906168,5.5649792698113405,420510.47747774114,0.0,0.0
5066,286044.59062343463,5.42679694031264,386919.6395255311,0.0,0.0
5067,340739.5717853504,5.049936041679817,303105.77566959127,37633.79611575912,37633.79611575912
5068,330044.11814978806,5.087622131543099,311487.1620551851,18556.956094602938,18556.956094602938
5069,367218.6883282853,5.590103329720195,427203.52703746,0.0,0.0
5070,366917.8222689451,6.3815112168491215,649022.1112138606,0.0,0.0
5071,402434.0727710072,6.544817606256678,699345.5483822866,0.0,0.0
5072,417108.5199980171,5.627789419583478,437243.1013770386,0.0,0.0
5073,368243.3066915783,4.4469586038673015,192865.00713854833,175378.29955302997,175378.29955302997
5074,384965.9580052093,3.6178646268750927,81060.8801205109,303905.0778846984,303905.0778846984
5075,371416.01426339376,3.529930417194101,70719.81706202627,300696.19720136747,300696.19720136747
5076,328864.8626631853,3.9193533457813503,116515.9534638868,212348.90919929848,212348.90919929848
5077,284583.78524274426,4.434396573912874,190985.72745736598,93598.05778537827,93598.05778537827
5078,334469.87058302027,5.137870251360808,322662.3439026437,11807.526680376555,11807.526680376555
5079,298467.1321189132,5.715723629264469,460668.7748360544,0.0,0.0
5080,906448.098025375,6.0046503182163,537772.7739374518,368675.3240879233,368675.3240879233
5081,448436.88476961874,5.992088288261872,534292.3199929626,0.0,0.0
5082,434208.801362348,5.577541299765769,423857.0022576008,10351.799104747246,10351.799104747246
5083,474091.7455964029,4.811257472545696,257573.36299233497,216518.38260406794,216518.38260406794
5084,459898.8725296392,4.472082663776156,196623.56650091297,263275.3060287263,263275.3060287263
5085,454771.9783732368,4.434396573912874,190985.72745736598,263786.25091587077,263786.25091587077
5086,463933.2913006763,4.497206723685011,200382.12586327762,263551.1654373987,263551.1654373987
5087,419010.7177782215,4.560016873457148,211747.07771858375,207263.64005963772,207263.64005963772
5088,388081.13746986457,4.773571382682413,250699.4202012722,137381.71726859236,137381.71726859236
5089,378922.9863205708,4.974563861953253,287360.44842027326,91562.53790029755,91562.53790029755
5090,326039.71868569247,5.137870251360808,322662.3439026437,3377.3747830487555,3377.3747830487555
5091,322825.1302249178,5.464483030175921,395301.0259111248,0.0,0.0
5092,350419.7603823816,5.841343928808744,494134.02263464936,0.0,0.0
5093,382311.2629584851,5.853905958763171,497480.5474145088,0.0,0.0
5094,371749.3973061015,5.992088288261872,534292.3199929626,0.0,0.0
5095,310793.4772863349,6.6453138458920975,733755.4608334542,0.0,0.0
5096,359400.97399136686,6.569941666165533,707948.0264950787,0.0,0.0
5097,422290.15828592255,6.3438251269858394,637897.1774862198,0.0,0.0
5098,397131.1193659368,6.19308076753271,593397.4425756561,0.0,0.0
5099,474762.047179239,6.142832647715001,578564.1976054683,0.0,0.0
5100,338753.61643360974,6.155394677669429,582272.5088480155,0.0,0.0
5101,334345.03288148594,6.105146557851719,567439.2638778274,0.0,0.0
5102,1202521.4700003762,5.904154078580881,510866.64653394656,691654.8234664297,691654.8234664297
5103,567126.0073025333,5.61522738962905,433896.5765971789,133229.43070535437,133229.43070535437
5104,451196.7495542684,5.489607090084776,400888.61683485424,50308.132719414134,50308.132719414134
5105,422403.4779616329,5.627789419583478,437243.1013770386,0.0,0.0
5106,439025.1588590093,5.7910958089910345,480747.9235152116,0.0,0.0
5107,521156.34133183456,5.590103329720195,427203.52703746,93952.81429437455,93952.81429437455
5108,553408.8696861753,5.32630070067722,364569.27583061374,188839.5938555615,188839.5938555615
5109,485847.5845781154,4.811257472545696,257573.36299233497,228274.2215857804,228274.2215857804
5110,453842.7221175748,4.4469586038673015,192865.00713854833,260977.7149790265,260977.7149790265
5111,465636.6602319531,4.271090184505318,166555.09160199555,299081.5686299575,299081.5686299575
5112,415023.3208084084,4.333900334277455,175951.49000790733,239071.83080050105,239071.83080050105
5113,397135.1132733111,4.296214244414172,170313.6509643602,226821.46230895093,226821.46230895093
5114,305433.5895094947,4.145469884961043,147762.2947901721,157671.2947193226,157671.2947193226
5115,303365.67042592535,3.9193533457813503,116515.9534638868,186849.71696203854,186849.71696203854
5116,368586.5875704219,3.668112746692802,86970.05901107354,281616.5285593484,281616.5285593484
5117,366681.1091264101,3.4922443273308184,66517.50080511202,300163.6083212981,300163.6083212981
5118,373019.7372215802,3.6429886867839474,84015.46956579221,289004.267655788,289004.267655788
5119,320265.43902829057,4.384148454095165,183468.60873263664,136796.83029565393,136796.83029565393
5120,346173.45284059027,4.660513113092567,230077.5918280843,116095.86101250598,116095.86101250598
5121,405765.92790852,4.924315742135542,278195.1913655229,127570.73654299707,127570.73654299707
5122,398746.530424546,5.125308221406382,319868.54844077927,78877.98198376672,78877.98198376672
5123,441510.01938396384,5.250928520950655,347806.5030594257,93703.51632453816,93703.51632453816
5124,365475.9619905641,5.276052580859511,353394.0939831552,12081.868007408862,12081.868007408862
5125,369063.2429954067,5.276052580859511,353394.0939831552,15669.149012251466,15669.149012251466
5126,1164962.4231527206,5.51473114999363,407124.3783583031,757838.0447944175,757838.0447944175
5127,635771.7799932484,5.7910958089910345,480747.9235152116,155023.8564780368,155023.8564780368
5128,450869.33455924585,5.992088288261872,534292.3199929626,0.0,0.0
5129,463664.1789110376,6.155394677669429,582272.5088480155,0.0,0.0
5130,436042.14167594473,6.167956707623856,585980.8200905622,0.0,0.0
5131,525937.7402556599,5.7910958089910345,480747.9235152116,45189.816740448296,45189.816740448296
5132,534992.6601365405,5.439358970267066,389713.4349873955,145279.22514914506,145279.22514914506
5133,523658.9956185981,5.175556341224091,331043.73028823786,192615.26533036027,192615.26533036027
5134,453956.6087902962,5.32630070067722,364569.27583061374,89387.33295968245,89387.33295968245
5135,427775.602076399,5.5272931799480585,410470.9031381628,17304.698938236223,17304.698938236223
5136,433264.1589693376,5.678037539401187,450629.2004964761,0.0,0.0
5137,251238.9787093116,5.866467988717598,500827.072194368,0.0,0.0
5138,262433.3490783955,6.142832647715001,578564.1976054683,0.0,0.0
5139,278776.83532833704,6.3438251269858394,637897.1774862198,0.0,0.0
5140,315320.77000803075,6.4945694864389685,682396.9123967835,0.0,0.0
5141,358502.7417014057,6.63275181593767,729454.2217770582,0.0,0.0
5142,324052.2458970077,7.172919103978048,922845.9534762123,0.0,0.0
5143,344778.5294601483,8.22812962014995,1367014.440462979,0.0,0.0
5144,382271.7653294965,8.554742398965063,1501826.9359300358,0.0,0.0
5145,392866.2472835384,8.604990518782772,1520760.4274773486,0.0,0.0
5146,335076.723051433,8.680362698509336,1549160.664798318,0.0,0.0
5147,334247.3604768107,8.793420968099184,1591761.0207797724,0.0,0.0
5148,366286.26206131786,8.90647923768903,1634361.3767612264,0.0,0.0
5149,279047.66859325906,8.95672735750674,1653294.8683085395,0.0,0.0
5150,274874.92038721027,8.893917207734603,1629628.0038743983,0.0,0.0
5151,276860.72272303747,8.730610818327047,1568094.1563456315,0.0,0.0
5152,884443.5876646722,8.6175525487372,1525493.800364177,0.0,0.0
5153,413037.7673948697,8.504494279147353,1482893.444382723,0.0,0.0
5154,392926.91029854864,8.341187889739796,1414498.9136907146,0.0,0.0
5155,431434.087015564,7.976889021061401,1261012.6804838658,0.0,0.0
5156,422088.04708726896,8.08994729065125,1308977.8620735246,0.0,0.0
5157,425760.22568669904,8.290939769922087,1393394.7033672764,0.0,0.0
5158,452314.4079613141,8.6175525487372,1525493.800364177,0.0,0.0
5159,310593.0597676577,8.931603297597885,1643828.122534883,0.0,0.0
5160,288670.7048339847,9.032099537233305,1679383.9389487114,0.0,0.0
5161,251994.76329035164,9.069785627096586,1690870.6591390392,0.0,0.0
5162,264922.1406156455,9.107471716959868,1702357.3793293675,0.0,0.0
5163,255565.00325323464,9.220529986549716,1736817.5399003532,0.0,0.0
5164,340260.50631257746,9.270778106367425,1752133.166820791,0.0,0.0
5165,325484.3516131679,9.082347657051015,1694699.5658691493,0.0,0.0
5166,332073.36776144395,9.283340136321852,1755962.0735509007,0.0,0.0
5167,399799.547360245,10.250616442812763,1967679.8909885343,0.0,0.0
5168,411744.11373485246,10.514419071855738,2000000.0,0.0,0.0
5169,377850.6385993192,10.439046892129173,1992100.4772199409,0.0,0.0
5170,334482.987097301,10.426484862174748,1990472.4381378475,0.0,0.0
5171,364698.5735727752,10.476732981992456,1996984.5944662222,0.0,0.0
5172,335236.65194775426,10.426484862174748,1990472.4381378475,0.0,0.0
5173,271874.9950570247,10.338550652493755,1979076.1645631907,0.0,0.0
5174,283331.25984505453,10.275740502721616,1970935.9691527216,0.0,0.0
5175,270608.7916345924,9.986813813769787,1932214.6474374798,0.0,0.0
5176,927951.3281662862,9.496894645547117,1821053.4879627614,0.0,0.0
5177,437890.1363948321,8.780858938144757,1587027.6478929443,0.0,0.0
5178,452932.61228801054,7.93920293119812,1244400.6520721314,0.0,0.0
5179,481193.0277071674,7.059860834388202,878617.5584126645,0.0,0.0
5180,448229.9901924689,6.720686025618662,759562.8951718297,0.0,0.0
5181,442111.22123856185,6.4568833965756856,671271.9786691425,0.0,0.0
5182,391072.1921459753,6.167956707623856,585980.8200905622,0.0,0.0
5183,332395.0765101593,5.816219868899888,487440.97307493025,0.0,0.0
5184,291459.566983787,5.389110850449357,378538.25313993695,0.0,0.0
5185,282464.44886260165,5.137870251360808,322662.3439026437,0.0,0.0
5186,248455.6925417808,4.811257472545696,257573.36299233497,0.0,0.0
5187,246488.0362508584,4.3715864241407365,181589.32905145417,64898.70719940422,64898.70719940422
5188,337320.8258678783,3.994725525507915,125379.72179973079,211941.10406814748,211941.10406814748
5189,315997.8770963651,3.7434849264193666,95833.82734691752,220164.04974944756,220164.04974944756
5190,337877.655878245,4.208280034733181,157158.69319608388,180718.96268216113,180718.96268216113
5191,413171.4457818715,4.761009352727987,248408.10593758483,164763.33984428667,164763.33984428667
5192,393493.1399728498,4.773571382682413,250699.4202012722,142793.7197715776,142793.7197715776
5193,415942.5590207199,4.673075143046995,232368.90609177182,183573.65292894808,183573.65292894808
5194,357710.8191458332,4.333900334277455,175951.49000790733,181759.32913792587,181759.32913792587
5195,343202.1448253237,3.9193533457813503,116515.9534638868,226686.1913614369,226686.1913614369
5196,332321.8561118708,3.7434849264193666,95833.82734691752,236488.02876495325,236488.02876495325
5197,253746.0186013998,3.9570394356446323,120947.83763180877,132798.18096959102,132798.18096959102
5198,268041.4360510558,4.5223307835938655,204873.13492752108,63168.30112353471,63168.30112353471
5199,280563.3571094954,5.188118371178518,333837.5257501025,0.0,0.0
5200,876251.4368840302,5.6403514495379055,440589.62615689804,435661.8107271322,435661.8107271322
5201,392479.9724465361,5.979526258307445,530945.7952131032,0.0,0.0
5202,444515.5311912815,6.130270617760574,574855.8863629213,0.0,0.0
5203,475496.2055243952,5.715723629264469,460668.7748360544,14827.430688340799,14827.430688340799
5204,434797.2335917429,5.100184161497526,314280.9575170498,120516.27607469307,120516.27607469307
5205,398121.0275031408,4.497206723685011,200382.12586327762,197738.90163986318,197738.90163986318
5206,401211.7051239992,4.070097705234479,136486.61670307812,264725.0884209211,264725.0884209211
5207,308804.1579686035,3.818857106145931,104697.59568276149,204106.562285842,204106.562285842
5208,299045.14430490613,3.7309228964649397,94356.53262427691,204688.61168062923,204688.61168062923
5209,269948.4246097809,3.7309228964649397,94356.53262427691,175591.891985504,175591.891985504
5210,265025.714147523,3.7434849264193666,95833.82734691752,169191.88680060545,169191.88680060545
5211,244714.05931063325,3.7309228964649397,94356.53262427691,150357.52668635634,150357.52668635634
5212,320826.407795834,3.529930417194101,70719.81706202627,250106.59073380774,250106.59073380774
5213,312516.0532830325,3.0776973388347146,30037.365817454887,282478.6874655776,282478.6874655776
5214,337176.91451081634,3.3289379379232624,52146.5385372471,285030.37597356923,285030.37597356923
5215,408550.8335613763,4.208280034733181,157158.69319608388,251392.14036529243,251392.14036529243
5216,372844.7327758441,4.472082663776156,196623.56650091297,176221.16627493114,176221.16627493114
5217,398549.9426255068,4.35902439418631,179710.04937027197,218839.8932552348,218839.8932552348
5218,310964.1715181312,3.906791315826923,115038.65874124614,195925.51277688507,195925.51277688507
5219,333382.5763797272,3.4671202674219637,64306.583533132805,269075.9928465944,269075.9928465944
5220,327347.4928259942,3.504806357285246,67765.22761674495,259582.26520924928,259582.26520924928
5221,278232.9929250119,3.9319153757357777,117993.24818652745,160239.74473848444,160239.74473848444
5222,271695.54624000005,3.668112746692802,86970.05901107354,184725.4872289265,184725.4872289265
5223,291992.2032860141,4.007287555462342,127090.21829716631,164901.98498884778,164901.98498884778
5224,962691.4584969176,4.421834543958447,189106.44777618363,773585.010720734,773585.010720734
5225,406235.1896136548,4.007287555462342,127090.21829716631,279144.97131648846,279144.97131648846
5226,412241.0744439857,2.8013326798373113,13981.836344451242,398259.2380995345,398259.2380995345
5227,455986.3619017109,2.2611653917969328,0.0,455986.3619017109,455986.3619017109
5228,478545.1187455212,2.7385225300651745,11067.445395024099,467477.6733504971,467477.6733504971
5229,429564.5116073283,3.3414999678776898,53251.997173236705,376312.51443409163,376312.51443409163
5230,415024.40231785766,3.994725525507915,125379.72179973079,289644.6805181269,289644.6805181269
5231,326261.86917204247,4.98712589190768,289651.76268396084,36610.10648808163,36610.10648808163
5232,301644.6493102453,6.4568833965756856,671271.9786691425,0.0,0.0
5233,272292.7365286706,7.373911583248887,1001474.2113669646,0.0,0.0
5234,258984.76358456665,6.808620235299653,789671.5685666011,0.0,0.0
5235,252167.96525078703,5.778533779036606,477401.3987353519,0.0,0.0
5236,310683.69143254467,4.949439802044398,282777.81989289814,27905.871539646527,27905.871539646527
5237,321858.74426196073,4.6353890531837125,225494.96330070918,96363.78096125156,96363.78096125156
5238,341881.5554871962,4.811257472545696,257573.36299233497,84308.19249486123,84308.19249486123
5239,406423.3476596681,5.3011766407683645,358981.6849068843,47441.66275278386,47441.66275278386
5240,370089.2459437156,5.32630070067722,364569.27583061374,5519.970113101881,5519.970113101881
5241,401676.0653357188,5.539855209902486,413817.4279180222,0.0,0.0
5242,354033.311124981,5.753409719127752,470708.349175633,0.0,0.0
5243,326536.87935597444,5.477045060130349,398094.8213729896,0.0,0.0
5244,341899.28009207395,4.773571382682413,250699.4202012722,91199.85989080174,91199.85989080174
5245,288711.38183280587,3.8942292858724956,113561.36401860548,175150.01781420037,175150.01781420037
5246,267204.6709755257,3.027449219017005,25615.53127349642,241589.13970202926,241589.13970202926
5247,265040.0207682832,2.286289451705788,0.0,265040.0207682832,265040.0207682832
5248,844444.8706645537,2.0350488526172397,0.0,844444.8706645537,844444.8706645537
5249,408810.2664247381,1.9471146429362478,0.0,408810.2664247381,408810.2664247381
5250,443553.15218760975,1.771246223574264,0.0,443553.15218760975,443553.15218760975
5251,439725.9275635773,1.6205018641211353,0.0,439725.9275635773,439725.9275635773
5252,447700.5212026683,2.0727349424805217,0.0,447700.5212026683,447700.5212026683
5253,452568.69981968845,2.8013326798373113,13981.836344451242,438586.8634752372,438586.8634752372
5254,384860.5720651941,3.818857106145931,104697.59568276149,280162.9763824326,280162.9763824326
5255,302961.77136452554,4.208280034733181,157158.69319608388,145803.07816844166,145803.07816844166
5256,305068.5116419224,4.107783795097761,142124.4557466251,162944.0558952973,162944.0558952973
5257,361427.5607978976,3.693236806601657,89924.64845635489,271502.91234154266,271502.91234154266
5258,322006.48930927925,3.517368387239673,69242.52233938556,252763.9669698937,252763.9669698937
5259,312043.7949619853,3.6429886867839474,84015.46956579221,228028.3253961931,228028.3253961931
5260,357918.0655208414,4.095221765143334,140245.17606544276,217672.88945539863,217672.88945539863
5261,339616.15793247736,4.64795108313814,227786.27756439673,111829.88036808063,111829.88036808063
5262,341398.5324066372,5.389110850449357,378538.25313993695,0.0,0.0
5263,327856.41957770044,6.482007456484541,678688.6011542365,0.0,0.0
5264,357432.83484605624,6.984488654661637,849888.9153561444,0.0,0.0
5265,419690.9647888108,6.7960582053452265,785370.3295102055,0.0,0.0
5266,426383.6761406437,6.268452947259275,615647.3100309381,0.0,0.0
5267,448322.8622100713,6.042336408079581,548897.7076650924,0.0,0.0
5268,363924.0182639334,6.105146557851719,567439.2638778274,0.0,0.0
5269,333997.45027179364,6.406635276757976,656438.7336989546,0.0,0.0
5270,1143910.0520503905,6.5322555763022505,695044.3093258906,448865.7427244999,448865.7427244999
5271,669105.4479709566,6.331263097031412,634188.8662436728,34916.581727283774,34916.581727283774
5272,425957.4096736735,5.891592048626453,507520.12175408716,0.0,0.0
5273,438023.17262749927,5.263490550905083,350600.29852129053,87422.87410620874,87422.87410620874
5274,429007.2988557205,4.321338304323027,174072.21032672486,254935.08852899563,254935.08852899563
5275,539744.5132712248,3.4419962075131094,62095.66626115362,477648.84701007116,477648.84701007116
5276,553603.233882716,3.014887189062577,24510.07263750678,529093.1612452093,529093.1612452093
5277,494404.1661825532,2.5752161406576177,3490.0289265134625,490914.1372560398,490914.1372560398
5278,431957.5191330627,2.2737274217513606,0.0,431957.5191330627,431957.5191330627
5279,464428.3766104181,2.2988514816602152,0.0,464428.3766104181,464428.3766104181
5280,390474.1557475761,2.675712380293037,8153.054445596913,382321.10130197916,382321.10130197916
5281,383103.537689847,3.2661277881511253,46619.24535729902,336484.29233254795,336484.29233254795
5282,340036.53895182133,4.120345825052189,144003.73542780743,196032.8035240139,196032.8035240139
5283,322420.2141511801,5.100184161497526,314280.9575170498,8139.256634130317,8139.256634130317
5284,385450.5633902727,5.728285659218896,464015.2996159139,0.0,0.0
5285,340353.86689379567,5.966964228353017,527599.2704332437,0.0,0.0
5286,347115.2575606156,6.406635276757976,656438.7336989546,0.0,0.0
5287,343964.9947896596,7.323663463431177,981817.1468942764,0.0,0.0
5288,331547.78094548854,7.775896541790564,1172415.1956212807,0.0,0.0
5289,412909.5911359552,8.203005560241095,1356462.33530126,0.0,0.0
5290,381592.945933071,8.7557348782359,1577560.9021192873,0.0,0.0
5291,462789.5067814181,9.358712316048416,1778935.5139315573,0.0,0.0
5292,371409.5320638468,9.823507424362232,1895242.0808756093,0.0,0.0
5293,349767.1022279792,10.062185993496351,1943259.3047571273,0.0,0.0
5294,1068187.7395013184,9.77325930454452,1883865.9065488796,0.0,0.0
5295,610904.2704459239,9.220529986549716,1736817.5399003532,0.0,0.0
5296,448710.89459655376,8.51705630910178,1487626.817269551,0.0,0.0
5297,390575.59887816873,7.763334511836136,1166877.8528173687,0.0,0.0
5298,402358.880986494,6.507131516393396,686441.8312130987,0.0,0.0
5299,506128.3095175212,5.162994311269664,328249.9348263732,177878.374691148,177878.374691148
5300,541519.7326939912,5.012249951816535,294724.3892839973,246795.34340999386,246795.34340999386
5301,487897.3802659765,5.1504322813152354,325456.1393645084,162441.2409014681,162441.2409014681
5302,422827.9356351176,5.376548820494929,375744.45767807233,47083.47795704525,47083.47795704525
5303,431601.6068997087,5.703161599310042,457322.25005619525,0.0,0.0
5304,381652.7034670024,5.879030018672025,504173.59697422746,0.0,0.0
5305,254258.05967243132,5.904154078580881,510866.64653394656,0.0,0.0
5306,265609.8052984596,5.678037539401187,450629.2004964761,0.0,0.0
5307,270037.79274633445,5.263490550905083,350600.29852129053,0.0,0.0
5308,326906.95980183245,4.949439802044398,282777.81989289814,44129.1399089343,44129.1399089343
5309,343638.95798419864,4.761009352727987,248408.10593758483,95230.85204661381,95230.85204661381
5310,345110.0834586976,4.748447322773559,246116.7916738971,98993.2917848005,98993.2917848005
5311,376428.37450307945,5.42679694031264,386919.6395255311,0.0,0.0
5312,414678.4940635838,5.552417239856913,417163.9526978817,0.0,0.0
5313,418901.2587763649,5.678037539401187,450629.2004964761,0.0,0.0
5314,308219.0317817068,5.841343928808744,494134.02263464936,0.0,0.0
5315,349566.40502082976,6.105146557851719,567439.2638778274,0.0,0.0
5316,322584.7794442101,6.3815112168491215,649022.1112138606,0.0,0.0
5317,278342.07578259695,6.607627756028815,720851.7436642661,0.0,0.0
5318,264669.9235573984,6.82118226525408,793972.8076229972,0.0,0.0
5319,285876.323710997,6.971926624707209,845587.6762997485,0.0,0.0
5320,942220.105510676,6.997050684616065,854190.1544125406,88029.95109813544,88029.95109813544
5321,436459.25660694647,6.984488654661637,849888.9153561444,0.0,0.0
5322,417738.234953917,6.557379636211105,703646.7874386824,0.0,0.0
5323,450746.7472962877,5.95440219839859,524252.7456533844,0.0,0.0
5324,438350.2106101314,5.95440219839859,524252.7456533844,0.0,0.0
5325,403055.18896580365,5.891592048626453,507520.12175408716,0.0,0.0
5326,387779.4607447138,5.904154078580881,510866.64653394656,0.0,0.0
5327,373343.4035877064,5.891592048626453,507520.12175408716,0.0,0.0
5328,300470.67186517856,5.765971749082179,474054.87395549245,0.0,0.0
5329,267346.0600770519,5.439358970267066,389713.4349873955,0.0,0.0
5330,278394.0029958082,5.1504322813152354,325456.1393645084,0.0,0.0
5331,269145.2945451077,4.924315742135542,278195.1913655229,0.0,0.0
5332,348029.36853880377,4.69819920295585,236951.53461914707,111077.8339196567,111077.8339196567
5333,330925.4534442315,4.836381532454551,262155.9915197101,68769.46192452137,68769.46192452137
5334,355253.1600941725,5.288614610813937,356187.8894450196,0.0,0.0
5335,403470.3829673824,6.29357700716813,623063.932516032,0.0,0.0
5336,441692.0120768427,6.896554444980645,819780.241961373,0.0,0.0
5337,403306.4217000486,6.934240534843927,832683.9591305607,0.0,0.0
5338,345678.0909144823,6.7960582053452265,785370.3295102055,0.0,0.0
5339,311916.67753483664,6.595065726074387,716550.5046078701,0.0,0.0
5340,320667.91473064607,6.5322555763022505,695044.3093258906,0.0,0.0
5341,271442.77098823705,6.507131516393396,686441.8312130987,0.0,0.0
5342,263868.2294782055,6.720686025618662,759562.8951718297,0.0,0.0
5343,296646.3934275657,7.147795044069194,913017.4212398686,0.0,0.0
5344,823505.1828973115,7.5372179726564426,1067205.6823469598,0.0,0.0
5345,388171.0264055765,7.738210451927282,1155803.1672095458,0.0,0.0
5346,453785.4804496783,7.524655942702016,1061668.3395430488,0.0,0.0
5347,468417.56600689713,7.26085331365904,957245.8163034165,0.0,0.0
5348,486692.5445729928,7.172919103978048,922845.9534762123,0.0,0.0
5349,473839.0281371991,7.172919103978048,922845.9534762123,0.0,0.0
5350,393367.2740652768,7.336225493385604,986731.4130124483,0.0,0.0
5351,301168.98524854856,7.436721733021024,1026045.5419578245,0.0,0.0
5352,313854.79180017824,7.3487875233400315,991645.6791306202,0.0,0.0
5353,267482.60529070685,7.461845792929879,1035874.0741941688,0.0,0.0
5354,266886.6889783125,7.524655942702016,1061668.3395430488,0.0,0.0
5355,264580.5666633922,8.064823230742395,1298425.7569118058,0.0,0.0
5356,316289.93710756087,8.51705630910178,1487626.817269551,0.0,0.0
5357,340183.5389712083,8.705486758418191,1558627.4105719745,0.0,0.0
5358,317258.69571492384,8.743172848281473,1572827.5292324591,0.0,0.0
5359,392312.1028219576,9.559704795319256,1835517.1656602796,0.0,0.0
5360,405009.8195254588,10.150120203177343,1954655.5783317836,0.0,0.0
5361,416014.5593373895,10.275740502721616,1970935.9691527216,0.0,0.0
5362,333166.07437033963,10.36367471240261,1982332.2427273782,0.0,0.0
5363,343509.3069033287,10.426484862174748,1990472.4381378475,0.0,0.0
5364,340197.367944281,10.514419071855738,2000000.0,0.0,0.0
5365,283280.30452447623,10.552105161719021,2000000.0,0.0,0.0
5366,287326.48132787104,10.602353281536729,2000000.0,0.0,0.0
5367,267974.46379106457,10.627477341445585,2000000.0,0.0,0.0
5368,876548.9411475288,10.589791251582302,2000000.0,0.0,0.0
5369,410272.78734142525,10.426484862174748,1990472.4381378475,0.0,0.0
5370,424321.9907548893,10.150120203177343,1954655.5783317836,0.0,0.0
5371,448142.7544325422,10.325988622539327,1977448.1254810968,0.0,0.0
5372,478574.0678281018,10.552105161719021,2000000.0,0.0,0.0
5373,455826.35095452686,10.413922832220317,1988844.399055753,0.0,0.0
5374,439684.4749313192,10.413922832220317,1988844.399055753,0.0,0.0
5375,326559.4054270645,10.526981101810167,2000000.0,0.0,0.0
5376,305812.72679835814,10.702849521172148,2000000.0,0.0,0.0
5377,258569.49631564505,10.778221700898714,2000000.0,0.0,0.0
5378,266465.8918607599,10.602353281536729,2000000.0,0.0,0.0
5379,268121.277338233,10.325988622539327,1977448.1254810968,0.0,0.0
5380,302855.6161167585,10.238054412858336,1966051.8519064402,0.0,0.0
5381,322597.9327865685,10.250616442812763,1967679.8909885343,0.0,0.0
5382,300254.3281405176,10.338550652493755,1979076.1645631907,0.0,0.0
5383,440058.8675587234,10.99177621012398,2000000.0,0.0,0.0
5384,407553.0333543511,11.569629588027642,2000000.0,0.0,0.0
5385,408474.05719569215,11.217892749303672,2000000.0,0.0,0.0
5386,324042.4748212767,10.753097640989859,2000000.0,0.0,0.0
5387,351993.17713666806,10.338550652493755,1979076.1645631907,0.0,0.0
5388,335092.53825981723,10.011937873678642,1936747.148428752,0.0,0.0
5389,282005.05569694954,9.77325930454452,1883865.9065488796,0.0,0.0
5390,265111.8067522948,9.785821334498948,1886709.9501305618,0.0,0.0
5391,277954.89746780874,9.798383364453375,1889553.993712244,0.0,0.0
5392,897938.4301418309,9.446646525729408,1805737.8610423233,0.0,0.0
5393,415281.8656352397,8.944165327552312,1648561.4954217114,0.0,0.0
5394,416937.0316363364,8.504494279147353,1482893.444382723,0.0,0.0
5395,456769.61590066657,8.504494279147353,1482893.444382723,0.0,0.0
5396,485076.3689673425,8.491932249192926,1477811.544661029,0.0,0.0
5397,473721.9448551943,7.863830751471555,1211176.5952486617,0.0,0.0
5398,402970.0292431573,6.909116474935073,824081.481017769,0.0,0.0
5399,339960.39540790056,6.3438251269858394,637897.1774862198,0.0,0.0
5400,295765.62900911266,6.167956707623856,585980.8200905622,0.0,0.0
5401,410269.9914853841,6.4568833965756856,671271.9786691425,0.0,0.0
5402,440197.2713746978,6.808620235299653,789671.5685666011,0.0,0.0
5403,332276.6245439804,7.160357074023621,917931.6873580407,0.0,0.0
5404,338764.9841087453,7.31110143347675,976902.8807761046,0.0,0.0
5405,334222.7153218077,7.486969852838733,1045702.6064305124,0.0,0.0
5406,408662.7244036802,7.524655942702016,1061668.3395430488,0.0,0.0
5407,418712.3554790209,8.08994729065125,1308977.8620735246,0.0,0.0
5408,403059.4901530653,8.353749919694225,1419774.9662715746,0.0,0.0
5409,398923.60817773815,8.303501799876516,1398670.7559481368,0.0,0.0
5410,387565.7168481097,8.215567590195523,1361738.3878821197,0.0,0.0
5411,546017.5292583333,8.08994729065125,1308977.8620735246,0.0,0.0
5412,427820.3418612826,8.02713714087911,1282597.5991692266,0.0,0.0
5413,417758.483260536,8.08994729065125,1308977.8620735246,0.0,0.0
5414,412797.7725089266,8.27837773996766,1388118.650786417,0.0,0.0
5415,434338.5172800968,8.378873979603078,1430327.071433293,0.0,0.0
5416,1191342.2430789818,8.265815710013232,1382842.5982055576,0.0,0.0
5417,485520.3520961264,7.851268721517128,1205639.2524447502,0.0,0.0
5418,473541.6876629688,6.934240534843927,832683.9591305607,0.0,0.0
5419,472315.7011680116,5.979526258307445,530945.7952131032,0.0,0.0
5420,396688.4774267591,5.5272931799480585,410470.9031381628,0.0,0.0
5421,422079.7193173485,5.125308221406382,319868.54844077927,102211.17087656923,102211.17087656923
5422,386090.3245023439,4.999687921862107,291943.07694764837,94147.24755469552,94147.24755469552
5423,402351.41256792826,5.037374011725389,300311.9802077266,102039.43236020167,102039.43236020167
5424,418450.2763148188,5.188118371178518,333837.5257501025,84612.75056471635,84612.75056471635
5425,382319.6719439573,5.3011766407683645,358981.6849068843,23337.987037073006,23337.987037073006
5426,336166.1415106649,5.5272931799480585,410470.9031381628,0.0,0.0
5427,337526.0858061831,5.803657838945461,484094.4482950708,0.0,0.0
5428,370508.388346388,6.017212348170727,541481.0851799984,0.0,0.0
5429,326407.312731647,6.255890917304848,611938.9987883911,0.0,0.0
5430,375128.9956009215,6.745810085527516,768165.3732846216,0.0,0.0
5431,302612.5327322736,7.7256484219728545,1150265.8244056343,0.0,0.0
5432,376987.4080297012,7.914078871289265,1233325.9664643079,0.0,0.0
5433,392412.8394737648,7.612590152383007,1100429.7391704293,0.0,0.0
5434,408619.6557243475,7.399035643157741,1011302.7436033082,0.0,0.0
5435,426105.07750837225,7.097546924251485,893360.3567671807,0.0,0.0
5436,362206.1765808584,6.846306325162936,802575.2857357893,0.0,0.0
5437,348309.5369809216,6.63275181593767,729454.2217770582,0.0,0.0
5438,1129971.5180722652,6.469445426530114,674980.2899116896,454991.2281605756,454991.2281605756
5439,602759.6663589726,6.281014977213703,619355.621273485,0.0,0.0
5440,425846.0768598164,5.7910958089910345,480747.9235152116,0.0,0.0
5441,471654.4197041247,5.4519210002214935,392507.23044926015,79147.18925486453,79147.18925486453
5442,437142.23465067416,6.142832647715001,578564.1976054683,0.0,0.0
5443,479410.24541747326,7.449283762975451,1030959.8080759966,0.0,0.0
5444,516718.2016871076,8.02713714087911,1282597.5991692266,0.0,0.0
5445,512271.53629446897,7.6502762422462895,1117041.7675821644,0.0,0.0
5446,432850.94317392376,7.474407822884306,1040788.3403123403,0.0,0.0
5447,469039.627356385,7.863830751471555,1211176.5952486617,0.0,0.0
5448,399443.6411107677,8.341187889739796,1414498.9136907146,0.0,0.0
5449,381115.5489831304,8.441684129375217,1456707.334337591,0.0,0.0
5450,313148.08163740154,8.102509320605677,1314253.9146543844,0.0,0.0
5451,327405.5366230024,7.750772481881709,1161340.5100134574,0.0,0.0
5452,349312.06077289744,7.172919103978048,922845.9534762123,0.0,0.0
5453,355275.7158136292,6.695561965709807,750960.417059038,0.0,0.0
5454,367357.00244532665,6.507131516393396,686441.8312130987,0.0,0.0
5455,346736.46314599813,7.047298804433774,873703.2922944926,0.0,0.0
5456,312272.2561712743,7.411597673112169,1016217.0097214805,0.0,0.0
5457,437796.6348344802,7.5749040625197255,1083817.7107586951,0.0,0.0
5458,392060.594493691,7.512093912747589,1056130.9967391372,0.0,0.0
5459,433386.047364277,7.399035643157741,1011302.7436033082,0.0,0.0
5460,358164.01279243216,7.461845792929879,1035874.0741941688,0.0,0.0
5461,367134.6041007895,7.976889021061401,1261012.6804838658,0.0,0.0
5462,1207984.923057712,8.655238638600482,1539693.9190246614,0.0,0.0
5463,550879.6820326598,8.994413447370022,1667494.986969024,0.0,0.0
5464,398781.2334563704,8.66780066855491,1544427.2919114903,0.0,0.0
5465,413136.9359625508,7.788458571744991,1177952.5384251922,0.0,0.0
5466,457334.45087817655,6.281014977213703,619355.621273485,0.0,0.0
5467,511978.42985533946,5.238366490996228,345012.70759756106,166965.7222577784,166965.7222577784
5468,494331.6414851658,5.42679694031264,386919.6395255311,107412.00195963471,107412.00195963471
5469,533978.8086100601,5.916716108535308,514213.17131380603,19765.637296254106,19765.637296254106
5470,470976.4975133158,6.218204827441566,600814.0650607503,0.0,0.0
5471,435962.97193082864,6.318701067076985,630480.5550011259,0.0,0.0
5472,401572.4354651596,6.444321366621258,667563.6674265955,0.0,0.0
5473,269905.1067206596,6.368949186894695,645313.799971314,0.0,0.0
5474,286232.39183566906,6.318701067076985,630480.5550011259,0.0,0.0
5475,283319.3093482273,6.569941666165533,707948.0264950787,0.0,0.0
5476,309184.5371872746,6.846306325162936,802575.2857357893,0.0,0.0
5477,290215.3453326916,7.02217474452492,863874.7600581485,0.0,0.0
5478,350454.16814673983,7.36134955329446,996559.9452487925,0.0,0.0
5479,372872.0627030872,8.203005560241095,1356462.33530126,0.0,0.0
5480,411718.6587368633,8.51705630910178,1487626.817269551,0.0,0.0
5481,390762.5616988996,8.140195410468959,1330082.0723969627,0.0,0.0
5482,312164.0412055349,7.587466092474153,1089355.0535626067,0.0,0.0
5483,355369.875966359,7.285977373567895,967074.3485397605,0.0,0.0
5484,328959.1790971006,7.097546924251485,893360.3567671807,0.0,0.0
5485,255257.52192832573,6.909116474935073,824081.481017769,0.0,0.0
5486,247986.8099174424,6.858868355117363,806876.5247921853,0.0,0.0
5487,280551.4581731356,6.73324805557309,763864.134228226,0.0,0.0
5488,869206.1680542865,6.595065726074387,716550.5046078701,152655.66344641638,152655.66344641638
5489,389212.14608321,6.482007456484541,678688.6011542365,0.0,0.0
5490,397359.64935581776,6.092584527897291,563730.9526352802,0.0,0.0
5491,416700.5883623344,5.740847689173324,467361.8243957736,0.0,0.0
5492,426406.50046067446,5.992088288261872,534292.3199929626,0.0,0.0
5493,423429.3738385764,6.29357700716813,623063.932516032,0.0,0.0
5494,364394.5432495772,6.406635276757976,656438.7336989546,0.0,0.0
5495,317706.533763742,6.356387156940267,641605.4887287668,0.0,0.0
5496,311738.8463553877,6.318701067076985,630480.5550011259,0.0,0.0
5497,260828.08957148503,6.507131516393396,686441.8312130987,0.0,0.0
5498,257503.8385482682,6.582503696119961,712249.2655514745,0.0,0.0
5499,251247.0101433348,6.544817606256678,699345.5483822866,0.0,0.0
5500,322081.1336487545,6.394073246803549,652730.4224564076,0.0,0.0
5501,312335.06176581985,6.205642797487139,597105.7538182033,0.0,0.0
5502,319912.61428165645,6.519693546347824,690743.070269495,0.0,0.0
5503,365954.1313751912,7.60002812242858,1094892.3963665182,0.0,0.0
5504,412273.6417780098,7.738210451927282,1155803.1672095458,0.0,0.0
5505,400483.63055626943,7.336225493385604,986731.4130124483,0.0,0.0
5506,322659.46464435844,7.399035643157741,1011302.7436033082,0.0,0.0
5507,336939.2200693833,7.750772481881709,1161340.5100134574,0.0,0.0
5508,347539.22466367163,7.700524362063999,1139191.1387978108,0.0,0.0
5509,292603.186325762,6.997050684616065,854190.1544125406,0.0,0.0
5510,250964.19163688595,6.318701067076985,630480.5550011259,0.0,0.0
5511,294020.5455753512,6.356387156940267,641605.4887287668,0.0,0.0
5512,902927.1217392004,6.934240534843927,832683.9591305607,70243.16260863969,70243.16260863969
5513,416993.6466929097,7.449283762975451,1030959.8080759966,0.0,0.0
5514,423184.2893043505,7.373911583248887,1001474.2113669646,0.0,0.0
5515,442483.4746684664,6.896554444980645,819780.241961373,0.0,0.0
5516,488031.0250766253,6.607627756028815,720851.7436642661,0.0,0.0
5517,444436.33427482174,6.519693546347824,690743.070269495,0.0,0.0
5518,407729.4799412383,6.63275181593767,729454.2217770582,0.0,0.0
5519,352259.0063426272,6.63275181593767,729454.2217770582,0.0,0.0
5520,287704.15567810007,6.331263097031412,634188.8662436728,0.0,0.0
5521,253726.82127304215,6.0046503182163,537772.7739374518,0.0,0.0
5522,264548.1335489728,6.0046503182163,537772.7739374518,0.0,0.0
5523,270566.6508144394,6.19308076753271,593397.4425756561,0.0,0.0
5524,286784.8464145996,6.670437905800951,742357.9389462458,0.0,0.0
5525,324357.44918149174,7.336225493385604,986731.4130124483,0.0,0.0
5526,348401.63136668905,7.964326991106975,1255475.3376799547,0.0,0.0
5527,382397.7494210673,8.743172848281473,1572827.5292324591,0.0,0.0
5528,407794.64425867575,8.969289387461167,1658028.2411953676,0.0,0.0
5529,403571.2455534897,8.780858938144757,1587027.6478929443,0.0,0.0
5530,301095.4694610969,8.592428488828345,1516027.0545905202,0.0,0.0
5531,360102.0825417632,8.604990518782772,1520760.4274773486,0.0,0.0
5532,367825.587626097,8.680362698509336,1549160.664798318,0.0,0.0
5533,281133.9167689513,8.743172848281473,1572827.5292324591,0.0,0.0
5534,237716.10264050085,8.793420968099184,1591761.0207797724,0.0,0.0
5535,270799.3209664915,8.290939769922087,1393394.7033672764,0.0,0.0
5536,912864.8459279664,7.31110143347675,976902.8807761046,0.0,0.0
5537,390915.27830445865,6.783496175390799,781069.0904538096,0.0,0.0
5538,443484.5912989919,6.3815112168491215,649022.1112138606,0.0,0.0
5539,475586.7169670349,5.690599569355615,453975.7252763358,21610.991690699128,21610.991690699128
5540,452013.91300692834,5.992088288261872,534292.3199929626,0.0,0.0
5541,455243.6064478608,7.700524362063999,1139191.1387978108,0.0,0.0
5542,388794.64899904426,7.5372179726564426,1067205.6823469598,0.0,0.0
5543,304185.1215547618,6.4568833965756856,671271.9786691425,0.0,0.0
5544,294724.2108266486,6.63275181593767,729454.2217770582,0.0,0.0
5545,259627.53223249703,7.059860834388202,878617.5584126645,0.0,0.0
5546,261160.1972486537,7.662838272200717,1122579.1103860762,0.0,0.0
5547,273866.23767610965,7.951764961152548,1249937.994876043,0.0,0.0
5548,321418.1192139431,7.914078871289265,1233325.9664643079,0.0,0.0
5549,313883.3627824096,7.587466092474153,1089355.0535626067,0.0,0.0
5550,303945.77578102285,7.587466092474153,1089355.0535626067,0.0,0.0
5551,414213.7036377511,8.56730442891949,1506560.308816864,0.0,0.0
5552,402245.39081834623,8.994413447370022,1667494.986969024,0.0,0.0
5553,404718.90443233424,8.730610818327047,1568094.1563456315,0.0,0.0
5554,329483.65213399974,8.341187889739796,1414498.9136907146,0.0,0.0
5555,373702.4331723341,7.964326991106975,1255475.3376799547,0.0,0.0
5556,354148.67747294693,7.587466092474153,1089355.0535626067,0.0,0.0
5557,298119.27160655975,7.210605193841331,937588.7518307286,0.0,0.0
5558,273102.79213693825,7.009612714570492,858960.4939399766,0.0,0.0
5559,261759.2843280601,6.909116474935073,824081.481017769,0.0,0.0
5560,862017.1755217105,6.6453138458920975,733755.4608334542,128261.71468825638,128261.71468825638
5561,381740.482979311,6.167956707623856,585980.8200905622,0.0,0.0
5562,387863.4047069881,5.276052580859511,353394.0939831552,34469.31072383287,34469.31072383287
5563,417730.7106828892,4.4092725140040185,187227.1680950012,230503.54258788802,230503.54258788802
5564,441834.863350447,4.082659735188907,138365.89638426044,303468.96696618653,303468.96696618653
5565,434142.1266290562,3.869105225963641,110606.77457332418,323535.352055732,323535.352055732
5566,438261.3643635953,3.718360866510512,92879.2379016362,345382.1264619591,345382.1264619591
5567,326315.3889322674,3.6178646268750927,81060.8801205109,245254.50881175647,245254.50881175647
5568,306888.8538870692,3.542492447148528,72197.11178466692,234691.7421024023,234691.7421024023
5569,238953.8623171872,3.1530695185612783,36670.11763339249,202283.7446837947,202283.7446837947
5570,256315.87003955137,2.813894709791739,14564.714534336692,241751.15550521467,241751.15550521467
5571,258133.60941870103,2.6003402005664724,4655.78530628432,253477.8241124167,253477.8241124167
5572,343222.80595083546,2.3742236613867793,0.0,343222.80595083546,343222.80595083546
5573,349426.83423332457,2.2611653917969328,0.0,349426.83423332457,349426.83423332457
5574,333945.07003567874,2.1857932120703683,0.0,333945.07003567874,333945.07003567874
5575,403304.2941606098,2.3742236613867793,0.0,403304.2941606098,403304.2941606098
5576,408607.7498105908,2.085296972434949,0.0,408607.7498105908,408607.7498105908
5577,393464.9800971405,1.5953778042122804,0.0,393464.9800971405,393464.9800971405
5578,344176.9617948694,1.834056373346401,0.0,344176.9617948694,344176.9617948694
5579,349073.64624332933,2.474719901022199,0.0,349073.64624332933,349073.64624332933
5580,326809.8108231916,2.9897631291537223,22725.009192732716,304084.8016304589,304084.8016304589
5581,275384.8971997781,3.253565758196698,45513.786721309414,229871.1104784687,229871.1104784687
5582,230359.9838118876,3.4043101176498265,58779.29035318473,171580.69345870285,171580.69345870285
5583,281172.6813995618,3.4922443273308184,66517.50080511202,214655.1805944498,214655.1805944498
5584,900799.150070038,3.4294341775586816,60990.20762516399,839808.9424448741,839808.9424448741
5585,431919.23515728017,3.1781935784701334,38881.03490537174,393038.20025190845,393038.20025190845
5586,406930.2236667294,2.977201099199295,22142.131002847287,384788.0926638821,384788.0926638821
5587,488551.54878382623,3.00232515910815,23404.61400151721,465146.93478230905,465146.93478230905
5588,434826.9954753645,3.354061997832117,54357.45580922631,380469.5396661382,380469.5396661382
5589,451968.432914019,3.5550544771029555,73674.40650730756,378294.02640671143,378294.02640671143
5590,417324.0879609296,3.517368387239673,69242.52233938556,348081.565621544,348081.565621544
5591,316885.01273033046,3.354061997832117,54357.45580922631,262527.55692110414,262527.55692110414
5592,315906.2650349487,3.1781935784701334,38881.03490537174,277025.230129577,277025.230129577
5593,358067.9900657896,3.1907556084245607,39986.49354136134,318081.49652442825,318081.49652442825
5594,312967.5459669399,3.517368387239673,69242.52233938556,243725.02362755433,243725.02362755433
5595,320353.10555378586,3.4043101176498265,58779.29035318473,261573.81520060112,261573.81520060112
5596,351776.23492768256,2.813894709791739,14564.714534336692,337211.52039334585,337211.52039334585
5597,328105.29358796525,2.0727349424805217,0.0,328105.29358796525,328105.29358796525
5598,325659.88278202526,1.771246223574264,0.0,325659.88278202526,325659.88278202526
5599,350254.0118095674,2.32397554156907,0.0,350254.0118095674,350254.0118095674
5600,323120.17889537296,1.9596766728906752,0.0,323120.17889537296,323120.17889537296
5601,435713.9560776838,1.331575175169305,0.0,435713.9560776838,435713.9560776838
5602,365515.5878581039,1.5451296843945708,0.0,365515.5878581039,365515.5878581039
5603,433055.0575973195,2.3114135116146426,0.0,433055.0575973195,433055.0575973195
5604,344059.2484338236,3.203317638378988,41091.95217735095,302967.29625647265,302967.29625647265
5605,344202.889488883,3.994725525507915,125379.72179973079,218823.16768915224,218823.16768915224
5606,1188023.6732729166,4.245966124596463,162796.5322396309,1025227.1410332856,1025227.1410332856
5607,588372.459882666,4.107783795097761,142124.4557466251,446248.0041360409,446248.0041360409
5608,423100.6527522473,3.906791315826923,115038.65874124614,308061.99401100114,308061.99401100114
5609,407981.09944398486,3.7686089863282213,98788.41679219883,309192.682651786,309192.682651786
5610,413848.82867468207,3.7057988365560846,91401.94317899554,322446.88549568655,322446.88549568655
5611,520482.44899199775,3.718360866510512,92879.2379016362,427603.2110903616,427603.2110903616
5612,497039.4320287912,3.63042665682952,82538.17484315156,414501.2571856397,414501.2571856397
5613,539062.4260906039,3.479682297376391,65412.04216912242,473650.3839214815,473650.3839214815
5614,445244.27758236375,3.4419962075131094,62095.66626115362,383148.6113212101,383148.6113212101
5615,486557.870865289,3.718360866510512,92879.2379016362,393678.63296365284,393678.63296365284
5616,440206.0144458285,4.321338304323027,174072.21032672486,266133.80411910365,266133.80411910365
5617,347081.3079946357,4.974563861953253,287360.44842027326,59720.85957436246,59720.85957436246
5618,323530.3912132556,5.263490550905083,350600.29852129053,0.0,0.0
5619,306435.24123717827,5.100184161497526,314280.9575170498,0.0,0.0
5620,337136.75419046264,4.949439802044398,282777.81989289814,54358.9342975645,54358.9342975645
5621,351232.86500601785,5.049936041679817,303105.77566959127,48127.08933642658,48127.08933642658
5622,374115.2517550621,5.51473114999363,407124.3783583031,0.0,0.0
5623,326292.5936945794,6.3438251269858394,637897.1774862198,0.0,0.0
5624,342353.7510922696,6.544817606256678,699345.5483822866,0.0,0.0
5625,363305.30824030575,6.2307668573959925,604522.3763032969,0.0,0.0
5626,411720.3728381317,5.753409719127752,470708.349175633,0.0,0.0
5627,453314.0299935518,5.489607090084776,400888.61683485424,52425.41315869754,52425.41315869754
5628,360791.36029802094,5.5649792698113405,420510.47747774114,0.0,0.0
5629,367949.23213173496,5.828781898854316,490787.49785478966,0.0,0.0
5630,1099701.268952431,6.092584527897291,563730.9526352802,535970.3163171507,535970.3163171507
5631,605415.0408578523,6.3438251269858394,637897.1774862198,0.0,0.0
5632,472212.509864329,6.4568833965756856,671271.9786691425,0.0,0.0
5633,404887.1435584634,6.444321366621258,667563.6674265955,0.0,0.0
5634,479914.41864654847,6.142832647715001,578564.1976054683,0.0,0.0
5635,542390.2993506179,6.042336408079581,548897.7076650924,0.0,0.0
5636,515141.1167014138,6.142832647715001,578564.1976054683,0.0,0.0
5637,543926.8947474955,6.155394677669429,582272.5088480155,0.0,0.0
5638,406384.96810123575,6.180518737578283,589689.1313331091,0.0,0.0
5639,439083.3779487458,6.218204827441566,600814.0650607503,0.0,0.0
5640,390456.0847591595,6.255890917304848,611938.9987883911,0.0,0.0
5641,265645.782491406,6.281014977213703,619355.621273485,0.0,0.0
5642,271920.57072585647,6.255890917304848,611938.9987883911,0.0,0.0
5643,288975.5620409071,6.24332888735042,608230.6875458439,0.0,0.0
5644,285370.4501727847,6.255890917304848,611938.9987883911,0.0,0.0
5645,317257.3690190028,6.180518737578283,589689.1313331091,0.0,0.0
5646,321708.33840087027,6.3815112168491215,649022.1112138606,0.0,0.0
5647,380068.8103799404,7.047298804433774,873703.2922944926,0.0,0.0
5648,365798.2606726542,7.587466092474153,1089355.0535626067,0.0,0.0
5649,387826.049484406,7.926640901243692,1238863.3092682194,0.0,0.0
5650,333596.6999679104,8.22812962014995,1367014.440462979,0.0,0.0
5651,352633.30651896034,8.403998039511935,1440879.1765950127,0.0,0.0
5652,341702.6420293974,8.529618339056208,1492360.1901563792,0.0,0.0
5653,276871.8691078985,8.66780066855491,1544427.2919114903,0.0,0.0
5654,252003.8624069084,8.843669087916894,1610694.5123270855,0.0,0.0
5655,261019.58398799,8.969289387461167,1658028.2411953676,0.0,0.0
5656,831114.9851104914,8.893917207734603,1629628.0038743983,0.0,0.0
5657,430530.7667130576,8.316063829830942,1403946.8085289954,0.0,0.0
5658,412069.7132734903,7.612590152383007,1100429.7391704293,0.0,0.0
5659,443987.9846686512,7.336225493385604,986731.4130124483,0.0,0.0
5660,462068.6163221763,7.524655942702016,1061668.3395430488,0.0,0.0
5661,413081.05510234594,7.662838272200717,1122579.1103860762,0.0,0.0
5662,371165.5463452026,7.5749040625197255,1083817.7107586951,0.0,0.0
5663,322850.89917908894,7.436721733021024,1026045.5419578245,0.0,0.0
5664,293826.06438989664,7.524655942702016,1061668.3395430488,0.0,0.0
5665,522832.78239935497,7.700524362063999,1139191.1387978108,0.0,0.0
5666,504244.6805112018,7.60002812242858,1094892.3963665182,0.0,0.0
5667,394631.08924886456,7.449283762975451,1030959.8080759966,0.0,0.0
5668,395370.68773490255,7.461845792929879,1035874.0741941688,0.0,0.0
5669,394555.5690026886,7.5372179726564426,1067205.6823469598,0.0,0.0
5670,1106725.5529410683,7.662838272200717,1122579.1103860762,0.0,0.0
5671,467640.10121061787,8.303501799876516,1398670.7559481368,0.0,0.0
5672,516068.0671266271,9.207967956595288,1732988.6331702438,0.0,0.0
5673,497562.2700378451,10.02449990363307,1938375.1875108457,0.0,0.0
5674,426400.67984379415,10.4516089220836,1993728.5163020347,0.0,0.0
5675,530571.1651483504,10.489295011946883,1998612.633548316,0.0,0.0
5676,484555.2750585516,10.137558173222915,1953027.5392496898,0.0,0.0
5677,504719.0617985599,9.810945394407803,1892398.0372939266,0.0,0.0
5678,505072.4042459541,9.672763064909102,1861113.5578954206,0.0,0.0
5679,481806.12835423247,9.710449154772384,1869645.6886404678,0.0,0.0
5680,550463.345678894,9.647639005000247,1855425.470732056,0.0,0.0
5681,511307.503288872,9.094909687005442,1698528.4725992586,0.0,0.0
5682,1418619.0615605055,8.102509320605677,1314253.9146543844,104365.14690612117,104365.14690612117
5683,546928.2856656397,7.110108954205911,898274.6228853525,0.0,0.0
5684,517620.77414067736,6.0046503182163,537772.7739374518,0.0,0.0
5685,504505.8123520941,5.263490550905083,350600.29852129053,153905.51383080357,153905.51383080357
5686,510341.65022653865,5.2258044610418,342218.91213569645,168122.7380908422,168122.7380908422
5687,476743.86903678346,5.4519210002214935,392507.23044926015,84236.63858752331,84236.63858752331
5688,488322.282891882,5.502169120039203,403777.85357844364,84544.42931343836,84544.42931343836
5689,268392.950879702,5.376548820494929,375744.45767807233,0.0,0.0
5690,249552.53135057903,5.4142349103582115,384125.84406366624,0.0,0.0
5691,255445.6956634119,5.51473114999363,407124.3783583031,0.0,0.0
5692,322206.0303759165,5.51473114999363,407124.3783583031,0.0,0.0
5693,293324.4782728793,5.4519210002214935,392507.23044926015,0.0,0.0
5694,325471.83900750725,5.715723629264469,460668.7748360544,0.0,0.0
5695,373506.0535246268,6.7960582053452265,785370.3295102055,0.0,0.0
5696,402686.513929524,7.612590152383007,1100429.7391704293,0.0,0.0
5697,380750.1406960069,8.115071350560104,1319529.9672352436,0.0,0.0
5698,314287.6336254509,8.491932249192926,1477811.544661029,0.0,0.0
5699,363601.6389204862,8.843669087916894,1610694.5123270855,0.0,0.0
5700,329945.60072352755,9.195405926640861,1729159.7264401345,0.0,0.0
5701,263279.8039894511,9.534580735410401,1829829.0784969148,0.0,0.0
5702,262099.9712950575,9.672763064909102,1861113.5578954206,0.0,0.0
5703,265687.02856782905,9.622514945091392,1849737.3835686913,0.0,0.0
5704,833740.3668640993,9.421522465820553,1798080.0475821048,0.0,0.0
5705,391014.0928425255,8.705486758418191,1558627.4105719745,0.0,0.0
5706,455029.9939231358,7.084984894297056,888446.0906490085,0.0,0.0
5707,428239.0195577687,5.9418401684441635,520906.2208735252,0.0,0.0
5708,439966.5378093754,5.703161599310042,457322.25005619525,0.0,0.0
5709,464293.9190265495,5.740847689173324,467361.8243957736,0.0,0.0
5710,426773.075112917,5.992088288261872,534292.3199929626,0.0,0.0
5711,330521.2344007069,6.180518737578283,589689.1313331091,0.0,0.0
5712,309185.727006886,6.356387156940267,641605.4887287668,0.0,0.0
5713,251679.97907458947,6.406635276757976,656438.7336989546,0.0,0.0
5714,253442.62724661615,6.469445426530114,674980.2899116896,0.0,0.0
5715,259520.95405289656,6.4568833965756856,671271.9786691425,0.0,0.0
5716,344108.4066666764,6.5322555763022505,695044.3093258906,0.0,0.0
5717,293687.96065774205,6.356387156940267,641605.4887287668,0.0,0.0
5718,336497.6898557443,6.24332888735042,608230.6875458439,0.0,0.0
5719,375309.15185514645,6.946802564798356,836985.1981869569,0.0,0.0
5720,386713.21260218247,7.5372179726564426,1067205.6823469598,0.0,0.0
5721,362116.4570159217,7.738210451927282,1155803.1672095458,0.0,0.0
5722,335875.90654834587,8.014575110924683,1277321.546588367,0.0,0.0
5723,349782.13061890175,8.441684129375217,1456707.334337591,0.0,0.0
5724,327702.57864748244,8.831107057962466,1605961.1394402573,0.0,0.0
5725,254518.9967204439,9.082347657051015,1694699.5658691493,0.0,0.0
5726,233973.16735505252,9.044661567187731,1683212.8456788203,0.0,0.0
5727,296296.1837293803,8.730610818327047,1568094.1563456315,0.0,0.0
5728,852695.9048357527,8.203005560241095,1356462.33530126,0.0,0.0
5729,371153.45394507097,7.160357074023621,917931.6873580407,0.0,0.0
5730,419964.15857232537,5.652913479492332,443936.1509367572,0.0,0.0
5731,437038.65564873227,4.899191682226688,273612.5628381478,163426.09281058447,163426.09281058447
5732,452071.975729726,4.735885292819131,243825.47741020954,208246.49831951648,208246.49831951648
5733,458261.3337889604,4.509768753639438,202581.82066383353,255679.5131251269,255679.5131251269
5734,438086.5307361149,4.208280034733181,157158.69319608388,280927.837540031,280927.837540031
5735,309399.1494969432,4.233404094642036,160917.25255844856,148481.89693849467,148481.89693849467
5736,321178.6501376581,4.384148454095165,183468.60873263664,137710.04140502147,137710.04140502147
5737,267611.96041239606,4.158031914915471,149641.57447135443,117970.38594104163,117970.38594104163
5738,241325.17198954689,3.4168721476042543,59884.74898917438,181440.4230003725,181440.4230003725
5739,251154.6895601212,2.700836440201892,9318.810825367791,241835.8787347534,241835.8787347534
5740,310386.3906415778,2.32397554156907,0.0,310386.3906415778,310386.3906415778
5741,328969.6451080713,2.110421032343804,0.0,328969.6451080713,328969.6451080713
5742,308572.47330955067,1.921990583027393,0.0,308572.47330955067,308572.47330955067
5743,402846.4181308383,1.98480073279953,0.0,402846.4181308383,402846.4181308383
5744,393378.4867603903,2.009924792708385,0.0,393378.4867603903,393378.4867603903
5745,389863.5628498997,2.110421032343804,0.0,389863.5628498997,389863.5628498997
5746,358002.63336572016,2.3365375715234973,0.0,358002.63336572016,358002.63336572016
5747,319078.97444165795,2.6505883203841822,6987.298065826056,312091.6763758319,312091.6763758319
5748,336601.2647129034,3.1153834286979962,33353.741725423664,303247.52298747975,303247.52298747975
5749,281395.88291220984,3.63042665682952,82538.17484315156,198857.70806905828,198857.70806905828
5750,256388.916700052,4.120345825052189,144003.73542780743,112385.18127224458,112385.18127224458
5751,282881.01571753126,4.534892813548293,207164.44919120864,75716.56652632263,75716.56652632263
5752,766016.0517939805,4.836381532454551,262155.9915197101,503860.0602742704,503860.0602742704
5753,350500.5020408916,4.911753712181116,275903.8771018355,74596.62493905611,74596.62493905611
5754,411133.4275673518,4.685637173001422,234660.22035545937,176473.2072118924,176473.2072118924
5755,491508.0499488753,4.660513113092567,230077.5918280843,261430.45812079104,261430.45812079104
5756,444456.0876824049,4.874067622317833,269029.9343107727,175426.15337163222,175426.15337163222
5757,429953.6033357554,5.137870251360808,322662.3439026437,107291.2594331117,107291.2594331117
5758,368007.57239627343,5.489607090084776,400888.61683485424,0.0,0.0
5759,329767.13505030674,6.080022497942863,560022.6413927332,0.0,0.0
5760,307082.11576590565,6.582503696119961,712249.2655514745,0.0,0.0
5761,375020.0688851554,6.569941666165533,707948.0264950787,0.0,0.0
5762,330761.2065018688,6.205642797487139,597105.7538182033,0.0,0.0
5763,319997.320429494,5.765971749082179,474054.87395549245,0.0,0.0
5764,387516.5443270286,5.175556341224091,331043.73028823786,56472.81403879076,56472.81403879076
5765,396110.6259738516,4.798695442591269,255282.04872864747,140828.57724520413,140828.57724520413
5766,386378.5145536754,4.723323262864704,241534.163146522,144844.35140715342,144844.35140715342
5767,333994.7659836727,5.42679694031264,386919.6395255311,0.0,0.0
5768,357608.72237767134,5.765971749082179,474054.87395549245,0.0,0.0
5769,402006.9662954399,5.778533779036606,477401.3987353519,0.0,0.0
5770,402496.6671734755,5.552417239856913,417163.9526978817,0.0,0.0
5771,437548.6155613968,5.313738670722793,361775.48036874906,75773.13519264775,75773.13519264775
5772,388233.46936709445,5.125308221406382,319868.54844077927,68364.92092631519,68364.92092631519
5773,342754.49290142,5.062498071634245,305899.57113145606,36854.92176996393,36854.92176996393
5774,1155505.249663219,5.338862730631647,367363.07129247836,788142.1783707407,788142.1783707407
5775,619017.3031015099,5.703161599310042,457322.25005619525,161695.05304531468,161695.05304531468
5776,418356.1375652668,5.753409719127752,470708.349175633,0.0,0.0
5777,471569.9246092698,5.51473114999363,407124.3783583031,64445.54625096667,64445.54625096667
5778,453785.7971996008,4.735885292819131,243825.47741020954,209960.31978939124,209960.31978939124
5779,512330.9663816282,4.4092725140040185,187227.1680950012,325103.798286627,325103.798286627
5780,473384.4457582775,4.421834543958447,189106.44777618363,284277.99798209383,284277.99798209383
5781,501217.3919422041,4.6353890531837125,225494.96330070918,275722.42864149495,275722.42864149495
5782,440798.04154093337,5.112746191451954,317074.75297891465,123723.28856201872,123723.28856201872
5783,483473.6192183663,5.828781898854316,490787.49785478966,0.0,0.0
5784,401992.6584443365,6.708123995664234,755261.6561154339,0.0,0.0
5785,365942.2539402277,7.072422864342629,883531.8245308365,0.0,0.0
5786,323802.1925598723,7.009612714570492,858960.4939399766,0.0,0.0
5787,308765.3639552135,6.745810085527516,768165.3732846216,0.0,0.0
5788,322958.75830374187,6.318701067076985,630480.5550011259,0.0,0.0
5789,347275.91615900653,5.979526258307445,530945.7952131032,0.0,0.0
5790,391543.72295964265,6.155394677669429,582272.5088480155,0.0,0.0
5791,319807.9563754925,7.198043163886903,932674.4857125566,0.0,0.0
5792,348342.071939571,7.738210451927282,1155803.1672095458,0.0,0.0
5793,379232.5649351877,7.926640901243692,1238863.3092682194,0.0,0.0
5794,416844.0821271072,7.838706691562701,1200101.9096408384,0.0,0.0
5795,464978.2405122111,7.7256484219728545,1150265.8244056343,0.0,0.0
5796,359896.10805682564,7.625152182337435,1105967.0819743413,0.0,0.0
5797,311579.4584241959,7.4241597030665964,1021131.2758396525,0.0,0.0
5798,1168149.2978601933,6.909116474935073,824081.481017769,344067.81684242433,344067.81684242433
5799,601453.8500825369,6.2307668573959925,604522.3763032969,0.0,0.0
5800,436258.0354416409,5.590103329720195,427203.52703746,9054.508404180873,9054.508404180873
5801,455325.812580778,4.936877772089971,280486.5056292106,174839.30695156736,174839.30695156736
5802,419343.2558714884,4.4846446937305835,198502.84618209532,220840.4096893931,220840.4096893931
5803,480711.83342347824,4.748447322773559,246116.7916738971,234595.04174958114,234595.04174958114
5804,537952.1205137419,5.338862730631647,367363.07129247836,170589.0492212635,170589.0492212635
5805,533671.3025683144,5.866467988717598,500827.072194368,32844.23037394637,32844.23037394637
5806,432700.4020747913,6.482007456484541,678688.6011542365,0.0,0.0
5807,393562.6177436249,6.946802564798356,836985.1981869569,0.0,0.0
5808,391512.4174333231,7.185481133932475,927760.2195943842,0.0,0.0
5809,253832.42567038533,7.172919103978048,922845.9534762123,0.0,0.0
5810,274010.70568837534,6.934240534843927,832683.9591305607,0.0,0.0
5811,292736.2683035447,6.783496175390799,781069.0904538096,0.0,0.0
5812,320687.57187584846,6.670437905800951,742357.9389462458,0.0,0.0
5813,323082.61556299624,6.6829999357553795,746659.178002642,0.0,0.0
5814,341312.5698739872,6.9216785048895,828382.7200741648,0.0,0.0
5815,420924.57350433024,7.587466092474153,1089355.0535626067,0.0,0.0
5816,406011.8479093993,8.240691650104377,1372290.4930438385,0.0,0.0
5817,409814.0732353064,8.42912209942079,1451431.2817567314,0.0,0.0
5818,341619.0035660363,8.303501799876516,1398670.7559481368,0.0,0.0
5819,330735.52432140225,8.152757440423386,1335358.1249778222,0.0,0.0
5820,313391.39366410463,8.102509320605677,1314253.9146543844,0.0,0.0
5821,271096.96486904786,8.03969917083354,1287873.6517500868,0.0,0.0
5822,254499.2473199117,7.964326991106975,1255475.3376799547,0.0,0.0
5823,287448.84348517243,7.750772481881709,1161340.5100134574,0.0,0.0
5824,878424.2591116204,6.934240534843927,832683.9591305607,45740.29998105962,45740.29998105962
5825,378039.1375115968,5.4519210002214935,392507.23044926015,0.0,0.0
5826,418685.6662279119,4.057535675280052,134607.33702189577,284078.32920601615,284078.32920601615
5827,456693.44853715634,3.6053025969206653,79583.58539787025,377109.86313928606,377109.86313928606
5828,433781.5297633966,3.7309228964649397,94356.53262427691,339424.99713911966,339424.99713911966
5829,447008.2356672896,4.4846446937305835,198502.84618209532,248505.38948519426,248505.38948519426
5830,397085.7134211822,5.665475509446759,447282.6757166167,0.0,0.0
5831,328120.0022289059,6.620189785983242,725152.982720662,0.0,0.0
5832,300723.5666565959,7.122670984160338,903188.8890035244,0.0,0.0
5833,267202.73752371885,6.896554444980645,819780.241961373,0.0,0.0
5834,274040.9559172499,6.318701067076985,630480.5550011259,0.0,0.0
5835,261168.2478921621,5.690599569355615,453975.7252763358,0.0,0.0
5836,333030.29765414144,5.288614610813937,356187.8894450196,0.0,0.0
5837,331588.201985189,5.1504322813152354,325456.1393645084,6132.062620680605,6132.062620680605
5838,318017.7986217625,5.125308221406382,319868.54844077927,0.0,0.0
5839,401605.7713824625,5.966964228353017,527599.2704332437,0.0,0.0
5840,367271.9600759898,6.657875875846525,738056.6998898502,0.0,0.0
5841,377452.5839840538,6.883992415026219,815479.0029049774,0.0,0.0
5842,312141.3491599523,6.9216785048895,828382.7200741648,0.0,0.0
5843,341873.2827522266,6.896554444980645,819780.241961373,0.0,0.0
5844,357984.60766461684,6.883992415026219,815479.0029049774,0.0,0.0
5845,248579.54819875857,6.984488654661637,849888.9153561444,0.0,0.0
5846,282878.706659249,7.210605193841331,937588.7518307286,0.0,0.0
5847,295164.9348007832,7.298539403522322,971988.6146579324,0.0,0.0
5848,850854.4319261118,7.185481133932475,927760.2195943842,0.0,0.0
5849,404165.7683164585,6.758372115481944,772466.6123410175,0.0,0.0
5850,419861.3098552863,5.703161599310042,457322.25005619525,0.0,0.0
5851,462112.6076390475,5.389110850449357,378538.25313993695,83574.35449911054,83574.35449911054
5852,450932.386990695,5.351424760586074,370156.8667543428,80775.52023635223,80775.52023635223
5853,421982.04541393457,5.4519210002214935,392507.23044926015,29474.814964674413,29474.814964674413
5854,404533.8967447879,5.740847689173324,467361.8243957736,0.0,0.0
5855,304575.3995109686,6.05489843803401,552606.0189076397,0.0,0.0
5856,312559.03109278047,6.331263097031412,634188.8662436728,0.0,0.0
5857,280800.4773814475,6.6453138458920975,733755.4608334542,0.0,0.0
5858,250323.22312399396,6.946802564798356,836985.1981869569,0.0,0.0
5859,254551.10246082908,7.072422864342629,883531.8245308365,0.0,0.0
5860,355100.6196938662,7.059860834388202,878617.5584126645,0.0,0.0
5861,339781.81121617503,6.770934145436371,776767.8513974134,0.0,0.0
5862,351928.68545148056,6.444321366621258,667563.6674265955,0.0,0.0
5863,331528.9,6.82118226525408,793972.8076229972,0.0,0.0
5864,404420.2001865569,7.198043163886903,932674.4857125566,0.0,0.0
5865,392980.2877240472,7.084984894297056,888446.0906490085,0.0,0.0
5866,291091.4573383123,6.808620235299653,789671.5685666011,0.0,0.0
5867,338907.0847402579,6.482007456484541,678688.6011542365,0.0,0.0
5868,302333.24997535656,6.218204827441566,600814.0650607503,0.0,0.0
5869,297453.4232565278,5.979526258307445,530945.7952131032,0.0,0.0
5870,237971.0305628999,5.6403514495379055,440589.62615689804,0.0,0.0
5871,299298.1569691705,5.213242431087374,339425.11667383194,0.0,0.0
5872,878409.0569994965,4.748447322773559,246116.7916738971,632292.2653255995,632292.2653255995
5873,420619.5456972338,4.208280034733181,157158.69319608388,263460.85250114993,263460.85250114993
5874,427486.1952806308,3.542492447148528,72197.11178466692,355289.08349596383,355289.08349596383
5875,423980.4846667807,3.316375907968835,51041.079901257486,372939.4047655232,372939.4047655232
5876,422534.864266421,3.3917480876953996,57673.83171719517,364861.03254922584,364861.03254922584
5877,426483.8048496008,3.567616507057383,75151.70122994823,351332.10361965257,351332.10361965257
5878,436357.3353569544,3.7560469563737944,97311.12206955822,339046.21328739624,339046.21328739624
5879,332645.65494523506,3.9319153757357777,117993.24818652745,214652.4067587076,214652.4067587076
5880,321970.0771673572,4.070097705234479,136486.61670307812,185483.46046427908,185483.46046427908
5881,274837.24166724144,4.120345825052189,144003.73542780743,130833.506239434,130833.506239434
5882,270720.92010571266,4.095221765143334,140245.17606544276,130475.7440402699,130475.7440402699
5883,257603.85444497448,4.032411615371197,130848.77765953113,126755.07678544335,126755.07678544335
5884,323159.09399556887,3.7811710162826486,100265.71151483948,222893.38248072937,222893.38248072937
5885,339778.553186993,3.4294341775586816,60990.20762516399,278788.345561829,278788.345561829
5886,314362.22452731774,3.00232515910815,23404.61400151721,290957.61052580056,290957.61052580056
5887,389740.07689284266,3.316375907968835,51041.079901257486,338698.9969915852,338698.9969915852
5888,397780.72398644406,3.203317638378988,41091.95217735095,356688.77180909313,356688.77180909313
5889,407386.8714142109,2.876704859563876,17479.105483763837,389907.765930447,389907.765930447
5890,318416.811924931,2.462157871067771,0.0,318416.811924931,318416.811924931
5891,347780.8817680256,2.2486033618425054,0.0,347780.8817680256,347780.8817680256
5892,332026.1751307484,2.3365375715234973,0.0,332026.1751307484,332026.1751307484
5893,254707.50738747683,2.5752161406576177,3490.0289265134625,251217.47846096338,251217.47846096338
5894,297922.5338800825,2.851580799655021,16313.349103992976,281609.1847760895,281609.1847760895
5895,281050.1993669341,3.4671202674219637,64306.583533132805,216743.61583380128,216743.61583380128
5896,995822.546243044,4.384148454095165,183468.60873263664,812353.9375104073,812353.9375104073
5897,389537.2414866972,5.238366490996228,345012.70759756106,44524.53388913616,44524.53388913616
5898,414482.3872030889,5.489607090084776,400888.61683485424,13593.770368234662,13593.770368234662
5899,417553.56825579127,5.363986790540501,372950.6622162074,44602.906039583846,44602.906039583846
5900,476110.89126912766,4.773571382682413,250699.4202012722,225411.47106785545,225411.47106785545
5901,455008.59993405256,4.183155974824326,153400.1338337192,301608.4661003334,301608.4661003334
5902,430784.4678727521,3.9570394356446323,120947.83763180877,309836.63024094334,309836.63024094334
5903,318910.7606217354,3.8314191361003584,106174.89040540216,212735.87021633325,212735.87021633325
5904,317633.8894319037,3.7937330462370764,101743.0062374802,215890.8831944235,215890.8831944235
5905,238320.0222113966,3.869105225963641,110606.77457332418,127713.24763807243,127713.24763807243
5906,264999.7221724437,4.044973645325625,132728.05734071345,132271.66483173025,132271.66483173025
5907,232831.53822538065,4.145469884961043,147762.2947901721,85069.24343520854,85069.24343520854
5908,321299.868245776,4.183155974824326,153400.1338337192,167899.73441205677,167899.73441205677
5909,307059.1660850692,4.107783795097761,142124.4557466251,164934.71033844407,164934.71033844407
5910,360379.2391286041,3.994725525507915,125379.72179973079,234999.51732887333,234999.51732887333
5911,414557.8942216635,4.509768753639438,202581.82066383353,211976.07355782995,211976.07355782995
5912,413401.9308247945,4.296214244414172,170313.6509643602,243088.27986043433,243088.27986043433
5913,400025.9359283906,3.9319153757357777,117993.24818652745,282032.68774186313,282032.68774186313
5914,353885.2471314631,3.655550716738375,85492.76428843293,268392.4828430301,268392.4828430301
5915,368012.0323226472,3.542492447148528,72197.11178466692,295814.9205379803,295814.9205379803
5916,318949.3099831514,3.7560469563737944,97311.12206955822,221638.18791359317,221638.18791359317
5917,261468.1974931339,4.057535675280052,134607.33702189577,126860.86047123812,126860.86047123812
5918,254562.3464564692,4.170593944869898,151520.85415253678,103041.49230393243,103041.49230393243
5919,275143.1566053398,4.170593944869898,151520.85415253678,123622.30245280301,123622.30245280301
5920,814906.6788597737,4.170593944869898,151520.85415253678,663385.8247072368,663385.8247072368
5921,397767.22454461054,4.082659735188907,138365.89638426044,259401.3281603501,259401.3281603501
5922,432162.3350445434,3.504806357285246,67765.22761674495,364397.10742779844,364397.10742779844
5923,482773.720181753,3.2786898181055526,47724.703993288625,435049.01618846436,435049.01618846436
5924,451081.1778519129,3.1405074886068514,35564.65899740291,415516.51885451,415516.51885451
5925,448208.06571766926,3.1028213987435693,32248.283089434095,415959.7826282352,415959.7826282352
5926,425393.3839125843,3.2284416982878428,43302.86944933016,382090.51446325413,382090.51446325413
5927,333405.11725539074,3.4545582374675363,63201.1248971432,270203.9923582475,270203.9923582475
5928,297059.0917200173,3.7434849264193666,95833.82734691752,201225.26437309978,201225.26437309978
5929,347857.33075216966,4.095221765143334,140245.17606544276,207612.1546867269,207612.1546867269
5930,335858.4216892805,4.610264993274858,220912.33477333406,114946.08691594642,114946.08691594642
5931,326456.0067203781,5.024811981770962,297518.184745862,28937.821974516148,28937.821974516148
5932,345316.84475308,5.087622131543099,311487.1620551851,33829.68269789487,33829.68269789487
5933,350364.8391966217,4.962001831998825,285069.13415658573,65295.705040035944,65295.705040035944
5934,366773.3394899327,4.836381532454551,262155.9915197101,104617.34797022259,104617.34797022259
5935,360705.2998941797,5.5272931799480585,410470.9031381628,0.0,0.0
5936,309018.70822030894,5.715723629264469,460668.7748360544,0.0,0.0
5937,391898.2891769277,5.778533779036606,477401.3987353519,0.0,0.0
5938,397042.8770148123,5.966964228353017,527599.2704332437,0.0,0.0
5939,473919.6800121008,6.142832647715001,578564.1976054683,0.0,0.0
5940,330037.4288910278,6.092584527897291,563730.9526352802,0.0,0.0
5941,332237.150704119,5.929278138489735,517559.6960936655,0.0,0.0
5942,1181275.9402024518,5.828781898854316,490787.49785478966,690488.442347662,690488.442347662
5943,584539.5759400416,5.678037539401187,450629.2004964761,133910.37544356548,133910.37544356548
5944,446032.8023613489,5.61522738962905,433896.5765971789,12136.225764169998,12136.225764169998
5945,444719.30427157,5.627789419583478,437243.1013770386,7476.202894531423,7476.202894531423
5946,397842.2619967626,5.125308221406382,319868.54844077927,77973.71355598333,77973.71355598333
5947,507401.5408231361,5.024811981770962,297518.184745862,209883.35607727413,209883.35607727413
5948,455415.29348874267,4.936877772089971,280486.5056292106,174928.78785953205,174928.78785953205
5949,543550.402617121,4.7861334126368416,252990.7344649599,290559.66815216106,290559.66815216106
5950,453909.2462863725,4.874067622317833,269029.9343107727,184879.3119755998,184879.3119755998
5951,425265.0106051392,5.213242431087374,339425.11667383194,85839.89393130725,85839.89393130725
5952,409548.916363246,5.4142349103582115,384125.84406366624,25423.07229957974,25423.07229957974
5953,380950.8823674816,5.4519210002214935,392507.23044926015,0.0,0.0
5954,344827.7794802,5.753409719127752,470708.349175633,0.0,0.0
5955,301691.1317603623,6.092584527897291,563730.9526352802,0.0,0.0
5956,355992.7429281606,6.3815112168491215,649022.1112138606,0.0,0.0
5957,360677.6906877909,6.482007456484541,678688.6011542365,0.0,0.0
5958,365533.4431323208,6.82118226525408,793972.8076229972,0.0,0.0
5959,322379.2695727108,7.98945105101583,1266550.0232877778,0.0,0.0
5960,371801.3799456096,8.51705630910178,1487626.817269551,0.0,0.0
5961,413796.03515847167,8.554742398965063,1501826.9359300358,0.0,0.0
5962,379123.7304613684,8.630114578691627,1530227.1732510051,0.0,0.0
5963,451077.5263631563,8.692924728463764,1553894.037685146,0.0,0.0
5964,330003.6457859195,8.680362698509336,1549160.664798318,0.0,0.0
5965,347743.3797276865,8.491932249192926,1477811.544661029,0.0,0.0
5966,1056734.690516358,8.115071350560104,1319529.9672352436,0.0,0.0
5967,593270.3166100628,7.637714212291862,1111504.4247782528,0.0,0.0
5968,416342.8105941803,7.135233014114766,908103.1551216963,0.0,0.0
5969,400951.8016093652,6.569941666165533,707948.0264950787,0.0,0.0
5970,417319.2721508344,5.376548820494929,375744.45767807233,41574.81447276205,41574.81447276205
5971,501411.93481566646,4.88662965227226,271321.2485744603,230090.6862412062,230090.6862412062
5972,469269.8935642855,4.823819502500124,259864.67725602255,209405.21630826293,209405.21630826293
5973,487365.1756377572,4.911753712181116,275903.8771018355,211461.29853592167,211461.29853592167
5974,487597.6562143186,5.100184161497526,314280.9575170498,173316.6986972688,173316.6986972688
5975,469201.5798233752,5.276052580859511,353394.0939831552,115807.48584022,115807.48584022
5976,408245.6548507829,5.363986790540501,372950.6622162074,35294.992634575465,35294.992634575465
5977,268309.3571726305,5.5272931799480585,410470.9031381628,0.0,0.0
5978,281969.3799333065,5.979526258307445,530945.7952131032,0.0,0.0
5979,261263.7344152087,6.6453138458920975,733755.4608334542,0.0,0.0
5980,334179.41383035487,7.235729253750185,947417.2840670726,0.0,0.0
5981,339308.32036951906,7.54978000261087,1072743.0251508716,0.0,0.0
5982,308692.7894870824,8.064823230742395,1298425.7569118058,0.0,0.0
5983,400194.468763974,9.220529986549716,1736817.5399003532,0.0,0.0
5984,407203.72438588383,9.647639005000247,1855425.470732056,0.0,0.0
5985,387093.44652580295,9.321026226185134,1767448.793741229,0.0,0.0
5986,313676.3324785803,8.981851417415594,1662761.6140821958,0.0,0.0
5987,337024.525231383,8.780858938144757,1587027.6478929443,0.0,0.0
5988,344934.0794053672,8.56730442891949,1506560.308816864,0.0,0.0
5989,301104.6710585948,8.190443530286668,1351186.2827204007,0.0,0.0
5990,241535.1588407113,7.675400302155145,1128116.4531899882,0.0,0.0
5991,267785.6739160185,7.185481133932475,927760.2195943842,0.0,0.0
5992,883107.8839385485,6.783496175390799,781069.0904538096,102038.79348473891,102038.79348473891
5993,403875.5784499359,6.167956707623856,585980.8200905622,0.0,0.0
5994,396399.27615264925,4.874067622317833,269029.9343107727,127369.34184187657,127369.34184187657
5995,468572.3313961565,4.560016873457148,211747.07771858375,256825.25367757276,256825.25367757276
5996,449616.8782685789,4.497206723685011,200382.12586327762,249234.7524053013,249234.7524053013
5997,473161.2045035733,4.497206723685011,200382.12586327762,272779.07864029566,272779.07864029566
5998,439062.6957798665,4.6353890531837125,225494.96330070918,213567.7324791573,213567.7324791573
5999,342023.7412354629,4.848943562408978,264447.30578339763,77576.43545206526,77576.43545206526
6000,298644.9062548609,5.137870251360808,322662.3439026437,0.0,0.0
6001,284289.0409134519,5.51473114999363,407124.3783583031,0.0,0.0
6002,283168.0671138202,5.853905958763171,497480.5474145088,0.0,0.0
6003,253426.9962423521,6.180518737578283,589689.1313331091,0.0,0.0
6004,339057.27764760004,6.3815112168491215,649022.1112138606,0.0,0.0
6005,309796.96753659355,6.469445426530114,674980.2899116896,0.0,0.0
6006,327083.7109440058,6.73324805557309,763864.134228226,0.0,0.0
6007,371066.2142136602,7.901516841334838,1227788.6236603968,0.0,0.0
6008,392447.9329715656,8.215567590195523,1361738.3878821197,0.0,0.0
6009,390744.68100663833,7.976889021061401,1261012.6804838658,0.0,0.0
6010,333913.0138288505,7.713086392018426,1144728.4816017223,0.0,0.0
6011,348472.103527271,7.474407822884306,1040788.3403123403,0.0,0.0
6012,320071.6986432875,7.235729253750185,947417.2840670726,0.0,0.0
6013,263847.5642647634,6.909116474935073,824081.481017769,0.0,0.0
6014,257618.94816900545,6.557379636211105,703646.7874386824,0.0,0.0
6015,258765.5205868777,6.218204827441566,600814.0650607503,0.0,0.0
6016,901246.6662674836,5.866467988717598,500827.072194368,400419.5940731156,400419.5940731156
6017,414346.8726760292,5.489607090084776,400888.61683485424,13458.255841174978,13458.255841174978
6018,429772.8151250911,4.585140933366003,216329.70624595898,213443.10887913214,213443.10887913214
6019,482125.0678407195,4.296214244414172,170313.6509643602,311811.41687635926,311811.41687635926
6020,470938.0920057313,4.145469884961043,147762.2947901721,323175.79721555917,323175.79721555917
6021,455213.374789702,4.095221765143334,140245.17606544276,314968.1987242593,314968.1987242593
6022,406320.1598067918,4.145469884961043,147762.2947901721,258557.8650166197,258557.8650166197
6023,344832.5677472903,4.271090184505318,166555.09160199555,178277.47614529476,178277.47614529476
6024,310600.0675067541,4.35902439418631,179710.04937027197,130890.0181364821,130890.0181364821
6025,259134.37928552605,4.384148454095165,183468.60873263664,75665.77055288941,75665.77055288941
6026,265326.0439904967,4.459520633821729,194744.28681973062,70581.7571707661,70581.7571707661
6027,260953.08315682737,4.547454843502721,209455.76345489634,51497.31970193103,51497.31970193103
6028,306212.1748808486,4.660513113092567,230077.5918280843,76134.58305276433,76134.58305276433
6029,332864.12025024573,4.723323262864704,241534.163146522,91329.95710372372,91329.95710372372
6030,311073.35131169803,4.660513113092567,230077.5918280843,80995.75948361374,80995.75948361374
6031,402937.27345611353,5.4519210002214935,392507.23044926015,10430.043006853375,10430.043006853375
6032,411681.2467513218,5.6403514495379055,440589.62615689804,0.0,0.0
6033,386348.4682965896,5.4519210002214935,392507.23044926015,0.0,0.0
6034,329427.0171012504,5.439358970267066,389713.4349873955,0.0,0.0
6035,348895.7109357376,5.552417239856913,417163.9526978817,0.0,0.0
6036,352876.6493588272,5.502169120039203,403777.85357844364,0.0,0.0
6037,277797.6752993343,5.42679694031264,386919.6395255311,0.0,0.0
6038,264398.5235304463,5.489607090084776,400888.61683485424,0.0,0.0
6039,283346.86966991425,5.42679694031264,386919.6395255311,0.0,0.0
6040,894785.2195411712,5.200680401132945,336631.3212119669,558153.8983292043,558153.8983292043
6041,392538.916315881,4.874067622317833,269029.9343107727,123508.98200510832,123508.98200510832
6042,417081.83626101713,3.9193533457813503,116515.9534638868,300565.8827971303,300565.8827971303
6043,450091.0972437438,3.567616507057383,75151.70122994823,374939.3960137955,374939.3960137955
6044,445479.65606375487,3.3414999678776898,53251.997173236705,392227.6588905182,392227.6588905182
6045,440806.0208113359,3.2786898181055526,47724.703993288625,393081.31681804726,393081.31681804726
6046,410444.1849627876,3.3917480876953996,57673.83171719517,352770.35324559244,352770.35324559244
6047,317626.43800836225,3.567616507057383,75151.70122994823,242474.73677841402,242474.73677841402
6048,328666.0275443774,3.7686089863282213,98788.41679219883,229877.61075217853,229877.61075217853
6049,244070.3137147781,3.9319153757357777,117993.24818652745,126077.06552825066,126077.06552825066
6050,266749.09095850284,4.095221765143334,140245.17606544276,126503.91489306008,126503.91489306008
6051,249355.8926538243,4.208280034733181,157158.69319608388,92197.19945774041,92197.19945774041
6052,338080.9757905306,4.296214244414172,170313.6509643602,167767.32482617043,167767.32482617043
6053,297274.9796400538,4.346462364231882,177830.76968908953,119444.20995096429,119444.20995096429
6054,332669.12626904936,4.283652214459745,168434.37128317787,164234.7549858715,164234.7549858715
6055,355314.4401432791,4.911753712181116,275903.8771018355,79410.56304144359,79410.56304144359
6056,391490.3197991677,5.188118371178518,333837.5257501025,57652.79404906521,57652.79404906521
6057,398839.61858237366,5.125308221406382,319868.54844077927,78971.07014159439,78971.07014159439
6058,342073.4230968163,5.162994311269664,328249.9348263732,13823.488270443107,13823.488270443107
6059,332871.8870237789,5.250928520950655,347806.5030594257,0.0,0.0
6060,357706.59814827336,5.351424760586074,370156.8667543428,0.0,0.0
6061,272748.4980557777,5.288614610813937,356187.8894450196,0.0,0.0
6062,273579.692219665,5.175556341224091,331043.73028823786,0.0,0.0
6063,283461.48063863296,5.087622131543099,311487.1620551851,0.0,0.0
6064,847952.5397140663,5.024811981770962,297518.184745862,550434.3549682044,550434.3549682044
6065,400409.3058811654,5.037374011725389,300311.9802077266,100097.32567343878,100097.32567343878
6066,390281.51207065606,4.497206723685011,200382.12586327762,189899.38620737844,189899.38620737844
6067,455421.8969436659,4.472082663776156,196623.56650091297,258798.33044275295,258798.33044275295
6068,452486.1341525949,4.35902439418631,179710.04937027197,272776.0847823229,272776.0847823229
6069,436496.1742837071,4.220842064687608,159037.9728772662,277458.20140644093,277458.20140644093
6070,387615.9615062775,4.158031914915471,149641.57447135443,237974.38703492307,237974.38703492307
6071,332032.74419406324,4.145469884961043,147762.2947901721,184270.44940389114,184270.44940389114
6072,278456.8936278485,4.170593944869898,151520.85415253678,126936.0394753117,126936.0394753117
6073,260275.12900900017,4.170593944869898,151520.85415253678,108754.2748564634,108754.2748564634
6074,261039.30817419928,4.208280034733181,157158.69319608388,103880.6149781154,103880.6149781154
6075,254498.91997985035,4.3087762743686,172192.93064554254,82305.98933430781,82305.98933430781
6076,305455.82227983826,4.4092725140040185,187227.1680950012,118228.65418483707,118228.65418483707
6077,323692.804698998,4.472082663776156,196623.56650091297,127069.23819808502,127069.23819808502
6078,308023.809287573,4.560016873457148,211747.07771858375,96276.73156898923,96276.73156898923
6079,402011.6868956109,5.652913479492332,443936.1509367572,0.0,0.0
6080,398411.8310406026,5.866467988717598,500827.072194368,0.0,0.0
6081,362305.68729704095,5.715723629264469,460668.7748360544,0.0,0.0
6082,326165.9418105503,5.765971749082179,474054.87395549245,0.0,0.0
6083,352415.042403984,5.853905958763171,497480.5474145088,0.0,0.0
6084,329236.46817058563,5.765971749082179,474054.87395549245,0.0,0.0
6085,294216.4097243368,5.401672880403784,381332.0486018016,0.0,0.0
6086,258511.49344372997,5.024811981770962,297518.184745862,0.0,0.0
6087,274482.01024980616,4.773571382682413,250699.4202012722,23782.59004853395,23782.59004853395
6088,807673.686118806,4.64795108313814,227786.27756439673,579887.4085544093,579887.4085544093
6089,442078.8525806269,4.69819920295585,236951.53461914707,205127.31796147983,205127.31796147983
6090,434758.8842782279,4.271090184505318,166555.09160199555,268203.7926762324,268203.7926762324
6091,454987.9853860764,4.233404094642036,160917.25255844856,294070.7328276278,294070.7328276278
6092,422026.8551610714,4.195718004778753,155279.41351490142,266747.44164617,266747.44164617
6093,443443.5688057236,4.158031914915471,149641.57447135443,293801.9943343692,293801.9943343692
6094,416512.5213409464,4.120345825052189,144003.73542780743,272508.78591313894,272508.78591313894
6095,327445.55204389273,4.057535675280052,134607.33702189577,192838.21502199696,192838.21502199696
6096,304899.6456362675,3.869105225963641,110606.77457332418,194292.8710629433,194292.8710629433
6097,394469.1941773478,3.6178646268750927,81060.8801205109,313408.3140568369,313408.3140568369
6098,306221.0943450828,3.4043101176498265,58779.29035318473,247441.80399189808,247441.80399189808
6099,330609.6568455516,3.1907556084245607,39986.49354136134,290623.16330419027,290623.16330419027
6100,351853.2804984841,3.027449219017005,25615.53127349642,326237.7492249877,326237.7492249877
6101,342157.509480207,2.813894709791739,14564.714534336692,327592.7949458703,327592.7949458703
6102,378321.09859784826,2.474719901022199,0.0,378321.09859784826,378321.09859784826
6103,314740.35555073514,2.3867856913412067,0.0,314740.35555073514,314740.35555073514
6104,333612.83282441046,2.2737274217513606,0.0,333612.83282441046,333612.83282441046
6105,389750.52077486034,2.3993477212956345,0.0,389750.52077486034,389750.52077486034
6106,417494.4378897647,2.550092080748763,2324.272546742605,415170.16534302215,415170.16534302215
6107,453729.6230912554,2.6129022305209,5238.663496169769,448490.9595950856,448490.9595950856
6108,324045.2065266147,2.6129022305209,5238.663496169769,318806.54303044494,318806.54303044494
6109,339779.4345149665,2.6380262904297553,6404.419875940648,333375.01463902585,333375.01463902585
6110,1152702.8565410036,2.7385225300651745,11067.445395024099,1141635.4111459795,1141635.4111459795
6111,607327.6661664364,2.977201099199295,22142.131002847287,585185.535163589,585185.535163589
6112,438835.5483632537,3.354061997832117,54357.45580922631,384478.0925540274,384478.0925540274
6113,448683.87639768806,3.9193533457813503,116515.9534638868,332167.92293380125,332167.92293380125
6114,428515.4489271992,4.220842064687608,159037.9728772662,269477.476049933,269477.476049933
6115,481330.28247622336,4.585140933366003,216329.70624595898,265000.5762302644,265000.5762302644
6116,576689.0279785306,4.25852815455089,164675.8119208132,412013.21605771745,412013.21605771745
6117,504112.4215981972,3.68067477664723,88447.35373371423,415665.067864483,415665.067864483
6118,432456.48285682505,3.379186057740972,56568.37308120552,375888.1097756195,375888.1097756195
6119,406176.9530340418,3.3289379379232624,52146.5385372471,354030.4144967947,354030.4144967947
6120,401891.0487589842,3.504806357285246,67765.22761674495,334125.82114223926,334125.82114223926
6121,384641.3900382657,3.8062950761915033,103220.30096012079,281421.08907814487,281421.08907814487
6122,322886.93427924986,4.145469884961043,147762.2947901721,175124.63948907776,175124.63948907776
6123,312568.2451280671,4.472082663776156,196623.56650091297,115944.67862715412,115944.67862715412
6124,337646.45318934903,4.610264993274858,220912.33477333406,116734.11841601497,116734.11841601497
6125,326507.1849126237,4.6353890531837125,225494.96330070918,101012.22161191455,101012.22161191455
6126,349216.2791268249,4.572578903411576,214038.39198227142,135177.8871445535,135177.8871445535
6127,328677.85558610427,5.162994311269664,328249.9348263732,427.92075973108876,427.92075973108876
6128,327281.32040209504,4.4846446937305835,198502.84618209532,128778.47421999971,128778.47421999971
6129,417203.9013345596,3.2661277881511253,46619.24535729902,370584.65597726055,370584.65597726055
6130,399406.8474925047,2.009924792708385,0.0,399406.8474925047,399406.8474925047
6131,444224.7655213018,1.180830815716176,0.0,444224.7655213018,444224.7655213018
6132,360663.1949370856,0.7662838272200717,0.0,360663.1949370856,360663.1949370856
6133,360658.6562031645,0.7285977373567895,0.0,360658.6562031645,360658.6562031645
6134,1080586.6671996,1.1054586359896117,0.0,1080586.6671996,1080586.6671996
6135,603398.2297366919,1.7209981037565547,0.0,603398.2297366919,603398.2297366919
6136,467206.616962279,2.361661631432352,0.0,467206.616962279,467206.616962279
6137,451737.2487434162,2.9520770392904403,20976.374623076426,430760.8741203398,430760.8741203398
6138,462369.09937467024,3.4294341775586816,60990.20762516399,401378.89174950623,401378.89174950623
6139,557079.3133970009,4.057535675280052,134607.33702189577,422471.9763751051,422471.9763751051
6140,521454.6344684684,4.384148454095165,183468.60873263664,337986.0257358317,337986.0257358317
6141,564643.9108207836,4.434396573912874,190985.72745736598,373658.18336341763,373658.18336341763
6142,419435.6918793172,4.622827023229285,223203.64903702162,196232.0428422956,196232.0428422956
6143,411347.1336530057,4.723323262864704,241534.163146522,169812.9705064837,169812.9705064837
6144,386691.4155612496,4.735885292819131,243825.47741020954,142865.93815104006,142865.93815104006
6145,262951.5295950794,4.685637173001422,234660.22035545937,28291.30923962005,28291.30923962005
6146,269377.3765383176,4.35902439418631,179710.04937027197,89667.32716804562,89667.32716804562
6147,264509.26528087386,3.994725525507915,125379.72179973079,139129.54348114308,139129.54348114308
6148,311318.99344273185,3.718360866510512,92879.2379016362,218439.75554109566,218439.75554109566
6149,331104.63219450373,3.4168721476042543,59884.74898917438,271219.88320532936,271219.88320532936
6150,330690.00470912835,3.0902593687891415,31142.824453444453,299547.1802556839,299547.1802556839
6151,373621.47581029887,3.3414999678776898,53251.997173236705,320369.4786370622,320369.4786370622
6152,421614.4307791689,3.215879668333416,42197.4108133406,379417.0199658283,379417.0199658283
6153,410429.13062772056,2.7510845600196014,11650.323584909505,398778.80704281107,398778.80704281107
6154,321878.4258275277,2.110421032343804,0.0,321878.4258275277,321878.4258275277
6155,345240.85948179,1.6707499839388449,0.0,345240.85948179,345240.85948179
6156,360018.786195692,1.6833120138932725,0.0,360018.786195692,360018.786195692
6157,253819.2378156357,2.0727349424805217,0.0,253819.2378156357,253819.2378156357
6158,276133.3982379242,2.512405990885481,575.6379770863184,275557.7602608379,275557.7602608379
6159,284676.079148031,2.864142829609448,16896.227293878386,267779.8518541526,267779.8518541526
6160,847097.9846193093,3.0902593687891415,31142.824453444453,815955.1601658649,815955.1601658649
6161,392520.7525573449,2.914390949427158,19227.740053420122,373293.0125039248,373293.0125039248
6162,416203.8005294224,2.7259605001107468,10484.56720513865,405719.23332428373,405719.23332428373
6163,417291.1813695888,2.7385225300651745,11067.445395024099,406223.73597456474,406223.73597456474
6164,441202.4860410588,2.5752161406576177,3490.0289265134625,437712.45711454534,437712.45711454534
6165,439904.1075953908,2.3365375715234973,0.0,439904.1075953908,439904.1075953908
6166,426890.97186514136,2.2234793019336507,0.0,426890.97186514136,426890.97186514136
6167,318299.59238566464,2.236041331888078,0.0,318299.59238566464,318299.59238566464
6168,302670.6296979916,2.462157871067771,0.0,302670.6296979916,302670.6296979916
6169,259700.8859594551,2.9395150093360125,20393.49643319098,239307.38952626413,239307.38952626413
6170,260490.82009386655,3.5927405669662376,78106.29067522954,182384.52941863702,182384.52941863702
6171,269511.1378517845,4.25852815455089,164675.8119208132,104835.32593097127,104835.32593097127
6172,317327.0904764379,4.5977029633204305,218621.02050964654,98706.06996679134,98706.06996679134
6173,312992.5844026413,4.245966124596463,162796.5322396309,150196.05216301038,150196.05216301038
6174,331109.3260458084,3.3289379379232624,52146.5385372471,278962.7875085613,278962.7875085613
6175,396234.8538921566,2.4872819309766263,0.0,396234.8538921566,396234.8538921566
6176,378053.7062928456,1.2938890853060228,0.0,378053.7062928456,378053.7062928456
6177,380922.3069453441,1.6456259240299902,0.0,380922.3069453441,380922.3069453441
6178,325682.99044976546,2.198355242024796,0.0,325682.99044976546,325682.99044976546
6179,347039.83124306303,2.5877781706120455,4072.9071163989115,342966.9241266641,342966.9241266641
6180,334795.11465745093,2.851580799655021,16313.349103992976,318481.76555345795,318481.76555345795
6181,263626.9518453492,3.1530695185612783,36670.11763339249,226956.83421195674,226956.83421195674
6182,261933.2690996593,3.479682297376391,65412.04216912242,196521.22693053685,196521.22693053685
6183,261541.699682008,3.8314191361003584,106174.89040540216,155366.80927660584,155366.80927660584
6184,807819.8456897298,4.057535675280052,134607.33702189577,673212.508667834,673212.508667834
6185,392294.3208569253,3.9193533457813503,116515.9534638868,275778.36739303847,275778.36739303847
6186,406481.04886862816,3.5927405669662376,78106.29067522954,328374.7581933986,328374.7581933986
6187,443054.8627270808,3.379186057740972,56568.37308120552,386486.4896458753,386486.4896458753
6188,464370.1079536365,3.1530695185612783,36670.11763339249,427699.990320244,427699.990320244
6189,462860.38903987216,2.977201099199295,22142.131002847287,440718.2580370249,440718.2580370249
6190,383162.7019212674,2.9520770392904403,20976.374623076426,362186.32729819097,362186.32729819097
6191,314817.4914874585,3.00232515910815,23404.61400151721,291412.87748594134,291412.87748594134
6192,305589.30070443504,3.1153834286979962,33353.741725423664,272235.5589790114,272235.5589790114
6193,351004.9182873842,3.2912518480599804,48830.162629278275,302174.75565810595,302174.75565810595
6194,357401.6919323417,3.542492447148528,72197.11178466692,285204.5801476748,285204.5801476748
6195,360445.6080846836,3.8942292858724956,113561.36401860548,246884.2440660781,246884.2440660781
6196,398332.074805752,4.132907855006616,145883.01510898976,252449.05969676227,252449.05969676227
6197,379868.2360100976,3.9319153757357777,117993.24818652745,261874.98782357015,261874.98782357015
6198,422595.0645438942,3.4419962075131094,62095.66626115362,360499.39828274056,360499.39828274056
6199,415628.0071797295,3.2410037282422706,44408.32808531981,371219.6790944097,371219.6790944097
6200,405188.8821370292,3.4043101176498265,58779.29035318473,346409.59178384446,346409.59178384446
6201,391036.9137075014,3.6178646268750927,81060.8801205109,309976.03358699044,309976.03358699044
6202,431609.6243790488,3.655550716738375,85492.76428843293,346116.8600906159,346116.8600906159
6203,405367.863355162,3.7057988365560846,91401.94317899554,313965.92017616646,313965.92017616646
6204,373252.0847221053,3.9570394356446323,120947.83763180877,252304.24709029653,252304.24709029653
6205,340696.9911620766,4.384148454095165,183468.60873263664,157228.38242943995,157228.38242943995
6206,379968.64619630016,4.798695442591269,255282.04872864747,124686.5974676527,124686.5974676527
6207,432072.3012990742,5.049936041679817,303105.77566959127,128966.52562948293,128966.52562948293
6208,993215.5555669448,5.024811981770962,297518.184745862,695697.3708210827,695697.3708210827
6209,457153.2891417111,4.69819920295585,236951.53461914707,220201.754522564,220201.754522564
6210,514245.0133526172,3.906791315826923,115038.65874124614,399206.35461137106,399206.35461137106
6211,476600.15712668566,3.7686089863282213,98788.41679219883,377811.7403344868,377811.7403344868
6212,507903.56171999953,3.7309228964649397,94356.53262427691,413547.0290957226,413547.0290957226
6213,525427.0390406591,3.7057988365560846,91401.94317899554,434025.0958616636,434025.0958616636
6214,450335.5028935709,3.7811710162826486,100265.71151483948,350069.79137873143,350069.79137873143
6215,416642.7352622111,3.9193533457813503,116515.9534638868,300126.7817983243,300126.7817983243
6216,338928.47114114504,4.170593944869898,151520.85415253678,187407.61698860826,187407.61698860826
6217,365437.03069017833,4.434396573912874,190985.72745736598,174451.30323281235,174451.30323281235
6218,335793.589593793,4.64795108313814,227786.27756439673,108007.31202939624,108007.31202939624
6219,385068.7288668294,4.911753712181116,275903.8771018355,109164.85176499392,109164.85176499392
6220,360688.7629394785,5.012249951816535,294724.3892839973,65964.3736554812,65964.3736554812
6221,388429.293451164,4.899191682226688,273612.5628381478,114816.73061301617,114816.73061301617
6222,419847.76021641673,4.7861334126368416,252990.7344649599,166857.02575145682,166857.02575145682
6223,405876.2546762725,5.125308221406382,319868.54844077927,86007.70623549324,86007.70623549324
6224,419440.4191051183,5.841343928808744,494134.02263464936,0.0,0.0
6225,360287.50233155605,6.2307668573959925,604522.3763032969,0.0,0.0
6226,406258.0722171628,6.4568833965756856,671271.9786691425,0.0,0.0
6227,395358.0168960627,6.607627756028815,720851.7436642661,0.0,0.0
6228,414531.4913588621,6.695561965709807,750960.417059038,0.0,0.0
6229,349222.15590542846,6.720686025618662,759562.8951718297,0.0,0.0
6230,410857.4044050882,6.6829999357553795,746659.178002642,0.0,0.0
6231,431940.1162586752,6.595065726074387,716550.5046078701,0.0,0.0
6232,958066.050735411,6.368949186894695,645313.799971314,312752.25076409697,312752.25076409697
6233,496507.3870084275,5.828781898854316,490787.49785478966,5719.889153637865,5719.889153637865
6234,528033.4613887834,4.899191682226688,273612.5628381478,254420.8985506356,254420.8985506356
6235,484961.74953547865,4.962001831998825,285069.13415658573,199892.61537889292,199892.61537889292
6236,544275.5805981022,5.1504322813152354,325456.1393645084,218819.4412335938,218819.4412335938
6237,477943.6946805463,5.238366490996228,345012.70759756106,132930.98708298523,132930.98708298523
6238,478220.84977305256,5.276052580859511,353394.0939831552,124826.75578989735,124826.75578989735
6239,362957.8687376967,5.276052580859511,353394.0939831552,9563.774754541519,9563.774754541519
6240,310787.9091658505,5.213242431087374,339425.11667383194,0.0,0.0
6241,356643.42523278034,5.162994311269664,328249.9348263732,28393.49040640716,28393.49040640716
6242,362906.5330064653,5.1504322813152354,325456.1393645084,37450.39364195691,37450.39364195691
6243,406538.1221707108,5.188118371178518,333837.5257501025,72700.59642060834,72700.59642060834
6244,343870.42797315697,5.288614610813937,356187.8894450196,0.0,0.0
6245,395340.9752995559,5.32630070067722,364569.27583061374,30771.699468942184,30771.699468942184
6246,425603.6290471365,5.276052580859511,353394.0939831552,72209.53506398131,72209.53506398131
6247,403752.1727776482,5.7910958089910345,480747.9235152116,0.0,0.0
6248,414648.0808088776,6.130270617760574,574855.8863629213,0.0,0.0
6249,403093.67270456575,5.866467988717598,500827.072194368,0.0,0.0
6250,403823.8598865784,5.577541299765769,423857.0022576008,0.0,0.0
6251,413234.9906368806,5.238366490996228,345012.70759756106,68222.28303931956,68222.28303931956
6252,370703.9633518976,4.936877772089971,280486.5056292106,90217.45772268699,90217.45772268699
6253,342323.8793812622,4.673075143046995,232368.90609177182,109954.97328949036,109954.97328949036
6254,372045.4278642063,4.4092725140040185,187227.1680950012,184818.25976920512,184818.25976920512
6255,412955.08032338665,4.283652214459745,168434.37128317787,244520.70904020878,244520.70904020878
6256,885394.7601207999,4.296214244414172,170313.6509643602,715081.1091564397,715081.1091564397
6257,464151.7466263084,4.145469884961043,147762.2947901721,316389.4518361363,316389.4518361363
6258,428468.0652679188,3.7560469563737944,97311.12206955822,331156.9431983606,331156.9431983606
6259,504763.8740029252,3.869105225963641,110606.77457332418,394157.099429601,394157.099429601
6260,581125.3781903402,3.856543196009213,109129.47985068346,471995.89833965676,471995.89833965676
6261,446728.827734802,3.68067477664723,88447.35373371423,358281.4740010877,358281.4740010877
6262,476023.2339792069,3.4545582374675363,63201.1248971432,412822.10908206366,412822.10908206366
6263,382382.7576456897,3.253565758196698,45513.786721309414,336868.9709243803,336868.9709243803
6264,339138.06141283776,3.0525732789258595,27826.448545475636,311311.6128673621,311311.6128673621
6265,445855.43096971686,2.864142829609448,16896.227293878386,428959.2036758385,428959.2036758385
6266,330628.2541969729,2.71339847015632,9901.689015253241,320726.56518171966,320726.56518171966
6267,383175.664318166,2.700836440201892,9318.810825367791,373856.85349279817,373856.85349279817
6268,359664.5503129807,2.7887706498828844,13398.958154565835,346265.5921584149,346265.5921584149
6269,368861.6919715639,2.9520770392904403,20976.374623076426,347885.3173484875,347885.3173484875
6270,387562.1733456593,3.127945458652424,34459.20036141331,353102.972984246,353102.972984246
6271,349698.3748683958,3.3289379379232624,52146.5385372471,297551.8363311487,297551.8363311487
6272,363177.9785939696,3.9193533457813503,116515.9534638868,246662.0251300828,246662.0251300828
6273,410099.4889554954,3.818857106145931,104697.59568276149,305401.8932727339,305401.8932727339
6274,524938.2865528436,3.6178646268750927,81060.8801205109,443877.4064323327,443877.4064323327
6275,495936.4693964208,3.4043101176498265,58779.29035318473,437157.1790432361,437157.1790432361
6276,515442.4979035646,3.1153834286979962,33353.741725423664,482088.75617814093,482088.75617814093
6277,400316.3738943306,3.1530695185612783,36670.11763339249,363646.25626093807,363646.25626093807
6278,1324231.0293796866,3.4922443273308184,66517.50080511202,1257713.5285745745,1257713.5285745745
6279,700948.968964244,3.881667255918068,112084.06929596479,588864.8996682792,588864.8996682792
6280,450320.7102817837,4.25852815455089,164675.8119208132,285644.89836097055,285644.89836097055
6281,459450.9876492828,4.572578903411576,214038.39198227142,245412.59566701137,245412.59566701137
6282,457182.391779496,4.384148454095165,183468.60873263664,273713.7830468593,273713.7830468593
6283,509333.95828201255,4.459520633821729,194744.28681973062,314589.67146228196,314589.67146228196
6284,527488.0818397864,4.346462364231882,177830.76968908953,349657.3121506969,349657.3121506969
6285,508720.08497013256,4.070097705234479,136486.61670307812,372233.4682670544,372233.4682670544
6286,473293.6536275257,3.7811710162826486,100265.71151483948,373027.9421126862,373027.9421126862
6287,403256.1625948529,3.4419962075131094,62095.66626115362,341160.49633369927,341160.49633369927
6288,414607.6803888186,3.203317638378988,41091.95217735095,373515.7282114677,373515.7282114677
6289,409997.4689273847,3.0902593687891415,31142.824453444453,378854.64447394025,378854.64447394025
6290,349382.22028212616,2.876704859563876,17479.105483763837,331903.1147983623,331903.1147983623
6291,356016.6993991113,2.550092080748763,2324.272546742605,353692.42685236875,353692.42685236875
6292,368583.1885392604,2.173231182115941,0.0,368583.1885392604,368583.1885392604
6293,366007.6325071611,1.9345526129818205,0.0,366007.6325071611,366007.6325071611
6294,410753.2309355314,1.8843044931641106,0.0,410753.2309355314,410753.2309355314
6295,361166.7989913411,2.110421032343804,0.0,361166.7989913411,361166.7989913411
6296,341007.5639195345,2.1229830622982315,0.0,341007.5639195345,341007.5639195345
6297,400172.91105127765,1.834056373346401,0.0,400172.91105127765,400172.91105127765
6298,425955.4,1.1682687857617486,0.0,425955.4,425955.4
6299,489738.5744683018,0.11305826958984665,0.0,489738.5744683018,489738.5744683018
6300,518652.42233567097,0.6281014977213702,0.0,518652.42233567097,518652.42233567097
6301,399718.8721488713,1.0677725461263294,0.0,399718.8721488713,399718.8721488713
6302,1372730.5410744655,1.5953778042122804,0.0,1372730.5410744655,1372730.5410744655
6303,738002.1002038079,2.1857932120703683,0.0,738002.1002038079,738002.1002038079
6304,439407.6049339958,2.914390949427158,19227.740053420122,420179.8648805757,420179.8648805757
6305,450571.1000834458,3.7560469563737944,97311.12206955822,353259.97801388754,353259.97801388754
6306,468318.7589358879,4.434396573912874,190985.72745736598,277333.0314785219,277333.0314785219
6307,492487.98268125486,4.899191682226688,273612.5628381478,218875.41984310705,218875.41984310705
6308,495665.5712550378,4.874067622317833,269029.9343107727,226635.6369442651,226635.6369442651
6309,470194.7403471428,4.622827023229285,223203.64903702162,246991.09131012118,246991.09131012118
6310,474334.3128015188,4.321338304323027,174072.21032672486,300262.10247479397,300262.10247479397
6311,470234.81077535055,4.145469884961043,147762.2947901721,322472.5159851784,322472.5159851784
6312,458745.2691893,4.132907855006616,145883.01510898976,312862.25408031023,312862.25408031023
6313,369008.8096290525,4.271090184505318,166555.09160199555,202453.71802705698,202453.71802705698
6314,365543.8904860969,4.283652214459745,168434.37128317787,197109.51920291904,197109.51920291904
6315,371969.8324232265,4.132907855006616,145883.01510898976,226086.81731423675,226086.81731423675
6316,437421.48963387054,3.856543196009213,109129.47985068346,328292.00978318707,328292.00978318707
6317,378594.1241181773,3.567616507057383,75151.70122994823,303442.422888229,303442.422888229
6318,412692.4075826296,3.2786898181055526,47724.703993288625,364967.70358934096,364967.70358934096
6319,433309.3553670123,3.668112746692802,86970.05901107354,346339.2963559388,346339.2963559388
6320,371407.85520334606,3.869105225963641,110606.77457332418,260801.08063002187,260801.08063002187
6321,441537.9237416164,4.044973645325625,132728.05734071345,308809.866400903,308809.866400903
6322,414058.454936249,4.245966124596463,162796.5322396309,251261.9226966181,251261.9226966181
6323,391767.9082205176,4.346462364231882,177830.76968908953,213937.1385314281,213937.1385314281
6324,378239.8591702103,4.346462364231882,177830.76968908953,200409.08948112078,200409.08948112078
6325,331149.84121885657,4.220842064687608,159037.9728772662,172111.86834159037,172111.86834159037
6326,398135.67908567947,4.170593944869898,151520.85415253678,246614.8249331427,246614.8249331427
6327,415911.528608961,4.208280034733181,157158.69319608388,258752.8354128771,258752.8354128771
6328,972038.454908682,4.3087762743686,172192.93064554254,799845.5242631395,799845.5242631395
6329,497421.2493954029,4.5223307835938655,204873.13492752108,292548.11446788185,292548.11446788185
6330,531306.5014769878,4.497206723685011,200382.12586327762,330924.37561371026,330924.37561371026
6331,484919.1896456433,4.761009352727987,248408.10593758483,236511.08370805846,236511.08370805846
6332,491154.01673471,4.911753712181116,275903.8771018355,215250.13963287452,215250.13963287452
6333,489381.6051607945,4.974563861953253,287360.44842027326,202021.15674052126,202021.15674052126
6334,437404.8019110165,5.100184161497526,314280.9575170498,123123.84439396672,123123.84439396672
6335,378380.63888939033,5.401672880403784,381332.0486018016,0.0,0.0
6336,350364.6897150612,5.6026653596746225,430550.0518173195,0.0,0.0
6337,371997.5637016867,5.401672880403784,381332.0486018016,0.0,0.0
6338,354748.5222029936,4.936877772089971,280486.5056292106,74262.01657378301,74262.01657378301
6339,371794.56631182536,4.5977029633204305,218621.02050964654,153173.54580217882,153173.54580217882
6340,421502.0700176671,4.321338304323027,174072.21032672486,247429.85969094222,247429.85969094222
6341,379734.3693620647,4.120345825052189,144003.73542780743,235730.63393425726,235730.63393425726
6342,392318.21910485794,3.9570394356446323,120947.83763180877,271370.3814730492,271370.3814730492
6343,390627.8756142205,4.5977029633204305,218621.02050964654,172006.85510457397,172006.85510457397
6344,407145.96486337634,4.899191682226688,273612.5628381478,133533.40202522854,133533.40202522854
6345,371843.28843168274,5.037374011725389,300311.9802077266,71531.30822395615,71531.30822395615
6346,428930.6950812357,5.2258044610418,342218.91213569645,86711.78294553928,86711.78294553928
6347,396230.8123166123,5.313738670722793,361775.48036874906,34455.33194786322,34455.33194786322
6348,417387.6395173488,5.276052580859511,353394.0939831552,63993.545534193574,63993.545534193574
6349,357655.78031112027,5.188118371178518,333837.5257501025,23818.25456101779,23818.25456101779
6350,418259.86860831926,5.037374011725389,300311.9802077266,117947.88840059267,117947.88840059267
6351,410162.5100062061,4.911753712181116,275903.8771018355,134258.6329043706,134258.6329043706
6352,947138.62140492,4.836381532454551,262155.9915197101,684982.62988521,684982.62988521
6353,475312.9836030746,4.69819920295585,236951.53461914707,238361.44898392755,238361.44898392755
6354,460074.886290788,4.044973645325625,132728.05734071345,327346.82895007456,327346.82895007456
6355,545415.6173188222,4.145469884961043,147762.2947901721,397653.32252865005,397653.32252865005
6356,526908.4671619185,4.145469884961043,147762.2947901721,379146.1723717464,379146.1723717464
6357,500884.0837594668,4.095221765143334,140245.17606544276,360638.90769402403,360638.90769402403
6358,486058.8014788154,4.158031914915471,149641.57447135443,336417.22700746096,336417.22700746096
6359,405990.1247964,4.220842064687608,159037.9728772662,246952.15191913382,246952.15191913382
6360,361685.702246413,4.195718004778753,155279.41351490142,206406.28873151157,206406.28873151157
6361,370938.0653471263,4.007287555462342,127090.21829716631,243847.84704995996,243847.84704995996
6362,353019.33584084426,3.9444774056902054,119470.54290916816,233548.7929316761,233548.7929316761
6363,391555.3964024272,3.9319153757357777,117993.24818652745,273562.14821589977,273562.14821589977
6364,394894.739068812,3.843981166054786,107652.18512804282,287242.55394076917,287242.55394076917
6365,366165.7989674867,3.7434849264193666,95833.82734691752,270331.9716205692,270331.9716205692
6366,426785.05909393687,3.6178646268750927,81060.8801205109,345724.178973426,345724.178973426
6367,391179.49358178175,3.8062950761915033,103220.30096012079,287959.19262166094,287959.19262166094
6368,429688.6121627903,3.7434849264193666,95833.82734691752,333854.7848158728,333854.7848158728
6369,421103.0886235071,3.5927405669662376,78106.29067522954,342996.79794827756,342996.79794827756
6370,412756.8957665279,3.856543196009213,109129.47985068346,303627.41591584444,303627.41591584444
6371,403848.6696599433,4.220842064687608,159037.9728772662,244810.6967826771,244810.6967826771
6372,398831.2222864877,4.64795108313814,227786.27756439673,171044.94472209096,171044.94472209096
6373,342060.8626409579,5.175556341224091,331043.73028823786,11017.132352720015,11017.132352720015
6374,368007.638518616,5.5272931799480585,410470.9031381628,0.0,0.0
6375,390907.0347549629,5.678037539401187,450629.2004964761,0.0,0.0
6376,1048013.6164701156,5.6403514495379055,440589.62615689804,607423.9903132175,607423.9903132175
6377,468314.71079263306,5.389110850449357,378538.25313993695,89776.45765269612,89776.45765269612
6378,487292.6110744805,4.4469586038673015,192865.00713854833,294427.60393593216,294427.60393593216
6379,524400.8588171253,4.333900334277455,175951.49000790733,348449.368809218,348449.368809218
6380,508089.3256969159,4.25852815455089,164675.8119208132,343413.5137761027,343413.5137761027
6381,501242.550442233,4.132907855006616,145883.01510898976,355359.5353332432,355359.5353332432
6382,483614.4534482223,4.095221765143334,140245.17606544276,343369.2773827795,343369.2773827795
6383,421755.2835313328,4.107783795097761,142124.4557466251,279630.82778470765,279630.82778470765
6384,359686.578378759,4.120345825052189,144003.73542780743,215682.84295095154,215682.84295095154
6385,323496.1842794976,4.01984958541677,128969.49797834878,194526.68630114882,194526.68630114882
6386,351035.0856158564,3.96960146559906,122425.13235444948,228609.95326140692,228609.95326140692
6387,371111.9680809513,4.007287555462342,127090.21829716631,244021.749783785,244021.749783785
6388,368999.30921360274,4.01984958541677,128969.49797834878,240029.81123525396,240029.81123525396
6389,360788.0860124164,3.96960146559906,122425.13235444948,238362.95365796692,238362.95365796692
6390,421130.0534249162,3.8314191361003584,106174.89040540216,314955.163019514,314955.163019514
6391,422114.4587882028,4.107783795097761,142124.4557466251,279990.00304157764,279990.00304157764
6392,376578.1408785238,4.25852815455089,164675.8119208132,211902.32895771062,211902.32895771062
6393,420188.2586406796,4.158031914915471,149641.57447135443,270546.68416932516,270546.68416932516
6394,406731.1110796542,4.396710484049592,185347.888413819,221383.2226658352,221383.2226658352
6395,427203.9840916224,4.88662965227226,271321.2485744603,155882.73551716213,155882.73551716213
6396,353598.38714674546,5.200680401132945,336631.3212119669,16967.06593477854,16967.06593477854
6397,330365.3421288609,5.363986790540501,372950.6622162074,0.0,0.0
6398,365750.5058193873,5.439358970267066,389713.4349873955,0.0,0.0
6399,397627.83936138655,5.464483030175921,395301.0259111248,2326.813450261776,2326.813450261776
6400,885537.3443070196,5.5272931799480585,410470.9031381628,475066.4411688568,475066.4411688568
6401,514681.98445822,5.489607090084776,400888.61683485424,113793.36762336578,113793.36762336578
6402,481324.3400356821,4.622827023229285,223203.64903702162,258120.69099866046,258120.69099866046
6403,491948.0985139389,4.6353890531837125,225494.96330070918,266453.1352132297,266453.1352132297
6404,441743.3858674007,4.848943562408978,264447.30578339763,177296.08008400304,177296.08008400304
6405,504487.0360886058,4.999687921862107,291943.07694764837,212543.95914095745,212543.95914095745
6406,484130.3499974536,5.087622131543099,311487.1620551851,172643.1879422685,172643.1879422685
6407,403998.96675956046,5.100184161497526,314280.9575170498,89718.00924251066,89718.00924251066
6408,375432.6091260221,5.062498071634245,305899.57113145606,69533.03799456602,69533.03799456602
6409,364070.3941333493,5.024811981770962,297518.184745862,66552.20938748732,66552.20938748732
6410,384647.303280541,4.999687921862107,291943.07694764837,92704.2263328926,92704.2263328926
6411,394587.5897059988,4.974563861953253,287360.44842027326,107227.14128572552,107227.14128572552
6412,383399.9269972015,4.88662965227226,271321.2485744603,112078.67842274124,112078.67842274124
6413,418747.8365790312,4.761009352727987,248408.10593758483,170339.73064144637,170339.73064144637
6414,396410.02163794014,4.622827023229285,223203.64903702162,173206.37260091852,173206.37260091852
6415,408907.93923101446,5.238366490996228,345012.70759756106,63895.2316334534,63895.2316334534
6416,364491.6150733466,5.979526258307445,530945.7952131032,0.0,0.0
6417,393877.4528252777,6.3061390371225565,626772.2437585787,0.0,0.0
6418,356496.08555653435,6.783496175390799,781069.0904538096,0.0,0.0
6419,379833.9305715344,7.31110143347675,976902.8807761046,0.0,0.0
6420,356835.01784172986,7.675400302155145,1128116.4531899882,0.0,0.0
6421,329159.39916904893,7.964326991106975,1255475.3376799547,0.0,0.0
6422,390509.30808761634,8.052261200787967,1293149.7043309463,0.0,0.0
6423,408664.1972044941,7.951764961152548,1249937.994876043,0.0,0.0
6424,969341.189641234,7.826144661608274,1194564.5668369273,0.0,0.0
6425,456955.3063937536,7.5749040625197255,1083817.7107586951,0.0,0.0
6426,508777.5937292347,6.557379636211105,703646.7874386824,0.0,0.0
6427,527115.9985235535,6.469445426530114,674980.2899116896,0.0,0.0
6428,483358.5338186274,6.482007456484541,678688.6011542365,0.0,0.0
6429,537832.2412860723,6.557379636211105,703646.7874386824,0.0,0.0
6430,440655.5593496732,6.582503696119961,712249.2655514745,0.0,0.0
6431,386085.4487725707,6.595065726074387,716550.5046078701,0.0,0.0
6432,364621.6941192029,6.758372115481944,772466.6123410175,0.0,0.0
6433,417561.6467291826,7.122670984160338,903188.8890035244,0.0,0.0
6434,396019.974172483,7.738210451927282,1155803.1672095458,0.0,0.0
6435,374897.2602212968,8.165319470377813,1340634.1775586817,0.0,0.0
6436,381300.2695315636,8.077385260696822,1303701.8094926653,0.0,0.0
6437,377159.7116415632,7.386473613203314,1006388.4774851366,0.0,0.0
6438,392650.6125058127,6.63275181593767,729454.2217770582,0.0,0.0
6439,336943.32292557973,6.82118226525408,793972.8076229972,0.0,0.0
6440,336734.5404758083,7.223167223795758,942503.0179489006,0.0,0.0
6441,394933.4890061247,7.411597673112169,1016217.0097214805,0.0,0.0
6442,538449.5614051834,7.775896541790564,1172415.1956212807,0.0,0.0
6443,477729.3199442335,8.190443530286668,1351186.2827204007,0.0,0.0
6444,554171.7793356122,8.655238638600482,1539693.9190246614,0.0,0.0
6445,398607.2625618413,9.094909687005442,1698528.4725992586,0.0,0.0
6446,1221884.345454687,9.383836375957271,1786593.3273917763,0.0,0.0
6447,647920.4460368567,9.421522465820553,1798080.0475821048,0.0,0.0
6448,427105.67928177177,9.157719836777579,1717673.006249806,0.0,0.0
6449,481755.3634526007,8.22812962014995,1367014.440462979,0.0,0.0
6450,498764.0083053793,6.946802564798356,836985.1981869569,0.0,0.0
6451,525570.6332123742,6.846306325162936,802575.2857357893,0.0,0.0
6452,493710.1329195475,6.846306325162936,802575.2857357893,0.0,0.0
6453,483271.2032739995,6.934240534843927,832683.9591305607,0.0,0.0
6454,495867.1260520397,7.02217474452492,863874.7600581485,0.0,0.0
6455,432380.7262891742,7.172919103978048,922845.9534762123,0.0,0.0
6456,384022.42481571744,7.399035643157741,1011302.7436033082,0.0,0.0
6457,398984.7142185299,7.801020601699419,1183489.8812291038,0.0,0.0
6458,389929.8614233218,8.17788150033224,1345910.2301395412,0.0,0.0
6459,365818.8401007022,8.403998039511935,1440879.1765950127,0.0,0.0
6460,354396.2841560544,8.592428488828345,1516027.0545905202,0.0,0.0
6461,355512.27184346074,8.466808189284071,1467259.43949931,0.0,0.0
6462,369381.6535636513,8.140195410468959,1330082.0723969627,0.0,0.0
6463,340068.6070887182,8.378873979603078,1430327.071433293,0.0,0.0
6464,352614.3770458035,8.743172848281473,1572827.5292324591,0.0,0.0
6465,389766.4640619896,8.403998039511935,1440879.1765950127,0.0,0.0
6466,467380.40764335264,7.926640901243692,1238863.3092682194,0.0,0.0
6467,498024.2072408151,7.5749040625197255,1083817.7107586951,0.0,0.0
6468,532720.8046709348,7.285977373567895,967074.3485397605,0.0,0.0
6469,413485.9159147864,7.072422864342629,883531.8245308365,0.0,0.0
6470,1308384.8598127917,6.946802564798356,836985.1981869569,471399.66162583476,471399.66162583476
6471,684349.1859828631,6.783496175390799,781069.0904538096,0.0,0.0
6472,421425.9540217985,6.469445426530114,674980.2899116896,0.0,0.0
6473,495416.3276283196,5.979526258307445,530945.7952131032,0.0,0.0
6474,467516.6853214949,4.848943562408978,264447.30578339763,203069.37953809724,203069.37953809724
6475,493884.4709876669,4.735885292819131,243825.47741020954,250058.99357745738,250058.99357745738
6476,502054.8359924447,4.811257472545696,257573.36299233497,244481.47300010975,244481.47300010975
6477,502013.9752384736,4.974563861953253,287360.44842027326,214653.52681820036,214653.52681820036
6478,470399.83304445865,5.137870251360808,322662.3439026437,147737.48914181493,147737.48914181493
6479,435604.4732483853,5.238366490996228,345012.70759756106,90591.76565082424,90591.76565082424
6480,406593.057122968,5.250928520950655,347806.5030594257,58786.55406354234,58786.55406354234
6481,334713.7448381462,5.2258044610418,342218.91213569645,0.0,0.0
6482,355465.0772228556,5.188118371178518,333837.5257501025,21627.55147275311,21627.55147275311
6483,377624.3789699137,5.125308221406382,319868.54844077927,57755.83052913443,57755.83052913443
6484,401733.9318212092,5.024811981770962,297518.184745862,104215.74707534723,104215.74707534723
6485,364370.47968371375,4.874067622317833,269029.9343107727,95340.54537294107,95340.54537294107
6486,431594.1800226313,4.64795108313814,227786.27756439673,203807.90245823457,203807.90245823457
6487,392664.69685244304,4.836381532454551,262155.9915197101,130508.70533273293,130508.70533273293
6488,390295.78245756665,5.652913479492332,443936.1509367572,0.0,0.0
6489,408617.52142937866,5.703161599310042,457322.25005619525,0.0,0.0
6490,404752.5411645423,5.904154078580881,510866.64653394656,0.0,0.0
6491,388742.4851251071,6.368949186894695,645313.799971314,0.0,0.0
6492,415068.8251649694,6.858868355117363,806876.5247921853,0.0,0.0
6493,338759.5331248515,7.26085331365904,957245.8163034165,0.0,0.0
6494,407695.32314438897,7.461845792929879,1035874.0741941688,0.0,0.0
6495,401201.7277259275,7.285977373567895,967074.3485397605,0.0,0.0
6496,876771.0793085234,6.846306325162936,802575.2857357893,74195.79357273411,74195.79357273411
6497,446751.653243877,6.105146557851719,567439.2638778274,0.0,0.0
6498,524758.8304566472,4.735885292819131,243825.47741020954,280933.35304643767,280933.35304643767
6499,551164.9725744664,4.459520633821729,194744.28681973062,356420.6857547357,356420.6857547357
6500,544657.5545480143,4.384148454095165,183468.60873263664,361188.94581537764,361188.94581537764
6501,486880.3917007423,4.346462364231882,177830.76968908953,309049.6220116528,309049.6220116528
6502,447960.972557024,4.321338304323027,174072.21032672486,273888.7622302991,273888.7622302991
6503,435952.4188579232,4.296214244414172,170313.6509643602,265638.767893563,265638.767893563
6504,329679.8800751697,4.321338304323027,174072.21032672486,155607.66974844487,155607.66974844487
6505,349069.40872057184,4.396710484049592,185347.888413819,163721.52030675285,163721.52030675285
6506,356441.1478925176,4.572578903411576,214038.39198227142,142402.7559102462,142402.7559102462
6507,374694.5703621355,4.7861334126368416,252990.7344649599,121703.83589717557,121703.83589717557
6508,366375.44693462993,4.974563861953253,287360.44842027326,79014.99851435667,79014.99851435667
6509,369093.9375880976,5.112746191451954,317074.75297891465,52019.184609182936,52019.184609182936
6510,408116.3960884396,5.213242431087374,339425.11667383194,68691.27941460768,68691.27941460768
6511,402863.3875016468,6.0046503182163,537772.7739374518,0.0,0.0
6512,402204.4681784204,6.959364594752782,841286.4372433525,0.0,0.0
6513,400794.2260197368,7.223167223795758,942503.0179489006,0.0,0.0
6514,391549.9223079719,7.436721733021024,1026045.5419578245,0.0,0.0
6515,376796.2968895433,7.612590152383007,1100429.7391704293,0.0,0.0
6516,390789.07660342864,7.675400302155145,1128116.4531899882,0.0,0.0
6517,313061.89686611487,7.625152182337435,1105967.0819743413,0.0,0.0
6518,367870.04241173447,7.524655942702016,1061668.3395430488,0.0,0.0
6519,384549.44602028746,7.273415343613467,962160.0824215884,0.0,0.0
6520,993951.72047593,6.896554444980645,819780.241961373,174171.478514557,174171.478514557
6521,508946.0367041736,6.3815112168491215,649022.1112138606,0.0,0.0
6522,511696.7574157256,5.288614610813937,356187.8894450196,155508.86797070602,155508.86797070602
6523,520209.51023059565,5.075060101588671,308693.3665933205,211516.14363727515,211516.14363727515
6524,498052.6752810523,4.924315742135542,278195.1913655229,219857.4839155294,219857.4839155294
6525,511350.10791793256,4.798695442591269,255282.04872864747,256068.0591892851,256068.0591892851
6526,475333.5452108944,4.798695442591269,255282.04872864747,220051.4964822469,220051.4964822469
6527,391106.020253989,4.848943562408978,264447.30578339763,126658.71447059134,126658.71447059134
6528,312118.46317836014,4.899191682226688,273612.5628381478,38505.900340212334,38505.900340212334
6529,369964.8358763128,4.962001831998825,285069.13415658573,84895.70171972708,84895.70171972708
6530,388497.57790033583,5.024811981770962,297518.184745862,90979.39315447386,90979.39315447386
6531,391874.5482735938,5.049936041679817,303105.77566959127,88768.77260400256,88768.77260400256
6532,421100.7642594588,4.98712589190768,289651.76268396084,131449.00157549797,131449.00157549797
6533,382326.059181564,4.924315742135542,278195.1913655229,104130.86781604111,104130.86781604111
6534,405652.4590908784,4.861505592363406,266738.6200470852,138913.83904379315,138913.83904379315
6535,416039.1123575284,5.175556341224091,331043.73028823786,84995.38206929056,84995.38206929056
6536,401120.5108733196,5.740847689173324,467361.8243957736,0.0,0.0
6537,403397.9979889602,5.4519210002214935,392507.23044926015,10890.767539700028,10890.767539700028
6538,405455.0945235212,5.288614610813937,356187.8894450196,49267.2050785016,49267.2050785016
6539,347179.7927576753,5.288614610813937,356187.8894450196,0.0,0.0
6540,398489.4527428789,5.363986790540501,372950.6622162074,25538.79052667145,25538.79052667145
6541,347960.4180132851,5.42679694031264,386919.6395255311,0.0,0.0
6542,343553.8446065657,5.6403514495379055,440589.62615689804,0.0,0.0
6543,381413.8315215509,5.7910958089910345,480747.9235152116,0.0,0.0
6544,1031857.6573392326,5.753409719127752,470708.349175633,561149.3081635996,561149.3081635996
6545,477675.2062725795,5.489607090084776,400888.61683485424,76786.58943772526,76786.58943772526
6546,448521.5432032473,4.685637173001422,234660.22035545937,213861.32284778793,213861.32284778793
6547,508907.42087163776,4.547454843502721,209455.76345489634,299451.6574167414,299451.6574167414
6548,488772.3812117877,4.3087762743686,172192.93064554254,316579.4505662451,316579.4505662451
6549,483179.2708784567,3.994725525507915,125379.72179973079,357799.5490787259,357799.5490787259
6550,445472.38344645273,3.693236806601657,89924.64845635489,355547.7349900978,355547.7349900978
6551,398655.0920410585,3.4294341775586816,60990.20762516399,337664.8844158945,337664.8844158945
6552,317186.70792153204,3.1907556084245607,39986.49354136134,277200.2143801707,277200.2143801707
6553,368164.0678236308,3.065135308880287,28931.90718146524,339232.1606421656,339232.1606421656
6554,363754.9408140853,3.0902593687891415,31142.824453444453,332612.11636064085,332612.11636064085
6555,389320.166182577,3.1907556084245607,39986.49354136134,349333.6726412157,349333.6726412157
6556,383134.9172637609,3.1530695185612783,36670.11763339249,346464.79963036836,346464.79963036836
6557,391292.249842413,2.977201099199295,22142.131002847287,369150.1188395657,369150.1188395657
6558,401429.1264781709,2.7887706498828844,13398.958154565835,388030.1683236051,388030.1683236051
6559,397559.321257621,2.71339847015632,9901.689015253241,387657.6322423678,387657.6322423678
6560,398329.6974868708,3.2912518480599804,48830.162629278275,349499.53485759255,349499.53485759255
6561,447298.8721057957,3.379186057740972,56568.37308120552,390730.4990245902,390730.4990245902
6562,415644.3649323887,3.4545582374675363,63201.1248971432,352443.2400352455,352443.2400352455
6563,380393.6469443944,3.5550544771029555,73674.40650730756,306719.24043708685,306719.24043708685
6564,396260.8418854199,3.718360866510512,92879.2379016362,303381.60398378375,303381.60398378375
6565,303420.3537887908,3.9821634955534875,123902.42707709012,179517.92671170068,179517.92671170068
6566,392829.45449749485,4.346462364231882,177830.76968908953,214998.68480840532,214998.68480840532
6567,376575.0706519969,4.761009352727987,248408.10593758483,128166.96471441205,128166.96471441205
6568,1084873.595378555,5.037374011725389,300311.9802077266,784561.6151708283,784561.6151708283
6569,471919.1301016446,5.024811981770962,297518.184745862,174400.94535578263,174400.94535578263
6570,542914.4653646009,4.220842064687608,159037.9728772662,383876.49248733465,383876.49248733465
6571,501808.7838927819,3.9570394356446323,120947.83763180877,380860.9462609731,380860.9462609731
6572,518369.0734642815,3.6429886867839474,84015.46956579221,434353.60389848927,434353.60389848927
6573,450622.5940725409,3.4043101176498265,58779.29035318473,391843.30371935613,391843.30371935613
6574,464616.4549707401,3.3038138780144073,49935.621265267844,414680.83370547224,414680.83370547224
6575,391884.5755113583,3.1405074886068514,35564.65899740291,356319.9165139554,356319.9165139554
6576,356161.22757849365,2.9269529793815856,19810.618243305573,336350.60933518806,336350.60933518806
6577,380371.0743776674,2.7636465899740292,12233.201774794956,368137.87260287243,368137.87260287243
6578,322163.32042701874,2.851580799655021,16313.349103992976,305849.97132302576,305849.97132302576
6579,393191.1906000303,3.1530695185612783,36670.11763339249,356521.0729666378,356521.0729666378
6580,397316.0364092034,3.504806357285246,67765.22761674495,329550.8087924585,329550.8087924585
6581,381793.233451924,3.8062950761915033,103220.30096012079,278572.9324918032,278572.9324918032
6582,441292.2900387645,3.994725525507915,125379.72179973079,315912.5682390337,315912.5682390337
6583,422331.0350169896,4.25852815455089,164675.8119208132,257655.22309617643,257655.22309617643
6584,349950.5344734821,4.735885292819131,243825.47741020954,106125.05706327257,106125.05706327257
6585,401875.5195344808,4.5223307835938655,204873.13492752108,197002.38460695973,197002.38460695973
6586,436316.61148141255,4.183155974824326,153400.1338337192,282916.47764769336,282916.47764769336
6587,417866.9419006392,3.9821634955534875,123902.42707709012,293964.5148235491,293964.5148235491
6588,396184.7337225145,3.856543196009213,109129.47985068346,287055.253871831,287055.253871831
6589,315111.58598571515,3.5927405669662376,78106.29067522954,237005.2953104856,237005.2953104856
6590,445749.74914165016,3.6053025969206653,79583.58539787025,366166.1637437799,366166.1637437799
6591,395829.0878510097,3.9821634955534875,123902.42707709012,271926.66077391955,271926.66077391955
6592,965690.0681040912,4.509768753639438,202581.82066383353,763108.2474402577,763108.2474402577
6593,513880.74530841503,4.962001831998825,285069.13415658573,228811.6111518293,228811.6111518293
6594,483703.0627000603,4.98712589190768,289651.76268396084,194051.30001609947,194051.30001609947
6595,507925.98857789097,4.911753712181116,275903.8771018355,232022.11147605546,232022.11147605546
6596,552884.6218838678,4.283652214459745,168434.37128317787,384450.2506006899,384450.2506006899
6597,500433.7966122589,3.693236806601657,89924.64845635489,410509.148155904,410509.148155904
6598,442884.664733305,3.3917480876953996,57673.83171719517,385210.8330161098,385210.8330161098
6599,400551.2784342824,3.203317638378988,41091.95217735095,359459.32625693147,359459.32625693147
6600,398198.8028479834,3.014887189062577,24510.07263750678,373688.7302104766,373688.7302104766
6601,415386.074009725,2.7259605001107468,10484.56720513865,404901.5068045864,404901.5068045864
6602,370481.4050948626,2.449595841113344,0.0,370481.4050948626,370481.4050948626
6603,387962.07349771576,2.198355242024796,0.0,387962.07349771576,387962.07349771576
6604,371952.9973635477,1.8717424632096833,0.0,371952.9973635477,371952.9973635477
6605,358987.8876333148,1.5325676544401434,0.0,358987.8876333148,358987.8876333148
6606,404980.0933282475,1.2938890853060228,0.0,404980.0933282475,404980.0933282475
6607,381624.8962437949,1.118020665944039,0.0,381624.8962437949,381624.8962437949
6608,375320.9817757199,0.8290939769922088,0.0,375320.9817757199,375320.9817757199
6609,431116.874866991,0.3266127788151125,0.0,431116.874866991,431116.874866991
6610,536105.2786411397,0.6155394677669428,0.0,536105.2786411397,536105.2786411397
6611,448093.58456231153,1.2436409654883132,0.0,448093.58456231153,448093.58456231153
6612,554546.3905503612,1.98480073279953,0.0,554546.3905503612,554546.3905503612
6613,418823.3173636914,2.876704859563876,17479.105483763837,401344.21187992755,401344.21187992755
6614,1317192.7183473252,3.856543196009213,109129.47985068346,1208063.2384966419,1208063.2384966419
6615,662403.3622965596,4.64795108313814,227786.27756439673,434617.0847321629,434617.0847321629
6616,433420.7568507743,5.062498071634245,305899.57113145606,127521.18571931822,127521.18571931822
6617,491664.0163920145,5.062498071634245,305899.57113145606,185764.44526055845,185764.44526055845
6618,504301.8039358848,4.333900334277455,175951.49000790733,328350.31392797746,328350.31392797746
6619,504247.3215245816,4.057535675280052,134607.33702189577,369639.98450268584,369639.98450268584
6620,503723.3771738988,3.4419962075131094,62095.66626115362,441627.71091274515,441627.71091274515
6621,525494.3575658138,2.7887706498828844,13398.958154565835,512095.399411248,512095.399411248
6622,495357.3114443124,2.198355242024796,0.0,495357.3114443124,495357.3114443124
6623,417011.9201449722,1.607939834166708,0.0,417011.9201449722,417011.9201449722
6624,434028.51619028905,1.0677725461263294,0.0,434028.51619028905,434028.51619028905
6625,421652.25108959054,0.67834961753908,0.0,421652.25108959054,421652.25108959054
6626,353577.2308532376,0.6281014977213702,0.0,353577.2308532376,353577.2308532376
6627,372654.1455498318,0.7662838272200717,0.0,372654.1455498318,372654.1455498318
6628,425386.2075504214,0.9547142765364828,0.0,425386.2075504214,425386.2075504214
6629,360246.7366333752,1.180830815716176,0.0,360246.7366333752,360246.7366333752
6630,402319.9424723944,1.432071414804724,0.0,402319.9424723944,402319.9424723944
6631,343387.60599570186,1.7084360738021271,0.0,343387.60599570186,343387.60599570186
6632,359162.53768233885,2.512405990885481,575.6379770863184,358586.89970525255,358586.89970525255
6633,372773.9544288256,2.977201099199295,22142.131002847287,350631.8234259783,350631.8234259783
6634,515621.8240237203,3.1405074886068514,35564.65899740291,480057.16502631735,480057.16502631735
6635,462301.1322269252,3.1907556084245607,39986.49354136134,422314.63868556387,422314.63868556387
6636,499025.6397982062,3.2912518480599804,48830.162629278275,450195.47716892796,450195.47716892796
6637,414279.5258653525,3.6053025969206653,79583.58539787025,334695.9404674822,334695.9404674822
6638,1365768.97253036,4.057535675280052,134607.33702189577,1231161.6355084644,1231161.6355084644
6639,743334.8743462999,4.4092725140040185,187227.1680950012,556107.7062512988,556107.7062512988
6640,432022.5481159665,4.660513113092567,230077.5918280843,201944.9562878822,201944.9562878822
6641,430343.3387411207,4.7861334126368416,252990.7344649599,177352.6042761608,177352.6042761608
6642,443648.8845287575,4.296214244414172,170313.6509643602,273335.2335643973,273335.2335643973
6643,501214.8685307407,4.3715864241407365,181589.32905145417,319625.5394792865,319625.5394792865
6644,516899.0069748873,4.321338304323027,174072.21032672486,342826.7966481624,342826.7966481624
6645,531725.3477499041,4.296214244414172,170313.6509643602,361411.6967855439,361411.6967855439
6646,476531.48878388695,4.132907855006616,145883.01510898976,330648.4736748972,330648.4736748972
6647,489694.60202195466,3.818857106145931,104697.59568276149,384997.0063391932,384997.0063391932
6648,416974.0724120193,3.5550544771029555,73674.40650730756,343299.66590471176,343299.66590471176
6649,356561.79575290065,3.379186057740972,56568.37308120552,299993.4226716951,299993.4226716951
6650,362840.2966884801,3.2284416982878428,43302.86944933016,319537.42723915,319537.42723915
6651,374186.4207275586,3.027449219017005,25615.53127349642,348570.8894540622,348570.8894540622
6652,377663.2759094934,2.7385225300651745,11067.445395024099,366595.8305144693,366595.8305144693
6653,350176.6955619369,2.411909751250062,0.0,350176.6955619369,350176.6955619369
6654,421915.5896591728,2.085296972434949,0.0,421915.5896591728,421915.5896591728
6655,415798.46840320376,1.8214943433919737,0.0,415798.46840320376,415798.46840320376
6656,415259.83064280736,2.0601729125260944,0.0,415259.83064280736,415259.83064280736
6657,395621.9816952491,2.474719901022199,0.0,395621.9816952491,395621.9816952491
6658,388644.77783666766,3.165631548515706,37775.57626938213,350869.2015672855,350869.2015672855
6659,394196.811892949,3.7434849264193666,95833.82734691752,298362.98454603145,298362.98454603145
6660,402864.7323668405,4.107783795097761,142124.4557466251,260740.27662021536,260740.27662021536
6661,316954.77684889734,4.459520633821729,194744.28681973062,122210.49002916671,122210.49002916671
6662,374560.1991551269,4.710761232910277,239242.84888283446,135317.35027229242,135317.35027229242
6663,416870.182698138,4.874067622317833,269029.9343107727,147840.2483873653,147840.2483873653
6664,1003525.164439163,5.062498071634245,305899.57113145606,697625.593307707,697625.593307707
6665,466478.43924279616,5.112746191451954,317074.75297891465,149403.6862638815,149403.6862638815
6666,504386.6415834748,4.5223307835938655,204873.13492752108,299513.5066559537,299513.5066559537
6667,503146.348821289,4.4469586038673015,192865.00713854833,310281.3416827407,310281.3416827407
6668,545047.1572889664,4.158031914915471,149641.57447135443,395405.5828176119,395405.5828176119
6669,492552.67172272655,3.8942292858724956,113561.36401860548,378991.30770412105,378991.30770412105
6670,446986.70709048805,3.693236806601657,89924.64845635489,357062.0586341332,357062.0586341332
6671,388639.1393360519,3.567616507057383,75151.70122994823,313487.4381061037,313487.4381061037
6672,355024.9356860639,3.4545582374675363,63201.1248971432,291823.8107889207,291823.8107889207
6673,356641.21412662254,3.253565758196698,45513.786721309414,311127.4274053131,311127.4274053131
6674,348187.9651931849,3.065135308880287,28931.90718146524,319256.05801171967,319256.05801171967
6675,396564.2165326485,2.914390949427158,19227.740053420122,377336.47647922835,377336.47647922835
6676,362867.7557797872,2.826456739746166,15147.5927242221,347720.1630555651,347720.1630555651
6677,408290.4862109908,2.7510845600196014,11650.323584909505,396640.1626260813,396640.1626260813
6678,395796.3023604169,2.6254642604753275,5821.541686055199,389974.7606743617,389974.7606743617
6679,428911.9981991894,2.550092080748763,2324.272546742605,426587.7256524468,426587.7256524468
6680,376281.3969947016,2.7259605001107468,10484.56720513865,365796.82978956297,365796.82978956297
6681,425163.6923971233,2.7636465899740292,12233.201774794956,412930.49062232836,412930.49062232836
6682,401502.0137283937,3.00232515910815,23404.61400151721,378097.3997268765,378097.3997268765
6683,436123.2253051647,3.3038138780144073,49935.621265267844,386187.60403989686,386187.60403989686
6684,384708.60096281767,3.7057988365560846,91401.94317899554,293306.65778382216,293306.65778382216
6685,336463.1518309668,4.195718004778753,155279.41351490142,181183.7383160654,181183.7383160654
6686,383713.3814073273,4.660513113092567,230077.5918280843,153635.78957924302,153635.78957924302
6687,393853.94201555935,4.962001831998825,285069.13415658573,108784.80785897363,108784.80785897363
6688,956401.6911777806,5.137870251360808,322662.3439026437,633739.347275137,633739.347275137
6689,469581.40065169166,5.238366490996228,345012.70759756106,124568.69305413059,124568.69305413059
6690,524287.7909412075,4.723323262864704,241534.163146522,282753.6277946855,282753.6277946855
6691,467353.0779709518,4.534892813548293,207164.44919120864,260188.62877974316,260188.62877974316
6692,505660.7390189254,4.158031914915471,149641.57447135443,356019.164547571,356019.164547571
6693,514729.9861014171,3.9444774056902054,119470.54290916816,395259.44319224893,395259.44319224893
6694,459327.6905300752,3.8314191361003584,106174.89040540216,353152.80012467306,353152.80012467306
6695,399942.8492593003,3.7434849264193666,95833.82734691752,304109.02191238274,304109.02191238274
6696,382618.5255608581,3.68067477664723,88447.35373371423,294171.1718271439,294171.1718271439
6697,329636.8095417876,3.6178646268750927,81060.8801205109,248575.9294212767,248575.9294212767
6698,373734.8602762765,3.4671202674219637,64306.583533132805,309428.2767431437,309428.2767431437
6699,338242.7488029469,3.2284416982878428,43302.86944933016,294939.87935361674,294939.87935361674
6700,381271.81240256765,3.0400112489714317,26720.98990948599,354550.8224930817,354550.8224930817
6701,376932.0358329031,2.8390187697005933,15730.47091410753,361201.5649187956,361201.5649187956
6702,398937.4943865251,2.6003402005664724,4655.78530628432,394281.7090802408,394281.7090802408
6703,388345.1842812229,2.449595841113344,0.0,388345.1842812229,388345.1842812229
6704,425872.8043292413,2.700836440201892,9318.810825367791,416553.99350387347,416553.99350387347
6705,413079.1730455645,2.8390187697005933,15730.47091410753,397348.702131457,397348.702131457
6706,442928.80704347993,2.9897631291537223,22725.009192732716,420203.79785074724,420203.79785074724
6707,425609.1557471671,3.2410037282422706,44408.32808531981,381200.82766184735,381200.82766184735
6708,373779.2874716505,3.7057988365560846,91401.94317899554,282377.344292655,282377.344292655
6709,333593.8987770522,4.245966124596463,162796.5322396309,170797.36653742127,170797.36653742127
6710,413607.7104634493,4.748447322773559,246116.7916738971,167490.9187895522,167490.9187895522
6711,396071.1899083406,5.188118371178518,333837.5257501025,62233.6641582381,62233.6641582381
6712,1009793.6782242104,5.502169120039203,403777.85357844364,606015.8246457668,606015.8246457668
6713,481469.5708218906,5.765971749082179,474054.87395549245,7414.696866398153,7414.696866398153
6714,470238.1979904442,5.32630070067722,364569.27583061374,105668.92215983046,105668.92215983046
6715,529298.5565099847,5.049936041679817,303105.77566959127,226192.7808403934,226192.7808403934
6716,507779.3247491866,4.622827023229285,223203.64903702162,284575.67571216496,284575.67571216496
6717,466767.14640719385,4.434396573912874,190985.72745736598,275781.4189498279,275781.4189498279
6718,452283.9958521672,4.333900334277455,175951.49000790733,276332.50584425987,276332.50584425987
6719,403642.0724134336,4.145469884961043,147762.2947901721,255879.77762326147,255879.77762326147
6720,370141.5640830774,3.8314191361003584,106174.89040540216,263966.67367767525,263966.67367767525
6721,369754.2093641468,3.4922443273308184,66517.50080511202,303236.7085590348,303236.7085590348
6722,369462.3808331349,3.354061997832117,54357.45580922631,315104.9250239086,315104.9250239086
6723,339275.38552619104,3.366624027786545,55462.91444521596,283812.4710809751,283812.4710809751
6724,388342.617300927,3.3917480876953996,57673.83171719517,330668.78558373183,330668.78558373183
6725,356426.6201199981,3.366624027786545,55462.91444521596,300963.70567478216,300963.70567478216
6726,390451.55954517977,3.2912518480599804,48830.162629278275,341621.3969159015,341621.3969159015
6727,396326.9300233,3.4043101176498265,58779.29035318473,337547.63967011526,337547.63967011526
6728,381510.5304249984,3.8942292858724956,113561.36401860548,267949.1664063929,267949.1664063929
6729,380245.00078932807,3.7560469563737944,97311.12206955822,282933.8787197699,282933.8787197699
6730,414001.6259549776,3.668112746692802,86970.05901107354,327031.56694390404,327031.56694390404
6731,422776.80775696976,3.379186057740972,56568.37308120552,366208.43467576423,366208.43467576423
6732,379372.6155098213,3.203317638378988,41091.95217735095,338280.66333247034,338280.66333247034
6733,363445.4019627043,3.3289379379232624,52146.5385372471,311298.8634254572,311298.8634254572
6734,382029.4414676629,3.7434849264193666,95833.82734691752,286195.6141207454,286195.6141207454
6735,400468.2824278795,4.245966124596463,162796.5322396309,237671.7501882486,237671.7501882486
6736,1018910.3833744578,4.773571382682413,250699.4202012722,768210.9631731856,768210.9631731856
6737,473905.7814803346,5.351424760586074,370156.8667543428,103748.91472599178,103748.91472599178
6738,485064.7653340077,5.276052580859511,353394.0939831552,131670.67135085247,131670.67135085247
6739,479430.6945123622,5.276052580859511,353394.0939831552,126036.60052920697,126036.60052920697
6740,519471.4771526486,4.69819920295585,236951.53461914707,282519.94253350154,282519.94253350154
6741,505788.2115877576,4.25852815455089,164675.8119208132,341112.3996669444,341112.3996669444
6742,403836.89362898417,4.095221765143334,140245.17606544276,263591.7175635414,263591.7175635414
6743,372717.4882817329,4.057535675280052,134607.33702189577,238110.15125983712,238110.15125983712
6744,370345.0874998095,4.044973645325625,132728.05734071345,237617.03015909606,237617.03015909606
6745,352632.596447317,3.906791315826923,115038.65874124614,237593.93770607084,237593.93770607084
6746,359861.9975346872,3.63042665682952,82538.17484315156,277323.8226915357,277323.8226915357
6747,376860.7911886112,3.3289379379232624,52146.5385372471,324714.2526513641,324714.2526513641
6748,371938.0908491527,3.0400112489714317,26720.98990948599,345217.10093966674,345217.10093966674
6749,362230.8770322461,2.8013326798373113,13981.836344451242,348249.04068779486,348249.04068779486
6750,413679.7807131169,2.6129022305209,5238.663496169769,408441.11721694714,408441.11721694714
6751,401008.54455326,2.550092080748763,2324.272546742605,398684.27200651745,398684.27200651745
6752,401936.74570134777,2.7510845600196014,11650.323584909505,390286.4221164383,390286.4221164383
6753,446182.82922291686,2.6505883203841822,6987.298065826056,439195.5311570908,439195.5311570908
6754,394792.9536680418,2.66315035033861,7570.176255711505,387222.77741233027,387222.77741233027
6755,420618.9842486084,2.7887706498828844,13398.958154565835,407220.0260940426,407220.0260940426
6756,373432.58291987714,2.9897631291537223,22725.009192732716,350707.5737271444,350707.5737271444
6757,313333.6270189562,3.316375907968835,51041.079901257486,262292.5471176987,262292.5471176987
6758,377692.9702708382,3.718360866510512,92879.2379016362,284813.73236920196,284813.73236920196
6759,370466.2513576491,4.032411615371197,130848.77765953113,239617.47369811797,239617.47369811797
6760,1073862.590686158,4.208280034733181,157158.69319608388,916703.8974900742,916703.8974900742
6761,478286.06309405307,4.333900334277455,175951.49000790733,302334.57308614574,302334.57308614574
6762,525539.3923358019,4.032411615371197,130848.77765953113,394690.61467627075,394690.61467627075
6763,504943.87342406285,3.9444774056902054,119470.54290916816,385473.3305148947,385473.3305148947
6764,488904.6929369919,3.655550716738375,85492.76428843293,403411.928648559,403411.928648559
6765,466778.5547202831,3.529930417194101,70719.81706202627,396058.7376582568,396058.7376582568
6766,495020.22106665047,3.63042665682952,82538.17484315156,412482.0462234989,412482.0462234989
6767,404496.52698983095,3.856543196009213,109129.47985068346,295367.0471391475,295367.0471391475
6768,354870.65563621174,3.96960146559906,122425.13235444948,232445.52328176226,232445.52328176226
6769,421751.7368468552,3.9444774056902054,119470.54290916816,302281.193937687,302281.193937687
6770,384151.59292433935,3.7937330462370764,101743.0062374802,282408.58668685914,282408.58668685914
6771,379702.3349932812,3.5801785370118107,76628.99595258894,303073.3390406923,303073.3390406923
6772,377976.6847977381,3.3414999678776898,53251.997173236705,324724.6876245014,324724.6876245014
6773,357207.78043251403,3.1153834286979962,33353.741725423664,323854.03870709037,323854.03870709037
6774,406595.1653570577,2.9269529793815856,19810.618243305573,386784.5471137521,386784.5471137521
6775,351707.7876798112,2.864142829609448,16896.227293878386,334811.5603859328,334811.5603859328
6776,361831.9974047631,3.0525732789258595,27826.448545475636,334005.5488592875,334005.5488592875
6777,411505.3073140116,2.8390187697005933,15730.47091410753,395774.8363999041,395774.8363999041
6778,490782.5507993616,2.349099601477925,0.0,490782.5507993616,490782.5507993616
6779,468946.68556686566,1.5325676544401434,0.0,468946.68556686566,468946.68556686566
6780,507219.2726715911,0.9170281866732005,0.0,507219.2726715911,507219.2726715911
6781,394528.5626007656,0.716035707402362,0.0,394528.5626007656,394528.5626007656
6782,1309693.929887442,1.5200056244857159,0.0,1309693.929887442,1309693.929887442
6783,657439.541618953,2.7887706498828844,13398.958154565835,644040.5834643871,644040.5834643871
6784,441196.9395351028,4.044973645325625,132728.05734071345,308468.88219438936,308468.88219438936
6785,500778.7684799281,5.238366490996228,345012.70759756106,155766.06088236702,155766.06088236702
6786,493062.7756473589,5.728285659218896,464015.2996159139,29047.476031445025,29047.476031445025
6787,467523.4331987512,5.728285659218896,464015.2996159139,3508.1335828372976,3508.1335828372976
6788,493983.3392318332,5.250928520950655,347806.5030594257,146176.8361724075,146176.8361724075
6789,487820.6375771093,5.087622131543099,311487.1620551851,176333.47552192415,176333.47552192415
6790,493832.2107745896,5.3011766407683645,358981.6849068843,134850.52586770535,134850.52586770535
6791,467364.10913656297,5.338862730631647,367363.07129247836,100001.03784408461,100001.03784408461
6792,390141.8098210165,4.936877772089971,280486.5056292106,109655.30419180589,109655.30419180589
6793,430510.9875216104,4.321338304323027,174072.21032672486,256438.77719488554,256438.77719488554
6794,410447.4738430316,3.856543196009213,109129.47985068346,301317.99399234814,301317.99399234814
6795,357792.564709654,3.517368387239673,69242.52233938556,288550.0423702685,288550.0423702685
6796,398116.7302026908,3.127945458652424,34459.20036141331,363657.5298412775,363657.5298412775
6797,376533.0696309595,2.6882744102474647,8735.932635482362,367797.13699547714,367797.13699547714
6798,405198.06699339167,2.2611653917969328,0.0,405198.06699339167,405198.06699339167
6799,368449.79853544326,1.859180433255256,0.0,368449.79853544326,368449.79853544326
6800,332465.1361986395,1.5451296843945708,0.0,332465.1361986395,332465.1361986395
6801,412398.2415055984,1.118020665944039,0.0,412398.2415055984,412398.2415055984
6802,500935.6747061282,0.8290939769922088,0.0,500935.6747061282,500935.6747061282
6803,494762.4868554851,0.9044661567187732,0.0,494762.4868554851,494762.4868554851
6804,507469.7640564611,1.432071414804724,0.0,507469.7640564611,507469.7640564611
6805,413288.0342408575,2.0224868226628123,0.0,413288.0342408575,413288.0342408575
6806,1267335.072249844,2.512405990885481,575.6379770863184,1266759.4342727577,1266759.4342727577
6807,746735.8297324189,2.9520770392904403,20976.374623076426,725759.4551093425,725759.4551093425
6808,471802.7461319782,3.4294341775586816,60990.20762516399,410812.53850681416,410812.53850681416
6809,468404.0560486223,4.007287555462342,127090.21829716631,341313.83775145595,341313.83775145595
6810,455061.3730134481,4.497206723685011,200382.12586327762,254679.24715017047,254679.24715017047
6811,556421.2109365723,4.5977029633204305,218621.02050964654,337800.1904269258,337800.1904269258
6812,486761.167142829,4.4469586038673015,192865.00713854833,293896.1600042806,293896.1600042806
6813,471236.58977160114,4.35902439418631,179710.04937027197,291526.54040132917,291526.54040132917
6814,517076.87352379214,4.245966124596463,162796.5322396309,354280.3412841612,354280.3412841612
6815,465261.41787869774,3.96960146559906,122425.13235444948,342836.28552424826,342836.28552424826
6816,402580.4744008907,3.6429886867839474,84015.46956579221,318565.0048350985,318565.0048350985
6817,344100.3502451138,3.529930417194101,70719.81706202627,273380.5331830875,273380.5331830875
6818,349605.6598639987,3.504806357285246,67765.22761674495,281840.4322472538,281840.4322472538
6819,368937.2890072983,3.2786898181055526,47724.703993288625,321212.5850140097,321212.5850140097
6820,392416.85343625577,3.1405074886068514,35564.65899740291,356852.19443885284,356852.19443885284
6821,406648.4521889028,3.165631548515706,37775.57626938213,368872.8759195207,368872.8759195207
6822,395697.5622323751,3.3289379379232624,52146.5385372471,343551.023695128,343551.023695128
6823,402259.94189633377,3.4671202674219637,64306.583533132805,337953.35836320097,337953.35836320097
6824,440049.5582550916,4.296214244414172,170313.6509643602,269735.90729073144,269735.90729073144
6825,402477.81588369614,4.534892813548293,207164.44919120864,195313.3666924875,195313.3666924875
6826,375226.5948671379,4.673075143046995,232368.90609177182,142857.68877536608,142857.68877536608
6827,413752.15746632987,4.007287555462342,127090.21829716631,286661.9391691636,286661.9391691636
6828,438097.7488733772,3.2661277881511253,46619.24535729902,391478.5035160782,391478.5035160782
6829,342556.69124984945,2.5375300507943357,1741.3943568571758,340815.2968929923,340815.2968929923
6830,391290.307983034,1.9471146429362478,0.0,391290.307983034,391290.307983034
6831,417156.3947137659,1.6833120138932725,0.0,417156.3947137659,417156.3947137659
6832,958928.5684751826,1.7838082535286914,0.0,958928.5684751826,958928.5684751826
6833,477097.7733519225,2.0601729125260944,0.0,477097.7733519225,477097.7733519225
6834,515329.030240791,2.826456739746166,15147.5927242221,500181.43751656887,500181.43751656887
6835,469940.76200247474,3.4922443273308184,66517.50080511202,403423.26119736274,403423.26119736274
6836,515361.2021628938,3.5927405669662376,78106.29067522954,437254.9114876642,437254.9114876642
6837,526090.0557182187,3.63042665682952,82538.17484315156,443551.8808750671,443551.8808750671
6838,433234.69943307247,3.906791315826923,115038.65874124614,318196.0406918263,318196.0406918263
6839,383765.80052582384,3.8062950761915033,103220.30096012079,280545.49956570304,280545.49956570304
6840,368200.1335885104,3.4922443273308184,66517.50080511202,301682.6327833984,301682.6327833984
6841,377193.9864384996,3.253565758196698,45513.786721309414,331680.1997171902,331680.1997171902
6842,352745.7086387143,3.1907556084245607,39986.49354136134,312759.2150973529,312759.2150973529
6843,366324.3135837998,3.2661277881511253,46619.24535729902,319705.06822650076,319705.06822650076
6844,374457.2003373404,3.529930417194101,70719.81706202627,303737.3832753141,303737.3832753141
6845,379942.2857252757,3.7309228964649397,94356.53262427691,285585.7531009988,285585.7531009988
6846,411004.7323132656,3.906791315826923,115038.65874124614,295966.07357201946,295966.07357201946
6847,407521.3816382854,4.158031914915471,149641.57447135443,257879.807166931,257879.807166931
6848,434517.5183440311,5.477045060130349,398094.8213729896,36422.6969710415,36422.6969710415
6849,443909.84494220087,5.250928520950655,347806.5030594257,96103.34188277519,96103.34188277519
6850,402819.0270276381,5.012249951816535,294724.3892839973,108094.63774364081,108094.63774364081
6851,356555.84013985004,4.836381532454551,262155.9915197101,94399.84862013994,94399.84862013994
6852,402948.28740582126,4.6353890531837125,225494.96330070918,177453.3241051121,177453.3241051121
6853,368191.9533633734,4.25852815455089,164675.8119208132,203516.1414425602,203516.1414425602
6854,396552.4165965583,3.4922443273308184,66517.50080511202,330034.9157914463,330034.9157914463
6855,418325.1783895526,2.7762086199284566,12816.079964680386,405509.0984248722,405509.0984248722
6856,1041175.6699535346,2.047610882571667,0.0,1041175.6699535346,1041175.6699535346
6857,473787.8866175328,1.1682687857617486,0.0,473787.8866175328,473787.8866175328
6858,465047.28503844165,0.590415407858088,0.0,465047.28503844165,465047.28503844165
6859,486659.6420948924,0.18843044931641106,0.0,486659.6420948924,486659.6420948924
6860,536862.072457505,0.8290939769922088,0.0,536862.072457505,536862.072457505
6861,536442.1436023128,1.4446334447591516,0.0,536442.1436023128,536442.1436023128
6862,441980.3716461008,2.148107122207086,0.0,441980.3716461008,441980.3716461008
6863,357811.4139047295,2.813894709791739,14564.714534336692,343246.6993703928,343246.6993703928
6864,348090.2574191965,3.366624027786545,55462.91444521596,292627.3429739805,292627.3429739805
6865,345032.62377215346,3.7560469563737944,97311.12206955822,247721.50170259524,247721.50170259524
6866,394166.78115601325,4.007287555462342,127090.21829716631,267076.56285884697,267076.56285884697
6867,410762.6635888745,4.120345825052189,144003.73542780743,266758.9281610671,266758.9281610671
6868,366218.8958716613,4.195718004778753,155279.41351490142,210939.4823567599,210939.4823567599
6869,390180.4351057882,4.220842064687608,159037.9728772662,231142.46222852197,231142.46222852197
6870,421542.54984184913,4.120345825052189,144003.73542780743,277538.8144140417,277538.8144140417
6871,399250.63821134745,3.7937330462370764,101743.0062374802,297507.63197386725,297507.63197386725
6872,421068.2968969025,4.208280034733181,157158.69319608388,263909.6037008186,263909.6037008186
6873,442879.3008952253,4.233404094642036,160917.25255844856,281962.0483367768,281962.0483367768
6874,418095.415382716,3.9570394356446323,120947.83763180877,297147.5777509072,297147.5777509072
6875,396957.1825602032,3.7686089863282213,98788.41679219883,298168.76576800435,298168.76576800435
6876,409334.0270685248,3.4419962075131094,62095.66626115362,347238.36080737115,347238.36080737115
6877,360219.06736348424,3.2912518480599804,48830.162629278275,311388.904734206,311388.904734206
6878,423431.8777297517,3.0776973388347146,30037.365817454887,393394.5119122968,393394.5119122968
6879,429331.3246715911,2.71339847015632,9901.689015253241,419429.6356563379,419429.6356563379
6880,910787.3631058048,2.148107122207086,0.0,910787.3631058048,910787.3631058048
6881,484205.3708491615,1.607939834166708,0.0,484205.3708491615,484205.3708491615
6882,509319.7597899769,1.8089323134375463,0.0,509319.7597899769,509319.7597899769
6883,477926.5681707003,2.3114135116146426,0.0,477926.5681707003,477926.5681707003
6884,530512.9088915448,2.9897631291537223,22725.009192732716,507787.89969881205,507787.89969881205
6885,502735.69670955074,3.7434849264193666,95833.82734691752,406901.8693626332,406901.8693626332
6886,448519.46506932814,4.472082663776156,196623.56650091297,251895.89856841517,251895.89856841517
6887,377422.4192296687,4.836381532454551,262155.9915197101,115266.42770995857,115266.42770995857
6888,370904.9839563321,5.075060101588671,308693.3665933205,62211.61736301158,62211.61736301158
6889,386863.9172843607,5.3011766407683645,358981.6849068843,27882.232377476408,27882.232377476408
6890,379445.13280769176,5.477045060130349,398094.8213729896,0.0,0.0
6891,353688.4712048017,5.577541299765769,423857.0022576008,0.0,0.0
6892,356750.9879203049,5.6026653596746225,430550.0518173195,0.0,0.0
6893,369404.753652943,5.51473114999363,407124.3783583031,0.0,0.0
6894,420846.4595379173,5.351424760586074,370156.8667543428,50689.59278357448,50689.59278357448
6895,397505.9325411476,4.962001831998825,285069.13415658573,112436.79838456184,112436.79838456184
6896,394882.2142941918,5.213242431087374,339425.11667383194,55457.097620359855,55457.097620359855
6897,424554.934570672,4.98712589190768,289651.76268396084,134903.17188671115,134903.17188671115
6898,424251.400592631,4.3715864241407365,181589.32905145417,242662.07154117685,242662.07154117685
6899,401177.3355475079,3.9319153757357777,117993.24818652745,283184.08736098045,283184.08736098045
6900,407522.5898203396,3.4419962075131094,62095.66626115362,345426.92355918593,345426.92355918593
6901,354871.63740714395,3.203317638378988,41091.95217735095,313779.685229793,313779.685229793
6902,377273.0730103979,2.9269529793815856,19810.618243305573,357462.4547670923,357462.4547670923
6903,426502.6972091208,2.5752161406576177,3490.0289265134625,423012.66828260734,423012.66828260734
6904,949102.2755746616,2.110421032343804,0.0,949102.2755746616,949102.2755746616
6905,492691.1502506402,1.607939834166708,0.0,492691.1502506402,492691.1502506402
6906,496720.4455647742,1.8089323134375463,0.0,496720.4455647742,496720.4455647742
6907,495210.5050701376,2.0727349424805217,0.0,495210.5050701376,495210.5050701376
6908,495465.4369191717,2.3993477212956345,0.0,495465.4369191717,495465.4369191717
6909,519962.9267221827,2.9646390692448676,21559.25281296186,498403.67390922084,498403.67390922084
6910,471782.5921133377,3.567616507057383,75151.70122994823,396630.8908833895,396630.8908833895
6911,420949.4971632182,4.057535675280052,134607.33702189577,286342.1601413224,286342.1601413224
6912,358040.8662370491,4.509768753639438,202581.82066383353,155459.04557321558,155459.04557321558
6913,362683.4305388302,4.911753712181116,275903.8771018355,86779.55343699467,86779.55343699467
6914,379907.3600343425,5.3011766407683645,358981.6849068843,20925.675127458235,20925.675127458235
6915,366403.92218791175,5.5649792698113405,420510.47747774114,0.0,0.0
6916,394238.35689285473,5.577541299765769,423857.0022576008,0.0,0.0
6917,395163.0326269641,5.590103329720195,427203.52703746,0.0,0.0
6918,401048.14531076007,5.489607090084776,400888.61683485424,159.52847590582678,159.52847590582678
6919,393426.31342417287,5.012249951816535,294724.3892839973,98701.92414017557,98701.92414017557
6920,444618.0154817349,5.213242431087374,339425.11667383194,105192.89880790294,105192.89880790294
6921,379822.52728182223,5.313738670722793,361775.48036874906,18047.046913073165,18047.046913073165
6922,408146.9053182263,4.673075143046995,232368.90609177182,175777.9992264545,175777.9992264545
6923,389599.7255134254,4.572578903411576,214038.39198227142,175561.333531154,175561.333531154
6924,420300.201251383,4.4092725140040185,187227.1680950012,233073.0331563818,233073.0331563818
6925,329166.1415699232,4.534892813548293,207164.44919120864,122001.69237871456,122001.69237871456
6926,382614.4861130655,4.735885292819131,243825.47741020954,138789.00870285596,138789.00870285596
6927,431046.1399556525,4.924315742135542,278195.1913655229,152850.9485901296,152850.9485901296
6928,969379.0975580822,4.3087762743686,172192.93064554254,797186.1669125396,797186.1669125396
6929,454904.3735523832,3.718360866510512,92879.2379016362,362025.135650747,362025.135650747
6930,512107.3949447046,4.346462364231882,177830.76968908953,334276.6252556151,334276.6252556151
6931,536559.5227039745,4.899191682226688,273612.5628381478,262946.9598658267,262946.9598658267
6932,518984.2024643935,5.32630070067722,364569.27583061374,154414.92663377977,154414.92663377977
6933,490855.22145896096,5.577541299765769,423857.0022576008,66998.21920136019,66998.21920136019
6934,470791.7017447821,5.652913479492332,443936.1509367572,26855.550808024884,26855.550808024884
6935,405417.7229793625,5.652913479492332,443936.1509367572,0.0,0.0
6936,325188.1853550152,5.753409719127752,470708.349175633,0.0,0.0
6937,420972.38170749374,6.05489843803401,552606.0189076397,0.0,0.0
6938,381097.8313305233,6.557379636211105,703646.7874386824,0.0,0.0
6939,364998.5868577127,7.059860834388202,878617.5584126645,0.0,0.0
6940,374667.7068178149,7.36134955329446,996559.9452487925,0.0,0.0
6941,354383.20853463345,7.5749040625197255,1083817.7107586951,0.0,0.0
6942,434546.6498171834,7.763334511836136,1166877.8528173687,0.0,0.0
6943,379179.7062165634,7.612590152383007,1100429.7391704293,0.0,0.0
6944,386083.6231182468,7.687962332109572,1133653.7959938992,0.0,0.0
6945,423215.2345264946,6.63275181593767,729454.2217770582,0.0,0.0
6946,479564.4557108683,6.670437905800951,742357.9389462458,0.0,0.0
6947,527278.9794668878,6.758372115481944,772466.6123410175,0.0,0.0
6948,468122.4120921638,5.7910958089910345,480747.9235152116,0.0,0.0
6949,396595.95522871456,5.32630070067722,364569.27583061374,32026.679398100823,32026.679398100823
6950,1212287.4564340955,5.250928520950655,347806.5030594257,864480.9533746699,864480.9533746699
6951,693192.1572206292,5.288614610813937,356187.8894450196,337004.26777560957,337004.26777560957
6952,453134.7845256632,4.748447322773559,246116.7916738971,207017.9928517661,207017.9928517661
6953,530644.8233319926,3.542492447148528,72197.11178466692,458447.7115473257,458447.7115473257
6954,479313.02595715394,3.718360866510512,92879.2379016362,386433.7880555177,386433.7880555177
6955,494365.00985717744,3.7309228964649397,94356.53262427691,400008.47723290056,400008.47723290056
6956,512942.7344859711,3.6429886867839474,84015.46956579221,428927.2649201789,428927.2649201789
6957,504797.0490022921,3.567616507057383,75151.70122994823,429645.3477723439,429645.3477723439
6958,473770.6512056595,3.7811710162826486,100265.71151483948,373504.93969082,373504.93969082
6959,485177.9994772652,3.9444774056902054,119470.54290916816,365707.45656809706,365707.45656809706
6960,397530.9438869644,4.245966124596463,162796.5322396309,234734.4116473335,234734.4116473335
6961,423423.022511776,4.761009352727987,248408.10593758483,175014.9165741912,175014.9165741912
6962,361499.5330462619,5.389110850449357,378538.25313993695,0.0,0.0
6963,379991.5140987224,5.966964228353017,527599.2704332437,0.0,0.0
6964,377265.4655111772,6.394073246803549,652730.4224564076,0.0,0.0
6965,379934.2762255189,6.745810085527516,768165.3732846216,0.0,0.0
6966,433382.8212818108,6.984488654661637,849888.9153561444,0.0,0.0
6967,365408.91662337177,7.235729253750185,947417.2840670726,0.0,0.0
6968,335860.372573532,7.5749040625197255,1083817.7107586951,0.0,0.0
6969,385184.1504072178,7.084984894297056,888446.0906490085,0.0,0.0
6970,533355.6803111095,6.708123995664234,755261.6561154339,0.0,0.0
6971,456639.1536344546,5.979526258307445,530945.7952131032,0.0,0.0
6972,497536.3323980282,5.087622131543099,311487.1620551851,186049.17034284305,186049.17034284305
6973,412273.7942655289,4.5223307835938655,204873.13492752108,207400.65933800783,207400.65933800783
6974,1408023.0844726774,3.9821634955534875,123902.42707709012,1284120.6573955873,1284120.6573955873
6975,691509.2186800791,3.4294341775586816,60990.20762516399,630519.0110549151,630519.0110549151
6976,445628.0676862564,2.7510845600196014,11650.323584909505,433977.74410134694,433977.74410134694
6977,476698.2566809967,1.9094285530729656,0.0,476698.2566809967,476698.2566809967
6978,498751.9428735668,1.8466184033008286,0.0,498751.9428735668,498751.9428735668
6979,491108.8972488898,1.8843044931641106,0.0,491108.8972488898,491108.8972488898
6980,465870.8138787663,1.8843044931641106,0.0,465870.8138787663,465870.8138787663
6981,489687.1620268216,1.6958740438476998,0.0,489687.1620268216,489687.1620268216
6982,495666.7999651113,1.30645111526045,0.0,495666.7999651113,495666.7999651113
6983,458613.2826333374,1.7209981037565547,0.0,458613.2826333374,458613.2826333374
6984,412716.8596981878,2.826456739746166,15147.5927242221,397569.2669739657,397569.2669739657
6985,347112.36316406017,3.479682297376391,65412.04216912242,281700.32099493773,281700.32099493773
6986,371702.9800046376,3.6178646268750927,81060.8801205109,290642.0998841267,290642.0998841267
6987,391709.2892980012,3.567616507057383,75151.70122994823,316557.588068053,316557.588068053
6988,391028.67983171175,3.567616507057383,75151.70122994823,315876.9786017635,315876.9786017635
6989,357398.4004902284,3.542492447148528,72197.11178466692,285201.2887055614,285201.2887055614
6990,413019.51894967805,3.5801785370118107,76628.99595258894,336390.5229970891,336390.5229970891
6991,404234.6599344561,3.542492447148528,72197.11178466692,332037.5481497892,332037.5481497892
6992,394177.1231962921,4.25852815455089,164675.8119208132,229501.3112754789,229501.3112754789
6993,424058.3949123842,4.032411615371197,130848.77765953113,293209.6172528531,293209.6172528531
6994,409547.3975828539,3.529930417194101,70719.81706202627,338827.5805208277,338827.5805208277
6995,386972.4494891372,2.889266889518303,18061.983673649265,368910.46581548796,368910.46581548796
6996,384499.02007972606,2.3742236613867793,0.0,384499.02007972606,384499.02007972606
6997,319121.9313163736,1.859180433255256,0.0,319121.9313163736,319121.9313163736
6998,402227.08220570616,1.3943853249414422,0.0,402227.08220570616,402227.08220570616
6999,406585.3326954625,1.5576917143489981,0.0,406585.3326954625,406585.3326954625
7000,1026831.2706348086,2.32397554156907,0.0,1026831.2706348086,1026831.2706348086
7001,456091.2450088984,3.215879668333416,42197.4108133406,413893.83419555775,413893.83419555775
7002,500288.0562018289,4.145469884961043,147762.2947901721,352525.76141165674,352525.76141165674
7003,525006.2486801085,4.547454843502721,209455.76345489634,315550.4852252121,315550.4852252121
7004,487272.2773246624,4.497206723685011,200382.12586327762,286890.15146138484,286890.15146138484
7005,530810.6106570824,4.296214244414172,170313.6509643602,360496.9596927222,360496.9596927222
7006,457660.56363374647,4.233404094642036,160917.25255844856,296743.3110752979,296743.3110752979
7007,351154.5680880989,4.35902439418631,179710.04937027197,171444.51871782693,171444.51871782693
7008,331938.4371752123,4.4846446937305835,198502.84618209532,133435.590993117,133435.590993117
7009,390722.6994381428,4.509768753639438,202581.82066383353,188140.8787743093,188140.8787743093
7010,344532.4469643913,4.434396573912874,190985.72745736598,153546.7195070253,153546.7195070253
7011,382027.9627648372,4.333900334277455,175951.49000790733,206076.47275692987,206076.47275692987
7012,387745.128934517,4.220842064687608,159037.9728772662,228707.15605725077,228707.15605725077
7013,389003.5787557461,4.057535675280052,134607.33702189577,254396.2417338503,254396.2417338503
7014,386904.1250019821,3.818857106145931,104697.59568276149,282206.5293192206,282206.5293192206
7015,376643.5802369778,3.3917480876953996,57673.83171719517,318969.7485197826,318969.7485197826
7016,411660.6553053563,3.1781935784701334,38881.03490537174,372779.6203999846,372779.6203999846
7017,394987.8374232707,2.3114135116146426,0.0,394987.8374232707,394987.8374232707
7018,396811.4852791028,1.8089323134375463,0.0,396811.4852791028,396811.4852791028
7019,370064.3819026944,3.0902593687891415,31142.824453444453,338921.55744924996,338921.55744924996
7020,378748.7061822333,4.107783795097761,142124.4557466251,236624.25043560818,236624.25043560818
7021,358723.03231296747,4.88662965227226,271321.2485744603,87401.78373850719,87401.78373850719
7022,377785.2745959938,5.3011766407683645,358981.6849068843,18803.589689109533,18803.589689109533
7023,403997.4215380356,5.32630070067722,364569.27583061374,39428.14570742188,39428.14570742188
7024,1095238.383977607,5.037374011725389,300311.9802077266,794926.4037698803,794926.4037698803
7025,505804.5517547173,4.044973645325625,132728.05734071345,373076.49441400386,373076.49441400386
7026,521841.3248107997,4.145469884961043,147762.2947901721,374079.03002062754,374079.03002062754
7027,511097.5059552927,4.007287555462342,127090.21829716631,384007.28765812644,384007.28765812644
7028,481392.1509963107,3.96960146559906,122425.13235444948,358967.0186418612,358967.0186418612
7029,459828.75705788296,3.994725525507915,125379.72179973079,334449.0352581522,334449.0352581522
7030,491489.9676358964,3.9193533457813503,116515.9534638868,374974.0141720096,374974.0141720096
7031,371499.90845261456,3.718360866510512,92879.2379016362,278620.6705509784,278620.6705509784
7032,334841.71649291326,3.3917480876953996,57673.83171719517,277167.8847757181,277167.8847757181
7033,362023.69655334135,2.876704859563876,17479.105483763837,344544.5910695775,344544.5910695775
7034,324835.0516506147,2.2737274217513606,0.0,324835.0516506147,324835.0516506147
7035,349015.68820904306,1.7838082535286914,0.0,349015.68820904306,349015.68820904306
7036,399649.2057091784,1.4446334447591516,0.0,399649.2057091784,399649.2057091784
7037,381010.4776857581,1.3190131452148777,0.0,381010.4776857581,381010.4776857581
7038,365816.55456627824,1.5074435945312885,0.0,365816.55456627824,365816.55456627824
7039,428700.74271799455,1.8466184033008286,0.0,428700.74271799455,428700.74271799455
7040,369844.9485045768,2.562654110703191,2907.1507366280543,366937.79776794877,366937.79776794877
7041,384377.2533817704,2.286289451705788,0.0,384377.2533817704,384377.2533817704
7042,436032.7940664778,2.2486033618425054,0.0,436032.7940664778,436032.7940664778
7043,414377.30062850384,1.9471146429362478,0.0,414377.30062850384,414377.30062850384
7044,383457.33975510136,1.4823195346224338,0.0,383457.33975510136,383457.33975510136
7045,355301.8856802663,1.0049623963541925,0.0,355301.8856802663,355301.8856802663
7046,399325.0646573196,0.8416560069466362,0.0,399325.0646573196,399325.0646573196
7047,427748.5247369979,0.9547142765364828,0.0,427748.5247369979,427748.5247369979
7048,980080.6187574536,1.0803345760807568,0.0,980080.6187574536,980080.6187574536
7049,504314.6393210779,1.457195474713579,0.0,504314.6393210779,504314.6393210779
7050,504297.9629920772,2.0978590023893764,0.0,504297.9629920772,504297.9629920772
7051,549043.7928991503,2.3365375715234973,0.0,549043.7928991503,549043.7928991503
7052,515328.9719870759,2.411909751250062,0.0,515328.9719870759,515328.9719870759
7053,491206.8982354555,2.6129022305209,5238.663496169769,485968.2347392857,485968.2347392857
7054,440489.7971931257,3.065135308880287,28931.90718146524,411557.89001166046,411557.89001166046
7055,395706.7318754208,3.68067477664723,88447.35373371423,307259.3781417066,307259.3781417066
7056,387598.9890943932,4.057535675280052,134607.33702189577,252991.65207249744,252991.65207249744
7057,355173.91649460694,4.120345825052189,144003.73542780743,211170.1810667995,211170.1810667995
7058,374114.5464304141,3.994725525507915,125379.72179973079,248734.8246306833,248734.8246306833
7059,346646.6041371089,3.856543196009213,109129.47985068346,237517.12428642542,237517.12428642542
7060,370555.1089713677,3.7686089863282213,98788.41679219883,271766.69217916887,271766.69217916887
7061,395193.43236002425,3.718360866510512,92879.2379016362,302314.194458388,302314.194458388
7062,439722.5482081794,3.655550716738375,85492.76428843293,354229.7839197465,354229.7839197465
7063,412714.07223705313,3.4294341775586816,60990.20762516399,351723.8646118891,351723.8646118891
7064,401487.676906038,3.4294341775586816,60990.20762516399,340497.469280874,340497.469280874
7065,440124.9600368071,2.7510845600196014,11650.323584909505,428474.6364518976,428474.6364518976
7066,399796.1856527885,1.8214943433919737,0.0,399796.1856527885,399796.1856527885
7067,378508.0398831771,1.1305826958984664,0.0,378508.0398831771,378508.0398831771
7068,370012.3230063499,1.3818232949870146,0.0,370012.3230063499,370012.3230063499
7069,320199.4354317176,2.0601729125260944,0.0,320199.4354317176,320199.4354317176
7070,345816.1297980954,2.7259605001107468,10484.56720513865,335331.5625929567,335331.5625929567
7071,387012.15717341856,3.366624027786545,55462.91444521596,331549.2427282026,331549.2427282026
7072,1053306.821714981,4.095221765143334,140245.17606544276,913061.6456495383,913061.6456495383
7073,447567.25413628167,4.472082663776156,196623.56650091297,250943.6876353687,250943.6876353687
7074,510215.0549977719,5.1504322813152354,325456.1393645084,184758.91563326353,184758.91563326353
7075,462402.2092512218,5.112746191451954,317074.75297891465,145327.45627230714,145327.45627230714
7076,512306.5555838256,4.798695442591269,255282.04872864747,257024.50685517816,257024.50685517816
7077,489104.0916627674,4.434396573912874,190985.72745736598,298118.3642054014,298118.3642054014
7078,481761.6864784159,4.4469586038673015,192865.00713854833,288896.67933986755,288896.67933986755
7079,413835.3902032524,4.735885292819131,243825.47741020954,170009.91279304284,170009.91279304284
7080,343622.6540185478,4.848943562408978,264447.30578339763,79175.34823515016,79175.34823515016
7081,352408.9013921427,4.673075143046995,232368.90609177182,120039.99530037088,120039.99530037088
7082,350987.83106532635,4.5977029633204305,218621.02050964654,132366.8105556798,132366.8105556798
7083,403092.3196730548,4.622827023229285,223203.64903702162,179888.67063603317,179888.67063603317
7084,418026.9115725284,4.622827023229285,223203.64903702162,194823.2625355068,194823.2625355068
7085,372766.2551589921,4.509768753639438,202581.82066383353,170184.43449515855,170184.43449515855
7086,422156.5417223349,4.208280034733181,157158.69319608388,264997.84852625104,264997.84852625104
7087,418674.0162507504,3.7309228964649397,94356.53262427691,324317.48362647346,324317.48362647346
7088,375366.269791519,3.7309228964649397,94356.53262427691,281009.7371672421,281009.7371672421
7089,426428.2799559002,3.2661277881511253,46619.24535729902,379809.03459860117,379809.03459860117
7090,415362.0685985466,2.9395150093360125,20393.49643319098,394968.5721653556,394968.5721653556
7091,417065.2257115711,3.1405074886068514,35564.65899740291,381500.5667141682,381500.5667141682
7092,386035.5908637735,3.2912518480599804,48830.162629278275,337205.4282344952,337205.4282344952
7093,292774.46254752856,3.5801785370118107,76628.99595258894,216145.46659493961,216145.46659493961
7094,398938.6977832292,4.170593944869898,151520.85415253678,247417.8436306924,247417.8436306924
7095,393218.9229241157,4.761009352727987,248408.10593758483,144810.81698653084,144810.81698653084
7096,991129.0759470029,5.137870251360808,322662.3439026437,668466.7320443592,668466.7320443592
7097,495970.9914649936,4.685637173001422,234660.22035545937,261310.77110953425,261310.77110953425
7098,497129.2166866004,5.1504322813152354,325456.1393645084,171673.07732209202,171673.07732209202
7099,481424.1865988363,5.263490550905083,350600.29852129053,130823.8880775458,130823.8880775458
7100,495535.4549863815,5.2258044610418,342218.91213569645,153316.54285068507,153316.54285068507
7101,514911.7143721562,5.125308221406382,319868.54844077927,195043.16593137692,195043.16593137692
7102,454089.2695459981,4.98712589190768,289651.76268396084,164437.50686203723,164437.50686203723
7103,426156.9076885272,4.748447322773559,246116.7916738971,180040.1160146301,180040.1160146301
7104,365418.8595060607,4.333900334277455,175951.49000790733,189467.3694981534,189467.3694981534
7105,414604.94198318775,3.8062950761915033,103220.30096012079,311384.64102306694,311384.64102306694
7106,355064.06484543934,3.2912518480599804,48830.162629278275,306233.9022161611,306233.9022161611
7107,381188.70294553536,2.7887706498828844,13398.958154565835,367789.74479096953,367789.74479096953
7108,394737.1790094704,2.2988514816602152,0.0,394737.1790094704,394737.1790094704
7109,363492.18014142726,1.8968665231185382,0.0,363492.18014142726,363492.18014142726
7110,388126.7586592429,1.582815774257853,0.0,388126.7586592429,388126.7586592429
7111,345632.591256989,1.3943853249414422,0.0,345632.591256989,345632.591256989
7112,355257.4895990656,1.2813270553515954,0.0,355257.4895990656,355257.4895990656
7113,372659.6067541544,0.8793420968099183,0.0,372659.6067541544,372659.6067541544
7114,478251.8267848875,0.3768608986328221,0.0,478251.8267848875,478251.8267848875
7115,485566.1759894765,1.0049623963541925,0.0,485566.1759894765,485566.1759894765
7116,532391.6508843077,1.4446334447591516,0.0,532391.6508843077,532391.6508843077
7117,388166.2796055285,1.834056373346401,0.0,388166.2796055285,388166.2796055285
7118,1344133.030991505,2.6129022305209,5238.663496169769,1338894.3674953352,1338894.3674953352
7119,682855.9244406354,3.4545582374675363,63201.1248971432,619654.7995434921,619654.7995434921
7120,487021.3284352698,4.233404094642036,160917.25255844856,326104.0758768213,326104.0758768213
7121,440629.56318585767,4.346462364231882,177830.76968908953,262798.7934967681,262798.7934967681
7122,472094.90297576674,4.685637173001422,234660.22035545937,237434.68262030737,237434.68262030737
7123,488825.89138886513,4.748447322773559,246116.7916738971,242709.09971496803,242709.09971496803
7124,470823.3336616553,4.64795108313814,227786.27756439673,243037.05609725858,243037.05609725858
7125,441382.181264739,4.396710484049592,185347.888413819,256034.29285092003,256034.29285092003
7126,452046.5912297584,4.095221765143334,140245.17606544276,311801.4151643156,311801.4151643156
7127,450011.0346477472,3.7686089863282213,98788.41679219883,351222.61785554833,351222.61785554833
7128,414844.69041379634,3.2661277881511253,46619.24535729902,368225.44505649735,368225.44505649735
7129,375128.213488443,2.5249680208399083,1158.5161669717472,373969.69732147123,373969.69732147123
7130,382308.7904221164,1.7084360738021271,0.0,382308.7904221164,382308.7904221164
7131,392269.1579520766,1.0175244263086198,0.0,392269.1579520766,392269.1579520766
7132,393439.98604056746,0.716035707402362,0.0,393439.98604056746,393439.98604056746
7133,394239.2051330826,1.0300864562630472,0.0,394239.2051330826,394239.2051330826
7134,381502.4980522744,1.607939834166708,0.0,381502.4980522744,381502.4980522744
7135,326054.1100679616,2.009924792708385,0.0,326054.1100679616,326054.1100679616
7136,380320.6275505094,2.474719901022199,0.0,380320.6275505094,380320.6275505094
7137,393042.2278988426,2.675712380293037,8153.054445596913,384889.17345324566,384889.17345324566
7138,499492.2082696128,3.0776973388347146,30037.365817454887,469454.8424521579,469454.8424521579
7139,520978.1877115904,3.1907556084245607,39986.49354136134,480991.694170229,480991.694170229
7140,528846.8735641869,3.1530695185612783,36670.11763339249,492176.75593079434,492176.75593079434
7141,421412.3088123092,3.2786898181055526,47724.703993288625,373687.60481902055,373687.60481902055
7142,1165558.75247219,3.504806357285246,67765.22761674495,1097793.524855445,1097793.524855445
7143,733318.0102090945,3.5801785370118107,76628.99595258894,656689.0142565055,656689.0142565055
7144,480170.0813906992,3.5550544771029555,73674.40650730756,406495.67488339165,406495.67488339165
7145,458910.952132406,3.1028213987435693,32248.283089434095,426662.6690429719,426662.6690429719
7146,461638.0917434632,3.4294341775586816,60990.20762516399,400647.8841182992,400647.8841182992
7147,484739.0795169486,3.354061997832117,54357.45580922631,430381.6237077223,430381.6237077223
7148,506188.1758717027,3.2284416982878428,43302.86944933016,462885.3064223726,462885.3064223726
7149,484324.228217664,3.127945458652424,34459.20036141331,449865.0278562507,449865.0278562507
7150,474712.7953202912,2.9520770392904403,20976.374623076426,453736.4206972148,453736.4206972148
7151,475934.9885139346,2.8013326798373113,13981.836344451242,461953.15216948336,461953.15216948336
7152,429914.7827582387,2.7762086199284566,12816.079964680386,417098.70279355836,417098.70279355836
7153,363791.8561538436,2.813894709791739,14564.714534336692,349227.1416195069,349227.1416195069
7154,351551.001930623,2.876704859563876,17479.105483763837,334071.8964468592,334071.8964468592
7155,407478.4008079066,2.864142829609448,16896.227293878386,390582.1735140282,390582.1735140282
7156,368878.95911327255,2.7510845600196014,11650.323584909505,357228.63552836305,357228.63552836305
7157,362954.33810353297,2.5877781706120455,4072.9071163989115,358881.43098713405,358881.43098713405
7158,410737.4222908889,2.3742236613867793,0.0,410737.4222908889,410737.4222908889
7159,423358.97902414587,2.0224868226628123,0.0,423358.97902414587,423358.97902414587
7160,398724.8029233312,2.0224868226628123,0.0,398724.8029233312,398724.8029233312
7161,404525.3790707213,1.205954875625031,0.0,404525.3790707213,404525.3790707213
7162,376673.1077244069,0.2135545092252659,0.0,376673.1077244069,376673.1077244069
7163,405962.3153154336,1.205954875625031,0.0,405962.3153154336,405962.3153154336
7164,432769.6637064488,1.5953778042122804,0.0,432769.6637064488,432769.6637064488
7165,323670.7788545813,1.7461221636654092,0.0,323670.7788545813,323670.7788545813
7166,383201.2264709752,2.0350488526172397,0.0,383201.2264709752,383201.2264709752
7167,422391.2225575126,2.6003402005664724,4655.78530628432,417735.43725122826,417735.43725122826
7168,1001812.3387259974,3.2284416982878428,43302.86944933016,958509.4692766672,958509.4692766672
7169,419131.6661862621,3.5927405669662376,78106.29067522954,341025.37551103253,341025.37551103253
7170,470078.202980372,4.459520633821729,194744.28681973062,275333.91616064135,275333.91616064135
7171,495040.4130487493,4.4092725140040185,187227.1680950012,307813.24495374813,307813.24495374813
7172,507276.2194490978,4.170593944869898,151520.85415253678,355755.36529656104,355755.36529656104
7173,442505.6978588707,3.9444774056902054,119470.54290916816,323035.15494970256,323035.15494970256
7174,430762.596847443,3.7937330462370764,101743.0062374802,329019.5906099628,329019.5906099628
7175,386446.7467034186,3.8314191361003584,106174.89040540216,280271.85629801644,280271.85629801644
7176,371451.7642643159,4.120345825052189,144003.73542780743,227448.02883650846,227448.02883650846
7177,383075.827557258,4.509768753639438,202581.82066383353,180494.0068934245,180494.0068934245
7178,340118.1912783072,4.798695442591269,255282.04872864747,84836.14254965971,84836.14254965971
7179,366581.721074394,4.924315742135542,278195.1913655229,88386.5297088711,88386.5297088711
7180,397516.1946710641,4.861505592363406,266738.6200470852,130777.57462397887,130777.57462397887
7181,405176.2261515688,4.622827023229285,223203.64903702162,181972.5771145472,181972.5771145472
7182,422580.2944203288,4.296214244414172,170313.6509643602,252266.64345596862,252266.64345596862
7183,407226.61278576514,3.7434849264193666,95833.82734691752,311392.7854388476,311392.7854388476
7184,393076.7125345226,3.7811710162826486,100265.71151483948,292811.0010196831,292811.0010196831
7185,421993.2474625229,3.253565758196698,45513.786721309414,376479.46074121346,376479.46074121346
7186,418913.07037265145,3.065135308880287,28931.90718146524,389981.1631911862,389981.1631911862
7187,404405.6974476479,3.0776973388347146,30037.365817454887,374368.33163019305,374368.33163019305
7188,408735.4149374696,3.4168721476042543,59884.74898917438,348850.6659482952,348850.6659482952
7189,340081.69126585824,3.869105225963641,110606.77457332418,229474.91669253405,229474.91669253405
7190,374468.0475251476,4.296214244414172,170313.6509643602,204154.39656078743,204154.39656078743
7191,419394.8058793201,4.560016873457148,211747.07771858375,207647.72816073633,207647.72816073633
7192,991001.165785354,4.735885292819131,243825.47741020954,747175.6883751445,747175.6883751445
7193,469810.57092948846,4.183155974824326,153400.1338337192,316410.4370957692,316410.4370957692
7194,506825.9795378413,4.560016873457148,211747.07771858375,295078.90181925753,295078.90181925753
7195,515798.6350153369,4.610264993274858,220912.33477333406,294886.3002420028,294886.3002420028
7196,551628.7986199583,4.673075143046995,232368.90609177182,319259.89252818655,319259.89252818655
7197,522551.8732981949,4.811257472545696,257573.36299233497,264978.51030585996,264978.51030585996
7198,448416.9984065134,5.012249951816535,294724.3892839973,153692.60912251612,153692.60912251612
7199,378803.176523141,5.200680401132945,336631.3212119669,42171.85531117406,42171.85531117406
7200,356733.1323649957,5.376548820494929,375744.45767807233,0.0,0.0
7201,369800.64647783857,5.464483030175921,395301.0259111248,0.0,0.0
7202,370581.7371952108,5.376548820494929,375744.45767807233,0.0,0.0
7203,371989.3628363648,5.100184161497526,314280.9575170498,57708.405319314974,57708.405319314974
7204,330387.9830352224,4.798695442591269,255282.04872864747,75105.93430657493,75105.93430657493
7205,379102.0813359701,4.560016873457148,211747.07771858375,167355.00361738633,167355.00361738633
7206,380223.39734510536,4.4092725140040185,187227.1680950012,192996.22925010417,192996.22925010417
7207,406995.6334626085,4.132907855006616,145883.01510898976,261112.61835361875,261112.61835361875
7208,403499.79341539694,4.64795108313814,227786.27756439673,175713.5158510002,175713.5158510002
7209,420871.1622689479,4.773571382682413,250699.4202012722,170171.74206767572,170171.74206767572
7210,441259.2794497657,4.710761232910277,239242.84888283446,202016.43056693123,202016.43056693123
7211,401888.92861594335,4.924315742135542,278195.1913655229,123693.73725042044,123693.73725042044
7212,428130.1379084394,5.200680401132945,336631.3212119669,91498.81669647247,91498.81669647247
7213,355990.8729029851,5.42679694031264,386919.6395255311,0.0,0.0
7214,383878.6801893711,5.61522738962905,433896.5765971789,0.0,0.0
7215,362315.756564757,5.627789419583478,437243.1013770386,0.0,0.0
7216,988143.9532740548,5.5272931799480585,410470.9031381628,577673.050135892,577673.050135892
7217,478870.5305894482,4.660513113092567,230077.5918280843,248792.93876136388,248792.93876136388
7218,538402.5707445203,4.4846446937305835,198502.84618209532,339899.72456242493,339899.72456242493
7219,502017.5245707246,4.3715864241407365,181589.32905145417,320428.1955192704,320428.1955192704
7220,516492.430049228,4.208280034733181,157158.69319608388,359333.73685314413,359333.73685314413
7221,483321.8360555441,4.132907855006616,145883.01510898976,337438.8209465543,337438.8209465543
7222,452273.3237498909,4.044973645325625,132728.05734071345,319545.26640917745,319545.26640917745
7223,439545.703229095,3.7811710162826486,100265.71151483948,339279.9917142555,339279.9917142555
7224,371139.1575900174,3.4294341775586816,60990.20762516399,310148.9499648534,310148.9499648534
7225,348283.92854366783,3.1153834286979962,33353.741725423664,314930.18681824417,314930.18681824417
7226,384513.0119181281,2.9520770392904403,20976.374623076426,363536.6372950517,363536.6372950517
7227,366893.96687695954,2.7887706498828844,13398.958154565835,353495.0087223937,353495.0087223937
7228,394655.0245604327,2.5249680208399083,1158.5161669717472,393496.50839346094,393496.50839346094
7229,359687.04712835874,2.135545092252659,0.0,359687.04712835874,359687.04712835874
7230,391577.0716300701,1.6707499839388449,0.0,391577.0716300701,391577.0716300701
7231,364049.9014852552,1.180830815716176,0.0,364049.9014852552,364049.9014852552
7232,402045.4904675988,0.7034736774479348,0.0,402045.4904675988,402045.4904675988
7233,398370.3649956648,0.6657875875846525,0.0,398370.3649956648,398370.3649956648
7234,383440.5121245537,1.5074435945312885,0.0,383440.5121245537,383440.5121245537
7235,406537.51546863234,2.4872819309766263,0.0,406537.51546863234,406537.51546863234
7236,360145.05379912205,3.253565758196698,45513.786721309414,314631.26707781263,314631.26707781263
7237,357005.8727181647,3.7937330462370764,101743.0062374802,255262.8664806845,255262.8664806845
7238,400978.0630839338,4.032411615371197,130848.77765953113,270129.2854244027,270129.2854244027
7239,395727.98441363976,3.96960146559906,122425.13235444948,273302.8520591903,273302.8520591903
7240,1064793.2055938556,3.7937330462370764,101743.0062374802,963050.1993563754,963050.1993563754
7241,497963.1237019632,3.215879668333416,42197.4108133406,455765.71288862266,455765.71288862266
7242,504985.6419487472,3.316375907968835,51041.079901257486,453944.56204748974,453944.56204748974
7243,484387.2245610915,3.165631548515706,37775.57626938213,446611.64829170937,446611.64829170937
7244,528228.3027911682,3.00232515910815,23404.61400151721,504823.68878965103,504823.68878965103
7245,521241.2775133264,2.914390949427158,19227.740053420122,502013.53745990625,502013.53745990625
7246,481988.292354534,2.7762086199284566,12816.079964680386,469172.2123898536,469172.2123898536
7247,406617.7544184318,2.6254642604753275,5821.541686055199,400796.2127323766,400796.2127323766
7248,348853.86966186995,2.5877781706120455,4072.9071163989115,344780.96254547103,344780.96254547103
7249,359898.06160717725,2.7259605001107468,10484.56720513865,349413.49440203863,349413.49440203863
7250,383117.7352597865,2.977201099199295,22142.131002847287,360975.6042569392,360975.6042569392
7251,381185.4747397844,3.127945458652424,34459.20036141331,346726.2743783711,346726.2743783711
7252,418556.8697153309,3.0902593687891415,31142.824453444453,387414.04526188644,387414.04526188644
7253,380924.18961236125,2.889266889518303,18061.983673649265,362862.205938712,362862.205938712
7254,436181.0464823151,2.474719901022199,0.0,436181.0464823151,436181.0464823151
7255,388644.6229137585,1.8968665231185382,0.0,388644.6229137585,388644.6229137585
7256,399407.6123365423,1.4446334447591516,0.0,399407.6123365423,399407.6123365423
7257,355694.7304919312,0.2009924792708385,0.0,355694.7304919312,355694.7304919312
7258,366874.9085406964,1.2436409654883132,0.0,366874.9085406964,366874.9085406964
7259,384403.7693173859,1.921990583027393,0.0,384403.7693173859,384403.7693173859
7260,375520.1985394419,2.110421032343804,0.0,375520.1985394419,375520.1985394419
7261,344168.27218785434,2.2988514816602152,0.0,344168.27218785434,344168.27218785434
7262,396360.95333347947,2.6254642604753275,5821.541686055199,390539.4116474243,390539.4116474243
7263,409632.3358575693,3.1153834286979962,33353.741725423664,376278.59413214563,376278.59413214563
7264,951453.2136810878,3.7937330462370764,101743.0062374802,849710.2074436076,849710.2074436076
7265,500945.7941960982,4.132907855006616,145883.01510898976,355062.77908710844,355062.77908710844
7266,492494.304301833,4.748447322773559,246116.7916738971,246377.51262793588,246377.51262793588
7267,545006.2840055986,4.798695442591269,255282.04872864747,289724.23527695116,289724.23527695116
7268,479948.8645943619,4.69819920295585,236951.53461914707,242997.32997521485,242997.32997521485
7269,494228.9325767412,4.585140933366003,216329.70624595898,277899.2263307822,277899.2263307822
7270,429659.8722845087,4.534892813548293,207164.44919120864,222495.42309330008,222495.42309330008
7271,394678.6226874308,4.622827023229285,223203.64903702162,171474.9736504092,171474.9736504092
7272,338317.8674144043,4.798695442591269,255282.04872864747,83035.81868575682,83035.81868575682
7273,414157.8189105728,4.999687921862107,291943.07694764837,122214.74196292443,122214.74196292443
7274,396033.34247530426,5.062498071634245,305899.57113145606,90133.7713438482,90133.7713438482
7275,383571.98023893056,4.899191682226688,273612.5628381478,109959.41740078275,109959.41740078275
7276,371821.34540079616,4.547454843502721,209455.76345489634,162365.58194589982,162365.58194589982
7277,322317.8787605378,4.145469884961043,147762.2947901721,174555.58397036567,174555.58397036567
7278,349778.8570515629,3.7434849264193666,95833.82734691752,253945.0297046454,253945.0297046454
7279,350383.1163454564,3.215879668333416,42197.4108133406,308185.70553211577,308185.70553211577
7280,348216.1388870355,3.2661277881511253,46619.24535729902,301596.89352973644,301596.89352973644
7281,352168.1493958455,2.675712380293037,8153.054445596913,344015.09495024855,344015.09495024855
7282,511985.59874833503,1.9345526129818205,0.0,511985.59874833503,511985.59874833503
7283,523202.36953306536,1.6581879539844175,0.0,523202.36953306536,523202.36953306536
7284,534926.9100812746,1.2436409654883132,0.0,534926.9100812746,534926.9100812746
7285,374059.7124806522,0.7285977373567895,0.0,374059.7124806522,374059.7124806522
7286,1286398.0127785243,0.6155394677669428,0.0,1286398.0127785243,1286398.0127785243
7287,679671.6120396965,1.0928966060351841,0.0,679671.6120396965,679671.6120396965
7288,474274.3752621385,1.7963702834831188,0.0,474274.3752621385,474274.3752621385
7289,472269.98436586256,2.5877781706120455,4072.9071163989115,468197.07724946365,468197.07724946365
7290,485776.87713520974,3.354061997832117,54357.45580922631,431419.4213259834,431419.4213259834
7291,526133.3403626623,3.542492447148528,72197.11178466692,453936.22857799544,453936.22857799544
7292,448746.5221042728,3.354061997832117,54357.45580922631,394389.0662950465,394389.0662950465
7293,499613.3963776531,3.1530695185612783,36670.11763339249,462943.2787442606,462943.2787442606
7294,456164.77328310494,3.165631548515706,37775.57626938213,418389.1970137228,418389.1970137228
7295,400516.6242989834,3.4419962075131094,62095.66626115362,338420.9580378298,338420.9580378298
7296,369575.249206846,3.7560469563737944,97311.12206955822,272264.12713728775,272264.12713728775
7297,453803.73186738434,3.9319153757357777,117993.24818652745,335810.4836808569,335810.4836808569
7298,419308.0966257957,3.9444774056902054,119470.54290916816,299837.55371662753,299837.55371662753
7299,386973.703710445,3.7937330462370764,101743.0062374802,285230.6974729648,285230.6974729648
7300,375644.7229252392,3.6053025969206653,79583.58539787025,296061.13752736896,296061.13752736896
7301,344440.2005048369,3.3917480876953996,57673.83171719517,286766.36878764175,286766.36878764175
7302,363962.1170096636,3.2284416982878428,43302.86944933016,320659.24756033346,320659.24756033346
7303,450647.0637378071,3.0400112489714317,26720.98990948599,423926.0738283211,423926.0738283211
7304,495563.4324929799,3.165631548515706,37775.57626938213,457787.8562235978,457787.8562235978
7305,515028.6656850938,3.027449219017005,25615.53127349642,489413.1344115974,489413.1344115974
7306,468031.599133123,1.9471146429362478,0.0,468031.599133123,468031.599133123
7307,610125.1299872164,0.8542180369010636,0.0,610125.1299872164,610125.1299872164
7308,478680.11492567736,0.4145469884961044,0.0,478680.11492567736,478680.11492567736
7309,500610.3947292633,1.2938890853060228,0.0,500610.3947292633,500610.3947292633
7310,1290563.552870523,2.3114135116146426,0.0,1290563.552870523,1290563.552870523
7311,697264.8478259215,3.253565758196698,45513.786721309414,651751.0611046121,651751.0611046121
7312,528645.8375864407,3.843981166054786,107652.18512804282,420993.6524583979,420993.6524583979
7313,572983.1436905573,4.220842064687608,159037.9728772662,413945.1708132911,413945.1708132911
7314,517880.2511421058,4.962001831998825,285069.13415658573,232811.11698552006,232811.11698552006
7315,526948.8924830691,5.012249951816535,294724.3892839973,232224.5031990718,232224.5031990718
7316,471997.023228018,4.924315742135542,278195.1913655229,193801.8318624951,193801.8318624951
7317,480454.5833888186,4.874067622317833,269029.9343107727,211424.6490780459,211424.6490780459
7318,447151.4312212861,4.874067622317833,269029.9343107727,178121.49691051344,178121.49691051344
7319,455656.5612782562,4.936877772089971,280486.5056292106,175170.05564904556,175170.05564904556
7320,456871.6927231103,5.087622131543099,311487.1620551851,145384.5306679252,145384.5306679252
7321,289338.5744416218,5.112746191451954,317074.75297891465,0.0,0.0
7322,291274.8986523889,4.936877772089971,280486.5056292106,10788.393023178272,10788.393023178272
7323,317252.5469966008,4.560016873457148,211747.07771858375,105505.46927801706,105505.46927801706
7324,332296.3805305476,4.095221765143334,140245.17606544276,192051.20446510482,192051.20446510482
7325,326611.1088982673,3.63042665682952,82538.17484315156,244072.93405511577,244072.93405511577
7326,379857.8151521111,3.215879668333416,42197.4108133406,337660.40433877055,337660.40433877055
7327,405484.82016599353,2.851580799655021,16313.349103992976,389171.47106200055,389171.47106200055
7328,406642.0273128424,2.66315035033861,7570.176255711505,399071.85105713084,399071.85105713084
7329,414228.13922658615,2.6505883203841822,6987.298065826056,407240.8411607601,407240.8411607601
7330,387330.1192227402,3.2912518480599804,48830.162629278275,338499.9565934619,338499.9565934619
7331,465143.5791520736,3.4922443273308184,66517.50080511202,398626.0783469616,398626.0783469616
7332,427586.545044018,3.63042665682952,82538.17484315156,345048.3702008665,345048.3702008665
7333,369987.0350790103,4.145469884961043,147762.2947901721,222224.7402888382,222224.7402888382
7334,346028.3105316901,4.560016873457148,211747.07771858375,134281.23281310633,134281.23281310633
7335,358886.41584664886,4.848943562408978,264447.30578339763,94439.11006325122,94439.11006325122
7336,368887.9942118161,4.924315742135542,278195.1913655229,90692.8028462932,90692.8028462932
7337,448418.8560893968,4.095221765143334,140245.17606544276,308173.680023954,308173.680023954
7338,482070.2766456568,4.271090184505318,166555.09160199555,315515.1850436613,315515.1850436613
7339,485215.32511306775,4.132907855006616,145883.01510898976,339332.31000407797,339332.31000407797
7340,456207.0580643637,4.120345825052189,144003.73542780743,312203.3226365563,312203.3226365563
7341,427530.4520837895,4.3715864241407365,181589.32905145417,245941.12303233534,245941.12303233534
7342,377876.6911712462,4.761009352727987,248408.10593758483,129468.58523366135,129468.58523366135
7343,317966.488416014,5.125308221406382,319868.54844077927,0.0,0.0
7344,294720.9349255694,5.276052580859511,353394.0939831552,0.0,0.0
7345,268107.163996284,5.125308221406382,319868.54844077927,0.0,0.0
7346,277401.35568889725,4.7861334126368416,252990.7344649599,24410.62122393734,24410.62122393734
7347,298896.69162692566,4.3715864241407365,181589.32905145417,117307.36257547149,117307.36257547149
7348,317345.7000427513,3.96960146559906,122425.13235444948,194920.56768830185,194920.56768830185
7349,326637.3285376391,3.655550716738375,85492.76428843293,241144.5642492062,241144.5642492062
7350,378970.79153806425,3.4043101176498265,58779.29035318473,320191.5011848795,320191.5011848795
7351,411491.19578523,3.165631548515706,37775.57626938213,373715.6195158479,373715.6195158479
7352,398110.108117146,3.215879668333416,42197.4108133406,355912.6973038054,355912.6973038054
7353,403008.9701739263,3.542492447148528,72197.11178466692,330811.85838925943,330811.85838925943
7354,457440.4847196938,4.220842064687608,159037.9728772662,298402.51184242754,298402.51184242754
7355,440895.935255296,4.723323262864704,241534.163146522,199361.772108774,199361.772108774
7356,450078.8682089774,5.075060101588671,308693.3665933205,141385.5016156569,141385.5016156569
7357,374486.2942408329,5.389110850449357,378538.25313993695,0.0,0.0
7358,381588.0946131014,5.665475509446759,447282.6757166167,0.0,0.0
7359,350004.8754775172,5.879030018672025,504173.59697422746,0.0,0.0
7360,362263.4238058484,5.966964228353017,527599.2704332437,0.0,0.0
7361,491293.94746149005,4.861505592363406,266738.6200470852,224555.32741440483,224555.32741440483
7362,470916.0381859084,4.88662965227226,271321.2485744603,199594.78961144813,199594.78961144813
7363,486701.860566316,4.861505592363406,266738.6200470852,219963.24051923078,219963.24051923078
7364,460022.0561886336,4.685637173001422,234660.22035545937,225361.83583317423,225361.83583317423
7365,447404.7783237829,4.472082663776156,196623.56650091297,250781.21182286993,250781.21182286993
7366,379914.92577510286,4.3715864241407365,181589.32905145417,198325.5967236487,198325.5967236487
7367,374213.5324264287,4.321338304323027,174072.21032672486,200141.32209970383,200141.32209970383
7368,308951.4597941058,4.183155974824326,153400.1338337192,155551.32596038657,155551.32596038657
7369,314173.5146091194,3.9444774056902054,119470.54290916816,194702.97169995122,194702.97169995122
7370,297341.109642426,4.120345825052189,144003.73542780743,153337.37421461858,153337.37421461858
7371,347428.81794204377,4.585140933366003,216329.70624595898,131099.1116960848,131099.1116960848
7372,315133.65506005887,4.962001831998825,285069.13415658573,30064.520903473138,30064.520903473138
7373,344504.660463844,5.162994311269664,328249.9348263732,16254.725637470838,16254.725637470838
7374,383783.3154174666,5.213242431087374,339425.11667383194,44358.19874363468,44358.19874363468
7375,372878.2450497072,5.024811981770962,297518.184745862,75360.06030384521,75360.06030384521
7376,408971.5926102551,5.803657838945461,484094.4482950708,0.0,0.0
7377,372930.3584955132,6.331263097031412,634188.8662436728,0.0,0.0
7378,382229.8996739547,6.444321366621258,667563.6674265955,0.0,0.0
7379,487587.3723686029,6.620189785983242,725152.982720662,0.0,0.0
7380,439765.829630386,6.808620235299653,789671.5685666011,0.0,0.0
7381,341666.0812074752,6.871430385071791,811177.7638485811,0.0,0.0
7382,407098.3612987923,6.7960582053452265,785370.3295102055,0.0,0.0
7383,361623.84500342375,6.5322555763022505,695044.3093258906,0.0,0.0
7384,399895.0712648743,6.092584527897291,563730.9526352802,0.0,0.0
7385,461551.6374677427,4.710761232910277,239242.84888283446,222308.78858490827,222308.78858490827
7386,468704.6723063413,4.472082663776156,196623.56650091297,272081.10580542835,272081.10580542835
7387,509279.6976367285,4.3715864241407365,181589.32905145417,327690.3685852743,327690.3685852743
7388,421860.2694054632,4.346462364231882,177830.76968908953,244029.49971637366,244029.49971637366
7389,446668.8654637922,4.384148454095165,183468.60873263664,263200.25673115556,263200.25673115556
7390,393895.87379074807,4.4469586038673015,192865.00713854833,201030.86665219974,201030.86665219974
7391,312432.2625625522,4.4092725140040185,187227.1680950012,125205.09446755098,125205.09446755098
7392,283832.5376902969,4.25852815455089,164675.8119208132,119156.72576948369,119156.72576948369
7393,310306.62133116927,4.032411615371197,130848.77765953113,179457.84367163814,179457.84367163814
7394,297594.09099331783,3.8314191361003584,106174.89040540216,191419.20058791566,191419.20058791566
7395,320058.49146253284,3.68067477664723,88447.35373371423,231611.1377288186,231611.1377288186
7396,308988.31670433906,3.5550544771029555,73674.40650730756,235313.9101970315,235313.9101970315
7397,347230.3462477192,3.379186057740972,56568.37308120552,290661.97316651366,290661.97316651366
7398,403018.5726096481,3.165631548515706,37775.57626938213,365242.99634026596,365242.99634026596
7399,397180.94340265606,2.889266889518303,18061.983673649265,379118.9597290068,379118.9597290068
7400,416974.8886515302,3.0902593687891415,31142.824453444453,385832.06419808575,385832.06419808575
7401,442160.9372719397,3.5927405669662376,78106.29067522954,364054.6465967102,364054.6465967102
7402,389362.18074420665,3.7811710162826486,100265.71151483948,289096.46922936715,289096.46922936715
7403,435383.3961459906,4.057535675280052,134607.33702189577,300776.0591240948,300776.0591240948
7404,395213.6678075543,4.396710484049592,185347.888413819,209865.7793937353,209865.7793937353
7405,348590.27646121336,4.710761232910277,239242.84888283446,109347.4275783789,109347.4275783789
7406,374033.80123979575,4.811257472545696,257573.36299233497,116460.43824746078,116460.43824746078
7407,372741.3873537194,4.660513113092567,230077.5918280843,142663.7955256351,142663.7955256351
7408,371268.45393936016,4.3715864241407365,181589.32905145417,189679.124887906,189679.124887906
7409,511310.6607218039,3.4419962075131094,62095.66626115362,449214.99446065025,449214.99446065025
7410,524090.1300413385,3.479682297376391,65412.04216912242,458678.08787221607,458678.08787221607
7411,508613.398107546,3.215879668333416,42197.4108133406,466415.98729420535,466415.98729420535
7412,423207.3465020677,2.914390949427158,19227.740053420122,403979.60644864757,403979.60644864757
7413,433964.185925137,2.6505883203841822,6987.298065826056,426976.88785931095,426976.88785931095
7414,418311.0775700246,2.2988514816602152,0.0,418311.0775700246,418311.0775700246
7415,318397.3551361402,2.0224868226628123,0.0,318397.3551361402,318397.3551361402
7416,279186.78022938606,2.047610882571667,0.0,279186.78022938606,279186.78022938606
7417,306944.3124800007,2.286289451705788,0.0,306944.3124800007,306944.3124800007
7418,303189.99504140764,2.5375300507943357,1741.3943568571758,301448.6006845505,301448.6006845505
7419,326584.3682867624,2.7385225300651745,11067.445395024099,315516.9228917383,315516.9228917383
7420,332671.0137410297,2.851580799655021,16313.349103992976,316357.66463703674,316357.66463703674
7421,322286.23799104174,2.9018289194727305,18644.861863534694,303641.3761275071,303641.3761275071
7422,417429.7699407514,2.864142829609448,16896.227293878386,400533.542646873,400533.542646873
7423,414166.16386899457,2.66315035033861,7570.176255711505,406595.98761328304,406595.98761328304
7424,362185.3036484013,3.027449219017005,25615.53127349642,336569.7723749049,336569.7723749049
7425,417009.2842924024,2.32397554156907,0.0,417009.2842924024,417009.2842924024
7426,392377.1781642118,1.8843044931641106,0.0,392377.1781642118,392377.1781642118
7427,412758.2990836159,2.2737274217513606,0.0,412758.2990836159,412758.2990836159
7428,475749.12692029023,2.2611653917969328,0.0,475749.12692029023,475749.12692029023
7429,365648.93547117047,2.0978590023893764,0.0,365648.93547117047,365648.93547117047
7430,348306.5488447717,1.8089323134375463,0.0,348306.5488447717,348306.5488447717
7431,386140.6886434693,1.4697575046680063,0.0,386140.6886434693,386140.6886434693
7432,391806.9701900885,1.118020665944039,0.0,391806.9701900885,391806.9701900885
7433,494460.7216751537,1.3818232949870146,0.0,494460.7216751537,494460.7216751537
7434,467431.27677417727,2.0350488526172397,0.0,467431.27677417727,467431.27677417727
7435,523231.4767438787,2.2234793019336507,0.0,523231.4767438787,523231.4767438787
7436,429795.9974025834,2.0601729125260944,0.0,429795.9974025834,429795.9974025834
7437,414464.0341918253,1.8843044931641106,0.0,414464.0341918253,414464.0341918253
7438,417968.7646694904,2.0601729125260944,0.0,417968.7646694904,417968.7646694904
7439,307296.532829343,2.6380262904297553,6404.419875940648,300892.11295340233,300892.11295340233
7440,312311.448467659,3.3414999678776898,53251.997173236705,259059.4512944223,259059.4512944223
7441,443255.0563090673,3.906791315826923,115038.65874124614,328216.39756782114,328216.39756782114
7442,445465.2786465328,4.296214244414172,170313.6509643602,275151.6276821726,275151.6276821726
7443,412232.4542628787,4.4469586038673015,192865.00713854833,219367.44712433036,219367.44712433036
7444,397670.5254812875,4.333900334277455,175951.49000790733,221719.03547338018,221719.03547338018
7445,383541.3566186618,4.107783795097761,142124.4557466251,241416.90087203667,241416.90087203667
7446,356111.1138548092,3.9193533457813503,116515.9534638868,239595.1603909224,239595.1603909224
7447,407995.6809017132,3.7811710162826486,100265.71151483948,307729.9693868737,307729.9693868737
7448,490392.66883127287,3.869105225963641,110606.77457332418,379785.8942579487,379785.8942579487
7449,499699.6154553161,3.6178646268750927,81060.8801205109,418638.7353348052,418638.7353348052
7450,521929.95327658753,2.700836440201892,9318.810825367791,512611.1424512197,512611.1424512197
7451,532601.2639202013,2.424471781204489,0.0,532601.2639202013,532601.2639202013
7452,514500.6724748586,2.148107122207086,0.0,514500.6724748586,514500.6724748586
7453,487588.0381819354,1.607939834166708,0.0,487588.0381819354,487588.0381819354
7454,1229219.9669718018,1.0300864562630472,0.0,1229219.9669718018,1229219.9669718018
7455,771264.201585445,0.527605258085951,0.0,771264.201585445,771264.201585445
7456,517200.3303299758,0.2386785691341207,0.0,517200.3303299758,517200.3303299758
7457,527088.9258761201,1.3441372051237324,0.0,527088.9258761201,527088.9258761201
7458,585354.5007867226,2.3365375715234973,0.0,585354.5007867226,585354.5007867226
7459,508428.5312104424,2.7636465899740292,12233.201774794956,496195.32943564747,496195.32943564747
7460,472344.2759781325,3.1028213987435693,32248.283089434095,440095.9928886984,440095.9928886984
7461,481156.1719033399,3.4922443273308184,66517.50080511202,414638.6710982279,414638.6710982279
7462,446508.67518678616,3.9570394356446323,120947.83763180877,325560.8375549774,325560.8375549774
7463,460829.0870329817,4.547454843502721,209455.76345489634,251373.32357808534,251373.32357808534
7464,466973.07170380105,5.100184161497526,314280.9575170498,152692.11418675125,152692.11418675125
7465,458988.8417492309,5.376548820494929,375744.45767807233,83244.3840711586,83244.3840711586
7466,416430.8066049466,5.389110850449357,378538.25313993695,37892.55346500967,37892.55346500967
7467,424644.9907817986,5.238366490996228,345012.70759756106,79632.28318423755,79632.28318423755
7468,378234.0112308682,5.012249951816535,294724.3892839973,83509.62194687087,83509.62194687087
7469,382529.0805037509,4.710761232910277,239242.84888283446,143286.23162091643,143286.23162091643
7470,380103.6202111176,4.421834543958447,189106.44777618363,190997.17243493398,190997.17243493398
7471,407135.5602237864,4.107783795097761,142124.4557466251,265011.1044771613,265011.1044771613
7472,492687.6716617124,3.9570394356446323,120947.83763180877,371739.83402990364,371739.83402990364
7473,506297.9558304864,3.4168721476042543,59884.74898917438,446413.206841312,446413.206841312
7474,548278.0328205018,2.2611653917969328,0.0,548278.0328205018,548278.0328205018
7475,609760.1511354883,1.7838082535286914,0.0,609760.1511354883,609760.1511354883
7476,490268.9995186315,1.5953778042122804,0.0,490268.9995186315,490268.9995186315
7477,446688.45076663885,1.5451296843945708,0.0,446688.45076663885,446688.45076663885
7478,1347382.4391358537,1.7461221636654092,0.0,1347382.4391358537,1347382.4391358537
7479,780516.4093703228,2.286289451705788,0.0,780516.4093703228,780516.4093703228
7480,497077.8208917295,3.0400112489714317,26720.98990948599,470356.8309822435,470356.8309822435
7481,545081.4037297078,3.7686089863282213,98788.41679219883,446292.986937509,446292.986937509
7482,592066.7970082562,4.660513113092567,230077.5918280843,361989.2051801719,361989.2051801719
7483,518888.8407165923,4.723323262864704,241534.163146522,277354.6775700703,277354.6775700703
7484,549452.1345156238,4.459520633821729,194744.28681973062,354707.84769589314,354707.84769589314
7485,464173.1473222703,4.107783795097761,142124.4557466251,322048.69157564524,322048.69157564524
7486,476580.3231857556,3.8314191361003584,106174.89040540216,370405.4327803534,370405.4327803534
7487,480708.5281197215,3.7560469563737944,97311.12206955822,383397.4060501633,383397.4060501633
7488,475594.6883064368,3.9319153757357777,117993.24818652745,357601.44011990936,357601.44011990936
7489,405088.85239175416,4.208280034733181,157158.69319608388,247930.15919567028,247930.15919567028
7490,423037.2622958492,4.472082663776156,196623.56650091297,226413.69579493624,226413.69579493624
7491,356520.66193020105,4.572578903411576,214038.39198227142,142482.26994792963,142482.26994792963
7492,345685.4977325131,4.434396573912874,190985.72745736598,154699.77027514714,154699.77027514714
7493,352878.9589036392,4.107783795097761,142124.4557466251,210754.5031570141,210754.5031570141
7494,397150.3324738803,3.668112746692802,86970.05901107354,310180.27346280677,310180.27346280677
7495,420561.0994563875,3.1153834286979962,33353.741725423664,387207.35773096385,387207.35773096385
7496,408252.9508536152,2.7636465899740292,12233.201774794956,396019.7490788202,396019.7490788202
7497,389246.5702034143,2.047610882571667,0.0,389246.5702034143,389246.5702034143
7498,438645.9058621676,2.1606691521615136,0.0,438645.9058621676,438645.9058621676
7499,491324.6495936301,2.66315035033861,7570.176255711505,483754.4733379186,483754.4733379186
7500,392705.4182218371,3.3414999678776898,53251.997173236705,339453.4210486004,339453.4210486004
7501,483219.31415340153,4.057535675280052,134607.33702189577,348611.97713150573,348611.97713150573
7502,464749.390469575,4.622827023229285,223203.64903702162,241545.7414325534,241545.7414325534
7503,447625.19189071615,4.748447322773559,246116.7916738971,201508.40021681905,201508.40021681905
7504,1239536.7566512378,4.572578903411576,214038.39198227142,1025498.3646689664,1025498.3646689664
7505,465774.517163892,3.869105225963641,110606.77457332418,355167.7425905678,355167.7425905678
7506,456308.8308386221,4.082659735188907,138365.89638426044,317942.9344543617,317942.9344543617
7507,462176.3665713319,3.8942292858724956,113561.36401860548,348615.0025527264,348615.0025527264
7508,419955.737344522,3.6178646268750927,81060.8801205109,338894.8572240111,338894.8572240111
7509,427840.5473849135,3.354061997832117,54357.45580922631,373483.09157568717,373483.09157568717
7510,452284.035052577,3.3038138780144073,49935.621265267844,402348.41378730914,402348.41378730914
7511,425589.2932603828,3.6178646268750927,81060.8801205109,344528.4131398719,344528.4131398719
7512,444292.19064776594,3.9821634955534875,123902.42707709012,320389.7635706758,320389.7635706758
7513,300123.340189995,4.044973645325625,132728.05734071345,167395.28284928156,167395.28284928156
7514,325511.78718911915,3.9821634955534875,123902.42707709012,201609.360112029,201609.360112029
7515,319530.77425926906,3.856543196009213,109129.47985068346,210401.29440858559,210401.29440858559
7516,328767.1597715865,3.693236806601657,89924.64845635489,238842.5113152316,238842.5113152316
7517,306271.1481011448,3.542492447148528,72197.11178466692,234074.0363164779,234074.0363164779
7518,379491.9996107574,3.4168721476042543,59884.74898917438,319607.250621583,319607.250621583
7519,387599.903557832,3.215879668333416,42197.4108133406,345402.49274449144,345402.49274449144
7520,439014.5536562036,3.3289379379232624,52146.5385372471,386868.0151189565,386868.0151189565
7521,421780.3236546641,2.5249680208399083,1158.5161669717472,420621.80748769233,420621.80748769233
7522,375583.9155979267,1.0928966060351841,0.0,375583.9155979267,375583.9155979267
7523,430548.3739131406,0.2889266889518303,0.0,430548.3739131406,430548.3739131406
7524,448791.4133558909,1.0175244263086198,0.0,448791.4133558909,448791.4133558909
7525,360316.1811678947,1.7838082535286914,0.0,360316.1811678947,360316.1811678947
7526,367618.3985953968,2.462157871067771,0.0,367618.3985953968,367618.3985953968
7527,382412.1396496031,2.851580799655021,16313.349103992976,366098.7905456101,366098.7905456101
7528,373796.9981756999,3.00232515910815,23404.61400151721,350392.3841741827,350392.3841741827
7529,454002.318892812,3.215879668333416,42197.4108133406,411804.90807947144,411804.90807947144
7530,493145.4881058216,3.6429886867839474,84015.46956579221,409130.0185400294,409130.0185400294
7531,460874.2960801179,3.4922443273308184,66517.50080511202,394356.7952750059,394356.7952750059
7532,421791.8628363866,3.1028213987435693,32248.283089434095,389543.5797469525,389543.5797469525
7533,410143.2220570944,2.7259605001107468,10484.56720513865,399658.6548519557,399658.6548519557
7534,397599.084202854,2.71339847015632,9901.689015253241,387697.3951876008,387697.3951876008
7535,335155.3609146196,3.127945458652424,34459.20036141331,300696.1605532063,300696.1605532063
7536,299912.30005002994,3.655550716738375,85492.76428843293,214419.535761597,214419.535761597
7537,311761.093593855,4.032411615371197,130848.77765953113,180912.31593432385,180912.31593432385
7538,296160.3470317191,4.170593944869898,151520.85415253678,144639.49287918233,144639.49287918233
7539,350404.17039854336,4.044973645325625,132728.05734071345,217676.1130578299,217676.1130578299
7540,320001.80371548526,3.818857106145931,104697.59568276149,215304.20803272378,215304.20803272378
7541,298475.0216575898,3.7434849264193666,95833.82734691752,202641.1943106723,202641.1943106723
7542,386266.302876905,3.843981166054786,107652.18512804282,278614.1177488622,278614.1177488622
7543,406754.73315129936,3.96960146559906,122425.13235444948,284329.6007968499,284329.6007968499
7544,447752.06793785497,4.848943562408978,264447.30578339763,183304.76215445733,183304.76215445733
7545,423897.7032528107,5.087622131543099,311487.1620551851,112410.54119762557,112410.54119762557
7546,384080.70276313566,4.861505592363406,266738.6200470852,117342.08271605044,117342.08271605044
7547,426780.4184569075,4.735885292819131,243825.47741020954,182954.94104669796,182954.94104669796
7548,412027.0057329187,4.585140933366003,216329.70624595898,195697.2994869597,195697.2994869597
7549,364211.8068343673,4.459520633821729,194744.28681973062,169467.52001463666,169467.52001463666
7550,373495.4830368573,4.057535675280052,134607.33702189577,238888.1460149615,238888.1460149615
7551,326809.95738370257,3.567616507057383,75151.70122994823,251658.25615375434,251658.25615375434
7552,365487.20216415374,2.562654110703191,2907.1507366280543,362580.0514275257,362580.0514275257
7553,463216.9296148657,2.0727349424805217,0.0,463216.9296148657,463216.9296148657
7554,501897.8105649666,2.4370338111589165,0.0,501897.8105649666,501897.8105649666
7555,497370.8514605996,3.0400112489714317,26720.98990948599,470649.8615511136,470649.8615511136
7556,460603.3517676875,3.567616507057383,75151.70122994823,385451.6505377393,385451.6505377393
7557,405729.76156247663,3.96960146559906,122425.13235444948,283304.62920802715,283304.62920802715
7558,354433.1579758971,4.296214244414172,170313.6509643602,184119.5070115369,184119.5070115369
7559,357246.83945773816,4.622827023229285,223203.64903702162,134043.19042071654,134043.19042071654
7560,300948.0480583185,4.924315742135542,278195.1913655229,22752.856692795584,22752.856692795584
7561,313632.8345452247,5.250928520950655,347806.5030594257,0.0,0.0
7562,291978.5208459195,5.665475509446759,447282.6757166167,0.0,0.0
7563,323612.5178693542,6.05489843803401,552606.0189076397,0.0,0.0
7564,331094.09262757224,6.3061390371225565,626772.2437585787,0.0,0.0
7565,314305.23781816615,6.557379636211105,703646.7874386824,0.0,0.0
7566,400474.1490588844,6.846306325162936,802575.2857357893,0.0,0.0
7567,431351.0342021985,7.198043163886903,932674.4857125566,0.0,0.0
7568,388951.5478286991,7.964326991106975,1255475.3376799547,0.0,0.0
7569,388340.7216844764,7.562342032565297,1078280.3679547831,0.0,0.0
7570,423805.38939847786,7.235729253750185,947417.2840670726,0.0,0.0
7571,479297.6537413931,6.482007456484541,678688.6011542365,0.0,0.0
7572,449058.7568527329,5.6026653596746225,430550.0518173195,18508.70503541344,18508.70503541344
7573,386796.26396838255,4.773571382682413,250699.4202012722,136096.84376711035,136096.84376711035
7574,352021.3458954054,4.296214244414172,170313.6509643602,181707.6949310452,181707.6949310452
7575,355790.6657892951,3.96960146559906,122425.13235444948,233365.53343484562,233365.53343484562
7576,367487.4160679716,2.7636465899740292,12233.201774794956,355254.21429317666,355254.21429317666
7577,505907.6563319481,2.9018289194727305,18644.861863534694,487262.79446841346,487262.79446841346
7578,490483.6222593518,3.1530695185612783,36670.11763339249,453813.50462595926,453813.50462595926
7579,440371.0043396681,3.4922443273308184,66517.50080511202,373853.5035345561,373853.5035345561
7580,451126.7388421029,3.856543196009213,109129.47985068346,341997.2589914194,341997.2589914194
7581,459481.00370494,4.220842064687608,159037.9728772662,300443.03082767385,300443.03082767385
7582,375843.05368423177,4.547454843502721,209455.76345489634,166387.29022933543,166387.29022933543
7583,326465.53482087684,4.836381532454551,262155.9915197101,64309.543301166734,64309.543301166734
7584,280754.9486346643,5.137870251360808,322662.3439026437,0.0,0.0
7585,317055.3025557897,5.439358970267066,389713.4349873955,0.0,0.0
7586,268332.5463649929,5.678037539401187,450629.2004964761,0.0,0.0
7587,340452.4794578175,5.765971749082179,474054.87395549245,0.0,0.0
7588,294943.7787060278,5.728285659218896,464015.2996159139,0.0,0.0
7589,330515.7759806836,5.678037539401187,450629.2004964761,0.0,0.0
7590,401717.67621888977,5.627789419583478,437243.1013770386,0.0,0.0
7591,403710.954944908,5.464483030175921,395301.0259111248,8409.929033783206,8409.929033783206
7592,408186.3414756432,5.376548820494929,375744.45767807233,32441.88379757089,32441.88379757089
7593,414771.3482629312,5.690599569355615,453975.7252763358,0.0,0.0
7594,421589.8427115766,4.823819502500124,259864.67725602255,161725.16545555406,161725.16545555406
7595,414558.1299445885,4.472082663776156,196623.56650091297,217934.56344367555,217934.56344367555
7596,409317.28301990527,4.044973645325625,132728.05734071345,276589.2256791918,276589.2256791918
7597,400183.5224857116,3.517368387239673,69242.52233938556,330941.000146326,330941.000146326
7598,377830.12703805696,2.889266889518303,18061.983673649265,359768.1433644077,359768.1433644077
7599,364038.8847729338,2.2486033618425054,0.0,364038.8847729338,364038.8847729338
7600,387936.5205835553,1.2310789355338856,0.0,387936.5205835553,387936.5205835553
7601,430584.64296263066,0.6155394677669428,0.0,430584.64296263066,430584.64296263066
7602,491541.4424183048,0.3266127788151125,0.0,491541.4424183048,491541.4424183048
7603,485166.5560855137,0.38942292858724953,0.0,485166.5560855137,485166.5560855137
7604,424703.8238494366,0.6155394677669428,0.0,424703.8238494366,424703.8238494366
7605,407231.4608258318,0.9044661567187732,0.0,407231.4608258318,407231.4608258318
7606,409784.60793171806,1.2687650253971678,0.0,409784.60793171806,409784.60793171806
7607,305789.6604901117,1.7461221636654092,0.0,305789.6604901117,305789.6604901117
7608,268575.3808598239,2.3114135116146426,0.0,268575.3808598239,268575.3808598239
7609,460857.1053145712,2.826456739746166,15147.5927242221,445709.51259034907,445709.51259034907
7610,390873.9386496568,3.2661277881511253,46619.24535729902,344254.6932923577,344254.6932923577
7611,404048.826638463,3.5801785370118107,76628.99595258894,327419.8306858741,327419.8306858741
7612,338285.3223915287,3.668112746692802,86970.05901107354,251315.26338045514,251315.26338045514
7613,393413.362115373,3.5801785370118107,76628.99595258894,316784.36616278405,316784.36616278405
7614,377424.6944960193,3.3917480876953996,57673.83171719517,319750.8627788241,319750.8627788241
7615,427637.1645286314,3.165631548515706,37775.57626938213,389861.5882592492,389861.5882592492
7616,495325.07313084736,2.7636465899740292,12233.201774794956,483091.8713560524,483091.8713560524
7617,487542.6651943491,2.6129022305209,5238.663496169769,482304.0016981793,482304.0016981793
7618,490984.3428420631,1.6833120138932725,0.0,490984.3428420631,490984.3428420631
7619,695557.4463381026,1.7461221636654092,0.0,695557.4463381026,695557.4463381026
7620,493875.1552640094,2.286289451705788,0.0,493875.1552640094,493875.1552640094
7621,476317.49572666193,3.014887189062577,24510.07263750678,451807.42308915517,451807.42308915517
7622,1371853.5224157376,3.7057988365560846,91401.94317899554,1280451.579236742,1280451.579236742
7623,698960.7069261018,4.233404094642036,160917.25255844856,538043.4543676532,538043.4543676532
7624,506736.4545389314,4.35902439418631,179710.04937027197,327026.4051686594,327026.4051686594
7625,544730.6182745467,4.3087762743686,172192.93064554254,372537.6876290041,372537.6876290041
7626,546547.209774941,4.7861334126368416,252990.7344649599,293556.47530998103,293556.47530998103
7627,513281.8383892769,4.924315742135542,278195.1913655229,235086.64702375396,235086.64702375396
7628,467355.0575935824,5.012249951816535,294724.3892839973,172630.66830958507,172630.66830958507
7629,429518.7588271097,5.200680401132945,336631.3212119669,92887.43761514279,92887.43761514279
7630,430126.8393195332,5.42679694031264,386919.6395255311,43207.19979400211,43207.19979400211
7631,416967.3890436816,5.740847689173324,467361.8243957736,0.0,0.0
7632,466568.1454590082,5.853905958763171,497480.5474145088,0.0,0.0
7633,449665.5796617057,5.464483030175921,395301.0259111248,54364.55375058093,54364.55375058093
7634,434692.19788161846,4.798695442591269,255282.04872864747,179410.149152971,179410.149152971
7635,388558.5741492031,4.245966124596463,162796.5322396309,225762.04190957217,225762.04190957217
7636,351095.05093661626,3.9193533457813503,116515.9534638868,234579.09747272945,234579.09747272945
7637,373124.3502449489,3.869105225963641,110606.77457332418,262517.5756716247,262517.5756716247
7638,401419.7692098771,3.994725525507915,125379.72179973079,276040.04741014633,276040.04741014633
7639,416759.6734197159,4.057535675280052,134607.33702189577,282152.33639782015,282152.33639782015
7640,504965.4206996447,5.024811981770962,297518.184745862,207447.23595378274,207447.23595378274
7641,464255.6585151677,5.313738670722793,361775.48036874906,102480.17814641865,102480.17814641865
7642,509612.7613398108,4.798695442591269,255282.04872864747,254330.71261116333,254330.71261116333
7643,610787.1499801723,3.529930417194101,70719.81706202627,540067.332918146,540067.332918146
7644,494927.7775834764,2.361661631432352,0.0,494927.7775834764,494927.7775834764
7645,471896.7901320026,1.7963702834831188,0.0,471896.7901320026,471896.7901320026
7646,1466703.7600413442,2.0727349424805217,0.0,1466703.7600413442,1466703.7600413442
7647,713752.211713057,2.7510845600196014,11650.323584909505,702101.8881281475,702101.8881281475
7648,479128.6435853938,3.3414999678776898,53251.997173236705,425876.6464121571,425876.6464121571
7649,501149.7453067253,3.366624027786545,55462.91444521596,445686.83086150937,445686.83086150937
7650,531950.38599151,3.96960146559906,122425.13235444948,409525.2536370605,409525.2536370605
7651,535894.2433746224,4.082659735188907,138365.89638426044,397528.346990362,397528.346990362
7652,476445.9288962369,4.158031914915471,149641.57447135443,326804.35442488245,326804.35442488245
7653,457910.45329786936,4.346462364231882,177830.76968908953,280079.6836087798,280079.6836087798
7654,441187.3232271692,4.874067622317833,269029.9343107727,172157.38891639654,172157.38891639654
7655,499907.70133625285,5.740847689173324,467361.8243957736,32545.87694047927,32545.87694047927
7656,453841.3372078077,6.29357700716813,623063.932516032,0.0,0.0
7657,327969.96160557674,6.3438251269858394,637897.1774862198,0.0,0.0
7658,294138.47077844245,6.318701067076985,630480.5550011259,0.0,0.0
7659,298143.7375358364,6.595065726074387,716550.5046078701,0.0,0.0
7660,319059.3808237932,7.248291283704612,952331.5501852442,0.0,0.0
7661,335493.36001324706,7.662838272200717,1122579.1103860762,0.0,0.0
7662,358573.1369231087,7.675400302155145,1128116.4531899882,0.0,0.0
7663,402077.29250799696,7.700524362063999,1139191.1387978108,0.0,0.0
7664,411237.0530146922,8.140195410468959,1330082.0723969627,0.0,0.0
7665,438548.7606213944,8.140195410468959,1330082.0723969627,0.0,0.0
7666,378850.5373008337,7.750772481881709,1161340.5100134574,0.0,0.0
7667,421158.741867507,6.394073246803549,652730.4224564076,0.0,0.0
7668,450203.5853023058,4.911753712181116,275903.8771018355,174299.7082004703,174299.7082004703
7669,370948.9655676414,3.7937330462370764,101743.0062374802,269205.9593301612,269205.9593301612
7670,367730.755614881,3.0902593687891415,31142.824453444453,336587.93116143654,336587.93116143654
7671,400815.8308377552,2.851580799655021,16313.349103992976,384502.4817337622,384502.4817337622
7672,376375.6552492025,2.562654110703191,2907.1507366280543,373468.50451257447,373468.50451257447
7673,457527.9319848704,2.6254642604753275,5821.541686055199,451706.3902988152,451706.3902988152
7674,470733.33557454473,3.668112746692802,86970.05901107354,383763.2765634712,383763.2765634712
7675,499330.9656359706,4.761009352727987,248408.10593758483,250922.85969838576,250922.85969838576
7676,410522.620995598,5.5649792698113405,420510.47747774114,0.0,0.0
7677,455683.0387003706,5.904154078580881,510866.64653394656,0.0,0.0
7678,416947.896797982,6.029774378125154,545189.3964225454,0.0,0.0
7679,286647.1086646341,6.117708587806146,571147.5751203744,0.0,0.0
7680,275627.5711119654,6.268452947259275,615647.3100309381,0.0,0.0
7681,271856.8417168524,6.544817606256678,699345.5483822866,0.0,0.0
7682,278046.58209355845,7.02217474452492,863874.7600581485,0.0,0.0
7683,322917.41492855665,7.524655942702016,1061668.3395430488,0.0,0.0
7684,329791.4426515264,7.813582631653846,1189027.2240330153,0.0,0.0
7685,319122.95009543974,7.926640901243692,1238863.3092682194,0.0,0.0
7686,381292.763806492,7.926640901243692,1238863.3092682194,0.0,0.0
7687,424914.1200645328,8.052261200787967,1293149.7043309463,0.0,0.0
7688,402903.47369465645,8.491932249192926,1477811.544661029,0.0,0.0
7689,396317.28964571015,8.6175525487372,1525493.800364177,0.0,0.0
7690,411130.3228504816,8.969289387461167,1658028.2411953676,0.0,0.0
7691,431305.67185773305,7.7256484219728545,1150265.8244056343,0.0,0.0
7692,437312.6949940722,6.5322555763022505,695044.3093258906,0.0,0.0
7693,391101.9870703228,5.765971749082179,474054.87395549245,0.0,0.0
7694,363390.56548165553,5.125308221406382,319868.54844077927,43522.017040876264,43522.017040876264
7695,409462.16073633445,4.421834543958447,189106.44777618363,220355.71296015082,220355.71296015082
7696,349559.41335831594,3.2912518480599804,48830.162629278275,300729.2507290377,300729.2507290377
7697,457474.263315004,2.3114135116146426,0.0,457474.263315004,457474.263315004
7698,448857.5286558046,2.286289451705788,0.0,448857.5286558046,448857.5286558046
7699,481915.1662563761,2.5877781706120455,4072.9071163989115,477842.25913997716,477842.25913997716
7700,416310.691071315,3.065135308880287,28931.90718146524,387378.7838898498,387378.7838898498
7701,475924.1327340859,3.3289379379232624,52146.5385372471,423777.5941968388,423777.5941968388
7702,400642.0642839287,3.4922443273308184,66517.50080511202,334124.5634788167,334124.5634788167
7703,356577.1302896511,3.6429886867839474,84015.46956579221,272561.66072385886,272561.66072385886
7704,311146.0165371613,3.8062950761915033,103220.30096012079,207925.7155770405,207925.7155770405
7705,288874.8135317,3.9444774056902054,119470.54290916816,169404.27062253183,169404.27062253183
7706,314871.62877620483,4.007287555462342,127090.21829716631,187781.41047903852,187781.41047903852
7707,310655.1995694859,3.9444774056902054,119470.54290916816,191184.65666031773,191184.65666031773
7708,327310.5621344244,3.843981166054786,107652.18512804282,219658.37700638158,219658.37700638158
7709,317217.3012031598,3.7937330462370764,101743.0062374802,215474.29496567958,215474.29496567958
7710,422462.2480020404,3.856543196009213,109129.47985068346,313332.7681513569,313332.7681513569
7711,450085.7262970554,3.856543196009213,109129.47985068346,340956.2464463719,340956.2464463719
7712,388289.11632027326,4.170593944869898,151520.85415253678,236768.26216773648,236768.26216773648
7713,400003.9557410586,3.4168721476042543,59884.74898917438,340119.20675188425,340119.20675188425
7714,427176.9590131356,2.2737274217513606,0.0,427176.9590131356,427176.9590131356
7715,407051.2257448423,1.6205018641211353,0.0,407051.2257448423,407051.2257448423
7716,467163.79888466565,1.6958740438476998,0.0,467163.79888466565,467163.79888466565
7717,369231.2237966397,2.3993477212956345,0.0,369231.2237966397,369231.2237966397
7718,362009.7254386757,3.0400112489714317,26720.98990948599,335288.73552918975,335288.73552918975
7719,366425.646955041,3.3414999678776898,53251.997173236705,313173.6497818043,313173.6497818043
7720,381137.3050853594,3.4671202674219637,64306.583533132805,316830.7215522266,316830.7215522266
7721,493064.00185137487,3.2786898181055526,47724.703993288625,445339.29785808624,445339.29785808624
7722,493011.94313403935,3.843981166054786,107652.18512804282,385359.7580059965,385359.7580059965
7723,516896.0713450953,3.906791315826923,115038.65874124614,401857.41260384914,401857.41260384914
7724,430493.1051556752,3.504806357285246,67765.22761674495,362727.8775389303,362727.8775389303
7725,380135.3920022334,2.71339847015632,9901.689015253241,370233.7029869802,370233.7029869802
7726,382037.1596387058,1.9471146429362478,0.0,382037.1596387058,382037.1596387058
7727,316008.48334110784,1.7209981037565547,0.0,316008.48334110784,316008.48334110784
7728,300629.8458576943,2.1857932120703683,0.0,300629.8458576943,300629.8458576943
7729,290721.2853897607,2.7762086199284566,12816.079964680386,277905.2054250803,277905.2054250803
7730,318626.4147971049,3.2661277881511253,46619.24535729902,272007.1694398059,272007.1694398059
7731,313596.822403254,3.567616507057383,75151.70122994823,238445.12117330576,238445.12117330576
7732,320624.70987179707,3.7937330462370764,101743.0062374802,218881.70363431686,218881.70363431686
7733,313087.6910532932,4.007287555462342,127090.21829716631,185997.47275612687,185997.47275612687
7734,377840.43471324287,4.132907855006616,145883.01510898976,231957.4196042531,231957.4196042531
7735,393470.50280605553,4.095221765143334,140245.17606544276,253225.32674061277,253225.32674061277
7736,417322.131155296,4.396710484049592,185347.888413819,231974.242741477,231974.242741477
7737,399501.50557034375,3.529930417194101,70719.81706202627,328781.68850831746,328781.68850831746
7738,420826.84932049527,2.462157871067771,0.0,420826.84932049527,420826.84932049527
7739,438273.4014002592,1.607939834166708,0.0,438273.4014002592,438273.4014002592
7740,421207.4382941659,0.8165319470377813,0.0,421207.4382941659,421207.4382941659
7741,389749.9445366578,1.3943853249414422,0.0,389749.9445366578,389749.9445366578
7742,391172.0712511955,2.4370338111589165,0.0,391172.0712511955,391172.0712511955
7743,397895.2479849794,3.1907556084245607,39986.49354136134,357908.75444361806,357908.75444361806
7744,381582.6728166983,3.7309228964649397,94356.53262427691,287226.1401924214,287226.1401924214
7745,482167.84900892025,3.9570394356446323,120947.83763180877,361220.0113771115,361220.0113771115
7746,448068.6299466736,4.472082663776156,196623.56650091297,251445.0634457606,251445.0634457606
7747,503212.3448382111,4.3087762743686,172192.93064554254,331019.4141926685,331019.4141926685
7748,431971.19169908017,4.032411615371197,130848.77765953113,301122.41403954907,301122.41403954907
7749,430254.2387495214,4.070097705234479,136486.61670307812,293767.6220464433,293767.6220464433
7750,422948.0097746239,4.434396573912874,190985.72745736598,231962.28231725792,231962.28231725792
7751,320604.6953775233,4.710761232910277,239242.84888283446,81361.84649468886,81361.84649468886
7752,283043.8860967548,4.710761232910277,239242.84888283446,43801.037213920354,43801.037213920354
7753,300039.3180499649,4.434396573912874,190985.72745736598,109053.59059259892,109053.59059259892
7754,292989.64528235287,4.3087762743686,172192.93064554254,120796.71463681033,120796.71463681033
7755,341963.3688744537,4.5977029633204305,218621.02050964654,123342.34836480717,123342.34836480717
7756,287744.3689415962,5.213242431087374,339425.11667383194,0.0,0.0
7757,306121.50936764915,6.406635276757976,656438.7336989546,0.0,0.0
7758,414893.05292165896,7.36134955329446,996559.9452487925,0.0,0.0
7759,416756.191922293,7.587466092474153,1089355.0535626067,0.0,0.0
7760,401883.896886425,7.863830751471555,1211176.5952486617,0.0,0.0
7761,398300.778089513,7.059860834388202,878617.5584126645,0.0,0.0
7762,411008.7915408699,6.569941666165533,707948.0264950787,0.0,0.0
7763,427876.9603685137,4.773571382682413,250699.4202012722,177177.5401672415,177177.5401672415
7764,437225.0421586605,3.165631548515706,37775.57626938213,399449.46588927833,399449.46588927833
7765,337311.72766438767,1.8466184033008286,0.0,337311.72766438767,337311.72766438767
7766,370079.17754932895,1.0049623963541925,0.0,370079.17754932895,370079.17754932895
7767,381463.462291402,0.5778533779036606,0.0,381463.462291402,381463.462291402
7768,373429.2213471379,0.3140507488606851,0.0,373429.2213471379,373429.2213471379
7769,489133.6484614083,0.11305826958984665,0.0,489133.6484614083,489133.6484614083
7770,487002.0819715751,0.33917480876954,0.0,487002.0819715751,487002.0819715751
7771,493361.0332692245,1.1682687857617486,0.0,493361.0332692245,493361.0332692245
7772,412980.0098632258,1.98480073279953,0.0,412980.0098632258,412980.0098632258
7773,425472.0459607817,2.550092080748763,2324.272546742605,423147.7734140391,423147.7734140391
7774,385438.486782929,2.9897631291537223,22725.009192732716,362713.4775901963,362713.4775901963
7775,326079.3227041722,3.379186057740972,56568.37308120552,269510.9496229667,269510.9496229667
7776,296955.7006596744,3.693236806601657,89924.64845635489,207031.05220331953,207031.05220331953
7777,431882.62932132126,3.994725525507915,125379.72179973079,306502.9075215905,306502.9075215905
7778,413976.15737199207,4.321338304323027,174072.21032672486,239903.9470452672,239903.9470452672
7779,390149.64142469456,4.5977029633204305,218621.02050964654,171528.62091504803,171528.62091504803
7780,365692.0365566228,4.748447322773559,246116.7916738971,119575.24488272573,119575.24488272573
7781,359600.43353869533,4.836381532454551,262155.9915197101,97444.44201898522,97444.44201898522
7782,401789.9963948267,4.861505592363406,266738.6200470852,135051.37634774146,135051.37634774146
7783,379930.875526152,4.748447322773559,246116.7916738971,133814.08385225493,133814.08385225493
7784,450651.1892176147,4.836381532454551,262155.9915197101,188495.1976979046,188495.1976979046
7785,518002.62091875135,4.509768753639438,202581.82066383353,315420.8002549178,315420.8002549178
7786,491726.4322569725,3.843981166054786,107652.18512804282,384074.24712892965,384074.24712892965
7787,641500.2232173745,2.700836440201892,9318.810825367791,632181.4123920067,632181.4123920067
7788,521689.0861643132,1.834056373346401,0.0,521689.0861643132,521689.0861643132
7789,465451.8956702037,1.1054586359896117,0.0,465451.8956702037,465451.8956702037
7790,1274288.426465521,0.590415407858088,0.0,1274288.426465521,1274288.426465521
7791,738209.2928631213,0.6406635276757977,0.0,738209.2928631213,738209.2928631213
7792,524789.4063412647,1.2938890853060228,0.0,524789.4063412647,524789.4063412647
7793,539734.3211160202,2.0601729125260944,0.0,539734.3211160202,539734.3211160202
7794,527847.4619270391,2.6254642604753275,5821.541686055199,522025.9202409839,522025.9202409839
7795,531263.2710389101,2.6882744102474647,8735.932635482362,522527.3384034278,522527.3384034278
7796,462208.5049210612,2.32397554156907,0.0,462208.5049210612,462208.5049210612
7797,410682.6,1.7461221636654092,0.0,410682.6,410682.6
7798,456703.2002305876,1.5702537443034257,0.0,456703.2002305876,456703.2002305876
7799,459467.2190675145,1.9471146429362478,0.0,459467.2190675145,459467.2190675145
7800,441880.36567816825,2.411909751250062,0.0,441880.36567816825,441880.36567816825
7801,399750.95689665806,2.700836440201892,9318.810825367791,390432.14607129025,390432.14607129025
7802,397591.6485664182,2.7887706498828844,13398.958154565835,384192.6904118524,384192.6904118524
7803,434420.0415858608,2.9269529793815856,19810.618243305573,414609.4233425552,414609.4233425552
7804,388276.0054491045,3.0902593687891415,31142.824453444453,357133.18099566,357133.18099566
7805,361692.61857247184,3.2661277881511253,46619.24535729902,315073.3732151728,315073.3732151728
7806,358619.20434934826,3.2912518480599804,48830.162629278275,309789.04172007,309789.04172007
7807,366598.4922808171,3.1405074886068514,35564.65899740291,331033.8332834142,331033.8332834142
7808,475514.9461827871,2.9395150093360125,20393.49643319098,455121.4497495961,455121.4497495961
7809,506297.11956860695,2.2611653917969328,0.0,506297.11956860695,506297.11956860695
7810,517460.1384865889,0.6909116474935073,0.0,517460.1384865889,517460.1384865889
7811,642979.316712382,0.6155394677669428,0.0,642979.316712382,642979.316712382
7812,524726.5071708723,1.3943853249414422,0.0,524726.5071708723,524726.5071708723
7813,462229.0780394469,2.148107122207086,0.0,462229.0780394469,462229.0780394469
7814,1295526.3452409816,2.474719901022199,0.0,1295526.3452409816,1295526.3452409816
7815,702605.2614213005,2.4872819309766263,0.0,702605.2614213005,702605.2614213005
7816,547356.4026776832,2.411909751250062,0.0,547356.4026776832,547356.4026776832
7817,511641.39357599686,2.5249680208399083,1158.5161669717472,510482.8774090251,510482.8774090251
7818,535627.8426851251,2.9018289194727305,18644.861863534694,516982.9808215904,516982.9808215904
7819,548649.8178119283,2.9646390692448676,21559.25281296186,527090.5649989665,527090.5649989665
7820,484474.4604858508,3.065135308880287,28931.90718146524,455542.55330438557,455542.55330438557
7821,488125.1294447763,3.0902593687891415,31142.824453444453,456982.3049913318,456982.3049913318
7822,446370.6791896423,3.065135308880287,28931.90718146524,417438.77200817707,417438.77200817707
7823,419153.0800013296,3.1028213987435693,32248.283089434095,386904.7969118955,386904.7969118955
7824,436718.7354898148,3.065135308880287,28931.90718146524,407786.82830834953,407786.82830834953
7825,310165.96779317013,3.1153834286979962,33353.741725423664,276812.22606774647,276812.22606774647
7826,292564.2872538228,3.203317638378988,41091.95217735095,251472.33507647185,251472.33507647185
7827,320808.2464722054,3.379186057740972,56568.37308120552,264239.87339099986,264239.87339099986
7828,342561.01858417667,3.63042665682952,82538.17484315156,260022.8437410251,260022.8437410251
7829,313191.9999712806,3.818857106145931,104697.59568276149,208494.4042885191,208494.4042885191
7830,358176.06163934886,3.8062950761915033,103220.30096012079,254955.76067922806,254955.76067922806
7831,454887.9540914386,3.4671202674219637,64306.583533132805,390581.3705583058,390581.3705583058
7832,426126.9229613103,3.3038138780144073,49935.621265267844,376191.3016960425,376191.3016960425
7833,449379.187233311,3.0902593687891415,31142.824453444453,418236.36277986655,418236.36277986655
7834,393836.0420246857,3.0400112489714317,26720.98990948599,367115.05211519974,367115.05211519974
7835,421276.1608105183,3.2661277881511253,46619.24535729902,374656.9154532193,374656.9154532193
7836,411959.2483412885,3.869105225963641,110606.77457332418,301352.4737679643,301352.4737679643
7837,335309.93213162385,4.685637173001422,234660.22035545937,100649.71177616448,100649.71177616448
7838,390186.1367848724,5.213242431087374,339425.11667383194,50761.020111040445,50761.020111040445
7839,377520.9671147752,5.439358970267066,389713.4349873955,0.0,0.0
7840,355931.2981762437,5.389110850449357,378538.25313993695,0.0,0.0
7841,460681.89452274446,4.245966124596463,162796.5322396309,297885.3622831135,297885.3622831135
7842,491830.9440398776,4.170593944869898,151520.85415253678,340310.08988734084,340310.08988734084
7843,481097.1505390378,4.132907855006616,145883.01510898976,335214.135430048,335214.135430048
7844,400341.20286319446,4.044973645325625,132728.05734071345,267613.145522481,267613.145522481
7845,448641.7864687989,3.906791315826923,115038.65874124614,333603.1277275527,333603.1277275527
7846,416780.3373390643,3.718360866510512,92879.2379016362,323901.09943742806,323901.09943742806
7847,331486.1515644979,3.4043101176498265,58779.29035318473,272706.86121131317,272706.86121131317
7848,295265.1399201288,3.00232515910815,23404.61400151721,271860.5259186116,271860.5259186116
7849,287584.04363692,2.4872819309766263,0.0,287584.04363692,287584.04363692
7850,276253.4613507622,1.8717424632096833,0.0,276253.4613507622,276253.4613507622
7851,329867.7135194734,1.2687650253971678,0.0,329867.7135194734,329867.7135194734
7852,294409.00553278293,0.7662838272200717,0.0,294409.00553278293,294409.00553278293
7853,323203.61820952344,0.929590216627628,0.0,323203.61820952344,323203.61820952344
7854,378708.6570118605,1.771246223574264,0.0,378708.6570118605,378708.6570118605
7855,422080.0466177668,2.550092080748763,2324.272546742605,419755.7740710242,419755.7740710242
7856,414128.230233196,3.7937330462370764,101743.0062374802,312385.2239957158,312385.2239957158
7857,413221.3686753147,3.9193533457813503,116515.9534638868,296705.4152114279,296705.4152114279
7858,374143.0207471776,3.8942292858724956,113561.36401860548,260581.6567285721,260581.6567285721
7859,417820.2087848829,3.655550716738375,85492.76428843293,332327.44449645,332327.44449645
7860,434595.1634932366,3.2912518480599804,48830.162629278275,385765.0008639583,385765.0008639583
7861,356098.38055496523,2.700836440201892,9318.810825367791,346779.5697295974,346779.5697295974
7862,362234.3797393244,2.198355242024796,0.0,362234.3797393244,362234.3797393244
7863,338704.62726606807,1.8089323134375463,0.0,338704.62726606807,338704.62726606807
7864,372457.5263918559,1.3441372051237324,0.0,372457.5263918559,372457.5263918559
7865,440424.37698196113,0.9421522465820553,0.0,440424.37698196113,440424.37698196113
7866,460965.8063678871,1.3190131452148777,0.0,460965.8063678871,460965.8063678871
7867,478834.5055566851,2.173231182115941,0.0,478834.5055566851,478834.5055566851
7868,442646.3621623272,3.2284416982878428,43302.86944933016,399343.4927129971,399343.4927129971
7869,420526.9390750864,4.4092725140040185,187227.1680950012,233299.7709800852,233299.7709800852
7870,387719.2768624282,5.590103329720195,427203.52703746,0.0,0.0
7871,356377.7239617013,6.519693546347824,690743.070269495,0.0,0.0
7872,303410.88303524413,7.298539403522322,971988.6146579324,0.0,0.0
7873,271139.7038379756,7.98945105101583,1266550.0232877778,0.0,0.0
7874,291234.7289865915,8.454246159329644,1461983.3869184507,0.0,0.0
7875,305022.82579530333,8.504494279147353,1482893.444382723,0.0,0.0
7876,298654.45555523207,8.655238638600482,1539693.9190246614,0.0,0.0
7877,313900.4007197121,8.579866458873918,1511293.681703692,0.0,0.0
7878,413177.3069133936,8.22812962014995,1367014.440462979,0.0,0.0
7879,395439.3123632421,8.064823230742395,1298425.7569118058,0.0,0.0
7880,410030.1332667236,8.655238638600482,1539693.9190246614,0.0,0.0
7881,364882.4240671248,8.56730442891949,1506560.308816864,0.0,0.0
7882,387961.62803755474,8.002013080970258,1272045.4940075083,0.0,0.0
7883,414417.4712442043,7.02217474452492,863874.7600581485,0.0,0.0
7884,434082.7622157013,5.929278138489735,517559.6960936655,0.0,0.0
7885,362558.4396692478,4.949439802044398,282777.81989289814,79780.61977634963,79780.61977634963
7886,359188.9680208482,4.095221765143334,140245.17606544276,218943.7919554054,218943.7919554054
7887,389516.01768209226,3.479682297376391,65412.04216912242,324103.97551296983,324103.97551296983
7888,369899.10002112406,2.9897631291537223,22725.009192732716,347174.0908283914,347174.0908283914
7889,495244.8278153319,2.198355242024796,0.0,495244.8278153319,495244.8278153319
7890,463707.34889342845,2.550092080748763,2324.272546742605,461383.0763466859,461383.0763466859
7891,483473.27619074006,3.0776973388347146,30037.365817454887,453435.9103732852,453435.9103732852
7892,444952.5515712036,3.63042665682952,82538.17484315156,362414.37672805204,362414.37672805204
7893,443411.2876316876,4.132907855006616,145883.01510898976,297528.2725226978,297528.2725226978
7894,425240.6124992428,4.547454843502721,209455.76345489634,215784.84904434648,215784.84904434648
7895,314555.50626771967,4.999687921862107,291943.07694764837,22612.4293200713,22612.4293200713
7896,298339.41992630734,5.4519210002214935,392507.23044926015,0.0,0.0
7897,297314.0681436721,5.904154078580881,510866.64653394656,0.0,0.0
7898,273563.25074786483,6.368949186894695,645313.799971314,0.0,0.0
7899,320981.6547553534,6.7960582053452265,785370.3295102055,0.0,0.0
7900,338192.0022502739,7.235729253750185,947417.2840670726,0.0,0.0
7901,303451.41266813513,7.637714212291862,1111504.4247782528,0.0,0.0
7902,400224.2543914096,7.951764961152548,1249937.994876043,0.0,0.0
7903,442072.1067780144,8.441684129375217,1456707.334337591,0.0,0.0
7904,427358.0233454973,9.157719836777579,1717673.006249806,0.0,0.0
7905,383974.4279740727,9.48433261559269,1817224.5812326518,0.0,0.0
7906,398331.8937860653,9.97425178381536,1929370.6038557976,0.0,0.0
7907,413138.8863754444,9.97425178381536,1929370.6038557976,0.0,0.0
7908,438388.1803280167,9.58482885522811,1841205.2528236443,0.0,0.0
7909,361140.7406750316,9.157719836777579,1717673.006249806,0.0,0.0
7910,343548.3303291567,9.082347657051015,1694699.5658691493,0.0,0.0
7911,378123.3787320016,9.321026226185134,1767448.793741229,0.0,0.0
7912,382842.0641789389,9.145157806823152,1713844.0995196966,0.0,0.0
7913,471625.0746932833,7.625152182337435,1105967.0819743413,0.0,0.0
7914,472303.4809060788,7.5372179726564426,1067205.6823469598,0.0,0.0
7915,470468.9549002973,7.863830751471555,1211176.5952486617,0.0,0.0
7916,443516.0593892719,7.914078871289265,1233325.9664643079,0.0,0.0
7917,408430.953149982,7.801020601699419,1183489.8812291038,0.0,0.0
7918,400659.4949186873,7.775896541790564,1172415.1956212807,0.0,0.0
7919,341710.486078729,7.5749040625197255,1083817.7107586951,0.0,0.0
7920,297048.1325676125,7.687962332109572,1133653.7959938992,0.0,0.0
7921,311564.33947249426,7.813582631653846,1189027.2240330153,0.0,0.0
7922,268149.8471593675,8.152757440423386,1335358.1249778222,0.0,0.0
7923,297351.1041742568,8.542180369010635,1497093.5630432074,0.0,0.0
7924,302759.0139875017,9.006975477324449,1671726.125488492,0.0,0.0
7925,341749.30570986954,9.195405926640861,1729159.7264401345,0.0,0.0
7926,400419.0370082551,9.24565404645857,1744475.3533605721,0.0,0.0
7927,406126.3778761862,9.459208555683837,1809566.7677724333,0.0,0.0
7928,424128.4889795839,10.12499614326849,1951399.5001675962,0.0,0.0
7929,386673.9762510284,11.305826958984664,2000000.0,0.0,0.0
7930,406046.7730455269,11.72037394748077,2000000.0,0.0,0.0
7931,460788.63926684606,11.393761168665657,2000000.0,0.0,0.0
7932,442033.99598563,10.866155910579705,2000000.0,0.0,0.0
7933,359909.1455462173,10.489295011946883,1998612.633548316,0.0,0.0
7934,369580.2245647404,10.037061933587497,1940003.2265929396,0.0,0.0
7935,378510.6805884049,9.534580735410401,1829829.0784969148,0.0,0.0
7936,391251.5646480007,8.630114578691627,1530227.1732510051,0.0,0.0
7937,492753.60651616834,6.708123995664234,755261.6561154339,0.0,0.0
7938,470630.5921404101,6.758372115481944,772466.6123410175,0.0,0.0
7939,456000.0681862882,6.846306325162936,802575.2857357893,0.0,0.0
7940,433580.4416865813,6.871430385071791,811177.7638485811,0.0,0.0
7941,412972.5814724713,6.7960582053452265,785370.3295102055,0.0,0.0
7942,374069.2894721595,6.6829999357553795,746659.178002642,0.0,0.0
7943,354889.8400468689,6.544817606256678,699345.5483822866,0.0,0.0
7944,281596.2327143649,6.356387156940267,641605.4887287668,0.0,0.0
7945,432171.1731706792,6.142832647715001,578564.1976054683,0.0,0.0
7946,356588.13867312635,6.017212348170727,541481.0851799984,0.0,0.0
7947,383311.7693571164,5.929278138489735,517559.6960936655,0.0,0.0
7948,373451.5276758875,5.866467988717598,500827.072194368,0.0,0.0
7949,372485.34105902375,5.816219868899888,487440.97307493025,0.0,0.0
7950,422697.387251675,5.753409719127752,470708.349175633,0.0,0.0
7951,436706.8780278887,5.690599569355615,453975.7252763358,0.0,0.0
7952,471902.30818837776,6.205642797487139,597105.7538182033,0.0,0.0
7953,492894.14728384046,5.6403514495379055,440589.62615689804,52304.52112694242,52304.52112694242
7954,494026.2883045841,5.992088288261872,534292.3199929626,0.0,0.0
7955,609119.5249024538,5.263490550905083,350600.29852129053,258519.22638116323,258519.22638116323
7956,508570.6424670942,4.233404094642036,160917.25255844856,347653.38990864565,347653.38990864565
7957,517561.0235443619,3.1530695185612783,36670.11763339249,480890.90591096936,480890.90591096936
7958,1273977.0318343164,2.5375300507943357,1741.3943568571758,1272235.6374774592,1272235.6374774592
7959,650854.5468504503,2.3993477212956345,0.0,650854.5468504503,650854.5468504503
7960,557660.8009662421,1.9094285530729656,0.0,557660.8009662421,557660.8009662421
7961,515995.1269132421,1.5200056244857159,0.0,515995.1269132421,515995.1269132421
7962,541628.0532737247,1.607939834166708,0.0,541628.0532737247,541628.0532737247
7963,573110.0283578956,1.9722387028451027,0.0,573110.0283578956,573110.0283578956
7964,477565.84040201874,2.6003402005664724,4655.78530628432,472910.0550957344,472910.0550957344
7965,531656.2329922192,3.2786898181055526,47724.703993288625,483931.52899893053,483931.52899893053
7966,445508.982805773,3.7811710162826486,100265.71151483948,345243.2712909335,345243.2712909335
7967,455630.7332866519,4.132907855006616,145883.01510898976,309747.7181776621,309747.7181776621
7968,486067.5106694985,4.396710484049592,185347.888413819,300719.62225567945,300719.62225567945
7969,431432.6856669366,4.610264993274858,220912.33477333406,210520.35089360256,210520.35089360256
7970,397972.07070131047,4.735885292819131,243825.47741020954,154146.59329110093,154146.59329110093
7971,398094.5924757691,4.798695442591269,255282.04872864747,142812.54374712164,142812.54374712164
7972,400571.9426868729,4.836381532454551,262155.9915197101,138415.9511671628,138415.9511671628
7973,359474.5708299103,4.823819502500124,259864.67725602255,99609.89357388773,99609.89357388773
7974,378137.0189939805,4.823819502500124,259864.67725602255,118272.34173795793,118272.34173795793
7975,400576.2648641568,4.748447322773559,246116.7916738971,154459.47319025968,154459.47319025968
7976,471072.0525691604,4.874067622317833,269029.9343107727,202042.11825838772,202042.11825838772
7977,518908.65068159584,4.874067622317833,269029.9343107727,249878.71637082315,249878.71637082315
7978,501965.9430625231,4.861505592363406,266738.6200470852,235227.32301543787,235227.32301543787
7979,585825.4296187422,4.5977029633204305,218621.02050964654,367204.4091090957,367204.4091090957
7980,533338.7960071589,4.107783795097761,142124.4557466251,391214.34026053385,391214.34026053385
7981,521244.9524851128,3.7057988365560846,91401.94317899554,429843.0093061173,429843.0093061173
7982,1271896.1829425911,3.2786898181055526,47724.703993288625,1224171.4789493026,1224171.4789493026
7983,714654.0732706889,2.8013326798373113,13981.836344451242,700672.2369262376,700672.2369262376
7984,512176.7738135749,1.8089323134375463,0.0,512176.7738135749,512176.7738135749
7985,562391.4733129789,1.3943853249414422,0.0,562391.4733129789,562391.4733129789
7986,510409.5712927404,1.2562029954427405,0.0,510409.5712927404,510409.5712927404
7987,543732.6421649185,1.4069473548958695,0.0,543732.6421649185,543732.6421649185
7988,508956.6392507654,1.6205018641211353,0.0,508956.6392507654,508956.6392507654
7989,507035.0372611176,1.8089323134375463,0.0,507035.0372611176,507035.0372611176
7990,461501.3353394576,2.047610882571667,0.0,461501.3353394576,461501.3353394576
7991,460677.7295602672,2.5877781706120455,4072.9071163989115,456604.82244386827,456604.82244386827
7992,452079.342683923,3.3414999678776898,53251.997173236705,398827.34551068634,398827.34551068634
7993,282803.579991418,3.9570394356446323,120947.83763180877,161855.74235960923,161855.74235960923
7994,306547.6903004844,4.283652214459745,168434.37128317787,138113.31901730655,138113.31901730655
7995,310174.8218407016,4.296214244414172,170313.6509643602,139861.17087634144,139861.17087634144
7996,310714.75607515016,4.057535675280052,134607.33702189577,176107.4190532544,176107.4190532544
7997,342800.60544009204,3.7309228964649397,94356.53262427691,248444.07281581513,248444.07281581513
7998,397286.8589058772,3.479682297376391,65412.04216912242,331874.8167367548,331874.8167367548
7999,443410.0534899712,3.316375907968835,51041.079901257486,392368.97358871374,392368.97358871374
8000,409941.9383803579,3.0400112489714317,26720.98990948599,383220.94847087195,383220.94847087195
8001,381065.82937363005,2.977201099199295,22142.131002847287,358923.6983707828,358923.6983707828
8002,375635.39601332654,1.834056373346401,0.0,375635.39601332654,375635.39601332654
8003,391595.1682538182,0.8667800668554909,0.0,391595.1682538182,391595.1682538182
8004,401557.9352939981,0.2135545092252659,0.0,401557.9352939981,401557.9352939981
8005,382915.2181888448,0.38942292858724953,0.0,382915.2181888448,382915.2181888448
8006,371170.8385098847,0.8165319470377813,0.0,371170.8385098847,371170.8385098847
8007,384563.7549188211,1.1557067558073213,0.0,384563.7549188211,384563.7549188211
8008,361794.9844760384,1.6205018641211353,0.0,361794.9844760384,361794.9844760384
8009,489976.2548777135,2.449595841113344,0.0,489976.2548777135,489976.2548777135
8010,464688.2783091506,3.1028213987435693,32248.283089434095,432439.9952197165,432439.9952197165
8011,474747.37302677584,3.165631548515706,37775.57626938213,436971.7967573937,436971.7967573937
8012,422909.99449750106,3.00232515910815,23404.61400151721,399505.3804959839,399505.3804959839
8013,407921.39185283246,2.9395150093360125,20393.49643319098,387527.89541964146,387527.89541964146
8014,394898.56444900826,3.1781935784701334,38881.03490537174,356017.52954363654,356017.52954363654
8015,294219.1772310298,3.655550716738375,85492.76428843293,208726.41294259686,208726.41294259686
8016,304030.1556482014,4.145469884961043,147762.2947901721,156267.8608580293,156267.8608580293
8017,310365.2009193088,4.4469586038673015,192865.00713854833,117500.19378076048,117500.19378076048
8018,307071.9756099161,4.5223307835938655,204873.13492752108,102198.840682395,102198.840682395
8019,341248.39183373825,4.459520633821729,194744.28681973062,146504.10501400763,146504.10501400763
8020,318728.06161418743,4.321338304323027,174072.21032672486,144655.85128746257,144655.85128746257
8021,319352.4386909525,4.082659735188907,138365.89638426044,180986.54230669205,180986.54230669205
8022,392929.6859316458,3.7937330462370764,101743.0062374802,291186.6796941656,291186.6796941656
8023,414828.2468217523,3.4671202674219637,64306.583533132805,350521.6632886195,350521.6632886195
8024,425628.3946138732,3.0400112489714317,26720.98990948599,398907.40470438724,398907.40470438724
8025,410917.7945232214,2.914390949427158,19227.740053420122,391690.05446980125,391690.05446980125
8026,376293.6683038113,1.6833120138932725,0.0,376293.6683038113,376293.6683038113
8027,428344.4729125017,0.2889266889518303,0.0,428344.4729125017,428344.4729125017
8028,419871.0583230031,0.7914078871289265,0.0,419871.0583230031,419871.0583230031
8029,352926.6890262036,1.5451296843945708,0.0,352926.6890262036,352926.6890262036
8030,340714.03790745896,2.236041331888078,0.0,340714.03790745896,340714.03790745896
8031,335968.8787309748,2.7636465899740292,12233.201774794956,323735.67695617984,323735.67695617984
8032,361332.1489259138,3.027449219017005,25615.53127349642,335716.6176524174,335716.6176524174
8033,456342.04241169424,3.5550544771029555,73674.40650730756,382667.6359043867,382667.6359043867
8034,471292.7430686276,4.120345825052189,144003.73542780743,327289.0076408202,327289.0076408202
8035,472577.0412598203,4.132907855006616,145883.01510898976,326694.02615083056,326694.02615083056
8036,420249.2546853185,3.8314191361003584,106174.89040540216,314074.36427991634,314074.36427991634
8037,449429.8532151802,3.4294341775586816,60990.20762516399,388439.6455900162,388439.6455900162
8038,402880.89082126034,3.2410037282422706,44408.32808531981,358472.56273594056,358472.56273594056
8039,316717.1849112929,3.4419962075131094,62095.66626115362,254621.5186501393,254621.5186501393
8040,305340.1930937589,3.869105225963641,110606.77457332418,194733.4185204347,194733.4185204347
8041,306204.03066833987,4.25852815455089,164675.8119208132,141528.21874752667,141528.21874752667
8042,293003.9948689753,4.459520633821729,194744.28681973062,98259.70804924468,98259.70804924468
8043,303236.48985607404,4.547454843502721,209455.76345489634,93780.7264011777,93780.7264011777
8044,323299.3337639729,4.534892813548293,207164.44919120864,116134.88457276428,116134.88457276428
8045,332461.7720920977,4.434396573912874,190985.72745736598,141476.0446347317,141476.0446347317
8046,368792.29657596425,4.271090184505318,166555.09160199555,202237.2049739687,202237.2049739687
8047,425504.30012724845,4.032411615371197,130848.77765953113,294655.5224677173,294655.5224677173
8048,400347.4231464397,3.6178646268750927,81060.8801205109,319286.5430259288,319286.5430259288
8049,345115.8175333012,3.3917480876953996,57673.83171719517,287441.985816106,287441.985816106
8050,427268.5314866796,1.9722387028451027,0.0,427268.5314866796,427268.5314866796
8051,404571.3842342703,1.0803345760807568,0.0,404571.3842342703,404571.3842342703
8052,443822.7817351992,1.4823195346224338,0.0,443822.7817351992,443822.7817351992
8053,327196.8390806934,2.236041331888078,0.0,327196.8390806934,327196.8390806934
8054,377351.1871089336,2.9646390692448676,21559.25281296186,355791.9342959717,355791.9342959717
8055,407916.09423835593,3.4419962075131094,62095.66626115362,345820.4279772023,345820.4279772023
8056,378092.2740260375,3.5801785370118107,76628.99595258894,301463.2780734486,301463.2780734486
8057,444840.23633683537,3.9570394356446323,120947.83763180877,323892.3987050266,323892.3987050266
8058,450333.5092487961,4.346462364231882,177830.76968908953,272502.73955970653,272502.73955970653
8059,497078.8740757668,4.170593944869898,151520.85415253678,345558.01992323005,345558.01992323005
8060,430310.9111600899,3.906791315826923,115038.65874124614,315272.25241884374,315272.25241884374
8061,403007.38208487246,3.7309228964649397,94356.53262427691,308650.8494605955,308650.8494605955
8062,400227.930607681,3.7434849264193666,95833.82734691752,304394.10326076346,304394.10326076346
8063,360889.0026366621,3.9193533457813503,116515.9534638868,244373.0491727753,244373.0491727753
8064,289456.06172489846,4.145469884961043,147762.2947901721,141693.76693472636,141693.76693472636
8065,304909.8874975238,4.208280034733181,157158.69319608388,147751.19430143991,147751.19430143991
8066,301756.2978293168,4.183155974824326,153400.1338337192,148356.1639955976,148356.1639955976
8067,315101.06160039647,4.082659735188907,138365.89638426044,176735.16521613603,176735.16521613603
8068,336547.98527835164,3.881667255918068,112084.06929596479,224463.91598238685,224463.91598238685
8069,301407.43806625245,3.63042665682952,82538.17484315156,218869.2632231009,218869.2632231009
8070,369317.55431901786,3.4419962075131094,62095.66626115362,307221.8880578642,307221.8880578642
8071,419592.3534116868,3.2661277881511253,46619.24535729902,372973.10805438773,372973.10805438773
8072,413787.8246670777,3.215879668333416,42197.4108133406,371590.41385373706,371590.41385373706
8073,378438.3235644368,2.914390949427158,19227.740053420122,359210.5835110167,359210.5835110167
8074,378613.08333866525,2.876704859563876,17479.105483763837,361133.9778549014,361133.9778549014
8075,416079.6695648383,2.9395150093360125,20393.49643319098,395686.1731316473,395686.1731316473
8076,435719.8354408789,2.9646390692448676,21559.25281296186,414160.582627917,414160.582627917
8077,369881.39420077263,3.127945458652424,34459.20036141331,335422.19383935933,335422.19383935933
8078,365378.87417233584,3.4922443273308184,66517.50080511202,298861.37336722383,298861.37336722383
8079,380534.4530088664,3.9193533457813503,116515.9534638868,264018.4995449796,264018.4995449796
8080,376829.8145741986,4.158031914915471,149641.57447135443,227188.2401028442,227188.2401028442
8081,393857.1552680153,3.994725525507915,125379.72179973079,268477.4334682845,268477.4334682845
8082,524600.5631937453,4.434396573912874,190985.72745736598,333614.8357363794,333614.8357363794
8083,509036.8785591894,4.472082663776156,196623.56650091297,312413.3120582764,312413.3120582764
8084,443748.0186884032,4.333900334277455,175951.49000790733,267796.52868049586,267796.52868049586
8085,444197.5718345132,4.107783795097761,142124.4557466251,302073.11608788813,302073.11608788813
8086,398476.90181900345,3.9319153757357777,117993.24818652745,280483.653632476,280483.653632476
8087,315446.4541639213,3.8314191361003584,106174.89040540216,209271.56375851913,209271.56375851913
8088,295138.7478092534,3.7057988365560846,91401.94317899554,203736.80463025786,203736.80463025786
8089,293618.6722770953,3.4419962075131094,62095.66626115362,231523.0060159417,231523.0060159417
8090,318890.2974284825,3.2661277881511253,46619.24535729902,272271.05207118345,272271.05207118345
8091,319293.904593853,3.2786898181055526,47724.703993288625,271569.20060056436,271569.20060056436
8092,329586.52178683365,3.354061997832117,54357.45580922631,275229.06597760733,275229.06597760733
8093,324632.8870968781,3.4168721476042543,59884.74898917438,264748.1381077037,264748.1381077037
8094,346912.8784590495,3.4419962075131094,62095.66626115362,284817.21219789586,284817.21219789586
8095,415730.7140586724,3.4294341775586816,60990.20762516399,354740.5064335084,354740.5064335084
8096,396839.84697289934,3.2284416982878428,43302.86944933016,353536.9775235692,353536.9775235692
8097,428519.6272411475,2.977201099199295,22142.131002847287,406377.4962383002,406377.4962383002
8098,435028.31698214775,2.66315035033861,7570.176255711505,427458.1407264362,427458.1407264362
8099,391703.3458594106,2.3742236613867793,0.0,391703.3458594106,391703.3458594106
8100,423514.1264258537,2.0350488526172397,0.0,423514.1264258537,423514.1264258537
8101,355527.3976953604,2.0601729125260944,0.0,355527.3976953604,355527.3976953604
8102,360520.4191539591,2.700836440201892,9318.810825367791,351201.6083285913,351201.6083285913
8103,389706.56325636414,3.4168721476042543,59884.74898917438,329821.81426718977,329821.81426718977
8104,403566.33743031375,3.9821634955534875,123902.42707709012,279663.9103532236,279663.9103532236
8105,487376.3445254381,3.9570394356446323,120947.83763180877,366428.5068936293,366428.5068936293
8106,483283.6850405309,4.459520633821729,194744.28681973062,288539.3982208003,288539.3982208003
8107,491000.964981249,4.534892813548293,207164.44919120864,283836.5157900404,283836.5157900404
8108,445685.8182152397,4.497206723685011,200382.12586327762,245303.69235196206,245303.69235196206
8109,446792.4088981291,4.472082663776156,196623.56650091297,250168.84239721615,250168.84239721615
8110,416792.95403858006,4.547454843502721,209455.76345489634,207337.19058368372,207337.19058368372
8111,277905.8,4.685637173001422,234660.22035545937,43245.579644540616,43245.579644540616
8112,304872.9166907178,4.4469586038673015,192865.00713854833,112007.90955216947,112007.90955216947
8113,476860.3748527249,3.8314191361003584,106174.89040540216,370685.4844473227,370685.4844473227
8114,419620.0731960974,3.0902593687891415,31142.824453444453,388477.24874265294,388477.24874265294
8115,401777.35984782944,2.550092080748763,2324.272546742605,399453.08730108687,399453.08730108687
8116,376025.5160394376,2.198355242024796,0.0,376025.5160394376,376025.5160394376
8117,355694.9757823993,1.8089323134375463,0.0,355694.9757823993,355694.9757823993
8118,387572.3912660217,1.3190131452148777,0.0,387572.3912660217,387572.3912660217
8119,381883.248473181,1.1933928456706033,0.0,381883.248473181,381883.248473181
8120,438999.80997472,1.859180433255256,0.0,438999.80997472,438999.80997472
8121,478178.8050009811,2.6882744102474647,8735.932635482362,469442.87236549874,469442.87236549874
8122,530905.4623769368,4.032411615371197,130848.77765953113,400056.6847174057,400056.6847174057
8123,581553.8093264685,4.346462364231882,177830.76968908953,403723.039637379,403723.039637379
8124,466562.8948514621,4.120345825052189,144003.73542780743,322559.15942365467,322559.15942365467
8125,467748.09500949486,3.843981166054786,107652.18512804282,360095.90988145204,360095.90988145204
8126,1364430.3603749932,3.1028213987435693,32248.283089434095,1332182.0772855591,1332182.0772855591
8127,717310.3645269687,2.2737274217513606,0.0,717310.3645269687,717310.3645269687
8128,501256.24147681525,2.1606691521615136,0.0,501256.24147681525,501256.24147681525
8129,525933.8390590365,3.1153834286979962,33353.741725423664,492580.0973336128,492580.0973336128
8130,481001.3057399939,3.906791315826923,115038.65874124614,365962.6469987478,365962.6469987478
8131,528180.5247733041,3.994725525507915,125379.72179973079,402800.8029735733,402800.8029735733
8132,500148.5951497579,3.7057988365560846,91401.94317899554,408746.6519707624,408746.6519707624
8133,463490.3517019607,3.2912518480599804,48830.162629278275,414660.18907268246,414660.18907268246
8134,455060.2136991808,3.0525732789258595,27826.448545475636,427233.76515370514,427233.76515370514
8135,453892.5492148832,3.0525732789258595,27826.448545475636,426066.1006694075,426066.1006694075
8136,429574.81020318734,2.876704859563876,17479.105483763837,412095.7047194235,412095.7047194235
8137,445465.1373248905,2.32397554156907,0.0,445465.1373248905,445465.1373248905
8138,418197.7497232121,1.859180433255256,0.0,418197.7497232121,418197.7497232121
8139,386230.019548779,1.6707499839388449,0.0,386230.019548779,386230.019548779
8140,390302.8745043703,1.6205018641211353,0.0,390302.8745043703,390302.8745043703
8141,366965.8521776821,1.6833120138932725,0.0,366965.8521776821,366965.8521776821
8142,374670.6059631471,1.9722387028451027,0.0,374670.6059631471,374670.6059631471
8143,400388.9249281653,2.512405990885481,575.6379770863184,399813.286951079,399813.286951079
8144,448805.1886448375,3.4294341775586816,60990.20762516399,387814.98101967346,387814.98101967346
8145,494076.3503889757,3.6429886867839474,84015.46956579221,410060.88082318346,410060.88082318346
8146,501808.87633481965,3.6429886867839474,84015.46956579221,417793.40676902747,417793.40676902747
8147,626207.9696766023,3.4671202674219637,64306.583533132805,561901.3861434695,561901.3861434695
8148,519090.3741766579,3.0525732789258595,27826.448545475636,491263.92563118227,491263.92563118227
8149,486283.2595340398,2.675712380293037,8153.054445596913,478130.2050884429,478130.2050884429
8150,1323104.9937507117,2.3365375715234973,0.0,1323104.9937507117,1323104.9937507117
8151,804375.8996409768,2.047610882571667,0.0,804375.8996409768,804375.8996409768
8152,484202.46173125337,1.4195093848502967,0.0,484202.46173125337,484202.46173125337
8153,541206.130616592,0.8919041267643457,0.0,541206.130616592,541206.130616592
8154,552755.6105607915,0.2135545092252659,0.0,552755.6105607915,552755.6105607915
8155,546816.1740711129,0.8165319470377813,0.0,546816.1740711129,546816.1740711129
8156,444164.6251462225,1.457195474713579,0.0,444164.6251462225,444164.6251462225
8157,454898.0722406269,1.6330638940755626,0.0,454898.0722406269,454898.0722406269
8158,479165.6242084465,1.5325676544401434,0.0,479165.6242084465,479165.6242084465
8159,473480.20872346696,1.4069473548958695,0.0,473480.20872346696,473480.20872346696
8160,456111.6861357773,1.457195474713579,0.0,456111.6861357773,456111.6861357773
8161,318108.5528027955,1.6958740438476998,0.0,318108.5528027955,318108.5528027955
8162,291138.10665366927,2.148107122207086,0.0,291138.10665366927,291138.10665366927
8163,319239.915839345,2.7510845600196014,11650.323584909505,307589.5922544355,307589.5922544355
8164,317561.3915288772,3.3289379379232624,52146.5385372471,265414.8529916301,265414.8529916301
8165,335081.2381364195,3.818857106145931,104697.59568276149,230383.64245365802,230383.64245365802
8166,361313.3188006328,4.271090184505318,166555.09160199555,194758.22719863724,194758.22719863724
8167,408085.758761,4.64795108313814,227786.27756439673,180299.48119660327,180299.48119660327
8168,422054.7068939035,5.162994311269664,328249.9348263732,93804.77206753031,93804.77206753031
8169,426292.3327112938,5.389110850449357,378538.25313993695,47754.07957135688,47754.07957135688
8170,402490.95082954346,4.962001831998825,285069.13415658573,117421.81667295774,117421.81667295774
8171,436274.327425721,4.170593944869898,151520.85415253678,284753.4732731842,284753.4732731842
8172,459438.03587690106,3.0400112489714317,26720.98990948599,432717.0459674151,432717.0459674151
8173,383870.8865262867,2.2988514816602152,0.0,383870.8865262867,383870.8865262867
8174,369498.16695537406,2.009924792708385,0.0,369498.16695537406,369498.16695537406
8175,375562.1929452007,2.085296972434949,0.0,375562.1929452007,375562.1929452007
8176,355997.3915920554,2.135545092252659,0.0,355997.3915920554,355997.3915920554
8177,502590.7578400323,2.8390187697005933,15730.47091410753,486860.28692592477,486860.28692592477
8178,445593.6907676543,3.3917480876953996,57673.83171719517,387919.8590504591,387919.8590504591
8179,473389.6674591067,3.7057988365560846,91401.94317899554,381987.72428011114,381987.72428011114
8180,485458.1697521921,3.7686089863282213,98788.41679219883,386669.75295999326,386669.75295999326
8181,432822.22432262887,3.718360866510512,92879.2379016362,339942.98642099265,339942.98642099265
8182,375865.5429323457,3.6429886867839474,84015.46956579221,291850.0733665535,291850.0733665535
8183,310581.34025616985,3.567616507057383,75151.70122994823,235429.63902622162,235429.63902622162
8184,289426.946383331,3.5550544771029555,73674.40650730756,215752.53987602342,215752.53987602342
8185,314929.731925357,3.6429886867839474,84015.46956579221,230914.2623595648,230914.2623595648
8186,309597.8548989437,3.68067477664723,88447.35373371423,221150.50116522945,221150.50116522945
8187,320621.06262635865,3.668112746692802,86970.05901107354,233651.0036152851,233651.0036152851
8188,333387.0450718234,3.6178646268750927,81060.8801205109,252326.1649513125,252326.1649513125
8189,323652.83047207113,3.504806357285246,67765.22761674495,255887.6028553262,255887.6028553262
8190,351097.5903558782,3.4545582374675363,63201.1248971432,287896.46545873495,287896.46545873495
8191,425193.0235068972,3.3289379379232624,52146.5385372471,373046.4849696501,373046.4849696501
8192,441877.5873901631,3.3414999678776898,53251.997173236705,388625.5902169264,388625.5902169264
8193,394801.5895234384,3.00232515910815,23404.61400151721,371396.97552192124,371396.97552192124
8194,408648.6928441918,2.449595841113344,0.0,408648.6928441918,408648.6928441918
8195,461987.9720237975,2.349099601477925,0.0,461987.9720237975,461987.9720237975
8196,404168.6721955851,2.361661631432352,0.0,404168.6721955851,404168.6721955851
8197,336640.9109209423,2.449595841113344,0.0,336640.9109209423,336640.9109209423
8198,348674.3149930299,2.8013326798373113,13981.836344451242,334692.4786485787,334692.4786485787
8199,338213.8916626838,3.366624027786545,55462.91444521596,282750.97721746785,282750.97721746785
8200,357600.226427944,3.655550716738375,85492.76428843293,272107.46213951113,272107.46213951113
8201,428259.8079803216,3.7434849264193666,95833.82734691752,332425.98063340405,332425.98063340405
8202,453852.4317137915,4.032411615371197,130848.77765953113,323003.65405426035,323003.65405426035
8203,458273.2754981951,3.881667255918068,112084.06929596479,346189.2062022303,346189.2062022303
8204,458488.6467470762,3.718360866510512,92879.2379016362,365609.40884544,365609.40884544
8205,391176.8516030979,3.63042665682952,82538.17484315156,308638.6767599464,308638.6767599464
8206,395271.9469783335,3.567616507057383,75151.70122994823,320120.2457483853,320120.2457483853
8207,309976.0339923683,3.504806357285246,67765.22761674495,242210.8063756234,242210.8063756234
8208,283286.43471849733,3.504806357285246,67765.22761674495,215521.2071017524,215521.2071017524
8209,274859.3267683849,3.4043101176498265,58779.29035318473,216080.03641520016,216080.03641520016
8210,323634.60798509023,3.2661277881511253,46619.24535729902,277015.36262779124,277015.36262779124
8211,305409.3220686863,3.1405074886068514,35564.65899740291,269844.6630712834,269844.6630712834
8212,300981.2370684826,3.0525732789258595,27826.448545475636,273154.78852300695,273154.78852300695
8213,338278.79800929665,2.914390949427158,19227.740053420122,319051.0579558765,319051.0579558765
8214,371290.4437614456,2.826456739746166,15147.5927242221,356142.8510372235,356142.8510372235
8215,414333.2237279602,3.00232515910815,23404.61400151721,390928.609726443,390928.609726443
8216,399128.26491156645,4.170593944869898,151520.85415253678,247607.41075902968,247607.41075902968
8217,360132.4113231923,4.69819920295585,236951.53461914707,123180.87670404522,123180.87670404522
8218,410728.63105467847,4.472082663776156,196623.56650091297,214105.0645537655,214105.0645537655
8219,453357.0471285734,3.6178646268750927,81060.8801205109,372296.1670080625,372296.1670080625
8220,398610.37336392456,3.065135308880287,28931.90718146524,369678.4661824593,369678.4661824593
8221,345045.3146980473,2.5249680208399083,1158.5161669717472,343886.79853107553,343886.79853107553
8222,333438.3690576156,2.047610882571667,0.0,333438.3690576156,333438.3690576156
8223,393775.4267387829,1.5576917143489981,0.0,393775.4267387829,393775.4267387829
8224,353128.4965760479,1.1305826958984664,0.0,353128.4965760479,353128.4965760479
8225,432290.68214199226,0.803969917083354,0.0,432290.68214199226,432290.68214199226
8226,462138.5005667316,0.803969917083354,0.0,462138.5005667316,462138.5005667316
8227,545622.1904607029,1.4948815645768612,0.0,545622.1904607029,545622.1904607029
8228,450606.2500363077,2.4370338111589165,0.0,450606.2500363077,450606.2500363077
8229,443257.066654226,3.2786898181055526,47724.703993288625,395532.36266093736,395532.36266093736
8230,384351.2885270626,4.107783795097761,142124.4557466251,242226.83278043751,242226.83278043751
8231,300146.6075203413,4.874067622317833,269029.9343107727,31116.673209568602,31116.673209568602
8232,276945.77993503126,5.4142349103582115,384125.84406366624,0.0,0.0
8233,266159.60031725484,5.728285659218896,464015.2996159139,0.0,0.0
8234,294630.91768077284,5.979526258307445,530945.7952131032,0.0,0.0
8235,309637.9379271104,6.19308076753271,593397.4425756561,0.0,0.0
8236,318937.6125999176,6.394073246803549,652730.4224564076,0.0,0.0
8237,307126.1120196483,6.63275181593767,729454.2217770582,0.0,0.0
8238,352527.3009370052,6.9216785048895,828382.7200741648,0.0,0.0
8239,411160.96000080113,7.373911583248887,1001474.2113669646,0.0,0.0
8240,427654.4704597627,8.102509320605677,1314253.9146543844,0.0,0.0
8241,408486.22314545786,8.127633380514531,1324806.0198161032,0.0,0.0
8242,383189.2747534627,7.976889021061401,1261012.6804838658,0.0,0.0
8243,446623.92930678144,7.172919103978048,922845.9534762123,0.0,0.0
8244,419611.3653855683,6.05489843803401,552606.0189076397,0.0,0.0
8245,369320.7369669677,5.125308221406382,319868.54844077927,49452.18852618843,49452.18852618843
8246,365474.2137432604,4.4469586038673015,192865.00713854833,172609.2066047121,172609.2066047121
8247,388727.32579452015,3.906791315826923,115038.65874124614,273688.667053274,273688.667053274
8248,382106.8736980889,2.9520770392904403,20976.374623076426,361130.4990750125,361130.4990750125
8249,456743.7147290531,2.462157871067771,0.0,456743.7147290531,456743.7147290531
8250,501085.6013086074,3.014887189062577,24510.07263750678,476575.5286711006,476575.5286711006
8251,472543.121771114,3.7434849264193666,95833.82734691752,376709.2944241965,376709.2944241965
8252,456376.3529236036,4.459520633821729,194744.28681973062,261632.066103873,261632.066103873
8253,418712.6925306275,4.949439802044398,282777.81989289814,135934.87263772934,135934.87263772934
8254,382235.92153925786,5.213242431087374,339425.11667383194,42810.80486542592,42810.80486542592
8255,313924.98758939607,5.313738670722793,361775.48036874906,0.0,0.0
8256,280687.1514321273,5.238366490996228,345012.70759756106,0.0,0.0
8257,325753.7701527414,5.125308221406382,319868.54844077927,5885.221711962135,5885.221711962135
8258,310575.8355239432,5.049936041679817,303105.77566959127,7470.059854351915,7470.059854351915
8259,315303.2322523697,5.062498071634245,305899.57113145606,9403.661120913632,9403.661120913632
8260,315298.26967667585,5.162994311269664,328249.9348263732,0.0,0.0
8261,276940.8756349497,5.200680401132945,336631.3212119669,0.0,0.0
8262,354903.7466047629,5.238366490996228,345012.70759756106,9891.039007201849,9891.039007201849
8263,440135.808614174,5.3011766407683645,358981.6849068843,81154.12370728975,81154.12370728975
8264,436239.5383617372,6.0046503182163,537772.7739374518,0.0,0.0
8265,400133.6407733193,5.51473114999363,407124.3783583031,0.0,0.0
8266,394115.3425488541,5.213242431087374,339425.11667383194,54690.22587502218,54690.22587502218
8267,410753.9693933073,4.032411615371197,130848.77765953113,279905.1917337761,279905.1917337761
8268,447730.38150655,3.065135308880287,28931.90718146524,418798.47432508477,418798.47432508477
8269,372344.34175660944,2.4370338111589165,0.0,372344.34175660944,372344.34175660944
8270,359865.12578868406,2.424471781204489,0.0,359865.12578868406,359865.12578868406
8271,378134.8989337452,2.7762086199284566,12816.079964680386,365318.81896906486,365318.81896906486
8272,381027.7719870807,2.9269529793815856,19810.618243305573,361217.1537437751,361217.1537437751
8273,452762.83489253646,2.876704859563876,17479.105483763837,435283.7294087726,435283.7294087726
8274,448686.04512065416,2.7510845600196014,11650.323584909505,437035.72153574467,437035.72153574467
8275,474467.6805837205,2.2486033618425054,0.0,474467.6805837205,474467.6805837205
8276,424668.4775405787,1.7586841936198365,0.0,424668.4775405787,424668.4775405787
8277,419282.22479371214,1.6205018641211353,0.0,419282.22479371214,419282.22479371214
8278,399698.13000875,1.98480073279953,0.0,399698.13000875,399698.13000875
8279,333493.2779133524,2.851580799655021,16313.349103992976,317179.92880935944,317179.92880935944
8280,286286.28370155103,3.693236806601657,89924.64845635489,196361.63524519614,196361.63524519614
8281,473575.0707944327,4.396710484049592,185347.888413819,288227.18238061375,288227.18238061375
8282,406458.922871703,4.836381532454551,262155.9915197101,144302.93135199288,144302.93135199288
8283,383866.1022533711,5.049936041679817,303105.77566959127,80760.32658377982,80760.32658377982
8284,356088.0192913475,5.175556341224091,331043.73028823786,25044.289003109618,25044.289003109618
8285,362645.9196043993,5.200680401132945,336631.3212119669,26014.59839243238,26014.59839243238
8286,384657.2790361771,5.100184161497526,314280.9575170498,70376.32151912729,70376.32151912729
8287,385611.5801403984,5.100184161497526,314280.9575170498,71330.62262334861,71330.62262334861
8288,495673.2641334176,5.728285659218896,464015.2996159139,31657.964517503686,31657.964517503686
8289,483793.90970191656,5.238366490996228,345012.70759756106,138781.2021043555,138781.2021043555
8290,481874.8819760808,4.145469884961043,147762.2947901721,334112.5871859087,334112.5871859087
8291,661013.2621062541,2.8390187697005933,15730.47091410753,645282.7911921466,645282.7911921466
8292,495140.1652834677,1.7963702834831188,0.0,495140.1652834677,495140.1652834677
8293,426601.8684975275,1.0426484862174745,0.0,426601.8684975275,426601.8684975275
8294,1378610.612610879,0.653225557630225,0.0,1378610.612610879,1378610.612610879
8295,783002.759688389,0.5024811981770962,0.0,783002.759688389,783002.759688389
8296,470502.9057213373,0.6155394677669428,0.0,470502.9057213373,470502.9057213373
8297,540499.0359619972,0.5652913479492332,0.0,540499.0359619972,540499.0359619972
8298,574220.9130105604,0.590415407858088,0.0,574220.9130105604,574220.9130105604
8299,524569.1447459995,1.2185169055794582,0.0,524569.1447459995,524569.1447459995
8300,516846.1415211386,1.921990583027393,0.0,516846.1415211386,516846.1415211386
8301,487784.18051991,2.449595841113344,0.0,487784.18051991,487784.18051991
8302,451739.9141748333,2.8390187697005933,15730.47091410753,436009.44326072576,436009.44326072576
8303,471306.82916301984,3.165631548515706,37775.57626938213,433531.2528936377,433531.2528936377
8304,450841.935991218,3.4922443273308184,66517.50080511202,384324.435186106,384324.435186106
8305,454411.2407099641,3.8314191361003584,106174.89040540216,348236.35030456196,348236.35030456196
8306,429757.3733075716,4.25852815455089,164675.8119208132,265081.56138675835,265081.56138675835
8307,451264.5355087702,4.585140933366003,216329.70624595898,234934.82926281122,234934.82926281122
8308,345816.37707898585,4.723323262864704,241534.163146522,104282.21393246384,104282.21393246384
8309,339054.2627005737,4.748447322773559,246116.7916738971,92937.47102667662,92937.47102667662
8310,373278.560844135,4.798695442591269,255282.04872864747,117996.51211548754,117996.51211548754
8311,377186.41118455166,4.735885292819131,243825.47741020954,133360.93377434212,133360.93377434212
8312,496553.3289618384,5.075060101588671,308693.3665933205,187859.96236851788,187859.96236851788
8313,509718.9637319407,4.98712589190768,289651.76268396084,220067.20104797988,220067.20104797988
8314,488933.04277998896,4.999687921862107,291943.07694764837,196989.9658323406,196989.9658323406
8315,581111.0978246216,4.4469586038673015,192865.00713854833,388246.0906860733,388246.0906860733
8316,489820.66701488825,3.7560469563737944,97311.12206955822,392509.54494533,392509.54494533
8317,491153.1450732256,3.014887189062577,24510.07263750678,466643.07243571884,466643.07243571884
8318,1307389.250883465,2.411909751250062,0.0,1307389.250883465,1307389.250883465
8319,713022.8672257218,2.0224868226628123,0.0,713022.8672257218,713022.8672257218
8320,516285.82922077365,1.5953778042122804,0.0,516285.82922077365,516285.82922077365
8321,559451.5602095125,1.1557067558073213,0.0,559451.5602095125,559451.5602095125
8322,519034.8207626364,1.1557067558073213,0.0,519034.8207626364,519034.8207626364
8323,547678.8054135811,1.432071414804724,0.0,547678.8054135811,547678.8054135811
8324,467294.4890672081,1.859180433255256,0.0,467294.4890672081,467294.4890672081
8325,500557.73870141245,2.236041331888078,0.0,500557.73870141245,500557.73870141245
8326,469477.2193298352,2.5375300507943357,1741.3943568571758,467735.82497297804,467735.82497297804
8327,468766.7269402244,2.9395150093360125,20393.49643319098,448373.2305070334,448373.2305070334
8328,444773.9321002475,3.366624027786545,55462.91444521596,389311.0176550315,389311.0176550315
8329,304437.1880182899,3.7057988365560846,91401.94317899554,213035.24483929438,213035.24483929438
8330,309182.5694391121,3.9821634955534875,123902.42707709012,185280.14236202196,185280.14236202196
8331,321806.29266100004,4.208280034733181,157158.69319608388,164647.59946491616,164647.59946491616
8332,320801.3396792078,4.321338304323027,174072.21032672486,146729.12935248297,146729.12935248297
8333,313924.092155272,4.4092725140040185,187227.1680950012,126696.92406027083,126696.92406027083
8334,380719.9597280589,4.5223307835938655,204873.13492752108,175846.8248005378,175846.8248005378
8335,423911.6386006532,4.534892813548293,207164.44919120864,216747.18940944457,216747.18940944457
8336,394169.6171620986,4.69819920295585,236951.53461914707,157218.0825429515,157218.0825429515
8337,360013.49095936795,4.283652214459745,168434.37128317787,191579.11967619008,191579.11967619008
8338,415790.3145577218,3.4294341775586816,60990.20762516399,354800.10693255777,354800.10693255777
8339,445042.4807741738,2.4370338111589165,0.0,445042.4807741738,445042.4807741738
8340,469144.3529972143,1.6205018641211353,0.0,469144.3529972143,469144.3529972143
8341,361968.6249988728,1.457195474713579,0.0,361968.6249988728,361968.6249988728
8342,363338.938214733,1.9596766728906752,0.0,363338.938214733,363338.938214733
8343,362035.6786436068,2.512405990885481,575.6379770863184,361460.0406665205,361460.0406665205
8344,347145.3110301748,2.889266889518303,18061.983673649265,329083.3273565255,329083.3273565255
8345,487369.1408027468,3.1153834286979962,33353.741725423664,454015.39907732315,454015.39907732315
8346,482787.799155758,3.4671202674219637,64306.583533132805,418481.2156226252,418481.2156226252
8347,471209.893117931,3.517368387239673,69242.52233938556,401967.3707785454,401967.3707785454
8348,412485.7683312823,3.316375907968835,51041.079901257486,361444.68843002483,361444.68843002483
8349,443461.4548605121,2.914390949427158,19227.740053420122,424233.714807092,424233.714807092
8350,420764.16866777296,2.32397554156907,0.0,420764.16866777296,420764.16866777296
8351,349660.51521132706,1.6456259240299902,0.0,349660.51521132706,349660.51521132706
8352,297633.98943309655,1.98480073279953,0.0,297633.98943309655,297633.98943309655
8353,317189.75711323775,3.1153834286979962,33353.741725423664,283836.0153878141,283836.0153878141
8354,291741.40381143056,4.145469884961043,147762.2947901721,143979.10902125845,143979.10902125845
8355,327851.5653352659,4.936877772089971,280486.5056292106,47365.05970605527,47365.05970605527
8356,307008.2956918902,5.6403514495379055,440589.62615689804,0.0,0.0
8357,327038.9890615744,6.2307668573959925,604522.3763032969,0.0,0.0
8358,354039.1075772013,6.620189785983242,725152.982720662,0.0,0.0
8359,402411.4047989312,6.7960582053452265,785370.3295102055,0.0,0.0
8360,386922.9367294972,7.147795044069194,913017.4212398686,0.0,0.0
8361,396807.9230796879,6.6453138458920975,733755.4608334542,0.0,0.0
8362,439389.8862374266,5.539855209902486,413817.4279180222,25572.458319404395,25572.458319404395
8363,449671.5040548439,3.354061997832117,54357.45580922631,395314.0482456176,395314.0482456176
8364,434362.3689908786,1.8968665231185382,0.0,434362.3689908786,434362.3689908786
8365,381056.3143206325,1.8717424632096833,0.0,381056.3143206325,381056.3143206325
8366,393168.8287089786,2.512405990885481,575.6379770863184,392593.1907318923,392593.1907318923
8367,368075.0890604088,2.66315035033861,7570.176255711505,360504.9128046973,360504.9128046973
8368,387076.83211140736,2.173231182115941,0.0,387076.83211140736,387076.83211140736
8369,439106.1498495731,1.2813270553515954,0.0,439106.1498495731,439106.1498495731
8370,516774.3733673225,1.5702537443034257,0.0,516774.3733673225,516774.3733673225
8371,467740.0314465808,3.2284416982878428,43302.86944933016,424437.16199725063,424437.16199725063
8372,456315.7065966903,4.7861334126368416,252990.7344649599,203324.97213173038,203324.97213173038
8373,439495.0232415273,5.866467988717598,500827.072194368,0.0,0.0
8374,372801.0712562004,6.24332888735042,608230.6875458439,0.0,0.0
8375,314362.90161563666,6.281014977213703,619355.621273485,0.0,0.0
8376,295462.6003126073,6.268452947259275,615647.3100309381,0.0,0.0
8377,295734.89055030094,6.255890917304848,611938.9987883911,0.0,0.0
8378,312785.0924072216,6.255890917304848,611938.9987883911,0.0,0.0
8379,304957.88524533826,6.3438251269858394,637897.1774862198,0.0,0.0
8380,308994.37804442947,6.3815112168491215,649022.1112138606,0.0,0.0
8381,341568.1071758869,6.444321366621258,667563.6674265955,0.0,0.0
8382,355478.839202581,6.5322555763022505,695044.3093258906,0.0,0.0
8383,406051.7653728385,6.6453138458920975,733755.4608334542,0.0,0.0
8384,374035.2283649401,7.461845792929879,1035874.0741941688,0.0,0.0
8385,354489.3721362608,7.323663463431177,981817.1468942764,0.0,0.0
8386,393555.34014076943,7.474407822884306,1040788.3403123403,0.0,0.0
8387,436015.8791436497,6.9216785048895,828382.7200741648,0.0,0.0
8388,456783.3821568247,6.130270617760574,574855.8863629213,0.0,0.0
8389,374292.3292621053,5.3011766407683645,358981.6849068843,15310.644355221011,15310.644355221011
8390,355268.918350904,4.735885292819131,243825.47741020954,111443.44094069448,111443.44094069448
8391,397374.0416319173,4.5223307835938655,204873.13492752108,192500.9067043962,192500.9067043962
8392,358728.897252265,4.283652214459745,168434.37128317787,190294.52596908715,190294.52596908715
8393,476149.19320029614,3.96960146559906,122425.13235444948,353724.06084584666,353724.06084584666
8394,491586.7324813092,4.861505592363406,266738.6200470852,224848.112434224,224848.112434224
8395,460905.33540389576,5.577541299765769,423857.0022576008,37048.33314629499,37048.33314629499
8396,408543.1590891336,6.155394677669429,582272.5088480155,0.0,0.0
8397,451777.0311812593,6.519693546347824,690743.070269495,0.0,0.0
8398,388881.85888077295,6.569941666165533,707948.0264950787,0.0,0.0
8399,333213.42017584376,6.482007456484541,678688.6011542365,0.0,0.0
8400,299902.5418803037,6.444321366621258,667563.6674265955,0.0,0.0
8401,299708.34739972115,6.406635276757976,656438.7336989546,0.0,0.0
8402,328144.96462645504,6.356387156940267,641605.4887287668,0.0,0.0
8403,320383.9255811616,6.3438251269858394,637897.1774862198,0.0,0.0
8404,315626.2318470646,6.3438251269858394,637897.1774862198,0.0,0.0
8405,295105.62863829394,6.331263097031412,634188.8662436728,0.0,0.0
8406,342449.26275019906,6.368949186894695,645313.799971314,0.0,0.0
8407,444580.25989385694,6.406635276757976,656438.7336989546,0.0,0.0
8408,436044.0906504728,7.223167223795758,942503.0179489006,0.0,0.0
8409,373578.7005876481,7.399035643157741,1011302.7436033082,0.0,0.0
8410,403759.3225799019,7.763334511836136,1166877.8528173687,0.0,0.0
8411,471894.7726825286,7.084984894297056,888446.0906490085,0.0,0.0
8412,454917.8388704354,6.318701067076985,630480.5550011259,0.0,0.0
8413,376282.5467229376,5.627789419583478,437243.1013770386,0.0,0.0
8414,352717.6720022005,5.087622131543099,311487.1620551851,41230.50994701538,41230.50994701538
8415,383413.69768044783,4.673075143046995,232368.90609177182,151044.79158867602,151044.79158867602
8416,411060.1741981764,3.9570394356446323,120947.83763180877,290112.33656636765,290112.33656636765
8417,442457.05314872926,3.1781935784701334,38881.03490537174,403576.01824335754,403576.01824335754
8418,454612.929399741,3.2661277881511253,46619.24535729902,407993.684042442,407993.684042442
8419,466308.7802003895,3.2786898181055526,47724.703993288625,418584.0762071009,418584.0762071009
8420,392352.1715069601,3.366624027786545,55462.91444521596,336889.25706174417,336889.25706174417
8421,450609.0500814834,3.517368387239673,69242.52233938556,381366.52774209785,381366.52774209785
8422,380705.73290602793,3.63042665682952,82538.17484315156,298167.55806287634,298167.55806287634
8423,333658.02700615634,3.5801785370118107,76628.99595258894,257029.0310535674,257029.0310535674
8424,286644.7961216073,3.4419962075131094,62095.66626115362,224549.1298604537,224549.1298604537
8425,289290.8786554256,3.379186057740972,56568.37308120552,232722.5055742201,232722.5055742201
8426,297838.10933786246,3.7057988365560846,91401.94317899554,206436.16615886692,206436.16615886692
8427,338212.71988006524,3.96960146559906,122425.13235444948,215787.58752561576,215787.58752561576
8428,296378.5159282263,3.9570394356446323,120947.83763180877,175430.67829641752,175430.67829641752
8429,322758.5748358484,3.8942292858724956,113561.36401860548,209197.2108172429,209197.2108172429
8430,351410.80511420395,3.9444774056902054,119470.54290916816,231940.26220503577,231940.26220503577
8431,447426.4110005599,3.994725525507915,125379.72179973079,322046.68920082913,322046.68920082913
8432,418575.61643453216,4.195718004778753,155279.41351490142,263296.20291963074,263296.20291963074
8433,416781.9969523056,4.170593944869898,151520.85415253678,265261.14279976883,265261.14279976883
8434,386764.3568042616,3.9444774056902054,119470.54290916816,267293.81389509345,267293.81389509345
8435,453209.6059658516,3.68067477664723,88447.35373371423,364762.25223213737,364762.25223213737
8436,429500.5254786673,3.2912518480599804,48830.162629278275,380670.362849389,380670.362849389
8437,379371.5777819516,2.7510845600196014,11650.323584909505,367721.2541970421,367721.2541970421
8438,362302.4969977983,2.135545092252659,0.0,362302.4969977983,362302.4969977983
8439,387806.7227383236,1.5451296843945708,0.0,387806.7227383236,387806.7227383236
8440,372112.5636967576,0.8919041267643457,0.0,372112.5636967576,372112.5636967576
8441,417855.0639052446,0.5024811981770962,0.0,417855.0639052446,417855.0639052446
8442,484766.95234654617,0.5401672880403784,0.0,484766.95234654617,484766.95234654617
8443,502834.2015969404,0.9421522465820553,0.0,502834.2015969404,502834.2015969404
8444,437415.5267040079,1.4697575046680063,0.0,437415.5267040079,437415.5267040079
8445,441118.5039979038,1.9722387028451027,0.0,441118.5039979038,441118.5039979038
8446,402300.484383048,2.449595841113344,0.0,402300.484383048,402300.484383048
8447,327825.87722311256,2.9395150093360125,20393.49643319098,307432.38078992156,307432.38078992156
8448,268441.0946856362,3.4043101176498265,58779.29035318473,209661.8043324515,209661.8043324515
8449,442078.5708044119,3.7686089863282213,98788.41679219883,343290.15401221305,343290.15401221305
8450,406990.0887153668,4.095221765143334,140245.17606544276,266744.91264992405,266744.91264992405
8451,381115.5787056044,4.384148454095165,183468.60873263664,197646.96997296778,197646.96997296778
8452,358266.4572393102,4.572578903411576,214038.39198227142,144228.06525703878,144228.06525703878
8453,350328.3011295618,4.69819920295585,236951.53461914707,113376.76651041472,113376.76651041472
8454,370110.3253789767,4.798695442591269,255282.04872864747,114828.27665032924,114828.27665032924
8455,411789.5166037528,4.874067622317833,269029.9343107727,142759.5822929801,142759.5822929801
8456,449701.25197622174,5.100184161497526,314280.9575170498,135420.29445917194,135420.29445917194
8457,532877.0071633211,5.288614610813937,356187.8894450196,176689.11771830154,176689.11771830154
8458,472459.4691797475,5.200680401132945,336631.3212119669,135828.1479677806,135828.1479677806
8459,618755.5245761174,5.137870251360808,322662.3439026437,296093.1806734737,296093.1806734737
8460,498983.5883263505,4.798695442591269,255282.04872864747,243701.53959770303,243701.53959770303
8461,530298.2481826869,4.296214244414172,170313.6509643602,359984.59721832664,359984.59721832664
8462,1330347.351632225,3.7937330462370764,101743.0062374802,1228604.345394745,1228604.345394745
8463,735463.7764873942,3.366624027786545,55462.91444521596,680000.8620421783,680000.8620421783
8464,493347.39743828087,2.5375300507943357,1741.3943568571758,491606.0030814237,491606.0030814237
8465,501921.435721082,2.449595841113344,0.0,501921.435721082,501921.435721082
8466,542484.5172676195,2.7762086199284566,12816.079964680386,529668.4373029391,529668.4373029391
8467,564281.6293053061,3.2410037282422706,44408.32808531981,519873.3012199863,519873.3012199863
8468,479528.5355769461,3.7560469563737944,97311.12206955822,382217.41350738786,382217.41350738786
8469,444346.276189209,4.158031914915471,149641.57447135443,294704.7017178546,294704.7017178546
8470,444249.3162736841,4.434396573912874,190985.72745736598,253263.5888163181,253263.5888163181
8471,442122.1085483386,4.585140933366003,216329.70624595898,225792.4023023796,225792.4023023796
8472,476801.5561765492,4.861505592363406,266738.6200470852,210062.93612946395,210062.93612946395
8473,445632.88668569794,5.100184161497526,314280.9575170498,131351.92916864814,131351.92916864814
8474,406252.0233447744,5.263490550905083,350600.29852129053,55651.72482348385,55651.72482348385
8475,442589.94146126165,5.401672880403784,381332.0486018016,61257.89285946003,61257.89285946003
8476,360816.774797141,5.590103329720195,427203.52703746,0.0,0.0
8477,371254.21601841046,5.753409719127752,470708.349175633,0.0,0.0
8478,381456.2819328571,5.891592048626453,507520.12175408716,0.0,0.0
8479,393499.38082962384,5.904154078580881,510866.64653394656,0.0,0.0
8480,464830.9013274497,6.3438251269858394,637897.1774862198,0.0,0.0
8481,488263.4368803818,6.155394677669429,582272.5088480155,0.0,0.0
8482,514078.5999188462,5.853905958763171,497480.5474145088,16598.052504337393,16598.052504337393
8483,633095.3812886191,5.188118371178518,333837.5257501025,299257.85553851665,299257.85553851665
8484,512536.9318841361,4.346462364231882,177830.76968908953,334706.16219504655,334706.16219504655
8485,511038.012910579,3.4671202674219637,64306.583533132805,446731.4293774462,446731.4293774462
8486,1296682.7143057825,2.6003402005664724,4655.78530628432,1292026.9289994983,1292026.9289994983
8487,832065.7240281863,1.5576917143489981,0.0,832065.7240281863,832065.7240281863
8488,542742.8609664052,0.590415407858088,0.0,542742.8609664052,542742.8609664052
8489,571933.5045878767,0.4145469884961044,0.0,571933.5045878767,571933.5045878767
8490,563975.1260719133,0.5150432281315236,0.0,563975.1260719133,563975.1260719133
8491,543835.4472019889,0.8290939769922088,0.0,543835.4472019889,543835.4472019889
8492,441480.7260076202,0.9547142765364828,0.0,441480.7260076202,441480.7260076202
8493,528986.9442499039,0.803969917083354,0.0,528986.9442499039,528986.9442499039
8494,457470.92502475367,1.0677725461263294,0.0,457470.92502475367,457470.92502475367
8495,459214.28187367663,1.6456259240299902,0.0,459214.28187367663,459214.28187367663
8496,460512.9387754975,2.2109172719792234,0.0,460512.9387754975,460512.9387754975
8497,295212.78176874603,2.5877781706120455,4072.9071163989115,291139.8746523471,291139.8746523471
8498,298642.27867217275,2.813894709791739,14564.714534336692,284077.56413783605,284077.56413783605
8499,329301.3684400936,3.065135308880287,28931.90718146524,300369.46125862835,300369.46125862835
8500,353671.3729421694,3.253565758196698,45513.786721309414,308157.58622085996,308157.58622085996
8501,326216.18006241735,3.3289379379232624,52146.5385372471,274069.64152517024,274069.64152517024
8502,367732.8708652637,3.4168721476042543,59884.74898917438,307848.1218760893,307848.1218760893
8503,402845.7563742304,3.4671202674219637,64306.583533132805,338539.1728410976,338539.1728410976
8504,427655.5280837828,3.3289379379232624,52146.5385372471,375508.9895465357,375508.9895465357
8505,414351.2588836773,3.4671202674219637,64306.583533132805,350044.6753505445,350044.6753505445
8506,388102.7640625454,2.6254642604753275,5821.541686055199,382281.2223764902,382281.2223764902
8507,437662.164389804,2.1229830622982315,0.0,437662.164389804,437662.164389804
8508,437408.19553387247,1.7586841936198365,0.0,437408.19553387247,437408.19553387247
8509,340410.3588183443,1.3441372051237324,0.0,340410.3588183443,340410.3588183443
8510,372892.90660965285,1.143144725852894,0.0,372892.90660965285,372892.90660965285
8511,379858.6851532055,1.30645111526045,0.0,379858.6851532055,379858.6851532055
8512,387420.0858920003,1.3692612650325873,0.0,387420.0858920003,387420.0858920003
8513,477198.02650612046,1.6456259240299902,0.0,477198.02650612046,477198.02650612046
8514,417393.6122107476,1.6581879539844175,0.0,417393.6122107476,417393.6122107476
8515,471501.9000327437,1.1933928456706033,0.0,471501.9000327437,471501.9000327437
8516,429646.2046138533,0.8290939769922088,0.0,429646.2046138533,429646.2046138533
8517,444924.0403064324,0.7411597673112169,0.0,444924.0403064324,444924.0403064324
8518,360008.5371487492,1.1682687857617486,0.0,360008.5371487492,360008.5371487492
8519,312445.6978115668,1.8214943433919737,0.0,312445.6978115668,312445.6978115668
8520,283383.00931295234,2.3365375715234973,0.0,283383.00931295234,283383.00931295234
8521,309091.9209921265,2.449595841113344,0.0,309091.9209921265,309091.9209921265
8522,318148.5197432262,2.32397554156907,0.0,318148.5197432262,318148.5197432262
8523,288540.0152229654,2.236041331888078,0.0,288540.0152229654,288540.0152229654
8524,303573.46296446334,2.1606691521615136,0.0,303573.46296446334,303573.46296446334
8525,322802.64689718786,2.148107122207086,0.0,322802.64689718786,322802.64689718786
8526,358359.3314222265,2.173231182115941,0.0,358359.3314222265,358359.3314222265
8527,439754.59058225696,2.2988514816602152,0.0,439754.59058225696,439754.59058225696
8528,409833.8533605992,2.512405990885481,575.6379770863184,409258.2153835129,409258.2153835129
8529,398062.19522945496,2.7259605001107468,10484.56720513865,387577.6280243163,387577.6280243163
8530,419269.89315148775,1.6707499839388449,0.0,419269.89315148775,419269.89315148775
8531,434242.188446031,1.1305826958984664,0.0,434242.188446031,434242.188446031
8532,385995.1366373823,0.8793420968099183,0.0,385995.1366373823,385995.1366373823
8533,385924.291495404,0.464795108313814,0.0,385924.291495404,385924.291495404
8534,384097.5909816142,0.5401672880403784,0.0,384097.5909816142,384097.5909816142
8535,375421.2350652104,1.0803345760807568,0.0,375421.2350652104,375421.2350652104
8536,363528.6243920693,1.5576917143489981,0.0,363528.6243920693,363528.6243920693
8537,430813.5705698856,1.9471146429362478,0.0,430813.5705698856,430813.5705698856
8538,466258.9338792816,1.9973627627539574,0.0,466258.9338792816,466258.9338792816
8539,496743.446266401,1.5200056244857159,0.0,496743.446266401,496743.446266401
8540,462413.2046160512,0.8416560069466362,0.0,462413.2046160512,462413.2046160512
8541,426852.74207006063,0.3517368387239674,0.0,426852.74207006063,426852.74207006063
8542,399288.32647537446,0.803969917083354,0.0,399288.32647537446,399288.32647537446
8543,345794.44672701415,1.3692612650325873,0.0,345794.44672701415,345794.44672701415
8544,281203.9367737665,1.8466184033008286,0.0,281203.9367737665,281203.9367737665
8545,299031.0292535144,2.2611653917969328,0.0,299031.0292535144,299031.0292535144
8546,331077.91376707074,2.7385225300651745,11067.445395024099,320010.46837204666,320010.46837204666
8547,316714.52762783936,3.1405074886068514,35564.65899740291,281149.8686304364,281149.8686304364
8548,328744.3826795892,3.4294341775586816,60990.20762516399,267754.1750544252,267754.1750544252
8549,332297.0265568196,3.655550716738375,85492.76428843293,246804.2622683867,246804.2622683867
8550,360943.95939078525,3.818857106145931,104697.59568276149,256246.36370802377,256246.36370802377
8551,394869.20298545394,3.96960146559906,122425.13235444948,272444.07063100446,272444.07063100446
8552,376310.63287258026,4.170593944869898,151520.85415253678,224789.77872004348,224789.77872004348
8553,406959.33145391423,4.145469884961043,147762.2947901721,259197.03666374212,259197.03666374212
8554,388990.39793726,3.4043101176498265,58779.29035318473,330211.10758407525,330211.10758407525
8555,442760.4527886448,2.5375300507943357,1741.3943568571758,441019.05843178765,441019.05843178765
8556,423943.72197586816,1.7461221636654092,0.0,423943.72197586816,423943.72197586816
8557,371762.402435269,0.9672763064909102,0.0,371762.402435269,371762.402435269
8558,380011.3781895217,0.6281014977213702,0.0,380011.3781895217,380011.3781895217
8559,368601.2210671166,0.9170281866732005,0.0,368601.2210671166,368601.2210671166
8560,381636.1359057133,1.3943853249414422,0.0,381636.1359057133,381636.1359057133
8561,451324.8048901428,2.0727349424805217,0.0,451324.8048901428,451324.8048901428
8562,462514.8534823953,2.6003402005664724,4655.78530628432,457859.068176111,457859.068176111
8563,477069.7115386754,2.6882744102474647,8735.932635482362,468333.7789031931,468333.7789031931
8564,439260.59879392886,2.6380262904297553,6404.419875940648,432856.1789179882,432856.1789179882
8565,393973.4085198747,2.512405990885481,575.6379770863184,393397.7705427884,393397.7705427884
8566,373002.7925288914,2.7259605001107468,10484.56720513865,362518.22532375273,362518.22532375273
8567,322608.9283780625,3.1153834286979962,33353.741725423664,289255.18665263883,289255.18665263883
8568,320436.5478703916,3.4043101176498265,58779.29035318473,261657.25751720683,261657.25751720683
8569,284605.64244463417,3.517368387239673,69242.52233938556,215363.1201052486,215363.1201052486
8570,280177.6637904236,3.7057988365560846,91401.94317899554,188775.72061142806,188775.72061142806
8571,348107.0052560046,4.007287555462342,127090.21829716631,221016.78695883826,221016.78695883826
8572,297072.545178576,4.25852815455089,164675.8119208132,132396.73325776283,132396.73325776283
8573,345615.1496307032,4.346462364231882,177830.76968908953,167784.37994161368,167784.37994161368
8574,365850.4546085441,4.4092725140040185,187227.1680950012,178623.28651354293,178623.28651354293
8575,455337.8280243989,4.434396573912874,190985.72745736598,264352.10056703293,264352.10056703293
8576,407641.2734932823,4.811257472545696,257573.36299233497,150067.91050094736,150067.91050094736
8577,401260.1507175586,4.710761232910277,239242.84888283446,162017.30183472412,162017.30183472412
8578,412295.9414178531,4.610264993274858,220912.33477333406,191383.60664451905,191383.60664451905
8579,421641.3441704338,3.881667255918068,112084.06929596479,309557.27487446903,309557.27487446903
8580,395173.3728767914,3.366624027786545,55462.91444521596,339710.45843157545,339710.45843157545
8581,327578.6911540196,2.864142829609448,16896.227293878386,310682.46386014123,310682.46386014123
8582,370628.2766832559,2.5877781706120455,4072.9071163989115,366555.369566857,366555.369566857
8583,378329.1691248285,2.512405990885481,575.6379770863184,377753.5311477422,377753.5311477422
8584,383943.61526413966,2.2611653917969328,0.0,383943.61526413966,383943.61526413966
8585,458162.2717239545,2.173231182115941,0.0,458162.2717239545,458162.2717239545
8586,480540.9644399073,2.9520770392904403,20976.374623076426,459564.5898168309,459564.5898168309
8587,453993.7519664797,3.693236806601657,89924.64845635489,364069.10351012484,364069.10351012484
8588,451379.7566771936,4.4092725140040185,187227.1680950012,264152.58858219243,264152.58858219243
8589,450808.5482914763,4.899191682226688,273612.5628381478,177195.98545332853,177195.98545332853
8590,408731.066836288,5.1504322813152354,325456.1393645084,83274.92747177964,83274.92747177964
8591,298836.32737816294,5.200680401132945,336631.3212119669,0.0,0.0
8592,270356.511561188,5.250928520950655,347806.5030594257,0.0,0.0
8593,438426.3286512365,5.238366490996228,345012.70759756106,93413.62105367542,93413.62105367542
8594,412980.96249796666,5.376548820494929,375744.45767807233,37236.504819894326,37236.504819894326
8595,319913.03084038955,5.61522738962905,433896.5765971789,0.0,0.0
8596,357029.37066831137,5.765971749082179,474054.87395549245,0.0,0.0
8597,350143.05807676684,5.866467988717598,500827.072194368,0.0,0.0
8598,419513.5514519707,5.95440219839859,524252.7456533844,0.0,0.0
8599,404910.78445575625,5.992088288261872,534292.3199929626,0.0,0.0
8600,423499.2087200916,6.6453138458920975,733755.4608334542,0.0,0.0
8601,387127.0590953784,6.092584527897291,563730.9526352802,0.0,0.0
8602,412980.5600127708,5.879030018672025,504173.59697422746,0.0,0.0
8603,503335.39308389,4.974563861953253,287360.44842027326,215974.94466361677,215974.94466361677
8604,379056.7065325,3.8314191361003584,106174.89040540216,272881.8161270978,272881.8161270978
8605,432345.8354088228,2.851580799655021,16313.349103992976,416032.4863048298,416032.4863048298
8606,466977.1544033533,2.3742236613867793,0.0,466977.1544033533,466977.1544033533
8607,457823.2869192327,2.286289451705788,0.0,457823.2869192327,457823.2869192327
8608,1393845.6507984365,2.0224868226628123,0.0,1393845.6507984365,1393845.6507984365
8609,437425.9573095578,1.9973627627539574,0.0,437425.9573095578,437425.9573095578
8610,479495.1335530215,2.5249680208399083,1158.5161669717472,478336.6173860497,478336.6173860497
8611,442633.375636606,3.00232515910815,23404.61400151721,419228.7616350888,419228.7616350888
8612,389827.8673525771,3.3917480876953996,57673.83171719517,332154.03563538194,332154.03563538194
8613,419662.1623700688,3.718360866510512,92879.2379016362,326782.92446843255,326782.92446843255
8614,434196.99505316274,4.032411615371197,130848.77765953113,303348.2173936316,303348.2173936316
8615,437399.16679039306,4.3715864241407365,181589.32905145417,255809.8377389389,255809.8377389389
8616,425761.2917996753,4.5977029633204305,218621.02050964654,207140.2712900288,207140.2712900288
8617,429103.8598798359,4.773571382682413,250699.4202012722,178404.4396785637,178404.4396785637
8618,390921.5459122464,4.924315742135542,278195.1913655229,112726.35454672348,112726.35454672348
8619,391543.2876185452,4.962001831998825,285069.13415658573,106474.15346195945,106474.15346195945
8620,363928.9117014056,4.974563861953253,287360.44842027326,76568.46328113234,76568.46328113234
8621,389973.0169516216,4.924315742135542,278195.1913655229,111777.82558609871,111777.82558609871
8622,403411.3030022084,4.685637173001422,234660.22035545937,168751.08264674904,168751.08264674904
8623,425885.3647494958,4.421834543958447,189106.44777618363,236778.91697331218,236778.91697331218
8624,464643.8106775426,4.007287555462342,127090.21829716631,337553.5923803763,337553.5923803763
8625,517943.6705401218,3.4294341775586816,60990.20762516399,456953.4629149578,456953.4629149578
8626,472576.4891906936,2.349099601477925,0.0,472576.4891906936,472576.4891906936
8627,633552.3395643648,2.047610882571667,0.0,633552.3395643648,633552.3395643648
8628,524792.5453375863,2.198355242024796,0.0,524792.5453375863,524792.5453375863
8629,486149.8107220032,2.6254642604753275,5821.541686055199,480328.26903594803,480328.26903594803
8630,1350504.5954289215,3.2912518480599804,48830.162629278275,1301674.4327996431,1301674.4327996431
8631,733809.1441454947,4.183155974824326,153400.1338337192,580409.0103117755,580409.0103117755
8632,501302.3406417302,4.673075143046995,232368.90609177182,268933.4345499583,268933.4345499583
8633,525356.4630657004,4.4092725140040185,187227.1680950012,338129.2949706992,338129.2949706992
8634,551716.466542225,4.949439802044398,282777.81989289814,268938.64664932684,268938.64664932684
8635,560990.8798540145,5.062498071634245,305899.57113145606,255091.30872255843,255091.30872255843
8636,493660.1442577931,5.250928520950655,347806.5030594257,145853.6411983674,145853.6411983674
8637,519373.4894325886,5.51473114999363,407124.3783583031,112249.11107428552,112249.11107428552
8638,456254.93112124415,5.703161599310042,457322.25005619525,0.0,0.0
8639,430977.88289284223,5.95440219839859,524252.7456533844,0.0,0.0
8640,451025.8114715078,7.034736774479346,868789.0261763203,0.0,0.0
8641,466083.0341978679,7.93920293119812,1244400.6520721314,0.0,0.0
8642,396536.9579829997,8.504494279147353,1482893.444382723,0.0,0.0
8643,378877.1856659229,8.856231117871321,1615427.8852139136,0.0,0.0
8644,359543.91939742543,8.818545028008037,1601227.7665534285,0.0,0.0
8645,371727.0919077433,8.680362698509336,1549160.664798318,0.0,0.0
8646,392682.3759853749,8.454246159329644,1461983.3869184507,0.0,0.0
8647,396952.8676182579,8.08994729065125,1308977.8620735246,0.0,0.0
8648,471029.2564564875,8.6175525487372,1525493.800364177,0.0,0.0
8649,493887.8296360221,9.3963984059117,1790422.2341218863,0.0,0.0
8650,489224.1187860234,9.006975477324449,1671726.125488492,0.0,0.0
8651,601652.0086236878,7.901516841334838,1227788.6236603968,0.0,0.0
8652,522563.2444961875,6.318701067076985,630480.5550011259,0.0,0.0
8653,433416.6610675843,4.6353890531837125,225494.96330070918,207921.69776687512,207921.69776687512
8654,1248554.7956936506,3.8314191361003584,106174.89040540216,1142379.9052882486,1142379.9052882486
8655,768364.0820024653,3.68067477664723,88447.35373371423,679916.7282687511,679916.7282687511
8656,547302.6393274001,3.1530695185612783,36670.11763339249,510632.5216940076,510632.5216940076
8657,558897.508552233,2.9897631291537223,22725.009192732716,536172.4993595002,536172.4993595002
8658,536519.5388207827,3.6053025969206653,79583.58539787025,456935.9534229124,456935.9534229124
8659,505986.3574066889,5.024811981770962,297518.184745862,208468.17266082694,208468.17266082694
8660,499199.2413191469,7.147795044069194,913017.4212398686,0.0,0.0
8661,496650.14846522425,8.655238638600482,1539693.9190246614,0.0,0.0
8662,483056.84764935455,9.044661567187731,1683212.8456788203,0.0,0.0
8663,471571.0351754637,9.044661567187731,1683212.8456788203,0.0,0.0
8664,464762.7307891685,8.893917207734603,1629628.0038743983,0.0,0.0
8665,322862.1915815989,8.341187889739796,1414498.9136907146,0.0,0.0
8666,323439.8113098243,7.4241597030665964,1021131.2758396525,0.0,0.0
8667,321552.2357531382,6.557379636211105,703646.7874386824,0.0,0.0
8668,288060.7170935199,5.853905958763171,497480.5474145088,0.0,0.0
8669,336816.44583935867,5.125308221406382,319868.54844077927,16947.8973985794,16947.8973985794
8670,351185.76675281883,4.346462364231882,177830.76968908953,173354.9970637293,173354.9970637293
8671,429169.9289693453,3.504806357285246,67765.22761674495,361404.70135260036,361404.70135260036
8672,378211.2272119052,2.7259605001107468,10484.56720513865,367726.66000676656,367726.66000676656
8673,417845.3564131395,1.7461221636654092,0.0,417845.3564131395,417845.3564131395
8674,365256.8937143867,1.2562029954427405,0.0,365256.8937143867,365256.8937143867
8675,426313.9347481148,0.9798383364453376,0.0,426313.9347481148,426313.9347481148
8676,427101.219492601,1.4195093848502967,0.0,427101.219492601,427101.219492601
8677,368100.4902643494,1.9094285530729656,0.0,368100.4902643494,368100.4902643494
8678,348474.42806490767,1.8089323134375463,0.0,348474.42806490767,348474.42806490767
8679,357756.2442485805,1.3692612650325873,0.0,357756.2442485805,357756.2442485805
8680,348388.71396136435,1.1557067558073213,0.0,348388.71396136435,348388.71396136435
8681,418484.31167468993,1.5451296843945708,0.0,418484.31167468993,418484.31167468993
8682,477601.8049778901,1.7209981037565547,0.0,477601.8049778901,477601.8049778901
8683,460717.9277157716,1.5451296843945708,0.0,460717.9277157716,460717.9277157716
8684,429482.5568685656,1.5074435945312885,0.0,429482.5568685656,429482.5568685656
8685,441783.54496464855,1.771246223574264,0.0,441783.54496464855,441783.54496464855
8686,380408.658958866,2.2486033618425054,0.0,380408.658958866,380408.658958866
8687,319419.951165246,2.675712380293037,8153.054445596913,311266.8967196491,311266.8967196491
8688,309122.5337412085,3.1153834286979962,33353.741725423664,275768.7920157848,275768.7920157848
8689,311375.2286496411,3.6178646268750927,81060.8801205109,230314.3485291302,230314.3485291302
8690,307454.61394765985,4.145469884961043,147762.2947901721,159692.31915748774,159692.31915748774
8691,305996.4941373607,4.622827023229285,223203.64903702162,82792.8451003391,82792.8451003391
8692,312765.8433433573,5.075060101588671,308693.3665933205,4072.476750036818,4072.476750036818
8693,340400.20622875576,5.32630070067722,364569.27583061374,0.0,0.0
8694,369777.62862316536,5.552417239856913,417163.9526978817,0.0,0.0
8695,431333.4111993408,5.665475509446759,447282.6757166167,0.0,0.0
8696,437989.1223515348,6.180518737578283,589689.1313331091,0.0,0.0
8697,396791.6707365869,5.992088288261872,534292.3199929626,0.0,0.0
8698,376599.2217465969,6.05489843803401,552606.0189076397,0.0,0.0
8699,430266.413485552,5.439358970267066,389713.4349873955,40552.97849815653,40552.97849815653
8700,404366.9828257784,4.534892813548293,207164.44919120864,197202.5336345698,197202.5336345698
8701,347415.13849359844,3.655550716738375,85492.76428843293,261922.3742051655,261922.3742051655
8702,365736.3200494116,3.316375907968835,51041.079901257486,314695.24014815415,314695.24014815415
8703,391335.2316862951,3.366624027786545,55462.91444521596,335872.3172410792,335872.3172410792
8704,402151.7876960512,3.065135308880287,28931.90718146524,373219.88051458594,373219.88051458594
8705,466578.80316734384,2.6882744102474647,8735.932635482362,457842.8705318615,457842.8705318615
8706,462054.3525144601,3.2912518480599804,48830.162629278275,413224.18988518184,413224.18988518184
8707,467401.03145267424,3.9444774056902054,119470.54290916816,347930.4885435061,347930.4885435061
8708,449940.9724671421,4.534892813548293,207164.44919120864,242776.52327593346,242776.52327593346
8709,433511.7422389641,5.075060101588671,308693.3665933205,124818.37564564362,124818.37564564362
8710,391339.177090764,5.376548820494929,375744.45767807233,15594.719412691658,15594.719412691658
8711,338677.49324740213,5.577541299765769,423857.0022576008,0.0,0.0
8712,275217.45468473143,5.715723629264469,460668.7748360544,0.0,0.0
8713,274801.24811166135,5.828781898854316,490787.49785478966,0.0,0.0
8714,319717.2312443163,5.992088288261872,534292.3199929626,0.0,0.0
8715,317105.921489276,6.142832647715001,578564.1976054683,0.0,0.0
8716,306935.1392465965,6.2307668573959925,604522.3763032969,0.0,0.0
8717,323819.7016645244,6.255890917304848,611938.9987883911,0.0,0.0
8718,357268.9031233604,6.130270617760574,574855.8863629213,0.0,0.0
8719,397809.9460114139,6.029774378125154,545189.3964225454,0.0,0.0
8720,409663.8486846359,6.620189785983242,725152.982720662,0.0,0.0
8721,386789.19502272445,6.482007456484541,678688.6011542365,0.0,0.0
8722,406329.670485749,6.909116474935073,824081.481017769,0.0,0.0
8723,419025.4526142525,6.620189785983242,725152.982720662,0.0,0.0
8724,425916.1405236364,5.866467988717598,500827.072194368,0.0,0.0
8725,348561.73147055315,5.062498071634245,305899.57113145606,42662.160339097085,42662.160339097085
8726,374076.5633774112,4.735885292819131,243825.47741020954,130251.08596720168,130251.08596720168
8727,367314.6273170479,4.836381532454551,262155.9915197101,105158.6357973378,105158.6357973378
8728,365627.70123277593,4.861505592363406,266738.6200470852,98889.08118569071,98889.08118569071
8729,481740.0275967359,4.132907855006616,145883.01510898976,335857.0124877462,335857.0124877462
8730,487767.832100553,4.974563861953253,287360.44842027326,200407.38368027972,200407.38368027972
8731,505603.8654458027,5.627789419583478,437243.1013770386,68360.76406876411,68360.76406876411
8732,437749.6549890509,6.067460467988437,556314.3301501865,0.0,0.0
8733,427455.8296980353,6.2307668573959925,604522.3763032969,0.0,0.0
8734,389553.1718040624,6.19308076753271,593397.4425756561,0.0,0.0
8735,352554.3711197032,6.042336408079581,548897.7076650924,0.0,0.0
8736,284686.88102912594,5.891592048626453,507520.12175408716,0.0,0.0
8737,288185.76438856934,5.803657838945461,484094.4482950708,0.0,0.0
8738,318165.4294124709,5.728285659218896,464015.2996159139,0.0,0.0
8739,313441.4686397205,5.753409719127752,470708.349175633,0.0,0.0
8740,340755.5285770033,5.803657838945461,484094.4482950708,0.0,0.0
8741,311224.83830538444,5.7910958089910345,480747.9235152116,0.0,0.0
8742,361884.6731325116,5.753409719127752,470708.349175633,0.0,0.0
8743,418122.70680717344,5.652913479492332,443936.1509367572,0.0,0.0
8744,403050.63027939934,6.05489843803401,552606.0189076397,0.0,0.0
8745,363525.599185827,6.180518737578283,589689.1313331091,0.0,0.0
8746,379059.444182599,7.02217474452492,863874.7600581485,0.0,0.0
8747,433264.73795110086,7.110108954205911,898274.6228853525,0.0,0.0
8748,396531.01398861216,6.73324805557309,763864.134228226,0.0,0.0
8749,375853.3463583595,6.2307668573959925,604522.3763032969,0.0,0.0
8750,386558.0138904175,6.067460467988437,556314.3301501865,0.0,0.0
8751,407377.946848244,6.19308076753271,593397.4425756561,0.0,0.0
8752,368048.2360479143,5.916716108535308,514213.17131380603,0.0,0.0
8753,482967.6163354246,4.823819502500124,259864.67725602255,223102.93907940204,223102.93907940204
8754,529156.6432902146,5.389110850449357,378538.25313993695,150618.39015027764,150618.39015027764
8755,446883.07219198346,5.803657838945461,484094.4482950708,0.0,0.0
8756,423631.5488922464,5.841343928808744,494134.02263464936,0.0,0.0
8757,415766.3174190825,5.6026653596746225,430550.0518173195,0.0,0.0
8758,381204.1856524067,5.175556341224091,331043.73028823786,50160.455364168854,50160.455364168854
8759,332042.5312597991,4.673075143046995,232368.90609177182,99673.62516802727,99673.62516802727
8760,300672.880271576,4.25852815455089,164675.8119208132,135997.0683507628,135997.0683507628
