hour_of_year,demand_wh,wind_speed_ms,egen_wh,delta_e_wh,block_id,battery_soc_wh
1,294675.96089413244,0.5234183335021404,0.0,-294675.96089413244,1,97705324.03910586
2,293885.17203642696,0.3838401112349029,0.0,-293885.17203642696,1,97411438.86706944
3,315296.87193599343,0.5234183335021404,0.0,-315296.87193599343,1,97096141.99513344
4,308806.25094018,3.035826334312414,13176.358709746211,-295629.89223043376,1,96800512.10290301
5,346643.7066499322,3.210299112146461,20853.160934444284,-325790.5457154879,1,96474721.55718753
6,359240.0966299311,3.9430847790494576,59653.38500810811,-299586.711621823,1,96175134.8455657
7,395096.0890297524,4.536292223685217,103709.85080009176,-291386.23822966067,1,95883748.60733604
8,407940.3110354876,3.9081902234826478,57601.58514077969,-350338.72589470795,1,95533409.88144134
9,417709.37108474574,2.651986223077511,3526.0803753982573,-414183.29070934746,1,95119226.590732
10,375738.5126606207,1.256204000405137,0.0,-375738.5126606207,1,94743488.07807137
11,459873.7136451428,2.9311426676119865,10002.509888598086,-449871.2037565447,1,94293616.87431483
12,398446.906617811,4.710765001519263,119621.76813855681,-278825.1384792542,1,94014791.73583558
13,339493.2040749121,5.792496224090355,240560.4970488353,-98932.70702607682,1,93915859.0288095
14,367905.1435801353,5.862285335223973,249856.4066518332,-118048.7369283021,1,93797810.2918812
15,411703.5873176939,5.443550668422261,195322.8343285554,-216380.75298913853,1,93581429.53889206
16,372757.440376076,5.443550668422261,195322.8343285554,-177434.6060475206,1,93403994.93284453
17,386414.2805429697,5.583128890689498,212672.76823984107,-173741.51230312863,1,93230253.4205414
18,405351.8566307671,5.792496224090355,240560.4970488353,-164791.3595819318,1,93065462.06095947
19,499575.13234325947,5.548234335122689,208024.8134383421,-291550.31890491734,1,92773911.74205455
20,419941.8236271539,4.536292223685217,103709.85080009176,-316231.9728270621,1,92457679.76922749
21,426636.0859460732,3.314982778846889,25459.242269263108,-401176.84367681004,1,92056502.92555068
22,365114.9400480376,2.2681461118426083,0.0,-365114.9400480376,1,91691387.98550265
23,346413.8159349672,0.7327856669029966,0.0,-346413.8159349672,1,91344974.16956767
24,310783.8492211229,0.8025747780366153,0.0,-310783.8492211229,1,91034190.32034655
25,292170.2022611882,0.5234183335021404,0.0,-292170.2022611882,1,90742020.11808535
26,318928.84438062034,0.3838401112349029,0.0,-318928.84438062034,1,90423091.27370474
27,308981.111032155,0.5234183335021404,0.0,-308981.111032155,1,90114110.16267258
28,293350.6614720746,1.919200556174515,0.0,-293350.6614720746,1,89820759.50120051
29,321818.801189742,2.9311426676119865,10002.509888598086,-311816.2913011439,1,89508943.20989937
30,350752.0234400805,3.6290337789481733,41187.18620215259,-309564.83723792795,1,89199378.37266144
31,441358.0113743993,4.292030334717551,84843.86903687281,-356514.1423375265,1,88842864.23032391
32,431471.7741548584,5.408656112855451,191442.55974952615,-240029.21440533223,1,88602835.01591858
33,410728.6867386722,6.211230890892066,299377.67949566897,-111351.00724300323,1,88491484.00867558
34,390401.7840290093,6.490387335426542,340581.1707089576,-49820.61332005169,1,88441663.39535552
35,427049.3985751564,5.687812557389925,226616.63264433807,-200432.76593081834,1,88241230.6294247
36,455725.0443948312,5.443550668422261,195322.8343285554,-260402.2100662758,1,87980828.41935843
37,364822.5429994007,6.176336335325257,294227.24309400795,-70595.29990539275,1,87910233.11945304
38,371195.6240465962,5.373761557288642,187562.28517049697,-183633.3388760992,1,87726599.78057694
39,366337.8698301222,4.117557556883505,71793.30525488619,-294544.56457523606,1,87432055.2160017
40,399771.30185287487,2.9660372231787955,10812.063577748055,-388959.2382751268,1,87043095.97772658
41,410564.5492474937,0.5583128890689498,0.0,-410564.5492474937,1,86632531.42847909
42,427154.8107251927,1.3259931115387555,0.0,-427154.8107251927,1,86205376.6177539
43,456132.69114629895,2.651986223077511,3526.0803753982573,-452606.6107709007,1,85752770.006983
44,469998.7544212255,0.24426188896766549,0.0,-469998.7544212255,1,85282771.25256178
45,435389.6544180193,3.8035065567822204,51446.18553879456,-383943.46887922473,1,84898827.78368255
46,407634.6454097018,5.408656112855451,191442.55974952615,-216192.08566017565,1,84682635.69802238
47,321424.3128102218,5.827390779657163,245208.45185033412,-76215.86095988768,1,84606419.8370625
48,312329.75743702013,5.199288779454595,168160.912275351,-144168.84516166913,1,84462250.99190082
49,470419.3559948173,5.1294996683209755,160400.36311729247,-310018.9928775248,1,84152231.99902329
50,430197.7320769663,4.745659557086072,122804.15160624978,-307393.5804707165,1,83844838.41855258
51,374000.3341322519,4.222241223583932,79623.64352407813,-294376.6906081738,1,83550461.7279444
52,377450.3185633048,3.7686120012154114,49394.38567146619,-328055.9328918386,1,83222405.79505256
53,368014.4137681268,3.7337174456486015,47342.58580413777,-320671.82796398905,1,82901733.96708857
54,400238.1356708886,3.977979334616267,61705.1848754365,-338532.9507954521,1,82563201.01629311
55,439913.8567127117,4.536292223685217,103709.85080009176,-336204.00591261993,1,82226997.01038049
56,491471.0222032119,4.780554112652882,125986.53507394284,-365484.48712926905,1,81861512.52325122
57,456337.1106758976,4.745659557086072,122804.15160624978,-333532.9590696478,1,81527979.56418157
58,544211.0420129035,4.39671400141798,92674.20730606488,-451536.8347068386,1,81076442.72947472
59,597421.2651114224,4.501397668118408,100527.46733239877,-496893.79777902365,1,80579548.9316957
60,466403.35631180747,4.326924890284361,87453.9817932702,-378949.37451853725,1,80200599.55717716
61,494367.8459034603,4.152452112450315,74403.41801128357,-419964.4278921767,1,79780635.12928498
62,1292009.2521599554,3.6290337789481733,41187.18620215259,-1250822.0659578028,1,78529813.06332718
63,713539.4570712117,3.0009317787456045,11640.998264806596,-701898.4588064051,1,77827914.60452077
64,552677.9106393747,2.756669889777939,5954.7414428481825,-546723.1691965265,1,77281191.43532424
65,470178.3537582652,3.454561001114127,31600.684049021587,-438577.66970924364,1,76842613.76561499
66,559248.6961296875,3.8035065567822204,51446.18553879456,-507802.5105908929,1,76334811.25502409
67,569555.7695748521,4.88523777935331,135533.68547702185,-434022.08409783023,1,75900789.17092626
68,470125.0696307509,8.095536891499771,655662.7472149519,185537.67758420098,2,76086326.84851046
69,505743.2797783023,8.72363889170234,782733.5671967207,276990.28741841845,2,76363317.13592888
70,480872.12989940366,9.596002780872574,921867.5147947754,440995.38489537174,2,76804312.52082425
71,426249.60495119885,9.944948336540667,961368.1516964036,535118.5467452048,2,77339431.06756946
72,471507.6576897408,10.39857755890919,993427.8258173156,521920.1681275748,2,77861351.23569705
73,466315.8228748651,10.39857755890919,993427.8258173156,527112.0029424506,2,78388463.2386395
74,405412.3062764345,10.433472114475999,995688.9930180447,590276.6867416103,2,78978739.92538111
75,394773.19438285823,10.538155781176425,1000000.0,605226.8056171418,2,79583966.73099825
76,346260.2444277847,10.503261225609617,1000000.0,653739.7555722153,2,80237706.48657046
77,391263.76498964673,10.224104781075143,982121.9898136694,590858.2248240226,2,80828564.71139449
78,378245.411399954,10.119421114374713,975338.4882114815,597093.0768115275,2,81425657.78820601
79,399555.5741002494,9.910053780973858,957418.0880062408,557862.5139059913,2,81983520.302112
80,487630.0581011049,10.049632003241095,970816.153810023,483186.09570891806,2,82466706.39782092
81,505957.68862414174,9.805370114273432,945567.8969357525,439610.20831161074,2,82906316.60613254
82,504467.9951258628,8.618955225001912,763011.1643903602,258543.1692644974,2,83164859.77539703
83,623744.8750002095,6.52528189099335,346328.2597380615,-277416.615262148,3,82887443.16013488
84,506399.7417416337,7.118489335629109,450776.51404905366,-55623.227692580025,3,82831819.93244231
85,502710.8436914064,7.013805668928682,430300.3888424502,-72410.4548489562,3,82759409.47759335
86,1259484.3943543304,7.013805668928682,430300.3888424502,-829184.0055118802,3,81930225.47208147
87,795446.1554097644,7.2231730023295375,471252.6392556575,-324193.5161541069,3,81606031.95592736
88,589934.0417206481,7.572118557997631,541294.9301826778,-48639.11153797025,3,81557392.8443894
89,562743.9650919905,8.025747780366153,641007.0338768922,78263.06878490164,4,81635655.9131743
90,595762.3621887558,8.514271558301482,743288.7615839993,147526.3993952435,4,81783182.31256954
91,519774.4229215224,8.549166113868294,749862.8958527866,230088.4729312642,4,82013270.78550081
92,496354.8471816049,8.479377002734674,736269.1705742816,239914.3233926767,4,82253185.10889348
93,537509.1782569268,8.304904224900628,699629.887229132,162120.70897220518,4,82415305.81786568
94,475816.08385665255,8.479377002734674,736269.1705742816,260453.08671762905,4,82675758.90458332
95,428377.0073438724,8.374693336034246,714285.6005671917,285908.59322331933,4,82961667.49780664
96,463191.1461750882,8.967900780670005,828752.507078229,365561.3609031408,4,83327228.85870978
97,275137.07859549945,9.421530003038528,899041.1724630716,623904.0938675723,4,83951132.95257735
98,292282.6245231597,9.630897336439384,925817.5784849382,633534.9539617785,4,84584667.90653913
99,342755.71022400283,9.386635447471717,893723.2421946897,550967.5319706869,4,85135635.4385098
100,302699.78632375033,9.421530003038528,899041.1724630716,596341.3861393214,4,85731976.82464913
101,328425.0306898111,10.119421114374713,975338.4882114815,646913.4575216704,4,86378890.2821708
102,344184.17506246694,10.39857755890919,993427.8258173156,649243.6507548487,4,87028133.93292566
103,420382.8363016123,10.328788447775572,988905.4914158571,568522.6551142448,4,87596656.5880399
104,413098.79039006407,10.258999336641951,984383.1570143984,571284.3666243344,4,88167940.95466425
105,454200.8023827623,9.526213669738956,913967.3874144498,459766.5850316875,4,88627707.53969593
106,392586.8322731348,8.095536891499771,655662.7472149519,263075.9149418171,4,88890783.45463775
107,428256.9706594956,7.67680222469806,564367.2103234524,136110.23966395675,4,89026893.69430171
108,441734.5014109399,9.072584447370433,845861.869779254,404127.36836831406,4,89431021.06267002
109,342198.6568525492,9.316846336338099,883087.3816579262,540888.7248053771,4,89971909.78747539
110,381257.56016836513,9.142373558504051,856497.7303160174,475240.1701476523,4,90447149.95762305
111,346744.74812046654,8.863217113969577,809030.1042718684,462285.3561514018,4,90909435.31377445
112,374202.9276699741,8.933006225103197,822178.3728094423,447975.44513946824,4,91357410.75891392
113,440761.7538998592,9.177268114070863,861815.6605843995,421053.90668454027,4,91778464.66559847
114,400883.2197553144,9.386635447471717,893723.2421946897,492840.0224393753,4,92271304.68803784
115,484043.5591001239,9.24705722520448,872451.5211211628,388407.9620210389,4,92659712.65005888
116,399265.517656839,9.21216266963767,867133.5908527811,467868.0731959421,4,93127580.72325483
117,443768.8648967231,9.526213669738956,913967.3874144498,470198.5225177267,4,93597779.24577256
118,406328.4258815782,9.77047555870662,941617.8332455894,535289.4073640113,4,94133068.65313657
119,330359.67816342856,9.386635447471717,893723.2421946897,563363.5640312611,4,94696432.21716782
120,276333.0318984376,9.177268114070863,861815.6605843995,585482.628685962,4,95281914.84585379
121,296657.72574778507,9.28195178077129,877769.4513895446,581111.7256417596,4,95863026.57149555
122,300637.54429092386,9.002795336236815,835226.0092424906,534588.4649515668,4,96397615.03644711
123,317336.674812959,8.618955225001912,763011.1643903602,445674.48957740125,4,96843289.5260245
124,296988.9275676845,8.374693336034246,714285.6005671917,417296.6729995072,4,97260586.199024
125,308418.351058823,7.851275002532106,602821.0105580763,294402.6594992533,4,97554988.85852326
126,320321.9423632213,8.13043144706658,662990.6038839819,342668.6615207606,4,97897657.52004403
127,403534.4025955617,8.374693336034246,714285.6005671917,310751.19797163,4,98000000.0
128,428358.7480008608,8.68874433613553,776159.4329279339,347800.6849270731,4,98000000.0
129,430840.6603759951,8.618955225001912,763011.1643903602,332170.50401436514,4,98000000.0
130,364710.4180867084,8.095536891499771,655662.7472149519,290952.3291282435,4,98000000.0
131,437482.43863753055,8.025747780366153,641007.0338768922,203524.59523936163,4,98000000.0
132,443821.5758257439,9.386635447471717,893723.2421946897,449901.6663689458,4,98000000.0
133,386170.6116576415,9.107479002937243,851179.8000476358,465009.1883899943,4,98000000.0
134,347039.3892396145,8.270009669333819,692302.030560102,345262.6413204875,4,98000000.0
135,397636.0999002255,7.537224002430823,533604.1701357533,135968.07023552782,4,98000000.0
136,360951.08742792887,7.397645780163584,505379.514599997,144428.42717206816,4,98000000.0
137,364340.84503402194,7.607013113564441,548985.6902296027,184644.8451955808,4,98000000.0
138,426505.57111392514,7.990853224799343,633584.0507457752,207078.4796318501,4,98000000.0
139,469064.00347518,8.863217113969577,809030.1042718684,339966.10079668835,4,98000000.0
140,400551.6514602534,9.072584447370433,845861.869779254,445310.21831900056,4,98000000.0
141,457599.29753312847,8.863217113969577,809030.1042718684,351430.8067387399,4,98000000.0
142,398435.2857532191,9.21216266963767,867133.5908527811,468698.305099562,4,98000000.0
143,324818.81042593555,9.28195178077129,877769.4513895446,552950.6409636091,4,98000000.0
144,291322.8974165096,8.898111669536387,815604.2385406554,524281.3411241458,4,98000000.0
145,287981.931777911,8.618955225001912,763011.1643903602,475029.2326124492,4,98000000.0
146,304227.14909285435,8.72363889170234,782733.5671967207,478506.4181038664,4,98000000.0
147,309619.1596650264,8.933006225103197,822178.3728094423,512559.21314441593,4,98000000.0
148,326172.1542024943,9.002795336236815,835226.0092424906,509053.8550399963,4,98000000.0
149,329023.35728332726,8.618955225001912,763011.1643903602,433987.807107033,4,98000000.0
150,345022.714729394,8.444482447167864,728941.3139052514,383918.59917585744,4,98000000.0
151,448304.5132589612,8.584060669435102,756437.0301215732,308132.51686261204,4,98000000.0
152,397648.90696289,8.898111669536387,815604.2385406554,417955.33157776535,4,98000000.0
153,428774.6033643221,8.444482447167864,728941.3139052514,300166.71054092934,4,98000000.0
154,443227.319900474,7.921064113665725,618202.5306519258,174975.21075145184,4,98000000.0
155,451025.4358017354,7.292962113463156,484903.38939339336,33877.95359165798,4,98000000.0
156,418720.5360004303,7.467434891297203,519030.2647377329,100309.72873730259,4,98000000.0
157,357551.89941932523,6.420598224292922,330280.29790563526,-27271.601513689966,5,97972728.39848632
158,341438.6041456518,5.234183335021404,172041.18685438015,-169397.41729127165,5,97803330.98119505
159,359480.5572596688,4.780554112652882,125986.53507394284,-233494.02218572597,5,97569836.95900932
160,354959.12049331027,4.955026890486929,141898.4524124079,-213060.66808090237,5,97356776.29092842
161,417884.3470261321,3.105615445446033,16247.079599625458,-401637.2674265067,5,96955139.02350192
162,440357.1266226889,3.5941392233813643,39135.386334824216,-401221.7402878647,5,96553917.28321405
163,502150.030934738,4.326924890284361,87453.9817932702,-414696.0491414678,5,96139221.23407258
164,467662.7553756517,6.909122002228254,412041.6867814771,-55621.068594174576,5,96083600.16547841
165,453504.5387338316,7.67680222469806,564367.2103234524,110862.67158962076,6,96194462.83706804
166,389284.7198997351,7.118489335629109,450776.51404905366,61491.794149318535,6,96255954.63121736
167,337443.6470184678,7.1882784467627285,464427.26418678975,126983.61716832197,6,96382938.24838568
168,288614.54427811224,6.874227446661443,406067.7388684391,117453.19459032686,6,96500391.44297601
169,287267.1979865089,6.629965557693778,364250.10347717477,76982.90549066587,6,96577374.34846668
170,282325.90129252715,6.769543779961015,388145.8951293258,105819.99383679865,6,96683194.34230348
171,325068.8504601785,6.6648601132605885,370224.0513902128,45155.200930034276,6,96728349.54323351
172,331966.29445404606,6.52528189099335,346328.2597380615,14361.96528401546,6,96742711.50851753
173,295088.3980539346,5.792496224090355,240560.4970488353,-54527.901005099324,7,96688183.60751243
174,341608.4830142403,5.862285335223973,249856.4066518332,-91752.07636240707,7,96596431.53115003
175,411209.5162837972,5.932074446357591,259152.31625483112,-152057.2000289661,7,96444374.33112106
176,410491.80574415147,5.966969001924401,263800.2710563302,-146691.5346878213,7,96297682.79643324
177,370397.6242770156,5.792496224090355,240560.4970488353,-129837.12722818032,7,96167845.66920505
178,414753.1263517586,5.234183335021404,172041.18685438015,-242711.93949737845,7,95925133.72970767
179,453640.5156366475,3.4196664455473176,30065.323604081976,-423575.19203256554,7,95501558.53767511
180,412782.5591959935,2.8613535564783676,8383.402510298129,-404399.1566856954,7,95097159.38098942
181,372466.40449430345,1.1515203337047089,0.0,-372466.40449430345,7,94724692.97649512
182,365751.91454885545,0.7327856669029966,0.0,-365751.91454885545,7,94358941.06194626
183,381685.6219859119,2.791564445344749,6764.295131998172,-374921.3268539137,7,93984019.73509234
184,364918.3779314602,4.117557556883505,71793.30525488619,-293125.072676574,7,93690894.66241577
185,390119.627648668,4.536292223685217,103709.85080009176,-286409.77684857626,7,93404484.8855672
186,390561.1301455385,4.501397668118408,100527.46733239877,-290033.66281313973,7,93114451.22275406
187,491911.2303771181,3.977979334616267,61705.1848754365,-430206.0455016816,7,92684245.17725238
188,429506.1223225743,3.3847718899805077,28529.963159142342,-400976.15916343196,7,92283269.01808895
189,444812.4365117099,3.105615445446033,16247.079599625458,-428565.35691208445,7,91854703.66117686
190,391330.2676920815,3.28008822328008,23923.881824323515,-367406.385867758,7,91487297.2753091
191,322558.876857592,2.582197111943893,1906.9729970983203,-320651.9038604937,7,91166645.3714486
192,305296.58775484265,2.2681461118426083,0.0,-305296.58775484265,7,90861348.78369376
193,276081.9308075549,1.5004658893728022,0.0,-276081.9308075549,7,90585266.8528862
194,302375.0382032113,1.256204000405137,0.0,-302375.0382032113,7,90282891.81468299
195,302498.33590531995,1.186414889271518,0.0,-302498.33590531995,7,89980393.47877768
196,342312.43881876924,0.9770475558706619,0.0,-342312.43881876924,7,89638081.03995891
197,299465.6815604401,0.6978911113361872,0.0,-299465.6815604401,7,89338615.35839847
198,322064.9779252672,0.6281020002025685,0.0,-322064.9779252672,7,89016550.3804732
199,458817.718392589,0.5583128890689498,0.0,-458817.718392589,7,88557732.6620806
200,418075.08782532817,1.5004658893728022,0.0,-418075.08782532817,7,88139657.57425527
201,414959.4130885807,2.686880778644321,4335.634064548246,-410623.77902403247,7,87729033.79523124
202,401440.2208456143,3.83840111234903,53497.98540612295,-347942.2354394914,7,87381091.55979174
203,440920.0629242434,3.6639283345149827,43238.98606948098,-397681.0768547624,7,86983410.48293698
204,426546.65905046737,2.826459000911558,7573.84882114815,-418972.8102293192,7,86564437.67270766
205,370957.3375572861,2.5473025563770832,1097.4193079483314,-369859.91824933776,7,86194577.75445832
206,361751.8639530644,3.0009317787456045,11640.998264806596,-350110.86568825785,7,85844466.88877006
207,401742.473975869,3.4196664455473176,30065.323604081976,-371677.150371787,7,85472789.73839827
208,384895.9706260943,3.6639283345149827,43238.98606948098,-341656.9845566133,7,85131132.75384165
209,352552.81363551645,4.36181944585117,90064.09454966751,-262488.71908584895,7,84868644.03475581
210,396179.7901104047,4.36181944585117,90064.09454966751,-306115.6955607372,7,84562528.33919507
211,493575.1866356506,3.83840111234903,53497.98540612295,-440077.20122952765,7,84122451.13796555
212,423285.97725410655,3.210299112146461,20853.160934444284,-402432.81631966226,7,83720018.32164589
213,462152.5469007121,2.651986223077511,3526.0803753982573,-458626.46652531385,7,83261391.85512057
214,443785.6329099868,1.6051495560732305,0.0,-443785.6329099868,7,82817606.22221059
215,334875.8005970528,0.8374693336034246,0.0,-334875.8005970528,7,82482730.42161353
216,261475.64988280504,1.3957822226723744,0.0,-261475.64988280504,7,82221254.77173072
217,434940.6510869849,2.5473025563770832,1097.4193079483314,-433843.2317790366,7,81787411.53995168
218,382410.128393116,3.314982778846889,25459.242269263108,-356950.8861238529,7,81430460.65382783
219,407137.2046572207,3.9081902234826478,57601.58514077969,-349535.619516441,7,81080925.03431138
220,380357.1001746717,4.152452112450315,74403.41801128357,-305953.6821633881,7,80774971.352148
221,377931.4945395889,3.454561001114127,31600.684049021587,-346330.81049056735,7,80428640.54165743
222,367666.21646768966,3.245193667713271,22388.521379383918,-345277.69508830574,7,80083362.84656912
223,399991.8538203279,3.175404556579651,19317.800489504647,-380674.05333082326,7,79702688.7932383
224,470104.6120954986,3.6290337789481733,41187.18620215259,-428917.425893346,7,79273771.36734495
225,513626.7270566285,3.9081902234826478,57601.58514077969,-456025.1419158488,7,78817746.2254291
226,542321.051397015,4.39671400141798,92674.20730606488,-449646.8440909501,7,78368099.38133815
227,611860.2189521284,3.4196664455473176,30065.323604081976,-581794.8953480464,7,77786304.4859901
228,510672.7977169868,2.756669889777939,5954.7414428481825,-504718.0562741386,7,77281586.42971596
229,504094.5942167829,2.372829778543036,0.0,-504094.5942167829,7,76777491.83549918
230,1287075.0505048349,3.698822890081792,45290.78593680938,-1241784.2645680255,7,75535707.57093115
231,773465.3982626607,4.675870445952455,116439.38467086392,-657026.0135917969,7,74878681.55733936
232,540143.1943937192,4.955026890486929,141898.4524124079,-398244.7419813113,7,74480436.81535804
233,557531.7979979715,4.88523777935331,135533.68547702185,-421998.1125209497,7,74058438.7028371
234,554490.1294228625,4.9899214460537396,145080.83588010108,-409409.2935427615,7,73649029.40929434
235,529021.2914790348,5.234183335021404,172041.18685438015,-356980.10462465463,7,73292049.30466968
236,438988.1634641753,5.234183335021404,172041.18685438015,-266946.9766097951,7,73025102.32805988
237,515595.4133868438,4.815448668219692,129168.91854163593,-386426.4948452079,7,72638675.83321467
238,451695.7172222848,4.117557556883505,71793.30525488619,-379902.4119673986,7,72258773.42124727
239,425968.05705326976,2.1634624451421804,0.0,-425968.05705326976,7,71832805.364194
240,493853.0237805454,1.64004411164004,0.0,-493853.0237805454,7,71338952.34041347
241,488734.03241436864,1.0119421114374714,0.0,-488734.03241436864,7,70850218.3079991
242,396058.2783058617,1.1515203337047089,0.0,-396058.2783058617,7,70454160.02969325
243,391091.16832462046,1.4655713338059932,0.0,-391091.16832462046,7,70063068.86136863
244,357768.19018645096,1.6051495560732305,0.0,-357768.19018645096,7,69705300.67118217
245,387958.82096424815,1.5004658893728022,0.0,-387958.82096424815,7,69317341.85021792
246,409569.6419272208,2.0238842228749427,0.0,-409569.6419272208,7,68907772.2082907
247,422515.8695876719,2.5473025563770832,1097.4193079483314,-421418.45027972356,7,68486353.75801097
248,505333.85898218345,3.9081902234826478,57601.58514077969,-447732.2738414038,7,68038621.48416956
249,496632.4392225697,5.269077890588212,175921.46143340922,-320710.97778916045,7,67717910.5063804
250,481328.1085949901,5.932074446357591,259152.31625483112,-222175.79234015898,7,67495734.71404023
251,583428.5333773055,12.10841078168285,1000000.0,416571.4666226945,8,67912306.18066293
252,478796.86369867326,12.387567226217323,1000000.0,521203.13630132674,8,68433509.31696425
253,479853.1779722935,12.457356337350943,1000000.0,520146.8220277065,8,68953656.13899197
254,1366080.1876227842,12.841196448585844,1000000.0,-366080.1876227842,9,68587575.95136918
255,786234.2434175014,11.096468670245377,1000000.0,213765.75658249855,10,68801341.70795168
256,508513.9406785985,11.58499244818071,1000000.0,491486.0593214015,10,69292827.76727308
257,539591.279995824,11.201152336945805,1000000.0,460408.720004176,10,69753236.48727725
258,549370.3053738606,11.166257781378995,1000000.0,450629.69462613936,10,70203866.18190339
259,536756.9743485807,11.166257781378995,1000000.0,463243.0256514193,10,70667109.20755482
260,505771.65410208906,11.201152336945805,1000000.0,494228.34589791094,10,71161337.55345273
261,469427.0806163034,11.794359781581562,1000000.0,530572.9193836965,10,71691910.47283642
262,441972.9738758236,14.202084115691411,1000000.0,558027.0261241763,10,72249937.4989606
263,490677.770504066,14.69060789362674,1000000.0,509322.229495934,10,72759259.72845653
264,449427.9744370485,13.922927671156934,1000000.0,550572.0255629516,10,73309831.75401948
265,296586.16354910453,13.364614782087983,1000000.0,703413.8364508955,10,74013245.59047037
266,305748.75737945613,12.457356337350943,1000000.0,694251.2426205438,10,74707496.83309092
267,305181.48565314244,11.89904344828199,1000000.0,694818.5143468576,10,75402315.34743777
268,288189.06452303013,12.003727114982418,1000000.0,711810.9354769699,10,76114126.28291474
269,340227.25629386486,11.864148892715182,1000000.0,659772.7437061351,10,76773899.02662088
270,358775.67445596535,12.282883559516893,1000000.0,641224.3255440346,10,77415123.35216491
271,404126.0751945021,12.003727114982418,1000000.0,595873.924805498,10,78010997.2769704
272,439919.1579540276,12.03862167054923,1000000.0,560080.8420459724,10,78571078.11901638
273,415685.0638122744,12.562040004051367,1000000.0,584314.9361877255,10,79155393.05520411
274,398846.50890619593,13.190142004253937,1000000.0,601153.4910938041,10,79756546.54629791
275,456579.41150968574,12.143305337249656,1000000.0,543420.5884903143,10,80299967.13478822
276,405177.6763920881,11.864148892715182,1000000.0,594822.3236079118,10,80894789.45839612
277,339624.1539401904,11.026679559111757,1000000.0,660375.8460598097,10,81555165.30445594
278,358472.1753817939,10.433472114475999,995688.9930180447,637216.8176362509,10,82192382.12209219
279,370023.5830814045,9.77047555870662,941617.8332455894,571594.250164185,10,82763976.37225637
280,319382.6330612611,9.491319114172146,909677.0329998351,590294.3999385741,10,83354270.77219494
281,405318.43363667175,9.107479002937243,851179.8000476358,445861.36641096405,10,83800132.13860591
282,419041.59443146,8.933006225103197,822178.3728094423,403136.7783779823,10,84203268.91698389
283,448864.684617386,8.200220558200199,677646.3172220417,228781.63260465564,10,84432050.54958855
284,459773.7296661712,7.851275002532106,602821.0105580763,143047.28089190513,10,84575097.83048046
285,436557.0655682863,9.910053780973858,957418.0880062408,520861.0224379545,10,85095958.85291842
286,387419.4186540352,12.352672670650511,1000000.0,612580.5813459648,10,85708539.43426438
287,343738.6605703174,12.876091004152652,1000000.0,656261.3394296826,10,86364800.77369405
288,268550.7298438175,12.492250892917749,1000000.0,731449.2701561826,10,87096250.04385024
289,298215.2042906833,12.771407337452224,1000000.0,701784.7957093166,10,87798034.83955956
290,301166.7526087294,12.980774670853084,1000000.0,698833.2473912706,10,88496868.08695082
291,319525.1106179617,13.12035289312032,1000000.0,680474.8893820383,10,89177342.97633286
292,333083.55703317875,13.12035289312032,1000000.0,666916.4429668213,10,89844259.41929968
293,316988.9403597104,13.12035289312032,1000000.0,683011.0596402895,10,90527270.47893997
294,327274.4979063639,13.12035289312032,1000000.0,672725.5020936361,10,91199995.98103361
295,432233.23743480985,12.841196448585844,1000000.0,567766.7625651902,10,91767762.7435988
296,402824.2232525204,12.213094448383275,1000000.0,597175.7767474796,10,92364938.52034628
297,432021.02069543424,12.003727114982418,1000000.0,567978.9793045658,10,92932917.49965085
298,406182.1510159095,11.82925433714837,1000000.0,593817.8489840905,10,93526735.34863494
299,432319.750219857,11.37562511477985,1000000.0,567680.249780143,10,94094415.59841509
300,431473.1386229337,10.538155781176425,1000000.0,568526.8613770662,10,94662942.45979215
301,349902.15790688246,10.084526558807905,973077.3210107522,623175.1631038698,10,95286117.62289602
302,321382.64882452914,9.177268114070863,861815.6605843995,540433.0117598703,10,95826550.6346559
303,374982.1601642295,8.304904224900628,699629.887229132,324647.7270649025,10,96151198.3617208
304,365480.5375810349,7.955958669232534,625893.2906988506,260412.75311781577,10,96411611.11483862
305,397383.4046381253,7.153383891195919,457601.8891179217,60218.484479796374,10,96471829.59931841
306,384950.460607784,6.804438335527826,394119.8430423639,9169.382434579893,10,96480998.98175299
307,478867.1704383219,5.687812557389925,226616.63264433807,-252250.53779398382,11,96228748.44395901
308,469454.1291464776,4.0477684457498855,66573.07974209143,-402881.0494043862,11,95825867.39455463
309,419105.10062148486,3.105615445446033,16247.079599625458,-402858.02102185943,11,95423009.37353277
310,381096.33759663376,3.5243501122477454,35031.78660016743,-346064.5509964663,11,95076944.8225363
311,319120.24785871955,4.815448668219692,129168.91854163593,-189951.32931708364,11,94886993.49321923
312,264767.3433454577,5.618023446256307,217320.72304134,-47446.62030411768,11,94839546.8729151
313,306690.4457937433,6.2461254464588745,304528.1158973299,-2162.32989641343,11,94837384.54301868
314,308493.1126382146,5.513339779555879,203376.85863684304,-105116.25400137156,11,94732268.28901732
315,309163.4875571577,4.815448668219692,129168.91854163593,-179994.5690155218,11,94552273.7200018
316,332249.9321762269,4.431608556984789,95284.3200624622,-236965.61211376474,11,94315308.10788804
317,311277.4809058765,5.059710557187357,152639.81395923407,-158637.66694664242,11,94156670.4409414
318,372206.0446817969,4.9899214460537396,145080.83588010108,-227125.20880169584,11,93929545.23213969
319,446533.5605754022,4.780554112652882,125986.53507394284,-320547.0255014594,11,93608998.20663823
320,435498.0330405871,4.955026890486929,141898.4524124079,-293599.5806281792,11,93315398.62601005
321,391981.0340665208,4.88523777935331,135533.68547702185,-256447.34858949896,11,93058951.27742055
322,390426.4422446904,4.536292223685217,103709.85080009176,-286716.5914445986,11,92772234.68597595
323,418376.8194240566,3.83840111234903,53497.98540612295,-364878.8340179337,11,92407355.85195802
324,422079.2700484774,4.606081334818835,110074.6177354778,-312004.6523129996,11,92095351.19964503
325,364956.0766208796,4.640975890385645,113257.00120317086,-251699.07541770872,11,91843652.12422732
326,365128.56359152414,3.5592446678145544,37083.5864674958,-328044.9771240284,11,91515607.14710328
327,380167.5377051702,3.489455556680936,33136.044493961184,-347031.493211209,11,91168575.65389207
328,387151.226806008,3.5592446678145544,37083.5864674958,-350067.64033851225,11,90818508.01355356
329,388346.0196281807,3.7686120012154114,49394.38567146619,-338951.63395671453,11,90479556.37959684
330,422785.7957603725,4.082663001316695,69183.1924984888,-353602.60326188366,11,90125953.77633496
331,484702.15249268746,4.5711867792520255,106892.23426778473,-377809.9182249027,11,89748143.85811006
332,448572.2453910861,4.187346668017123,77013.53076768082,-371558.71462340525,11,89376585.14348665
333,446434.431318776,3.1405100010128426,17782.440044565075,-428651.9912742109,11,88947933.15221244
334,405808.17315460806,2.651986223077511,3526.0803753982573,-402282.0927792098,11,88545651.05943324
335,338437.3622411207,3.489455556680936,33136.044493961184,-305301.3177471595,11,88240349.74168608
336,281449.8483871652,3.6639283345149827,43238.98606948098,-238210.86231768425,11,88002138.8793684
337,290548.6726189691,3.5243501122477454,35031.78660016743,-255516.88601880168,11,87746621.9933496
338,305638.4108774383,2.791564445344749,6764.295131998172,-298874.1157454401,11,87447747.87760416
339,332919.2167918517,2.1634624451421804,0.0,-332919.2167918517,11,87114828.6608123
340,308810.58240129164,1.7098332227736588,0.0,-308810.58240129164,11,86806018.07841101
341,324914.7024454776,2.0238842228749427,0.0,-324914.7024454776,11,86481103.37596554
342,368335.7932804341,2.2332515562757993,0.0,-368335.7932804341,11,86112767.5826851
343,433471.0881997237,2.791564445344749,6764.295131998172,-426706.7930677255,11,85686060.78961737
344,360232.57348040125,2.756669889777939,5954.7414428481825,-354277.8320375531,11,85331782.95757982
345,407383.5701925936,3.314982778846889,25459.242269263108,-381924.3279233305,11,84949858.6296565
346,391238.7770313457,3.245193667713271,22388.521379383918,-368850.2556519618,11,84581008.37400453
347,417785.8305088992,2.3030406674094177,0.0,-417785.8305088992,11,84163222.54349563
348,392399.062025352,2.512408000810274,287.86561879835267,-392111.1964065536,11,83771111.34708907
349,348210.79415877693,2.826459000911558,7573.84882114815,-340636.9453376288,11,83430474.40175144
350,352696.8442076611,4.257135779150741,82233.75628047543,-270463.0879271857,11,83160011.31382425
351,374827.1507045178,5.1294996683209755,160400.36311729247,-214426.78758722532,11,82945584.52623703
352,345773.9167273735,5.0946051127541665,156520.0885382633,-189253.82818911018,11,82756330.69804792
353,418402.0433591897,4.745659557086072,122804.15160624978,-295597.8917529399,11,82460732.80629498
354,424196.0192683134,4.536292223685217,103709.85080009176,-320486.1684682217,11,82140246.63782676
355,474829.5892384734,4.39671400141798,92674.20730606488,-382155.3819324085,11,81758091.25589435
356,422263.5024563395,4.0128738901830765,63962.966985694125,-358300.53547064535,11,81399790.7204237
357,414111.84910979215,3.7686120012154114,49394.38567146619,-364717.46343832597,11,81035073.25698537
358,404491.3918590194,3.5243501122477454,35031.78660016743,-369459.605258852,11,80665613.65172651
359,360536.8260944588,2.19835700070899,0.0,-360536.8260944588,11,80305076.82563205
360,316832.2066281734,1.9540951117413239,0.0,-316832.2066281734,11,79988244.61900388
361,395269.3413377039,1.5004658893728022,0.0,-395269.3413377039,11,79592975.27766617
362,440800.9179164483,1.1515203337047089,0.0,-440800.9179164483,11,79152174.35974972
363,347437.30643362564,1.6749386672068491,0.0,-347437.30643362564,11,78804737.05331609
364,357951.83818691043,2.2332515562757993,0.0,-357951.83818691043,11,78446785.21512918
365,333439.14313323534,3.7337174456486015,47342.58580413777,-286096.5573290976,11,78160688.65780008
366,396621.6485091224,3.83840111234903,53497.98540612295,-343123.66310299945,11,77817564.99469708
367,441332.2491307249,3.5592446678145544,37083.5864674958,-404248.66266322904,11,77413316.33203384
368,456006.2115904488,3.314982778846889,25459.242269263108,-430546.9693211857,11,76982769.36271265
369,387670.1328984183,3.1405100010128426,17782.440044565075,-369887.6928538532,11,76612881.6698588
370,389871.2411524685,2.9311426676119865,10002.509888598086,-379868.7312638704,11,76233012.93859492
371,507964.7625744554,3.105615445446033,16247.079599625458,-491717.68297483,11,75741295.25562009
372,453234.3758548608,3.035826334312414,13176.358709746211,-440058.0171451146,11,75301237.23847498
373,437891.745344381,3.28008822328008,23923.881824323515,-413967.8635200575,11,74887269.37495492
374,439351.2119793796,3.210299112146461,20853.160934444284,-418498.0510449353,11,74468771.32390998
375,480387.30251100863,2.826459000911558,7573.84882114815,-472813.4536898605,11,73995957.87022012
376,1301095.95478899,3.1405100010128426,17782.440044565075,-1283313.514744425,11,72712644.3554757
377,453205.2886694493,2.756669889777939,5954.7414428481825,-447250.5472266011,11,72265393.80824909
378,493295.21167239256,2.582197111943893,1906.9729970983203,-491388.2386752942,11,71774005.56957379
379,459735.5680287384,2.0587787784417526,0.0,-459735.5680287384,11,71314270.00154506
380,408516.445475858,1.256204000405137,0.0,-408516.445475858,11,70905753.5560692
381,427600.55696634,3.314982778846889,25459.242269263108,-402141.3146970769,11,70503612.24137212
382,391848.2481963151,5.234183335021404,172041.18685438015,-219807.06134193492,11,70283805.18003018
383,410874.8348176664,7.2231730023295375,471252.6392556575,60377.804437991115,12,70344182.98446818
384,430507.26463677466,7.2231730023295375,471252.6392556575,40745.37461888284,12,70384928.35908706
385,476934.75805586367,7.572118557997631,541294.9301826778,64360.17212681414,12,70449288.53121388
386,407231.7629011831,7.572118557997631,541294.9301826778,134063.1672814947,12,70583351.69849537
387,406063.2308120982,7.118489335629109,450776.51404905366,44713.28323695547,12,70628064.98173232
388,377261.29153498553,6.03675811305802,273625.4974873637,-103635.79404762184,13,70524429.1876847
389,376665.1570840347,5.513339779555879,203376.85863684304,-173288.29844719166,13,70351140.88923751
390,381059.53527286416,5.373761557288642,187562.28517049697,-193497.2501023672,13,70157643.63913514
391,421690.25500648393,5.024816001620548,148759.5393802049,-272930.715626279,13,69884712.92350885
392,448131.6229128661,4.88523777935331,135533.68547702185,-312597.9374358443,13,69572114.986073
393,479134.8626968093,4.501397668118408,100527.46733239877,-378607.39536441053,13,69193507.5907086
394,551578.9867796006,4.117557556883505,71793.30525488619,-479785.68152471446,13,68713721.90918389
395,669955.9385643334,2.8613535564783676,8383.402510298129,-661572.5360540352,13,68052149.37312986
396,464633.972899701,2.0238842228749427,0.0,-464633.972899701,13,67587515.40023015
397,450410.31168626377,0.872363889170234,0.0,-450410.31168626377,13,67137105.08854389
398,1405138.5713230595,0.6281020002025685,0.0,-1405138.5713230595,13,65731966.51722083
399,768858.2125101117,2.4775134452434644,0.0,-768858.2125101117,13,64963108.30471072
400,463862.91945984174,4.36181944585117,90064.09454966751,-373798.82491017424,13,64589309.47980055
401,504820.5435707745,4.257135779150741,82233.75628047543,-422586.7872902991,13,64166722.692510255
402,523681.8166119697,4.745659557086072,122804.15160624978,-400877.66500571993,13,63765845.02750453
403,535115.3120171947,4.292030334717551,84843.86903687281,-450271.4429803219,13,63315573.584524214
404,476820.9941603076,3.28008822328008,23923.881824323515,-452897.1123359841,13,62862676.47218823
405,440568.2881241886,2.0587787784417526,0.0,-440568.2881241886,13,62422108.18406404
406,456507.1160699243,0.6978911113361872,0.0,-456507.1160699243,13,61965601.06799411
407,431315.3222751744,0.3838401112349029,0.0,-431315.3222751744,13,61534285.74571893
408,480407.1501280575,1.2910985559719466,0.0,-480407.1501280575,13,61053878.595590875
409,457481.2830485005,1.849411445040896,0.0,-457481.2830485005,13,60596397.31254237
410,406603.575699339,2.2332515562757993,0.0,-406603.575699339,13,60189793.736843035
411,365641.9611509999,2.4775134452434644,0.0,-365641.9611509999,13,59824151.77569204
412,347729.9952825957,2.8613535564783676,8383.402510298129,-339346.59277229756,13,59484805.18291974
413,372664.7471907242,3.035826334312414,13176.358709746211,-359488.38848097797,13,59125316.794438764
414,387526.9614549528,3.4196664455473176,30065.323604081976,-357461.6378508708,13,58767855.15658789
415,408781.1061730056,3.5243501122477454,35031.78660016743,-373749.31957283814,13,58394105.837015055
416,513366.2425978589,3.7337174456486015,47342.58580413777,-466023.65679372114,13,57928082.180221334
417,506165.6258126356,3.83840111234903,53497.98540612295,-452667.64040651266,13,57475414.53981482
418,492558.00618404703,3.83840111234903,53497.98540612295,-439060.0207779241,13,57036354.5190369
419,596061.7111496625,3.0009317787456045,11640.998264806596,-584420.7128848559,13,56451933.80615204
420,498960.0589184702,3.4196664455473176,30065.323604081976,-468894.73531438824,13,55983039.07083765
421,452011.9434781314,3.28008822328008,23923.881824323515,-428088.0616538079,13,55554951.00918384
422,1339140.9976050502,3.873295667915839,55549.78527345132,-1283591.2123315989,13,54271359.79685224
423,723680.147960577,4.431608556984789,95284.3200624622,-628395.8278981148,13,53642963.96895412
424,493571.52606415405,4.152452112450315,74403.41801128357,-419168.1080528705,13,53223795.86090125
425,502040.207439446,3.105615445446033,16247.079599625458,-485793.1278398206,13,52738002.73306143
426,577609.2329940845,2.442618889676655,0.0,-577609.2329940845,13,52160393.500067346
427,566846.7732362598,1.5004658893728022,0.0,-566846.7732362598,13,51593546.726831086
428,469485.2709662753,1.1515203337047089,0.0,-469485.2709662753,13,51124061.45586481
429,555629.3999999999,0.9072584447370433,0.0,-555629.3999999999,13,50568432.05586481
430,425753.3780386643,1.5004658893728022,0.0,-425753.3780386643,13,50142678.677826144
431,470592.05558563786,1.919200556174515,0.0,-470592.05558563786,13,49672086.622240506
432,500013.7339533597,2.407724334109846,0.0,-500013.7339533597,13,49172072.88828715
433,323275.6096114092,3.210299112146461,20853.160934444284,-302422.4486769649,13,48869650.43961018
434,326370.8713584722,4.326924890284361,87453.9817932702,-238916.889565202,13,48630733.55004498
435,302744.6347816114,5.234183335021404,172041.18685438015,-130703.44792723123,13,48500030.102117755
436,295440.83481696085,5.652918001823116,221968.6778428391,-73472.15697412175,13,48426557.94514363
437,323283.88920021616,6.2461254464588745,304528.1158973299,-18755.773302886286,13,48407802.17184075
438,364718.88108284125,6.52528189099335,346328.2597380615,-18390.621344779734,13,48389411.55049597
439,397359.891010708,6.52528189099335,346328.2597380615,-51031.63127264648,13,48338379.91922332
440,384582.0563654413,6.350809113159303,319979.42510231317,-64602.63126312813,13,48273777.287960194
441,434550.2952666711,6.315914557592494,314828.98870065215,-119721.30656601896,13,48154055.98139417
442,383095.6288896263,5.443550668422261,195322.8343285554,-187772.7945610709,13,47966283.1868331
443,410588.7156564208,4.536292223685217,103709.85080009176,-306878.86485632905,13,47659404.321976766
444,420857.9121332225,4.780554112652882,125986.53507394284,-294871.37705927965,13,47364532.944917485
445,377312.831433355,4.117557556883505,71793.30525488619,-305519.52617846883,13,47059013.41873901
446,360199.71681040205,3.035826334312414,13176.358709746211,-347023.35810065584,13,46711990.06063836
447,351437.1681393612,2.5473025563770832,1097.4193079483314,-350339.7488314129,13,46361650.31180695
448,380695.4704883229,2.5473025563770832,1097.4193079483314,-379598.0511803746,13,45982052.26062657
449,410274.8867853957,2.8962481120451775,9192.956199448117,-401081.9305859476,13,45580970.33004062
450,420188.7735564188,2.2681461118426083,0.0,-420188.7735564188,13,45160781.5564842
451,479865.2026449561,8.549166113868294,749862.8958527866,269997.6932078305,14,45430779.24969203
452,406677.32610177546,11.550097892613897,1000000.0,593322.6738982245,14,46024101.92359026
453,432719.4921256875,10.189210225508333,979860.82261294,547141.3304872524,14,46571243.25407751
454,382585.5963067885,10.328788447775572,988905.4914158571,606319.8951090686,14,47177563.14918658
455,337716.0073941346,11.515203337047089,1000000.0,662283.9926058655,14,47839847.14179245
456,293402.36925862666,11.236046892512613,1000000.0,706597.6307413734,14,48546444.77253382
457,280346.68609705934,10.991785003544948,1000000.0,719653.3139029406,14,49266098.08643676
458,309082.9727670927,11.58499244818071,1000000.0,690917.0272329072,14,49957015.11366967
459,310944.85513247905,10.887101336844522,1000000.0,689055.144867521,14,50646070.258537196
460,330976.17252539285,10.503261225609617,1000000.0,669023.8274746072,14,51315094.086011805
461,325387.0236179657,9.700686447573,933717.7058652636,608330.6822472978,14,51923424.7682591
462,330860.8019520564,8.967900780670005,828752.507078229,497891.7051261726,14,52421316.473385274
463,363962.21219555184,8.270009669333819,692302.030560102,328339.8183645501,14,52749656.29174983
464,384229.0672103294,7.921064113665725,618202.5306519258,233973.46344159642,14,52983629.75519142
465,390925.3221124645,7.641907669131249,556676.4502765272,165751.12816406268,14,53149380.88335548
466,397453.8806827781,6.03675811305802,273625.4974873637,-123828.38319541438,15,53025552.50016007
467,431557.219552619,6.001863557491209,268475.0610857024,-163082.1584669166,15,52862470.34169315
468,392475.7455783653,5.408656112855451,191442.55974952615,-201033.18582883914,15,52661437.155864306
469,382250.1375138318,4.745659557086072,122804.15160624978,-259445.98590758198,15,52401991.16995672
470,364652.1442845812,4.466503112551599,97894.43281885957,-266757.7114657216,15,52135233.458491
471,387926.1282938135,4.955026890486929,141898.4524124079,-246027.6758814056,15,51889205.78260959
472,396026.47635696206,5.687812557389925,226616.63264433807,-169409.843712624,15,51719795.93889697
473,363370.9916339709,5.722707112956735,231264.58744583713,-132106.40418813375,15,51587689.534708835
474,460620.26907399256,5.757601668523544,235912.5422473361,-224707.72682665646,15,51362981.80788218
475,437189.8507603375,5.234183335021404,172041.18685438015,-265148.66390595736,15,51097833.14397623
476,466532.1521498004,4.326924890284361,87453.9817932702,-379078.1703565302,15,50718754.9736197
477,419020.2521946058,3.8035065567822204,51446.18553879456,-367574.0666558113,15,50351180.906963885
478,378340.66234362347,2.651986223077511,3526.0803753982573,-374814.5819682252,15,49976366.32499566
479,320192.550233844,7.711696780264869,572057.970370377,251865.42013653292,16,50228231.74513219
480,300892.20759758,7.67680222469806,564367.2103234524,263475.0027258724,16,50491706.74785806
481,285361.5374027504,7.048700224495491,437125.76391131803,151764.22650856763,16,50643470.97436663
482,300094.6805978114,7.292962113463156,484903.38939339336,184808.70879558194,16,50828279.68316221
483,302808.14943867817,7.572118557997631,541294.9301826778,238486.78074399964,16,51066766.46390621
484,341401.0713358342,6.978911113361872,423989.5826075525,82588.51127171831,16,51149354.97517793
485,294125.26002242696,6.03675811305802,273625.4974873637,-20499.76253506326,17,51128855.21264286
486,357845.809424203,5.408656112855451,191442.55974952615,-166403.24967467686,17,50962451.962968186
487,460078.1027139106,4.815448668219692,129168.91854163593,-330909.18417227466,17,50631542.77879591
488,395225.5469997338,4.640975890385645,113257.00120317086,-281968.5457965629,17,50349574.23299935
489,376939.8363335453,4.780554112652882,125986.53507394284,-250953.30125960242,17,50098620.93173975
490,368886.9977912198,4.536292223685217,103709.85080009176,-265177.14699112804,17,49833443.78474862
491,402380.91872539726,3.6290337789481733,41187.18620215259,-361193.7325232447,17,49472250.05222537
492,410506.2041368803,3.3847718899805077,28529.963159142342,-381976.24097773794,17,49090273.81124764
493,348605.197919144,2.4775134452434644,0.0,-348605.197919144,17,48741668.613328494
494,382142.7023873288,2.8962481120451775,9192.956199448117,-372949.7461878807,17,48368718.86714061
495,345893.6190595331,4.117557556883505,71793.30525488619,-274100.31380464695,17,48094618.553335965
496,405739.3861596221,5.373761557288642,187562.28517049697,-218177.10098912515,17,47876441.45234684
497,400188.2464863375,5.0946051127541665,156520.0885382633,-243668.1579480742,17,47632773.29439876
498,412479.59875656577,5.757601668523544,235912.5422473361,-176567.05650922967,17,47456206.237889536
499,492650.7813069858,5.757601668523544,235912.5422473361,-256738.23905964973,17,47199467.99882989
500,440086.7327332959,5.408656112855451,191442.55974952615,-248644.17298376973,17,46950823.82584611
501,439538.6806714175,4.222241223583932,79623.64352407813,-359915.0371473394,17,46590908.78869878
502,407522.2546942455,2.9311426676119865,10002.509888598086,-397519.7448056474,17,46193389.04389313
503,329047.43466555263,2.3030406674094177,0.0,-329047.43466555263,17,45864341.609227575
504,293120.8618223921,2.9311426676119865,10002.509888598086,-283118.351933794,17,45581223.25729378
505,277319.1259052561,4.39671400141798,92674.20730606488,-184644.91859919118,17,45396578.338694595
506,269521.4317904195,4.745659557086072,122804.15160624978,-146717.2801841697,17,45249861.05851042
507,328844.43138602347,4.326924890284361,87453.9817932702,-241390.44959275326,17,45008470.60891767
508,339990.73926748056,4.082663001316695,69183.1924984888,-270807.54676899174,17,44737663.062148675
509,324675.73502898944,4.326924890284361,87453.9817932702,-237221.75323571922,17,44500441.308912955
510,385070.1064139849,4.292030334717551,84843.86903687281,-300226.2373771121,17,44200215.07153584
511,378225.583806265,4.257135779150741,82233.75628047543,-295991.82752578956,17,43904223.24401005
512,440994.6092063182,4.675870445952455,116439.38467086392,-324555.2245354543,17,43579668.019474596
513,431371.2045720993,4.39671400141798,92674.20730606488,-338696.9972660344,17,43240971.022208564
514,351183.7014055092,3.7686120012154114,49394.38567146619,-301789.315734043,17,42939181.70647452
515,438063.6178922854,2.8962481120451775,9192.956199448117,-428870.6616928373,17,42510311.044781685
516,446567.7259237689,2.0238842228749427,0.0,-446567.7259237689,17,42063743.318857916
517,350506.67439566524,1.1515203337047089,0.0,-350506.67439566524,17,41713236.64446225
518,330508.1787972201,2.5473025563770832,1097.4193079483314,-329410.7594892718,17,41383825.884972975
519,404381.5198029901,4.326924890284361,87453.9817932702,-316927.53800971986,17,41066898.34696326
520,366766.7389595586,5.652918001823116,221968.6778428391,-144798.0611167195,17,40922100.28584654
521,419172.3191636639,5.303972446155022,179801.73601243846,-239370.58315122544,17,40682729.70269531
522,444472.2151647407,5.722707112956735,231264.58744583713,-213207.62771890356,17,40469522.07497641
523,513680.7498267185,5.862285335223973,249856.4066518332,-263824.34317488526,17,40205697.731801525
524,458869.62419018574,5.757601668523544,235912.5422473361,-222957.08194284965,17,39982740.649858676
525,407456.1481515184,5.059710557187357,152639.81395923407,-254816.33419228435,17,39727924.31566639
526,385651.258228897,3.3847718899805077,28529.963159142342,-357121.29506975465,17,39370803.02059664
527,350766.22558021854,1.9889896673081333,0.0,-350766.22558021854,17,39020036.79501642
528,310173.1648024079,3.6290337789481733,41187.18620215259,-268985.97860025533,17,38751050.81641617
529,290754.95292393607,4.606081334818835,110074.6177354778,-180680.33518845827,17,38570370.48122771
530,292081.939673836,4.606081334818835,110074.6177354778,-182007.3219383582,17,38388363.15928935
531,358654.89646245074,4.675870445952455,116439.38467086392,-242215.51179158682,17,38146147.647497766
532,322625.1384911677,5.164394223887786,164280.63769632182,-158344.50079484587,17,37987803.14670292
533,300816.1270847805,4.745659557086072,122804.15160624978,-178011.9754785307,17,37809791.17122439
534,342795.1599940298,4.501397668118408,100527.46733239877,-242267.69266163104,17,37567523.478562765
535,416962.19317718456,4.710765001519263,119621.76813855681,-297340.42503862776,17,37270183.05352414
536,397203.88786482846,5.338867001721832,183682.0105914677,-213521.87727336076,17,37056661.17625078
537,411220.4612938744,5.47844522398907,199203.10890758454,-212017.3523862899,17,36844643.82386449
538,424881.2341333143,5.164394223887786,164280.63769632182,-260600.59643699246,17,36584043.2274275
539,437922.2954127229,4.9899214460537396,145080.83588010108,-292841.45953262184,17,36291201.76789488
540,412967.50622494327,6.03675811305802,273625.4974873637,-139342.00873757957,17,36151859.7591573
541,365688.2355510145,5.652918001823116,221968.6778428391,-143719.5577081754,17,36008140.201449126
542,360722.0970086406,5.408656112855451,191442.55974952615,-169279.53725911444,17,35838860.66419001
543,354422.3393387207,5.652918001823116,221968.6778428391,-132453.66149588162,17,35706407.00269413
544,362199.80328921217,5.618023446256307,217320.72304134,-144879.08024787216,17,35561527.92244626
545,385801.73479417054,4.88523777935331,135533.68547702185,-250268.0493171487,17,35311259.87312911
546,417437.6413237373,5.47844522398907,199203.10890758454,-218234.53241615274,17,35093025.34071296
547,469258.716279207,6.2461254464588745,304528.1158973299,-164730.6003818771,17,34928294.74033108
548,438130.4708799581,5.513339779555879,203376.85863684304,-234753.6122431151,17,34693541.12808797
549,442856.0105604981,4.0128738901830765,63962.966985694125,-378893.043574804,17,34314648.084513165
550,380459.64780071727,2.512408000810274,287.86561879835267,-380171.7821819189,17,33934476.30233125
551,312144.1969350507,3.4196664455473176,30065.323604081976,-282078.8733309687,17,33652397.42900028
552,257304.65186485447,3.6639283345149827,43238.98606948098,-214065.6657953735,17,33438331.763204906
553,518240.3603274195,3.489455556680936,33136.044493961184,-485104.31583345827,17,32953227.44737145
554,417971.4104652692,3.314982778846889,25459.242269263108,-392512.1681960061,17,32560715.27917544
555,380326.09618630033,2.2332515562757993,0.0,-380326.09618630033,17,32180389.182989143
556,367182.5189694656,2.2332515562757993,0.0,-367182.5189694656,17,31813206.664019678
557,377772.9270621644,2.686880778644321,4335.634064548246,-373437.29299761617,17,31439769.37102206
558,382752.2416252272,4.257135779150741,82233.75628047543,-300518.4853447518,17,31139250.885677308
559,415633.8967025548,5.757601668523544,235912.5422473361,-179721.35445521868,17,30959529.53122209
560,443820.3213468317,6.839332891094635,400093.79095540155,-43726.53039143013,17,30915803.00083066
561,514404.0170890332,7.467434891297203,519030.2647377329,4626.247648699675,18,30920429.248479363
562,521925.69035705685,7.502329446864012,525913.4100888282,3987.719731771329,18,30924416.968211133
563,583563.9642285856,4.640975890385645,113257.00120317086,-470306.96302541473,19,30454110.00518572
564,503703.8523977652,4.675870445952455,116439.38467086392,-387264.4677269013,19,30066845.53745882
565,524502.9127600852,4.257135779150741,82233.75628047543,-442269.1564796098,19,29624576.38097921
566,1369677.867638603,4.780554112652882,125986.53507394284,-1243691.3325646603,19,28380885.04841455
567,767151.6956502781,4.955026890486929,141898.4524124079,-625253.2432378703,19,27755631.80517668
568,526760.2030262743,5.443550668422261,195322.8343285554,-331437.36869771895,19,27424194.43647896
569,533001.8655902453,4.187346668017123,77013.53076768082,-455988.3348225645,19,26968206.101656396
570,523776.8696888212,4.8503432237865,132351.3020093288,-391425.5676794924,19,26576780.533976905
571,541959.312577344,4.675870445952455,116439.38467086392,-425519.9279064801,19,26151260.606070425
572,500447.53303474153,4.187346668017123,77013.53076768082,-423434.0022670607,19,25727826.603803366
573,467075.4808697435,3.210299112146461,20853.160934444284,-446222.3199352992,19,25281604.283868067
574,427980.07218041946,2.686880778644321,4335.634064548246,-423644.4381158712,19,24857959.845752195
575,446712.55156767095,4.0477684457498855,66573.07974209143,-380139.47182557953,19,24477820.373926613
576,463645.6852623158,3.6639283345149827,43238.98606948098,-420406.6991928348,19,24057413.67473378
577,420965.4104734628,3.8035065567822204,51446.18553879456,-369519.2249346682,19,23687894.449799113
578,411235.6345871762,6.385703668726113,325129.86150397424,-86105.77308320196,19,23601788.67671591
579,387967.9452264183,8.618955225001912,763011.1643903602,375043.2191639419,20,23976831.895879854
580,385366.9183084048,8.618955225001912,763011.1643903602,377644.24608195544,20,24354476.14196181
581,368823.3715955781,8.68874433613553,776159.4329279339,407336.0613323558,20,24761812.203294165
582,360991.2445049402,8.444482447167864,728941.3139052514,367950.0694003113,20,25129762.272694476
583,426512.886106276,7.7814858913984875,587439.4904642267,160926.60435795068,20,25290688.877052426
584,451862.4682797862,7.153383891195919,457601.8891179217,5739.420838135527,20,25296428.297890563
585,514700.7163335805,6.56017644656016,352302.20765109936,-162398.50868248113,21,25134029.78920808
586,475590.3229939449,5.757601668523544,235912.5422473361,-239677.78074660883,21,24894352.00846147
587,566751.7054837765,3.9081902234826478,57601.58514077969,-509150.12034299684,21,24385201.888118476
588,543388.7843291351,3.1405100010128426,17782.440044565075,-525606.34428457,21,23859595.543833904
589,480397.1539756039,3.6639283345149827,43238.98606948098,-437158.1679061229,21,23422437.37592778
590,1399888.478223359,2.7217753342111304,5145.187753698225,-1394743.2904696607,21,22027694.08545812
591,780233.1600354365,2.2332515562757993,0.0,-780233.1600354365,21,21247460.925422683
592,556387.3746271069,3.28008822328008,23923.881824323515,-532463.4928027834,21,20714997.4326199
593,516421.8520718544,5.443550668422261,195322.8343285554,-321099.017743299,21,20393898.4148766
594,556379.3450603635,6.03675811305802,273625.4974873637,-282753.84757299983,21,20111144.567303598
595,537296.070286029,5.1294996683209755,160400.36311729247,-376895.70716873655,21,19734248.860134862
596,499059.329257446,4.117557556883505,71793.30525488619,-427266.02400255983,21,19306982.836132303
597,514115.4231457645,2.9311426676119865,10002.509888598086,-504112.9132571664,21,18802869.922875136
598,461942.2949647149,2.0238842228749427,0.0,-461942.2949647149,21,18340927.62791042
599,478474.7044611516,1.884306000607706,0.0,-478474.7044611516,21,17862452.92344927
600,468326.64853848575,2.826459000911558,7573.84882114815,-460752.7997173376,21,17401700.123731934
601,266594.52528108726,3.245193667713271,22388.521379383918,-244206.00390170334,21,17157494.11983023
602,312143.2888022484,3.4196664455473176,30065.323604081976,-282077.96519816644,21,16875416.15463206
603,303500.78774568305,4.0128738901830765,63962.966985694125,-239537.8207599889,21,16635878.333872072
604,366325.1097600699,4.815448668219692,129168.91854163593,-237156.19121843402,21,16398722.142653638
605,323482.8550092653,5.513339779555879,203376.85863684304,-120105.99637242226,21,16278616.146281216
606,346430.71499043825,5.618023446256307,217320.72304134,-129109.99194909824,21,16149506.154332118
607,423929.2653427104,6.001863557491209,268475.0610857024,-155454.20425700804,21,15994051.95007511
608,403513.3084733093,5.548234335122689,208024.8134383421,-195488.49503496723,21,15798563.455040144
609,411550.9125919079,5.932074446357591,259152.31625483112,-152398.59633707677,21,15646164.858703068
610,395334.3026879631,5.757601668523544,235912.5422473361,-159421.76044062703,21,15486743.09826244
611,403523.7886131464,4.536292223685217,103709.85080009176,-299813.93781305465,21,15186929.160449386
612,430833.7655596817,6.595071002126969,358276.1555641371,-72557.6099955446,21,15114371.550453842
613,339324.7498601145,8.270009669333819,692302.030560102,352977.2806999875,22,15467348.831153829
614,357832.2614854134,8.374693336034246,714285.6005671917,356453.3390817783,22,15823802.170235608
615,377658.09632914833,7.292962113463156,484903.38939339336,107245.29306424502,22,15931047.463299852
616,389960.6133292983,6.839332891094635,400093.79095540155,10133.177626103221,22,15941180.640925955
617,404113.4421679235,7.2231730023295375,471252.6392556575,67139.197087734,22,16008319.83801369
618,429207.4089957004,9.177268114070863,861815.6605843995,432608.25158869906,22,16440928.089602388
619,504392.1836803469,9.979842892107477,965318.2153865664,460926.0317062195,22,16901854.121308606
620,432700.381102946,9.73558100313981,937667.7695554266,504967.38845248055,22,17406821.509761088
621,447706.78395010746,8.898111669536387,815604.2385406554,367897.4545905479,22,17774718.964351635
622,374567.1515967436,8.933006225103197,822178.3728094423,447611.2212126987,22,18222330.185564335
623,331499.7491045741,10.29389389220876,986644.3242151276,655144.5751105535,22,18877474.76067489
624,301510.2648936583,10.503261225609617,1000000.0,698489.7351063418,22,19575964.49578123
625,297526.76059998275,11.201152336945805,1000000.0,702473.2394000173,22,20278437.73518125
626,288948.23523073405,11.37562511477985,1000000.0,711051.7647692659,22,20989489.499950517
627,310125.8206268862,10.573050336743236,1000000.0,689874.1793731138,22,21679363.679323632
628,310037.91210090794,10.014737447674285,968554.9866092937,658517.0745083857,22,22337880.75383202
629,310897.4220862221,9.386635447471717,893723.2421946897,582825.8201084676,22,22920706.573940486
630,326661.9288301889,9.526213669738956,913967.3874144498,587305.4585842609,22,23508012.032524746
631,454282.2847337574,9.77047555870662,941617.8332455894,487335.548511832,22,23995347.58103658
632,421280.8083346667,9.944948336540667,961368.1516964036,540087.343361737,22,24535434.924398314
633,421362.053647275,9.77047555870662,941617.8332455894,520255.7795983144,22,25055690.70399663
634,431067.0450351391,8.79342800283596,795881.8357342947,364814.79069915565,22,25420505.494695783
635,433830.3987447081,7.990853224799343,633584.0507457752,199753.65200106712,22,25620259.14669685
636,468367.2830387668,9.910053780973858,957418.0880062408,489050.80496747396,22,26109309.951664325
637,365960.6036978168,10.712628559010474,1000000.0,634039.3963021832,22,26743349.347966507
638,382948.3732811985,10.642839447876854,1000000.0,617051.6267188014,22,27360400.974685308
639,389957.1015855281,9.910053780973858,957418.0880062408,567460.9864207127,22,27927861.96110602
640,371137.2073724624,9.87515922540705,953468.024316078,582330.8169436157,22,28510192.778049637
641,372687.16408447566,10.433472114475999,995688.9930180447,623001.8289335691,22,29133194.606983207
642,390325.6597417533,10.154315669941525,977599.6554122109,587273.9956704576,22,29720468.602653664
643,483253.98273324943,9.87515922540705,953468.024316078,470214.0415828286,22,30190682.644236494
644,471167.8567045705,10.258999336641951,984383.1570143984,513215.30030982784,22,30703897.944546323
645,456078.6023822732,10.36368300334238,991166.6586165862,535088.0562343131,22,31238986.000780635
646,393214.2206906424,9.77047555870662,941617.8332455894,548403.6125549469,22,31787389.61333558
647,305949.9459973527,8.23511511376701,684974.1738910723,379024.22789371957,22,32166413.8412293
648,287791.2348830289,7.886169558098915,610511.7706050009,322720.535721972,22,32489134.376951274
649,290999.2529738946,8.025747780366153,641007.0338768922,350007.7809029976,22,32839142.15785427
650,299916.47804290574,8.898111669536387,815604.2385406554,515687.7604977496,22,33354829.91835202
651,329569.17878551065,10.084526558807905,973077.3210107522,643508.1422252415,22,33998338.06057726
652,323220.51126714394,10.642839447876854,1000000.0,676779.488732856,22,34675117.54931012
653,326310.28521471174,10.39857755890919,993427.8258173156,667117.5406026039,22,35342235.08991272
654,351900.89824058063,9.87515922540705,953468.024316078,601567.1260754974,22,35943802.21598822
655,367135.088224681,9.037689891803623,840543.9395108721,473408.85128619114,22,36417211.06727441
656,438488.1727320829,8.68874433613553,776159.4329279339,337671.260195851,22,36754882.32747026
657,388468.9982562644,8.409587891601056,721613.4572362219,333144.45897995745,22,37088026.786450215
658,424264.13391517184,7.746591335831678,579748.7304173018,155484.59650212992,22,37243511.38295235
659,416651.95713640034,6.839332891094635,400093.79095540155,-16558.166180998785,23,37226953.21677135
660,410669.3055494117,7.362751224596776,498554.1395311294,87884.8339817177,24,37314838.050753064
661,373555.8952219415,6.804438335527826,394119.8430423639,20563.947820422356,24,37335401.99857349
662,342586.6085060078,5.862285335223973,249856.4066518332,-92730.20185417461,25,37242671.79671931
663,404764.2584644219,4.88523777935331,135533.68547702185,-269230.57298740005,25,36973441.22373191
664,377428.8448204911,3.698822890081792,45290.78593680938,-332138.0588836817,25,36641303.16484823
665,387770.1027679925,4.117557556883505,71793.30525488619,-315976.79751310626,25,36325326.367335126
666,417136.3706850655,3.6639283345149827,43238.98606948098,-373897.3846155845,25,35951428.98271954
667,471275.89562057,3.9081902234826478,57601.58514077969,-413674.3104797903,25,35537754.67223975
668,461733.27711722505,5.1294996683209755,160400.36311729247,-301332.9139999326,25,35236421.75823982
669,414244.3483223135,5.548234335122689,208024.8134383421,-206219.5348839714,25,35030202.22335585
670,402892.0500455992,5.513339779555879,203376.85863684304,-199515.19140875613,25,34830687.0319471
671,340764.6960193683,2.8613535564783676,8383.402510298129,-332381.2935090702,25,34498305.738438025
672,293126.11197508103,2.0936733340085616,0.0,-293126.11197508103,25,34205179.626462944
673,309117.9713010138,1.2910985559719466,0.0,-309117.9713010138,25,33896061.65516193
674,286019.3712150904,0.8025747780366153,0.0,-286019.3712150904,25,33610042.28394684
675,285495.5102772571,0.48852377793533097,0.0,-285495.5102772571,25,33324546.773669586
676,311875.25187180674,1.256204000405137,0.0,-311875.25187180674,25,33012671.52179778
677,304259.69630034297,1.919200556174515,0.0,-304259.69630034297,25,32708411.825497437
678,329878.332499937,2.1634624451421804,0.0,-329878.332499937,25,32378533.4929975
679,412180.63347869087,2.1634624451421804,0.0,-412180.63347869087,25,31966352.85951881
680,406354.3134434735,2.0936733340085616,0.0,-406354.3134434735,25,31559998.546075337
681,391072.5595634323,2.1285678895753706,0.0,-391072.5595634323,25,31168925.986511905
682,402687.1712659115,2.407724334109846,0.0,-402687.1712659115,25,30766238.815245993
683,450739.4246270432,0.7327856669029966,0.0,-450739.4246270432,25,30315499.39061895
684,415307.60955091607,1.4306767782391838,0.0,-415307.60955091607,25,29900191.781068034
685,378281.43258078606,3.0707208898792238,14711.719154685845,-363569.7134261002,25,29536622.067641933
686,344003.3119030899,3.9081902234826478,57601.58514077969,-286401.72676231025,25,29250220.340879623
687,391014.5347643863,4.5711867792520255,106892.23426778473,-284122.30049660156,25,28966098.040383022
688,357852.23204241804,5.408656112855451,191442.55974952615,-166409.6722928919,25,28799688.36809013
689,406133.4484044241,5.47844522398907,199203.10890758454,-206930.3394968396,25,28592758.02859329
690,419644.5266143903,5.722707112956735,231264.58744583713,-188379.9391685532,25,28404378.089424737
691,474116.7875935787,5.47844522398907,199203.10890758454,-274913.6786859941,25,28129464.410738744
692,395608.1174778726,4.92013233492012,138716.0689447149,-256892.04853315768,25,27872572.362205587
693,399719.9536906215,4.39671400141798,92674.20730606488,-307045.7463845566,25,27565526.61582103
694,425572.8210683076,4.292030334717551,84843.86903687281,-340728.9520314348,25,27224797.663789596
695,314997.9139063558,5.408656112855451,191442.55974952615,-123555.35415682965,25,27101242.309632767
696,312063.03544190084,5.0946051127541665,156520.0885382633,-155542.94690363752,25,26945699.36272913
697,292396.44854970893,4.326924890284361,87453.9817932702,-204942.46675643872,25,26740756.89597269
698,302281.22023250407,3.245193667713271,22388.521379383918,-279892.69885312015,25,26460864.19711957
699,314717.6722831344,2.1285678895753706,0.0,-314717.6722831344,25,26146146.524836436
700,302086.5669720977,1.7796223339072772,0.0,-302086.5669720977,25,25844059.957864337
701,309504.7241837629,2.5473025563770832,1097.4193079483314,-308407.3048758146,25,25535652.652988523
702,375481.5461645367,3.0009317787456045,11640.998264806596,-363840.5478997301,25,25171812.105088793
703,409877.3197783381,3.5243501122477454,35031.78660016743,-374845.5331781707,25,24796966.571910623
704,379894.3005195453,4.292030334717551,84843.86903687281,-295050.43148267246,25,24501916.14042795
705,386982.4133095026,4.536292223685217,103709.85080009176,-283272.56250941084,25,24218643.57791854
706,408289.4810870525,4.536292223685217,103709.85080009176,-304579.63028696075,25,23914063.94763158
707,447941.68225555366,4.745659557086072,122804.15160624978,-325137.53064930387,25,23588926.416982275
708,469657.7361251644,4.431608556984789,95284.3200624622,-374373.4160627022,25,23214553.000919573
709,361168.91883182205,3.5592446678145544,37083.5864674958,-324085.3323643262,25,22890467.66855525
710,342060.30114835204,2.1634624451421804,0.0,-342060.30114835204,25,22548407.367406897
711,379490.7578257867,1.3259931115387555,0.0,-379490.7578257867,25,22168916.60958111
712,354646.4710036306,0.27915644453447486,0.0,-354646.4710036306,25,21814270.13857748
713,442217.720083188,1.5702550005064209,0.0,-442217.720083188,25,21372052.41849429
714,392239.2979221484,3.28008822328008,23923.881824323515,-368315.4160978249,25,21003737.002396468
715,456551.4514407408,4.39671400141798,92674.20730606488,-363877.2441346759,25,20639859.758261792
716,433411.47666769545,3.28008822328008,23923.881824323515,-409487.59484337195,25,20230372.16341842
717,439917.458380243,1.3608876671055647,0.0,-439917.458380243,25,19790454.705038175
718,380528.8742823456,2.791564445344749,6764.295131998172,-373764.5791503474,25,19416690.125887826
719,325620.74670136353,3.3847718899805077,28529.963159142342,-297090.7835422212,25,19119599.342345607
720,289026.4085199754,4.36181944585117,90064.09454966751,-198962.31397030788,25,18920637.028375298
721,419162.9591560034,5.164394223887786,164280.63769632182,-254882.32145968155,25,18665754.706915617
722,419385.97310299287,6.1414417797584475,289076.8066923469,-130309.166410646,25,18535445.54050497
723,407538.3565667878,7.118489335629109,450776.51404905366,43238.157482265844,26,18578683.697987236
724,390981.126033033,7.990853224799343,633584.0507457752,242602.9247127422,26,18821286.62269998
725,375540.9396616449,8.444482447167864,728941.3139052514,353400.3742436065,26,19174686.996943586
726,385647.7940890442,9.177268114070863,861815.6605843995,476167.86649535527,26,19650854.86343894
727,387370.63559659466,9.665791892006192,929767.642175101,542397.0065785063,26,20193251.870017447
728,458140.6732731333,10.39857755890919,993427.8258173156,535287.1525441823,26,20728539.02256163
729,527236.3136618302,10.712628559010474,1000000.0,472763.68633816985,26,21201302.7088998
730,511715.0239319166,9.491319114172146,909677.0329998351,397962.00906791847,26,21599264.71796772
731,617595.2808207886,10.224104781075143,982121.9898136694,364526.70899288077,26,21963791.4269606
732,500037.29085794336,10.642839447876854,1000000.0,499962.70914205664,26,22463754.136102654
733,479099.5784757941,10.607944892310044,1000000.0,520900.4215242059,26,22984654.55762686
734,1346411.446386689,10.154315669941525,977599.6554122109,-368811.79097447824,27,22615842.76665238
735,748172.4412883327,10.014737447674285,968554.9866092937,220382.54532096104,28,22836225.31197334
736,499907.44660578767,9.805370114273432,945567.8969357525,445660.4503299648,28,23281885.762303304
737,541400.7377111319,9.24705722520448,872451.5211211628,331050.7834100309,28,23612936.545713335
738,591067.9821769702,9.386635447471717,893723.2421946897,302655.26001771947,28,23915591.805731054
739,551589.7229855609,8.828322558402768,802455.9700030814,250866.24701752048,28,24166458.052748576
740,474703.24800893286,9.072584447370433,845861.869779254,371158.6217703211,28,24537616.674518898
741,487954.77981821256,9.072584447370433,845861.869779254,357907.0899610414,28,24895523.76447994
742,466733.06278891786,9.630897336439384,925817.5784849382,459084.5156960204,28,25354608.280175958
743,460816.6256799325,9.910053780973858,957418.0880062408,496601.4623263083,28,25851209.742502265
744,440818.0309637842,9.84026466984024,949517.9606259152,508699.929662131,28,26359909.672164395
745,502069.1071563894,9.421530003038528,899041.1724630716,396972.06530668226,28,26756881.737471078
746,361093.8809491382,9.142373558504051,856497.7303160174,495403.8493668792,28,27252285.58683796
747,395239.0501715108,8.828322558402768,802455.9700030814,407216.9198315706,28,27659502.50666953
748,355914.024158887,8.479377002734674,736269.1705742816,380355.1464153946,28,28039857.653084923
749,352162.28333877085,8.653849780568722,769585.2986591471,417423.01532037626,28,28457280.6684053
750,363672.1153077055,8.898111669536387,815604.2385406554,451932.1232329499,28,28909212.791638248
751,399733.21838843374,9.386635447471717,893723.2421946897,493990.02380625595,28,29403202.815444503
752,465294.32978075166,10.049632003241095,970816.153810023,505521.8240292713,28,29908724.639473774
753,525777.1472472214,10.224104781075143,982121.9898136694,456344.8425664479,28,30365069.482040223
754,502473.4026915416,8.828322558402768,802455.9700030814,299982.5673115398,28,30665052.049351763
755,646091.0546743158,9.072584447370433,845861.869779254,199770.8151049381,28,30864822.864456702
756,493661.8032391867,9.456424558605336,904359.1027314533,410697.29949226655,28,31275520.163948968
757,454955.6626403916,8.75853344726915,789307.7014655077,334352.0388251161,28,31609872.202774085
758,1413348.9532500464,7.362751224596776,498554.1395311294,-914794.813718917,29,30695077.389055166
759,723419.506231101,6.211230890892066,299377.67949566897,-424041.826735432,29,30271035.562319733
760,547544.826564629,5.827390779657163,245208.45185033412,-302336.37471429486,29,29968699.187605437
761,571179.0565602485,4.152452112450315,74403.41801128357,-496775.6385489649,29,29471923.54905647
762,531962.0235087381,2.756669889777939,5954.7414428481825,-526007.2820658899,29,28945916.26699058
763,533036.916480214,2.1634624451421804,0.0,-533036.916480214,29,28412879.350510366
764,461897.95121774543,2.0238842228749427,0.0,-461897.95121774543,29,27950981.39929262
765,478686.17246193,1.919200556174515,0.0,-478686.17246193,29,27472295.22683069
766,488467.9987135338,2.407724334109846,0.0,-488467.9987135338,29,26983827.228117157
767,444884.6232515476,3.8035065567822204,51446.18553879456,-393438.437712753,29,26590388.790404405
768,410327.5298407361,4.257135779150741,82233.75628047543,-328093.7735602607,29,26262295.016844146
769,323231.0485493816,4.152452112450315,74403.41801128357,-248827.63053809805,29,26013467.386306047
770,297410.6516530975,4.082663001316695,69183.1924984888,-228227.45915460866,29,25785239.927151438
771,318569.89904064045,3.83840111234903,53497.98540612295,-265071.9136345175,29,25520168.01351692
772,314405.084218111,4.082663001316695,69183.1924984888,-245221.8917196222,29,25274946.1217973
773,357469.3803612165,4.39671400141798,92674.20730606488,-264795.1730551516,29,25010150.948742148
774,388625.6301576384,4.88523777935331,135533.68547702185,-253091.94468061655,29,24757059.00406153
775,423867.15226609417,5.0946051127541665,156520.0885382633,-267347.0637278309,29,24489711.9403337
776,406704.5113312777,4.88523777935331,135533.68547702185,-271170.8258542559,29,24218541.114479445
777,399873.1053496174,4.431608556984789,95284.3200624622,-304588.78528715525,29,23913952.32919229
778,385242.3870395342,4.187346668017123,77013.53076768082,-308228.85627185344,29,23605723.472920436
779,411948.7909540425,1.3259931115387555,0.0,-411948.7909540425,29,23193774.681966394
780,453236.7142681776,1.3957822226723744,0.0,-453236.7142681776,29,22740537.967698216
781,408785.4363554412,0.7676802224698059,0.0,-408785.4363554412,29,22331752.531342775
782,419095.2120454554,1.0468366670042808,0.0,-419095.2120454554,29,21912657.319297317
783,431832.8265756058,3.6639283345149827,43238.98606948098,-388593.8405061248,29,21524063.478791192
784,422953.3110518815,5.548234335122689,208024.8134383421,-214928.49761353942,29,21309134.981177654
785,555978.9463496389,6.281020002025685,309678.5522989911,-246300.39405064774,29,21062834.587127008
786,525918.1882811353,5.583128890689498,212672.76823984107,-313245.4200412942,29,20749589.167085715
787,525018.3137057014,4.9899214460537396,145080.83588010108,-379937.4778256003,29,20369651.689260114
788,455377.440342015,4.117557556883505,71793.30525488619,-383584.13508712885,29,19986067.554172985
789,459244.4993207644,4.39671400141798,92674.20730606488,-366570.2920146995,29,19619497.262158286
790,414829.7455344313,4.0128738901830765,63962.966985694125,-350866.7785487372,29,19268630.48360955
791,346455.30791960243,4.257135779150741,82233.75628047543,-264221.551639127,29,19004408.93197042
792,310519.162260096,3.6639283345149827,43238.98606948098,-267280.176190615,29,18737128.755779807
793,312187.3611258614,3.4196664455473176,30065.323604081976,-282122.0375217794,29,18455006.718258027
794,332588.5103914725,3.5243501122477454,35031.78660016743,-297556.7237913051,29,18157449.994466722
795,325986.12871034583,3.6290337789481733,41187.18620215259,-284798.94250819326,29,17872651.051958527
796,352593.48853066657,3.28008822328008,23923.881824323515,-328669.60670634307,29,17543981.445252184
797,334018.6781045391,3.035826334312414,13176.358709746211,-320842.3193947929,29,17223139.12585739
798,387917.4771539248,2.791564445344749,6764.295131998172,-381153.1820219266,29,16841985.943835463
799,435297.219774584,2.512408000810274,287.86561879835267,-435009.35415578564,29,16406976.589679677
800,472919.34536927816,2.582197111943893,1906.9729970983203,-471012.3723721798,29,15935964.217307497
801,435068.516973444,2.582197111943893,1906.9729970983203,-433161.5439763457,29,15502802.67333115
802,443189.3586644457,2.756669889777939,5954.7414428481825,-437234.6172215975,29,15065568.056109553
803,405813.5883528148,1.8145168894740866,0.0,-405813.5883528148,29,14659754.467756739
804,409021.26940008585,0.6281020002025685,0.0,-409021.26940008585,29,14250733.198356653
805,369446.3473679712,1.256204000405137,0.0,-369446.3473679712,29,13881286.850988682
806,411971.4126934549,3.1405100010128426,17782.440044565075,-394188.9726488898,29,13487097.878339792
807,403613.417741384,4.815448668219692,129168.91854163593,-274444.4991997481,29,13212653.379140044
808,434595.9828714169,5.234183335021404,172041.18685438015,-262554.7960170368,29,12950098.583123006
809,459323.5882924391,5.059710557187357,152639.81395923407,-306683.7743332051,29,12643414.8087898
810,541275.3288668094,5.199288779454595,168160.912275351,-373114.4165914584,29,12270300.392198343
811,538654.0740017314,5.408656112855451,191442.55974952615,-347211.5142522052,29,11923088.877946138
812,444568.93739382416,5.164394223887786,164280.63769632182,-280288.29969750234,29,11642800.578248637
813,424359.1151130146,5.164394223887786,164280.63769632182,-260078.47741669277,29,11382722.100831944
814,423143.5407549433,4.88523777935331,135533.68547702185,-287609.8552779214,29,11095112.245554022
815,363941.6440528609,4.222241223583932,79623.64352407813,-284318.0005287828,29,10810794.24502524
816,309275.3317241707,3.9430847790494576,59653.38500810811,-249621.9467160626,29,10561172.298309177
817,323995.936651778,3.6290337789481733,41187.18620215259,-282808.7504496254,29,10278363.547859551
818,311378.8582124127,3.28008822328008,23923.881824323515,-287454.9763880892,29,9990908.571471462
819,350262.54749500664,2.826459000911558,7573.84882114815,-342688.6986738585,29,9648219.872797603
820,358843.67990590323,2.582197111943893,1906.9729970983203,-356936.7069088049,29,9291283.165888797
821,355623.519348989,2.0587787784417526,0.0,-355623.519348989,29,8935659.64653981
822,376471.3129398313,1.884306000607706,0.0,-376471.3129398313,29,8559188.333599977
823,402218.561752694,1.7098332227736588,0.0,-402218.561752694,29,8156969.7718472835
824,465914.4789487272,1.744727778340468,0.0,-465914.4789487272,29,7691055.292898556
825,400330.8444508487,1.884306000607706,0.0,-400330.8444508487,29,7290724.448447707
826,410286.5978563304,2.19835700070899,0.0,-410286.5978563304,29,6880437.850591376
827,406621.2503659678,1.1515203337047089,0.0,-406621.2503659678,29,6473816.600225409
828,392556.5339668112,1.1166257781378996,0.0,-392556.5339668112,29,6081260.066258597
829,400556.7310794693,1.7098332227736588,0.0,-400556.7310794693,29,5680703.335179128
830,433576.910434155,3.245193667713271,22388.521379383918,-411188.3890547711,29,5269514.946124356
831,455193.3197159628,4.955026890486929,141898.4524124079,-313294.8673035549,29,4956220.078820801
832,423893.7245869492,5.443550668422261,195322.8343285554,-228570.89025839383,29,4727649.188562407
833,490997.0321992619,5.443550668422261,195322.8343285554,-295674.1978707065,29,4431974.990691701
834,525965.236258813,5.164394223887786,164280.63769632182,-361684.5985624911,29,4070290.39212921
835,526619.861969511,4.9899214460537396,145080.83588010108,-381539.02608940995,29,3688751.3660398
836,453679.9744409932,4.745659557086072,122804.15160624978,-330875.8228347434,29,3357875.5432050563
837,488087.57437865896,4.745659557086072,122804.15160624978,-365283.42277240916,29,2992592.120432647
838,388365.12255802326,4.257135779150741,82233.75628047543,-306131.36627754784,29,2686460.754155099
839,355948.326280211,3.314982778846889,25459.242269263108,-330489.08401094784,29,2355971.670144151
840,313203.45325593755,3.5592446678145544,37083.5864674958,-276119.8667884418,29,2079851.8033557092
841,403884.4950071301,4.222241223583932,79623.64352407813,-324260.85148305196,29,1755590.9518726573
842,430748.3556440712,4.606081334818835,110074.6177354778,-320673.7379085934,29,1434917.213964064
843,348569.8586727988,4.640975890385645,113257.00120317086,-235312.85746962792,29,1199604.356494436
844,322615.8771121137,4.5711867792520255,106892.23426778473,-215723.64284432895,29,983880.7136501072
845,372233.8584801418,3.8035065567822204,51446.18553879456,-320787.67294134723,29,663093.0407087599
846,416332.8794423378,4.0128738901830765,63962.966985694125,-352369.91245664365,29,310723.12825211626
847,417491.7886324831,3.035826334312414,13176.358709746211,-404315.4299227369,29,0.0
848,437643.0297980908,2.2681461118426083,0.0,-437643.0297980908,29,0.0
849,389905.53218280274,2.0587787784417526,0.0,-389905.53218280274,29,0.0
850,422985.94249491725,2.5473025563770832,1097.4193079483314,-421888.52318696893,29,0.0
851,508638.0006898295,5.932074446357591,259152.31625483112,-249485.6844349984,29,0.0
852,433910.205131279,6.6648601132605885,370224.0513902128,-63686.15374106623,29,0.0
853,395154.0016534075,8.025747780366153,641007.0338768922,245853.03222348465,30,245853.03222348465
854,399572.7606283234,9.177268114070863,861815.6605843995,462242.89995607606,30,708095.9321795607
855,455562.9276501911,9.700686447573,933717.7058652636,478154.77821507247,30,1186250.710394633
856,1341685.1782375334,9.805370114273432,945567.8969357525,-396117.28130178095,31,790133.429092852
857,455929.6113039428,9.84026466984024,949517.9606259152,493588.3493219724,32,1283721.7784148245
858,413273.4440311316,8.933006225103197,822178.3728094423,408904.9287783107,32,1692626.7071931353
859,431721.1273573958,8.095536891499771,655662.7472149519,223941.61985755613,32,1916568.3270506915
860,410181.87875298335,7.7814858913984875,587439.4904642267,177257.61171124334,32,2093825.9387619349
861,401523.1325915534,7.851275002532106,602821.0105580763,201297.87796652294,32,2295123.816728458
862,444749.8772759865,7.851275002532106,602821.0105580763,158071.13328208984,32,2453194.9500105474
863,410979.5705076183,8.898111669536387,815604.2385406554,404624.66803303704,32,2857819.6180435843
864,427607.2786079632,8.898111669536387,815604.2385406554,387996.9599326922,32,3245816.5779762766
865,336874.6240308951,8.828322558402768,802455.9700030814,465581.34597218625,32,3711397.923948463
866,329175.8137206329,8.444482447167864,728941.3139052514,399765.5001846185,32,4111163.4241330815
867,356650.78931968566,8.653849780568722,769585.2986591471,412934.50933946145,32,4524097.933472543
868,327464.4857982006,9.142373558504051,856497.7303160174,529033.2445178168,32,5053131.17799036
869,362840.785135069,8.479377002734674,736269.1705742816,373428.3854392126,32,5426559.563429573
870,360212.61065620376,7.641907669131249,556676.4502765272,196463.83962032344,32,5623023.4030498965
871,442927.40637590666,6.52528189099335,346328.2597380615,-96599.14663784514,33,5526424.256412052
872,426752.01618172886,5.1294996683209755,160400.36311729247,-266351.6530644364,33,5260072.603347615
873,412835.6186701167,4.0477684457498855,66573.07974209143,-346262.5389280253,33,4913810.06441959
874,456953.5898436194,3.5592446678145544,37083.5864674958,-419870.0033761236,33,4493940.061043466
875,464219.0346900678,4.187346668017123,77013.53076768082,-387205.503922387,33,4106734.5571210794
876,403739.40643126034,4.536292223685217,103709.85080009176,-300029.5556311686,33,3806705.0014899108
877,336298.5053330023,5.024816001620548,148759.5393802049,-187538.9659527974,33,3619166.0355371134
878,410469.2900469667,5.47844522398907,199203.10890758454,-211266.18113938216,33,3407899.8543977314
879,454714.6557382991,5.757601668523544,235912.5422473361,-218802.11349096298,33,3189097.7409067685
880,413324.5033908192,6.909122002228254,412041.6867814771,-1282.8166093420587,33,3187814.9242974264
881,527882.0706190104,6.52528189099335,346328.2597380615,-181553.81088094885,33,3006261.1134164776
882,532643.8740300968,6.176336335325257,294227.24309400795,-238416.63093608886,33,2767844.4824803886
883,543495.5746315764,6.281020002025685,309678.5522989911,-233817.0223325853,33,2534027.460147803
884,458015.3455871037,5.164394223887786,164280.63769632182,-293734.70789078186,33,2240292.752257021
885,471372.3960759125,3.7686120012154114,49394.38567146619,-421978.01040444634,33,1818314.7418525747
886,429454.8998418216,2.3030406674094177,0.0,-429454.8998418216,33,1388859.8420107532
887,348484.6771935672,2.3030406674094177,0.0,-348484.6771935672,33,1040375.1648171861
888,332465.51806110435,2.686880778644321,4335.634064548246,-328129.8839965561,33,712245.28082063
889,469678.2552087025,2.686880778644321,4335.634064548246,-465342.6211441543,33,246902.65967647574
890,411447.5605355795,2.582197111943893,1906.9729970983203,-409540.58753848117,33,0.0
891,411664.2743466572,2.756669889777939,5954.7414428481825,-405709.53290380904,33,0.0
892,400975.58526451327,2.5473025563770832,1097.4193079483314,-399878.16595656495,33,0.0
893,320016.5908835331,2.1285678895753706,0.0,-320016.5908835331,33,0.0
894,410927.704338348,1.7796223339072772,0.0,-410927.704338348,33,0.0
895,392583.9461774424,1.919200556174515,0.0,-392583.9461774424,33,0.0
896,492858.236710075,1.8145168894740866,0.0,-492858.236710075,33,0.0
897,482671.1974202051,1.8145168894740866,0.0,-482671.1974202051,33,0.0
898,495877.429682919,1.7796223339072772,0.0,-495877.429682919,33,0.0
899,591747.7416300307,0.872363889170234,0.0,-591747.7416300307,33,0.0
900,492085.27342496376,1.0119421114374714,0.0,-492085.27342496376,33,0.0
901,469140.844246935,2.2681461118426083,0.0,-469140.844246935,33,0.0
902,1313248.900346274,3.210299112146461,20853.160934444284,-1292395.7394118297,33,0.0
903,798092.2267291427,3.9081902234826478,57601.58514077969,-740490.641588363,33,0.0
904,486008.4631980888,4.257135779150741,82233.75628047543,-403774.7069176134,33,0.0
905,529438.8021809693,3.8035065567822204,51446.18553879456,-477992.6166421747,33,0.0
906,557468.572167811,3.9081902234826478,57601.58514077969,-499866.9870270313,33,0.0
907,523766.29479809146,3.83840111234903,53497.98540612295,-470268.30939196853,33,0.0
908,466036.1606488054,3.3847718899805077,28529.963159142342,-437506.197489663,33,0.0
909,494282.4209530556,3.175404556579651,19317.800489504647,-474964.62046355096,33,0.0
910,410011.3475924336,3.0009317787456045,11640.998264806596,-398370.34932762705,33,0.0
911,496116.1792718373,3.6639283345149827,43238.98606948098,-452877.1932023563,33,0.0
912,432888.1840897901,3.7686120012154114,49394.38567146619,-383493.7984183239,33,0.0
913,446198.4883626408,3.7686120012154114,49394.38567146619,-396804.1026911746,33,0.0
914,401613.8396287007,3.6290337789481733,41187.18620215259,-360426.6534265481,33,0.0
915,376934.6138120618,3.6290337789481733,41187.18620215259,-335747.4276099092,33,0.0
916,372551.3850379875,3.4196664455473176,30065.323604081976,-342486.0614339055,33,0.0
917,384732.0372875007,4.0477684457498855,66573.07974209143,-318158.95754540927,33,0.0
918,389397.9530516146,3.8035065567822204,51446.18553879456,-337951.76751282,33,0.0
919,417590.2179848703,3.7337174456486015,47342.58580413777,-370247.63218073256,33,0.0
920,484974.3788084343,3.5941392233813643,39135.386334824216,-445838.9924736101,33,0.0
921,512352.807874898,3.6290337789481733,41187.18620215259,-471165.62167274544,33,0.0
922,566485.3193875457,3.4196664455473176,30065.323604081976,-536419.9957834637,33,0.0
923,632816.3828711744,4.326924890284361,87453.9817932702,-545362.4010779042,33,0.0
924,561105.1572953747,5.164394223887786,164280.63769632182,-396824.51959905284,33,0.0
925,543296.5019015162,6.03675811305802,273625.4974873637,-269671.0044141525,33,0.0
926,1388377.642071613,6.281020002025685,309678.5522989911,-1078699.089772622,33,0.0
927,722921.0274576115,6.455492779859732,335430.73430729646,-387490.29315031506,33,0.0
928,451814.12682761205,6.281020002025685,309678.5522989911,-142135.57452862093,33,0.0
929,524478.7513325283,5.862285335223973,249856.4066518332,-274622.3446806951,33,0.0
930,565198.463090322,5.513339779555879,203376.85863684304,-361821.60445347894,33,0.0
931,516133.5750934298,5.757601668523544,235912.5422473361,-280221.03284609376,33,0.0
932,453617.9454852857,5.618023446256307,217320.72304134,-236297.2224439457,33,0.0
933,496743.6511566225,5.338867001721832,183682.0105914677,-313061.64056515484,33,0.0
934,444629.518053434,4.780554112652882,125986.53507394284,-318642.9829794911,33,0.0
935,420624.8671499283,4.606081334818835,110074.6177354778,-310550.2494144505,33,0.0
936,450830.5025979949,4.745659557086072,122804.15160624978,-328026.35099174513,33,0.0
937,325649.48539042467,5.199288779454595,168160.912275351,-157488.57311507367,33,0.0
938,304671.1041889513,5.583128890689498,212672.76823984107,-91998.33594911025,33,0.0
939,349909.2785850562,5.583128890689498,212672.76823984107,-137236.51034521512,33,0.0
940,317976.24571139406,5.443550668422261,195322.8343285554,-122653.41138283868,33,0.0
941,323767.76957386464,6.03675811305802,273625.4974873637,-50142.27208650095,33,0.0
942,375203.386191858,5.897179890790781,254504.36145333204,-120699.02473852594,33,0.0
943,459675.5896693626,5.827390779657163,245208.45185033412,-214467.13781902846,33,0.0
944,446385.00793430913,5.687812557389925,226616.63264433807,-219768.37528997107,33,0.0
945,434045.9592068901,5.548234335122689,208024.8134383421,-226021.14576854798,33,0.0
946,437437.6090891604,5.792496224090355,240560.4970488353,-196877.1120403251,33,0.0
947,425459.1601668619,6.455492779859732,335430.73430729646,-90028.42585956544,33,0.0
948,402108.4466025338,7.292962113463156,484903.38939339336,82794.94279085955,34,82794.94279085955
949,369645.8989500761,8.16532600263339,670318.4605530121,300672.561602936,34,383467.50439379556
950,396119.6389737615,8.68874433613553,776159.4329279339,380039.79395417235,34,763507.2983479679
951,433571.620843789,8.898111669536387,815604.2385406554,382032.61769686633,34,1145539.9160448343
952,424107.92516869167,8.828322558402768,802455.9700030814,378348.0448343897,34,1523887.960879224
953,511624.5510114888,8.304904224900628,699629.887229132,188005.33621764323,34,1711893.297096867
954,556834.403450548,8.68874433613553,776159.4329279339,219325.02947738592,34,1931218.326574253
955,523859.3459338233,8.653849780568722,769585.2986591471,245725.9527253238,34,2176944.2792995768
956,472840.7143139253,8.828322558402768,802455.9700030814,329615.25568915607,34,2506559.534988733
957,505265.07526027126,9.037689891803623,840543.9395108721,335278.86425060086,34,2841838.399239334
958,411928.9964996211,9.037689891803623,840543.9395108721,428614.94301125105,34,3270453.3422505846
959,354675.32026182953,9.73558100313981,937667.7695554266,582992.449293597,34,3853445.7915441818
960,325362.60458813055,9.561108225305764,917917.4511046124,592554.8465164818,34,4446000.638060664
961,300735.3437254594,9.630897336439384,925817.5784849382,625082.2347594788,34,5071082.872820143
962,323406.1136442363,9.142373558504051,856497.7303160174,533091.616671781,34,5604174.489491924
963,334205.1258027918,8.72363889170234,782733.5671967207,448528.44139392895,34,6052702.930885852
964,355561.44485245383,9.21216266963767,867133.5908527811,511572.14600032725,34,6564275.07688618
965,338263.08834699227,7.7814858913984875,587439.4904642267,249176.40211723442,34,6813451.4790034145
966,412487.3143779652,8.653849780568722,769585.2986591471,357097.98428118194,34,7170549.463284597
967,471002.33897789207,8.653849780568722,769585.2986591471,298582.95968125504,34,7469132.422965852
968,451191.4729600449,8.060642335932963,648334.8905459222,197143.4175858773,34,7666275.840551729
969,403294.6418452527,7.851275002532106,602821.0105580763,199526.3687128236,34,7865802.209264553
970,425123.4530364865,7.432540335730394,512204.889668865,87081.43663237849,34,7952883.645896932
971,426852.02530291583,8.060642335932963,648334.8905459222,221482.86524300638,34,8174366.511139939
972,417169.0222417269,8.584060669435102,756437.0301215732,339268.0078798463,34,8513634.519019784
973,384817.7441222305,9.107479002937243,851179.8000476358,466362.0559254053,34,8979996.574945189
974,432557.43658079376,9.037689891803623,840543.9395108721,407986.50293007836,34,9387983.077875268
975,437308.8513324541,8.68874433613553,776159.4329279339,338850.58159547974,34,9726833.659470748
976,453522.2981180768,8.828322558402768,802455.9700030814,348933.67188500456,34,10075767.331355752
977,584857.7999999999,8.549166113868294,749862.8958527866,165005.09585278668,34,10240772.42720854
978,544068.1086327415,8.653849780568722,769585.2986591471,225517.19002640562,34,10466289.617234945
979,489192.85429983085,8.549166113868294,749862.8958527866,260670.04155295575,34,10726959.6587879
980,454165.69593746925,8.339798780467437,706957.7438981617,252792.04796069243,34,10979751.706748594
981,469786.3350317809,8.23511511376701,684974.1738910723,215187.8388592914,34,11194939.545607885
982,407389.7797447351,7.921064113665725,618202.5306519258,210812.75090719073,34,11405752.296515075
983,360596.45327480417,8.479377002734674,736269.1705742816,375672.71729947743,34,11781425.013814554
984,322483.3137516389,8.549166113868294,749862.8958527866,427379.5821011477,34,12208804.595915701
985,314146.1434569341,8.653849780568722,769585.2986591471,455439.15520221303,34,12664243.751117915
986,320023.82201238646,8.23511511376701,684974.1738910723,364950.3518786858,34,13029194.1029966
987,311330.6333037311,7.153383891195919,457601.8891179217,146271.2558141906,34,13175465.358810792
988,342790.80975166074,5.583128890689498,212672.76823984107,-130118.04151181967,35,13045347.317298973
989,361211.7167617773,4.0477684457498855,66573.07974209143,-294638.6370196859,35,12750708.680279287
990,351801.69582823454,2.9311426676119865,10002.509888598086,-341799.18593963643,35,12408909.49433965
991,411499.7116025601,2.2681461118426083,0.0,-411499.7116025601,35,11997409.782737091
992,434207.12268734793,2.512408000810274,287.86561879835267,-433919.2570685496,35,11563490.525668541
993,420949.05314294616,2.8962481120451775,9192.956199448117,-411756.09694349807,35,11151734.428725043
994,470063.1865868871,2.651986223077511,3526.0803753982573,-466537.10621148883,35,10685197.322513554
995,445265.1149070742,1.884306000607706,0.0,-445265.1149070742,35,10239932.20760648
996,421719.9392904253,2.0587787784417526,0.0,-421719.9392904253,35,9818212.268316055
997,360578.0220710747,1.9540951117413239,0.0,-360578.0220710747,35,9457634.24624498
998,409676.093992297,1.1515203337047089,0.0,-409676.093992297,35,9047958.152252683
999,420196.4266281805,2.372829778543036,0.0,-420196.4266281805,35,8627761.725624504
1000,432596.1076151829,4.88523777935331,135533.68547702185,-297062.422138161,35,8330699.303486343
1001,493717.5534742702,6.420598224292922,330280.29790563526,-163437.25556863495,35,8167262.047917708
1002,510781.2218220463,6.176336335325257,294227.24309400795,-216553.97872803838,35,7950708.06918967
1003,558279.554834367,6.071652668624828,278775.93388902454,-279503.62094534247,35,7671204.448244327
1004,461118.7796464368,5.303972446155022,179801.73601243846,-281317.0436339984,35,7389887.404610328
1005,453273.585848294,5.024816001620548,148759.5393802049,-304514.0464680891,35,7085373.358142239
1006,387077.6562556776,5.234183335021404,172041.18685438015,-215036.46940129742,35,6870336.888740942
1007,349371.85356992675,4.187346668017123,77013.53076768082,-272358.32280224597,35,6597978.565938696
1008,304066.8371843174,4.187346668017123,77013.53076768082,-227053.3064166366,35,6370925.25952206
1009,314720.5747344469,3.9430847790494576,59653.38500810811,-255067.18972633878,35,6115858.069795721
1010,320157.12435584096,2.9311426676119865,10002.509888598086,-310154.61446724285,35,5805703.4553284785
1011,359130.79185845394,2.582197111943893,1906.9729970983203,-357223.8188613556,35,5448479.6364671225
1012,366117.3897030064,3.035826334312414,13176.358709746211,-352941.0309932602,35,5095538.605473862
1013,364029.886780669,4.082663001316695,69183.1924984888,-294846.69428218016,35,4800691.911191681
1014,369423.2489732282,5.897179890790781,254504.36145333204,-114918.88751989618,35,4685773.023671785
1015,389719.82973889454,7.013805668928682,430300.3888424502,40580.559103555686,36,4726353.582775341
1016,473006.265859985,7.0835947800623,443951.13898018585,-29055.12687979918,37,4697298.455895542
1017,409125.67580901727,6.071652668624828,278775.93388902454,-130349.74191999272,37,4566948.71397555
1018,381497.1289486668,4.9899214460537396,145080.83588010108,-236416.29306856572,37,4330532.420906984
1019,409970.9977028247,4.815448668219692,129168.91854163593,-280802.0791611888,37,4049730.3417457957
1020,417021.50837440544,5.792496224090355,240560.4970488353,-176461.01132557014,37,3873269.3304202254
1021,372176.2491540406,5.722707112956735,231264.58744583713,-140911.66170820346,37,3732357.668712022
1022,412106.0545940112,4.88523777935331,135533.68547702185,-276572.3691169894,37,3455785.2995950324
1023,420101.1084398355,4.0128738901830765,63962.966985694125,-356138.14145414135,37,3099647.158140891
1024,423975.3711641473,3.0009317787456045,11640.998264806596,-412334.3728993407,37,2687312.7852415508
1025,537798.5303084101,2.826459000911558,7573.84882114815,-530224.6814872619,37,2157088.103754289
1026,509962.2457365384,2.651986223077511,3526.0803753982573,-506436.1653611401,37,1650651.9383931488
1027,530350.5662178498,3.6290337789481733,41187.18620215259,-489163.3800156973,37,1161488.5583774515
1028,426552.9895133778,5.792496224090355,240560.4970488353,-185992.49246454248,37,975496.065912909
1029,476056.48641698895,7.397645780163584,505379.514599997,29323.02818300808,38,1004819.0940959171
1030,412991.41010162985,8.374693336034246,714285.6005671917,301294.1904655619,38,1306113.284561479
1031,345684.7099696107,9.630897336439384,925817.5784849382,580132.8685153276,38,1886246.1530768066
1032,311519.5720305284,9.316846336338099,883087.3816579262,571567.8096273979,38,2457813.9627042045
1033,315676.52970936045,8.898111669536387,815604.2385406554,499927.7088312949,38,2957741.6715354994
1034,312360.3853704027,8.479377002734674,736269.1705742816,423908.7852038789,38,3381650.456739378
1035,354379.6186535004,8.339798780467437,706957.7438981617,352578.1252446613,38,3734228.5819840394
1036,344144.993134567,8.095536891499771,655662.7472149519,311517.7540803849,38,4045746.3360644244
1037,369063.4792365314,7.1882784467627285,464427.26418678975,95363.78495025833,38,4141110.1210146826
1038,391294.55886304006,6.734649224394207,382171.9472162883,-9122.611646751757,39,4131987.5093679307
1039,435460.7707927977,6.211230890892066,299377.67949566897,-136083.0912971287,39,3995904.418070802
1040,415617.10209367215,5.966969001924401,263800.2710563302,-151816.83103734197,39,3844087.58703346
1041,395574.05788204726,5.687812557389925,226616.63264433807,-168957.4252377092,39,3675130.1617957507
1042,442133.5421616354,4.92013233492012,138716.0689447149,-303417.4732169205,39,3371712.68857883
1043,455079.5799239706,3.105615445446033,16247.079599625458,-438832.5003243452,39,2932880.188254485
1044,407398.2090538325,3.035826334312414,13176.358709746211,-394221.8503440863,39,2538658.337910399
1045,370816.6407615715,2.0587787784417526,0.0,-370816.6407615715,39,2167841.6971488274
1046,428081.27499709954,2.407724334109846,0.0,-428081.27499709954,39,1739760.4221517278
1047,464825.7070072538,4.675870445952455,116439.38467086392,-348386.32233638986,39,1391374.099815338
1048,411543.0614089349,5.408656112855451,191442.55974952615,-220100.50165940874,39,1171273.5981559292
1049,502152.9976854684,4.8503432237865,132351.3020093288,-369801.6956761396,39,801471.9024797897
1050,533133.5981223276,5.1294996683209755,160400.36311729247,-372733.2350050351,39,428738.66747475456
1051,525100.5922451762,5.269077890588212,175921.46143340922,-349179.13081176695,39,79559.53666298761
1052,426387.2014650146,5.164394223887786,164280.63769632182,-262106.56376869278,39,0.0
1053,461037.55812948727,5.443550668422261,195322.8343285554,-265714.7238009319,39,0.0
1054,361724.4508996608,5.199288779454595,168160.912275351,-193563.53862430982,39,0.0
1055,351850.7523462136,4.815448668219692,129168.91854163593,-222681.8338045777,39,0.0
1056,328459.04791231104,4.640975890385645,113257.00120317086,-215202.04670914018,39,0.0
1057,471691.02019473695,4.675870445952455,116439.38467086392,-355251.63552387303,39,0.0
1058,402252.52641570894,4.8503432237865,132351.3020093288,-269901.22440638015,39,0.0
1059,401949.52191868896,4.8503432237865,132351.3020093288,-269598.21990936017,39,0.0
1060,380166.0238890631,4.745659557086072,122804.15160624978,-257361.8722828133,39,0.0
1061,375409.374040695,5.1294996683209755,160400.36311729247,-215009.01092340256,39,0.0
1062,383540.75919441215,5.1294996683209755,160400.36311729247,-223140.3960771197,39,0.0
1063,398738.3453787936,4.9899214460537396,145080.83588010108,-253657.50949869253,39,0.0
1064,469380.062759324,4.780554112652882,125986.53507394284,-343393.5276853811,39,0.0
1065,500590.32184230105,4.222241223583932,79623.64352407813,-420966.6783182229,39,0.0
1066,463663.3634655661,3.3847718899805077,28529.963159142342,-435133.4003064237,39,0.0
1067,645715.4765695732,3.698822890081792,45290.78593680938,-600424.6906327638,39,0.0
1068,524757.5501100731,3.7686120012154114,49394.38567146619,-475363.1644386069,39,0.0
1069,478924.553472532,4.187346668017123,77013.53076768082,-401911.02270485123,39,0.0
1070,1274476.370991903,4.780554112652882,125986.53507394284,-1148489.8359179602,39,0.0
1071,741576.8576632843,5.583128890689498,212672.76823984107,-528904.0894234432,39,0.0
1072,502981.7465129339,6.490387335426542,340581.1707089576,-162400.57580397633,39,0.0
1073,581626.5887589927,6.071652668624828,278775.93388902454,-302850.6548699682,39,0.0
1074,575418.0563608555,5.652918001823116,221968.6778428391,-353449.37851801637,39,0.0
1075,488040.47589548334,5.0946051127541665,156520.0885382633,-331520.38735722005,39,0.0
1076,470307.67288203846,4.501397668118408,100527.46733239877,-369780.2055496397,39,0.0
1077,467365.1060912776,3.5243501122477454,35031.78660016743,-432333.31949111016,39,0.0
1078,408028.6863525674,2.756669889777939,5954.7414428481825,-402073.9449097192,39,0.0
1079,455044.3987731692,4.0477684457498855,66573.07974209143,-388471.3190310778,39,0.0
1080,484622.1953745628,3.4196664455473176,30065.323604081976,-454556.8717704808,39,0.0
1081,414456.4716639167,3.0707208898792238,14711.719154685845,-399744.75250923086,39,0.0
1082,449131.0603292751,3.1405100010128426,17782.440044565075,-431348.62028471,39,0.0
1083,427338.7640192074,3.175404556579651,19317.800489504647,-408020.96352970274,39,0.0
1084,361667.55485957663,2.791564445344749,6764.295131998172,-354903.25972757844,39,0.0
1085,384696.4815543207,3.1405100010128426,17782.440044565075,-366914.04150975565,39,0.0
1086,362112.6182783559,2.582197111943893,1906.9729970983203,-360205.6452812576,39,0.0
1087,391053.5872475966,2.2332515562757993,0.0,-391053.5872475966,39,0.0
1088,452439.044246066,1.884306000607706,0.0,-452439.044246066,39,0.0
1089,503623.44343233336,1.64004411164004,0.0,-503623.44343233336,39,0.0
1090,506475.25356970576,1.7098332227736588,0.0,-506475.25356970576,39,0.0
1091,590489.3220478864,0.7327856669029966,0.0,-590489.3220478864,39,0.0
1092,538583.693553043,1.0119421114374714,0.0,-538583.693553043,39,0.0
1093,505049.2159873748,2.1634624451421804,0.0,-505049.2159873748,39,0.0
1094,1367974.3926018255,3.5592446678145544,37083.5864674958,-1330890.8061343296,39,0.0
1095,774991.57945879,4.710765001519263,119621.76813855681,-655369.8113202332,39,0.0
1096,507767.079912692,5.059710557187357,152639.81395923407,-355127.2659534579,39,0.0
1097,473776.55740822514,4.431608556984789,95284.3200624622,-378492.23734576296,39,0.0
1098,515030.5793031687,4.675870445952455,116439.38467086392,-398591.1946323048,39,0.0
1099,512604.2824561984,4.8503432237865,132351.3020093288,-380252.9804468696,39,0.0
1100,452219.4974675129,4.36181944585117,90064.09454966751,-362155.4029178454,39,0.0
1101,491546.7442233852,4.257135779150741,82233.75628047543,-409312.98794290976,39,0.0
1102,446508.909786317,4.745659557086072,122804.15160624978,-323704.7581800672,39,0.0
1103,493491.343946365,4.326924890284361,87453.9817932702,-406037.3621530948,39,0.0
1104,455174.6926120832,4.606081334818835,110074.6177354778,-345100.0748766054,39,0.0
1105,295182.2868395331,4.710765001519263,119621.76813855681,-175560.51870097627,39,0.0
1106,309822.50036893,4.9899214460537396,145080.83588010108,-164741.66448882892,39,0.0
1107,340396.0696215211,4.780554112652882,125986.53507394284,-214409.53454757825,39,0.0
1108,324578.4651042909,5.059710557187357,152639.81395923407,-171938.65114505685,39,0.0
1109,334361.0423155669,4.675870445952455,116439.38467086392,-217921.657644703,39,0.0
1110,398825.2793550179,4.9899214460537396,145080.83588010108,-253744.4434749168,39,0.0
1111,448677.1391380421,4.92013233492012,138716.0689447149,-309961.0701933272,39,0.0
1112,437049.8539754872,4.36181944585117,90064.09454966751,-346985.7594258197,39,0.0
1113,418999.9964216485,4.082663001316695,69183.1924984888,-349816.80392315966,39,0.0
1114,414562.3082298835,3.6639283345149827,43238.98606948098,-371323.3221604025,39,0.0
1115,449242.13523078273,3.8035065567822204,51446.18553879456,-397795.9496919882,39,0.0
1116,433771.17070217046,4.745659557086072,122804.15160624978,-310967.01909592067,39,0.0
1117,351628.4243435374,5.443550668422261,195322.8343285554,-156305.59001498204,39,0.0
1118,385520.3093319359,5.932074446357591,259152.31625483112,-126367.99307710477,39,0.0
1119,425570.2887192737,6.1414417797584475,289076.8066923469,-136493.48202692682,39,0.0
1120,401336.6744486417,6.176336335325257,294227.24309400795,-107109.43135463377,39,0.0
1121,496091.5263829172,5.897179890790781,254504.36145333204,-241587.16492958515,39,0.0
1122,525881.8630878493,5.652918001823116,221968.6778428391,-303913.18524501025,39,0.0
1123,554503.1481869469,5.338867001721832,183682.0105914677,-370821.13759547914,39,0.0
1124,496111.8636120825,4.88523777935331,135533.68547702185,-360578.17813506065,39,0.0
1125,510329.47324459534,4.326924890284361,87453.9817932702,-422875.4914513251,39,0.0
1126,450657.1727781832,3.83840111234903,53497.98540612295,-397159.18737206026,39,0.0
1127,359650.97577972675,3.454561001114127,31600.684049021587,-328050.2917307052,39,0.0
1128,312874.1319798032,3.5592446678145544,37083.5864674958,-275790.54551230744,39,0.0
1129,311933.5846283623,3.9430847790494576,59653.38500810811,-252280.19962025422,39,0.0
1130,318217.3587507553,4.187346668017123,77013.53076768082,-241203.8279830745,39,0.0
1131,357482.0619452537,4.326924890284361,87453.9817932702,-270028.0801519835,39,0.0
1132,339474.86933773366,4.292030334717551,84843.86903687281,-254631.00030086085,39,0.0
1133,359796.1387524821,3.3847718899805077,28529.963159142342,-331266.1755933397,39,0.0
1134,341120.0531208931,3.210299112146461,20853.160934444284,-320266.8921864488,39,0.0
1135,471881.9634034336,3.105615445446033,16247.079599625458,-455634.8838038082,39,0.0
1136,448590.2441441923,2.9311426676119865,10002.509888598086,-438587.7342555942,39,0.0
1137,383035.9155653665,2.791564445344749,6764.295131998172,-376271.6204333683,39,0.0
1138,441863.02448083257,2.2332515562757993,0.0,-441863.02448083257,39,0.0
1139,397745.3849579676,1.3608876671055647,0.0,-397745.3849579676,39,0.0
1140,440650.8198416515,1.186414889271518,0.0,-440650.8198416515,39,0.0
1141,379178.2373943843,1.7098332227736588,0.0,-379178.2373943843,39,0.0
1142,449528.4888597765,2.9311426676119865,10002.509888598086,-439525.9789711784,39,0.0
1143,445639.615635926,4.326924890284361,87453.9817932702,-358185.6338426558,39,0.0
1144,436207.2179646266,4.780554112652882,125986.53507394284,-310220.68289068376,39,0.0
1145,501310.2494584908,4.326924890284361,87453.9817932702,-413856.2676652206,39,0.0
1146,502695.3196995402,3.873295667915839,55549.78527345132,-447145.5344260889,39,0.0
1147,560298.4868879992,3.0707208898792238,14711.719154685845,-545586.7677333134,39,0.0
1148,489635.1915063606,2.512408000810274,287.86561879835267,-489347.32588756224,39,0.0
1149,489570.1765475338,2.756669889777939,5954.7414428481825,-483615.4351046856,39,0.0
1150,397300.6392801643,3.0707208898792238,14711.719154685845,-382588.9201254785,39,0.0
1151,389112.1712015447,2.9311426676119865,10002.509888598086,-379109.6613129466,39,0.0
1152,292709.4799028286,2.617091667510702,2716.526686248289,-289992.95321658027,39,0.0
1153,319133.2773497773,2.651986223077511,3526.0803753982573,-315607.196974379,39,0.0
1154,339172.0735419987,2.756669889777939,5954.7414428481825,-333217.3320991505,39,0.0
1155,340565.33437327767,2.8962481120451775,9192.956199448117,-331372.3781738296,39,0.0
1156,341891.171434425,2.756669889777939,5954.7414428481825,-335936.4299915768,39,0.0
1157,347956.7130400567,2.4775134452434644,0.0,-347956.7130400567,39,0.0
1158,367474.1974477058,2.407724334109846,0.0,-367474.1974477058,39,0.0
1159,414314.1863534663,2.1285678895753706,0.0,-414314.1863534663,39,0.0
1160,414917.5725223577,1.884306000607706,0.0,-414917.5725223577,39,0.0
1161,406220.8335410389,1.64004411164004,0.0,-406220.8335410389,39,0.0
1162,453378.43360456784,1.4306767782391838,0.0,-453378.43360456784,39,0.0
1163,441437.7894747666,1.0468366670042808,0.0,-441437.7894747666,39,0.0
1164,423041.3382451903,1.4306767782391838,0.0,-423041.3382451903,39,0.0
1165,359232.4595202699,2.512408000810274,287.86561879835267,-358944.5939014715,39,0.0
1166,474349.7,3.4196664455473176,30065.323604081976,-444284.376395918,39,0.0
1167,432241.0181952446,4.152452112450315,74403.41801128357,-357837.60018396104,39,0.0
1168,411658.5992237908,4.36181944585117,90064.09454966751,-321594.5046741233,39,0.0
1169,503600.3393491335,4.815448668219692,129168.91854163593,-374431.4208074976,39,0.0
1170,513773.5097988238,4.780554112652882,125986.53507394284,-387786.97472488094,39,0.0
1171,518920.1247689049,4.257135779150741,82233.75628047543,-436686.36848842946,39,0.0
1172,438526.62659450114,3.6290337789481733,41187.18620215259,-397339.44039234857,39,0.0
1173,472334.106260379,3.28008822328008,23923.881824323515,-448410.2244360555,39,0.0
1174,445172.7962606436,3.175404556579651,19317.800489504647,-425854.9957711389,39,0.0
1175,328221.54691754066,2.1634624451421804,0.0,-328221.54691754066,39,0.0
1176,316622.0173088609,1.9540951117413239,0.0,-316622.0173088609,39,0.0
1177,317260.4826320654,1.919200556174515,0.0,-317260.4826320654,39,0.0
1178,325859.17903025134,2.0238842228749427,0.0,-325859.17903025134,39,0.0
1179,366192.7592673389,1.6749386672068491,0.0,-366192.7592673389,39,0.0
1180,346904.5889874883,1.6749386672068491,0.0,-346904.5889874883,39,0.0
1181,344211.397390273,1.884306000607706,0.0,-344211.397390273,39,0.0
1182,378326.4064443877,2.0238842228749427,0.0,-378326.4064443877,39,0.0
1183,450239.2157163123,1.919200556174515,0.0,-450239.2157163123,39,0.0
1184,444669.08335937775,1.4306767782391838,0.0,-444669.08335937775,39,0.0
1185,444856.3433497527,1.0119421114374714,0.0,-444856.3433497527,39,0.0
1186,443980.4187166324,0.8025747780366153,0.0,-443980.4187166324,39,0.0
1187,448512.6423984906,1.9540951117413239,0.0,-448512.6423984906,39,0.0
1188,460149.5413246064,3.245193667713271,22388.521379383918,-437761.0199452225,39,0.0
1189,373554.3203232616,4.466503112551599,97894.43281885957,-275659.887504402,39,0.0
1190,416089.39438664814,5.164394223887786,164280.63769632182,-251808.75669032632,39,0.0
1191,416836.0745976573,5.652918001823116,221968.6778428391,-194867.3967548182,39,0.0
1192,427260.31230826513,5.722707112956735,231264.58744583713,-195995.724862428,39,0.0
1193,485976.1022891896,5.722707112956735,231264.58744583713,-254711.51484335246,39,0.0
1194,531022.831579228,5.792496224090355,240560.4970488353,-290462.3345303928,39,0.0
1195,540487.1214580602,6.03675811305802,273625.4974873637,-266861.6239706965,39,0.0
1196,469714.5061281088,5.932074446357591,259152.31625483112,-210562.1898732777,39,0.0
1197,438214.7995421867,5.687812557389925,226616.63264433807,-211598.16689784866,39,0.0
1198,417487.7355774899,5.338867001721832,183682.0105914677,-233805.7249860222,39,0.0
1199,363694.4775548988,4.466503112551599,97894.43281885957,-265800.04473603924,39,0.0
1200,315522.7421233926,4.780554112652882,125986.53507394284,-189536.20704944973,39,0.0
1201,304735.4705669183,5.303972446155022,179801.73601243846,-124933.73455447986,39,0.0
1202,310519.55133473367,5.583128890689498,212672.76823984107,-97846.7830948926,39,0.0
1203,340400.9193889738,5.792496224090355,240560.4970488353,-99840.4223401385,39,0.0
1204,346891.29752046004,5.792496224090355,240560.4970488353,-106330.80047162474,39,0.0
1205,343035.3130168817,5.548234335122689,208024.8134383421,-135010.4995785396,39,0.0
1206,382737.50358022336,5.234183335021404,172041.18685438015,-210696.3167258432,39,0.0
1207,430082.6132772024,4.815448668219692,129168.91854163593,-300913.6947355665,39,0.0
1208,392934.467312941,4.292030334717551,84843.86903687281,-308090.59827606817,39,0.0
1209,428003.5489695905,4.152452112450315,74403.41801128357,-353600.13095830695,39,0.0
1210,447468.47176111344,4.152452112450315,74403.41801128357,-373065.0537498299,39,0.0
1211,428740.4168784967,4.955026890486929,141898.4524124079,-286841.9644660888,39,0.0
1212,445871.2043949989,5.652918001823116,221968.6778428391,-223902.5265521598,39,0.0
1213,360667.7264281965,6.315914557592494,314828.98870065215,-45838.73772754433,39,0.0
1214,432302.1982410611,6.839332891094635,400093.79095540155,-32208.407285659574,39,0.0
1215,452827.309780365,7.1882784467627285,464427.26418678975,11599.954406424775,40,11599.954406424775
1216,422272.072348244,7.537224002430823,533604.1701357533,111332.09778750932,40,122932.0521939341
1217,535789.6321333485,7.7814858913984875,587439.4904642267,51649.858330878196,40,174581.9105248123
1218,489558.0269044586,7.572118557997631,541294.9301826778,51736.90327821922,40,226318.81380303152
1219,519004.7375707614,7.2580675578963465,478078.0143245254,-40926.72324623604,41,185392.09055679548
1220,471120.224263862,7.153383891195919,457601.8891179217,-13518.335145940306,41,171873.75541085517
1221,429845.667252685,6.839332891094635,400093.79095540155,-29751.876297283452,41,142121.87911357172
1222,402193.7673437807,6.595071002126969,358276.1555641371,-43917.61177964363,41,98204.26733392809
1223,357355.3119685342,7.990853224799343,633584.0507457752,276228.73877724103,42,374433.0061111691
1224,342213.0378585854,8.200220558200199,677646.3172220417,335433.27936345624,42,709866.2854746254
1225,436338.3953631538,8.23511511376701,684974.1738910723,248635.7785279185,42,958502.0640025439
1226,400582.3867878128,8.060642335932963,648334.8905459222,247752.5037581094,42,1206254.5677606533
1227,399036.3414783882,7.1882784467627285,464427.26418678975,65390.92270840157,42,1271645.4904690548
1228,337302.3388233051,6.420598224292922,330280.29790563526,-7022.04091766983,43,1264623.449551385
1229,351748.1612175098,7.153383891195919,457601.8891179217,105853.72790041188,44,1370477.1774517968
1230,387227.0336719914,6.52528189099335,346328.2597380615,-40898.77393392986,45,1329578.403517867
1231,414175.8838803941,6.420598224292922,330280.29790563526,-83895.58597475884,45,1245682.817543108
1232,453856.46362749336,6.176336335325257,294227.24309400795,-159629.2205334854,45,1086053.5970096225
1233,504717.70687175816,6.071652668624828,278775.93388902454,-225941.77298273362,45,860111.8240268889
1234,494394.7937399316,4.745659557086072,122804.15160624978,-371590.6421336818,45,488521.18189320713
1235,605626.6788742639,2.9311426676119865,10002.509888598086,-595624.1689856658,45,0.0
1236,481533.8407255439,3.28008822328008,23923.881824323515,-457609.9589012204,45,0.0
1237,519147.43273638806,4.222241223583932,79623.64352407813,-439523.78921230993,45,0.0
1238,1285810.149734995,5.513339779555879,203376.85863684304,-1082433.291098152,45,0.0
1239,773732.7951585434,6.769543779961015,388145.8951293258,-385586.9000292176,45,0.0
1240,548281.203243616,7.397645780163584,505379.514599997,-42901.68864361901,45,0.0
1241,554759.7560624551,6.839332891094635,400093.79095540155,-154665.96510705358,45,0.0
1242,555692.4673287136,6.769543779961015,388145.8951293258,-167546.57219938783,45,0.0
1243,559233.6517297991,6.176336335325257,294227.24309400795,-265006.40863579116,45,0.0
1244,489242.6037035146,5.548234335122689,208024.8134383421,-281217.7902651725,45,0.0
1245,440510.8098826895,5.199288779454595,168160.912275351,-272349.8976073385,45,0.0
1246,452915.93034100975,4.88523777935331,135533.68547702185,-317382.2448639879,45,0.0
1247,452935.9093310785,4.0128738901830765,63962.966985694125,-388972.9423453844,45,0.0
1248,453471.2231738355,3.9081902234826478,57601.58514077969,-395869.6380330558,45,0.0
1249,453585.31255363615,3.8035065567822204,51446.18553879456,-402139.1270148416,45,0.0
1250,438888.5084861075,4.0128738901830765,63962.966985694125,-374925.5415004134,45,0.0
1251,390301.3005636777,4.431608556984789,95284.3200624622,-295016.9805012155,45,0.0
1252,382873.8449875137,5.0946051127541665,156520.0885382633,-226353.75644925036,45,0.0
1253,378716.436143322,5.0946051127541665,156520.0885382633,-222196.34760505866,45,0.0
1254,370274.79010036174,5.548234335122689,208024.8134383421,-162249.97666201965,45,0.0
1255,416884.5987392137,5.408656112855451,191442.55974952615,-225442.03898968757,45,0.0
1256,502798.1892532839,5.687812557389925,226616.63264433807,-276181.55660894583,45,0.0
1257,512111.8111067602,6.071652668624828,278775.93388902454,-233335.87721773563,45,0.0
1258,534530.9841335611,6.699754668827397,376197.9993032503,-158332.98483031086,45,0.0
1259,577003.7903240537,7.467434891297203,519030.2647377329,-57973.525586320844,45,0.0
1260,549328.8182404701,7.886169558098915,610511.7706050009,61182.95236453076,46,61182.95236453076
1261,472971.85148508847,8.270009669333819,692302.030560102,219330.1790750135,46,280513.13143954426
1262,1330305.9995994333,8.72363889170234,782733.5671967207,-547572.4324027125,47,0.0
1263,764267.5087645714,9.107479002937243,851179.8000476358,86912.2912830644,48,86912.2912830644
1264,559553.9235687512,9.177268114070863,861815.6605843995,302261.7370156483,48,389174.0282987127
1265,514843.2569222109,8.72363889170234,782733.5671967207,267890.31027450983,48,657064.3385732225
1266,508000.5567403139,8.479377002734674,736269.1705742816,228268.6138339677,48,885332.9524071902
1267,542699.8637288949,7.7814858913984875,587439.4904642267,44739.62673533184,48,930072.5791425221
1268,494938.9801112144,6.839332891094635,400093.79095540155,-94845.18915581284,49,835227.3899867092
1269,454648.5251098698,6.350809113159303,319979.42510231317,-134669.1000075566,49,700558.2899791526
1270,480378.69929776987,6.595071002126969,358276.1555641371,-122102.54373363277,49,578455.7462455198
1271,437798.4144945548,7.362751224596776,498554.1395311294,60755.725036574586,50,639211.4712820945
1272,433516.3149182896,7.502329446864012,525913.4100888282,92397.09517053858,50,731608.5664526331
1273,328990.2702163835,6.909122002228254,412041.6867814771,83051.41656509362,50,814659.9830177268
1274,311894.85826913634,6.455492779859732,335430.73430729646,23535.876038160117,50,838195.859055887
1275,359125.1980565223,5.862285335223973,249856.4066518332,-109268.79140468908,51,728927.0676511979
1276,313380.26768885844,5.757601668523544,235912.5422473361,-77467.72544152234,51,651459.3422096756
1277,345013.01111674274,5.652918001823116,221968.6778428391,-123044.33327390364,51,528415.0089357719
1278,375125.5179965651,5.932074446357591,259152.31625483112,-115973.20174173397,51,412441.80719403795
1279,416540.7246240036,5.408656112855451,191442.55974952615,-225098.16487447743,51,187343.64231956052
1280,427265.9412593657,5.059710557187357,152639.81395923407,-274626.1273001316,51,0.0
1281,413510.5630567418,4.675870445952455,116439.38467086392,-297071.17838587787,51,0.0
1282,465063.9276982767,3.9081902234826478,57601.58514077969,-407462.34255749703,51,0.0
1283,415842.9388568005,3.1405100010128426,17782.440044565075,-398060.4988122354,51,0.0
1284,412861.9667866148,3.210299112146461,20853.160934444284,-392008.8058521705,51,0.0
1285,369072.7141095959,4.222241223583932,79623.64352407813,-289449.0705855178,51,0.0
1286,404660.9967261322,5.687812557389925,226616.63264433807,-178044.3640817941,51,0.0
1287,418535.7918476425,6.385703668726113,325129.86150397424,-93405.93034366827,51,0.0
1288,406288.2365711759,6.874227446661443,406067.7388684391,-220.49770273681497,51,0.0
1289,552915.4354708964,7.0835947800623,443951.13898018585,-108964.29649071058,51,0.0
1290,581725.0396210091,7.502329446864012,525913.4100888282,-55811.62953218096,51,0.0
1291,528096.8952775332,7.2231730023295375,471252.6392556575,-56844.25602187571,51,0.0
1292,467855.0535312962,6.420598224292922,330280.29790563526,-137574.75562566094,51,0.0
1293,450288.3471903846,5.548234335122689,208024.8134383421,-242263.53375204248,51,0.0
1294,411928.9175142792,5.024816001620548,148759.5393802049,-263169.3781340743,51,0.0
1295,363325.39615663496,4.082663001316695,69183.1924984888,-294142.20365814614,51,0.0
1296,281967.3786620412,4.39671400141798,92674.20730606488,-189293.17135597632,51,0.0
1297,320043.55832013494,4.36181944585117,90064.09454966751,-229979.46377046744,51,0.0
1298,322079.74714876484,4.466503112551599,97894.43281885957,-224185.31432990526,51,0.0
1299,316199.62880181,4.117557556883505,71793.30525488619,-244406.32354692378,51,0.0
1300,331585.74710462696,3.9430847790494576,59653.38500810811,-271932.36209651886,51,0.0
1301,355393.7441002395,3.3847718899805077,28529.963159142342,-326863.7809410971,51,0.0
1302,375450.27981239295,3.8035065567822204,51446.18553879456,-324004.0942735984,51,0.0
1303,418555.0744775313,3.873295667915839,55549.78527345132,-363005.28920408,51,0.0
1304,423351.3453976812,3.7686120012154114,49394.38567146619,-373956.959726215,51,0.0
1305,435640.30150956975,3.245193667713271,22388.521379383918,-413251.7801301858,51,0.0
1306,393730.1824370339,3.3498773344136983,26994.602714202723,-366735.5797228312,51,0.0
1307,431098.7012038076,3.5243501122477454,35031.78660016743,-396066.9146036402,51,0.0
1308,391215.1695360802,4.466503112551599,97894.43281885957,-293320.7367172206,51,0.0
1309,403193.758435712,5.443550668422261,195322.8343285554,-207870.92410715664,51,0.0
1310,372360.5513893109,6.211230890892066,299377.67949566897,-72982.87189364195,51,0.0
1311,405354.3476990952,6.490387335426542,340581.1707089576,-64773.17699013761,51,0.0
1312,434494.9639379148,6.839332891094635,400093.79095540155,-34401.172982513264,51,0.0
1313,507266.4696505202,6.420598224292922,330280.29790563526,-176986.17174488492,51,0.0
1314,513878.9489539902,6.350809113159303,319979.42510231317,-193899.52385167702,51,0.0
1315,495693.0148592582,6.1414417797584475,289076.8066923469,-206616.20816691132,51,0.0
1316,472865.5162067061,6.176336335325257,294227.24309400795,-178638.27311269817,51,0.0
1317,429472.06803983456,6.385703668726113,325129.86150397424,-104342.20653586031,51,0.0
1318,401169.47852330765,6.490387335426542,340581.1707089576,-60588.30781435006,51,0.0
1319,344947.43177518144,5.164394223887786,164280.63769632182,-180666.79407885962,51,0.0
1320,340552.51663676935,5.408656112855451,191442.55974952615,-149109.9568872432,51,0.0
1321,318265.95961255475,5.408656112855451,191442.55974952615,-126823.39986302861,51,0.0
1322,326020.8440573723,6.420598224292922,330280.29790563526,4259.453848262958,52,4259.453848262958
1323,356262.2739410466,7.327856669029965,491728.7644622612,135466.4905212146,52,139725.94436947757
1324,343956.2671431158,7.537224002430823,533604.1701357533,189647.90299263754,52,329373.8473621151
1325,337211.7700136257,7.607013113564441,548985.6902296027,211773.92021597706,52,541147.7675780922
1326,380575.18647704105,6.909122002228254,412041.6867814771,31466.50030443608,52,572614.2678825282
1327,447649.89589917375,6.385703668726113,325129.86150397424,-122520.0343951995,53,450094.23348732875
1328,454794.1071394789,5.47844522398907,199203.10890758454,-255590.99823189437,53,194503.23525543438
1329,415657.23518633744,4.745659557086072,122804.15160624978,-292853.08358008764,53,0.0
1330,453221.9390091611,5.408656112855451,191442.55974952615,-261779.37925963494,53,0.0
1331,426109.1930701621,5.583128890689498,212672.76823984107,-213436.42483032102,53,0.0
1332,427132.6287394559,6.56017644656016,352302.20765109936,-74830.42108835652,53,0.0
1333,361093.8582108819,7.1882784467627285,464427.26418678975,103333.40597590787,54,103333.40597590787
1334,393225.8620664037,7.921064113665725,618202.5306519258,224976.66858552216,54,328310.07456143
1335,401190.51041244896,8.479377002734674,736269.1705742816,335078.66016183264,54,663388.7347232627
1336,439578.5620343662,8.75853344726915,789307.7014655077,349729.13943114155,54,1013117.8741544043
1337,482501.1332094773,7.990853224799343,633584.0507457752,151082.91753629793,54,1164200.791690702
1338,518932.5731667376,7.397645780163584,505379.514599997,-13553.058566740598,55,1150647.7331239614
1339,498714.1549265944,6.071652668624828,278775.93388902454,-219938.22103756986,55,930709.5120863914
1340,453270.6172483265,4.88523777935331,135533.68547702185,-317736.93177130463,55,612972.5803150868
1341,506555.63152383687,4.152452112450315,74403.41801128357,-432152.2135125533,55,180820.36680253345
1342,413215.2034077096,4.152452112450315,74403.41801128357,-338811.78539642604,55,0.0
1343,379241.1533226901,5.513339779555879,203376.85863684304,-175864.29468584707,55,0.0
1344,310189.991213305,5.827390779657163,245208.45185033412,-64981.539362970856,55,0.0
1345,305212.1012664357,5.932074446357591,259152.31625483112,-46059.785011604574,55,0.0
1346,344599.5833469549,5.408656112855451,191442.55974952615,-153157.02359742875,55,0.0
1347,347524.1716880272,5.0946051127541665,156520.0885382633,-191004.0831497639,55,0.0
1348,360719.9515924064,5.164394223887786,164280.63769632182,-196439.31389608455,55,0.0
1349,329209.29212194245,5.338867001721832,183682.0105914677,-145527.28153047475,55,0.0
1350,359021.5124692336,5.443550668422261,195322.8343285554,-163698.6781406782,55,0.0
1351,369595.3,5.234183335021404,172041.18685438015,-197554.11314561983,55,0.0
1352,418577.5480052893,4.675870445952455,116439.38467086392,-302138.16333442536,55,0.0
1353,461632.762299692,3.977979334616267,61705.1848754365,-399927.57742425555,55,0.0
1354,412683.9158919844,3.977979334616267,61705.1848754365,-350978.73101654794,55,0.0
1355,458027.4093137101,3.6639283345149827,43238.98606948098,-414788.4232442291,55,0.0
1356,410384.7927588278,4.187346668017123,77013.53076768082,-333371.26199114695,55,0.0
1357,360388.7385205184,5.164394223887786,164280.63769632182,-196108.1008241966,55,0.0
1358,397223.5895666061,5.932074446357591,259152.31625483112,-138071.27331177497,55,0.0
1359,404606.3474840851,6.490387335426542,340581.1707089576,-64025.17677512753,55,0.0
1360,411688.30241197656,6.734649224394207,382171.9472162883,-29516.35519568826,55,0.0
1361,532754.1049068314,6.2461254464588745,304528.1158973299,-228225.98900950153,55,0.0
1362,573239.546372675,6.629965557693778,364250.10347717477,-208989.44289550022,55,0.0
1363,482825.7599663089,5.966969001924401,263800.2710563302,-219025.4889099787,55,0.0
1364,475468.07122463366,4.222241223583932,79623.64352407813,-395844.42770055553,55,0.0
1365,458537.4937136201,3.3498773344136983,26994.602714202723,-431542.8909994174,55,0.0
1366,415866.02794561954,3.5592446678145544,37083.5864674958,-378782.4414781238,55,0.0
1367,357198.87721828726,3.9081902234826478,57601.58514077969,-299597.2920775076,55,0.0
1368,310239.6903586677,3.9081902234826478,57601.58514077969,-252638.10521788802,55,0.0
1369,320421.08794937213,3.83840111234903,53497.98540612295,-266923.1025432492,55,0.0
1370,328835.0375026242,4.39671400141798,92674.20730606488,-236160.8301965593,55,0.0
1371,340964.5400686052,5.164394223887786,164280.63769632182,-176683.9023722834,55,0.0
1372,347988.60775499645,5.373761557288642,187562.28517049697,-160426.3225844995,55,0.0
1373,342006.01693132985,4.92013233492012,138716.0689447149,-203289.94798661495,55,0.0
1374,402492.0966959255,4.88523777935331,135533.68547702185,-266958.41121890367,55,0.0
1375,441160.76533683593,4.36181944585117,90064.09454966751,-351096.67078716843,55,0.0
1376,445218.118001078,3.3847718899805077,28529.963159142342,-416688.15484193567,55,0.0
1377,415807.3981662047,2.4775134452434644,0.0,-415807.3981662047,55,0.0
1378,381378.4410571227,1.64004411164004,0.0,-381378.4410571227,55,0.0
1379,376750.63711316674,2.5473025563770832,1097.4193079483314,-375653.2178052184,55,0.0
1380,434423.0122631489,3.5592446678145544,37083.5864674958,-397339.42579565314,55,0.0
1381,401224.8541339495,4.88523777935331,135533.68547702185,-265691.16865692765,55,0.0
1382,389977.648735022,5.513339779555879,203376.85863684304,-186600.79009817896,55,0.0
1383,405373.6737554175,6.1065472241916385,283926.37029068585,-121447.30346473167,55,0.0
1384,423732.4083013204,6.176336335325257,294227.24309400795,-129505.16520731244,55,0.0
1385,476652.13202234206,6.595071002126969,358276.1555641371,-118375.97645820497,55,0.0
1386,527322.477045879,6.734649224394207,382171.9472162883,-145150.5298295907,55,0.0
1387,486741.8130625075,7.013805668928682,430300.3888424502,-56441.42422005726,55,0.0
1388,470730.051994376,6.944016557795062,418015.6346945147,-52714.41729986132,55,0.0
1389,446829.72846837225,6.176336335325257,294227.24309400795,-152602.4853743643,55,0.0
1390,419804.5622892473,4.745659557086072,122804.15160624978,-297000.4106829975,55,0.0
1391,348454.75772163033,3.9430847790494576,59653.38500810811,-288801.3727135222,55,0.0
1392,317353.81559949095,4.082663001316695,69183.1924984888,-248170.62310100213,55,0.0
1393,460786.1470980153,4.222241223583932,79623.64352407813,-381162.50357393717,55,0.0
1394,398180.61563665,4.257135779150741,82233.75628047543,-315946.8593561746,55,0.0
1395,399017.40658213786,3.9430847790494576,59653.38500810811,-339364.02157402976,55,0.0
1396,368160.27306600247,3.977979334616267,61705.1848754365,-306455.088190566,55,0.0
1397,351590.7959983296,3.3847718899805077,28529.963159142342,-323060.83283918723,55,0.0
1398,421168.731703285,3.314982778846889,25459.242269263108,-395709.4894340219,55,0.0
1399,411950.17365016055,3.245193667713271,22388.521379383918,-389561.6522707766,55,0.0
1400,490532.9769353232,3.0009317787456045,11640.998264806596,-478891.97867051663,55,0.0
1401,515158.5490234509,2.826459000911558,7573.84882114815,-507584.7002023027,55,0.0
1402,484507.6748818781,2.651986223077511,3526.0803753982573,-480981.5945064798,55,0.0
1403,595359.5276340412,3.4196664455473176,30065.323604081976,-565294.2040299592,55,0.0
1404,475544.6101232706,4.222241223583932,79623.64352407813,-395920.96659919247,55,0.0
1405,528103.9065093931,5.234183335021404,172041.18685438015,-356062.71965501294,55,0.0
1406,1322973.0041519352,6.281020002025685,309678.5522989911,-1013294.4518529441,55,0.0
1407,737066.6594589528,7.048700224495491,437125.76391131803,-299940.8955476348,55,0.0
1408,510421.1235840767,7.467434891297203,519030.2647377329,8609.141153656179,56,8609.141153656179
1409,504149.8716147648,6.629965557693778,364250.10347717477,-139899.76813759003,57,0.0
1410,553745.3349196509,6.315914557592494,314828.98870065215,-238916.34621899878,57,0.0
1411,542917.9662212393,5.827390779657163,245208.45185033412,-297709.5143709052,57,0.0
1412,483263.0633688591,5.548234335122689,208024.8134383421,-275238.24993051705,57,0.0
1413,508434.481440041,5.408656112855451,191442.55974952615,-316991.92169051484,57,0.0
1414,467982.7123691405,5.513339779555879,203376.85863684304,-264605.8537322975,57,0.0
1415,504074.5685424285,4.152452112450315,74403.41801128357,-429671.15053114493,57,0.0
1416,461520.272556536,3.83840111234903,53497.98540612295,-408022.2871504131,57,0.0
1417,476620.5968115664,3.0707208898792238,14711.719154685845,-461908.87765688053,57,0.0
1418,426058.58113238896,3.28008822328008,23923.881824323515,-402134.69930806546,57,0.0
1419,413585.9742585585,3.3498773344136983,26994.602714202723,-386591.37154435576,57,0.0
1420,353451.9424117717,3.035826334312414,13176.358709746211,-340275.58370202547,57,0.0
1421,385360.84481921047,2.442618889676655,0.0,-385360.84481921047,57,0.0
1422,416039.8461676189,2.617091667510702,2716.526686248289,-413323.31948137056,57,0.0
1423,428451.13509050274,2.4775134452434644,0.0,-428451.13509050274,57,0.0
1424,479805.1544514686,2.4775134452434644,0.0,-479805.1544514686,57,0.0
1425,505129.8794232872,2.2681461118426083,0.0,-505129.8794232872,57,0.0
1426,496518.8714111059,2.0587787784417526,0.0,-496518.8714111059,57,0.0
1427,635951.0663683212,1.3259931115387555,0.0,-635951.0663683212,57,0.0
1428,500156.4572271753,0.5234183335021404,0.0,-500156.4572271753,57,0.0
1429,501358.1655951383,3.245193667713271,22388.521379383918,-478969.6442157544,57,0.0
1430,1338718.3305622295,5.024816001620548,148759.5393802049,-1189958.7911820246,57,0.0
1431,710122.0645753368,6.001863557491209,268475.0610857024,-441647.0034896344,57,0.0
1432,522791.25051108544,6.176336335325257,294227.24309400795,-228564.0074170775,57,0.0
1433,554229.9927721325,5.757601668523544,235912.5422473361,-318317.4505247964,57,0.0
1434,571617.8762673562,5.862285335223973,249856.4066518332,-321761.469615523,57,0.0
1435,525295.6299924761,3.7337174456486015,47342.58580413777,-477953.04418833833,57,0.0
1436,481420.386849366,3.489455556680936,33136.044493961184,-448284.3423554048,57,0.0
1437,441973.5485080394,4.0128738901830765,63962.966985694125,-378010.58152234525,57,0.0
1438,450580.05664532393,2.651986223077511,3526.0803753982573,-447053.97626992565,57,0.0
1439,475138.2545705005,3.977979334616267,61705.1848754365,-413433.06969506404,57,0.0
1440,469762.4450729749,4.675870445952455,116439.38467086392,-353323.060402111,57,0.0
1441,360783.6660829335,4.536292223685217,103709.85080009176,-257073.81528284174,57,0.0
1442,363791.482027113,4.36181944585117,90064.09454966751,-273727.3874774455,57,0.0
1443,374633.2373887239,3.873295667915839,55549.78527345132,-319083.4521152726,57,0.0
1444,362507.9799089634,3.3847718899805077,28529.963159142342,-333978.016749821,57,0.0
1445,378500.97872863925,3.454561001114127,31600.684049021587,-346900.2946796177,57,0.0
1446,388147.2436110808,3.5243501122477454,35031.78660016743,-353115.4570109134,57,0.0
1447,475632.0474784337,4.36181944585117,90064.09454966751,-385567.9529287662,57,0.0
1448,482729.9993791991,6.1065472241916385,283926.37029068585,-198803.62908851326,57,0.0
1449,480449.1645223384,7.048700224495491,437125.76391131803,-43323.40061102039,57,0.0
1450,484624.8969898804,7.048700224495491,437125.76391131803,-47499.13307856239,57,0.0
1451,441289.0474333491,9.805370114273432,945567.8969357525,504278.8495024034,58,504278.8495024034
1452,502554.32186421513,9.386635447471717,893723.2421946897,391168.92033047456,58,895447.7698328779
1453,441064.0338138092,8.549166113868294,749862.8958527866,308798.8620389774,58,1204246.6318718554
1454,397708.2726102081,7.048700224495491,437125.76391131803,39417.491301109956,58,1243664.1231729654
1455,429854.1403033788,5.618023446256307,217320.72304134,-212533.4172620388,59,1031130.7059109266
1456,427991.0403355631,3.6639283345149827,43238.98606948098,-384752.0542660821,59,646378.6516448444
1457,505150.0222997051,5.1294996683209755,160400.36311729247,-344749.6591824126,59,301628.99246243184
1458,544754.2986583959,5.199288779454595,168160.912275351,-376593.3863830449,59,0.0
1459,563219.9298953083,4.536292223685217,103709.85080009176,-459510.0790952166,59,0.0
1460,471007.4388907577,3.3847718899805077,28529.963159142342,-442477.4757316153,59,0.0
1461,492752.7982724748,4.745659557086072,122804.15160624978,-369948.646666225,59,0.0
1462,481965.8983200172,5.408656112855451,191442.55974952615,-290523.33857049106,59,0.0
1463,389878.56010739465,5.269077890588212,175921.46143340922,-213957.09867398543,59,0.0
1464,330448.3147442819,4.536292223685217,103709.85080009176,-226738.46394419012,59,0.0
1465,317907.3125745162,3.0707208898792238,14711.719154685845,-303195.5934198304,59,0.0
1466,348976.522679162,2.0587787784417526,0.0,-348976.522679162,59,0.0
1467,336626.12491757306,1.6749386672068491,0.0,-336626.12491757306,59,0.0
1468,343268.6752807848,2.337935222976227,0.0,-343268.6752807848,59,0.0
1469,333049.8742778126,3.175404556579651,19317.800489504647,-313732.07378830796,59,0.0
1470,416198.35402138287,3.6290337789481733,41187.18620215259,-375011.1678192303,59,0.0
1471,488694.3872084954,4.536292223685217,103709.85080009176,-384984.53640840366,59,0.0
1472,476309.4141103033,5.443550668422261,195322.8343285554,-280986.5797817479,59,0.0
1473,506790.6428790671,5.792496224090355,240560.4970488353,-266230.14583023184,59,0.0
1474,474715.13805230166,5.513339779555879,203376.85863684304,-271338.2794154586,59,0.0
1475,498080.1980295781,6.804438335527826,394119.8430423639,-103960.3549872142,59,0.0
1476,498809.8019007825,6.699754668827397,376197.9993032503,-122611.80259753222,59,0.0
1477,422069.9704217005,5.932074446357591,259152.31625483112,-162917.65416686938,59,0.0
1478,443273.1159384349,4.675870445952455,116439.38467086392,-326833.731267571,59,0.0
1479,369407.516612316,3.4196664455473176,30065.323604081976,-339342.193008234,59,0.0
1480,443820.761457605,3.0009317787456045,11640.998264806596,-432179.7631927984,59,0.0
1481,500621.412519753,3.035826334312414,13176.358709746211,-487445.05381000676,59,0.0
1482,519111.60227799247,5.024816001620548,148759.5393802049,-370352.06289778755,59,0.0
1483,512778.3597172997,4.39671400141798,92674.20730606488,-420104.1524112348,59,0.0
1484,499377.6776523572,1.5004658893728022,0.0,-499377.6776523572,59,0.0
1485,479284.2537585903,3.3847718899805077,28529.963159142342,-450754.29059944797,59,0.0
1486,443003.8741422602,5.897179890790781,254504.36145333204,-188499.51268892814,59,0.0
1487,397525.6019347725,2.19835700070899,0.0,-397525.6019347725,59,0.0
1488,327618.85581955384,3.698822890081792,45290.78593680938,-282328.06988274446,59,0.0
1489,298474.84632630984,5.1294996683209755,160400.36311729247,-138074.48320901737,59,0.0
1490,348527.6321455135,4.606081334818835,110074.6177354778,-238453.01441003568,59,0.0
1491,358217.9533933631,3.698822890081792,45290.78593680938,-312927.1674565537,59,0.0
1492,339643.659358134,3.4196664455473176,30065.323604081976,-309578.33575405204,59,0.0
1493,367963.645794792,4.152452112450315,74403.41801128357,-293560.2277835084,59,0.0
1494,383710.5036754212,4.745659557086072,122804.15160624978,-260906.35206917138,59,0.0
1495,516818.83705429366,5.164394223887786,164280.63769632182,-352538.19935797184,59,0.0
1496,533170.4311069276,5.164394223887786,164280.63769632182,-368889.79341060575,59,0.0
1497,458376.72697776486,5.47844522398907,199203.10890758454,-259173.61807018032,59,0.0
1498,511502.96030319744,5.059710557187357,152639.81395923407,-358863.14634396334,59,0.0
1499,478011.610264642,6.001863557491209,268475.0610857024,-209536.5491789396,59,0.0
1500,455538.8120707547,5.338867001721832,183682.0105914677,-271856.801479287,59,0.0
1501,409330.6995492405,3.210299112146461,20853.160934444284,-388477.53861479624,59,0.0
1502,398402.711455492,2.19835700070899,0.0,-398402.711455492,59,0.0
1503,411910.6907871115,4.745659557086072,122804.15160624978,-289106.5391808617,59,0.0
1504,422984.6052094478,6.56017644656016,352302.20765109936,-70682.39755834843,59,0.0
1505,503069.3177587245,7.1882784467627285,464427.26418678975,-38642.05357193475,59,0.0
1506,568361.9762706714,6.490387335426542,340581.1707089576,-227780.80556171376,59,0.0
1507,567336.1699788894,5.966969001924401,263800.2710563302,-303535.8989225592,59,0.0
1508,484016.7600615049,4.955026890486929,141898.4524124079,-342118.307649097,59,0.0
1509,476285.9759544813,3.7337174456486015,47342.58580413777,-428943.39015034353,59,0.0
1510,429972.879059112,4.745659557086072,122804.15160624978,-307168.7274528622,59,0.0
1511,358704.3686452085,4.257135779150741,82233.75628047543,-276470.61236473307,59,0.0
1512,334448.1674711214,3.6639283345149827,43238.98606948098,-291209.1814016404,59,0.0
1513,361121.34927343455,3.0707208898792238,14711.719154685845,-346409.6301187487,59,0.0
1514,328413.90159658244,2.7217753342111304,5145.187753698225,-323268.71384288423,59,0.0
1515,328021.7404860473,2.1634624451421804,0.0,-328021.7404860473,59,0.0
1516,364115.4361818079,2.0238842228749427,0.0,-364115.4361818079,59,0.0
1517,373732.71117545903,1.884306000607706,0.0,-373732.71117545903,59,0.0
1518,357232.2745595258,2.651986223077511,3526.0803753982573,-353706.1941841275,59,0.0
1519,497695.795289963,3.210299112146461,20853.160934444284,-476842.63435551873,59,0.0
1520,507295.5143220121,3.489455556680936,33136.044493961184,-474159.4698280509,59,0.0
1521,451377.2286556085,3.9430847790494576,59653.38500810811,-391723.8436475004,59,0.0
1522,466696.0415115043,3.489455556680936,33136.044493961184,-433559.9970175431,59,0.0
1523,494149.673964616,3.83840111234903,53497.98540612295,-440651.6885584931,59,0.0
1524,484876.2192073632,3.314982778846889,25459.242269263108,-459416.97693810007,59,0.0
1525,413768.26450641087,2.826459000911558,7573.84882114815,-406194.4156852627,59,0.0
1526,413826.8393268685,5.408656112855451,191442.55974952615,-222384.27957734233,59,0.0
1527,412513.9800275729,8.025747780366153,641007.0338768922,228493.0538493193,60,228493.0538493193
1528,426161.96309184906,7.955958669232534,625893.2906988506,199731.32760700159,60,428224.3814563209
1529,471071.6100595588,7.7814858913984875,587439.4904642267,116367.88040466787,60,544592.2618609888
1530,550501.413091135,7.292962113463156,484903.38939339336,-65598.02369774162,61,478994.2381632472
1531,576288.0823327925,6.420598224292922,330280.29790563526,-246007.7844271572,61,232986.45373608998
1532,488829.0126650877,4.955026890486929,141898.4524124079,-346930.5602526798,61,0.0
1533,490078.47321580135,4.0477684457498855,66573.07974209143,-423505.39347370993,61,0.0
1534,448885.4117178402,3.4196664455473176,30065.323604081976,-418820.0881137582,61,0.0
1535,356514.25193671446,4.117557556883505,71793.30525488619,-284720.94668182824,61,0.0
1536,316339.3419508013,4.39671400141798,92674.20730606488,-223665.13464473642,61,0.0
1537,366362.6395885768,3.7686120012154114,49394.38567146619,-316968.2539171106,61,0.0
1538,335786.3748366063,3.7686120012154114,49394.38567146619,-286391.98916514014,61,0.0
1539,352581.9322311117,4.0477684457498855,66573.07974209143,-286008.85248902027,61,0.0
1540,340834.0324374688,3.83840111234903,53497.98540612295,-287336.0470313459,61,0.0
1541,338809.4156148384,3.1405100010128426,17782.440044565075,-321026.97557027335,61,0.0
1542,368416.83373342286,3.105615445446033,16247.079599625458,-352169.7541337974,61,0.0
1543,442409.1147166921,3.035826334312414,13176.358709746211,-429232.75600694586,61,0.0
1544,515890.5937877087,2.826459000911558,7573.84882114815,-508316.74496656057,61,0.0
1545,487756.4549557998,2.3030406674094177,0.0,-487756.4549557998,61,0.0
1546,513436.685981424,1.3957822226723744,0.0,-513436.685981424,61,0.0
1547,474507.9447708351,0.872363889170234,0.0,-474507.9447708351,61,0.0
1548,549909.1482803997,2.2681461118426083,0.0,-549909.1482803997,61,0.0
1549,388121.7860646775,3.698822890081792,45290.78593680938,-342831.00012786814,61,0.0
1550,425275.0992639587,6.176336335325257,294227.24309400795,-131047.85616995074,61,0.0
1551,432979.8612550803,7.327856669029965,491728.7644622612,58748.903207180905,62,58748.903207180905
1552,405208.6081122772,8.479377002734674,736269.1705742816,331060.5624620044,62,389809.46566918533
1553,559839.055891873,7.537224002430823,533604.1701357533,-26234.88575611962,63,363574.5799130657
1554,505070.4362302422,7.502329446864012,525913.4100888282,20842.97385858599,64,384417.5537716517
1555,553667.6720298886,7.327856669029965,491728.7644622612,-61938.90756762738,65,322478.6462040243
1556,463253.96287290833,6.281020002025685,309678.5522989911,-153575.4105739172,65,168903.2356301071
1557,491289.78671600926,4.082663001316695,69183.1924984888,-422106.59421752044,65,0.0
1558,434728.6974710296,2.8613535564783676,8383.402510298129,-426345.29496073147,65,0.0
1559,364882.580538817,3.6639283345149827,43238.98606948098,-321643.594469336,65,0.0
1560,311821.7262050098,3.9081902234826478,57601.58514077969,-254220.14106423012,65,0.0
1561,430048.8659079165,3.5592446678145544,37083.5864674958,-392965.2794404207,65,0.0
1562,378885.770790655,3.210299112146461,20853.160934444284,-358032.6098562107,65,0.0
1563,406079.257150771,2.826459000911558,7573.84882114815,-398505.4083296228,65,0.0
1564,383691.78590402,2.7217753342111304,5145.187753698225,-378546.5981503218,65,0.0
1565,406802.1503542527,2.791564445344749,6764.295131998172,-400037.8552222545,65,0.0
1566,381048.7521956194,2.791564445344749,6764.295131998172,-374284.4570636212,65,0.0
1567,437710.88649821177,2.791564445344749,6764.295131998172,-430946.5913662136,65,0.0
1568,463612.5046267883,3.5941392233813643,39135.386334824216,-424477.1182919641,65,0.0
1569,436077.55058982526,3.6639283345149827,43238.98606948098,-392838.56452034425,65,0.0
1570,507265.1571308026,2.9311426676119865,10002.509888598086,-497262.64724220446,65,0.0
1571,597676.7138651203,0.6281020002025685,0.0,-597676.7138651203,65,0.0
1572,536230.5783035025,1.6051495560732305,0.0,-536230.5783035025,65,0.0
1573,520062.1633073447,3.454561001114127,31600.684049021587,-488461.47925832315,65,0.0
1574,1307241.0507321951,6.211230890892066,299377.67949566897,-1007863.3712365262,65,0.0
1575,739818.3892909193,6.944016557795062,418015.6346945147,-321802.7545964046,65,0.0
1576,573498.3471534451,2.791564445344749,6764.295131998172,-566734.052021447,65,0.0
1577,536813.9993254667,7.292962113463156,484903.38939339336,-51910.609932073334,65,0.0
1578,535518.5445686515,7.2231730023295375,471252.6392556575,-64265.90531299397,65,0.0
1579,569713.8197006448,7.397645780163584,505379.514599997,-64334.30510064779,65,0.0
1580,454815.1873292418,7.362751224596776,498554.1395311294,43738.952201887616,66,43738.952201887616
1581,478333.4744900422,5.932074446357591,259152.31625483112,-219181.15823521107,67,0.0
1582,455444.9304712838,3.5592446678145544,37083.5864674958,-418361.34400378796,67,0.0
1583,469275.4538257496,1.8145168894740866,0.0,-469275.4538257496,67,0.0
1584,469725.6875721043,2.3030406674094177,0.0,-469725.6875721043,67,0.0
1585,476285.32588902337,1.3957822226723744,0.0,-476285.32588902337,67,0.0
1586,396081.9228672198,0.872363889170234,0.0,-396081.9228672198,67,0.0
1587,405495.12049096375,1.884306000607706,0.0,-405495.12049096375,67,0.0
1588,343995.7430283136,3.035826334312414,13176.358709746211,-330819.3843185674,67,0.0
1589,348224.4164542039,3.6639283345149827,43238.98606948098,-304985.4303847229,67,0.0
1590,390218.2880935904,3.175404556579651,19317.800489504647,-370900.48760408576,67,0.0
1591,427335.7504885126,2.651986223077511,3526.0803753982573,-423809.67011311435,67,0.0
1592,458402.81480500376,2.442618889676655,0.0,-458402.81480500376,67,0.0
1593,501734.1666044054,2.617091667510702,2716.526686248289,-499017.6399181571,67,0.0
1594,498898.9401392531,2.0238842228749427,0.0,-498898.9401392531,67,0.0
1595,622736.6172414017,1.3957822226723744,0.0,-622736.6172414017,67,0.0
1596,554458.1271159522,1.7796223339072772,0.0,-554458.1271159522,67,0.0
1597,473922.7812921345,5.269077890588212,175921.46143340922,-298001.3198587253,67,0.0
1598,1361371.841455344,7.432540335730394,512204.889668865,-849166.9517864791,67,0.0
1599,710419.9215704442,8.16532600263339,670318.4605530121,-40101.46101743216,67,0.0
1600,542574.3371254791,7.572118557997631,541294.9301826778,-1279.4069428013172,67,0.0
1601,560161.6935785641,7.67680222469806,564367.2103234524,4205.516744888271,68,4205.516744888271
1602,513968.4610863893,6.839332891094635,400093.79095540155,-113874.67013098777,69,0.0
1603,538129.7145364085,5.618023446256307,217320.72304134,-320808.99149506853,69,0.0
1604,467863.3812012132,5.269077890588212,175921.46143340922,-291941.919767804,69,0.0
1605,457830.1765655337,4.0128738901830765,63962.966985694125,-393867.20957983955,69,0.0
1606,434781.692672234,3.6290337789481733,41187.18620215259,-393594.50647008145,69,0.0
1607,428791.3165842988,3.5592446678145544,37083.5864674958,-391707.73011680297,69,0.0
1608,503363.1956448469,2.582197111943893,1906.9729970983203,-501456.22264774854,69,0.0
1609,321756.3034905096,2.0238842228749427,0.0,-321756.3034905096,69,0.0
1610,316177.0037371875,1.884306000607706,0.0,-316177.0037371875,69,0.0
1611,373997.07410666655,2.2681461118426083,0.0,-373997.07410666655,69,0.0
1612,349316.1339359582,3.3847718899805077,28529.963159142342,-320786.17077681585,69,0.0
1613,339700.9760698556,3.105615445446033,16247.079599625458,-323453.8964702302,69,0.0
1614,417361.7552099012,3.175404556579651,19317.800489504647,-398043.95472039655,69,0.0
1615,455426.1937720811,3.0707208898792238,14711.719154685845,-440714.47461739526,69,0.0
1616,531800.2780580518,2.651986223077511,3526.0803753982573,-528274.1976826536,69,0.0
1617,477505.36441294017,2.2332515562757993,0.0,-477505.36441294017,69,0.0
1618,488020.71582464105,1.186414889271518,0.0,-488020.71582464105,69,0.0
1619,461404.5320968863,1.3957822226723744,0.0,-461404.5320968863,69,0.0
1620,497650.8446133205,0.5583128890689498,0.0,-497650.8446133205,69,0.0
1621,456342.0666487128,3.3847718899805077,28529.963159142342,-427812.10348957044,69,0.0
1622,432535.6884697732,6.455492779859732,335430.73430729646,-97104.95416247676,69,0.0
1623,423248.3752939632,6.699754668827397,376197.9993032503,-47050.3759907129,69,0.0
1624,435441.1298588166,6.978911113361872,423989.5826075525,-11451.547251264099,69,0.0
1625,536909.3995878968,6.56017644656016,352302.20765109936,-184607.1919367974,69,0.0
1626,577676.6678928322,5.932074446357591,259152.31625483112,-318524.35163800104,69,0.0
1627,498527.2550995239,4.5711867792520255,106892.23426778473,-391635.0208317392,69,0.0
1628,462897.5004578961,4.0477684457498855,66573.07974209143,-396324.4207158047,69,0.0
1629,470844.8587103128,4.745659557086072,122804.15160624978,-348040.707104063,69,0.0
1630,399578.0857745191,4.675870445952455,116439.38467086392,-283138.70110365516,69,0.0
1631,334184.9859518555,3.245193667713271,22388.521379383918,-311796.46457247157,69,0.0
1632,346183.8664961597,2.756669889777939,5954.7414428481825,-340229.1250533115,69,0.0
1633,336003.0606950167,2.0936733340085616,0.0,-336003.0606950167,69,0.0
1634,328273.2229974236,2.1634624451421804,0.0,-328273.2229974236,69,0.0
1635,321970.533261254,2.3030406674094177,0.0,-321970.533261254,69,0.0
1636,373178.167583613,2.2332515562757993,0.0,-373178.167583613,69,0.0
1637,353619.9236384596,2.756669889777939,5954.7414428481825,-347665.1821956114,69,0.0
1638,390770.7817021952,3.5243501122477454,35031.78660016743,-355738.9951020278,69,0.0
1639,453512.6967515728,3.873295667915839,55549.78527345132,-397962.9114781215,69,0.0
1640,470612.6945334712,3.7686120012154114,49394.38567146619,-421218.308862005,69,0.0
1641,500101.6225566621,3.210299112146461,20853.160934444284,-479248.46162221784,69,0.0
1642,463737.6723254176,1.884306000607706,0.0,-463737.6723254176,69,0.0
1643,500991.0743333342,2.8613535564783676,8383.402510298129,-492607.6718230361,69,0.0
1644,470286.1829276074,3.5592446678145544,37083.5864674958,-433202.59646011156,69,0.0
1645,422870.4557145149,4.640975890385645,113257.00120317086,-309613.454511344,69,0.0
1646,399750.4015365016,5.408656112855451,191442.55974952615,-208307.84178697545,69,0.0
1647,416287.2595003409,6.315914557592494,314828.98870065215,-101458.27079968876,69,0.0
1648,417691.9764220588,7.432540335730394,512204.889668865,94512.91324680619,70,94512.91324680619
1649,518195.37785647047,7.851275002532106,602821.0105580763,84625.63270160585,70,179138.54594841204
1650,499491.72363418754,7.921064113665725,618202.5306519258,118710.80701773829,70,297849.3529661503
1651,539033.9270417787,7.432540335730394,512204.889668865,-26829.037372913677,71,271020.31559323665
1652,477068.5613289042,6.1065472241916385,283926.37029068585,-193142.19103821833,71,77878.12455501832
1653,447400.265482548,5.408656112855451,191442.55974952615,-255957.70573302184,71,0.0
1654,430102.5433788713,5.269077890588212,175921.46143340922,-254181.08194546207,71,0.0
1655,366195.3850706826,3.105615445446033,16247.079599625458,-349948.3054710572,71,0.0
1656,352094.60684250784,3.4196664455473176,30065.323604081976,-322029.28323842585,71,0.0
1657,372031.43355084007,3.83840111234903,53497.98540612295,-318533.44814471714,71,0.0
1658,335583.37653032166,4.326924890284361,87453.9817932702,-248129.39473705145,71,0.0
1659,364475.96715922345,4.36181944585117,90064.09454966751,-274411.87260955595,71,0.0
1660,353831.3881739472,4.152452112450315,74403.41801128357,-279427.97016266367,71,0.0
1661,375329.94581356295,2.4775134452434644,0.0,-375329.94581356295,71,0.0
1662,402728.8628910721,2.4775134452434644,0.0,-402728.8628910721,71,0.0
1663,453210.3851276084,2.407724334109846,0.0,-453210.3851276084,71,0.0
1664,517147.8208008205,2.407724334109846,0.0,-517147.8208008205,71,0.0
1665,491334.5419703978,2.791564445344749,6764.295131998172,-484570.2468383996,71,0.0
1666,498520.919340479,2.2681461118426083,0.0,-498520.919340479,71,0.0
1667,461418.8725229796,3.1405100010128426,17782.440044565075,-443636.43247841456,71,0.0
1668,442670.3076920212,3.698822890081792,45290.78593680938,-397379.5217552118,71,0.0
1669,416543.17757675546,4.640975890385645,113257.00120317086,-303286.1763735846,71,0.0
1670,404501.6787768648,5.548234335122689,208024.8134383421,-196476.86533852268,71,0.0
1671,446652.8069670151,6.52528189099335,346328.2597380615,-100324.54722895357,71,0.0
1672,431518.1490459272,6.804438335527826,394119.8430423639,-37398.30600356334,71,0.0
1673,509758.79730547406,5.827390779657163,245208.45185033412,-264550.34545513993,71,0.0
1674,473745.7766846938,6.03675811305802,273625.4974873637,-200120.27919733012,71,0.0
1675,516305.01741190767,6.6648601132605885,370224.0513902128,-146080.96602169488,71,0.0
1676,457967.9184699844,5.897179890790781,254504.36145333204,-203463.55701665234,71,0.0
1677,463459.3270829404,5.652918001823116,221968.6778428391,-241490.64924010128,71,0.0
1678,429998.74939169706,5.269077890588212,175921.46143340922,-254077.28795828784,71,0.0
1679,397406.6750833291,4.0128738901830765,63962.966985694125,-333443.70809763495,71,0.0
1680,292580.7335258295,4.431608556984789,95284.3200624622,-197296.41346336732,71,0.0
1681,346913.7684117838,5.059710557187357,152639.81395923407,-194273.95445254972,71,0.0
1682,326342.2709138675,6.420598224292922,330280.29790563526,3938.0269917677506,72,3938.0269917677506
1683,343311.4482442897,6.03675811305802,273625.4974873637,-69685.95075692603,73,0.0
1684,390039.0473628018,5.792496224090355,240560.4970488353,-149478.5503139665,73,0.0
1685,327798.14116465737,5.269077890588212,175921.46143340922,-151876.67973124815,73,0.0
1686,411857.97255877167,4.955026890486929,141898.4524124079,-269959.52014636376,73,0.0
1687,465865.032274444,3.977979334616267,61705.1848754365,-404159.8473990075,73,0.0
1688,489905.4171402851,3.3847718899805077,28529.963159142342,-461375.4539811427,73,0.0
1689,484981.45505520864,3.175404556579651,19317.800489504647,-465663.654565704,73,0.0
1690,449949.0979912908,2.8613535564783676,8383.402510298129,-441565.69548099267,73,0.0
1691,472349.0890692172,3.7337174456486015,47342.58580413777,-425006.50326507946,73,0.0
1692,474679.6266603019,4.152452112450315,74403.41801128357,-400276.2086490183,73,0.0
1693,385841.1629208275,5.1294996683209755,160400.36311729247,-225440.79980353505,73,0.0
1694,435661.9176518407,5.199288779454595,168160.912275351,-267501.0053764897,73,0.0
1695,455346.6487477403,5.0946051127541665,156520.0885382633,-298826.560209477,73,0.0
1696,443384.9048458095,4.745659557086072,122804.15160624978,-320580.7532395597,73,0.0
1697,498107.5982875916,4.466503112551599,97894.43281885957,-400213.165468732,73,0.0
1698,586542.5381223725,5.234183335021404,172041.18685438015,-414501.3512679923,73,0.0
1699,543733.9790314416,4.466503112551599,97894.43281885957,-445839.54621258203,73,0.0
1700,477079.2060527607,4.222241223583932,79623.64352407813,-397455.5625286826,73,0.0
1701,487367.11437956727,4.640975890385645,113257.00120317086,-374110.1131763964,73,0.0
1702,452570.74358077673,4.501397668118408,100527.46733239877,-352043.276248378,73,0.0
1703,343824.3358094585,4.39671400141798,92674.20730606488,-251150.12850339361,73,0.0
1704,335252.6446045303,4.257135779150741,82233.75628047543,-253018.8883240549,73,0.0
1705,329569.5600660728,3.5243501122477454,35031.78660016743,-294537.77346590534,73,0.0
1706,336770.8564219274,3.4196664455473176,30065.323604081976,-306705.5328178454,73,0.0
1707,352403.0249968417,3.5941392233813643,39135.386334824216,-313267.6386620175,73,0.0
1708,375378.3442775307,3.5592446678145544,37083.5864674958,-338294.7578100349,73,0.0
1709,370922.6487291725,2.582197111943893,1906.9729970983203,-369015.67573207413,73,0.0
1710,397593.02927573473,2.7217753342111304,5145.187753698225,-392447.8415220365,73,0.0
1711,482956.5172751557,3.0009317787456045,11640.998264806596,-471315.5190103491,73,0.0
1712,505155.1900875732,2.791564445344749,6764.295131998172,-498390.894955575,73,0.0
1713,467204.4919072094,2.3030406674094177,0.0,-467204.4919072094,73,0.0
1714,489181.06300004345,2.5473025563770832,1097.4193079483314,-488083.6436920951,73,0.0
1715,496988.6169396265,2.826459000911558,7573.84882114815,-489414.76811847836,73,0.0
1716,498666.5884684931,3.8035065567822204,51446.18553879456,-447220.4029296985,73,0.0
1717,412630.8122962069,4.640975890385645,113257.00120317086,-299373.811093036,73,0.0
1718,380399.2610212433,5.024816001620548,148759.5393802049,-231639.7216410384,73,0.0
1719,430105.0592629645,5.024816001620548,148759.5393802049,-281345.51988275966,73,0.0
1720,372101.04147266666,5.199288779454595,168160.912275351,-203940.12919731566,73,0.0
1721,479396.32986497856,4.257135779150741,82233.75628047543,-397162.57358450314,73,0.0
1722,543686.8198278558,4.955026890486929,141898.4524124079,-401788.3674154479,73,0.0
1723,539198.4066500973,4.710765001519263,119621.76813855681,-419576.63851154054,73,0.0
1724,470684.95758185466,4.536292223685217,103709.85080009176,-366975.1067817629,73,0.0
1725,463764.9518023703,3.8035065567822204,51446.18553879456,-412318.76626357576,73,0.0
1726,401285.2130027604,3.3498773344136983,26994.602714202723,-374290.6102885577,73,0.0
1727,349870.9281899651,3.7686120012154114,49394.38567146619,-300476.5425184989,73,0.0
1728,337785.64349024784,4.431608556984789,95284.3200624622,-242501.32342778565,73,0.0
1729,468035.8565095367,4.9899214460537396,145080.83588010108,-322955.0206294356,73,0.0
1730,361763.16507144814,4.9899214460537396,145080.83588010108,-216682.32919134706,73,0.0
1731,395548.90542782,4.88523777935331,135533.68547702185,-260015.21995079814,73,0.0
1732,386357.4596517696,4.640975890385645,113257.00120317086,-273100.45844859874,73,0.0
1733,382910.4579103134,4.606081334818835,110074.6177354778,-272835.8401748356,73,0.0
1734,393533.8016540473,4.9899214460537396,145080.83588010108,-248452.9657739462,73,0.0
1735,408858.2689035635,4.745659557086072,122804.15160624978,-286054.1172973137,73,0.0
1736,462910.1257216016,4.117557556883505,71793.30525488619,-391116.8204667154,73,0.0
1737,498895.73588214064,2.9311426676119865,10002.509888598086,-488893.2259935425,73,0.0
1738,532645.2449516427,2.4775134452434644,0.0,-532645.2449516427,73,0.0
1739,644298.8740869755,2.4775134452434644,0.0,-644298.8740869755,73,0.0
1740,507907.0290366095,2.651986223077511,3526.0803753982573,-504380.94866121124,73,0.0
1741,475945.95472018793,3.4196664455473176,30065.323604081976,-445880.63111610594,73,0.0
1742,1284918.0635236732,4.152452112450315,74403.41801128357,-1210514.6455123897,73,0.0
1743,695087.8032102074,4.710765001519263,119621.76813855681,-575466.0350716505,73,0.0
1744,536493.7713812825,5.652918001823116,221968.6778428391,-314525.0935384434,73,0.0
1745,539414.9930628412,6.595071002126969,358276.1555641371,-181138.83749870415,73,0.0
1746,529285.0419324279,6.978911113361872,423989.5826075525,-105295.45932487538,73,0.0
1747,540822.5525290048,7.1882784467627285,464427.26418678975,-76395.288342215,73,0.0
1748,457259.1398415511,3.5592446678145544,37083.5864674958,-420175.5533740553,73,0.0
1749,483838.44091278105,4.187346668017123,77013.53076768082,-406824.9101451002,73,0.0
1750,448171.9686912773,4.466503112551599,97894.43281885957,-350277.53587241773,73,0.0
1751,452952.9611120325,3.5243501122477454,35031.78660016743,-417921.17451186513,73,0.0
1752,433434.36647248303,3.977979334616267,61705.1848754365,-371729.18159704655,73,0.0
1753,474123.2690977443,3.7686120012154114,49394.38567146619,-424728.88342627813,73,0.0
1754,423338.4585292196,4.292030334717551,84843.86903687281,-338494.5894923468,73,0.0
1755,424825.2940915042,4.501397668118408,100527.46733239877,-324297.82675910543,73,0.0
1756,342924.41775337263,3.9430847790494576,59653.38500810811,-283271.0327452645,73,0.0
1757,332094.6663455227,2.407724334109846,0.0,-332094.6663455227,73,0.0
1758,408814.268907176,1.744727778340468,0.0,-408814.268907176,73,0.0
1759,413729.27090915455,2.407724334109846,0.0,-413729.27090915455,73,0.0
1760,475775.7832252129,2.617091667510702,2716.526686248289,-473059.2565389646,73,0.0
1761,538642.6194840645,4.8503432237865,132351.3020093288,-406291.3174747357,73,0.0
1762,501750.4587404912,6.211230890892066,299377.67949566897,-202372.77924482222,73,0.0
1763,582311.453643352,6.420598224292922,330280.29790563526,-252031.15573771676,73,0.0
1764,573414.0006796524,6.420598224292922,330280.29790563526,-243133.70277401718,73,0.0
1765,516074.3429421384,6.839332891094635,400093.79095540155,-115980.55198673683,73,0.0
1766,1251479.2072423156,6.769543779961015,388145.8951293258,-863333.3121129898,73,0.0
1767,780773.4115507316,6.909122002228254,412041.6867814771,-368731.7247692545,73,0.0
1768,539727.6204463401,7.153383891195919,457601.8891179217,-82125.73132841836,73,0.0
1769,554082.0796621101,6.595071002126969,358276.1555641371,-195805.92409797298,73,0.0
1770,511115.6504945452,6.350809113159303,319979.42510231317,-191136.225392232,73,0.0
1771,549679.536721653,5.47844522398907,199203.10890758454,-350476.4278140684,73,0.0
1772,471486.6084665248,4.745659557086072,122804.15160624978,-348682.456860275,73,0.0
1773,500336.0362818993,3.8035065567822204,51446.18553879456,-448889.85074310476,73,0.0
1774,489704.6629723376,3.454561001114127,31600.684049021587,-458103.97892331606,73,0.0
1775,475570.59536285145,4.222241223583932,79623.64352407813,-395946.9518387733,73,0.0
1776,428784.1513746729,4.187346668017123,77013.53076768082,-351770.62060699204,73,0.0
1777,312271.55093455384,3.83840111234903,53497.98540612295,-258773.5655284309,73,0.0
1778,335677.5739797856,3.83840111234903,53497.98540612295,-282179.5885736627,73,0.0
1779,379859.7021224144,3.7686120012154114,49394.38567146619,-330465.31645094824,73,0.0
1780,322449.36972509034,4.152452112450315,74403.41801128357,-248045.95171380677,73,0.0
1781,339452.8593391054,4.0128738901830765,63962.966985694125,-275489.89235341124,73,0.0
1782,419843.8917199631,4.536292223685217,103709.85080009176,-316134.04091987136,73,0.0
1783,467512.1137218212,4.710765001519263,119621.76813855681,-347890.3455832644,73,0.0
1784,494480.8986550189,5.164394223887786,164280.63769632182,-330200.26095869706,73,0.0
1785,466663.6418504045,6.1414417797584475,289076.8066923469,-177586.83515805763,73,0.0
1786,469004.8819143684,6.769543779961015,388145.8951293258,-80858.98678504262,73,0.0
1787,492501.8467589728,6.6648601132605885,370224.0513902128,-122277.79536876001,73,0.0
1788,503334.58417851874,7.362751224596776,498554.1395311294,-4780.444647389348,73,0.0
1789,427265.0939871806,8.13043144706658,662990.6038839819,235725.50989680132,74,235725.50989680132
1790,403338.4676934641,8.72363889170234,782733.5671967207,379395.0995032567,74,615120.6094000579
1791,427912.3499979808,9.177268114070863,861815.6605843995,433903.31058641867,74,1049023.9199864767
1792,402016.6816248219,9.142373558504051,856497.7303160174,454481.0486911955,74,1503504.968677672
1793,494501.6356072735,9.77047555870662,941617.8332455894,447116.1976383159,74,1950621.166315988
1794,558985.3372768037,9.142373558504051,856497.7303160174,297512.3930392137,74,2248133.5593552017
1795,580880.1790645292,8.025747780366153,641007.0338768922,60126.85481236293,74,2308260.4141675644
1796,478142.3154294197,7.537224002430823,533604.1701357533,55461.85470633366,74,2363722.268873898
1797,454557.6284396232,7.432540335730394,512204.889668865,57647.26122924179,74,2421369.5301031396
1798,452212.15361782425,7.1882784467627285,464427.26418678975,12215.110568965494,74,2433584.640672105
1799,361580.3906475741,6.909122002228254,412041.6867814771,50461.29613390303,74,2484045.9368060078
1800,297330.0157611052,6.211230890892066,299377.67949566897,2047.6637345637428,74,2486093.6005405714
1801,339070.3863717782,6.001863557491209,268475.0610857024,-70595.32528607582,75,2415498.2752544954
1802,333176.8264252657,6.001863557491209,268475.0610857024,-64701.76533956331,75,2350796.5099149323
1803,352661.2162716532,6.385703668726113,325129.86150397424,-27531.354767678946,75,2323265.1551472535
1804,353129.5263869356,5.932074446357591,259152.31625483112,-93977.21013210449,75,2229287.945015149
1805,332305.876600306,4.536292223685217,103709.85080009176,-228596.02580021427,75,2000691.919214935
1806,386550.3362628403,4.536292223685217,103709.85080009176,-282840.48546274856,75,1717851.4337521866
1807,464096.8460790515,4.466503112551599,97894.43281885957,-366202.4132601919,75,1351649.0204919947
1808,550812.8569855641,4.780554112652882,125986.53507394284,-424826.32191162126,75,926822.6985803734
1809,464851.89434171934,5.234183335021404,172041.18685438015,-292810.70748733915,75,634011.9910930343
1810,523833.5613589941,4.780554112652882,125986.53507394284,-397847.02628505125,75,236164.96480798302
1811,510632.5371540058,2.1634624451421804,0.0,-510632.5371540058,75,0.0
1812,470573.222589885,3.9081902234826478,57601.58514077969,-412971.6374491053,75,0.0
1813,394261.9782059303,3.314982778846889,25459.242269263108,-368802.7359366672,75,0.0
1814,447780.4757000515,3.977979334616267,61705.1848754365,-386075.29082461505,75,0.0
1815,445072.8054119904,2.8613535564783676,8383.402510298129,-436689.40290169226,75,0.0
1816,389339.884892283,3.83840111234903,53497.98540612295,-335841.8994861601,75,0.0
1817,520490.5384185792,5.303972446155022,179801.73601243846,-340688.8024061407,75,0.0
1818,526902.0315539484,4.39671400141798,92674.20730606488,-434227.8242478835,75,0.0
1819,541553.6152283581,4.501397668118408,100527.46733239877,-441026.1478959593,75,0.0
1820,467373.1679215939,4.466503112551599,97894.43281885957,-369478.7351027343,75,0.0
1821,439221.9473250587,3.7337174456486015,47342.58580413777,-391879.36152092094,75,0.0
1822,444404.3593783774,3.8035065567822204,51446.18553879456,-392958.1738395828,75,0.0
1823,376943.2495017998,3.1405100010128426,17782.440044565075,-359160.80945723475,75,0.0
1824,303915.0102638616,2.791564445344749,6764.295131998172,-297150.7151318634,75,0.0
1825,347048.36290392466,2.3030406674094177,0.0,-347048.36290392466,75,0.0
1826,358561.5512553605,1.849411445040896,0.0,-358561.5512553605,75,0.0
1827,410849.0,1.5353604449396119,0.0,-410849.0,75,0.0
1828,360139.15774623305,1.4306767782391838,0.0,-360139.15774623305,75,0.0
1829,365343.946116147,1.7796223339072772,0.0,-365343.946116147,75,0.0
1830,352160.15168934007,1.64004411164004,0.0,-352160.15168934007,75,0.0
1831,470994.9136764509,1.7098332227736588,0.0,-470994.9136764509,75,0.0
1832,436335.5397308908,1.64004411164004,0.0,-436335.5397308908,75,0.0
1833,447057.75999474426,1.7098332227736588,0.0,-447057.75999474426,75,0.0
1834,432765.89357322,1.919200556174515,0.0,-432765.89357322,75,0.0
1835,498545.2838223776,4.326924890284361,87453.9817932702,-411091.3020291074,75,0.0
1836,483530.2516468003,3.873295667915839,55549.78527345132,-427980.466373349,75,0.0
1837,394700.68723096617,4.815448668219692,129168.91854163593,-265531.76868933026,75,0.0
1838,457481.4141279874,6.071652668624828,278775.93388902454,-178705.48023896286,75,0.0
1839,449773.8873006303,6.211230890892066,299377.67949566897,-150396.2078049613,75,0.0
1840,422064.7015326552,6.629965557693778,364250.10347717477,-57814.598055480456,75,0.0
1841,511906.7671841257,5.47844522398907,199203.10890758454,-312703.65827654116,75,0.0
1842,542081.753300656,5.757601668523544,235912.5422473361,-306169.21105331986,75,0.0
1843,556237.1563929963,5.583128890689498,212672.76823984107,-343564.3881531552,75,0.0
1844,466991.2618330788,4.640975890385645,113257.00120317086,-353734.26062990795,75,0.0
1845,476988.6420626775,4.117557556883505,71793.30525488619,-405195.33680779126,75,0.0
1846,413622.8752027032,4.152452112450315,74403.41801128357,-339219.4571914196,75,0.0
1847,362454.7004535297,3.5941392233813643,39135.386334824216,-323319.3141187055,75,0.0
1848,344072.5181745126,4.39671400141798,92674.20730606488,-251398.3108684477,75,0.0
1849,340899.69002980844,4.292030334717551,84843.86903687281,-256055.82099293562,75,0.0
1850,332942.9894004797,3.9430847790494576,59653.38500810811,-273289.6043923716,75,0.0
1851,361685.58579899,4.466503112551599,97894.43281885957,-263791.1529801304,75,0.0
1852,354351.4574062354,4.675870445952455,116439.38467086392,-237912.07273537148,75,0.0
1853,359100.8127427384,3.105615445446033,16247.079599625458,-342853.733143113,75,0.0
1854,409325.4240612938,2.582197111943893,1906.9729970983203,-407418.4510641954,75,0.0
1855,421645.0251214175,2.3030406674094177,0.0,-421645.0251214175,75,0.0
1856,485106.4011788325,2.1285678895753706,0.0,-485106.4011788325,75,0.0
1857,483713.4438844842,2.2681461118426083,0.0,-483713.4438844842,75,0.0
1858,480354.5339639856,2.2681461118426083,0.0,-480354.5339639856,75,0.0
1859,454875.0053392937,0.7676802224698059,0.0,-454875.0053392937,75,0.0
1860,520934.3250146485,2.407724334109846,0.0,-520934.3250146485,75,0.0
1861,406774.4250357802,2.2681461118426083,0.0,-406774.4250357802,75,0.0
1862,395148.19122338993,1.4306767782391838,0.0,-395148.19122338993,75,0.0
1863,386654.58531990094,2.756669889777939,5954.7414428481825,-380699.8438770528,75,0.0
1864,433724.240969736,4.5711867792520255,106892.23426778473,-326832.00670195126,75,0.0
1865,548239.3224019357,5.792496224090355,240560.4970488353,-307678.82535310043,75,0.0
1866,570034.5576912743,5.408656112855451,191442.55974952615,-378591.9979417482,75,0.0
1867,501690.2099895042,4.466503112551599,97894.43281885957,-403795.7771706446,75,0.0
1868,449156.3110810031,4.39671400141798,92674.20730606488,-356482.1037749382,75,0.0
1869,481852.3497720666,4.675870445952455,116439.38467086392,-365412.96510120266,75,0.0
1870,420277.2011773888,4.536292223685217,103709.85080009176,-316567.350377297,75,0.0
1871,359182.64717295434,3.3847718899805077,28529.963159142342,-330652.684013812,75,0.0
1872,320845.1111158904,3.6290337789481733,41187.18620215259,-279657.9249137378,75,0.0
1873,314853.5118947688,3.245193667713271,22388.521379383918,-292464.9905153849,75,0.0
1874,322449.7545921504,3.105615445446033,16247.079599625458,-306202.67499252496,75,0.0
1875,352251.65610051743,4.222241223583932,79623.64352407813,-272628.0125764393,75,0.0
1876,328407.7277663208,3.489455556680936,33136.044493961184,-295271.6832723596,75,0.0
1877,372442.3993169134,3.314982778846889,25459.242269263108,-346983.1570476503,75,0.0
1878,431503.9757954935,3.210299112146461,20853.160934444284,-410650.81486104924,75,0.0
1879,497393.7198896438,3.0707208898792238,14711.719154685845,-482682.0007349579,75,0.0
1880,447214.00091253663,1.744727778340468,0.0,-447214.00091253663,75,0.0
1881,487435.74703629495,1.4306767782391838,0.0,-487435.74703629495,75,0.0
1882,481395.6697350186,0.6281020002025685,0.0,-481395.6697350186,75,0.0
1883,468604.85682630126,2.2332515562757993,0.0,-468604.85682630126,75,0.0
1884,449338.3483285608,4.187346668017123,77013.53076768082,-372324.81756088,75,0.0
1885,407663.2567764121,5.548234335122689,208024.8134383421,-199638.44333806998,75,0.0
1886,459045.44566329935,5.966969001924401,263800.2710563302,-195245.17460696917,75,0.0
1887,450702.75498115015,6.6648601132605885,370224.0513902128,-80478.70359093737,75,0.0
1888,452570.992150203,6.420598224292922,330280.29790563526,-122290.69424456771,75,0.0
1889,498218.7145026964,6.2461254464588745,304528.1158973299,-193690.59860536654,75,0.0
1890,534974.5001612565,5.443550668422261,195322.8343285554,-339651.66583270114,75,0.0
1891,552072.7852702772,4.955026890486929,141898.4524124079,-410174.3328578693,75,0.0
1892,468761.0450772947,4.88523777935331,135533.68547702185,-333227.35960027284,75,0.0
1893,505120.08957776014,4.815448668219692,129168.91854163593,-375951.17103612423,75,0.0
1894,427472.3922148675,4.8503432237865,132351.3020093288,-295121.0902055387,75,0.0
1895,364392.677409155,4.187346668017123,77013.53076768082,-287379.1466414742,75,0.0
1896,333260.83783555875,4.36181944585117,90064.09454966751,-243196.74328589125,75,0.0
1897,490481.79857925366,4.0477684457498855,66573.07974209143,-423908.71883716225,75,0.0
1898,494823.4981417368,3.6639283345149827,43238.98606948098,-451584.5120722558,75,0.0
1899,373260.3665945719,3.4196664455473176,30065.323604081976,-343195.0429904899,75,0.0
1900,376277.8459483324,3.7686120012154114,49394.38567146619,-326883.4602768662,75,0.0
1901,350084.54266533826,2.756669889777939,5954.7414428481825,-344129.8012224901,75,0.0
1902,1116367.7451458343,3.1405100010128426,17782.440044565075,-1098585.3051012692,75,0.0
1903,459137.5215807444,2.791564445344749,6764.295131998172,-452373.2264487462,75,0.0
1904,453875.5141597857,2.651986223077511,3526.0803753982573,-450349.4337843874,75,0.0
1905,488199.9146918468,2.372829778543036,0.0,-488199.9146918468,75,0.0
1906,456958.59683598456,2.8962481120451775,9192.956199448117,-447765.64063653647,75,0.0
1907,595112.1759584473,3.0707208898792238,14711.719154685845,-580400.4568037614,75,0.0
1908,441951.2547897751,4.117557556883505,71793.30525488619,-370157.94953488896,75,0.0
1909,469035.0363887929,5.548234335122689,208024.8134383421,-261010.2229504508,75,0.0
1910,498658.0748219448,5.827390779657163,245208.45185033412,-253449.6229716107,75,0.0
1911,479492.15925653104,6.281020002025685,309678.5522989911,-169813.60695753992,75,0.0
1912,474574.10114400624,6.699754668827397,376197.9993032503,-98376.10184075596,75,0.0
1913,505073.243169604,7.921064113665725,618202.5306519258,113129.28748232184,76,113129.28748232184
1914,1430161.6558493555,8.16532600263339,670318.4605530121,-759843.1952963434,77,0.0
1915,519582.1328443694,7.8163804469652955,595130.2505111512,75548.11766678176,78,75548.11766678176
1916,505038.8445716042,7.467434891297203,519030.2647377329,13991.420166128664,78,89539.53783291043
1917,502377.3567366499,7.118489335629109,450776.51404905366,-51600.84268759622,79,37938.69514531421
1918,520449.0445608124,6.6648601132605885,370224.0513902128,-150224.99317059963,79,0.0
1919,487750.0423339851,6.769543779961015,388145.8951293258,-99604.1472046593,79,0.0
1920,510488.83494713786,6.455492779859732,335430.73430729646,-175058.1006398414,79,0.0
1921,486059.34031179006,6.211230890892066,299377.67949566897,-186681.6608161211,79,0.0
1922,481449.06922245165,5.199288779454595,168160.912275351,-313288.15694710065,79,0.0
1923,387858.3350116897,4.9899214460537396,145080.83588010108,-242777.4991315886,79,0.0
1924,352932.44144520204,5.164394223887786,164280.63769632182,-188651.80374888022,79,0.0
1925,360919.7411683214,6.1414417797584475,289076.8066923469,-71842.93447597453,79,0.0
1926,1164389.5540407514,5.652918001823116,221968.6778428391,-942420.8761979123,79,0.0
1927,468531.9881428679,5.408656112855451,191442.55974952615,-277089.4283933418,79,0.0
1928,490114.57072513655,3.8035065567822204,51446.18553879456,-438668.385186342,79,0.0
1929,488888.61037887423,3.6639283345149827,43238.98606948098,-445649.6243093932,79,0.0
1930,466583.1372924646,4.082663001316695,69183.1924984888,-397399.9447939758,79,0.0
1931,573961.2664405701,3.105615445446033,16247.079599625458,-557714.1868409447,79,0.0
1932,509943.9404322693,3.9081902234826478,57601.58514077969,-452342.3552914896,79,0.0
1933,518119.3972311818,4.675870445952455,116439.38467086392,-401680.0125603179,79,0.0
1934,473630.8122503464,6.699754668827397,376197.9993032503,-97432.81294709613,79,0.0
1935,481260.36018466455,7.572118557997631,541294.9301826778,60034.56999801326,80,60034.56999801326
1936,500094.2697619935,8.060642335932963,648334.8905459222,148240.62078392872,80,208275.190781942
1937,540727.5149482135,8.025747780366153,641007.0338768922,100279.5189286787,80,308554.7097106207
1938,1362199.7400943404,7.851275002532106,602821.0105580763,-759378.7295362641,81,0.0
1939,520394.6160324007,7.432540335730394,512204.889668865,-8189.726363535679,81,0.0
1940,425897.6,6.769543779961015,388145.8951293258,-37751.70487067418,81,0.0
1941,507126.80168768414,6.211230890892066,299377.67949566897,-207749.12219201517,81,0.0
1942,496436.1961617617,7.118489335629109,450776.51404905366,-45659.68211270805,81,0.0
1943,511616.0736627912,3.83840111234903,53497.98540612295,-458118.0882566683,81,0.0
1944,510413.4975042552,4.39671400141798,92674.20730606488,-417739.2901981903,81,0.0
1945,465195.4379218131,4.36181944585117,90064.09454966751,-375131.3433721456,81,0.0
1946,498284.578363057,3.8035065567822204,51446.18553879456,-446838.39282426244,81,0.0
1947,361678.938695602,3.28008822328008,23923.881824323515,-337755.0568712785,81,0.0
1948,375754.779383552,2.9311426676119865,10002.509888598086,-365752.2694949539,81,0.0
1949,376242.71168362367,3.7686120012154114,49394.38567146619,-326848.3260121575,81,0.0
1950,1262948.150349675,4.88523777935331,135533.68547702185,-1127414.4648726531,81,0.0
1951,437082.01942038944,4.606081334818835,110074.6177354778,-327007.40168491163,81,0.0
1952,425801.9068096008,3.314982778846889,25459.242269263108,-400342.66454033775,81,0.0
1953,488250.3437807845,3.210299112146461,20853.160934444284,-467397.18284634023,81,0.0
1954,513448.1105824588,3.5941392233813643,39135.386334824216,-474312.7242476346,81,0.0
1955,590641.1097344274,5.897179890790781,254504.36145333204,-336136.7482810954,81,0.0
1956,491162.1259963258,6.769543779961015,388145.8951293258,-103016.230867,81,0.0
1957,479077.8474741188,7.8163804469652955,595130.2505111512,116052.40303703235,82,116052.40303703235
1958,503763.3716200265,8.304904224900628,699629.887229132,195866.51560910553,82,311918.91864613787
1959,503745.6776631485,9.21216266963767,867133.5908527811,363387.9131896326,82,675306.8318357705
1960,519461.18689044175,9.561108225305764,917917.4511046124,398456.2642141707,82,1073763.0960499411
1961,490793.79227994,8.095536891499771,655662.7472149519,164868.95493501192,82,1238632.050984953
1962,1330486.2972726668,7.851275002532106,602821.0105580763,-727665.2867145905,83,510966.76427036256
1963,553369.8744248518,6.944016557795062,418015.6346945147,-135354.23973033717,83,375612.5245400254
1964,548640.484231491,6.804438335527826,394119.8430423639,-154520.6411891271,83,221091.88335089828
1965,491399.3571400349,7.921064113665725,618202.5306519258,126803.17351189093,84,347895.0568627892
1966,465632.5946817625,8.23511511376701,684974.1738910723,219341.57920930977,84,567236.636072099
1967,474610.9397021735,8.898111669536387,815604.2385406554,340993.29883848183,84,908229.9349105807
1968,446418.0517940465,9.805370114273432,945567.8969357525,499149.845141706,84,1407379.7800522868
1969,333063.5679198866,10.049632003241095,970816.153810023,637752.5858901364,84,2045132.3659424232
1970,330214.37491281144,9.28195178077129,877769.4513895446,547555.0764767332,84,2592687.4424191564
1971,338298.1297246063,8.304904224900628,699629.887229132,361331.7575045257,84,2954019.199923682
1972,344991.44977807807,8.444482447167864,728941.3139052514,383949.8641271734,84,3337969.0640508556
1973,364230.33745395904,8.304904224900628,699629.887229132,335399.54977517296,84,3673368.6138260285
1974,396027.5423709645,8.304904224900628,699629.887229132,303602.3448581675,84,3976970.958684196
1975,474038.7886710694,8.444482447167864,728941.3139052514,254902.52523418207,84,4231873.483918378
1976,490086.6193836102,8.444482447167864,728941.3139052514,238854.69452164124,84,4470728.1784400195
1977,480171.51844198455,10.29389389220876,986644.3242151276,506472.8057731431,84,4977200.984213162
1978,487154.0951706155,9.805370114273432,945567.8969357525,458413.801765137,84,5435614.7859783
1979,487464.0033580641,7.502329446864012,525913.4100888282,38449.40673076408,84,5474064.192709064
1980,493410.07198636176,7.2231730023295375,471252.6392556575,-22157.432730704255,85,5451906.75997836
1981,415541.3701301401,7.1882784467627285,464427.26418678975,48885.894056649646,86,5500792.654035009
1982,372601.3902993088,7.292962113463156,484903.38939339336,112301.99909408455,86,5613094.653129094
1983,435749.2082655955,7.397645780163584,505379.514599997,69630.30633440154,86,5682724.959463496
1984,414008.6324379524,7.327856669029965,491728.7644622612,77720.13202430884,86,5760445.091487804
1985,493678.0185817753,6.595071002126969,358276.1555641371,-135401.8630176382,87,5625043.228470166
1986,510473.9785266095,6.978911113361872,423989.5826075525,-86484.39591905696,87,5538558.83255111
1987,478769.2963787857,7.537224002430823,533604.1701357533,54834.87375696766,88,5593393.706308077
1988,480883.3512633494,7.397645780163584,505379.514599997,24496.163336647616,88,5617889.869644725
1989,500121.5079027287,7.990853224799343,633584.0507457752,133462.54284304654,88,5751352.412487771
1990,415269.2293312575,7.7814858913984875,587439.4904642267,172170.26113296917,88,5923522.673620741
1991,353521.84801591915,7.8163804469652955,595130.2505111512,241608.402495232,88,6165131.076115973
1992,343560.0206961997,7.67680222469806,564367.2103234524,220807.1896272527,88,6385938.265743226
1993,355327.93153157184,6.978911113361872,423989.5826075525,68661.65107598068,88,6454599.916819206
1994,344823.8129210139,6.734649224394207,382171.9472162883,37348.13429527439,88,6491948.051114481
1995,370635.4914506223,6.699754668827397,376197.9993032503,5562.507852627954,88,6497510.558967109
1996,319763.294108308,6.909122002228254,412041.6867814771,92278.39267316915,88,6589788.951640278
1997,373982.2356843043,7.607013113564441,548985.6902296027,175003.45454529842,88,6764792.406185577
1998,399039.6487780207,7.467434891297203,519030.2647377329,119990.61595971219,88,6884783.022145289
1999,431202.3798764261,6.804438335527826,394119.8430423639,-37082.53683406219,89,6847700.485311227
2000,541978.1757842907,6.071652668624828,278775.93388902454,-263202.2418952661,89,6584498.243415961
2001,430650.9052948225,6.420598224292922,330280.29790563526,-100370.60738918727,89,6484127.636026774
2002,494301.67402137874,6.176336335325257,294227.24309400795,-200074.4309273708,89,6284053.205099403
2003,508621.8580457329,5.164394223887786,164280.63769632182,-344341.2203494111,89,5939711.984749991
2004,457448.1589245788,5.408656112855451,191442.55974952615,-266005.59917505266,89,5673706.385574939
2005,393032.1922399138,5.792496224090355,240560.4970488353,-152471.6951910785,89,5521234.69038386
2006,440354.6216948173,5.932074446357591,259152.31625483112,-181202.3054399862,89,5340032.384943874
2007,446398.3554179538,6.804438335527826,394119.8430423639,-52278.512375589926,89,5287753.872568283
2008,428425.7345651797,7.607013113564441,548985.6902296027,120559.95566442306,90,5408313.8282327065
2009,469432.0989309705,7.1882784467627285,464427.26418678975,-5004.834744180727,91,5403308.993488526
2010,492879.6865203583,7.2580675578963465,478078.0143245254,-14801.672195832944,91,5388507.321292693
2011,505402.1282555927,7.2580675578963465,478078.0143245254,-27324.113931067346,91,5361183.2073616255
2012,466870.3555633031,7.013805668928682,430300.3888424502,-36569.966720852884,91,5324613.2406407725
2013,448364.0132035116,7.118489335629109,450776.51404905366,2412.500845542061,92,5327025.741486315
2014,455701.7154462395,6.420598224292922,330280.29790563526,-125421.41754060425,93,5201604.32394571
2015,389859.8308071327,6.211230890892066,299377.67949566897,-90482.15131146373,93,5111122.172634247
2016,359907.32333793055,6.03675811305802,273625.4974873637,-86281.82585056685,93,5024840.34678368
2017,332249.04213227954,5.827390779657163,245208.45185033412,-87040.59028194542,93,4937799.756501734
2018,343049.4473398741,6.315914557592494,314828.98870065215,-28220.458639221964,93,4909579.297862512
2019,364945.15653195913,6.03675811305802,273625.4974873637,-91319.65904459544,93,4818259.638817917
2020,365784.7167453125,5.338867001721832,183682.0105914677,-182102.7061538448,93,4636156.932664072
2021,347764.8306916877,3.698822890081792,45290.78593680938,-302474.0447548783,93,4333682.8879091935
2022,383486.4103887948,3.035826334312414,13176.358709746211,-370310.05167904857,93,3963372.836230145
2023,422787.0315617914,3.0009317787456045,11640.998264806596,-411146.0332969848,93,3552226.80293316
2024,439532.980754277,3.175404556579651,19317.800489504647,-420215.1802647724,93,3132011.622668388
2025,415323.65151921794,3.175404556579651,19317.800489504647,-396005.8510297133,93,2736005.7716386747
2026,507851.69189129135,3.8035065567822204,51446.18553879456,-456405.5063524968,93,2279600.265286178
2027,522926.109754464,1.919200556174515,0.0,-522926.109754464,93,1756674.1555317137
2028,486021.9911763064,3.035826334312414,13176.358709746211,-472845.6324665602,93,1283828.5230651535
2029,394914.1493969862,5.059710557187357,152639.81395923407,-242274.3354377521,93,1041554.1876274014
2030,404810.0728407345,7.292962113463156,484903.38939339336,80093.31655265886,94,1121647.5041800602
2031,467642.31975761097,7.153383891195919,457601.8891179217,-10040.430639689264,95,1111607.073540371
2032,431003.5705237141,8.16532600263339,670318.4605530121,239314.89002929797,96,1350921.9635696688
2033,490380.7150784949,7.67680222469806,564367.2103234524,73986.49524495745,96,1424908.4588146263
2034,541174.6435693982,7.7814858913984875,587439.4904642267,46264.846894828486,96,1471173.3057094547
2035,535765.6904925327,7.537224002430823,533604.1701357533,-2161.520356779336,97,1469011.7853526752
2036,484679.4661687239,6.176336335325257,294227.24309400795,-190452.22307471593,97,1278559.5622779592
2037,463966.4732976431,5.303972446155022,179801.73601243846,-284164.7372852047,97,994394.8249927545
2038,398521.2625213033,4.780554112652882,125986.53507394284,-272534.72744736046,97,721860.097545394
2039,368931.4785872649,4.745659557086072,122804.15160624978,-246127.3269810151,97,475732.7705643789
2040,322245.5051044536,5.269077890588212,175921.46143340922,-146324.04367104438,97,329408.72689333453
2041,338783.39896242094,4.710765001519263,119621.76813855681,-219161.63082386414,97,110247.0960694704
2042,348715.28123005416,5.059710557187357,152639.81395923407,-196075.46727082008,97,0.0
2043,344123.6100085334,6.1414417797584475,289076.8066923469,-55046.80331618653,97,0.0
2044,355334.73866268963,5.583128890689498,212672.76823984107,-142661.97042284856,97,0.0
2045,353148.1195004811,4.117557556883505,71793.30525488619,-281354.8142455949,97,0.0
2046,412568.1210073629,3.489455556680936,33136.044493961184,-379432.0765134017,97,0.0
2047,482190.12639020185,3.5941392233813643,39135.386334824216,-443054.74005537765,97,0.0
2048,513916.1806939814,3.454561001114127,31600.684049021587,-482315.49664495984,97,0.0
2049,494361.21347907657,3.035826334312414,13176.358709746211,-481184.85476933036,97,0.0
2050,473355.2239508114,3.5592446678145544,37083.5864674958,-436271.63748331566,97,0.0
2051,498504.20606166177,3.489455556680936,33136.044493961184,-465368.16156770056,97,0.0
2052,486456.1348085585,3.9081902234826478,57601.58514077969,-428854.54966777883,97,0.0
2053,417506.2500225679,4.88523777935331,135533.68547702185,-281972.5645455461,97,0.0
2054,418254.3908600207,5.792496224090355,240560.4970488353,-177693.8938111854,97,0.0
2055,440001.3080959284,6.52528189099335,346328.2597380615,-93673.04835786688,97,0.0
2056,460180.20824300055,6.6648601132605885,370224.0513902128,-89956.15685278777,97,0.0
2057,505556.90987885394,7.1882784467627285,464427.26418678975,-41129.645692064194,97,0.0
2058,501757.8067892668,6.699754668827397,376197.9993032503,-125559.80748601654,97,0.0
2059,477647.8324559656,6.699754668827397,376197.9993032503,-101449.83315271529,97,0.0
2060,449022.7999794173,6.03675811305802,273625.4974873637,-175397.3024920536,97,0.0
2061,434048.4360328027,6.52528189099335,346328.2597380615,-87720.17629474116,97,0.0
2062,431931.9034302175,6.03675811305802,273625.4974873637,-158306.40594285383,97,0.0
2063,334916.24594942783,5.652918001823116,221968.6778428391,-112947.56810658873,97,0.0
2064,296986.9057379059,5.966969001924401,263800.2710563302,-33186.6346815757,97,0.0
2065,456198.0580579347,6.595071002126969,358276.1555641371,-97921.90249379759,97,0.0
2066,401998.28222824977,6.52528189099335,346328.2597380615,-55670.02249018825,97,0.0
2067,393824.37929684913,6.211230890892066,299377.67949566897,-94446.69980118016,97,0.0
2068,390812.7379577198,6.350809113159303,319979.42510231317,-70833.3128554066,97,0.0
2069,358493.5784727486,6.281020002025685,309678.5522989911,-48815.02617375745,97,0.0
2070,373058.921998122,5.47844522398907,199203.10890758454,-173855.81309053747,97,0.0
2071,426619.7926630621,5.0946051127541665,156520.0885382633,-270099.70412479877,97,0.0
2072,458075.3583745485,5.234183335021404,172041.18685438015,-286034.1715201683,97,0.0
2073,531450.8938109259,6.071652668624828,278775.93388902454,-252674.95992190135,97,0.0
2074,482671.8717399956,6.804438335527826,394119.8430423639,-88552.02869763173,97,0.0
2075,564804.697271595,7.153383891195919,457601.8891179217,-107202.80815367331,97,0.0
2076,532335.3722313076,7.921064113665725,618202.5306519258,85867.15842061827,98,85867.15842061827
2077,535050.4859655784,8.479377002734674,736269.1705742816,201218.68460870325,98,287085.8430293215
2078,1245908.5816948966,8.444482447167864,728941.3139052514,-516967.2677896451,99,0.0
2079,765607.8532355558,9.072584447370433,845861.869779254,80254.01654369815,100,80254.01654369815
2080,477837.5368755268,8.68874433613553,776159.4329279339,298321.89605240704,100,378575.9125961052
2081,498436.2064387644,9.21216266963767,867133.5908527811,368697.3844140167,100,747273.2970101219
2082,531204.7177772521,9.456424558605336,904359.1027314533,373154.3849542012,100,1120427.681964323
2083,521277.7970962816,9.316846336338099,883087.3816579262,361809.58456164465,100,1482237.2665259675
2084,524036.7987821451,9.28195178077129,877769.4513895446,353732.65260739956,100,1835969.919133367
2085,477697.6821823033,8.72363889170234,782733.5671967207,305035.88501441746,100,2141005.8041477846
2086,492617.4637020601,8.409587891601056,721613.4572362219,228995.99353416177,100,2370001.7976819463
2087,469368.8063342936,8.72363889170234,782733.5671967207,313364.7608624271,100,2683366.5585443736
2088,440581.7839036577,8.339798780467437,706957.7438981617,266375.959994504,100,2949742.5185388774
2089,471083.279826778,8.270009669333819,692302.030560102,221218.75073332398,100,3170961.269272201
2090,396650.8910527322,7.8163804469652955,595130.2505111512,198479.35945841897,100,3369440.6287306203
2091,419083.5407283536,7.537224002430823,533604.1701357533,114520.62940739974,100,3483961.25813802
2092,368550.5568689148,7.921064113665725,618202.5306519258,249651.97378301102,100,3733613.231921031
2093,379918.4873777018,8.409587891601056,721613.4572362219,341694.9698585201,100,4075308.2017795513
2094,386589.5106141893,8.549166113868294,749862.8958527866,363273.3852385973,100,4438581.587018149
2095,401907.83419989794,8.200220558200199,677646.3172220417,275738.4830221437,100,4714320.070040293
2096,440281.364819708,8.339798780467437,706957.7438981617,266676.3790784537,100,4980996.449118746
2097,466836.06858452654,8.479377002734674,736269.1705742816,269433.10198975506,100,5250429.551108502
2098,510048.32628100365,8.339798780467437,706957.7438981617,196909.41761715803,100,5447338.96872566
2099,649949.6078662183,8.16532600263339,670318.4605530121,20368.852686793776,100,5467707.821412453
2100,506314.4755606873,8.200220558200199,677646.3172220417,171331.84166135435,100,5639039.663073808
2101,494145.005048429,8.304904224900628,699629.887229132,205484.882180703,100,5844524.545254511
2102,1305401.3678659953,8.584060669435102,756437.0301215732,-548964.337744422,101,5295560.207510089
2103,704717.9264934337,9.21216266963767,867133.5908527811,162415.66435934743,102,5457975.8718694355
2104,514648.1648985437,9.73558100313981,937667.7695554266,423019.6046568829,102,5880995.476526318
2105,555531.1493824266,9.73558100313981,937667.7695554266,382136.6201729999,102,6263132.096699318
2106,541328.2916701019,9.351740891904909,888405.3119263081,347077.02025620616,102,6610209.116955524
2107,548002.4477012893,9.072584447370433,845861.869779254,297859.42207796464,102,6908068.539033489
2108,472928.5717427817,8.584060669435102,756437.0301215732,283508.4583787915,102,7191576.997412281
2109,497590.14280184463,8.514271558301482,743288.7615839993,245698.61878215463,102,7437275.616194435
2110,463120.4103445523,8.653849780568722,769585.2986591471,306464.8883145948,102,7743740.50450903
2111,438181.1968119422,8.374693336034246,714285.6005671917,276104.4037552495,102,8019844.908264279
2112,467385.5435523876,7.711696780264869,572057.970370377,104672.42681798933,102,8124517.335082268
2113,351208.4209753033,7.432540335730394,512204.889668865,160996.46869356174,102,8285513.80377583
2114,336606.2094415645,7.397645780163584,505379.514599997,168773.30515843251,102,8454287.108934263
2115,341960.26737598574,6.699754668827397,376197.9993032503,34237.73192726454,102,8488524.840861527
2116,327743.01377349865,5.932074446357591,259152.31625483112,-68590.69751866753,103,8419934.14334286
2117,332969.4281193275,6.734649224394207,382171.9472162883,49202.51909696078,104,8469136.662439821
2118,375976.7905241128,6.595071002126969,358276.1555641371,-17700.634959975723,105,8451436.027479846
2119,500940.9934666801,5.443550668422261,195322.8343285554,-305618.1591381247,105,8145817.868341722
2120,450304.9933591823,5.583128890689498,212672.76823984107,-237632.22511934125,105,7908185.64322238
2121,471160.8431537408,6.56017644656016,352302.20765109936,-118858.63550264144,105,7789327.007719739
2122,425748.7276170961,6.804438335527826,394119.8430423639,-31628.88457473222,105,7757698.1231450075
2123,425960.2540933581,7.467434891297203,519030.2647377329,93070.01064437476,106,7850768.133789382
2124,474144.0599030457,7.711696780264869,572057.970370377,97913.91046733124,106,7948682.044256713
2125,398482.9120215156,7.67680222469806,564367.2103234524,165884.29830193677,106,8114566.34255865
2126,411093.0350401611,7.746591335831678,579748.7304173018,168655.69537714066,106,8283222.037935791
2127,412526.3461875906,7.886169558098915,610511.7706050009,197985.42441741028,106,8481207.462353202
2128,434040.31101063616,8.549166113868294,749862.8958527866,315822.58484215045,106,8797030.047195353
2129,537950.8912020633,9.177268114070863,861815.6605843995,323864.7693823362,106,9120894.816577688
2130,523745.2188923591,9.107479002937243,851179.8000476358,327434.5811552767,106,9448329.397732964
2131,543914.0550104302,8.898111669536387,815604.2385406554,271690.1835302252,106,9720019.581263188
2132,452470.1296097175,8.863217113969577,809030.1042718684,356559.97466215084,106,10076579.55592534
2133,453452.3029072986,7.7814858913984875,587439.4904642267,133987.18755692808,106,10210566.743482267
2134,437570.7856121116,7.362751224596776,498554.1395311294,60983.35391901777,106,10271550.097401286
2135,328346.38243556244,7.048700224495491,437125.76391131803,108779.3814757556,106,10380329.478877041
2136,334629.5360695443,7.990853224799343,633584.0507457752,298954.5146762309,106,10679283.993553272
2137,322900.89092037594,7.641907669131249,556676.4502765272,233775.55935615127,106,10913059.552909423
2138,331282.87130674365,6.978911113361872,423989.5826075525,92706.71130080888,106,11005766.264210232
2139,346340.127037514,7.013805668928682,430300.3888424502,83960.26180493622,106,11089726.526015168
2140,388313.0054341642,7.572118557997631,541294.9301826778,152981.92474851361,106,11242708.450763682
2141,347185.8125688727,5.932074446357591,259152.31625483112,-88033.49631404158,107,11154674.95444964
2142,395077.7305406813,6.1414417797584475,289076.8066923469,-106000.92384833441,107,11048674.030601306
2143,479978.31151667406,6.2461254464588745,304528.1158973299,-175450.1956193442,107,10873223.834981961
2144,500329.0481190931,6.56017644656016,352302.20765109936,-148026.84046799375,107,10725196.994513968
2145,462806.1774882229,6.6648601132605885,370224.0513902128,-92582.1260980101,107,10632614.868415957
2146,496350.1094817402,6.315914557592494,314828.98870065215,-181521.12078108807,107,10451093.74763487
2147,480037.8712310993,7.921064113665725,618202.5306519258,138164.65942082653,108,10589258.407055696
2148,451206.5319965984,8.549166113868294,749862.8958527866,298656.3638561882,108,10887914.770911885
2149,422638.1021257343,9.072584447370433,845861.869779254,423223.76765351964,108,11311138.538565405
2150,418412.6819094841,9.700686447573,933717.7058652636,515305.0239557795,108,11826443.562521184
2151,413803.72565363336,9.700686447573,933717.7058652636,519913.98021163023,108,12346357.542732814
2152,424879.8470606664,10.189210225508333,979860.82261294,554980.9755522736,108,12901338.518285088
2153,509631.8105703268,10.049632003241095,970816.153810023,461184.3432396962,108,13362522.861524785
2154,544867.1172565435,9.979842892107477,965318.2153865664,420451.0981300229,108,13782973.959654808
2155,508180.1836061901,8.75853344726915,789307.7014655077,281127.51785931765,108,14064101.477514125
2156,504800.1462085586,7.990853224799343,633584.0507457752,128783.90453721664,108,14192885.382051341
2157,423715.100247307,7.955958669232534,625893.2906988506,202178.19045154366,108,14395063.572502885
2158,448902.49787816434,8.304904224900628,699629.887229132,250727.38935096766,108,14645790.961853852
2159,403308.1148950932,9.316846336338099,883087.3816579262,479779.26676283305,108,15125570.228616685
2160,352622.3050895641,8.75853344726915,789307.7014655077,436685.3963759436,108,15562255.624992628
2161,387143.7243573379,8.618955225001912,763011.1643903602,375867.4400330223,108,15938123.06502565
2162,394699.1176109734,7.955958669232534,625893.2906988506,231194.17308787722,108,16169317.238113526
2163,414539.8818176719,7.467434891297203,519030.2647377329,104490.382920061,108,16273807.621033587
2164,394987.8049418482,7.048700224495491,437125.76391131803,42137.95896946982,108,16315945.580003057
2165,336365.41104212904,5.757601668523544,235912.5422473361,-100452.86879479294,109,16215492.711208263
2166,379291.5106692665,6.455492779859732,335430.73430729646,-43860.776361970056,109,16171631.934846293
2167,401413.7041259205,6.420598224292922,330280.29790563526,-71133.40622028522,109,16100498.528626008
2168,428531.9295188507,6.211230890892066,299377.67949566897,-129154.25002318172,109,15971344.278602825
2169,441776.8847056749,6.769543779961015,388145.8951293258,-53630.98957634909,109,15917713.289026476
2170,463326.5526282444,7.118489335629109,450776.51404905366,-12550.038579190732,109,15905163.250447286
2171,487860.7964647304,7.292962113463156,484903.38939339336,-2957.4070713370456,109,15902205.84337595
2172,489497.8143267467,7.746591335831678,579748.7304173018,90250.91609055508,110,15992456.759466505
2173,447191.9767387359,8.13043144706658,662990.6038839819,215798.62714524602,110,16208255.38661175
2174,419518.4202911088,8.270009669333819,692302.030560102,272783.6102689932,110,16481038.996880744
2175,400468.21900679165,8.584060669435102,756437.0301215732,355968.8111147816,110,16837007.807995524
2176,1000341.2196689053,8.828322558402768,802455.9700030814,-197885.24966582388,111,16639122.5583297
2177,488938.70669407153,8.549166113868294,749862.8958527866,260924.18915871507,112,16900046.747488413
2178,484899.8818167514,8.863217113969577,809030.1042718684,324130.222455117,112,17224176.96994353
2179,554316.0240855559,8.75853344726915,789307.7014655077,234991.6773799518,112,17459168.64732348
2180,516237.407350241,8.828322558402768,802455.9700030814,286218.5626528404,112,17745387.209976323
2181,479956.5145789844,8.68874433613553,776159.4329279339,296202.91834894946,112,18041590.128325272
2182,483311.1721051813,8.863217113969577,809030.1042718684,325718.93216668704,112,18367309.06049196
2183,400103.7580359319,7.921064113665725,618202.5306519258,218098.77261599392,112,18585407.833107956
2184,385895.1039327888,7.746591335831678,579748.7304173018,193853.62648451293,112,18779261.45959247
2185,381624.11854975694,7.502329446864012,525913.4100888282,144289.29153907124,112,18923550.751131542
2186,384617.0990657321,7.0835947800623,443951.13898018585,59334.03991445375,112,18982884.791045997
2187,401339.3774556648,6.6648601132605885,370224.0513902128,-31115.326065452013,113,18951769.464980546
2188,409877.3315102788,6.699754668827397,376197.9993032503,-33679.33220702852,113,18918090.13277352
2189,375063.0669186037,6.420598224292922,330280.29790563526,-44782.76901296846,113,18873307.36376055
2190,390100.394907111,6.6648601132605885,370224.0513902128,-19876.343516898225,113,18853431.020243652
2191,409589.2008723313,6.804438335527826,394119.8430423639,-15469.357829967397,113,18837961.662413687
2192,450296.3537877744,7.048700224495491,437125.76391131803,-13170.58987645636,113,18824791.07253723
2193,477845.1630662037,7.537224002430823,533604.1701357533,55759.00706954964,114,18880550.07960678
2194,476193.9994274654,7.67680222469806,564367.2103234524,88173.210895987,114,18968723.290502764
2195,455373.6581522898,6.839332891094635,400093.79095540155,-55279.867196888255,115,18913443.423305877
2196,493185.1492827726,7.607013113564441,548985.6902296027,55800.54094683012,116,18969243.964252707
2197,441091.5643370238,7.955958669232534,625893.2906988506,184801.72636182682,116,19154045.690614533
2198,429763.8639694869,8.618955225001912,763011.1643903602,333247.30042087333,116,19487292.991035406
2199,396080.5521470882,9.491319114172146,909677.0329998351,513596.48085274687,116,20000889.47188815
2200,1014382.2753549246,9.561108225305764,917917.4511046124,-96464.82425031217,117,19904424.64763784
2201,482206.0578717714,9.700686447573,933717.7058652636,451511.6479934922,118,20355936.295631334
2202,533500.6219613393,9.665791892006192,929767.642175101,396267.0202137617,118,20752203.315845095
2203,558513.6051247377,9.24705722520448,872451.5211211628,313937.9159964251,118,21066141.23184152
2204,497418.5022557712,9.316846336338099,883087.3816579262,385668.87940215506,118,21451810.111243673
2205,526886.1389303246,9.002795336236815,835226.0092424906,308339.87031216605,118,21760149.98155584
2206,503131.8912274035,8.75853344726915,789307.7014655077,286175.81023810426,118,22046325.791793942
2207,401265.0353940041,9.77047555870662,941617.8332455894,540352.7978515853,118,22586678.589645527
2208,414981.4606958325,9.002795336236815,835226.0092424906,420244.54854665813,118,23006923.138192184
2209,384630.97179346473,8.409587891601056,721613.4572362219,336982.48544275714,118,23343905.623634942
2210,394808.2016217853,8.374693336034246,714285.6005671917,319477.3989454064,118,23663383.022580348
2211,355634.2302752492,8.16532600263339,670318.4605530121,314684.23027776286,118,23978067.25285811
2212,363570.5446482401,8.13043144706658,662990.6038839819,299420.05923574185,118,24277487.31209385
2213,327626.1444399083,7.7814858913984875,587439.4904642267,259813.34602431837,118,24537300.65811817
2214,380703.790534257,7.8163804469652955,595130.2505111512,214426.45997689414,118,24751727.118095063
2215,425240.3861273457,6.595071002126969,358276.1555641371,-66964.23056320858,119,24684762.887531854
2216,383962.6765219023,6.490387335426542,340581.1707089576,-43381.50581294473,119,24641381.38171891
2217,508902.6082185831,7.013805668928682,430300.3888424502,-78602.21937613288,119,24562779.16234278
2218,479254.7406952704,7.397645780163584,505379.514599997,26124.773904726608,120,24588903.936247505
2219,513297.1279233872,7.327856669029965,491728.7644622612,-21568.36346112599,121,24567335.57278638
2220,489539.0643194401,7.990853224799343,633584.0507457752,144044.98642633512,122,24711380.559212714
2221,482514.9368104401,8.479377002734674,736269.1705742816,253754.2337638415,122,24965134.792976554
2222,412416.5638686621,8.828322558402768,802455.9700030814,390039.40613441926,122,25355174.199110974
2223,421934.7780159096,9.107479002937243,851179.8000476358,429245.0220317262,122,25784419.221142698
2224,957328.795455264,9.456424558605336,904359.1027314533,-52969.69272381079,123,25731449.528418887
2225,484095.57345577935,9.456424558605336,904359.1027314533,420263.5292756739,124,26151713.05769456
2226,482484.4636894223,9.73558100313981,937667.7695554266,455183.30586600426,124,26606896.363560565
2227,507980.7420004182,9.77047555870662,941617.8332455894,433637.0912451712,124,27040533.454805735
2228,479095.8607066157,9.665791892006192,929767.642175101,450671.78146848525,124,27491205.23627422
2229,526568.7246766271,9.386635447471717,893723.2421946897,367154.5175180626,124,27858359.753792282
2230,463540.42328979104,8.898111669536387,815604.2385406554,352063.8152508643,124,28210423.56904315
2231,435853.82766113424,8.618955225001912,763011.1643903602,327157.336729226,124,28537580.905772373
2232,411932.0941540806,8.374693336034246,714285.6005671917,302353.5064131111,124,28839934.412185483
2233,384503.9097033936,7.851275002532106,602821.0105580763,218317.10085468274,124,29058251.513040166
2234,399402.74726314575,6.804438335527826,394119.8430423639,-5282.904220781871,125,29052968.608819384
2235,352772.699115868,6.315914557592494,314828.98870065215,-37943.71041521587,125,29015024.89840417
2236,325498.11821351055,6.490387335426542,340581.1707089576,15083.052495447046,126,29030107.950899616
2237,351663.31036189536,7.67680222469806,564367.2103234524,212703.899961557,126,29242811.850861173
2238,391542.2100650419,7.292962113463156,484903.38939339336,93361.17932835146,126,29336173.030189525
2239,430053.1316351396,6.6648601132605885,370224.0513902128,-59829.080244926794,127,29276343.949944597
2240,405185.7828774792,6.455492779859732,335430.73430729646,-69755.04857018276,127,29206588.901374415
2241,412829.6708265015,6.1065472241916385,283926.37029068585,-128903.30053581565,127,29077685.600838598
2242,379044.5608525497,5.618023446256307,217320.72304134,-161723.83781120967,127,28915961.76302739
2243,552164.2815379922,4.431608556984789,95284.3200624622,-456879.96147553,127,28459081.80155186
2244,403058.28881874727,4.88523777935331,135533.68547702185,-267524.6033417254,127,28191557.198210135
2245,423070.54255874426,5.513339779555879,203376.85863684304,-219693.68392190122,127,27971863.514288235
2246,429387.3911402286,6.1414417797584475,289076.8066923469,-140310.58444788173,127,27831552.929840352
2247,471982.4391962172,6.804438335527826,394119.8430423639,-77862.59615385334,127,27753690.3336865
2248,1385634.7322192625,7.2231730023295375,471252.6392556575,-914382.092963605,127,26839308.240722895
2249,428970.094585969,7.2231730023295375,471252.6392556575,42282.544669688505,128,26881590.785392582
2250,438777.6461450964,7.118489335629109,450776.51404905366,11998.86790395726,128,26893589.65329654
2251,434482.1465010796,6.490387335426542,340581.1707089576,-93900.97579212202,129,26799688.67750442
2252,465267.4824960477,5.897179890790781,254504.36145333204,-210763.12104271565,129,26588925.556461703
2253,423305.1860473242,5.303972446155022,179801.73601243846,-243503.45003488575,129,26345422.106426816
2254,417008.0725543319,4.780554112652882,125986.53507394284,-291021.53748038906,129,26054400.56894643
2255,395002.1181024647,4.780554112652882,125986.53507394284,-269015.58302852185,129,25785384.985917907
2256,418572.63725814177,5.303972446155022,179801.73601243846,-238770.9012457033,129,25546614.084672205
2257,447958.4475237846,5.652918001823116,221968.6778428391,-225989.7696809455,129,25320624.314991258
2258,464251.62470957177,5.722707112956735,231264.58744583713,-232987.03726373464,129,25087637.277727522
2259,407695.2157512799,5.897179890790781,254504.36145333204,-153190.85429794787,129,24934446.423429575
2260,424092.8847099292,6.1414417797584475,289076.8066923469,-135016.0780175823,129,24799430.345411994
2261,426913.3692528066,6.2461254464588745,304528.1158973299,-122385.25335547671,129,24677045.092056517
2262,435830.56996536936,5.757601668523544,235912.5422473361,-199918.02771803326,129,24477127.064338483
2263,382323.81687967567,5.618023446256307,217320.72304134,-165003.09383833566,129,24312123.97050015
2264,386703.5781392008,5.408656112855451,191442.55974952615,-195261.01838967466,129,24116862.952110473
2265,493657.5707798171,6.1414417797584475,289076.8066923469,-204580.76408747025,129,23912282.188023
2266,480666.2340870292,6.56017644656016,352302.20765109936,-128364.02643592982,129,23783918.16158707
2267,629759.6933055657,6.281020002025685,309678.5522989911,-320081.1410065746,129,23463837.020580497
2268,540293.499181074,6.909122002228254,412041.6867814771,-128251.81239959685,129,23335585.2081809
2269,502647.0502612502,7.467434891297203,519030.2647377329,16383.21447648271,130,23351968.42265738
2270,1389749.0529571956,8.200220558200199,677646.3172220417,-712102.7357351539,131,22639865.686922226
2271,756014.8175690995,8.653849780568722,769585.2986591471,13570.48109004763,132,22653436.168012273
2272,537106.2677487768,9.072584447370433,845861.869779254,308755.60203047714,132,22962191.77004275
2273,555061.4559044122,8.549166113868294,749862.8958527866,194801.4399483744,132,23156993.209991127
2274,508790.4447480943,8.967900780670005,828752.507078229,319962.0623301347,132,23476955.27232126
2275,586224.7322978971,8.898111669536387,815604.2385406554,229379.50624275825,132,23706334.77856402
2276,517481.8078828528,8.409587891601056,721613.4572362219,204131.64935336908,132,23910466.42791739
2277,510444.7248309653,7.746591335831678,579748.7304173018,69304.00558633648,132,23979770.43350373
2278,534735.1441655628,7.0835947800623,443951.13898018585,-90784.00518537697,133,23888986.42831835
2279,503289.1495820464,7.641907669131249,556676.4502765272,53387.30069448083,134,23942373.729012832
2280,499902.3031421648,7.7814858913984875,587439.4904642267,87537.18732206192,134,24029910.916334894
2281,413186.1363369445,8.060642335932963,648334.8905459222,235148.75420897774,134,24265059.67054387
2282,371568.5169414809,7.502329446864012,525913.4100888282,154344.89314734726,134,24419404.563691217
2283,371372.6922731005,6.909122002228254,412041.6867814771,40668.994508376636,134,24460073.558199596
2284,393116.06647193246,6.595071002126969,358276.1555641371,-34839.91090779536,135,24425233.647291802
2285,341411.658123742,5.792496224090355,240560.4970488353,-100851.16107490667,135,24324382.486216895
2286,358207.4483087645,5.164394223887786,164280.63769632182,-193926.81061244267,135,24130455.67560445
2287,419014.43696066726,4.187346668017123,77013.53076768082,-342000.9061929864,135,23788454.769411463
2288,432894.64873785054,4.36181944585117,90064.09454966751,-342830.55418818304,135,23445624.21522328
2289,467394.42309924494,5.792496224090355,240560.4970488353,-226833.92605040965,135,23218790.28917287
2290,450050.50717413815,4.39671400141798,92674.20730606488,-357376.29986807326,135,22861413.989304796
2291,494267.4547868227,2.826459000911558,7573.84882114815,-486693.60596567456,135,22374720.383339122
2292,484606.5384914872,3.5941392233813643,39135.386334824216,-445471.152156663,135,21929249.23118246
2293,397719.9114992004,4.675870445952455,116439.38467086392,-281280.5268283365,135,21647968.704354122
2294,455779.6943249351,5.0946051127541665,156520.0885382633,-299259.60578667175,135,21348709.098567452
2295,470230.5285403216,5.618023446256307,217320.72304134,-252909.80549898162,135,21095799.293068472
2296,1055583.0795212437,6.52528189099335,346328.2597380615,-709254.8197831821,135,20386544.47328529
2297,449800.9224816102,7.362751224596776,498554.1395311294,48753.21704951918,136,20435297.69033481
2298,471684.7870994317,8.68874433613553,776159.4329279339,304474.6458285022,136,20739772.336163312
2299,501243.3662555352,8.444482447167864,728941.3139052514,227697.94764971622,136,20967470.28381303
2300,560389.296547709,7.048700224495491,437125.76391131803,-123263.532636391,137,20844206.75117664
2301,496613.2333410124,5.652918001823116,221968.6778428391,-274644.5554981733,137,20569562.19567847
2302,480393.750427743,5.303972446155022,179801.73601243846,-300592.0144153045,137,20268970.181263164
2303,418206.0973362998,5.164394223887786,164280.63769632182,-253925.45963997795,137,20015044.721623186
2304,413598.9009470437,4.955026890486929,141898.4524124079,-271700.44853463577,137,19743344.273088552
2305,409268.9040592333,4.466503112551599,97894.43281885957,-311374.47124037374,137,19431969.801848177
2306,416544.2489411796,4.152452112450315,74403.41801128357,-342140.83092989604,137,19089828.97091828
2307,387196.68389034696,4.187346668017123,77013.53076768082,-310183.1531226662,137,18779645.817795612
2308,376831.24410187145,4.710765001519263,119621.76813855681,-257209.47596331465,137,18522436.3418323
2309,312328.637195827,4.326924890284361,87453.9817932702,-224874.65540255676,137,18297561.686429743
2310,380268.056493594,4.955026890486929,141898.4524124079,-238369.60408118612,137,18059192.082348555
2311,416762.3031785083,4.640975890385645,113257.00120317086,-303505.30197533744,137,17755686.78037322
2312,403392.1007588473,5.338867001721832,183682.0105914677,-219710.09016737962,137,17535976.69020584
2313,473309.5620644647,4.536292223685217,103709.85080009176,-369599.711264373,137,17166376.978941467
2314,513670.5978586253,3.1405100010128426,17782.440044565075,-495888.1578140602,137,16670488.821127407
2315,476520.91660018056,1.744727778340468,0.0,-476520.91660018056,137,16193967.904527226
2316,473550.95772603055,3.314982778846889,25459.242269263108,-448091.7154567675,137,15745876.18907046
2317,403723.2112207393,6.804438335527826,394119.8430423639,-9603.368178375415,137,15736272.820892084
2318,456025.6611713862,8.549166113868294,749862.8958527866,293837.2346814004,138,16030110.055573484
2319,410169.4830788438,9.142373558504051,856497.7303160174,446328.2472371736,138,16476438.302810658
2320,947842.5978450346,9.665791892006192,929767.642175101,-18074.95566993358,139,16458363.347140724
2321,470332.5668078687,8.200220558200199,677646.3172220417,207313.75041417294,140,16665677.097554896
2322,502902.07851228135,7.292962113463156,484903.38939339336,-17998.689118887996,141,16647678.408436008
2323,524692.8585124478,6.420598224292922,330280.29790563526,-194412.56060681253,141,16453265.847829195
2324,513431.2108484834,5.792496224090355,240560.4970488353,-272870.7137996481,141,16180395.134029547
2325,499705.4389351031,6.001863557491209,268475.0610857024,-231230.37784940074,141,15949164.756180147
2326,491303.922300798,5.792496224090355,240560.4970488353,-250743.4252519627,141,15698421.330928184
2327,379186.76523850864,5.618023446256307,217320.72304134,-161866.04219716863,141,15536555.288731016
2328,386133.8293011666,5.0946051127541665,156520.0885382633,-229613.74076290327,141,15306941.547968114
2329,400698.2971324704,4.780554112652882,125986.53507394284,-274711.76205852756,141,15032229.785909586
2330,371645.5407580976,4.606081334818835,110074.6177354778,-261570.9230226198,141,14770658.862886965
2331,391306.93096227,4.326924890284361,87453.9817932702,-303852.9491689998,141,14466805.913717965
2332,364823.9798854989,5.0946051127541665,156520.0885382633,-208303.89134723556,141,14258502.02237073
2333,355067.0470779734,4.257135779150741,82233.75628047543,-272833.29079749796,141,13985668.731573232
2334,379403.3374878313,4.710765001519263,119621.76813855681,-259781.5693492745,141,13725887.162223957
2335,441453.2728491443,5.583128890689498,212672.76823984107,-228780.50460930323,141,13497106.657614654
2336,408773.8534627749,5.269077890588212,175921.46143340922,-232852.39202936567,141,13264254.265585288
2337,483961.91479716456,5.1294996683209755,160400.36311729247,-323561.5516798721,141,12940692.713905416
2338,427110.2759747665,4.606081334818835,110074.6177354778,-317035.6582392887,141,12623657.055666128
2339,454097.78798870655,4.431608556984789,95284.3200624622,-358813.46792624437,141,12264843.587739883
2340,469344.5675402174,5.443550668422261,195322.8343285554,-274021.73321166204,141,11990821.85452822
2341,432843.098738059,6.874227446661443,406067.7388684391,-26775.35986961989,141,11964046.4946586
2342,476526.6358687609,8.23511511376701,684974.1738910723,208447.5380223114,142,12172494.032680912
2343,376849.3645022195,8.304904224900628,699629.887229132,322780.5227269125,142,12495274.555407824
2344,939866.8721247148,8.584060669435102,756437.0301215732,-183429.84200314153,143,12311844.713404682
2345,489443.57922542456,9.21216266963767,867133.5908527811,377690.0116273565,144,12689534.725032039
2346,444747.2732022196,8.75853344726915,789307.7014655077,344560.4282632881,144,13034095.153295327
2347,504137.92858761095,7.67680222469806,564367.2103234524,60229.28173584142,144,13094324.435031168
2348,512355.64169591287,6.176336335325257,294227.24309400795,-218128.39860190492,145,12876196.036429264
2349,569573.2427833908,6.350809113159303,319979.42510231317,-249593.81768107763,145,12626602.218748186
2350,468666.89910767885,7.013805668928682,430300.3888424502,-38366.51026522863,145,12588235.708482957
2351,378493.8095025832,5.792496224090355,240560.4970488353,-137933.31245374787,145,12450302.396029208
2352,462086.9135165413,5.652918001823116,221968.6778428391,-240118.2356737022,145,12210184.160355506
2353,422171.6746889968,5.164394223887786,164280.63769632182,-257891.03699267498,145,11952293.123362832
2354,415304.0181577742,5.0946051127541665,156520.0885382633,-258783.92961951086,145,11693509.19374332
2355,378309.34791769256,5.513339779555879,203376.85863684304,-174932.48928084952,145,11518576.70446247
2356,420838.7562417328,4.640975890385645,113257.00120317086,-307581.75503856194,145,11210994.94942391
2357,359191.3652539013,3.873295667915839,55549.78527345132,-303641.57998045,145,10907353.36944346
2358,367438.7301375505,4.117557556883505,71793.30525488619,-295645.42488266435,145,10611707.944560796
2359,442959.1623559138,3.7686120012154114,49394.38567146619,-393564.7766844476,145,10218143.167876348
2360,384374.4688610069,3.4196664455473176,30065.323604081976,-354309.1452569249,145,9863834.022619423
2361,505141.3045316096,4.0477684457498855,66573.07974209143,-438568.22478951816,145,9425265.797829904
2362,448644.0499338972,4.152452112450315,74403.41801128357,-374240.63192261365,145,9051025.16590729
2363,467141.8082305698,4.955026890486929,141898.4524124079,-325243.3558181619,145,8725781.810089128
2364,502071.98897039774,5.932074446357591,259152.31625483112,-242919.67271556662,145,8482862.137373561
2365,424870.6010199882,6.420598224292922,330280.29790563526,-94590.30311435292,145,8388271.834259208
2366,435294.31050625467,7.711696780264869,572057.970370377,136763.65986412228,146,8525035.49412333
2367,399628.4195010127,9.21216266963767,867133.5908527811,467505.17135176837,146,8992540.665475098
2368,1069345.7797137694,9.805370114273432,945567.8969357525,-123777.88277801697,147,8868762.782697082
2369,527090.4602269806,9.805370114273432,945567.8969357525,418477.43670877186,148,9287240.219405854
2370,523843.3062348727,8.060642335932963,648334.8905459222,124491.58431104949,148,9411731.803716904
2371,507900.8138151927,7.118489335629109,450776.51404905366,-57124.29976613907,149,9354607.503950765
2372,518354.31722873566,6.071652668624828,278775.93388902454,-239578.38333971112,149,9115029.120611055
2373,429482.2930104336,5.024816001620548,148759.5393802049,-280722.7536302287,149,8834306.366980826
2374,493134.89514502994,4.815448668219692,129168.91854163593,-363965.976603394,149,8470340.390377432
2375,379692.54676271736,3.5243501122477454,35031.78660016743,-344660.7601625499,149,8125679.630214882
2376,408295.5125631427,3.1405100010128426,17782.440044565075,-390513.0725185776,149,7735166.557696304
2377,397504.4918143863,2.791564445344749,6764.295131998172,-390740.1966823881,149,7344426.361013916
2378,392368.6760873456,2.19835700070899,0.0,-392368.6760873456,149,6952057.68492657
2379,366418.5396572536,2.4775134452434644,0.0,-366418.5396572536,149,6585639.145269317
2380,389236.3066055468,2.1285678895753706,0.0,-389236.3066055468,149,6196402.83866377
2381,362206.5412407829,2.0587787784417526,0.0,-362206.5412407829,149,5834196.297422987
2382,383002.67164309416,2.2332515562757993,0.0,-383002.67164309416,149,5451193.625779893
2383,421278.714873235,2.2332515562757993,0.0,-421278.714873235,149,5029914.9109066585
2384,439862.4096688387,2.686880778644321,4335.634064548246,-435526.7756042905,149,4594388.135302368
2385,455470.0015217011,2.9311426676119865,10002.509888598086,-445467.491633103,149,4148920.6436692644
2386,443187.70864678064,3.7686120012154114,49394.38567146619,-393793.32297531446,149,3755127.32069395
2387,502265.7690070892,4.88523777935331,135533.68547702185,-366732.08353006735,149,3388395.2371638827
2388,433735.2352766221,5.408656112855451,191442.55974952615,-242292.67552709597,149,3146102.561636787
2389,437547.957160096,5.897179890790781,254504.36145333204,-183043.59570676394,149,2963058.9659300228
2390,427421.7468263631,6.1414417797584475,289076.8066923469,-138344.94013401621,149,2824714.0257960064
2391,405445.6895200637,6.978911113361872,423989.5826075525,18543.893087488832,150,2843257.918883495
2392,1057268.5528541354,7.362751224596776,498554.1395311294,-558714.413323006,151,2284543.505560489
2393,500750.97855516616,6.385703668726113,325129.86150397424,-175621.11705119192,151,2108922.388509297
2394,494526.8779969197,6.699754668827397,376197.9993032503,-118328.8786936694,151,1990593.5098156275
2395,550923.6462340737,6.385703668726113,325129.86150397424,-225793.78473009943,151,1764799.725085528
2396,527669.855358456,6.52528189099335,346328.2597380615,-181341.5956203945,151,1583458.1294651337
2397,474059.9007393694,5.966969001924401,263800.2710563302,-210259.6296830392,151,1373198.4997820945
2398,472460.42207435326,4.536292223685217,103709.85080009176,-368750.5712742615,151,1004447.928507833
2399,429070.57362778287,2.407724334109846,0.0,-429070.57362778287,151,575377.3548800502
2400,416031.7487928085,1.7796223339072772,0.0,-416031.7487928085,151,159345.60608724167
2401,461255.687724646,1.4655713338059932,0.0,-461255.687724646,151,0.0
2402,434380.3776517899,1.3957822226723744,0.0,-434380.3776517899,151,0.0
2403,418055.9595673518,2.0936733340085616,0.0,-418055.9595673518,151,0.0
2404,434850.12052965566,2.0936733340085616,0.0,-434850.12052965566,151,0.0
2405,383956.09350794775,1.744727778340468,0.0,-383956.09350794775,151,0.0
2406,439868.7659872009,2.0936733340085616,0.0,-439868.7659872009,151,0.0
2407,360989.0139538333,1.9540951117413239,0.0,-360989.0139538333,151,0.0
2408,377652.8469863346,2.0238842228749427,0.0,-377652.8469863346,151,0.0
2409,463765.493770462,2.791564445344749,6764.295131998172,-457001.1986384638,151,0.0
2410,443138.2912650419,3.5592446678145544,37083.5864674958,-406054.70479754615,151,0.0
2411,611907.1728256564,5.234183335021404,172041.18685438015,-439865.9859712762,151,0.0
2412,583420.2176085137,5.862285335223973,249856.4066518332,-333563.81095668045,151,0.0
2413,517755.1319134223,6.350809113159303,319979.42510231317,-197775.70681110915,151,0.0
2414,1442728.0565515396,6.629965557693778,364250.10347717477,-1078477.953074365,151,0.0
2415,824902.7715884759,6.804438335527826,394119.8430423639,-430782.92854611203,151,0.0
2416,531095.200359238,7.1882784467627285,464427.26418678975,-66667.93617244822,151,0.0
2417,550510.2142413745,7.118489335629109,450776.51404905366,-99733.70019232086,151,0.0
2418,523529.046168861,7.502329446864012,525913.4100888282,2384.3639199672034,152,2384.3639199672034
2419,545744.194152665,7.432540335730394,512204.889668865,-33539.30448379996,153,0.0
2420,545755.1199582438,6.734649224394207,382171.9472162883,-163583.1727419555,153,0.0
2421,516714.2977861142,5.792496224090355,240560.4970488353,-276153.8007372789,153,0.0
2422,451735.7238300908,4.92013233492012,138716.0689447149,-313019.6548853759,153,0.0
2423,523129.3681718738,3.5592446678145544,37083.5864674958,-486045.78170437797,153,0.0
2424,461496.0493555127,3.6290337789481733,41187.18620215259,-420308.86315336014,153,0.0
2425,440107.4633189932,3.6290337789481733,41187.18620215259,-398920.27711684065,153,0.0
2426,443627.7378592817,3.9081902234826478,57601.58514077969,-386026.15271850204,153,0.0
2427,401761.93436488026,4.117557556883505,71793.30525488619,-329968.62910999404,153,0.0
2428,442289.7690695401,3.5941392233813643,39135.386334824216,-403154.3827347159,153,0.0
2429,400664.8235505146,2.2332515562757993,0.0,-400664.8235505146,153,0.0
2430,419741.4459072659,2.1285678895753706,0.0,-419741.4459072659,153,0.0
2431,388627.0443307005,1.884306000607706,0.0,-388627.0443307005,153,0.0
2432,350553.1702257431,1.884306000607706,0.0,-350553.1702257431,153,0.0
2433,444906.6350451789,2.3030406674094177,0.0,-444906.6350451789,153,0.0
2434,446969.3854003642,3.28008822328008,23923.881824323515,-423045.5035760407,153,0.0
2435,564427.381767392,4.0128738901830765,63962.966985694125,-500464.4147816979,153,0.0
2436,552848.0117108504,6.001863557491209,268475.0610857024,-284372.950625148,153,0.0
2437,502132.9575028843,7.397645780163584,505379.514599997,3246.5570971127017,154,3246.5570971127017
2438,1289449.3835110886,8.339798780467437,706957.7438981617,-582491.6396129269,155,0.0
2439,801200.2405908898,8.863217113969577,809030.1042718684,7829.8636809785385,156,7829.8636809785385
2440,450211.0,9.002795336236815,835226.0092424906,385015.00924249063,156,392844.8729234692
2441,530776.5231793529,9.561108225305764,917917.4511046124,387140.9279252596,156,779985.8008487287
2442,536204.046661144,9.665791892006192,929767.642175101,393563.59551395697,156,1173549.3963626856
2443,527070.376760389,8.270009669333819,692302.030560102,165231.653799713,156,1338781.0501623987
2444,575030.5550706721,6.804438335527826,394119.8430423639,-180910.7120283082,157,1157870.3381340904
2445,569063.8288905104,6.699754668827397,376197.9993032503,-192865.8295872601,157,965004.5085468304
2446,512212.8304727848,6.629965557693778,364250.10347717477,-147962.72699561005,157,817041.7815512203
2447,515649.9732020389,6.176336335325257,294227.24309400795,-221422.73010803096,157,595619.0514431894
2448,535946.8087107342,6.595071002126969,358276.1555641371,-177670.65314659715,157,417948.39829659223
2449,412767.76469939656,7.2580675578963465,478078.0143245254,65310.24962512881,158,483258.64792172104
2450,365776.3240493863,7.8163804469652955,595130.2505111512,229353.92646176484,158,712612.5743834858
2451,339841.74336114794,8.304904224900628,699629.887229132,359788.14386798406,158,1072400.71825147
2452,422586.6686121077,8.200220558200199,677646.3172220417,255059.64860993397,158,1327460.366861404
2453,345976.3569855502,7.502329446864012,525913.4100888282,179937.05310327798,158,1507397.4199646818
2454,364573.57329148776,7.0835947800623,443951.13898018585,79377.56568869809,158,1586774.98565338
2455,428650.2681095927,6.804438335527826,394119.8430423639,-34530.42506722885,159,1552244.5605861512
2456,431844.5546573328,5.932074446357591,259152.31625483112,-172692.23840250165,159,1379552.3221836495
2457,487062.9677278761,5.966969001924401,263800.2710563302,-223262.6966715459,159,1156289.6255121036
2458,493530.265970681,6.6648601132605885,370224.0513902128,-123306.2145804682,159,1032983.4109316354
2459,498633.9280017734,7.1882784467627285,464427.26418678975,-34206.66381498368,159,998776.7471166517
2460,472465.9888445231,8.025747780366153,641007.0338768922,168541.0450323691,160,1167317.7921490208
2461,444376.83796012896,8.828322558402768,802455.9700030814,358079.1320429524,160,1525396.9241919732
2462,453193.71794457175,9.526213669738956,913967.3874144498,460773.6694698781,160,1986170.5936618512
2463,413616.58090731286,10.084526558807905,973077.3210107522,559460.7401034394,160,2545631.3337652907
2464,987400.6173081336,10.084526558807905,973077.3210107522,-14323.2962973814,161,2531308.037467909
2465,507926.6518516845,10.677734003443664,1000000.0,492073.3481483155,162,3023381.3856162247
2466,466391.3583564817,10.92199589241133,1000000.0,533608.6416435183,162,3556990.027259743
2467,515546.91421538696,11.515203337047089,1000000.0,484453.08578461304,162,4041443.113044356
2468,486048.70225888095,9.177268114070863,861815.6605843995,375766.9583255185,162,4417210.071369874
2469,533419.040570393,7.153383891195919,457601.8891179217,-75817.15145247127,163,4341392.919917403
2470,460261.648472676,6.490387335426542,340581.1707089576,-119680.4777637184,163,4221712.442153685
2471,411452.0880818203,5.513339779555879,203376.85863684304,-208075.22944497725,163,4013637.2127087074
2472,394904.857040406,5.897179890790781,254504.36145333204,-140400.49558707394,163,3873236.7171216337
2473,379172.2623262524,6.56017644656016,352302.20765109936,-26870.05467515305,163,3846366.6624464807
2474,391245.1465279855,6.769543779961015,388145.8951293258,-3099.2513986597187,163,3843267.411047821
2475,396954.4356486448,6.944016557795062,418015.6346945147,21061.19904586987,164,3864328.610093691
2476,366182.27275920624,7.2580675578963465,478078.0143245254,111895.74156531913,164,3976224.35165901
2477,374403.33128569694,6.420598224292922,330280.29790563526,-44123.03338006168,165,3932101.3182789483
2478,366973.9500101556,6.1065472241916385,283926.37029068585,-83047.57971946977,165,3849053.7385594784
2479,424145.5808753014,6.071652668624828,278775.93388902454,-145369.64698627684,165,3703684.0915732016
2480,383218.3298475256,6.001863557491209,268475.0610857024,-114743.26876182319,165,3588940.822811378
2481,431334.9955288493,6.315914557592494,314828.98870065215,-116506.00682819716,165,3472434.815983181
2482,486611.5620067264,6.6648601132605885,370224.0513902128,-116387.51061651361,165,3356047.3053666675
2483,519526.0020969597,6.56017644656016,352302.20765109936,-167223.79444586032,165,3188823.5109208073
2484,443771.7163756838,7.711696780264869,572057.970370377,128286.25399469316,166,3317109.7649155003
2485,460416.7080679335,8.549166113868294,749862.8958527866,289446.1877848531,166,3606555.952700353
2486,424317.1495705639,8.933006225103197,822178.3728094423,397861.2232388784,166,4004417.1759392316
2487,407189.6680608445,8.933006225103197,822178.3728094423,414988.70474859787,166,4419405.880687829
2488,1017858.0124692472,9.072584447370433,845861.869779254,-171996.14268999326,167,4247409.7379978355
2489,473580.4508166539,10.328788447775572,988905.4914158571,515325.0405992032,168,4762734.778597038
2490,509704.0807001281,9.177268114070863,861815.6605843995,352111.57988427137,168,5114846.358481309
2491,545324.0095258693,7.467434891297203,519030.2647377329,-26293.74478813639,169,5088552.613693173
2492,514285.2596151979,5.757601668523544,235912.5422473361,-278372.71736786177,169,4810179.896325312
2493,463841.8114519116,4.431608556984789,95284.3200624622,-368557.4913894494,169,4441622.404935862
2494,527807.1438363533,3.4196664455473176,30065.323604081976,-497741.82023227133,169,3943880.5847035907
2495,388096.7981959041,2.3030406674094177,0.0,-388096.7981959041,169,3555783.7865076866
2496,378017.2789778837,2.756669889777939,5954.7414428481825,-372062.5375350355,169,3183721.248972651
2497,414155.8260361921,3.28008822328008,23923.881824323515,-390231.9442118686,169,2793489.3047607825
2498,370148.7662992023,3.7337174456486015,47342.58580413777,-322806.18049506453,169,2470683.124265718
2499,372559.0715590325,4.326924890284361,87453.9817932702,-285105.08976576227,169,2185578.0344999554
2500,369354.7655535683,4.606081334818835,110074.6177354778,-259280.1478180905,169,1926297.886681865
2501,371400.1338423681,3.5243501122477454,35031.78660016743,-336368.34724220063,169,1589929.5394396642
2502,372270.2040963138,2.7217753342111304,5145.187753698225,-367125.0163426156,169,1222804.5230970485
2503,428416.4652397753,1.7796223339072772,0.0,-428416.4652397753,169,794388.0578572731
2504,455987.8506771168,2.19835700070899,0.0,-455987.8506771168,169,338400.2071801564
2505,455136.08119779255,3.035826334312414,13176.358709746211,-441959.72248804633,169,0.0
2506,492058.5312152541,4.222241223583932,79623.64352407813,-412434.887691176,169,0.0
2507,468100.912171363,5.862285335223973,249856.4066518332,-218244.5055195298,169,0.0
2508,420636.90011212265,6.699754668827397,376197.9993032503,-44438.900808872364,169,0.0
2509,419050.3758473857,7.67680222469806,564367.2103234524,145316.8344760667,170,145316.8344760667
2510,462788.65641332313,8.060642335932963,648334.8905459222,185546.2341325991,170,330863.0686086658
2511,429674.41091494734,8.23511511376701,684974.1738910723,255299.76297612494,170,586162.8315847907
2512,981945.4914246672,8.584060669435102,756437.0301215732,-225508.46130309394,171,360654.3702816968
2513,501220.2964821104,7.990853224799343,633584.0507457752,132363.75426366483,172,493018.1245453616
2514,465796.71792201546,7.955958669232534,625893.2906988506,160096.57277683518,172,653114.6973221968
2515,535633.8048783788,7.327856669029965,491728.7644622612,-43905.040416117525,173,609209.6569060793
2516,498376.3068389062,6.03675811305802,273625.4974873637,-224750.8093515425,173,384458.84755453677
2517,503873.2012820601,4.466503112551599,97894.43281885957,-405978.76846320054,173,0.0
2518,479574.6218800268,3.4196664455473176,30065.323604081976,-449509.29827594484,173,0.0
2519,408071.7231372804,3.035826334312414,13176.358709746211,-394895.36442753416,173,0.0
2520,424322.6395706201,2.8613535564783676,8383.402510298129,-415939.23706032196,173,0.0
2521,390006.2279226889,2.9660372231787955,10812.063577748055,-379194.1643449408,173,0.0
2522,415586.8738482602,3.0009317787456045,11640.998264806596,-403945.8755834536,173,0.0
2523,358570.6045266818,3.105615445446033,16247.079599625458,-342323.5249270564,173,0.0
2524,392314.6675467667,3.7337174456486015,47342.58580413777,-344972.08174262894,173,0.0
2525,314074.71068833355,3.454561001114127,31600.684049021587,-282474.026639312,173,0.0
2526,373142.2580808043,3.5592446678145544,37083.5864674958,-336058.6716133085,173,0.0
2527,399484.7058068004,3.4196664455473176,30065.323604081976,-369419.3822027184,173,0.0
2528,452921.3949322477,3.5592446678145544,37083.5864674958,-415837.8084647519,173,0.0
2529,480058.34580689104,4.675870445952455,116439.38467086392,-363618.9611360271,173,0.0
2530,496739.7298111704,5.443550668422261,195322.8343285554,-301416.895482615,173,0.0
2531,499390.0803014254,6.874227446661443,406067.7388684391,-93322.34143298632,173,0.0
2532,447674.1032911714,7.432540335730394,512204.889668865,64530.786377693585,174,64530.786377693585
2533,459330.2036325818,8.095536891499771,655662.7472149519,196332.5435823701,174,260863.32996006368
2534,464783.26542594656,8.409587891601056,721613.4572362219,256830.1918102753,174,517693.521770339
2535,442670.91092125775,8.409587891601056,721613.4572362219,278942.54631496413,174,796636.0680853031
2536,1061793.3528435545,8.374693336034246,714285.6005671917,-347507.75227636273,175,449128.31580894033
2537,459727.6976390558,8.339798780467437,706957.7438981617,247230.0462591059,176,696358.3620680462
2538,521831.1127552239,8.374693336034246,714285.6005671917,192454.48781196785,176,888812.8498800141
2539,497714.5454244021,8.270009669333819,692302.030560102,194587.48513569986,176,1083400.335015714
2540,525529.8864674051,7.467434891297203,519030.2647377329,-6499.621729672246,177,1076900.7132860417
2541,526743.1206978997,6.350809113159303,319979.42510231317,-206763.69559558656,177,870137.0176904552
2542,488767.9173125589,5.757601668523544,235912.5422473361,-252855.37506522282,177,617281.6426252323
2543,389898.3900695911,4.815448668219692,129168.91854163593,-260729.4715279552,177,356552.17109727714
2544,402280.6328609202,5.059710557187357,152639.81395923407,-249640.81890168614,177,106911.352195591
2545,396304.7408911845,5.164394223887786,164280.63769632182,-232024.10319486266,177,0.0
2546,394863.6632268438,5.966969001924401,263800.2710563302,-131063.39217051363,177,0.0
2547,382318.1935943804,6.03675811305802,273625.4974873637,-108692.6961070167,177,0.0
2548,400782.8934429519,4.92013233492012,138716.0689447149,-262066.824498237,177,0.0
2549,349272.4393038493,5.164394223887786,164280.63769632182,-184991.80160752748,177,0.0
2550,338414.0750593135,5.687812557389925,226616.63264433807,-111797.44241497543,177,0.0
2551,447905.43582432857,6.1414417797584475,289076.8066923469,-158828.6291319817,177,0.0
2552,424594.7434215631,6.804438335527826,394119.8430423639,-30474.900379199244,177,0.0
2553,448860.7802894932,7.746591335831678,579748.7304173018,130887.95012780855,178,130887.95012780855
2554,487779.6855502407,8.200220558200199,677646.3172220417,189866.63167180098,178,320754.5817996095
2555,488741.6870533933,8.13043144706658,662990.6038839819,174248.91683058866,178,495003.4986301982
2556,496948.33153355424,8.75853344726915,789307.7014655077,292359.3699319535,178,787362.8685621517
2557,434612.5015955204,8.898111669536387,815604.2385406554,380991.73694513494,178,1168354.6055072867
2558,397603.594630243,8.828322558402768,802455.9700030814,404852.37537283835,178,1573206.980880125
2559,449784.94360007695,9.072584447370433,845861.869779254,396076.926179177,178,1969283.907059302
2560,1039759.3664467346,9.28195178077129,877769.4513895446,-161989.91505719,179,1807293.992002112
2561,487441.4918000389,9.316846336338099,883087.3816579262,395645.88985788735,180,2202939.8818599996
2562,441849.29599348624,9.072584447370433,845861.869779254,404012.5737857677,180,2606952.4556457675
2563,550609.034067187,8.409587891601056,721613.4572362219,171004.42316903488,180,2777956.8788148025
2564,537864.3360846215,7.711696780264869,572057.970370377,34193.634285755455,180,2812150.513100558
2565,557735.6174139257,6.699754668827397,376197.9993032503,-181537.61811067542,181,2630612.8949898826
2566,520521.3048290652,6.350809113159303,319979.42510231317,-200541.87972675206,181,2430071.0152631304
2567,449594.0368733621,4.501397668118408,100527.46733239877,-349066.56954096333,181,2081004.4457221671
2568,417993.7140104433,4.5711867792520255,106892.23426778473,-311101.47974265856,181,1769902.9659795086
2569,476251.7512048121,4.36181944585117,90064.09454966751,-386187.6566551446,181,1383715.309324364
2570,435409.7057659853,4.466503112551599,97894.43281885957,-337515.2729471257,181,1046200.0363772382
2571,438496.4775609924,4.815448668219692,129168.91854163593,-309327.5590193565,181,736872.4773578817
2572,392108.1982975063,4.082663001316695,69183.1924984888,-322925.0057990175,181,413947.4715588642
2573,395835.8807206345,3.9430847790494576,59653.38500810811,-336182.4957125264,181,77764.97584633785
2574,386915.6037077088,3.6639283345149827,43238.98606948098,-343676.6176382278,181,0.0
2575,411099.42570080905,3.0707208898792238,14711.719154685845,-396387.7065461232,181,0.0
2576,384578.8933413041,4.222241223583932,79623.64352407813,-304955.24981722597,181,0.0
2577,465665.3023533824,5.548234335122689,208024.8134383421,-257640.4889150403,181,0.0
2578,442801.0806073236,7.292962113463156,484903.38939339336,42102.30878606974,182,42102.30878606974
2579,632303.0560608578,6.420598224292922,330280.29790563526,-302022.7581552226,183,0.0
2580,593965.2355080931,7.502329446864012,525913.4100888282,-68051.82541926496,183,0.0
2581,534322.3489939338,8.828322558402768,802455.9700030814,268133.6210091476,184,268133.6210091476
2582,1335769.8902742248,10.573050336743236,1000000.0,-335769.8902742248,185,0.0
2583,779002.7172723963,10.433472114475999,995688.9930180447,216686.27574564843,186,216686.27574564843
2584,508595.0230853208,9.072584447370433,845861.869779254,337266.8466939332,186,553953.1224395817
2585,501242.5446390882,8.339798780467437,706957.7438981617,205715.19925907347,186,759668.3216986551
2586,511656.1156793202,8.933006225103197,822178.3728094423,310522.25713012216,186,1070190.5788287772
2587,575912.6428939892,7.432540335730394,512204.889668865,-63707.75322512421,187,1006482.825603653
2588,514750.2948579867,6.52528189099335,346328.2597380615,-168422.03511992516,187,838060.7904837278
2589,561075.0984313907,7.153383891195919,457601.8891179217,-103473.20931346901,187,734587.5811702588
2590,494162.72511434526,7.7814858913984875,587439.4904642267,93276.76534988143,188,827864.3465201403
2591,510018.87232104753,8.16532600263339,670318.4605530121,160299.58823196456,188,988163.9347521048
2592,417117.1,8.933006225103197,822178.3728094423,405061.27280944237,188,1393225.2075615472
2593,450071.7196209572,9.386635447471717,893723.2421946897,443651.5225737325,188,1836876.7301352797
2594,431323.4054239618,9.910053780973858,957418.0880062408,526094.682582279,188,2362971.4127175584
2595,392181.1606284598,7.8163804469652955,595130.2505111512,202949.08988269133,188,2565920.50260025
2596,403052.25352371566,7.118489335629109,450776.51404905366,47724.260525338,188,2613644.7631255877
2597,391525.0192440253,6.6648601132605885,370224.0513902128,-21300.9678538125,189,2592343.795271775
2598,476072.6726109098,6.629965557693778,364250.10347717477,-111822.56913373503,189,2480521.2261380404
2599,341995.3257810208,6.350809113159303,319979.42510231317,-22015.900678707636,189,2458505.3254593327
2600,364282.1161752371,5.618023446256307,217320.72304134,-146961.3931338971,189,2311543.932325436
2601,438036.6552951326,4.955026890486929,141898.4524124079,-296138.2028827247,189,2015405.729442711
2602,489790.6724132712,5.757601668523544,235912.5422473361,-253878.13016593512,189,1761527.599276776
2603,588243.11145059,5.583128890689498,212672.76823984107,-375570.34321074886,189,1385957.256066027
2604,564824.0627337688,6.52528189099335,346328.2597380615,-218495.80299570732,189,1167461.4530703197
2605,484408.6307839375,7.7814858913984875,587439.4904642267,103030.85968028917,190,1270492.312750609
2606,1264902.3627654542,8.653849780568722,769585.2986591471,-495317.0641063071,191,775175.2486443018
2607,703280.1951784884,9.561108225305764,917917.4511046124,214637.25592612405,192,989812.5045704258
2608,538709.5304824348,9.630897336439384,925817.5784849382,387108.04800250346,192,1376920.5525729293
2609,543208.5525750929,9.421530003038528,899041.1724630716,355832.61988797877,192,1732753.172460908
2610,527965.076286763,9.037689891803623,840543.9395108721,312578.86322410917,192,2045332.0356850172
2611,509481.9934406965,8.967900780670005,828752.507078229,319270.5136375325,192,2364602.5493225497
2612,541370.153358006,8.828322558402768,802455.9700030814,261085.81664507533,192,2625688.365967625
2613,504390.7229468496,8.16532600263339,670318.4605530121,165927.7376061625,192,2791616.1035737875
2614,481722.96166924096,8.095536891499771,655662.7472149519,173939.78554571094,192,2965555.8891194984
2615,501831.93255409057,6.734649224394207,382171.9472162883,-119659.98533780227,193,2845895.903781696
2616,476095.9316610458,6.978911113361872,423989.5826075525,-52106.34905349329,193,2793789.554728203
2617,420325.4047098933,7.537224002430823,533604.1701357533,113278.76542586007,194,2907068.320154063
2618,389962.3744073312,8.444482447167864,728941.3139052514,338978.9394979202,194,3246047.259651983
2619,398049.9133130524,8.828322558402768,802455.9700030814,404406.056690029,194,3650453.316342012
2620,383096.3571138535,8.68874433613553,776159.4329279339,393063.07581408037,194,4043516.3921560925
2621,352431.2030193711,8.549166113868294,749862.8958527866,397431.6928334155,194,4440948.084989508
2622,350140.2989423023,7.7814858913984875,587439.4904642267,237299.1915219244,194,4678247.276511432
2623,386802.44158468855,7.2580675578963465,478078.0143245254,91275.57273983682,194,4769522.849251268
2624,473212.5559226639,6.6648601132605885,370224.0513902128,-102988.5045324511,195,4666534.344718818
2625,444429.4030163034,5.757601668523544,235912.5422473361,-208516.86076896728,195,4458017.48394985
2626,492035.1651190077,4.815448668219692,129168.91854163593,-362866.2465773718,195,4095151.2373724785
2627,475095.7279310124,5.024816001620548,148759.5393802049,-326336.18855080754,195,3768815.048821671
2628,439770.7992010991,5.548234335122689,208024.8134383421,-231745.985762757,195,3537069.063058914
2629,386679.4455088071,6.909122002228254,412041.6867814771,25362.241272670042,196,3562431.3043315844
2630,477855.8116624865,7.292962113463156,484903.38939339336,7047.577730906836,196,3569478.882062491
2631,454803.24731675297,7.641907669131249,556676.4502765272,101873.20295977424,196,3671352.085022265
2632,964198.635615101,8.13043144706658,662990.6038839819,-301208.03173111903,197,3370144.053291146
2633,497768.349383068,8.549166113868294,749862.8958527866,252094.54646971863,198,3622238.599760865
2634,467602.0073855716,9.072584447370433,845861.869779254,378259.86239368236,198,4000498.462154547
2635,511462.34276192426,9.24705722520448,872451.5211211628,360989.17835923855,198,4361487.640513786
2636,550888.9075760632,9.421530003038528,899041.1724630716,348152.26488700847,198,4709639.905400795
2637,472905.2183243064,9.665791892006192,929767.642175101,456862.42385079456,198,5166502.329251589
2638,447410.359358057,7.7814858913984875,587439.4904642267,140029.13110616972,198,5306531.460357759
2639,393812.4760888381,7.292962113463156,484903.38939339336,91090.91330455523,198,5397622.373662314
2640,415409.9276039584,6.909122002228254,412041.6867814771,-3368.2408224812825,199,5394254.132839833
2641,366541.5652823272,7.67680222469806,564367.2103234524,197825.6450411252,200,5592079.777880958
2642,400239.1177794121,8.025747780366153,641007.0338768922,240767.9160974801,200,5832847.693978438
2643,383292.4064600909,8.933006225103197,822178.3728094423,438885.96634935145,200,6271733.660327789
2644,342602.928553127,8.479377002734674,736269.1705742816,393666.2420211546,200,6665399.902348944
2645,317092.94485638663,8.549166113868294,749862.8958527866,432769.9509964,200,7098169.853345344
2646,397737.6461449063,8.339798780467437,706957.7438981617,309220.0977532554,200,7407389.9510985995
2647,376041.010068925,8.025747780366153,641007.0338768922,264966.0238079672,200,7672355.974906567
2648,456580.6119094457,8.409587891601056,721613.4572362219,265032.84532677615,200,7937388.820233343
2649,479484.433434975,8.653849780568722,769585.2986591471,290100.8652241721,200,8227489.6854575155
2650,461312.6512996907,8.75853344726915,789307.7014655077,327995.050165817,200,8555484.735623332
2651,452502.73208992457,8.68874433613553,776159.4329279339,323656.7008380093,200,8879141.43646134
2652,460925.2279353952,8.68874433613553,776159.4329279339,315234.20499253867,200,9194375.641453879
2653,386957.71836774895,8.933006225103197,822178.3728094423,435220.6544416934,200,9629596.295895573
2654,419072.2650601992,8.618955225001912,763011.1643903602,343938.89933016105,200,9973535.195225734
2655,426552.2086441184,9.24705722520448,872451.5211211628,445899.3124770444,200,10419434.507702779
2656,987684.4333287376,9.107479002937243,851179.8000476358,-136504.63328110182,201,10282929.874421677
2657,505704.8858112837,9.630897336439384,925817.5784849382,420112.6926736545,202,10703042.567095332
2658,502447.1336338082,9.77047555870662,941617.8332455894,439170.6996117812,202,11142213.266707113
2659,519182.7673439234,9.665791892006192,929767.642175101,410584.8748311776,202,11552798.14153829
2660,531770.8067359371,9.665791892006192,929767.642175101,397996.83543916384,202,11950794.976977454
2661,461980.9426360586,10.328788447775572,988905.4914158571,526924.5487797984,202,12477719.525757253
2662,520359.2074730672,10.503261225609617,1000000.0,479640.7925269328,202,12957360.318284186
2663,394153.0777349324,8.514271558301482,743288.7615839993,349135.68384906685,202,13306496.002133252
2664,393451.4904283561,7.153383891195919,457601.8891179217,64150.3986895656,202,13370646.400822818
2665,377731.31170525786,7.537224002430823,533604.1701357533,155872.8584304955,202,13526519.259253314
2666,384258.9238089615,8.618955225001912,763011.1643903602,378752.2405813987,202,13905271.499834713
2667,385398.579371066,9.491319114172146,909677.0329998351,524278.4536287691,202,14429549.953463482
2668,393218.7394356611,9.944948336540667,961368.1516964036,568149.4122607425,202,14997699.365724225
2669,343915.57542157907,9.596002780872574,921867.5147947754,577951.9393731963,202,15575651.305097422
2670,365505.9129930952,9.456424558605336,904359.1027314533,538853.1897383581,202,16114504.49483578
2671,402174.9711661754,9.177268114070863,861815.6605843995,459640.6894182241,202,16574145.184254004
2672,452479.7828323724,9.072584447370433,845861.869779254,393382.08694688155,202,16967527.271200884
2673,460000.7500243661,8.75853344726915,789307.7014655077,329306.95144114166,202,17296834.222642027
2674,458182.6707642177,8.339798780467437,706957.7438981617,248775.073133944,202,17545609.295775972
2675,462976.5122114161,8.304904224900628,699629.887229132,236653.3750177159,202,17782262.67079369
2676,483970.0938161246,8.549166113868294,749862.8958527866,265892.802036662,202,18048155.47283035
2677,392956.3778493838,9.142373558504051,856497.7303160174,463541.3524666336,202,18511696.825296987
2678,395060.59100015386,9.491319114172146,909677.0329998351,514616.44199968124,202,19026313.26729667
2679,386481.2870503828,9.561108225305764,917917.4511046124,531436.1640542296,202,19557749.431350898
2680,1062795.9900231145,9.630897336439384,925817.5784849382,-136978.41153817624,203,19420771.01981272
2681,502123.32176345657,9.73558100313981,937667.7695554266,435544.44779197,204,19856315.467604693
2682,493044.8580601648,9.386635447471717,893723.2421946897,400678.3841345249,204,20256993.851739217
2683,524426.6926683007,8.374693336034246,714285.6005671917,189858.90789889102,204,20446852.75963811
2684,484346.5759082118,7.537224002430823,533604.1701357533,49257.59422754153,204,20496110.35386565
2685,514120.43882079824,7.641907669131249,556676.4502765272,42556.01145572896,204,20538666.36532138
2686,462640.8601737187,6.56017644656016,352302.20765109936,-110338.65252261935,205,20428327.71279876
2687,393087.4565273852,5.722707112956735,231264.58744583713,-161822.8690815481,205,20266504.84371721
2688,415089.3848998096,6.176336335325257,294227.24309400795,-120862.14180580166,205,20145642.70191141
2689,392879.81565781846,6.629965557693778,364250.10347717477,-28629.71218064369,205,20117012.989730764
2690,375304.4032746158,8.13043144706658,662990.6038839819,287686.2006093661,206,20404699.19034013
2691,374409.1795782805,8.863217113969577,809030.1042718684,434620.9246935879,206,20839320.11503372
2692,359090.0332312357,8.549166113868294,749862.8958527866,390772.8626215509,206,21230092.97765527
2693,320506.6342559749,8.095536891499771,655662.7472149519,335156.112958977,206,21565249.090614244
2694,356466.41430733603,8.060642335932963,648334.8905459222,291868.4762385862,206,21857117.56685283
2695,457325.2400851094,7.327856669029965,491728.7644622612,34403.5243771518,206,21891521.091229983
2696,417275.16898329626,6.629965557693778,364250.10347717477,-53025.06550612149,207,21838496.02572386
2697,465223.8052942949,5.652918001823116,221968.6778428391,-243255.1274514558,207,21595240.898272403
2698,423903.1203292724,4.501397668118408,100527.46733239877,-323375.65299687366,207,21271865.245275527
2699,480677.28228613466,1.884306000607706,0.0,-480677.28228613466,207,20791187.962989394
2700,481096.6108698369,2.651986223077511,3526.0803753982573,-477570.5304944386,207,20313617.432494953
2701,439965.1779465708,5.47844522398907,199203.10890758454,-240762.06903898626,207,20072855.363455966
2702,416664.6333473433,7.7814858913984875,587439.4904642267,170774.8571168834,208,20243630.220572848
2703,449428.82214020944,7.990853224799343,633584.0507457752,184155.2286055658,208,20427785.449178413
2704,1009987.2338059418,8.584060669435102,756437.0301215732,-253550.20368436852,209,20174235.245494045
2705,489820.12102184485,7.641907669131249,556676.4502765272,66856.32925468235,210,20241091.57474873
2706,512067.3092913489,6.52528189099335,346328.2597380615,-165739.0495532874,211,20075352.525195442
2707,496083.5260215229,5.897179890790781,254504.36145333204,-241579.16456819084,211,19833773.360627253
2708,513995.67488849146,4.640975890385645,113257.00120317086,-400738.6736853206,211,19433034.686941933
2709,520864.6793125896,3.9081902234826478,57601.58514077969,-463263.0941718099,211,18969771.592770122
2710,474274.93282312446,4.292030334717551,84843.86903687281,-389431.06378625165,211,18580340.52898387
2711,379545.4980643775,4.326924890284361,87453.9817932702,-292091.5162711073,211,18288249.01271276
2712,402183.5564627091,4.675870445952455,116439.38467086392,-285744.1717918452,211,18002504.840920918
2713,398679.0161403517,5.164394223887786,164280.63769632182,-234398.3784440299,211,17768106.462476887
2714,385827.1535215778,5.408656112855451,191442.55974952615,-194384.59377205168,211,17573721.868704837
2715,437577.6580435421,5.652918001823116,221968.6778428391,-215608.98020070302,211,17358112.888504133
2716,390592.3568972984,5.792496224090355,240560.4970488353,-150031.85984846312,211,17208081.02865567
2717,326005.45192955266,5.548234335122689,208024.8134383421,-117980.63849121056,211,17090100.39016446
2718,395741.3744109391,5.47844522398907,199203.10890758454,-196538.26550335457,211,16893562.124661107
2719,415914.5782926181,5.408656112855451,191442.55974952615,-224472.01854309195,211,16669090.106118014
2720,435350.7455041689,5.0946051127541665,156520.0885382633,-278830.65696590557,211,16390259.449152108
2721,491199.1038989945,6.1065472241916385,283926.37029068585,-207272.73360830866,211,16182986.7155438
2722,466556.8726319944,6.350809113159303,319979.42510231317,-146577.44752968126,211,16036409.268014118
2723,505485.3679688442,6.03675811305802,273625.4974873637,-231859.8704814805,211,15804549.397532638
2724,469062.512315888,6.52528189099335,346328.2597380615,-122734.2525778265,211,15681815.144954812
2725,471891.6558717828,6.769543779961015,388145.8951293258,-83745.760742457,211,15598069.384212354
2726,394768.2859018101,7.153383891195919,457601.8891179217,62833.6032161116,212,15660902.987428466
2727,411239.1162910299,7.921064113665725,618202.5306519258,206963.41436089593,212,15867866.401789362
2728,1032662.4329636357,8.16532600263339,670318.4605530121,-362343.97241062357,213,15505522.429378739
2729,517778.1347693328,6.03675811305802,273625.4974873637,-244152.63728196913,213,15261369.79209677
2730,539692.4152945817,6.804438335527826,394119.8430423639,-145572.5722522178,213,15115797.219844552
2731,519224.244955348,6.6648601132605885,370224.0513902128,-149000.19356513524,213,14966797.026279416
2732,525179.1943614439,6.281020002025685,309678.5522989911,-215500.64206245274,213,14751296.384216962
2733,526177.7641705793,6.52528189099335,346328.2597380615,-179849.50443251774,213,14571446.879784444
2734,501494.29950052174,5.652918001823116,221968.6778428391,-279525.62165768264,213,14291921.258126762
2735,382158.345851561,3.698822890081792,45290.78593680938,-336867.5599147516,213,13955053.69821201
2736,393029.2811643122,3.5941392233813643,39135.386334824216,-353893.894829488,213,13601159.803382523
2737,474986.5026480885,4.501397668118408,100527.46733239877,-374459.03531568975,213,13226700.768066833
2738,477466.9105633514,5.513339779555879,203376.85863684304,-274090.0519265084,213,12952610.716140324
2739,479584.07200245495,6.699754668827397,376197.9993032503,-103386.07269920467,213,12849224.64344112
2740,388501.598062145,5.897179890790781,254504.36145333204,-133997.23660881296,213,12715227.406832308
2741,439753.3954031552,4.257135779150741,82233.75628047543,-357519.6391226798,213,12357707.767709628
2742,412457.57597050833,3.105615445446033,16247.079599625458,-396210.4963708829,213,11961497.271338744
2743,399682.4677775551,2.8613535564783676,8383.402510298129,-391299.065267257,213,11570198.206071487
2744,403756.9738069832,2.617091667510702,2716.526686248289,-401040.4471207349,213,11169157.758950751
2745,494726.426769509,3.4196664455473176,30065.323604081976,-464661.103165427,213,10704496.655785324
2746,485145.0386878217,5.164394223887786,164280.63769632182,-320864.4009914999,213,10383632.254793825
2747,586118.4231877049,5.827390779657163,245208.45185033412,-340909.97133737075,213,10042722.283456454
2748,544406.2674926709,6.978911113361872,423989.5826075525,-120416.68488511839,213,9922305.598571336
2749,486148.3650001467,8.584060669435102,756437.0301215732,270288.6651214266,214,10192594.263692763
2750,1330303.579988229,9.944948336540667,961368.1516964036,-368935.42829182546,215,9823658.835400937
2751,818266.7861291982,10.084526558807905,973077.3210107522,154810.53488155408,216,9978469.370282492
2752,541492.9688036944,10.36368300334238,991166.6586165862,449673.6898128919,216,10428143.060095383
2753,539877.4754643947,12.701618226318605,1000000.0,460122.52453560533,216,10888265.584630989
2754,546522.1370326456,13.329720226521177,1000000.0,453477.86296735436,216,11341743.447598344
2755,543961.8229680882,14.167189560124598,1000000.0,456038.1770319118,216,11797781.624630256
2756,515668.3390064081,12.910985559719464,1000000.0,484331.6609935919,216,12282113.285623848
2757,559326.7633917873,10.817312225710902,1000000.0,440673.2366082127,216,12722786.522232061
2758,478864.9973094853,9.84026466984024,949517.9606259152,470652.96331642993,216,13193439.48554849
2759,491793.49007408414,8.304904224900628,699629.887229132,207836.39715504786,216,13401275.882703539
2760,511551.5762729113,7.467434891297203,519030.2647377329,7478.688464821607,216,13408754.571168361
2761,444403.14694133936,6.1414417797584475,289076.8066923469,-155326.3402489925,217,13253428.230919369
2762,424531.1707291328,7.7814858913984875,587439.4904642267,162908.31973509392,218,13416336.550654462
2763,427851.80201875867,6.629965557693778,364250.10347717477,-63601.6985415839,219,13352734.852112878
2764,391412.305761095,6.944016557795062,418015.6346945147,26603.32893341966,220,13379338.181046298
2765,405469.05339038966,4.536292223685217,103709.85080009176,-301759.2025902979,221,13077578.978456
2766,412446.96188255295,5.303972446155022,179801.73601243846,-232645.2258701145,221,12844933.752585886
2767,394245.1890480586,6.03675811305802,273625.4974873637,-120619.69156069489,221,12724314.061025191
2768,392534.2751263473,5.199288779454595,168160.912275351,-224373.36285099632,221,12499940.698174195
2769,507263.0899500078,5.932074446357591,259152.31625483112,-248110.77369517667,221,12251829.924479019
2770,460987.0885843723,6.176336335325257,294227.24309400795,-166759.84549036436,221,12085070.078988655
2771,565714.9566891332,6.2461254464588745,304528.1158973299,-261186.84079180332,221,11823883.238196852
2772,564578.2746889477,6.769543779961015,388145.8951293258,-176432.3795596219,221,11647450.85863723
2773,497746.2981390783,7.990853224799343,633584.0507457752,135837.75260669691,222,11783288.611243928
2774,1354849.33815308,9.037689891803623,840543.9395108721,-514305.39864220796,223,11268983.21260172
2775,828744.8934139257,9.665791892006192,929767.642175101,101022.74876117532,224,11370005.961362895
2776,519621.0507900867,9.700686447573,933717.7058652636,414096.6550751769,224,11784102.616438072
2777,527669.7925720976,9.596002780872574,921867.5147947754,394197.7222226778,224,12178300.33866075
2778,610833.2611241407,9.037689891803623,840543.9395108721,229710.67838673142,224,12408011.017047482
2779,561118.7960332555,7.955958669232534,625893.2906988506,64774.49466559512,224,12472785.511713076
2780,550984.8972769593,6.804438335527826,394119.8430423639,-156865.0542345954,225,12315920.45747848
2781,575041.1665886086,6.455492779859732,335430.73430729646,-239610.43228131218,225,12076310.025197169
2782,496759.6681263655,6.699754668827397,376197.9993032503,-120561.66882311524,225,11955748.356374053
2783,490407.641186157,6.1065472241916385,283926.37029068585,-206481.27089547116,225,11749267.085478581
2784,489759.2744193467,6.350809113159303,319979.42510231317,-169779.84931703354,225,11579487.236161549
2785,402795.6362297799,6.595071002126969,358276.1555641371,-44519.480665642826,225,11534967.755495906
2786,394895.9058933299,6.909122002228254,412041.6867814771,17145.780888147245,226,11552113.536384054
2787,418700.83127699565,6.839332891094635,400093.79095540155,-18607.040321594104,227,11533506.49606246
2788,368474.6524885545,5.897179890790781,254504.36145333204,-113970.29103522244,227,11419536.205027238
2789,322981.58235366136,6.211230890892066,299377.67949566897,-23603.90285799239,227,11395932.302169245
2790,404025.2539175935,6.350809113159303,319979.42510231317,-84045.82881528034,227,11311886.473353965
2791,404958.2045885973,6.176336335325257,294227.24309400795,-110730.96149458934,227,11201155.511859376
2792,377981.7187858003,6.839332891094635,400093.79095540155,22112.072169601277,228,11223267.584028978
2793,484796.06194352114,7.362751224596776,498554.1395311294,13758.077587608248,228,11237025.661616586
2794,475641.67592122953,6.629965557693778,364250.10347717477,-111391.57244405476,229,11125634.08917253
2795,490120.6140942794,7.153383891195919,457601.8891179217,-32518.724976357713,229,11093115.364196174
2796,506429.5214297165,8.16532600263339,670318.4605530121,163888.9391232956,230,11257004.30331947
2797,405357.8017932755,8.967900780670005,828752.507078229,423394.70528495347,230,11680399.008604422
2798,409836.6467463831,8.304904224900628,699629.887229132,289793.2404827489,230,11970192.249087172
2799,411593.7802729784,8.653849780568722,769585.2986591471,357991.5183861687,230,12328183.76747334
2800,1013025.8020531936,7.607013113564441,548985.6902296027,-464040.1118235908,231,11864143.65564975
2801,481017.19780764217,8.060642335932963,648334.8905459222,167317.69273828005,232,12031461.34838803
2802,477520.7684431984,7.2231730023295375,471252.6392556575,-6268.129187540908,233,12025193.219200488
2803,536277.3622969429,6.769543779961015,388145.8951293258,-148131.46716761705,233,11877061.75203287
2804,517073.810288462,6.490387335426542,340581.1707089576,-176492.63957950438,233,11700569.112453366
2805,534371.7774906983,7.432540335730394,512204.889668865,-22166.887821833254,233,11678402.224631533
2806,501310.052365906,7.013805668928682,430300.3888424502,-71009.66352345579,233,11607392.561108077
2807,422910.3475687612,6.1414417797584475,289076.8066923469,-133833.54087641434,233,11473559.020231662
2808,358821.5530215162,5.548234335122689,208024.8134383421,-150796.7395831741,233,11322762.280648489
2809,400776.8284220597,6.455492779859732,335430.73430729646,-65346.094114763255,233,11257416.186533725
2810,419930.62397236,6.595071002126969,358276.1555641371,-61654.46840822289,233,11195761.718125502
2811,387336.2338954663,6.315914557592494,314828.98870065215,-72507.24519481417,233,11123254.472930688
2812,416155.7892957975,6.455492779859732,335430.73430729646,-80725.05498850107,233,11042529.417942187
2813,367390.9478204312,5.722707112956735,231264.58744583713,-136126.36037459408,233,10906403.057567593
2814,349110.0167933037,5.513339779555879,203376.85863684304,-145733.15815646067,233,10760669.899411133
2815,440992.897615984,5.443550668422261,195322.8343285554,-245670.06328742864,233,10514999.836123703
2816,419504.4110315274,6.03675811305802,273625.4974873637,-145878.9135441637,233,10369120.92257954
2817,475410.9171638977,4.88523777935331,135533.68547702185,-339877.23168687586,233,10029243.690892665
2818,474058.1736495532,5.548234335122689,208024.8134383421,-266033.36021121114,233,9763210.330681454
2819,505933.9313380608,5.338867001721832,183682.0105914677,-322251.92074659315,233,9440958.409934862
2820,534508.7862624036,6.1414417797584475,289076.8066923469,-245431.97957005672,233,9195526.430364804
2821,433915.31939058646,6.769543779961015,388145.8951293258,-45769.42426126066,233,9149757.006103544
2822,477899.167022121,7.327856669029965,491728.7644622612,13829.597440140205,234,9163586.603543684
2823,405234.9519893028,7.362751224596776,498554.1395311294,93319.18754182657,234,9256905.79108551
2824,1088647.1668649982,7.955958669232534,625893.2906988506,-462753.87616614753,235,8794151.914919361
2825,445891.4239464627,7.746591335831678,579748.7304173018,133857.30647083907,236,8928009.2213902
2826,508827.394547123,6.56017644656016,352302.20765109936,-156525.18689602363,237,8771484.034494177
2827,557945.3751550904,4.536292223685217,103709.85080009176,-454235.5243549986,237,8317248.510139178
2828,557547.1975889377,3.83840111234903,53497.98540612295,-504049.2121828148,237,7813199.297956362
2829,544154.605585934,4.292030334717551,84843.86903687281,-459310.7365490612,237,7353888.561407302
2830,438351.7619640261,4.710765001519263,119621.76813855681,-318729.9938254693,237,7035158.567581832
2831,398700.9068209344,3.7337174456486015,47342.58580413777,-351358.32101679663,237,6683800.246565036
2832,428713.62522634136,4.5711867792520255,106892.23426778473,-321821.3909585566,237,6361978.855606479
2833,381507.0089618699,4.780554112652882,125986.53507394284,-255520.47388792707,237,6106458.381718552
2834,368612.5171079106,5.024816001620548,148759.5393802049,-219852.9777277057,237,5886605.403990846
2835,387120.6030264749,3.314982778846889,25459.242269263108,-361661.3607572118,237,5524944.043233634
2836,396883.70239488577,4.36181944585117,90064.09454966751,-306819.60784521827,237,5218124.435388416
2837,332833.8753841726,4.710765001519263,119621.76813855681,-213212.1072456158,237,5004912.3281428
2838,385130.62044046936,3.489455556680936,33136.044493961184,-351994.57594650815,237,4652917.752196292
2839,373541.0497338997,1.9540951117413239,0.0,-373541.0497338997,237,4279376.702462393
2840,408606.8286887655,0.6978911113361872,0.0,-408606.8286887655,237,3870769.8737736274
2841,458598.2504736985,0.45362922236852166,0.0,-458598.2504736985,237,3412171.623299929
2842,454168.17968783184,1.1166257781378996,0.0,-454168.17968783184,237,2958003.443612097
2843,476826.8280996026,1.64004411164004,0.0,-476826.8280996026,237,2481176.615512494
2844,439108.0013727845,2.9660372231787955,10812.063577748055,-428295.9377950364,237,2052880.6777174575
2845,411271.2386703213,3.6290337789481733,41187.18620215259,-370084.0524681687,237,1682796.6252492887
2846,411214.9523195279,5.164394223887786,164280.63769632182,-246934.3146232061,237,1435862.3106260826
2847,450940.6064995786,5.966969001924401,263800.2710563302,-187140.3354432484,237,1248721.975182834
2848,1013493.8232934994,5.164394223887786,164280.63769632182,-849213.1855971776,237,399508.7895856565
2849,537476.2682715307,4.92013233492012,138716.0689447149,-398760.19932681584,237,748.5902588406461
2850,542855.9746869453,5.269077890588212,175921.46143340922,-366934.5132535361,237,0.0
2851,567973.5350561985,5.338867001721832,183682.0105914677,-384291.52446473076,237,0.0
2852,474736.21040062775,5.164394223887786,164280.63769632182,-310455.57270430593,237,0.0
2853,511190.2957874541,4.640975890385645,113257.00120317086,-397933.29458428326,237,0.0
2854,467231.9450571632,4.292030334717551,84843.86903687281,-382388.0760202904,237,0.0
2855,389587.68201732135,3.8035065567822204,51446.18553879456,-338141.4964785268,237,0.0
2856,388846.7339942951,3.489455556680936,33136.044493961184,-355710.6895003339,237,0.0
2857,393124.4029095788,2.3030406674094177,0.0,-393124.4029095788,237,0.0
2858,367514.65224884334,1.9540951117413239,0.0,-367514.65224884334,237,0.0
2859,409153.76199439,1.7796223339072772,0.0,-409153.76199439,237,0.0
2860,370869.07110964943,1.919200556174515,0.0,-370869.07110964943,237,0.0
2861,331606.05927413347,2.19835700070899,0.0,-331606.05927413347,237,0.0
2862,375988.7235239868,1.7796223339072772,0.0,-375988.7235239868,237,0.0
2863,423884.5089216534,1.4306767782391838,0.0,-423884.5089216534,237,0.0
2864,429689.6113213368,1.3608876671055647,0.0,-429689.6113213368,237,0.0
2865,487586.6490434092,1.1515203337047089,0.0,-487586.6490434092,237,0.0
2866,452515.7696269756,1.2213094448383275,0.0,-452515.7696269756,237,0.0
2867,465911.3180765733,2.756669889777939,5954.7414428481825,-459956.57663372514,237,0.0
2868,434731.6358906166,3.454561001114127,31600.684049021587,-403130.95184159506,237,0.0
2869,412461.2590135702,4.257135779150741,82233.75628047543,-330227.5027330948,237,0.0
2870,466778.9411798029,4.606081334818835,110074.6177354778,-356704.32344432507,237,0.0
2871,443150.47010655433,4.710765001519263,119621.76813855681,-323528.70196799753,237,0.0
2872,1182317.2999999998,4.88523777935331,135533.68547702185,-1046783.614522978,237,0.0
2873,497565.24359119526,5.548234335122689,208024.8134383421,-289540.43015285314,237,0.0
2874,539148.7382914774,5.652918001823116,221968.6778428391,-317180.06044863834,237,0.0
2875,544970.0999718041,5.269077890588212,175921.46143340922,-369048.6385383948,237,0.0
2876,518915.2094877437,4.39671400141798,92674.20730606488,-426241.0021816788,237,0.0
2877,534538.9284601343,3.977979334616267,61705.1848754365,-472833.74358469783,237,0.0
2878,497929.68175124127,3.210299112146461,20853.160934444284,-477076.520816797,237,0.0
2879,381285.1758653497,4.9899214460537396,145080.83588010108,-236204.33998524863,237,0.0
2880,422574.7344436709,4.815448668219692,129168.91854163593,-293405.815902035,237,0.0
2881,404169.73944377823,4.780554112652882,125986.53507394284,-278183.2043698354,237,0.0
2882,425688.445111498,4.640975890385645,113257.00120317086,-312431.44390832714,237,0.0
2883,359928.9836055981,4.292030334717551,84843.86903687281,-275085.1145687253,237,0.0
2884,365244.5036119073,4.187346668017123,77013.53076768082,-288230.9728442265,237,0.0
2885,354040.464450302,4.0128738901830765,63962.966985694125,-290077.4974646079,237,0.0
2886,425766.3152928406,4.187346668017123,77013.53076768082,-348752.78452515975,237,0.0
2887,398785.0961641679,3.9081902234826478,57601.58514077969,-341183.51102338824,237,0.0
2888,425056.37659584434,3.9081902234826478,57601.58514077969,-367454.79145506467,237,0.0
2889,398206.3182367045,3.9081902234826478,57601.58514077969,-340604.73309592484,237,0.0
2890,403980.0735152807,4.326924890284361,87453.9817932702,-316526.09172201046,237,0.0
2891,507470.30982613104,4.640975890385645,113257.00120317086,-394213.3086229602,237,0.0
2892,405385.1335670201,5.303972446155022,179801.73601243846,-225583.39755458166,237,0.0
2893,415501.2695124206,6.071652668624828,278775.93388902454,-136725.33562339604,237,0.0
2894,438839.49945042026,6.350809113159303,319979.42510231317,-118860.0743481071,237,0.0
2895,457701.17604458507,6.52528189099335,346328.2597380615,-111372.91630652355,237,0.0
2896,1340839.6658172826,6.839332891094635,400093.79095540155,-940745.8748618811,237,0.0
2897,434717.7874289233,7.362751224596776,498554.1395311294,63836.35210220609,238,63836.35210220609
2898,484263.8102076919,7.851275002532106,602821.0105580763,118557.2003503844,238,182393.5524525905
2899,424060.6036122134,8.409587891601056,721613.4572362219,297552.8536240085,238,479946.40607659897
2900,433474.1436449009,8.025747780366153,641007.0338768922,207532.8902319913,238,687479.2963085903
2901,460928.4337588311,7.8163804469652955,595130.2505111512,134201.81675232004,238,821681.1130609104
2902,387525.902383408,7.641907669131249,556676.4502765272,169150.54789311922,238,990831.6609540295
2903,401255.04977943766,6.455492779859732,335430.73430729646,-65824.3154721412,239,925007.3454818884
2904,405533.9003551778,6.909122002228254,412041.6867814771,6507.78642629931,240,931515.1319081876
2905,471038.49328033125,6.281020002025685,309678.5522989911,-161359.94098134013,241,770155.1909268475
2906,426850.0067613516,5.443550668422261,195322.8343285554,-231527.17243279621,241,538628.0184940513
2907,458290.2217809404,5.827390779657163,245208.45185033412,-213081.7699306063,241,325546.248563445
2908,437493.5680070967,6.03675811305802,273625.4974873637,-163868.070519733,241,161678.178043712
2909,398710.2044369764,6.03675811305802,273625.4974873637,-125084.70694961271,241,36593.47109409928
2910,424198.1256903377,6.03675811305802,273625.4974873637,-150572.62820297398,241,0.0
2911,377411.187847644,5.722707112956735,231264.58744583713,-146146.60040180685,241,0.0
2912,395500.0403342013,5.862285335223973,249856.4066518332,-145643.6336823681,241,0.0
2913,446192.30788978015,5.827390779657163,245208.45185033412,-200983.85603944602,241,0.0
2914,466774.7991204636,5.932074446357591,259152.31625483112,-207622.48286563248,241,0.0
2915,551399.2687414661,5.792496224090355,240560.4970488353,-310838.77169263083,241,0.0
2916,612191.4927761653,6.176336335325257,294227.24309400795,-317964.2496821573,241,0.0
2917,498676.33801542624,6.944016557795062,418015.6346945147,-80660.70332091156,241,0.0
2918,1297549.563795288,7.502329446864012,525913.4100888282,-771636.1537064599,241,0.0
2919,742515.0307538202,8.270009669333819,692302.030560102,-50213.00019371824,241,0.0
2920,523841.860454993,8.514271558301482,743288.7615839993,219446.9011290063,242,219446.9011290063
2921,541463.3311195504,7.851275002532106,602821.0105580763,61357.67943852593,242,280804.5805675322
2922,514281.7807373029,7.641907669131249,556676.4502765272,42394.6695392243,242,323199.2501067565
2923,510777.7094771644,7.013805668928682,430300.3888424502,-80477.32063471415,243,242721.92947204236
2924,490290.7403720688,6.03675811305802,273625.4974873637,-216665.24288470508,243,26056.686587337288
2925,548141.7449079392,5.618023446256307,217320.72304134,-330821.0218665992,243,0.0
2926,485583.1469326729,5.164394223887786,164280.63769632182,-321302.50923635106,243,0.0
2927,488755.1635005964,5.548234335122689,208024.8134383421,-280730.35006225435,243,0.0
2928,467350.263659983,5.269077890588212,175921.46143340922,-291428.8022265738,243,0.0
2929,484105.7242250208,4.88523777935331,135533.68547702185,-348572.03874799894,243,0.0
2930,436272.9668470997,5.164394223887786,164280.63769632182,-271992.3291507779,243,0.0
2931,421400.4545869989,4.88523777935331,135533.68547702185,-285866.76910997706,243,0.0
2932,397171.2405493863,4.780554112652882,125986.53507394284,-271184.70547544345,243,0.0
2933,433670.2165896582,4.640975890385645,113257.00120317086,-320413.2153864873,243,0.0
2934,417528.3720581201,4.640975890385645,113257.00120317086,-304271.37085494923,243,0.0
2935,363953.6365413431,4.955026890486929,141898.4524124079,-222055.18412893522,243,0.0
2936,396199.4992781865,5.443550668422261,195322.8343285554,-200876.6649496311,243,0.0
2937,479345.704431289,6.455492779859732,335430.73430729646,-143914.97012399253,243,0.0
2938,494683.6768910786,7.0835947800623,443951.13898018585,-50732.537910892745,243,0.0
2939,603211.753891992,5.618023446256307,217320.72304134,-385891.030850652,243,0.0
2940,635122.1436992564,6.420598224292922,330280.29790563526,-304841.8457936211,243,0.0
2941,524612.7397734565,7.537224002430823,533604.1701357533,8991.430362296873,244,8991.430362296873
2942,1270575.7579302122,8.304904224900628,699629.887229132,-570945.8707010802,245,0.0
2943,768901.4836927779,8.200220558200199,677646.3172220417,-91255.16647073627,245,0.0
2944,484999.8895576702,9.351740891904909,888405.3119263081,403405.42236863787,246,403405.42236863787
2945,527106.4875493225,7.8163804469652955,595130.2505111512,68023.76296182862,246,471429.1853304665
2946,545049.2222807285,7.2580675578963465,478078.0143245254,-66971.20795620314,247,404457.97737426334
2947,549695.6531812253,7.292962113463156,484903.38939339336,-64792.26378783194,247,339665.7135864314
2948,512907.6254282891,6.804438335527826,394119.8430423639,-118787.78238592524,247,220877.93120050617
2949,519756.8356632617,6.211230890892066,299377.67949566897,-220379.15616759274,247,498.77503291342873
2950,474863.1678259344,4.92013233492012,138716.0689447149,-336147.0988812195,247,0.0
2951,458926.5103235646,3.3847718899805077,28529.963159142342,-430396.5471644222,247,0.0
2952,480784.2572517728,2.651986223077511,3526.0803753982573,-477258.1768763745,247,0.0
2953,404947.2130186394,2.2681461118426083,0.0,-404947.2130186394,247,0.0
2954,397013.7066753419,2.791564445344749,6764.295131998172,-390249.4115433437,247,0.0
2955,404355.46474844107,3.1405100010128426,17782.440044565075,-386573.024703876,247,0.0
2956,395125.9261211039,2.9311426676119865,10002.509888598086,-385123.4162325058,247,0.0
2957,366302.1659788256,3.210299112146461,20853.160934444284,-345449.0050443813,247,0.0
2958,377420.6075366064,3.489455556680936,33136.044493961184,-344284.56304264517,247,0.0
2959,424945.222097417,3.9081902234826478,57601.58514077969,-367343.6369566373,247,0.0
2960,428947.3290802602,4.815448668219692,129168.91854163593,-299778.4105386243,247,0.0
2961,461923.9583075128,5.234183335021404,172041.18685438015,-289882.7714531326,247,0.0
2962,462851.5336213154,5.897179890790781,254504.36145333204,-208347.17216798334,247,0.0
2963,480581.37842552766,5.932074446357591,259152.31625483112,-221429.06217069653,247,0.0
2964,471815.5011451768,6.804438335527826,394119.8430423639,-77695.65810281294,247,0.0
2965,455663.6258294409,7.432540335730394,512204.889668865,56541.26383942412,248,56541.26383942412
2966,432420.1425883645,7.990853224799343,633584.0507457752,201163.90815741074,248,257705.17199683486
2967,398939.4066679158,8.479377002734674,736269.1705742816,337329.7639063658,248,595034.9359032006
2968,993995.4361388404,8.68874433613553,776159.4329279339,-217836.00321090652,249,377198.9326922941
2969,480128.9037244486,8.374693336034246,714285.6005671917,234156.69684274314,250,611355.6295350373
2970,474223.0379574605,7.711696780264869,572057.970370377,97834.93241291645,250,709190.5619479538
2971,560981.9118080733,6.874227446661443,406067.7388684391,-154914.17293963418,251,554276.3890083196
2972,569009.3950520835,5.652918001823116,221968.6778428391,-347040.71720924444,251,207235.67179907515
2973,505241.0540827981,5.408656112855451,191442.55974952615,-313798.4943332719,251,0.0
2974,433427.8225319711,5.687812557389925,226616.63264433807,-206811.18988763302,251,0.0
2975,398535.7792281263,4.780554112652882,125986.53507394284,-272549.2441541834,251,0.0
2976,368906.8595606037,4.536292223685217,103709.85080009176,-265197.00876051193,251,0.0
2977,364830.4962481989,4.326924890284361,87453.9817932702,-277376.5144549287,251,0.0
2978,414057.82998489536,4.606081334818835,110074.6177354778,-303983.21224941756,251,0.0
2979,415918.8608212344,4.710765001519263,119621.76813855681,-296297.0926826776,251,0.0
2980,384472.9480208652,4.326924890284361,87453.9817932702,-297018.966227595,251,0.0
2981,354862.7076718802,3.6290337789481733,41187.18620215259,-313675.5214697276,251,0.0
2982,383846.1939881895,3.9430847790494576,59653.38500810811,-324192.8089800814,251,0.0
2983,385449.37841842335,4.0128738901830765,63962.966985694125,-321486.4114327292,251,0.0
2984,419636.915759479,4.0477684457498855,66573.07974209143,-353063.83601738757,251,0.0
2985,487545.5907785828,4.292030334717551,84843.86903687281,-402701.72174171,251,0.0
2986,442765.0841764565,4.39671400141798,92674.20730606488,-350090.8768703916,251,0.0
2987,457099.2230555876,4.745659557086072,122804.15160624978,-334295.0714493378,251,0.0
2988,544363.7105756992,5.47844522398907,199203.10890758454,-345160.60166811466,251,0.0
2989,440566.63675421255,6.315914557592494,314828.98870065215,-125737.6480535604,251,0.0
2990,452428.50531439146,7.292962113463156,484903.38939339336,32474.884079001902,252,32474.884079001902
2991,371320.4655972766,7.990853224799343,633584.0507457752,262263.58514849865,252,294738.46922750055
2992,1104146.058685404,7.955958669232534,625893.2906988506,-478252.7679865534,253,0.0
2993,450529.4847483279,7.886169558098915,610511.7706050009,159982.28585667303,254,159982.28585667303
2994,522970.0289550717,7.048700224495491,437125.76391131803,-85844.26504375366,255,74138.02081291936
2995,490512.78925422806,6.071652668624828,278775.93388902454,-211736.85536520352,255,0.0
2996,513635.8539682097,5.338867001721832,183682.0105914677,-329953.843376742,255,0.0
2997,501593.3913268228,5.199288779454595,168160.912275351,-333432.4790514718,255,0.0
2998,484470.77230457193,5.234183335021404,172041.18685438015,-312429.58545019175,255,0.0
2999,381740.1838335487,5.199288779454595,168160.912275351,-213579.27155819768,255,0.0
3000,425140.7168492004,5.0946051127541665,156520.0885382633,-268620.6283109371,255,0.0
3001,366590.762617872,5.164394223887786,164280.63769632182,-202310.12492155016,255,0.0
3002,412837.4189728752,5.408656112855451,191442.55974952615,-221394.85922334908,255,0.0
3003,390508.39988207456,5.199288779454595,168160.912275351,-222347.48760672356,255,0.0
3004,365985.3822968771,4.955026890486929,141898.4524124079,-224086.9298844692,255,0.0
3005,359224.47258202423,4.326924890284361,87453.9817932702,-271770.490788754,255,0.0
3006,387460.7339150804,4.5711867792520255,106892.23426778473,-280568.4996472956,255,0.0
3007,410580.64157746494,5.164394223887786,164280.63769632182,-246300.00388114311,255,0.0
3008,437703.0471713733,5.932074446357591,259152.31625483112,-178550.7309165422,255,0.0
3009,469611.6307830269,6.420598224292922,330280.29790563526,-139331.33287739166,255,0.0
3010,424093.9684758092,6.909122002228254,412041.6867814771,-12052.28169433208,255,0.0
3011,478255.9066518513,6.03675811305802,273625.4974873637,-204630.40916448762,255,0.0
3012,466511.0353624676,7.292962113463156,484903.38939339336,18392.35403092578,256,18392.35403092578
3013,458552.2442294948,7.8163804469652955,595130.2505111512,136578.00628165633,256,154970.3603125821
3014,449174.8540738961,8.68874433613553,776159.4329279339,326984.5788540378,256,481954.9391666199
3015,403243.1341178951,9.456424558605336,904359.1027314533,501115.96861355816,256,983070.9077801781
3016,993550.4503108788,9.630897336439384,925817.5784849382,-67732.87182594056,257,915338.0359542376
3017,494785.251257677,8.933006225103197,822178.3728094423,327393.12155176536,258,1242731.157506003
3018,552535.8504304531,8.618955225001912,763011.1643903602,210475.31395990716,258,1453206.4714659103
3019,508094.1649653679,8.060642335932963,648334.8905459222,140240.72558055434,258,1593447.1970464648
3020,538787.6960758797,7.048700224495491,437125.76391131803,-101661.9321645617,259,1491785.264881903
3021,518222.58869306295,6.490387335426542,340581.1707089576,-177641.41798410536,259,1314143.8468977977
3022,473401.4915203875,6.315914557592494,314828.98870065215,-158572.50281973538,259,1155571.3440780623
3023,406263.6605807658,6.315914557592494,314828.98870065215,-91434.67188011366,259,1064136.6721979487
3024,395340.8622030902,6.176336335325257,294227.24309400795,-101113.61910908227,259,963023.0530888664
3025,410611.9681267574,6.420598224292922,330280.29790563526,-80331.67022112216,259,882691.3828677442
3026,365130.1209935132,6.6648601132605885,370224.0513902128,5093.930396699579,260,887785.3132644438
3027,363930.2151128567,6.804438335527826,394119.8430423639,30189.627929507173,260,917974.941193951
3028,373338.5726151118,6.420598224292922,330280.29790563526,-43058.274709476565,261,874916.6664844744
3029,354049.2262535229,5.443550668422261,195322.8343285554,-158726.39192496752,261,716190.2745595069
3030,385591.8577908183,5.792496224090355,240560.4970488353,-145031.36074198302,261,571158.9138175239
3031,380980.9804171977,6.455492779859732,335430.73430729646,-45550.24610990123,261,525608.6677076226
3032,425242.4273679927,6.6648601132605885,370224.0513902128,-55018.37597777991,261,470590.2917298427
3033,447491.72352747136,6.944016557795062,418015.6346945147,-29476.08883295668,261,441114.20289688604
3034,494351.6458871088,7.292962113463156,484903.38939339336,-9448.256493715453,261,431665.9464031706
3035,472672.8814038308,7.711696780264869,572057.970370377,99385.08896654617,262,531051.0353697168
3036,503122.2613601245,8.23511511376701,684974.1738910723,181851.91253094777,262,712902.9479006645
3037,434623.1349163119,9.21216266963767,867133.5908527811,432510.4559364692,262,1145413.4038371337
3038,452327.7462513076,10.154315669941525,977599.6554122109,525271.9091609032,262,1670685.3129980369
3039,408221.57335271314,10.642839447876854,1000000.0,591778.4266472869,262,2262463.7396453237
3040,1064221.1218837,10.991785003544948,1000000.0,-64221.1218836999,263,2198242.617761624
3041,459775.79328060936,10.712628559010474,1000000.0,540224.2067193906,264,2738466.8244810146
3042,504801.0150089184,9.77047555870662,941617.8332455894,436816.818236671,264,3175283.6427176856
3043,531075.4760708462,8.75853344726915,789307.7014655077,258232.22539466154,264,3433515.868112347
3044,504520.3644360591,9.24705722520448,872451.5211211628,367931.1566851037,264,3801447.0247974508
3045,504652.4300883496,8.68874433613553,776159.4329279339,271507.00283958425,264,4072954.027637035
3046,515641.9087504304,7.572118557997631,541294.9301826778,25653.02143224742,264,4098607.0490692826
3047,425668.8811613784,5.199288779454595,168160.912275351,-257507.9688860274,265,3841099.080183255
3048,450809.2229104689,4.640975890385645,113257.00120317086,-337552.221707298,265,3503546.858475957
3049,355908.9904944308,4.780554112652882,125986.53507394284,-229922.45542048797,265,3273624.403055469
3050,427197.0936875834,5.024816001620548,148759.5393802049,-278437.5543073785,265,2995186.8487480907
3051,405309.435740476,5.757601668523544,235912.5422473361,-169396.8934931399,265,2825789.9552549506
3052,359854.138104242,6.6648601132605885,370224.0513902128,10369.913285970804,266,2836159.8685409212
3053,352319.6858532016,7.2580675578963465,478078.0143245254,125758.32847132377,266,2961918.197012245
3054,354146.6194883583,6.804438335527826,394119.8430423639,39973.223554005555,266,3001891.4205662506
3055,449282.2474116338,6.071652668624828,278775.93388902454,-170506.31352260924,267,2831385.107043641
3056,408640.8246811286,5.47844522398907,199203.10890758454,-209437.71577354407,267,2621947.391270097
3057,466615.5542361898,5.303972446155022,179801.73601243846,-286813.8182237514,267,2335133.5730463453
3058,500555.1386686605,5.303972446155022,179801.73601243846,-320753.402656222,267,2014380.1703901233
3059,487085.4817238765,6.629965557693778,364250.10347717477,-122835.37824670173,267,1891544.7921434215
3060,466544.9236681966,7.711696780264869,572057.970370377,105513.04670218035,268,1997057.8388456018
3061,454632.8859043595,8.898111669536387,815604.2385406554,360971.35263629584,268,2358029.1914818976
3062,429204.5550946801,9.700686447573,933717.7058652636,504513.1507705835,268,2862542.3422524813
3063,410277.9166191575,10.049632003241095,970816.153810023,560538.2371908654,268,3423080.5794433467
3064,974424.1964697788,10.014737447674285,968554.9866092937,-5869.209860485047,269,3417211.3695828617
3065,497612.1204423444,8.72363889170234,782733.5671967207,285121.44675437635,270,3702332.816337238
3066,529814.4029373821,8.060642335932963,648334.8905459222,118520.4876085401,270,3820853.303945778
3067,548142.8566049023,7.2231730023295375,471252.6392556575,-76890.2173492448,271,3743963.086596533
3068,521014.5181407208,6.699754668827397,376197.9993032503,-144816.5188374705,271,3599146.5677590626
3069,468652.4948069541,6.455492779859732,335430.73430729646,-133221.76049965766,271,3465924.807259405
3070,476726.8432397984,5.827390779657163,245208.45185033412,-231518.39138946426,271,3234406.415869941
3071,429460.9696622946,4.8503432237865,132351.3020093288,-297109.6676529658,271,2937296.748216975
3072,417426.50199570495,4.0128738901830765,63962.966985694125,-353463.5350100108,271,2583833.213206964
3073,476985.02678766137,3.28008822328008,23923.881824323515,-453061.14496333787,271,2130772.068243626
3074,435877.2614077007,3.1405100010128426,17782.440044565075,-418094.82136313565,271,1712677.2468804903
3075,464381.3034222525,2.9311426676119865,10002.509888598086,-454378.79353365436,271,1258298.453346836
3076,430355.22105716,3.210299112146461,20853.160934444284,-409502.0601227157,271,848796.3932241201
3077,356508.0578202012,5.024816001620548,148759.5393802049,-207748.51843999632,271,641047.8747841239
3078,407902.2781633053,5.548234335122689,208024.8134383421,-199877.4647249632,271,441170.41005916067
3079,401052.9544261856,5.443550668422261,195322.8343285554,-205730.1200976302,271,235440.28996153048
3080,394183.1854815544,5.234183335021404,172041.18685438015,-222141.99862717427,271,13298.29133435621
3081,494970.1893038426,6.211230890892066,299377.67949566897,-195592.50980817364,271,0.0
3082,460304.6074628452,6.944016557795062,418015.6346945147,-42288.97276833054,271,0.0
3083,636941.0821790699,7.746591335831678,579748.7304173018,-57192.35176176811,271,0.0
3084,552105.5033451553,8.304904224900628,699629.887229132,147524.38388397673,272,147524.38388397673
3085,509895.8957661036,8.72363889170234,782733.5671967207,272837.67143061716,272,420362.0553145939
3086,1396849.888069615,8.618955225001912,763011.1643903602,-633838.7236792548,273,0.0
3087,841823.53650898,8.270009669333819,692302.030560102,-149521.505948878,273,0.0
3088,561676.4658512606,7.886169558098915,610511.7706050009,48835.30475374032,274,48835.30475374032
3089,529477.9087288085,8.025747780366153,641007.0338768922,111529.12514808367,274,160364.42990182398
3090,549990.0296369904,7.432540335730394,512204.889668865,-37785.13996812538,275,122579.2899336986
3091,512861.1867983789,6.281020002025685,309678.5522989911,-203182.63449938776,275,0.0
3092,525384.9331887843,5.303972446155022,179801.73601243846,-345583.19717634586,275,0.0
3093,528163.4826114442,5.47844522398907,199203.10890758454,-328960.37370385963,275,0.0
3094,513062.2356089216,5.583128890689498,212672.76823984107,-300389.4673690805,275,0.0
3095,494806.17055169,3.698822890081792,45290.78593680938,-449515.3846148806,275,0.0
3096,509574.39552969416,3.6639283345149827,43238.98606948098,-466335.40946021315,275,0.0
3097,480642.96452534926,3.314982778846889,25459.242269263108,-455183.7222560862,275,0.0
3098,429436.7166388813,3.0009317787456045,11640.998264806596,-417795.7183740747,275,0.0
3099,439702.8228025492,2.407724334109846,0.0,-439702.8228025492,275,0.0
3100,425201.626145024,2.826459000911558,7573.84882114815,-417627.77732387587,275,0.0
3101,407167.49132971617,4.257135779150741,82233.75628047543,-324933.73504924076,275,0.0
3102,426915.4013648781,4.675870445952455,116439.38467086392,-310476.0166940142,275,0.0
3103,378405.81153077225,4.92013233492012,138716.0689447149,-239689.74258605734,275,0.0
3104,380863.8404402612,4.466503112551599,97894.43281885957,-282969.4076214016,275,0.0
3105,469712.99731652375,4.640975890385645,113257.00120317086,-356455.9961133529,275,0.0
3106,502449.4129765042,5.234183335021404,172041.18685438015,-330408.226122124,275,0.0
3107,596161.5293636263,5.024816001620548,148759.5393802049,-447401.9899834214,275,0.0
3108,581130.4709444959,6.001863557491209,268475.0610857024,-312655.4098587935,275,0.0
3109,533993.9086456615,6.839332891094635,400093.79095540155,-133900.11769026,275,0.0
3110,1313496.302754406,7.572118557997631,541294.9301826778,-772201.3725717281,275,0.0
3111,782285.212966445,7.711696780264869,572057.970370377,-210227.24259606807,275,0.0
3112,542957.3579631116,8.095536891499771,655662.7472149519,112705.3892518403,276,112705.3892518403
3113,516840.8768183987,6.350809113159303,319979.42510231317,-196861.45171608555,277,0.0
3114,521139.288479283,6.52528189099335,346328.2597380615,-174811.02874122147,277,0.0
3115,560620.1172518964,6.315914557592494,314828.98870065215,-245791.12855124427,277,0.0
3116,523961.0543676206,5.966969001924401,263800.2710563302,-260160.78331129043,277,0.0
3117,526333.5342204643,5.862285335223973,249856.4066518332,-276477.1275686311,277,0.0
3118,514383.8740181701,5.443550668422261,195322.8343285554,-319061.0396896147,277,0.0
3119,501178.51869027736,5.373761557288642,187562.28517049697,-313616.2335197804,277,0.0
3120,490568.43412478646,5.199288779454595,168160.912275351,-322407.52184943546,277,0.0
3121,407784.4911070162,5.47844522398907,199203.10890758454,-208581.38219943168,277,0.0
3122,387059.1339278677,6.52528189099335,346328.2597380615,-40730.87418980617,277,0.0
3123,396160.2118785008,7.397645780163584,505379.514599997,109219.3027214962,278,109219.3027214962
3124,355452.01486879133,7.8163804469652955,595130.2505111512,239678.23564235982,278,348897.53836385603
3125,347362.51141306513,7.921064113665725,618202.5306519258,270840.0192388607,278,619737.5576027167
3126,372185.7787519559,7.955958669232534,625893.2906988506,253707.51194689475,278,873445.0695496115
3127,425668.5007716584,7.711696780264869,572057.970370377,146389.46959871857,278,1019834.5391483301
3128,388415.6154649217,7.467434891297203,519030.2647377329,130614.64927281119,278,1150449.1884211414
3129,471099.49602580094,8.304904224900628,699629.887229132,228530.39120333106,278,1378979.5796244724
3130,479304.2060778993,8.444482447167864,728941.3139052514,249637.10782735213,278,1628616.6874518245
3131,426235.3689970727,8.863217113969577,809030.1042718684,382794.7352747957,278,2011411.4227266202
3132,482883.3463426027,9.700686447573,933717.7058652636,450834.3595226609,278,2462245.782249281
3133,405122.9172093704,10.049632003241095,970816.153810023,565693.2366006526,278,3027939.0188499335
3134,435919.0282857455,10.328788447775572,988905.4914158571,552986.4631301116,278,3580925.4819800453
3135,428416.22870352585,10.573050336743236,1000000.0,571583.7712964742,278,4152509.2532765195
3136,1128832.9961122184,10.433472114475999,995688.9930180447,-133144.00309417362,279,4019365.250182346
3137,522144.51184014085,8.933006225103197,822178.3728094423,300033.8609693015,280,4319399.111151648
3138,477089.45936124417,8.898111669536387,815604.2385406554,338514.7791794112,280,4657913.890331059
3139,532561.2880945795,8.095536891499771,655662.7472149519,123101.45912037243,280,4781015.349451431
3140,542470.6526456282,7.432540335730394,512204.889668865,-30265.762976763188,281,4750749.586474668
3141,487583.174462588,7.327856669029965,491728.7644622612,4145.589999673248,282,4754895.176474341
3142,496084.3764381727,7.851275002532106,602821.0105580763,106736.63411990361,282,4861631.810594245
3143,394139.84917392686,7.537224002430823,533604.1701357533,139464.32096182648,282,5001096.131556071
3144,415855.3699395763,8.967900780670005,828752.507078229,412897.1371386527,282,5413993.268694724
3145,408262.42974206526,8.898111669536387,815604.2385406554,407341.8087985901,282,5821335.077493314
3146,382933.8737542921,8.200220558200199,677646.3172220417,294712.4434677496,282,6116047.520961063
3147,379241.98617889854,8.549166113868294,749862.8958527866,370620.90967388806,282,6486668.430634951
3148,399144.6454908739,8.549166113868294,749862.8958527866,350718.2503619127,282,6837386.680996864
3149,385610.2919593621,8.933006225103197,822178.3728094423,436568.08085008024,282,7273954.761846945
3150,370712.3610215019,8.967900780670005,828752.507078229,458040.1460567271,282,7731994.907903672
3151,431559.234588195,8.967900780670005,828752.507078229,397193.272490034,282,8129188.180393706
3152,376804.7610513144,9.28195178077129,877769.4513895446,500964.6903382302,282,8630152.870731937
3153,463222.5039750127,10.154315669941525,977599.6554122109,514377.15143719816,282,9144530.022169136
3154,460974.0308970285,10.607944892310044,1000000.0,539025.9691029715,282,9683555.991272107
3155,502480.1458132628,10.503261225609617,1000000.0,497519.8541867372,282,10181075.845458845
3156,451328.2089578385,10.92199589241133,1000000.0,548671.7910421615,282,10729747.636501007
3157,422670.3820414327,11.166257781378995,1000000.0,577329.6179585673,282,11307077.254459575
3158,441595.64407361706,11.410519670346659,1000000.0,558404.3559263829,282,11865481.610385958
3159,427038.6639277166,11.410519670346659,1000000.0,572961.3360722833,282,12438442.946458241
3160,1035259.4044142348,11.166257781378995,1000000.0,-35259.4044142348,283,12403183.542044006
3161,514447.8129481428,10.29389389220876,986644.3242151276,472196.5112669848,284,12875380.05331099
3162,476948.9241657224,9.421530003038528,899041.1724630716,422092.24829734926,284,13297472.301608339
3163,504131.1953058122,7.851275002532106,602821.0105580763,98689.81525226415,284,13396162.116860604
3164,564395.4755313088,6.281020002025685,309678.5522989911,-254716.92323231767,285,13141445.193628287
3165,464798.658284591,5.792496224090355,240560.4970488353,-224238.1612357557,285,12917207.032392532
3166,501019.0906217641,6.03675811305802,273625.4974873637,-227393.59313440038,285,12689813.439258132
3167,405148.59328682086,5.897179890790781,254504.36145333204,-150644.23183348883,285,12539169.207424643
3168,406510.9920237715,6.176336335325257,294227.24309400795,-112283.74892976356,285,12426885.45849488
3169,375465.0936124776,6.699754668827397,376197.9993032503,732.9056907726917,286,12427618.364185652
3170,390407.9879771969,7.153383891195919,457601.8891179217,67193.90114072477,286,12494812.265326377
3171,395449.7585360563,7.432540335730394,512204.889668865,116755.13113280869,286,12611567.396459186
3172,393950.1178471583,7.537224002430823,533604.1701357533,139654.05228859506,286,12751221.448747782
3173,320383.6286497573,8.374693336034246,714285.6005671917,393901.9719174344,286,13145123.420665216
3174,385988.57338929473,8.13043144706658,662990.6038839819,277002.0304946872,286,13422125.451159904
3175,406145.2425358761,8.025747780366153,641007.0338768922,234861.79134101607,286,13656987.24250092
3176,423902.4686118731,8.514271558301482,743288.7615839993,319386.29297212616,286,13976373.535473047
3177,487422.0554694611,9.421530003038528,899041.1724630716,411619.1169936106,286,14387992.652466657
3178,416431.7462909989,9.73558100313981,937667.7695554266,521236.02326442767,286,14909228.675731085
3179,476932.1624009133,9.142373558504051,856497.7303160174,379565.5679151041,286,15288794.24364619
3180,466768.8899688077,9.561108225305764,917917.4511046124,451148.56113580475,286,15739942.804781994
3181,416907.5580432048,10.049632003241095,970816.153810023,553908.5957668182,286,16293851.400548812
3182,454690.3311428902,10.538155781176425,1000000.0,545309.6688571097,286,16839161.06940592
3183,423651.38655414426,11.305836003646233,1000000.0,576348.6134458557,286,17415509.682851776
3184,1021617.268024276,11.933938003848802,1000000.0,-21617.26802427601,287,17393892.4148275
3185,494333.1417031913,12.352672670650511,1000000.0,505666.8582968087,288,17899559.273124307
3186,499374.3332713781,12.352672670650511,1000000.0,500625.6667286219,288,18400184.93985293
3187,522164.42477635696,11.37562511477985,1000000.0,477835.57522364304,288,18878020.515076574
3188,500661.1686956763,9.979842892107477,965318.2153865664,464657.04669089004,288,19342677.561767463
3189,476218.83401068585,7.955958669232534,625893.2906988506,149674.4566881648,288,19492352.01845563
3190,468295.6090354516,6.420598224292922,330280.29790563526,-138015.31112981634,289,19354336.707325812
3191,381883.905495228,7.8163804469652955,595130.2505111512,213246.34501592314,290,19567583.052341737
3192,416182.9572306621,8.060642335932963,648334.8905459222,232151.9333152601,290,19799734.985656995
3193,395078.2359338887,8.304904224900628,699629.887229132,304551.6512952433,290,20104286.63695224
3194,412758.7359641518,8.549166113868294,749862.8958527866,337104.1598886348,290,20441390.796840876
3195,424020.9451163116,9.805370114273432,945567.8969357525,521546.9518194409,290,20962937.74866032
3196,369666.1794284517,10.36368300334238,991166.6586165862,621500.4791881345,290,21584438.22784845
3197,347458.7702657423,9.805370114273432,945567.8969357525,598109.1266700102,290,22182547.354518462
3198,342418.0859184969,10.258999336641951,984383.1570143984,641965.0710959015,290,22824512.425614364
3199,375694.4500593578,9.944948336540667,961368.1516964036,585673.7016370458,290,23410186.12725141
3200,393752.71357017226,9.421530003038528,899041.1724630716,505288.4588928994,290,23915474.58614431
3201,485748.78846025845,9.73558100313981,937667.7695554266,451918.9810951681,290,24367393.56723948
3202,507787.05013309926,9.944948336540667,961368.1516964036,453581.1015633044,290,24820974.668802783
3203,473874.2045611893,9.944948336540667,961368.1516964036,487493.94713521434,290,25308468.615937997
3204,468200.09834281687,10.573050336743236,1000000.0,531799.9016571832,290,25840268.51759518
3205,427501.0636329052,10.92199589241133,1000000.0,572498.9363670947,290,26412767.453962274
3206,443864.4618817457,11.096468670245377,1000000.0,556135.5381182543,290,26968902.99208053
3207,443877.4224101288,11.44541422591347,1000000.0,556122.5775898711,290,27525025.569670398
3208,1026695.6003377042,11.58499244818071,1000000.0,-26695.600337704178,291,27498329.969332695
3209,487773.7270327886,11.480308781480279,1000000.0,512226.2729672114,292,28010556.242299907
3210,500024.9915639958,11.026679559111757,1000000.0,499975.0084360042,292,28510531.250735912
3211,535351.5590586847,10.154315669941525,977599.6554122109,442248.0963535261,292,28952779.34708944
3212,491908.3676485408,8.828322558402768,802455.9700030814,310547.60235454055,292,29263326.94944398
3213,491288.913378747,7.990853224799343,633584.0507457752,142295.13736702822,292,29405622.08681101
3214,500390.7080566037,8.025747780366153,641007.0338768922,140616.3258202885,292,29546238.4126313
3215,403860.06816993,6.804438335527826,394119.8430423639,-9740.22512756614,293,29536498.187503733
3216,374708.0182745778,7.118489335629109,450776.51404905366,76068.49577447586,294,29612566.68327821
3217,380219.8085380585,7.67680222469806,564367.2103234524,184147.4017853939,294,29796714.085063603
3218,396576.958551982,7.990853224799343,633584.0507457752,237007.0921937932,294,30033721.177257396
3219,386824.97448498034,8.444482447167864,728941.3139052514,342116.3394202711,294,30375837.516677666
3220,353047.5347848955,7.921064113665725,618202.5306519258,265154.99586703035,294,30640992.512544695
3221,331776.7540613761,7.711696780264869,572057.970370377,240281.21630900085,294,30881273.728853695
3222,338728.09072508913,8.13043144706658,662990.6038839819,324262.5131588928,294,31205536.242012586
3223,440422.4502262854,8.13043144706658,662990.6038839819,222568.15365769656,294,31428104.395670284
3224,403594.0426572141,8.549166113868294,749862.8958527866,346268.8531955725,294,31774373.248865858
3225,493261.7339601496,9.456424558605336,904359.1027314533,411097.3687713037,294,32185470.61763716
3226,471125.0012600021,9.910053780973858,957418.0880062408,486293.0867462387,294,32671763.7043834
3227,473717.65739628713,9.386635447471717,893723.2421946897,420005.58479840256,294,33091769.289181802
3228,462516.5736176666,9.84026466984024,949517.9606259152,487001.3870082486,294,33578770.67619005
3229,404710.1012072745,10.189210225508333,979860.82261294,575150.7214056655,294,34153921.39759571
3230,441612.2657643615,10.852206781277713,1000000.0,558387.7342356385,294,34712309.13183135
3231,393656.4119032608,11.654781559314326,1000000.0,606343.5880967393,294,35318652.719928086
3232,977272.0079880342,12.07351622611604,1000000.0,22727.992011965835,294,35341380.71194005
3233,521873.5664346708,11.89904344828199,1000000.0,478126.4335653292,294,35819507.145505376
3234,463293.9182365487,11.550097892613897,1000000.0,536706.0817634512,294,36356213.22726883
3235,562872.6410487165,10.573050336743236,1000000.0,437127.3589512835,294,36793340.586220115
3236,506348.45472571545,9.526213669738956,913967.3874144498,407618.9326887344,294,37200959.51890885
3237,467948.2834525527,8.72363889170234,782733.5671967207,314785.28374416806,294,37515744.80265302
3238,478824.1337171932,8.479377002734674,736269.1705742816,257445.0368570884,294,37773189.83951011
3239,393202.3469459321,8.270009669333819,692302.030560102,299099.6836141699,294,38072289.523124285
3240,383395.3922704413,9.037689891803623,840543.9395108721,457148.54724043084,294,38529438.07036471
3241,510346.2919365864,9.142373558504051,856497.7303160174,346151.438379431,294,38875589.50874414
3242,436562.0027228207,8.967900780670005,828752.507078229,392190.5043554083,294,39267780.01309955
3243,445028.6644870183,8.653849780568722,769585.2986591471,324556.6341721288,294,39592336.64727168
3244,438065.21745506383,8.200220558200199,677646.3172220417,239581.09976697783,294,39831917.747038655
3245,400511.9774974777,7.711696780264869,572057.970370377,171545.99287289922,294,40003463.739911556
3246,402673.0991035404,8.095536891499771,655662.7472149519,252989.6481114115,294,40256453.38802297
3247,389736.9800624864,8.72363889170234,782733.5671967207,392996.5871342344,294,40649449.9751572
3248,366185.8216584164,9.037689891803623,840543.9395108721,474358.1178524557,294,41123808.09300966
3249,437166.64145075367,9.77047555870662,941617.8332455894,504451.19179483573,294,41628259.28480449
3250,475468.5408183501,10.95689044797814,1000000.0,524531.4591816498,294,42152790.743986145
3251,595993.6874438429,9.77047555870662,941617.8332455894,345624.1458017465,294,42498414.88978789
3252,620019.7846465171,9.84026466984024,949517.9606259152,329498.1759793981,294,42827913.06576729
3253,506474.6346307573,10.503261225609617,1000000.0,493525.3653692427,294,43321438.43113653
3254,1337783.3835774846,11.236046892512613,1000000.0,-337783.38357748464,295,42983655.04755905
3255,776929.038646949,11.794359781581562,1000000.0,223070.961353051,296,43206726.0089121
3256,520799.4193944996,12.247989003950085,1000000.0,479200.5806055004,296,43685926.5895176
3257,498679.9623722299,11.794359781581562,1000000.0,501320.0376277701,296,44187246.62714537
3258,586175.5747878856,11.550097892613897,1000000.0,413824.42521211435,296,44601071.05235749
3259,544488.0526840374,10.573050336743236,1000000.0,455511.94731596264,296,45056582.99967345
3260,539924.7108297177,9.24705722520448,872451.5211211628,332526.8102914451,296,45389109.809964895
3261,575114.8211443023,8.514271558301482,743288.7615839993,168173.940439697,296,45557283.75040459
3262,471168.046641836,9.002795336236815,835226.0092424906,364057.96260065463,296,45921341.713005245
3263,504019.327854114,8.75853344726915,789307.7014655077,285288.37361139373,296,46206630.086616635
3264,499124.7237132769,8.270009669333819,692302.030560102,193177.30684682506,296,46399807.39346346
3265,471153.6327889741,8.339798780467437,706957.7438981617,235804.1111091876,296,46635611.50457265
3266,421623.0935880825,8.374693336034246,714285.6005671917,292662.5069791092,296,46928274.01155176
3267,422706.1171371972,8.863217113969577,809030.1042718684,386323.9871346712,296,47314597.99868643
3268,432960.9550503312,10.014737447674285,968554.9866092937,535594.0315589625,296,47850192.03024539
3269,381766.1845144439,9.491319114172146,909677.0329998351,527910.8484853911,296,48378102.87873078
3270,411103.6572793422,9.665791892006192,929767.642175101,518663.9848957588,296,48896766.86362654
3271,358133.7631036869,10.084526558807905,973077.3210107522,614943.5579070654,296,49511710.42153361
3272,402315.73837379686,9.944948336540667,961368.1516964036,559052.4133226068,296,50070762.83485621
3273,469875.169898774,9.24705722520448,872451.5211211628,402576.3512223888,296,50473339.1860786
3274,499469.5643820517,9.386635447471717,893723.2421946897,394253.677812638,296,50867592.86389124
3275,542402.9181183933,10.29389389220876,986644.3242151276,444241.40609673434,296,51311834.26998797
3276,565667.8781803651,11.131363225812185,1000000.0,434332.1218196349,296,51746166.39180761
3277,504992.32089987,11.201152336945805,1000000.0,495007.67910013,296,52241174.07090774
3278,1397920.821177896,11.44541422591347,1000000.0,-397920.8211778961,297,51843253.24972984
3279,754027.7749410546,11.654781559314326,1000000.0,245972.22505894536,298,52089225.474788785
3280,517625.14318525634,11.550097892613897,1000000.0,482374.85681474366,298,52571600.33160353
3281,528040.0729016076,10.95689044797814,1000000.0,471959.9270983924,298,53043560.25870192
3282,550449.243016802,11.131363225812185,1000000.0,449550.756983198,298,53493111.01568512
3283,529595.0639857019,10.782417670144092,1000000.0,470404.9360142981,298,53963515.95169941
3284,551426.2474263152,9.665791892006192,929767.642175101,378341.39474878577,298,54341857.3464482
3285,559192.5720111977,9.037689891803623,840543.9395108721,281351.36749967444,298,54623208.71394787
3286,529210.1065522067,8.270009669333819,692302.030560102,163091.9240078953,298,54786300.63795576
3287,466661.0693683246,8.444482447167864,728941.3139052514,262280.24453692685,298,55048580.88249269
3288,512243.5360108898,9.037689891803623,840543.9395108721,328300.4034999823,298,55376881.285992675
3289,402450.7218928409,8.898111669536387,815604.2385406554,413153.5166478144,298,55790034.80264049
3290,396919.49659550417,9.665791892006192,929767.642175101,532848.1455795967,298,56322882.94822009
3291,373581.9826043623,9.491319114172146,909677.0329998351,536095.0503954728,298,56858977.99861556
3292,362907.1837536622,9.177268114070863,861815.6605843995,498908.47683073726,298,57357886.4754463
3293,329112.34893581155,8.13043144706658,662990.6038839819,333878.2549481704,298,57691764.73039447
3294,388819.0622273432,8.444482447167864,728941.3139052514,340122.25167790824,298,58031886.982072376
3295,411316.168203573,9.037689891803623,840543.9395108721,429227.77130729915,298,58461114.75337967
3296,379661.11681951984,9.037689891803623,840543.9395108721,460882.8226913523,298,58921997.576071024
3297,477845.287174751,9.28195178077129,877769.4513895446,399924.16421479365,298,59321921.74028582
3298,441425.41276438703,9.28195178077129,877769.4513895446,436344.0386251576,298,59758265.77891098
3299,485151.2073847015,8.060642335932963,648334.8905459222,163183.6831612207,298,59921449.4620722
3300,515000.264666401,7.537224002430823,533604.1701357533,18603.90546935232,298,59940053.36754155
3301,469799.6627315067,7.711696780264869,572057.970370377,102258.30763887026,298,60042311.67518042
3302,413795.56548854685,8.549166113868294,749862.8958527866,336067.33036423975,298,60378379.00554466
3303,415344.6557980489,9.491319114172146,909677.0329998351,494332.3772017862,298,60872711.38274645
3304,931955.2807385006,9.665791892006192,929767.642175101,-2187.638563399669,299,60870523.74418305
3305,553855.9485931866,8.374693336034246,714285.6005671917,160429.65197400516,300,61030953.396157056
3306,518642.8384685385,6.978911113361872,423989.5826075525,-94653.25586098596,301,60936300.14029607
3307,494550.6649761527,6.874227446661443,406067.7388684391,-88482.9261077136,301,60847817.21418836
3308,533302.6803678508,6.909122002228254,412041.6867814771,-121260.99358637369,301,60726556.22060198
3309,493355.6066090347,6.769543779961015,388145.8951293258,-105209.7114797089,301,60621346.509122275
3310,531528.9746966353,5.548234335122689,208024.8134383421,-323504.1612582932,301,60297842.34786398
3311,431715.8153642645,6.1065472241916385,283926.37029068585,-147789.44507357862,301,60150052.9027904
3312,443743.50477696944,5.862285335223973,249856.4066518332,-193887.09812513622,301,59956165.80466526
3313,404873.8046602489,6.001863557491209,268475.0610857024,-136398.74357454653,301,59819767.061090715
3314,414334.8471910608,6.350809113159303,319979.42510231317,-94355.42208874761,301,59725411.639001966
3315,401565.31349250296,6.56017644656016,352302.20765109936,-49263.105841403594,301,59676148.53316056
3316,367892.8778950517,6.1414417797584475,289076.8066923469,-78816.0712027048,301,59597332.46195786
3317,323307.401600957,5.548234335122689,208024.8134383421,-115282.58816261488,301,59482049.87379524
3318,338534.7276542628,5.652918001823116,221968.6778428391,-116566.0498114237,301,59365483.82398382
3319,448464.6019987423,5.792496224090355,240560.4970488353,-207904.10494990702,301,59157579.71903391
3320,415062.12435565743,6.03675811305802,273625.4974873637,-141436.62686829374,301,59016143.09216562
3321,494626.7135184629,6.03675811305802,273625.4974873637,-221001.2160310992,301,58795141.87613452
3322,470745.46348281513,6.281020002025685,309678.5522989911,-161066.911183824,301,58634074.964950696
3323,500282.14734626224,6.211230890892066,299377.67949566897,-200904.46785059327,301,58433170.4971001
3324,444875.0239248229,7.0835947800623,443951.13898018585,-923.8849446370732,301,58432246.61215546
3325,436331.1431173704,7.641907669131249,556676.4502765272,120345.30715915683,302,58552591.919314615
3326,449373.6690881716,8.200220558200199,677646.3172220417,228272.64813387004,302,58780864.56744848
3327,442770.6940567556,8.653849780568722,769585.2986591471,326814.60460239154,302,59107679.17205087
3328,1099882.5615193285,9.177268114070863,861815.6605843995,-238066.90093492903,303,58869612.271115944
3329,473979.86255771935,8.75853344726915,789307.7014655077,315327.8389077884,304,59184940.11002373
3330,474787.46160722367,8.444482447167864,728941.3139052514,254153.85229802778,304,59439093.96232176
3331,549135.884404321,7.990853224799343,633584.0507457752,84448.16634145426,304,59523542.12866321
3332,501455.3159390891,6.839332891094635,400093.79095540155,-101361.52498368756,305,59422180.60367952
3333,479114.7624791472,7.0835947800623,443951.13898018585,-35163.62349896133,305,59387016.98018056
3334,476718.5291069072,6.909122002228254,412041.6867814771,-64676.84232543007,305,59322340.137855135
3335,440089.57922632754,6.176336335325257,294227.24309400795,-145862.3361323196,305,59176477.80172282
3336,400972.0341347809,6.595071002126969,358276.1555641371,-42695.87857064378,305,59133781.92315217
3337,393434.2536159763,6.455492779859732,335430.73430729646,-58003.51930867985,305,59075778.40384349
3338,375114.7367652784,6.490387335426542,340581.1707089576,-34533.56605632079,305,59041244.83778717
3339,382263.6156786433,7.2231730023295375,471252.6392556575,88989.02357701422,306,59130233.861364186
3340,404034.5762389344,7.1882784467627285,464427.26418678975,60392.68794785533,306,59190626.54931204
3341,354028.8338566869,7.537224002430823,533604.1701357533,179575.33627906645,306,59370201.885591105
3342,326682.66551422793,7.8163804469652955,595130.2505111512,268447.5849969232,306,59638649.47058803
3343,363096.43938882655,7.851275002532106,602821.0105580763,239724.57116924977,306,59878374.04175728
3344,380961.5790012523,8.339798780467437,706957.7438981617,325996.1648969094,306,60204370.20665419
3345,480983.0313520063,8.72363889170234,782733.5671967207,301750.53584471444,306,60506120.742498904
3346,459810.7628253868,8.304904224900628,699629.887229132,239819.12440374523,306,60745939.86690265
3347,472945.9123480175,7.955958669232534,625893.2906988506,152947.37835083314,306,60898887.24525348
3348,472542.5693395685,8.444482447167864,728941.3139052514,256398.74456568295,306,61155285.98981916
3349,428286.35902606667,8.828322558402768,802455.9700030814,374169.6109770147,306,61529455.60079618
3350,437120.75239725295,9.28195178077129,877769.4513895446,440648.6989922917,306,61970104.29978847
3351,405175.9593093391,9.84026466984024,949517.9606259152,544342.001316576,306,62514446.301105045
3352,1106060.5437457426,10.29389389220876,986644.3242151276,-119416.21953061502,307,62395030.08157443
3353,506465.8258730983,10.677734003443664,1000000.0,493534.1741269017,308,62888564.25570133
3354,517907.1714776648,10.328788447775572,988905.4914158571,470998.3199381923,308,63359562.57563952
3355,514406.1395804387,9.77047555870662,941617.8332455894,427211.69366515067,308,63786774.26930468
3356,487979.90263627033,8.75853344726915,789307.7014655077,301327.7988292374,308,64088102.06813391
3357,475875.52100345073,8.618955225001912,763011.1643903602,287135.6433869095,308,64375237.71152082
3358,497751.8778734894,8.549166113868294,749862.8958527866,252111.0179792972,308,64627348.729500115
3359,421601.6641172959,7.8163804469652955,595130.2505111512,173528.58639385528,308,64800877.31589397
3360,411739.0800900953,7.711696780264869,572057.970370377,160318.89028028166,308,64961196.206174254
3361,358576.7243113208,8.23511511376701,684974.1738910723,326397.44957975147,308,65287593.65575401
3362,383915.3934578066,8.514271558301482,743288.7615839993,359373.36812619265,308,65646967.0238802
3363,409290.1050656867,8.23511511376701,684974.1738910723,275684.0688253856,308,65922651.092705585
3364,364365.9479455263,7.432540335730394,512204.889668865,147838.94172333874,308,66070490.034428924
3365,339064.82455151586,6.769543779961015,388145.8951293258,49081.07057780994,308,66119571.10500673
3366,351308.647094461,6.6648601132605885,370224.0513902128,18915.404295751767,308,66138486.50930248
3367,449094.588152059,6.804438335527826,394119.8430423639,-54974.745109695126,309,66083511.76419279
3368,370786.5326635234,7.607013113564441,548985.6902296027,178199.15756607935,310,66261710.92175887
3369,470034.3554615837,8.13043144706658,662990.6038839819,192956.24842239823,310,66454667.17018127
3370,461929.56483998505,8.75853344726915,789307.7014655077,327378.1366255227,310,66782045.30680679
3371,491115.50533723086,9.386635447471717,893723.2421946897,402607.73685745883,310,67184653.04366425
3372,483507.9099052703,9.73558100313981,937667.7695554266,454159.8596501562,310,67638812.9033144
3373,444765.2245181151,10.29389389220876,986644.3242151276,541879.0996970125,310,68180692.0030114
3374,424597.8935477459,10.503261225609617,1000000.0,575402.1064522541,310,68756094.10946366
3375,391131.0676714995,10.712628559010474,1000000.0,608868.9323285006,310,69364963.04179217
3376,1026603.5293156572,11.410519670346659,1000000.0,-26603.529315657215,311,69338359.51247652
3377,490869.5484851169,11.724570670447946,1000000.0,509130.4515148831,312,69847489.9639914
3378,533596.1587054619,11.270941448079421,1000000.0,466403.8412945381,312,70313893.80528595
3379,487124.805183731,10.747523114577284,1000000.0,512875.194816269,312,70826769.00010222
3380,522011.7789697577,9.561108225305764,917917.4511046124,395905.6721348547,312,71222674.67223708
3381,482037.33606727497,8.72363889170234,782733.5671967207,300696.2311294458,312,71523370.90336654
3382,465683.4741170168,7.990853224799343,633584.0507457752,167900.5766287584,312,71691271.4799953
3383,423372.0575828888,7.048700224495491,437125.76391131803,13753.706328429224,312,71705025.18632372
3384,427578.5379907546,7.0835947800623,443951.13898018585,16372.60098943126,312,71721397.78731315
3385,415687.5427743236,7.013805668928682,430300.3888424502,14612.846068126615,312,71736010.63338128
3386,418936.4735608055,7.2580675578963465,478078.0143245254,59141.54076371988,312,71795152.174145
3387,377294.5541138869,7.2580675578963465,478078.0143245254,100783.46021063847,312,71895935.63435563
3388,364260.8893397724,6.944016557795062,418015.6346945147,53754.74535474228,312,71949690.37971038
3389,340015.18923138303,7.397645780163584,505379.514599997,165364.325368614,312,72115054.70507899
3390,358751.0983016072,7.7814858913984875,587439.4904642267,228688.3921626195,312,72343743.09724161
3391,426323.0067747307,8.409587891601056,721613.4572362219,295290.4504614912,312,72639033.5477031
3392,412964.4350648413,8.479377002734674,736269.1705742816,323304.7355094403,312,72962338.28321254
3393,428301.4925620239,8.339798780467437,706957.7438981617,278656.25133613776,312,73240994.53454868
3394,467870.2211510144,8.025747780366153,641007.0338768922,173136.8127258778,312,73414131.34727456
3395,453918.4743383007,8.095536891499771,655662.7472149519,201744.2728766512,312,73615875.6201512
3396,459447.9196373782,8.79342800283596,795881.8357342947,336433.91609691654,312,73952309.53624812
3397,412989.5691357777,9.526213669738956,913967.3874144498,500977.8182786721,312,74453287.35452679
3398,435792.5196546485,10.36368300334238,991166.6586165862,555374.1389619377,312,75008661.49348873
3399,423344.0157500701,11.061574114678566,1000000.0,576655.9842499299,312,75585317.47773866
3400,1050905.1257959804,11.305836003646233,1000000.0,-50905.12579598045,313,75534412.35194269
3401,493281.867821923,10.503261225609617,1000000.0,506718.132178077,314,76041130.48412077
3402,510174.9390505494,9.351740891904909,888405.3119263081,378230.3728757587,314,76419360.85699654
3403,489494.9236703756,8.23511511376701,684974.1738910723,195479.25022069667,314,76614840.10721724
3404,547800.9001511304,7.327856669029965,491728.7644622612,-56072.135688869166,315,76558767.97152837
3405,441719.0905813523,7.537224002430823,533604.1701357533,91885.07955440105,316,76650653.05108276
3406,465313.822266348,8.095536891499771,655662.7472149519,190348.9249486039,316,76841001.97603136
3407,389020.9081862423,9.316846336338099,883087.3816579262,494066.473471684,316,77335068.44950305
3408,404615.0565333856,9.002795336236815,835226.0092424906,430610.95270910504,316,77765679.40221216
3409,432086.53350110014,8.75853344726915,789307.7014655077,357221.1679644076,316,78122900.57017657
3410,429532.0121754762,8.095536891499771,655662.7472149519,226130.73503947572,316,78349031.30521604
3411,460602.7153763785,8.409587891601056,721613.4572362219,261010.74185984337,316,78610042.04707588
3412,394000.87436681415,8.025747780366153,641007.0338768922,247006.15951007803,316,78857048.20658596
3413,400788.5390242017,7.292962113463156,484903.38939339336,84114.85036919167,316,78941163.05695514
3414,445392.5323829612,7.362751224596776,498554.1395311294,53161.6071481682,316,78994324.66410331
3415,380166.08882257895,7.67680222469806,564367.2103234524,184201.1215008734,316,79178525.7856042
3416,408695.7326395284,8.444482447167864,728941.3139052514,320245.58126572304,316,79498771.36686991
3417,489324.3461967065,9.142373558504051,856497.7303160174,367173.3841193109,316,79865944.75098923
3418,515158.8765520136,9.944948336540667,961368.1516964036,446209.27514439,316,80312154.02613361
3419,571179.4293861482,10.014737447674285,968554.9866092937,397375.5572231455,316,80709529.58335675
3420,562028.4009367944,10.677734003443664,1000000.0,437971.59906320565,316,81147501.18241996
3421,461653.6604879302,11.061574114678566,1000000.0,538346.3395120698,316,81685847.52193202
3422,1378089.8931922864,11.44541422591347,1000000.0,-378089.89319228637,317,81307757.62873973
3423,847244.0890566165,11.515203337047089,1000000.0,152755.91094338347,318,81460513.53968312
3424,530604.5131533755,11.131363225812185,1000000.0,469395.4868466245,318,81929909.02652974
3425,530625.9995234957,10.991785003544948,1000000.0,469374.0004765043,318,82399283.02700625
3426,554284.6445433421,9.21216266963767,867133.5908527811,312848.946309439,318,82712131.97331569
3427,522138.2073217745,8.584060669435102,756437.0301215732,234298.82279979874,318,82946430.79611549
3428,525302.6982024151,8.653849780568722,769585.2986591471,244282.60045673198,318,83190713.39657222
3429,547118.7962839396,8.933006225103197,822178.3728094423,275059.5765255027,318,83465772.97309773
3430,441993.54735663184,9.107479002937243,851179.8000476358,409186.25269100396,318,83874959.22578873
3431,495901.2612310764,9.002795336236815,835226.0092424906,339324.74801141425,318,84214283.97380014
3432,474628.6452076677,9.561108225305764,917917.4511046124,443288.8058969447,318,84657572.77969708
3433,442276.6662775711,8.933006225103197,822178.3728094423,379901.7065318712,318,85037474.48622894
3434,414581.3261265597,9.072584447370433,845861.869779254,431280.54365269426,318,85468755.02988164
3435,435272.84272857953,8.444482447167864,728941.3139052514,293668.4711766719,318,85762423.50105831
3436,418928.9881397749,8.828322558402768,802455.9700030814,383526.9818633065,318,86145950.48292162
3437,415427.3113100595,8.374693336034246,714285.6005671917,298858.2892571322,318,86444808.77217875
3438,436184.8358192608,8.653849780568722,769585.2986591471,333400.4628398863,318,86778209.23501864
3439,372170.97694879153,8.618955225001912,763011.1643903602,390840.1874415687,318,87169049.42246021
3440,352300.54960776865,9.072584447370433,845861.869779254,493561.3201714853,318,87662610.7426317
3441,485754.4825924555,9.665791892006192,929767.642175101,444013.15958264546,318,88106623.90221435
3442,501824.445642832,10.36368300334238,991166.6586165862,489342.2129737542,318,88595966.1151881
3443,552547.4425255031,10.747523114577284,1000000.0,447452.5574744969,318,89043418.6726626
3444,567548.1885988512,11.131363225812185,1000000.0,432451.8114011488,318,89475870.48406374
3445,505479.17871452624,11.58499244818071,1000000.0,494520.82128547376,318,89970391.30534922
3446,1259119.571464724,12.247989003950085,1000000.0,-259119.5714647239,319,89711271.7338845
3447,741235.9597621452,12.422461781784131,1000000.0,258764.04023785482,320,89970035.77412236
3448,525857.1736525655,12.59693455961818,1000000.0,474142.82634743454,320,90444178.6004698
3449,506024.9183299382,11.933938003848802,1000000.0,493975.0816700618,320,90938153.68213986
3450,552329.2971832459,11.096468670245377,1000000.0,447670.7028167541,320,91385824.38495661
3451,578120.8283227709,10.154315669941525,977599.6554122109,399478.82708943996,320,91785303.21204606
3452,530480.1403551224,10.119421114374713,975338.4882114815,444858.3478563591,320,92230161.55990241
3453,547593.6338956757,9.107479002937243,851179.8000476358,303586.16615196015,320,92533747.72605437
3454,459576.9105206393,9.072584447370433,845861.869779254,386284.95925861463,320,92920032.68531299
3455,490465.9829789604,10.014737447674285,968554.9866092937,478089.00363033335,320,93398121.68894333
3456,489461.4282981806,9.561108225305764,917917.4511046124,428456.02280643187,320,93826577.71174976
3457,390557.44956446206,9.21216266963767,867133.5908527811,476576.141288319,320,94303153.85303809
3458,382249.8853252623,9.491319114172146,909677.0329998351,527427.1476745728,320,94830581.00071266
3459,411891.9524287541,9.665791892006192,929767.642175101,517875.68974634685,320,95348456.69045901
3460,396292.2765283042,10.538155781176425,1000000.0,603707.7234716958,320,95952164.41393071
3461,338038.44676385296,9.77047555870662,941617.8332455894,603579.3864817364,320,96555743.80041245
3462,371840.6969158346,10.573050336743236,1000000.0,628159.3030841653,320,97183903.10349661
3463,425590.98641156266,11.410519670346659,1000000.0,574409.0135884373,320,97758312.11708505
3464,423741.2187551587,12.736512781885416,1000000.0,576258.7812448413,320,98000000.0
3465,464704.6888803288,13.783349448889696,1000000.0,535295.3111196712,320,98000000.0
3466,464449.1519893784,14.865080671460788,1000000.0,535550.8480106216,320,98000000.0
3467,498699.3717994607,14.865080671460788,1000000.0,501300.6282005393,320,98000000.0
3468,495835.6244858423,15.35360444939612,1000000.0,504164.3755141577,320,98000000.0
3469,452131.62708180025,15.458288116096545,1000000.0,547868.3729181997,320,98000000.0
3470,425894.5292147857,15.283815338262498,1000000.0,574105.4707852143,320,98000000.0
3471,413908.0970080688,15.562971782796975,1000000.0,586091.9029919312,320,98000000.0
3472,1101941.4995448885,15.877022782898258,1000000.0,-101941.4995448885,321,97898058.50045511
3473,457641.9083629977,15.667655449497403,1000000.0,542358.0916370023,322,98000000.0
3474,535757.1491249916,14.271873226825027,1000000.0,464242.8508750084,322,98000000.0
3475,491002.0500956194,12.806301893019036,1000000.0,508997.9499043806,322,98000000.0
3476,520029.8763416953,12.631829115184987,1000000.0,479970.1236583047,322,98000000.0
3477,458525.76771137305,11.515203337047089,1000000.0,541474.232288627,322,98000000.0
3478,507704.77970322606,11.096468670245377,1000000.0,492295.22029677394,322,98000000.0
3479,403992.718089677,11.410519670346659,1000000.0,596007.2819103231,322,98000000.0
3480,413716.4785284472,10.29389389220876,986644.3242151276,572927.8456866804,322,98000000.0
3481,387404.738307734,10.607944892310044,1000000.0,612595.261692266,322,98000000.0
3482,399324.571285464,11.689676114881134,1000000.0,600675.428714536,322,98000000.0
3483,375438.86299981584,12.143305337249656,1000000.0,624561.1370001842,322,98000000.0
3484,395275.9017695566,12.527145448484559,1000000.0,604724.0982304434,322,98000000.0
3485,350378.1663885583,11.794359781581562,1000000.0,649621.8336114418,322,98000000.0
3486,351430.30042973615,11.82925433714837,1000000.0,648569.6995702639,322,98000000.0
3487,456953.46734489215,12.03862167054923,1000000.0,543046.5326551078,322,98000000.0
3488,436612.0422158988,13.190142004253937,1000000.0,563387.9577841011,322,98000000.0
3489,479597.3651842431,13.573982115488839,1000000.0,520402.6348157569,322,98000000.0
3490,466789.9513234444,13.992716782290552,1000000.0,533210.0486765556,322,98000000.0
3491,465487.736924402,13.853138560023318,1000000.0,534512.263075598,322,98000000.0
3492,500826.2147748136,14.446346004659073,1000000.0,499173.7852251864,322,98000000.0
3493,417026.2370348231,14.306767782391836,1000000.0,582973.762965177,322,98000000.0
3494,396023.1862533989,14.446346004659073,1000000.0,603976.8137466011,322,98000000.0
3495,421430.8010645696,14.725502449193552,1000000.0,578569.1989354304,322,98000000.0
3496,1051233.7034798076,15.074448004861646,1000000.0,-51233.70347980759,323,97948766.29652019
3497,481219.2104883112,15.074448004861646,1000000.0,518780.7895116888,324,98000000.0
3498,512128.7860002628,14.551029671359505,1000000.0,487871.2139997372,324,98000000.0
3499,532704.7300118073,13.0505637819867,1000000.0,467295.2699881927,324,98000000.0
3500,517393.8516477735,11.236046892512613,1000000.0,482606.1483522265,324,98000000.0
3501,495788.8478805072,9.87515922540705,953468.024316078,457679.1764355709,324,98000000.0
3502,525563.5964972525,9.700686447573,933717.7058652636,408154.1093680111,324,98000000.0
3503,419633.5478639112,9.351740891904909,888405.3119263081,468771.7640623969,324,98000000.0
3504,374815.9307739559,9.24705722520448,872451.5211211628,497635.5903472069,324,98000000.0
3505,412490.44595551776,9.491319114172146,909677.0329998351,497186.58704431733,324,98000000.0
3506,369274.0609294026,10.154315669941525,977599.6554122109,608325.5944828083,324,98000000.0
3507,380098.9547693935,10.852206781277713,1000000.0,619901.0452306066,324,98000000.0
3508,393629.291747766,11.201152336945805,1000000.0,606370.7082522339,324,98000000.0
3509,335741.537197471,10.607944892310044,1000000.0,664258.462802529,324,98000000.0
3510,361235.0251664092,10.887101336844522,1000000.0,638764.9748335908,324,98000000.0
3511,426763.9261965276,11.096468670245377,1000000.0,573236.0738034723,324,98000000.0
3512,403439.69554570137,12.003727114982418,1000000.0,596560.3044542987,324,98000000.0
3513,446371.6465641884,12.492250892917749,1000000.0,553628.3534358116,324,98000000.0
3514,480315.5658870252,13.085458337553508,1000000.0,519684.4341129748,324,98000000.0
3515,450511.5181391608,12.247989003950085,1000000.0,549488.4818608392,324,98000000.0
3516,435719.9211662126,12.282883559516893,1000000.0,564280.0788337875,324,98000000.0
3517,422680.3092612954,12.701618226318605,1000000.0,577319.6907387045,324,98000000.0
3518,428997.8548863756,13.0505637819867,1000000.0,571002.1451136244,324,98000000.0
3519,419907.7827911629,13.259931115387555,1000000.0,580092.2172088372,324,98000000.0
3520,979066.204579066,13.259931115387555,1000000.0,20933.79542093398,324,98000000.0
3521,525662.8575192142,12.387567226217323,1000000.0,474337.14248078584,324,98000000.0
3522,533232.5321165656,11.305836003646233,1000000.0,466767.4678834344,324,98000000.0
3523,533086.0611176271,9.87515922540705,953468.024316078,420381.963198451,324,98000000.0
3524,508623.7245830574,9.037689891803623,840543.9395108721,331920.2149278147,324,98000000.0
3525,495910.4707084709,8.75853344726915,789307.7014655077,293397.2307570368,324,98000000.0
3526,426613.9322215986,9.28195178077129,877769.4513895446,451155.51916794607,324,98000000.0
3527,439018.6844973097,7.013805668928682,430300.3888424502,-8718.295654859452,325,97991281.70434514
3528,425466.6848184412,7.0835947800623,443951.13898018585,18484.454161744623,326,98000000.0
3529,429750.13792379247,7.432540335730394,512204.889668865,82454.75174507254,326,98000000.0
3530,483218.92203010496,8.095536891499771,655662.7472149519,172443.82518484694,326,98000000.0
3531,377576.2141281018,8.933006225103197,822178.3728094423,444602.1586813405,326,98000000.0
3532,376606.2754791055,9.107479002937243,851179.8000476358,474573.5245685303,326,98000000.0
3533,366324.9540089197,7.851275002532106,602821.0105580763,236496.0565491566,326,98000000.0
3534,1227434.3614601817,8.863217113969577,809030.1042718684,-418404.2571883133,327,97581595.74281168
3535,487620.1713374933,8.967900780670005,828752.507078229,341132.3357407357,328,97922728.07855241
3536,529761.5704948506,9.351740891904909,888405.3119263081,358643.74143145746,328,98000000.0
3537,453739.0016102244,9.77047555870662,941617.8332455894,487878.831635365,328,98000000.0
3538,477273.4668911937,10.084526558807905,973077.3210107522,495803.8541195585,328,98000000.0
3539,553889.1730603108,8.898111669536387,815604.2385406554,261715.06548034458,328,98000000.0
3540,483214.7744731166,9.561108225305764,917917.4511046124,434702.6766314958,328,98000000.0
3541,487368.6720788271,10.189210225508333,979860.82261294,492492.1505341129,328,98000000.0
3542,431585.4561423814,10.573050336743236,1000000.0,568414.5438576186,328,98000000.0
3543,515434.21343179134,11.37562511477985,1000000.0,484565.78656820866,328,98000000.0
3544,497830.6773497205,11.759465226014752,1000000.0,502169.3226502795,328,98000000.0
3545,513864.3293865098,12.03862167054923,1000000.0,486135.6706134902,328,98000000.0
3546,1309233.1148545677,10.607944892310044,1000000.0,-309233.1148545677,329,97690766.88514543
3547,512694.9579253732,9.596002780872574,921867.5147947754,409172.5568694022,330,98000000.0
3548,492949.45903008775,10.503261225609617,1000000.0,507050.54096991225,330,98000000.0
3549,522770.1124938472,10.258999336641951,984383.1570143984,461613.04452055116,330,98000000.0
3550,501970.7013364456,8.374693336034246,714285.6005671917,212314.89923074614,330,98000000.0
3551,487158.7244685137,7.1882784467627285,464427.26418678975,-22731.460281723936,331,97977268.53971827
3552,473616.1062399109,8.060642335932963,648334.8905459222,174718.78430601134,332,98000000.0
3553,473013.095152644,7.397645780163584,505379.514599997,32366.41944735305,332,98000000.0
3554,516264.9749047217,6.909122002228254,412041.6867814771,-104223.2881232446,333,97895776.71187675
3555,409090.3611976733,6.1414417797584475,289076.8066923469,-120013.55450532644,333,97775763.15737142
3556,394555.58291147946,6.629965557693778,364250.10347717477,-30305.479434304696,333,97745457.6779371
3557,362642.2844564935,7.362751224596776,498554.1395311294,135911.85507463588,334,97881369.53301173
3558,1199494.1861982476,6.978911113361872,423989.5826075525,-775504.6035906951,335,97105864.92942104
3559,496559.4585191326,7.746591335831678,579748.7304173018,83189.27189816919,336,97189054.2013192
3560,492198.1616523633,8.967900780670005,828752.507078229,336554.3454258657,336,97525608.54674506
3561,489968.33158269647,9.665791892006192,929767.642175101,439799.3105924045,336,97965407.85733746
3562,456029.50381377584,9.700686447573,933717.7058652636,477688.20205148775,336,98000000.0
3563,588251.1602297603,5.652918001823116,221968.6778428391,-366282.48238692124,337,97633717.51761308
3564,473711.667347011,2.651986223077511,3526.0803753982573,-470185.5869716127,337,97163531.93064147
3565,485356.0302693636,4.88523777935331,135533.68547702185,-349822.34479234176,337,96813709.58584914
3566,498925.7182774048,8.339798780467437,706957.7438981617,208032.0256207569,338,97021741.6114699
3567,519614.21758631046,9.21216266963767,867133.5908527811,347519.3732664706,338,97369260.98473637
3568,498063.925174747,10.39857755890919,993427.8258173156,495363.9006425686,338,97864624.88537894
3569,508421.801274739,10.154315669941525,977599.6554122109,469177.8541374719,338,98000000.0
3570,1451766.2640589003,8.898111669536387,815604.2385406554,-636162.025518245,339,97363837.97448176
3571,465758.87526153575,6.315914557592494,314828.98870065215,-150929.8865608836,339,97212908.08792087
3572,470992.3433811813,6.490387335426542,340581.1707089576,-130411.1726722237,339,97082496.91524865
3573,513605.5405202432,8.13043144706658,662990.6038839819,149385.06336373877,340,97231881.9786124
3574,479886.0970255356,8.339798780467437,706957.7438981617,227071.6468726261,340,97458953.62548502
3575,488551.29663879913,8.16532600263339,670318.4605530121,181767.16391421296,340,97640720.78939924
3576,468221.0570418709,8.933006225103197,822178.3728094423,353957.31576757145,340,97994678.10516681
3577,488037.88796030486,9.142373558504051,856497.7303160174,368459.84235571255,340,98000000.0
3578,414746.4457053058,9.21216266963767,867133.5908527811,452387.1451474753,340,98000000.0
3579,430643.81374541664,8.68874433613553,776159.4329279339,345515.6191825172,340,98000000.0
3580,409428.25595515576,9.21216266963767,867133.5908527811,457705.3348976253,340,98000000.0
3581,396683.0200933687,7.746591335831678,579748.7304173018,183065.71032393305,340,98000000.0
3582,422801.9165103361,8.618955225001912,763011.1643903602,340209.24788002414,340,98000000.0
3583,407029.9960170374,9.386635447471717,893723.2421946897,486693.24617765227,340,98000000.0
3584,377791.9509568059,10.049632003241095,970816.153810023,593024.202853217,340,98000000.0
3585,477012.38850372494,9.805370114273432,945567.8969357525,468555.50843202753,340,98000000.0
3586,506267.438719274,8.898111669536387,815604.2385406554,309336.79982138134,340,98000000.0
3587,633845.4821544996,7.432540335730394,512204.889668865,-121640.59248563461,341,97878359.40751436
3588,627588.2457913831,7.641907669131249,556676.4502765272,-70911.79551485588,341,97807447.61199951
3589,520710.49622611393,7.292962113463156,484903.38939339336,-35807.10683272057,341,97771640.50516678
3590,1213520.4264292903,8.584060669435102,756437.0301215732,-457083.3963077171,341,97314557.10885906
3591,733779.3123193663,8.933006225103197,822178.3728094423,88399.06049007608,342,97402956.16934913
3592,538747.6069016169,9.177268114070863,861815.6605843995,323068.05368278257,342,97726024.22303192
3593,579988.0922940591,8.79342800283596,795881.8357342947,215893.74344023562,342,97941917.96647216
3594,523225.8743138761,8.75853344726915,789307.7014655077,266081.82715163165,342,98000000.0
3595,551841.8815026135,8.72363889170234,782733.5671967207,230891.6856941072,342,98000000.0
3596,510257.7985596892,8.16532600263339,670318.4605530121,160060.6619933229,342,98000000.0
3597,547381.519507459,8.444482447167864,728941.3139052514,181559.79439779243,342,98000000.0
3598,513745.2881915064,7.153383891195919,457601.8891179217,-56143.399073584704,343,97943856.60092641
3599,483527.7656592222,5.408656112855451,191442.55974952615,-292085.20590969606,343,97651771.39501671
3600,462938.7522084485,5.408656112855451,191442.55974952615,-271496.19245892233,343,97380275.20255779
3601,483809.3666708691,5.1294996683209755,160400.36311729247,-323409.00355357665,343,97056866.19900422
3602,406096.31940502784,5.199288779454595,168160.912275351,-237935.40712967684,343,96818930.79187454
3603,424267.8380236862,5.757601668523544,235912.5422473361,-188355.2957763501,343,96630575.49609819
3604,453200.2637027567,6.56017644656016,352302.20765109936,-100898.05605165736,343,96529677.44004653
3605,401419.1210399461,6.769543779961015,388145.8951293258,-13273.225910620298,343,96516404.21413592
3606,459753.2125072398,7.153383891195919,457601.8891179217,-2151.323389318073,343,96514252.8907466
3607,387293.814778295,8.16532600263339,670318.4605530121,283024.6457747171,344,96797277.53652132
3608,413680.22149287845,9.630897336439384,925817.5784849382,512137.3569920598,344,97309414.89351338
3609,457656.8854214645,10.39857755890919,993427.8258173156,535770.9403958512,344,97845185.83390923
3610,448207.86594652303,9.77047555870662,941617.8332455894,493409.96729906637,344,98000000.0
3611,577389.6492355184,9.77047555870662,941617.8332455894,364228.184010071,344,98000000.0
3612,555663.5452221123,11.480308781480279,1000000.0,444336.4547778877,344,98000000.0
3613,560184.2649804215,11.58499244818071,1000000.0,439815.7350195785,344,98000000.0
3614,1295295.299901582,12.352672670650511,1000000.0,-295295.29990158207,345,97704704.70009843
3615,734105.619835766,12.806301893019036,1000000.0,265894.38016423397,346,97970599.08026266
3616,554375.1495701981,12.631829115184987,1000000.0,445624.85042980185,346,98000000.0
3617,508539.4669049053,11.654781559314326,1000000.0,491460.5330950947,346,98000000.0
3618,493368.6102116829,12.10841078168285,1000000.0,506631.3897883171,346,98000000.0
3619,535065.0390940454,11.864148892715182,1000000.0,464934.9609059546,346,98000000.0
3620,551895.3416659749,11.340730559213043,1000000.0,448104.65833402507,346,98000000.0
3621,505698.7149901217,11.201152336945805,1000000.0,494301.2850098783,346,98000000.0
3622,505488.027985775,11.131363225812185,1000000.0,494511.972014225,346,98000000.0
3623,422989.1672543419,11.026679559111757,1000000.0,577010.8327456581,346,98000000.0
3624,499468.5549193917,10.607944892310044,1000000.0,500531.4450806083,346,98000000.0
3625,398632.8584944689,10.782417670144092,1000000.0,601367.141505531,346,98000000.0
3626,395527.3376368349,10.712628559010474,1000000.0,604472.662363165,346,98000000.0
3627,390369.40317216783,10.084526558807905,973077.3210107522,582707.9178385844,346,98000000.0
3628,378008.1746803563,10.677734003443664,1000000.0,621991.8253196437,346,98000000.0
3629,364030.7765834384,10.154315669941525,977599.6554122109,613568.8788287725,346,98000000.0
3630,356602.8516172156,10.433472114475999,995688.9930180447,639086.1414008292,346,98000000.0
3631,423690.3028309657,11.201152336945805,1000000.0,576309.6971690343,346,98000000.0
3632,424172.9671894624,12.143305337249656,1000000.0,575827.0328105376,346,98000000.0
3633,474906.8602209686,12.876091004152652,1000000.0,525093.1397790314,346,98000000.0
3634,456810.536367941,12.980774670853084,1000000.0,543189.463632059,346,98000000.0
3635,453898.67782965687,11.864148892715182,1000000.0,546101.3221703431,346,98000000.0
3636,492562.6296954269,11.410519670346659,1000000.0,507437.3703045731,346,98000000.0
3637,413918.4093546205,11.166257781378995,1000000.0,586081.5906453795,346,98000000.0
3638,457414.03656403074,11.44541422591347,1000000.0,542585.9634359693,346,98000000.0
3639,391550.6121026501,12.143305337249656,1000000.0,608449.3878973499,346,98000000.0
3640,1108838.6623190723,12.806301893019036,1000000.0,-108838.66231907229,347,97891161.33768092
3641,494140.7058447624,10.782417670144092,1000000.0,505859.2941552376,348,98000000.0
3642,487149.5582007528,10.677734003443664,1000000.0,512850.4417992472,348,98000000.0
3643,522860.9384807253,11.166257781378995,1000000.0,477139.0615192747,348,98000000.0
3644,535689.6505665885,11.58499244818071,1000000.0,464310.3494334115,348,98000000.0
3645,479378.1914846617,10.607944892310044,1000000.0,520621.8085153383,348,98000000.0
3646,499642.0198504672,8.933006225103197,822178.3728094423,322536.3529589751,348,98000000.0
3647,402342.21409125504,8.828322558402768,802455.9700030814,400113.75591182633,348,98000000.0
3648,389240.442647262,8.68874433613553,776159.4329279339,386918.99028067186,348,98000000.0
3649,401306.8331204067,9.072584447370433,845861.869779254,444555.03665884724,348,98000000.0
3650,376160.4503498877,8.270009669333819,692302.030560102,316141.58021021425,348,98000000.0
3651,384842.486190038,8.304904224900628,699629.887229132,314787.401039094,348,98000000.0
3652,382919.4024523797,8.16532600263339,670318.4605530121,287399.0581006324,348,98000000.0
3653,344071.86207101715,8.584060669435102,756437.0301215732,412365.1680505561,348,98000000.0
3654,356141.7853335956,8.75853344726915,789307.7014655077,433165.91613191215,348,98000000.0
3655,439762.902821201,8.72363889170234,782733.5671967207,342970.66437551973,348,98000000.0
3656,381481.76279966615,8.618955225001912,763011.1643903602,381529.4015906941,348,98000000.0
3657,490083.8653368639,8.68874433613553,776159.4329279339,286075.56759106996,348,98000000.0
3658,434870.8248166096,9.142373558504051,856497.7303160174,421626.9054994078,348,98000000.0
3659,514524.4089869706,8.23511511376701,684974.1738910723,170449.76490410167,348,98000000.0
3660,436942.1185603848,8.549166113868294,749862.8958527866,312920.7772924018,348,98000000.0
3661,474142.2723954905,8.79342800283596,795881.8357342947,321739.56333880423,348,98000000.0
3662,457977.3928162396,9.072584447370433,845861.869779254,387884.47696301434,348,98000000.0
3663,387539.8424463303,9.107479002937243,851179.8000476358,463639.9576013055,348,98000000.0
3664,1006512.0823289732,9.73558100313981,937667.7695554266,-68844.31277354667,349,97931155.68722646
3665,526571.979298231,8.898111669536387,815604.2385406554,289032.2592424244,350,98000000.0
3666,478155.5593971581,8.68874433613553,776159.4329279339,298003.8735307758,350,98000000.0
3667,555584.839493878,4.536292223685217,103709.85080009176,-451874.9886937862,351,97548125.01130621
3668,551365.4768284314,5.827390779657163,245208.45185033412,-306157.02497809724,351,97241967.98632811
3669,485365.25925285806,8.967900780670005,828752.507078229,343387.2478253709,352,97585355.23415348
3670,494852.2605497712,6.1414417797584475,289076.8066923469,-205775.45385742432,353,97379579.78029606
3671,406079.6960300668,5.792496224090355,240560.4970488353,-165519.19898123152,353,97214060.58131483
3672,383289.19625615655,6.2461254464588745,304528.1158973299,-78761.08035882667,353,97135299.500956
3673,394739.7932441706,6.071652668624828,278775.93388902454,-115963.85935514607,353,97019335.64160085
3674,421484.16998887405,5.687812557389925,226616.63264433807,-194867.537344536,353,96824468.10425632
3675,384700.1944290581,6.385703668726113,325129.86150397424,-59570.33292508387,353,96764897.77133124
3676,385690.3700097109,6.769543779961015,388145.8951293258,2455.525119614904,354,96767353.29645085
3677,320245.6210866653,7.153383891195919,457601.8891179217,137356.2680312564,354,96904709.56448211
3678,333134.3878132276,8.23511511376701,684974.1738910723,351839.7860778447,354,97256549.35055995
3679,411348.4014240076,8.618955225001912,763011.1643903602,351662.76296635263,354,97608212.1135263
3680,442128.37733146286,9.002795336236815,835226.0092424906,393097.63191102777,354,98000000.0
3681,498489.7369803204,9.665791892006192,929767.642175101,431277.90519478056,354,98000000.0
3682,401040.46367185656,9.77047555870662,941617.8332455894,540577.3695737328,354,98000000.0
3683,464523.7942677939,9.28195178077129,877769.4513895446,413245.65712175076,354,98000000.0
3684,468160.3077346885,9.700686447573,933717.7058652636,465557.3981305751,354,98000000.0
3685,421173.184790728,9.665791892006192,929767.642175101,508594.457384373,354,98000000.0
3686,462152.5663409504,9.87515922540705,953468.024316078,491315.4579751277,354,98000000.0
3687,394676.93666776177,10.468366670042808,997950.160218774,603273.2235510122,354,98000000.0
3688,1102452.7342793965,11.026679559111757,1000000.0,-102452.73427939648,355,97897547.2657206
3689,491082.19458983967,10.224104781075143,982121.9898136694,491039.7952238297,356,98000000.0
3690,541718.4033797415,10.224104781075143,982121.9898136694,440403.5864339279,356,98000000.0
3691,539968.3857904419,9.77047555870662,941617.8332455894,401649.4474551475,356,98000000.0
3692,525566.1591314117,9.456424558605336,904359.1027314533,378792.94360004156,356,98000000.0
3693,505935.6869481777,10.328788447775572,988905.4914158571,482969.8044676794,356,98000000.0
3694,493982.8531538182,10.817312225710902,1000000.0,506017.1468461818,356,98000000.0
3695,398380.3956261771,9.456424558605336,904359.1027314533,505978.7071052762,356,98000000.0
3696,396074.7111101788,9.177268114070863,861815.6605843995,465740.9494742207,356,98000000.0
3697,385273.9613006523,8.444482447167864,728941.3139052514,343667.35260459915,356,98000000.0
3698,408005.1118100922,8.13043144706658,662990.6038839819,254985.49207388976,356,98000000.0
3699,413690.4734730584,8.584060669435102,756437.0301215732,342746.5566485149,356,98000000.0
3700,387738.3073576529,9.526213669738956,913967.3874144498,526229.0800567969,356,98000000.0
3701,387003.5749134288,9.351740891904909,888405.3119263081,501401.7370128793,356,98000000.0
3702,371699.8836057199,9.561108225305764,917917.4511046124,546217.5674988925,356,98000000.0
3703,394947.8171496006,9.805370114273432,945567.8969357525,550620.0797861519,356,98000000.0
3704,426529.24325945065,9.526213669738956,913967.3874144498,487438.1441549992,356,98000000.0
3705,503573.4031243008,9.73558100313981,937667.7695554266,434094.36643112573,356,98000000.0
3706,448258.1036429431,9.910053780973858,957418.0880062408,509159.9843632977,356,98000000.0
3707,465497.9074080744,6.699754668827397,376197.9993032503,-89299.90810482414,357,97910700.09189518
3708,490164.3832101098,7.327856669029965,491728.7644622612,1564.3812521514483,358,97912264.47314733
3709,413735.5360067857,7.432540335730394,512204.889668865,98469.35366207932,358,98000000.0
3710,467933.59185880655,8.270009669333819,692302.030560102,224368.4387012954,358,98000000.0
3711,417933.7987512349,8.898111669536387,815604.2385406554,397670.43978942046,358,98000000.0
3712,930028.181959393,9.456424558605336,904359.1027314533,-25669.079227939714,359,97974330.92077206
3713,486641.9958872711,8.653849780568722,769585.2986591471,282943.302771876,360,98000000.0
3714,525617.3864765875,8.549166113868294,749862.8958527866,224245.5093761991,360,98000000.0
3715,530508.645027443,8.270009669333819,692302.030560102,161793.385532659,360,98000000.0
3716,526095.4441576035,7.921064113665725,618202.5306519258,92107.08649432228,360,98000000.0
3717,521494.8022692702,6.804438335527826,394119.8430423639,-127374.9592269063,361,97872625.0407731
3718,469492.2307719067,6.839332891094635,400093.79095540155,-69398.43981650512,361,97803226.60095659
3719,392123.3799819143,6.176336335325257,294227.24309400795,-97896.13688790635,361,97705330.46406868
3720,392434.06388960377,6.001863557491209,268475.0610857024,-123959.00280390139,361,97581371.46126477
3721,400072.7513044832,6.071652668624828,278775.93388902454,-121296.81741545867,361,97460074.64384931
3722,408922.6135511688,6.350809113159303,319979.42510231317,-88943.18844885565,361,97371131.45540045
3723,424653.7287369524,7.886169558098915,610511.7706050009,185858.0418680485,362,97556989.4972685
3724,398869.2982335563,8.898111669536387,815604.2385406554,416734.940307099,362,97973724.4375756
3725,356965.65508411283,7.2231730023295375,471252.6392556575,114286.98417154467,362,98000000.0
3726,399223.3433544714,6.909122002228254,412041.6867814771,12818.343427005748,362,98000000.0
3727,444257.2638167673,6.2461254464588745,304528.1158973299,-139729.14791943744,363,97860270.85208057
3728,412774.225355664,6.874227446661443,406067.7388684391,-6706.486487224873,363,97853564.36559334
3729,425423.9379966009,7.362751224596776,498554.1395311294,73130.20153452852,364,97926694.56712787
3730,519409.5508375272,7.572118557997631,541294.9301826778,21885.379345150606,364,97948579.94647302
3731,449777.7860534785,7.292962113463156,484903.38939339336,35125.60333991487,364,97983705.54981293
3732,472979.8818694756,7.851275002532106,602821.0105580763,129841.12868860073,364,98000000.0
3733,440267.27432384505,8.304904224900628,699629.887229132,259362.61290528695,364,98000000.0
3734,436091.1298985225,9.072584447370433,845861.869779254,409770.73988073145,364,98000000.0
3735,435875.4386605874,9.630897336439384,925817.5784849382,489942.13982435083,364,98000000.0
3736,991296.4663158638,9.77047555870662,941617.8332455894,-49678.63307027437,365,97950321.36692972
3737,517687.89611931314,9.84026466984024,949517.9606259152,431830.06450660207,366,98000000.0
3738,544397.4100857305,9.805370114273432,945567.8969357525,401170.486850022,366,98000000.0
3739,552590.4146834821,9.421530003038528,899041.1724630716,346450.7577795895,366,98000000.0
3740,520326.9037101511,8.200220558200199,677646.3172220417,157319.41351189057,366,98000000.0
3741,464531.00136725325,7.746591335831678,579748.7304173018,115217.72905004851,366,98000000.0
3742,471241.51996226766,7.292962113463156,484903.38939339336,13661.869431125699,366,98000000.0
3743,400677.432888428,7.292962113463156,484903.38939339336,84225.95650496538,366,98000000.0
3744,378470.5078736525,7.641907669131249,556676.4502765272,178205.9424028747,366,98000000.0
3745,461201.9943601242,8.270009669333819,692302.030560102,231100.03619997774,366,98000000.0
3746,461867.5320407872,8.584060669435102,756437.0301215732,294569.498080786,366,98000000.0
3747,421291.8083495624,7.990853224799343,633584.0507457752,212292.24239621282,366,98000000.0
3748,386991.872941148,7.746591335831678,579748.7304173018,192756.85747615376,366,98000000.0
3749,382619.8386059682,7.572118557997631,541294.9301826778,158675.0915767096,366,98000000.0
3750,445801.3029264976,7.641907669131249,556676.4502765272,110875.14735002961,366,98000000.0
3751,358457.2594998759,8.13043144706658,662990.6038839819,304533.34438410605,366,98000000.0
3752,426980.7660782028,8.409587891601056,721613.4572362219,294632.69115801906,366,98000000.0
3753,431288.6843500785,8.967900780670005,828752.507078229,397463.82272815047,366,98000000.0
3754,526959.9737031489,9.421530003038528,899041.1724630716,372081.19875992276,366,98000000.0
3755,542105.780844587,9.351740891904909,888405.3119263081,346299.53108172107,366,98000000.0
3756,541922.6051214284,9.526213669738956,913967.3874144498,372044.78229302145,366,98000000.0
3757,543587.1024608215,9.561108225305764,917917.4511046124,374330.34864379093,366,98000000.0
3758,1342998.2901741352,9.944948336540667,961368.1516964036,-381630.1384777316,367,97618369.86152227
3759,743158.2553832991,10.29389389220876,986644.3242151276,243486.06883182854,368,97861855.9303541
3760,595486.4273335215,10.014737447674285,968554.9866092937,373068.5592757722,368,98000000.0
3761,544946.9877113552,9.421530003038528,899041.1724630716,354094.18475171644,368,98000000.0
3762,559254.6575469984,9.700686447573,933717.7058652636,374463.04831826524,368,98000000.0
3763,531285.3234435699,8.060642335932963,648334.8905459222,117049.56710235227,368,98000000.0
3764,500371.4352680252,6.1065472241916385,283926.37029068585,-216445.06497733935,369,97783554.93502267
3765,528123.8300049388,5.897179890790781,254504.36145333204,-273619.46855160675,369,97509935.46647106
3766,483882.6624291584,5.47844522398907,199203.10890758454,-284679.5535215739,369,97225255.91294949
3767,468514.3234097291,6.350809113159303,319979.42510231317,-148534.89830741595,369,97076721.01464207
3768,466862.9706517129,6.874227446661443,406067.7388684391,-60795.231783273804,369,97015925.7828588
3769,486707.6670784313,7.292962113463156,484903.38939339336,-1804.2776850379305,369,97014121.50517377
3770,441469.60092285805,6.909122002228254,412041.6867814771,-29427.914141380927,369,96984693.59103239
3771,459206.5744697776,6.978911113361872,423989.5826075525,-35216.991862225055,369,96949476.59917016
3772,434923.9503465943,7.292962113463156,484903.38939339336,49979.43904679903,370,96999456.03821696
3773,402299.62750834913,7.118489335629109,450776.51404905366,48476.88654070452,370,97047932.92475767
3774,414428.3713719471,6.909122002228254,412041.6867814771,-2386.6845904699876,371,97045546.2401672
3775,363284.5342645042,7.118489335629109,450776.51404905366,87491.97978454945,372,97133038.21995175
3776,386786.9109211818,7.711696780264869,572057.970370377,185271.05944919516,372,97318309.27940094
3777,476973.5307640061,8.200220558200199,677646.3172220417,200672.78645803558,372,97518982.06585898
3778,496960.4362119042,8.479377002734674,736269.1705742816,239308.73436237738,372,97758290.80022135
3779,590136.3268178868,7.7814858913984875,587439.4904642267,-2696.8363536600955,373,97755593.9638677
3780,568569.5748574779,8.060642335932963,648334.8905459222,79765.3156884443,374,97835359.27955614
3781,530632.803673745,7.851275002532106,602821.0105580763,72188.2068843313,374,97907547.48644046
3782,1271557.9788544725,7.921064113665725,618202.5306519258,-653355.4482025467,375,97254192.03823791
3783,770926.2331574404,8.200220558200199,677646.3172220417,-93279.91593539878,375,97160912.12230252
3784,491315.267135787,8.79342800283596,795881.8357342947,304566.5685985077,376,97465478.69090103
3785,469156.778220276,8.270009669333819,692302.030560102,223145.25233982597,376,97688623.94324085
3786,548395.6149758996,8.095536891499771,655662.7472149519,107267.13223905233,376,97795891.07547991
3787,548249.2331031137,8.095536891499771,655662.7472149519,107413.51411183819,376,97903304.58959174
3788,546965.865759362,7.990853224799343,633584.0507457752,86618.18498641322,376,97989922.77457815
3789,598596.9742007363,6.595071002126969,358276.1555641371,-240320.81863659917,377,97749601.95594156
3790,460396.1614054497,6.769543779961015,388145.8951293258,-72250.26627612388,377,97677351.68966544
3791,464811.62297922577,7.0835947800623,443951.13898018585,-20860.48399903992,377,97656491.2056664
3792,442701.6979726161,6.978911113361872,423989.5826075525,-18712.115365063597,377,97637779.09030133
3793,394147.34296819865,6.03675811305802,273625.4974873637,-120521.84548083495,377,97517257.2448205
3794,408096.4136905442,5.583128890689498,212672.76823984107,-195423.64545070313,377,97321833.59936981
3795,397112.2816177971,5.234183335021404,172041.18685438015,-225071.09476341694,377,97096762.5046064
3796,382357.127278479,4.88523777935331,135533.68547702185,-246823.44180145714,377,96849939.06280494
3797,305587.6134385918,5.443550668422261,195322.8343285554,-110264.77911003644,377,96739674.28369491
3798,378599.4988210182,6.03675811305802,273625.4974873637,-104974.00133365451,377,96634700.28236125
3799,417708.02730000287,6.595071002126969,358276.1555641371,-59431.871735865774,377,96575268.41062538
3800,422764.8472645638,6.874227446661443,406067.7388684391,-16697.108396124677,377,96558571.30222926
3801,513315.7764083335,7.048700224495491,437125.76391131803,-76190.01249701547,377,96482381.28973223
3802,484080.8089660841,7.327856669029965,491728.7644622612,7647.9554961771355,378,96490029.24522841
3803,446352.9868444013,7.1882784467627285,464427.26418678975,18074.277342388465,378,96508103.5225708
3804,457097.5757788727,7.886169558098915,610511.7706050009,153414.1948261282,378,96661517.71739693
3805,447534.4279046266,8.200220558200199,677646.3172220417,230111.88931741507,378,96891629.60671434
3806,433493.4654895304,8.444482447167864,728941.3139052514,295447.84841572103,378,97187077.45513006
3807,405589.067641749,8.75853344726915,789307.7014655077,383718.63382375875,378,97570796.08895381
3808,975321.1154217656,9.107479002937243,851179.8000476358,-124141.3153741298,379,97446654.77357967
3809,475302.6795194539,9.24705722520448,872451.5211211628,397148.8416017089,380,97843803.61518139
3810,478724.75231467886,9.107479002937243,851179.8000476358,372455.04773295694,380,98000000.0
3811,511948.8533912032,8.72363889170234,782733.5671967207,270784.71380551753,380,98000000.0
3812,496891.81760172674,8.409587891601056,721613.4572362219,224721.63963449514,380,98000000.0
3813,532930.7231040244,8.374693336034246,714285.6005671917,181354.8774631673,380,98000000.0
3814,467073.0148721728,7.2231730023295375,471252.6392556575,4179.624383484712,380,98000000.0
3815,408779.620839415,5.897179890790781,254504.36145333204,-154275.25938608297,381,97845724.74061392
3816,402793.3353596337,6.315914557592494,314828.98870065215,-87964.34665898158,381,97757760.39395495
3817,404209.5427678938,6.874227446661443,406067.7388684391,1858.1961005452904,382,97759618.5900555
3818,389429.3271392796,7.2580675578963465,478078.0143245254,88648.6871852458,382,97848267.27724074
3819,411299.80443758745,7.67680222469806,564367.2103234524,153067.40588586492,382,98000000.0
3820,378133.74378565856,7.362751224596776,498554.1395311294,120420.39574547083,382,98000000.0
3821,361360.78470775567,7.502329446864012,525913.4100888282,164552.62538107252,382,98000000.0
3822,343386.4736736974,7.467434891297203,519030.2647377329,175643.7910640355,382,98000000.0
3823,406787.8437252997,7.537224002430823,533604.1701357533,126816.32641045365,382,98000000.0
3824,439956.0485595955,8.200220558200199,677646.3172220417,237690.26866244618,382,98000000.0
3825,457597.0290520364,7.711696780264869,572057.970370377,114460.94131834054,382,98000000.0
3826,482486.1671829721,8.863217113969577,809030.1042718684,326543.9370888963,382,98000000.0
3827,489335.3118253237,9.630897336439384,925817.5784849382,436482.2666596146,382,98000000.0
3828,475177.8490376243,9.979842892107477,965318.2153865664,490140.36634894204,382,98000000.0
3829,406279.2291310004,10.189210225508333,979860.82261294,573581.5934819395,382,98000000.0
3830,436088.96561769233,9.979842892107477,965318.2153865664,529229.249768874,382,98000000.0
3831,446542.5428995773,10.049632003241095,970816.153810023,524273.6109104457,382,98000000.0
3832,1009355.6677815432,10.258999336641951,984383.1570143984,-24972.51076714485,383,97975027.48923285
3833,487493.4200312073,10.119421114374713,975338.4882114815,487845.06818027416,384,98000000.0
3834,553782.0288818672,9.491319114172146,909677.0329998351,355895.0041179679,384,98000000.0
3835,501222.197369107,8.444482447167864,728941.3139052514,227719.11653614446,384,98000000.0
3836,571013.284171933,8.095536891499771,655662.7472149519,84649.46304301894,384,98000000.0
3837,459110.6150712064,9.037689891803623,840543.9395108721,381433.3244396657,384,98000000.0
3838,432732.3014548973,8.549166113868294,749862.8958527866,317130.59439788933,384,98000000.0
3839,392016.1334358612,8.549166113868294,749862.8958527866,357846.7624169254,384,98000000.0
3840,411895.54337443184,8.304904224900628,699629.887229132,287734.34385470016,384,98000000.0
3841,386920.6306894629,7.886169558098915,610511.7706050009,223591.13991553802,384,98000000.0
3842,397323.6596999157,8.060642335932963,648334.8905459222,251011.23084600654,384,98000000.0
3843,395261.4003493022,8.270009669333819,692302.030560102,297040.63021079975,384,98000000.0
3844,387682.82028246846,7.990853224799343,633584.0507457752,245901.23046330677,384,98000000.0
3845,326106.5653549998,7.990853224799343,633584.0507457752,307477.48539077543,384,98000000.0
3846,364440.1101476408,7.8163804469652955,595130.2505111512,230690.14036351035,384,98000000.0
3847,369065.2212681641,7.955958669232534,625893.2906988506,256828.06943068653,384,98000000.0
3848,401108.0257887757,7.711696780264869,572057.970370377,170949.94458160124,384,98000000.0
3849,443709.8004419191,7.8163804469652955,595130.2505111512,151420.45006923203,384,98000000.0
3850,451311.12463887,8.549166113868294,749862.8958527866,298551.7712139166,384,98000000.0
3851,485938.3066148965,7.467434891297203,519030.2647377329,33091.95812283637,384,98000000.0
3852,500049.4767086396,7.711696780264869,572057.970370377,72008.49366173736,384,98000000.0
3853,476567.1065019378,7.537224002430823,533604.1701357533,57037.06363381556,384,98000000.0
3854,452597.9685820835,8.095536891499771,655662.7472149519,203064.77863286843,384,98000000.0
3855,436204.3113485065,8.479377002734674,736269.1705742816,300064.8592257751,384,98000000.0
3856,1027932.8854727466,8.618955225001912,763011.1643903602,-264921.7210823863,385,97735078.27891761
3857,512604.74680130486,8.374693336034246,714285.6005671917,201680.85376588686,386,97936759.1326835
3858,501270.7530506165,8.409587891601056,721613.4572362219,220342.7041856054,386,98000000.0
3859,545806.1744285027,7.990853224799343,633584.0507457752,87777.87631727254,386,98000000.0
3860,556613.0533769107,7.0835947800623,443951.13898018585,-112661.9143967249,387,97887338.08560328
3861,463255.3341294248,5.303972446155022,179801.73601243846,-283453.59811698634,387,97603884.4874863
3862,477924.3771382677,4.606081334818835,110074.6177354778,-367849.7594027899,387,97236034.7280835
3863,388988.7330661271,3.9430847790494576,59653.38500810811,-329335.348058019,387,96906699.38002549
3864,395984.27932076127,3.454561001114127,31600.684049021587,-364383.5952717397,387,96542315.78475375
3865,383625.1178876268,2.582197111943893,1906.9729970983203,-381718.14489052846,387,96160597.63986322
3866,396543.76171602303,2.2681461118426083,0.0,-396543.76171602303,387,95764053.8781472
3867,412654.36649779486,2.19835700070899,0.0,-412654.36649779486,387,95351399.5116494
3868,409866.9542336299,2.756669889777939,5954.7414428481825,-403912.21279078175,387,94947487.29885861
3869,328998.2612875928,2.19835700070899,0.0,-328998.2612875928,387,94618489.03757101
3870,349095.42552412057,1.5353604449396119,0.0,-349095.42552412057,387,94269393.6120469
3871,392632.7245161701,1.2910985559719466,0.0,-392632.7245161701,387,93876760.88753073
3872,410140.3741584776,1.3608876671055647,0.0,-410140.3741584776,387,93466620.51337226
3873,457703.8160344379,1.884306000607706,0.0,-457703.8160344379,387,93008916.69733782
3874,493236.2983334183,3.210299112146461,20853.160934444284,-472383.13739897404,387,92536533.55993885
3875,510069.97491224174,4.606081334818835,110074.6177354778,-399995.35717676394,387,92136538.20276208
3876,520245.9965569287,5.687812557389925,226616.63264433807,-293629.3639125906,387,91842908.83884948
3877,431683.6534297615,5.966969001924401,263800.2710563302,-167883.38237343135,387,91675025.45647605
3878,427489.6039356376,5.827390779657163,245208.45185033412,-182281.1520853035,387,91492744.30439074
3879,417100.37996531534,6.001863557491209,268475.0610857024,-148625.31887961295,387,91344118.98551112
3880,1015375.9760791514,6.071652668624828,278775.93388902454,-736600.0421901268,387,90607518.943321
3881,510329.5346362001,5.827390779657163,245208.45185033412,-265121.082785866,387,90342397.86053514
3882,517371.3332526968,5.792496224090355,240560.4970488353,-276810.8362038615,387,90065587.02433129
3883,569743.3178808491,5.548234335122689,208024.8134383421,-361718.50444250705,387,89703868.51988877
3884,504311.3366960705,4.88523777935331,135533.68547702185,-368777.65121904865,387,89335090.86866972
3885,478955.3850825762,4.0477684457498855,66573.07974209143,-412382.3053404848,387,88922708.56332923
3886,498413.2669685878,4.0477684457498855,66573.07974209143,-431840.1872264964,387,88490868.37610275
3887,409709.4854176285,5.513339779555879,203376.85863684304,-206332.62678078545,387,88284535.74932197
3888,417920.4515557811,6.490387335426542,340581.1707089576,-77339.28084682353,387,88207196.46847515
3889,377622.5824123214,6.909122002228254,412041.6867814771,34419.10436915571,388,88241615.5728443
3890,400342.2476897429,6.629965557693778,364250.10347717477,-36092.14421256812,389,88205523.42863172
3891,382865.7348709224,6.071652668624828,278775.93388902454,-104089.80098189786,389,88101433.62764983
3892,377309.1125059308,4.606081334818835,110074.6177354778,-267234.494770453,389,87834199.13287938
3893,344515.2085299689,1.0119421114374714,0.0,-344515.2085299689,389,87489683.92434941
3894,369717.6682892403,0.7676802224698059,0.0,-369717.6682892403,389,87119966.25606017
3895,408741.0750284944,1.4655713338059932,0.0,-408741.0750284944,389,86711225.18103167
3896,422267.5965281352,1.1166257781378996,0.0,-422267.5965281352,389,86288957.58450355
3897,454644.2020564512,2.1285678895753706,0.0,-454644.2020564512,389,85834313.3824471
3898,450419.3613170325,3.0707208898792238,14711.719154685845,-435707.64216234663,389,85398605.74028474
3899,490989.7103638841,4.082663001316695,69183.1924984888,-421806.5178653953,389,84976799.22241935
3900,497277.76786080655,4.780554112652882,125986.53507394284,-371291.2327868637,389,84605507.98963249
3901,435466.1917666531,5.618023446256307,217320.72304134,-218145.46872531308,389,84387362.52090718
3902,419766.4923138159,5.513339779555879,203376.85863684304,-216389.63367697288,389,84170972.8872302
3903,383588.2716706399,4.780554112652882,125986.53507394284,-257601.73659669707,389,83913371.1506335
3904,1010727.6831449954,3.8035065567822204,51446.18553879456,-959281.4976062007,389,82954089.6530273
3905,471424.3072546615,5.269077890588212,175921.46143340922,-295502.8458212523,389,82658586.80720605
3906,516869.4217432665,5.234183335021404,172041.18685438015,-344828.23488888633,389,82313758.57231717
3907,563514.5576711805,4.710765001519263,119621.76813855681,-443892.78953262366,389,81869865.78278455
3908,501388.0492118569,2.512408000810274,287.86561879835267,-501100.18359305855,389,81368765.59919149
3909,509512.9049981395,1.186414889271518,0.0,-509512.9049981395,389,80859252.69419335
3910,490195.8639879236,2.442618889676655,0.0,-490195.8639879236,389,80369056.83020543
3911,401888.9947472142,2.3030406674094177,0.0,-401888.9947472142,389,79967167.8354582
3912,415837.07527309895,2.5473025563770832,1097.4193079483314,-414739.6559651506,389,79552428.17949305
3913,455706.7181434338,2.372829778543036,0.0,-455706.7181434338,389,79096721.46134962
3914,460382.5271709368,2.4775134452434644,0.0,-460382.5271709368,389,78636338.93417868
3915,454884.822195282,4.326924890284361,87453.9817932702,-367430.84040201176,389,78268908.09377667
3916,423420.08277400193,7.048700224495491,437125.76391131803,13705.681137316104,390,78282613.774914
3917,395107.8396474958,8.79342800283596,795881.8357342947,400773.9960867989,390,78683387.7710008
3918,458060.4433974661,10.014737447674285,968554.9866092937,510494.54321182764,390,79193882.31421264
3919,384832.2193207647,10.607944892310044,1000000.0,615167.7806792352,390,79809050.09489188
3920,362720.46736761625,12.631829115184987,1000000.0,637279.5326323838,390,80446329.62752426
3921,445919.1013825088,12.527145448484559,1000000.0,554080.8986174911,390,81000410.52614175
3922,460850.4385706388,12.562040004051367,1000000.0,539149.5614293611,390,81539560.08757111
3923,568851.3166417233,11.794359781581562,1000000.0,431148.6833582767,390,81970708.7709294
3924,540612.443988862,12.247989003950085,1000000.0,459387.556011138,390,82430096.32694054
3925,496925.2391290912,13.225036559820746,1000000.0,503074.7608709088,390,82933171.08781144
3926,1422808.7864053352,13.957822226723742,1000000.0,-422808.7864053352,391,82510362.3014061
3927,784955.2288738645,14.830186115893977,1000000.0,215044.77112613549,392,82725407.07253224
3928,503339.0095955312,14.02761133785736,1000000.0,496660.9904044688,392,83222068.06293671
3929,557077.4471465376,17.691539672372347,1000000.0,442922.5528534624,392,83664990.61579017
3930,529037.6552918775,17.761328783505963,1000000.0,470962.34470812255,392,84135952.9604983
3931,538577.619330253,18.45921989484215,81560.21031570049,-457017.4090145525,393,83678935.55148375
3932,554227.5355709346,17.831117894639583,1000000.0,445772.46442906535,394,84124708.01591282
3933,570235.4139636705,17.028543116602965,1000000.0,429764.5860363295,394,84554472.60194914
3934,513144.0222463372,16.540019338667637,1000000.0,486855.9777536628,394,85041328.57970281
3935,493199.6459688062,13.53908755992203,1000000.0,506800.3540311938,394,85548128.933734
3936,506569.2342266904,13.434403893221601,1000000.0,493430.7657733096,394,86041559.69950731
3937,480931.37548791495,12.806301893019036,1000000.0,519068.62451208505,394,86560628.3240194
3938,453919.5269169863,12.59693455961818,1000000.0,546080.4730830137,394,87106708.79710242
3939,429856.69478775485,12.317778115083703,1000000.0,570143.3052122451,394,87676852.10231467
3940,400171.235135096,11.933938003848802,1000000.0,599828.764864904,394,88276680.86717957
3941,403527.2048463939,12.178199892816467,1000000.0,596472.7951536061,394,88873153.66233318
3942,452547.6440404003,12.282883559516893,1000000.0,547452.3559595997,394,89420606.01829277
3943,368858.33525723714,12.806301893019036,1000000.0,631141.6647427629,394,90051747.68303554
3944,389519.2396223411,13.992716782290552,1000000.0,610480.7603776589,394,90662228.4434132
3945,463963.6626073271,14.446346004659073,1000000.0,536036.3373926729,394,91198264.78080587
3946,510115.6352424781,13.469298448788415,1000000.0,489884.3647575219,394,91688149.1455634
3947,597242.0303302276,11.759465226014752,1000000.0,402757.9696697724,394,92090907.11523317
3948,623604.7087545429,11.96883255941561,1000000.0,376395.29124545713,394,92467302.40647863
3949,512711.1024782311,11.759465226014752,1000000.0,487288.8975217689,394,92954591.3040004
3950,1218820.063269402,12.59693455961818,1000000.0,-218820.0632694019,395,92735771.24073099
3951,734093.2990768936,13.64377122662246,1000000.0,265906.7009231064,396,93001677.94165409
3952,529595.3194683803,14.481240560225885,1000000.0,470404.6805316197,396,93472082.6221857
3953,538862.7332070288,13.992716782290552,1000000.0,461137.2667929712,396,93933219.88897868
3954,527303.772258755,14.760397004760359,1000000.0,472696.22774124495,396,94405916.11671992
3955,545648.3377930606,15.423393560529737,1000000.0,454351.6622069394,396,94860267.77892685
3956,519778.74436304456,15.562971782796975,1000000.0,480221.25563695544,396,95340489.03456381
3957,583468.8496369751,15.562971782796975,1000000.0,416531.1503630249,396,95757020.18492684
3958,477027.3096410504,14.13229500455779,1000000.0,522972.6903589496,396,96279992.87528579
3959,451129.5015178176,13.853138560023318,1000000.0,548870.4984821824,396,96828863.37376797
3960,501463.6370597343,13.434403893221601,1000000.0,498536.3629402657,396,97327399.73670824
3961,394847.452943096,13.329720226521177,1000000.0,605152.5470569041,396,97932552.28376514
3962,385980.492030338,13.12035289312032,1000000.0,614019.5079696621,396,98000000.0
3963,378743.8790781768,12.666723670751797,1000000.0,621256.1209218232,396,98000000.0
3964,385512.4006887471,13.329720226521177,1000000.0,614487.5993112528,396,98000000.0
3965,321163.0044981143,13.853138560023318,1000000.0,678836.9955018857,396,98000000.0
3966,364334.86566068215,14.341662337958649,1000000.0,635665.1343393179,396,98000000.0
3967,429484.3689807996,14.795291560327168,1000000.0,570515.6310192004,396,98000000.0
3968,404367.3693836419,16.295757449699973,1000000.0,595632.630616358,396,98000000.0
3969,470520.4595413192,15.667655449497403,1000000.0,529479.5404586808,396,98000000.0
3970,463505.4666917736,15.493182671663355,1000000.0,536494.5333082264,396,98000000.0
3971,474537.7382247509,15.144237115995262,1000000.0,525462.2617752491,396,98000000.0
3972,465485.0750510978,15.528077227230165,1000000.0,534514.9249489022,396,98000000.0
3973,457365.9288749327,16.505124783100825,1000000.0,542634.0711250673,396,98000000.0
3974,437214.56345682434,16.36554656083359,1000000.0,562785.4365431757,396,98000000.0
3975,457727.2643437522,17.48217233897149,1000000.0,542272.7356562478,396,98000000.0
3976,1008832.428560589,17.621750561238727,1000000.0,-8832.428560588975,397,97991167.57143942
3977,482971.33822431485,16.609808449801257,1000000.0,517028.66177568515,398,98000000.0
3978,490914.6677442738,16.12128467186593,1000000.0,509085.3322557262,398,98000000.0
3979,538489.2800081852,15.248920782695695,1000000.0,461510.7199918148,398,98000000.0
3980,497236.87363656686,14.585924226926313,1000000.0,502763.12636343314,398,98000000.0
3981,510235.4050723711,14.02761133785736,1000000.0,489764.5949276289,398,98000000.0
3982,466877.1677435515,13.0505637819867,1000000.0,533122.8322564485,398,98000000.0
3983,372132.8899426944,9.177268114070863,861815.6605843995,489682.7706417051,398,98000000.0
3984,411303.4878982465,9.84026466984024,949517.9606259152,538214.4727276687,398,98000000.0
3985,351642.4936304085,10.29389389220876,986644.3242151276,635001.8305847191,398,98000000.0
3986,315130.6917882039,10.224104781075143,982121.9898136694,666991.2980254655,398,98000000.0
3987,334443.9644918601,12.003727114982418,1000000.0,665556.0355081399,398,98000000.0
3988,320002.914256198,11.724570670447946,1000000.0,679997.085743802,398,98000000.0
3989,318264.0383689024,9.177268114070863,861815.6605843995,543551.6222154971,398,98000000.0
3990,379982.4184733535,8.653849780568722,769585.2986591471,389602.8801857936,398,98000000.0
3991,407110.2133426345,8.025747780366153,641007.0338768922,233896.82053425768,398,98000000.0
3992,419034.1158022618,6.804438335527826,394119.8430423639,-24914.272759897925,399,97975085.7272401
3993,395893.5410772106,8.79342800283596,795881.8357342947,399988.2946570841,400,98000000.0
3994,387721.8907492144,8.828322558402768,802455.9700030814,414734.079253867,400,98000000.0
3995,353134.88851817144,6.804438335527826,394119.8430423639,40984.954524192435,400,98000000.0
3996,354836.29446340416,6.455492779859732,335430.73430729646,-19405.560156107706,401,97980594.4398439
3997,277975.1050497912,8.653849780568722,769585.2986591471,491610.1936093559,402,98000000.0
3998,302127.092393656,8.75853344726915,789307.7014655077,487180.6090718517,402,98000000.0
3999,265633.4254561032,8.549166113868294,749862.8958527866,484229.4703966834,402,98000000.0
4000,956934.7528091666,7.921064113665725,618202.5306519258,-338732.2221572407,403,97661267.77784276
4001,453994.5340181802,8.339798780467437,706957.7438981617,252963.20987998147,404,97914230.98772274
4002,483294.3824825326,9.700686447573,933717.7058652636,450423.323382731,404,98000000.0
4003,450559.6289788527,9.456424558605336,904359.1027314533,453799.47375260055,404,98000000.0
4004,456791.5010957944,8.270009669333819,692302.030560102,235510.5294643076,404,98000000.0
4005,458185.7432537125,8.270009669333819,692302.030560102,234116.28730638948,404,98000000.0
4006,391832.728930613,8.409587891601056,721613.4572362219,329780.72830560885,404,98000000.0
4007,422966.515445744,7.67680222469806,564367.2103234524,141400.6948777084,404,98000000.0
4008,374191.75669023127,7.7814858913984875,587439.4904642267,213247.73377399542,404,98000000.0
4009,341546.4686854296,7.7814858913984875,587439.4904642267,245893.0217787971,404,98000000.0
4010,315301.5628697325,7.67680222469806,564367.2103234524,249065.64745371987,404,98000000.0
4011,349766.7168113696,7.292962113463156,484903.38939339336,135136.67258202378,404,98000000.0
4012,333558.0381869216,8.060642335932963,648334.8905459222,314776.8523590006,404,98000000.0
4013,341617.5378294424,7.467434891297203,519030.2647377329,177412.72690829047,404,98000000.0
4014,382429.8016071191,7.711696780264869,572057.970370377,189628.16876325785,404,98000000.0
4015,430572.9963758788,7.607013113564441,548985.6902296027,118412.69385372393,404,98000000.0
4016,424746.8829352276,7.641907669131249,556676.4502765272,131929.5673412996,404,98000000.0
4017,410124.57205721806,7.362751224596776,498554.1395311294,88429.56747391133,404,98000000.0
4018,428916.43115659273,7.955958669232534,625893.2906988506,196976.8595422579,404,98000000.0
4019,362754.2916139201,7.467434891297203,519030.2647377329,156275.97312381276,404,98000000.0
4020,347199.1481266397,8.025747780366153,641007.0338768922,293807.88575025246,404,98000000.0
4021,302747.3997843778,8.898111669536387,815604.2385406554,512856.8387562776,404,98000000.0
4022,331554.6166141096,9.491319114172146,909677.0329998351,578122.4163857255,404,98000000.0
4023,277572.0307229925,9.700686447573,933717.7058652636,656145.6751422711,404,98000000.0
4024,980703.514999626,9.944948336540667,961368.1516964036,-19335.363303222344,405,97980664.63669677
4025,493313.3869477385,10.084526558807905,973077.3210107522,479763.93406301376,406,98000000.0
4026,475128.2555225261,10.084526558807905,973077.3210107522,497949.06548822613,406,98000000.0
4027,455444.6864150269,10.712628559010474,1000000.0,544555.3135849731,406,98000000.0
4028,452034.5874120054,10.433472114475999,995688.9930180447,543654.4056060393,406,98000000.0
4029,428534.8686550956,10.049632003241095,970816.153810023,542281.2851549274,406,98000000.0
4030,441373.8054963208,9.87515922540705,953468.024316078,512094.2188197572,406,98000000.0
4031,403299.4620971207,9.072584447370433,845861.869779254,442562.40768213326,406,98000000.0
4032,366766.2801186419,9.73558100313981,937667.7695554266,570901.4894367846,406,98000000.0
4033,313373.8426547782,9.28195178077129,877769.4513895446,564395.6087347665,406,98000000.0
4034,282264.4230472542,9.351740891904909,888405.3119263081,606140.8888790539,406,98000000.0
4035,311955.3772432716,9.386635447471717,893723.2421946897,581767.864951418,406,98000000.0
4036,333644.43674672703,10.328788447775572,988905.4914158571,655261.0546691301,406,98000000.0
4037,334649.24483530625,10.189210225508333,979860.82261294,645211.5777776337,406,98000000.0
4038,352230.0837358096,10.224104781075143,982121.9898136694,629891.9060778597,406,98000000.0
4039,434908.6376472962,9.421530003038528,899041.1724630716,464132.53481577546,406,98000000.0
4040,457125.72367513867,9.630897336439384,925817.5784849382,468691.8548097996,406,98000000.0
4041,370551.63125149184,10.29389389220876,986644.3242151276,616092.6929636358,406,98000000.0
4042,405361.6089282736,10.014737447674285,968554.9866092937,563193.3776810202,406,98000000.0
4043,351333.79952755827,7.886169558098915,610511.7706050009,259177.97107744263,406,98000000.0
4044,363186.7480439504,8.270009669333819,692302.030560102,329115.28251615155,406,98000000.0
4045,287482.9803030426,8.444482447167864,728941.3139052514,441458.3336022088,406,98000000.0
4046,311957.6587600449,9.107479002937243,851179.8000476358,539222.1412875908,406,98000000.0
4047,292607.0698309421,9.491319114172146,909677.0329998351,617069.963168893,406,98000000.0
4048,947973.8169766612,9.700686447573,933717.7058652636,-14256.111111397622,407,97985743.8888886
4049,451266.6571636942,10.084526558807905,973077.3210107522,521810.663847058,408,98000000.0
4050,452838.192880438,10.258999336641951,984383.1570143984,531544.9641339604,408,98000000.0
4051,511957.0,10.328788447775572,988905.4914158571,476948.4914158571,408,98000000.0
4052,433033.0083513174,9.84026466984024,949517.9606259152,516484.95227459783,408,98000000.0
4053,456113.8519868101,9.665791892006192,929767.642175101,473653.7901882909,408,98000000.0
4054,433406.573323712,9.700686447573,933717.7058652636,500311.1325415516,408,98000000.0
4055,372719.33498683537,9.456424558605336,904359.1027314533,531639.7677446179,408,98000000.0
4056,377563.83710250165,10.36368300334238,991166.6586165862,613602.8215140846,408,98000000.0
4057,281284.7536410278,10.39857755890919,993427.8258173156,712143.0721762879,408,98000000.0
4058,349179.1908039927,10.607944892310044,1000000.0,650820.8091960073,408,98000000.0
4059,339773.5560998008,10.468366670042808,997950.160218774,658176.6041189732,408,98000000.0
4060,351434.8931598395,10.92199589241133,1000000.0,648565.1068401604,408,98000000.0
4061,295372.8990407085,10.29389389220876,986644.3242151276,691271.4251744191,408,98000000.0
4062,344902.38709574053,9.979842892107477,965318.2153865664,620415.8282908258,408,98000000.0
4063,434406.8709155742,10.258999336641951,984383.1570143984,549976.2860988241,408,98000000.0
4064,450685.17166724254,9.910053780973858,957418.0880062408,506732.91633899824,408,98000000.0
4065,391753.068635605,9.630897336439384,925817.5784849382,534064.5098493332,408,98000000.0
4066,358910.45276418497,9.561108225305764,917917.4511046124,559006.9983404274,408,98000000.0
4067,372518.1010295313,9.21216266963767,867133.5908527811,494615.4898232498,408,98000000.0
4068,352044.4001364817,9.142373558504051,856497.7303160174,504453.3301795357,408,98000000.0
4069,266025.5016900289,9.107479002937243,851179.8000476358,585154.2983576069,408,98000000.0
4070,281928.06304913,9.24705722520448,872451.5211211628,590523.4580720328,408,98000000.0
4071,310969.50471461506,9.700686447573,933717.7058652636,622748.2011506485,408,98000000.0
4072,945252.3919548738,10.154315669941525,977599.6554122109,32347.263457337045,408,98000000.0
4073,414060.29745200335,10.39857755890919,993427.8258173156,579367.5283653123,408,98000000.0
4074,476604.4958123975,10.503261225609617,1000000.0,523395.5041876025,408,98000000.0
4075,437083.91553837457,9.87515922540705,953468.024316078,516384.1087777035,408,98000000.0
4076,435185.9574404607,9.072584447370433,845861.869779254,410675.9123387933,408,98000000.0
4077,487854.55376844027,8.75853344726915,789307.7014655077,301453.14769706747,408,98000000.0
4078,427478.0284602594,8.479377002734674,736269.1705742816,308791.1421140222,408,98000000.0
4079,376970.5652387475,8.549166113868294,749862.8958527866,372892.3306140391,408,98000000.0
4080,354868.0450567235,9.002795336236815,835226.0092424906,480357.9641857671,408,98000000.0
4081,457715.9618189218,9.21216266963767,867133.5908527811,409417.6290338593,408,98000000.0
4082,469969.6024231858,9.072584447370433,845861.869779254,375892.2673560682,408,98000000.0
4083,385952.1594805396,8.933006225103197,822178.3728094423,436226.2133289027,408,98000000.0
4084,396457.3443135027,8.618955225001912,763011.1643903602,366553.8200768575,408,98000000.0
4085,383068.02341644507,8.828322558402768,802455.9700030814,419387.9465866363,408,98000000.0
4086,403960.3449913224,8.828322558402768,802455.9700030814,398495.625011759,408,98000000.0
4087,348874.9365782075,8.72363889170234,782733.5671967207,433858.63061851327,408,98000000.0
4088,362659.2814306011,8.828322558402768,802455.9700030814,439796.6885724803,408,98000000.0
4089,414438.29418567807,8.863217113969577,809030.1042718684,394591.8100861903,408,98000000.0
4090,439543.0767103998,8.933006225103197,822178.3728094423,382635.2960990425,408,98000000.0
4091,539229.4114735186,8.75853344726915,789307.7014655077,250078.28999198915,408,98000000.0
4092,457023.3660154443,9.316846336338099,883087.3816579262,426064.015642482,408,98000000.0
4093,368184.06819992274,10.258999336641951,984383.1570143984,616199.0888144756,408,98000000.0
4094,1183206.0744320073,10.642839447876854,1000000.0,-183206.07443200727,409,97816793.925568
4095,653711.1065753932,10.92199589241133,1000000.0,346288.89342460677,410,98000000.0
4096,443239.4626441859,10.95689044797814,1000000.0,556760.5373558141,410,98000000.0
4097,459969.658202406,10.39857755890919,993427.8258173156,533458.1676149096,410,98000000.0
4098,451389.5998240538,9.77047555870662,941617.8332455894,490228.2334215356,410,98000000.0
4099,457501.92801252,9.700686447573,933717.7058652636,476215.7778527436,410,98000000.0
4100,494549.8134750656,9.491319114172146,909677.0329998351,415127.2195247695,410,98000000.0
4101,558607.1690792207,8.79342800283596,795881.8357342947,237274.666655074,410,98000000.0
4102,463889.4463132158,10.573050336743236,1000000.0,536110.5536867841,410,98000000.0
4103,455794.660554935,9.28195178077129,877769.4513895446,421974.79083460965,410,98000000.0
4104,465114.3481527442,9.700686447573,933717.7058652636,468603.3577125194,410,98000000.0
4105,443164.4756341373,9.491319114172146,909677.0329998351,466512.5573656978,410,98000000.0
4106,465927.3896619009,9.456424558605336,904359.1027314533,438431.7130695524,410,98000000.0
4107,365342.36485977256,9.456424558605336,904359.1027314533,539016.7378716806,410,98000000.0
4108,377949.0567418496,9.28195178077129,877769.4513895446,499820.39464769507,410,98000000.0
4109,414717.962509038,9.910053780973858,957418.0880062408,542700.1254972029,410,98000000.0
4110,392156.8906610783,9.73558100313981,937667.7695554266,545510.8788943483,410,98000000.0
4111,352267.3271541989,9.561108225305764,917917.4511046124,565650.1239504135,410,98000000.0
4112,363535.0191332583,9.561108225305764,917917.4511046124,554382.4319713542,410,98000000.0
4113,411277.39938990143,9.596002780872574,921867.5147947754,510590.11540487397,410,98000000.0
4114,420080.1458583821,9.491319114172146,909677.0329998351,489596.887141453,410,98000000.0
4115,538652.7853949941,8.584060669435102,756437.0301215732,217784.24472657917,410,98000000.0
4116,499299.6613606248,8.653849780568722,769585.2986591471,270285.6372985223,410,98000000.0
4117,413350.41755064233,8.828322558402768,802455.9700030814,389105.55245243903,410,98000000.0
4118,1206827.8753282952,9.177268114070863,861815.6605843995,-345012.2147438957,411,97654987.7852561
4119,621766.6419845769,9.700686447573,933717.7058652636,311951.06388068665,412,97966938.84913678
4120,439637.8961191645,10.084526558807905,973077.3210107522,533439.4248915878,412,98000000.0
4121,483429.8704483468,10.468366670042808,997950.160218774,514520.2897704272,412,98000000.0
4122,468886.358118021,10.084526558807905,973077.3210107522,504190.96289273124,412,98000000.0
4123,505009.48797525605,9.177268114070863,861815.6605843995,356806.1726091434,412,98000000.0
4124,519280.2860575032,8.967900780670005,828752.507078229,309472.2210207258,412,98000000.0
4125,525512.4109703888,8.898111669536387,815604.2385406554,290091.82757026656,412,98000000.0
4126,449705.5322440957,9.037689891803623,840543.9395108721,390838.4072667764,412,98000000.0
4127,451776.3325678759,9.316846336338099,883087.3816579262,431311.04909005034,412,98000000.0
4128,443143.8615972956,9.87515922540705,953468.024316078,510324.16271878243,412,98000000.0
4129,309643.0469521835,10.468366670042808,997950.160218774,688307.1132665905,412,98000000.0
4130,319175.87260348635,10.642839447876854,1000000.0,680824.1273965137,412,98000000.0
4131,303328.87677618494,10.538155781176425,1000000.0,696671.1232238151,412,98000000.0
4132,327355.48535158805,10.084526558807905,973077.3210107522,645721.8356591642,412,98000000.0
4133,346609.97237848386,10.224104781075143,982121.9898136694,635512.0174351855,412,98000000.0
4134,394346.89097778575,10.433472114475999,995688.9930180447,601342.1020402589,412,98000000.0
4135,414509.585175576,10.049632003241095,970816.153810023,556306.568634447,412,98000000.0
4136,423555.322845047,9.596002780872574,921867.5147947754,498312.1919497284,412,98000000.0
4137,354382.4766184364,9.910053780973858,957418.0880062408,603035.6113878044,412,98000000.0
4138,402195.9596837146,10.258999336641951,984383.1570143984,582187.1973306837,412,98000000.0
4139,355421.79996390006,8.16532600263339,670318.4605530121,314896.660589112,412,98000000.0
4140,325874.08767366107,7.886169558098915,610511.7706050009,284637.68293133983,412,98000000.0
4141,266415.55754231336,8.304904224900628,699629.887229132,433214.32968681864,412,98000000.0
4142,312742.76206220844,9.142373558504051,856497.7303160174,543754.968253809,412,98000000.0
4143,284691.0625174409,9.87515922540705,953468.024316078,668776.9617986372,412,98000000.0
4144,941209.9612955666,9.979842892107477,965318.2153865664,24108.25409099972,412,98000000.0
4145,494107.5596608837,9.77047555870662,941617.8332455894,447510.2735847057,412,98000000.0
4146,421347.6956731437,9.596002780872574,921867.5147947754,500519.8191216317,412,98000000.0
4147,429766.8232019771,9.491319114172146,909677.0329998351,479910.20979785797,412,98000000.0
4148,447993.8779144912,8.72363889170234,782733.5671967207,334739.6892822295,412,98000000.0
4149,450495.4972636191,8.200220558200199,677646.3172220417,227150.81995842257,412,98000000.0
4150,418912.2555888624,8.200220558200199,677646.3172220417,258734.06163317926,412,98000000.0
4151,371016.171753954,7.607013113564441,548985.6902296027,177969.5184756487,412,98000000.0
4152,383371.8662647443,7.537224002430823,533604.1701357533,150232.30387100903,412,98000000.0
4153,331950.92470398906,7.711696780264869,572057.970370377,240107.0456663879,412,98000000.0
4154,324417.91397957463,8.16532600263339,670318.4605530121,345900.54657343746,412,98000000.0
4155,336987.7721099002,9.107479002937243,851179.8000476358,514192.0279377356,412,98000000.0
4156,310260.1861764365,9.73558100313981,937667.7695554266,627407.5833789901,412,98000000.0
4157,333779.19425552833,9.037689891803623,840543.9395108721,506764.7452553438,412,98000000.0
4158,329248.411500963,8.933006225103197,822178.3728094423,492929.96130847937,412,98000000.0
4159,416092.0653922234,9.107479002937243,851179.8000476358,435087.7346554124,412,98000000.0
4160,402207.7927103177,9.107479002937243,851179.8000476358,448972.0073373181,412,98000000.0
4161,365364.9417766277,9.386635447471717,893723.2421946897,528358.300418062,412,98000000.0
4162,385656.4775497759,9.456424558605336,904359.1027314533,518702.62518167734,412,98000000.0
4163,362129.5299057562,8.200220558200199,677646.3172220417,315516.7873162855,412,98000000.0
4164,344832.3806317079,8.270009669333819,692302.030560102,347469.64992839406,412,98000000.0
4165,259476.0403481897,7.886169558098915,610511.7706050009,351035.7302568112,412,98000000.0
4166,314454.784218186,8.16532600263339,670318.4605530121,355863.6763348261,412,98000000.0
4167,313174.2148298193,8.653849780568722,769585.2986591471,456411.08382932784,412,98000000.0
4168,965760.3992945644,8.863217113969577,809030.1042718684,-156730.29502269602,413,97843269.7049773
4169,421933.5526147169,8.374693336034246,714285.6005671917,292352.04795247485,414,98000000.0
4170,437555.70239822817,8.514271558301482,743288.7615839993,305733.0591857711,414,98000000.0
4171,406636.63070054055,8.549166113868294,749862.8958527866,343226.26515224605,414,98000000.0
4172,465456.519375652,8.304904224900628,699629.887229132,234173.36785347998,414,98000000.0
4173,443143.5938646611,7.921064113665725,618202.5306519258,175058.9367872647,414,98000000.0
4174,437934.0537157073,7.886169558098915,610511.7706050009,172577.71688929357,414,98000000.0
4175,352464.559983191,7.1882784467627285,464427.26418678975,111962.70420359873,414,98000000.0
4176,348476.5243757341,7.67680222469806,564367.2103234524,215890.68594771827,414,98000000.0
4177,301967.57771167124,7.607013113564441,548985.6902296027,247018.1125179315,414,98000000.0
4178,344625.23443408817,7.641907669131249,556676.4502765272,212051.21584243904,414,98000000.0
4179,335809.2723777604,8.200220558200199,677646.3172220417,341837.0448442813,414,98000000.0
4180,330996.4307706864,8.584060669435102,756437.0301215732,425440.5993508868,414,98000000.0
4181,296195.1585071399,8.933006225103197,822178.3728094423,525983.2143023025,414,98000000.0
4182,356272.77616718126,8.967900780670005,828752.507078229,472479.7309110477,414,98000000.0
4183,421021.6626923194,9.28195178077129,877769.4513895446,456747.7886972252,414,98000000.0
4184,389811.23750360607,9.630897336439384,925817.5784849382,536006.3409813321,414,98000000.0
4185,370544.6071141054,10.119421114374713,975338.4882114815,604793.8810973761,414,98000000.0
4186,391507.0138369233,10.154315669941525,977599.6554122109,586092.6415752876,414,98000000.0
4187,364564.9603417544,8.514271558301482,743288.7615839993,378723.80124224484,414,98000000.0
4188,360348.9401588335,8.549166113868294,749862.8958527866,389513.9556939531,414,98000000.0
4189,289168.7963636238,8.72363889170234,782733.5671967207,493564.77083309693,414,98000000.0
4190,317773.5729108618,9.21216266963767,867133.5908527811,549360.0179419193,414,98000000.0
4191,300201.33650200843,9.491319114172146,909677.0329998351,609475.6964978266,414,98000000.0
4192,944084.0266463448,9.596002780872574,921867.5147947754,-22216.511851569405,415,97977783.48814844
4193,410857.0691717119,10.049632003241095,970816.153810023,559959.0846383111,416,98000000.0
4194,467038.7736104123,9.944948336540667,961368.1516964036,494329.3780859913,416,98000000.0
4195,453334.8747286552,9.456424558605336,904359.1027314533,451024.22800279805,416,98000000.0
4196,430538.4040117982,9.630897336439384,925817.5784849382,495279.17447314004,416,98000000.0
4197,466560.93823696655,9.665791892006192,929767.642175101,463206.7039381344,416,98000000.0
4198,418586.17573663546,10.573050336743236,1000000.0,581413.8242633645,416,98000000.0
4199,372406.6698266369,9.142373558504051,856497.7303160174,484091.0604893805,416,98000000.0
4200,373598.2115465574,9.072584447370433,845861.869779254,472263.6582326966,416,98000000.0
4201,480620.9228241635,8.23511511376701,684974.1738910723,204353.25106690876,416,98000000.0
4202,474826.6089459225,7.851275002532106,602821.0105580763,127994.4016121538,416,98000000.0
4203,373653.6062895685,8.095536891499771,655662.7472149519,282009.1409253834,416,98000000.0
4204,366371.9437240127,8.13043144706658,662990.6038839819,296618.66015996924,416,98000000.0
4205,391345.2753682066,7.572118557997631,541294.9301826778,149949.6548144712,416,98000000.0
4206,1422326.9,7.641907669131249,556676.4502765272,-865650.4497234727,417,97134349.55027653
4207,497190.82988828135,7.572118557997631,541294.9301826778,44104.100294396456,418,97178453.65057093
4208,489067.676424122,7.362751224596776,498554.1395311294,9486.463107007381,418,97187940.11367793
4209,458498.0752733816,7.572118557997631,541294.9301826778,82796.8549092962,418,97270736.96858723
4210,444792.80201255385,7.746591335831678,579748.7304173018,134955.92840474792,418,97405692.89699198
4211,570176.4519051004,7.572118557997631,541294.9301826778,-28881.521722422563,419,97376811.37526956
4212,492190.18996299285,8.16532600263339,670318.4605530121,178128.27059001924,420,97554939.64585958
4213,519203.6237628995,8.444482447167864,728941.3139052514,209737.69014235196,420,97764677.33600193
4214,502477.80162754207,9.072584447370433,845861.869779254,343384.0681517119,420,98000000.0
4215,503765.32856850815,9.386635447471717,893723.2421946897,389957.91362618154,420,98000000.0
4216,568029.0906624321,9.77047555870662,941617.8332455894,373588.74258315726,420,98000000.0
4217,506205.1302147645,10.154315669941525,977599.6554122109,471394.52519744635,420,98000000.0
4218,1380059.8506231706,9.87515922540705,953468.024316078,-426591.82630709256,421,97573408.17369291
4219,503906.0437676163,9.351740891904909,888405.3119263081,384499.26815869176,422,97957907.4418516
4220,470790.6214327599,8.933006225103197,822178.3728094423,351387.7513766824,422,98000000.0
4221,446321.962843834,8.270009669333819,692302.030560102,245980.06771626795,422,98000000.0
4222,494063.0438669767,8.72363889170234,782733.5671967207,288670.52332974406,422,98000000.0
4223,505477.5560377927,8.898111669536387,815604.2385406554,310126.68250286265,422,98000000.0
4224,520396.3921628223,9.491319114172146,909677.0329998351,389280.6408370128,422,98000000.0
4225,467746.814068098,9.107479002937243,851179.8000476358,383432.98597953777,422,98000000.0
4226,487351.87453329953,9.142373558504051,856497.7303160174,369145.8557827179,422,98000000.0
4227,365897.4840512794,9.21216266963767,867133.5908527811,501236.1068015017,422,98000000.0
4228,371954.7510899204,9.526213669738956,913967.3874144498,542012.6363245294,422,98000000.0
4229,370262.02940719295,9.316846336338099,883087.3816579262,512825.3522507333,422,98000000.0
4230,1306836.3860569685,9.944948336540667,961368.1516964036,-345468.23436056485,423,97654531.76563944
4231,450694.9143022329,9.73558100313981,937667.7695554266,486972.85525319364,424,98000000.0
4232,452394.3587262821,9.107479002937243,851179.8000476358,398785.4413213537,424,98000000.0
4233,483794.1883529901,9.072584447370433,845861.869779254,362067.6814262639,424,98000000.0
4234,449881.0692203337,9.002795336236815,835226.0092424906,385344.9400221569,424,98000000.0
4235,593901.2046281595,8.967900780670005,828752.507078229,234851.30245006946,424,98000000.0
4236,465173.4078504341,9.107479002937243,851179.8000476358,386006.3921972017,424,98000000.0
4237,454041.1761331646,9.177268114070863,861815.6605843995,407774.48445123486,424,98000000.0
4238,520474.16814225336,9.142373558504051,856497.7303160174,336023.56217376405,424,98000000.0
4239,492107.6823186666,9.107479002937243,851179.8000476358,359072.1177289692,424,98000000.0
4240,511204.85666098393,9.177268114070863,861815.6605843995,350610.80392341554,424,98000000.0
4241,500350.6328512167,9.910053780973858,957418.0880062408,457067.4551550241,424,98000000.0
4242,1340044.148795314,10.084526558807905,973077.3210107522,-366966.82778456167,425,97633033.17221543
4243,536841.8648302602,9.28195178077129,877769.4513895446,340927.5865592845,426,97973960.75877471
4244,532761.3617212186,8.409587891601056,721613.4572362219,188852.0955150033,426,98000000.0
4245,470344.3792248901,7.8163804469652955,595130.2505111512,124785.87128626107,426,98000000.0
4246,475856.26987928734,7.711696780264869,572057.970370377,96201.7004910896,426,98000000.0
4247,456402.6121698887,6.03675811305802,273625.4974873637,-182777.114682525,427,97817222.88531747
4248,490058.7604978503,6.350809113159303,319979.42510231317,-170079.33539553714,427,97647143.54992194
4249,448887.2958720592,6.699754668827397,376197.9993032503,-72689.2965688089,427,97574454.25335313
4250,472286.2655580909,7.0835947800623,443951.13898018585,-28335.12657790503,427,97546119.12677523
4251,390606.0595820172,7.153383891195919,457601.8891179217,66995.82953590452,428,97613114.95631114
4252,399403.30049791926,7.572118557997631,541294.9301826778,141891.62968475855,428,97755006.5859959
4253,347232.1661564801,8.374693336034246,714285.6005671917,367053.43441071163,428,98000000.0
4254,383366.2488438922,7.990853224799343,633584.0507457752,250217.80190188304,428,98000000.0
4255,357257.38800372614,7.327856669029965,491728.7644622612,134471.3764585351,428,98000000.0
4256,376805.2735691349,7.118489335629109,450776.51404905366,73971.24047991878,428,98000000.0
4257,412604.4535830679,7.397645780163584,505379.514599997,92775.0610169291,428,98000000.0
4258,438235.48163619946,7.67680222469806,564367.2103234524,126131.72868725291,428,98000000.0
4259,523465.6340020741,7.048700224495491,437125.76391131803,-86339.87009075604,429,97913660.12990925
4260,484034.7114127553,7.502329446864012,525913.4100888282,41878.698676072876,430,97955538.82858533
4261,427702.2089121628,7.7814858913984875,587439.4904642267,159737.28155206388,430,98000000.0
4262,1147218.3621079044,7.7814858913984875,587439.4904642267,-559778.8716436777,431,97440221.12835632
4263,546651.4924662356,8.025747780366153,641007.0338768922,94355.54141065653,432,97534576.66976698
4264,447856.9936645763,7.990853224799343,633584.0507457752,185727.0570811989,432,97720303.72684817
4265,527646.3071628044,7.467434891297203,519030.2647377329,-8616.04242507153,433,97711687.6844231
4266,510437.2136120566,7.432540335730394,512204.889668865,1767.6760568083846,434,97713455.3604799
4267,492176.652384045,7.2231730023295375,471252.6392556575,-20924.01312838751,435,97692531.34735152
4268,529923.4776242101,7.2231730023295375,471252.6392556575,-58670.83836855256,435,97633860.50898297
4269,493831.27495298046,7.2231730023295375,471252.6392556575,-22578.635697322956,435,97611281.87328565
4270,474001.0035254703,7.397645780163584,505379.514599997,31378.5110745267,436,97642660.38436018
4271,417931.2811418756,7.432540335730394,512204.889668865,94273.60852698941,436,97736933.99288717
4272,456843.1500962093,7.1882784467627285,464427.26418678975,7584.114090580435,436,97744518.10697775
4273,449269.4405264816,7.0835947800623,443951.13898018585,-5318.3015462957555,437,97739199.80543146
4274,438742.2650561447,7.292962113463156,484903.38939339336,46161.12433724868,438,97785360.92976871
4275,350699.3210849957,7.990853224799343,633584.0507457752,282884.7296607795,438,98000000.0
4276,359127.9880606207,7.2580675578963465,478078.0143245254,118950.0262639047,438,98000000.0
4277,354601.7253237783,6.176336335325257,294227.24309400795,-60374.482229770336,439,97939625.51777023
4278,417453.5776109463,6.874227446661443,406067.7388684391,-11385.838742507214,439,97928239.67902772
4279,343066.29676799657,7.292962113463156,484903.38939339336,141837.0926253968,440,98000000.0
4280,362697.12294145976,7.67680222469806,564367.2103234524,201670.0873819926,440,98000000.0
4281,406652.1771273496,8.060642335932963,648334.8905459222,241682.71341857262,440,98000000.0
4282,417573.8512954562,8.270009669333819,692302.030560102,274728.1792646458,440,98000000.0
4283,540604.6137689505,7.502329446864012,525913.4100888282,-14691.203680122271,441,97985308.79631987
4284,481745.63165276055,7.7814858913984875,587439.4904642267,105693.85881146614,442,98000000.0
4285,380031.2258318079,7.955958669232534,625893.2906988506,245862.06486704276,442,98000000.0
4286,1310707.528015305,8.13043144706658,662990.6038839819,-647716.9241313231,443,97352283.07586868
4287,633832.6561653238,8.13043144706658,662990.6038839819,29157.947718658135,444,97381441.02358735
4288,416437.5534806744,8.200220558200199,677646.3172220417,261208.76374136726,444,97642649.78732872
4289,451367.4419631577,8.095536891499771,655662.7472149519,204295.30525179423,444,97846945.09258051
4290,485578.9795576943,8.72363889170234,782733.5671967207,297154.58763902646,444,98000000.0
4291,537648.3151320693,8.339798780467437,706957.7438981617,169309.4287660924,444,98000000.0
4292,523215.8071128345,7.746591335831678,579748.7304173018,56532.92330446729,444,98000000.0
4293,499034.2059551686,7.432540335730394,512204.889668865,13170.683713696431,444,98000000.0
4294,424216.0393635492,8.13043144706658,662990.6038839819,238774.56452043273,444,98000000.0
4295,484916.3111154519,6.839332891094635,400093.79095540155,-84822.52016005036,445,97915177.47983995
4296,452677.7573744069,7.153383891195919,457601.8891179217,4924.131743514794,446,97920101.61158347
4297,314814.7999832731,7.467434891297203,519030.2647377329,204215.4647544598,446,98000000.0
4298,331457.1218451703,8.304904224900628,699629.887229132,368172.7653839617,446,98000000.0
4299,312506.4478250391,8.618955225001912,763011.1643903602,450504.71656532114,446,98000000.0
4300,287323.22273597546,8.374693336034246,714285.6005671917,426962.37783121626,446,98000000.0
4301,331159.3666757636,7.292962113463156,484903.38939339336,153744.02271762973,446,98000000.0
4302,379501.71262596216,7.2231730023295375,471252.6392556575,91750.92662969534,446,98000000.0
4303,354518.60729573364,7.921064113665725,618202.5306519258,263683.9233561922,446,98000000.0
4304,430175.6988261749,8.549166113868294,749862.8958527866,319687.1970266117,446,98000000.0
4305,358001.0557012764,8.967900780670005,828752.507078229,470751.4513769526,446,98000000.0
4306,351425.5304357837,9.107479002937243,851179.8000476358,499754.2696118521,446,98000000.0
4307,348859.26541223424,7.711696780264869,572057.970370377,223198.7049581427,446,98000000.0
4308,350251.5719464893,8.270009669333819,692302.030560102,342050.4586136127,446,98000000.0
4309,289245.8457449224,8.72363889170234,782733.5671967207,493487.72145179834,446,98000000.0
4310,301846.1439198656,9.316846336338099,883087.3816579262,581241.2377380606,446,98000000.0
4311,289003.6833151097,9.630897336439384,925817.5784849382,636813.8951698286,446,98000000.0
4312,901700.0924727324,9.87515922540705,953468.024316078,51767.931843345636,446,98000000.0
4313,431291.6326033886,10.39857755890919,993427.8258173156,562136.193213927,446,98000000.0
4314,457535.3743042492,10.852206781277713,1000000.0,542464.6256957508,446,98000000.0
4315,445809.137842767,10.747523114577284,1000000.0,554190.8621572331,446,98000000.0
4316,445299.1827127297,10.39857755890919,993427.8258173156,548128.6431045859,446,98000000.0
4317,483092.4219331629,10.224104781075143,982121.9898136694,499029.56788050645,446,98000000.0
4318,474369.2795547604,10.712628559010474,1000000.0,525630.7204452397,446,98000000.0
4319,390243.1488472112,10.503261225609617,1000000.0,609756.8511527888,446,98000000.0
4320,334980.8314111937,10.747523114577284,1000000.0,665019.1685888063,446,98000000.0
4321,319979.8318874911,11.061574114678566,1000000.0,680020.168112509,446,98000000.0
4322,352472.9896409904,11.480308781480279,1000000.0,647527.0103590096,446,98000000.0
4323,319220.4044431186,11.410519670346659,1000000.0,680779.5955568814,446,98000000.0
4324,368480.9021151735,11.305836003646233,1000000.0,631519.0978848265,446,98000000.0
4325,329169.5932539546,10.328788447775572,988905.4914158571,659735.8981619026,446,98000000.0
4326,321152.8080864739,10.677734003443664,1000000.0,678847.191913526,446,98000000.0
4327,388987.9521462739,11.061574114678566,1000000.0,611012.0478537261,446,98000000.0
4328,406970.8625880412,11.550097892613897,1000000.0,593029.1374119588,446,98000000.0
4329,401025.8739541237,11.58499244818071,1000000.0,598974.1260458763,446,98000000.0
4330,375679.4811315195,11.58499244818071,1000000.0,624320.5188684806,446,98000000.0
4331,386892.4201505938,11.759465226014752,1000000.0,613107.5798494061,446,98000000.0
4332,349397.81157401577,11.794359781581562,1000000.0,650602.1884259842,446,98000000.0
4333,273062.7957736131,11.82925433714837,1000000.0,726937.204226387,446,98000000.0
4334,275615.0381180476,11.864148892715182,1000000.0,724384.9618819524,446,98000000.0
4335,270137.990136867,12.10841078168285,1000000.0,729862.0098631331,446,98000000.0
4336,914232.2179519496,12.59693455961818,1000000.0,85767.78204805043,446,98000000.0
4337,446458.149605857,11.619887003747515,1000000.0,553541.850394143,446,98000000.0
4338,438431.17344504886,11.44541422591347,1000000.0,561568.8265549511,446,98000000.0
4339,477886.0139351143,11.131363225812185,1000000.0,522113.9860648857,446,98000000.0
4340,434008.51189824456,11.201152336945805,1000000.0,565991.4881017555,446,98000000.0
4341,439473.49843981024,10.014737447674285,968554.9866092937,529081.4881694835,446,98000000.0
4342,431668.1135231376,9.73558100313981,937667.7695554266,505999.65603228897,446,98000000.0
4343,392110.48981681216,9.491319114172146,909677.0329998351,517566.54318302294,446,98000000.0
4344,353799.75780253304,9.805370114273432,945567.8969357525,591768.1391332194,446,98000000.0
4345,327481.01602831297,10.084526558807905,973077.3210107522,645596.3049824393,446,98000000.0
4346,320557.6190359222,10.154315669941525,977599.6554122109,657042.0363762886,446,98000000.0
4347,311136.1463831574,9.944948336540667,961368.1516964036,650232.0053132463,446,98000000.0
4348,338407.7994188017,9.491319114172146,909677.0329998351,571269.2335810334,446,98000000.0
4349,330738.1661338601,10.049632003241095,970816.153810023,640077.9876761629,446,98000000.0
4350,358807.2406447448,10.258999336641951,984383.1570143984,625575.9163696535,446,98000000.0
4351,429446.8293211751,8.967900780670005,828752.507078229,399305.67775705387,446,98000000.0
4352,415675.84251993126,8.863217113969577,809030.1042718684,393354.2617519371,446,98000000.0
4353,393360.6678810085,8.75853344726915,789307.7014655077,395947.0335844992,446,98000000.0
4354,384541.19027708087,8.514271558301482,743288.7615839993,358747.5713069184,446,98000000.0
4355,356560.5771688199,8.68874433613553,776159.4329279339,419598.85575911397,446,98000000.0
4356,331578.0641050511,8.653849780568722,769585.2986591471,438007.234554096,446,98000000.0
4357,283245.6875300076,8.967900780670005,828752.507078229,545506.8195482213,446,98000000.0
4358,290688.8492295082,9.177268114070863,861815.6605843995,571126.8113548913,446,98000000.0
4359,284206.10436819715,9.87515922540705,953468.024316078,669261.9199478809,446,98000000.0
4360,939288.5281042485,10.782417670144092,1000000.0,60711.47189575154,446,98000000.0
4361,425019.8120937648,10.084526558807905,973077.3210107522,548057.5089169875,446,98000000.0
4362,444555.0995170531,10.224104781075143,982121.9898136694,537566.8902966162,446,98000000.0
4363,466347.7182003831,9.77047555870662,941617.8332455894,475270.1150452063,446,98000000.0
4364,423366.1492009515,9.072584447370433,845861.869779254,422495.72057830245,446,98000000.0
4365,461314.2075220954,9.072584447370433,845861.869779254,384547.66225715855,446,98000000.0
4366,425270.5727634645,9.316846336338099,883087.3816579262,457816.8088944618,446,98000000.0
4367,389430.7075876982,8.339798780467437,706957.7438981617,317527.0363104635,446,98000000.0
4368,387935.0410773735,8.653849780568722,769585.2986591471,381650.2575817736,446,98000000.0
4369,310684.7086545772,8.16532600263339,670318.4605530121,359633.7518984349,446,98000000.0
4370,344822.277598811,7.2231730023295375,471252.6392556575,126430.36165684648,446,98000000.0
4371,315701.8522506212,7.048700224495491,437125.76391131803,121423.91166069685,446,98000000.0
4372,340977.3266569572,6.176336335325257,294227.24309400795,-46750.083562949265,447,97953249.91643704
4373,340102.9433330297,5.513339779555879,203376.85863684304,-136726.08469618665,447,97816523.83174086
4374,359465.5048963298,5.164394223887786,164280.63769632182,-195184.86720000795,447,97621338.96454085
4375,394216.9076534271,5.338867001721832,183682.0105914677,-210534.8970619594,447,97410804.0674789
4376,443525.7863069772,5.443550668422261,195322.8343285554,-248202.95197842183,447,97162601.11550048
4377,387406.7609347193,5.164394223887786,164280.63769632182,-223126.12323839747,447,96939474.99226208
4378,403140.333518975,5.338867001721832,183682.0105914677,-219458.3229275073,447,96720016.66933458
4379,359828.53100417886,5.513339779555879,203376.85863684304,-156451.67236733582,447,96563564.99696724
4380,339554.1491750486,5.932074446357591,259152.31625483112,-80401.83292021745,447,96483163.16404702
4381,282092.54948048794,6.385703668726113,325129.86150397424,43037.3120234863,448,96526200.47607051
4382,311095.3502275307,7.013805668928682,430300.3888424502,119205.03861491953,448,96645405.51468542
4383,340080.3,7.397645780163584,505379.514599997,165299.21459999704,448,96810704.72928542
4384,882821.7030785636,7.711696780264869,572057.970370377,-310763.7327081866,449,96499940.99657723
4385,447393.5508929354,7.641907669131249,556676.4502765272,109282.89938359178,450,96609223.89596082
4386,422614.3542211944,7.711696780264869,572057.970370377,149443.61614918255,450,96758667.51211001
4387,433220.9010194635,7.537224002430823,533604.1701357533,100383.26911628986,450,96859050.78122629
4388,447205.7993819683,7.2580675578963465,478078.0143245254,30872.214942557097,450,96889922.99616885
4389,442776.12481571897,6.769543779961015,388145.8951293258,-54630.22968639317,451,96835292.76648246
4390,441100.729267901,6.769543779961015,388145.8951293258,-52954.834138575185,451,96782337.93234389
4391,395506.7468016412,5.338867001721832,183682.0105914677,-211824.7362101735,451,96570513.19613372
4392,373600.14571817673,4.9899214460537396,145080.83588010108,-228519.30983807566,451,96341993.88629565
4393,340261.31766774505,4.5711867792520255,106892.23426778473,-233369.0833999603,451,96108624.80289568
4394,286354.4201793166,4.675870445952455,116439.38467086392,-169915.03550845268,451,95938709.76738723
4395,286043.57068689907,5.1294996683209755,160400.36311729247,-125643.2075696066,451,95813066.55981761
4396,336435.896276928,5.862285335223973,249856.4066518332,-86579.48962509481,451,95726487.07019252
4397,332336.8631347889,5.338867001721832,183682.0105914677,-148654.85254332118,451,95577832.21764919
4398,368210.0520878574,5.164394223887786,164280.63769632182,-203929.41439153557,451,95373902.80325766
4399,424359.0540929522,4.675870445952455,116439.38467086392,-307919.6694220883,451,95065983.13383557
4400,427544.2241245007,4.187346668017123,77013.53076768082,-350530.6933568199,451,94715452.44047874
4401,391194.7739918105,4.0477684457498855,66573.07974209143,-324621.6942497191,451,94390830.74622902
4402,400181.4447639975,4.0477684457498855,66573.07974209143,-333608.3650219061,451,94057222.38120712
4403,336203.3086704904,4.0477684457498855,66573.07974209143,-269630.228928399,451,93787592.15227872
4404,332100.4365786748,4.710765001519263,119621.76813855681,-212478.66844011802,451,93575113.4838386
4405,310309.051866494,5.513339779555879,203376.85863684304,-106932.19322965096,451,93468181.29060896
4406,294005.697051394,6.52528189099335,346328.2597380615,52322.562686667545,452,93520503.85329562
4407,301814.24918023066,7.467434891297203,519030.2647377329,217216.01555750222,452,93737719.86885312
4408,974758.4306327604,8.13043144706658,662990.6038839819,-311767.82674877846,453,93425952.04210435
4409,460799.234055564,7.711696780264869,572057.970370377,111258.73631481297,454,93537210.77841917
4410,440810.9674861816,7.572118557997631,541294.9301826778,100483.96269649622,454,93637694.74111566
4411,464202.7478863695,7.2580675578963465,478078.0143245254,13875.266438155842,454,93651570.00755382
4412,406083.5957926683,7.362751224596776,498554.1395311294,92470.5437384611,454,93744040.55129227
4413,495118.30770109454,6.804438335527826,394119.8430423639,-100998.46465873066,455,93643042.08663353
4414,407984.4183426444,6.804438335527826,394119.8430423639,-13864.575300280529,455,93629177.51133326
4415,382934.8361457188,6.978911113361872,423989.5826075525,41054.74646183371,456,93670232.2577951
4416,354781.7187460274,6.211230890892066,299377.67949566897,-55404.039250358415,457,93614828.21854474
4417,460711.3876914163,5.897179890790781,254504.36145333204,-206207.02623808428,457,93408621.19230665
4418,443788.6951715451,5.792496224090355,240560.4970488353,-203228.1981227098,457,93205392.99418394
4419,376263.269917705,5.966969001924401,263800.2710563302,-112462.9988613748,457,93092929.99532257
4420,397422.23107099655,6.350809113159303,319979.42510231317,-77442.80596868339,457,93015487.18935388
4421,375802.1660658276,5.897179890790781,254504.36145333204,-121297.80461249556,457,92894189.38474138
4422,402328.7627267226,5.932074446357591,259152.31625483112,-143176.44647189145,457,92751012.9382695
4423,329196.0891562578,6.03675811305802,273625.4974873637,-55570.59166889411,457,92695442.3466006
4424,379344.034448487,6.03675811305802,273625.4974873637,-105718.53696112329,457,92589723.80963948
4425,417532.1406102279,6.176336335325257,294227.24309400795,-123304.89751621993,457,92466418.91212326
4426,394113.8470624341,6.490387335426542,340581.1707089576,-53532.676353476534,457,92412886.2357698
4427,552956.7488481619,6.699754668827397,376197.9993032503,-176758.7495449116,457,92236127.48622487
4428,482758.4901879855,7.362751224596776,498554.1395311294,15795.649343143916,458,92251923.13556802
4429,397836.04645746015,7.990853224799343,633584.0507457752,235748.00428831507,458,92487671.13985634
4430,1234646.1124284111,8.549166113868294,749862.8958527866,-484783.21657562454,459,92002887.92328072
4431,641367.4133146604,9.421530003038528,899041.1724630716,257673.75914841122,460,92260561.68242912
4432,464499.7255558058,9.87515922540705,953468.024316078,488968.2987602723,460,92749529.98118939
4433,458982.76876282034,9.386635447471717,893723.2421946897,434740.47343186935,460,93184270.45462126
4434,443499.72658028,9.351740891904909,888405.3119263081,444905.5853460281,460,93629176.03996728
4435,522292.2593536156,9.596002780872574,921867.5147947754,399575.2554411598,460,94028751.29540844
4436,480701.0037521798,10.154315669941525,977599.6554122109,496898.65166003106,460,94525649.94706847
4437,557383.4407271226,9.561108225305764,917917.4511046124,360534.01037748985,460,94886183.95744596
4438,431318.1313021458,8.584060669435102,756437.0301215732,325118.8988194275,460,95211302.8562654
4439,436342.7261844317,8.79342800283596,795881.8357342947,359539.10954986303,460,95570841.96581526
4440,427522.01265884313,8.68874433613553,776159.4329279339,348637.42026909074,460,95919479.38608435
4441,418384.0497115584,8.618955225001912,763011.1643903602,344627.11467880185,460,96264106.50076315
4442,429383.1482596018,8.75853344726915,789307.7014655077,359924.55320590595,460,96624031.05396906
4443,401652.1398748506,9.072584447370433,845861.869779254,444209.7299044034,460,97068240.78387345
4444,345481.5383729516,9.351740891904909,888405.3119263081,542923.7735533565,460,97611164.55742681
4445,397588.6112920887,9.665791892006192,929767.642175101,532179.0308830123,460,98000000.0
4446,387290.12564679206,9.596002780872574,921867.5147947754,534577.3891479834,460,98000000.0
4447,345292.78915245575,9.351740891904909,888405.3119263081,543112.5227738523,460,98000000.0
4448,338104.5386673431,9.491319114172146,909677.0329998351,571572.494332492,460,98000000.0
4449,396606.4671797172,9.630897336439384,925817.5784849382,529211.111305221,460,98000000.0
4450,446610.1421388086,9.805370114273432,945567.8969357525,498957.75479694386,460,98000000.0
4451,484581.2168003764,9.73558100313981,937667.7695554266,453086.5527550501,460,98000000.0
4452,527183.1456279561,9.77047555870662,941617.8332455894,414434.68761763326,460,98000000.0
4453,385692.5477828093,9.561108225305764,917917.4511046124,532224.9033218031,460,98000000.0
4454,1237202.2163424382,9.561108225305764,917917.4511046124,-319284.7652378258,461,97680715.23476218
4455,675475.7547834679,9.700686447573,933717.7058652636,258241.95108179573,462,97938957.18584397
4456,473772.6893875301,10.049632003241095,970816.153810023,497043.4644224929,462,98000000.0
4457,487067.41066675045,10.852206781277713,1000000.0,512932.58933324955,462,98000000.0
4458,493428.7083801915,10.852206781277713,1000000.0,506571.2916198085,462,98000000.0
4459,495503.6695217101,10.782417670144092,1000000.0,504496.3304782899,462,98000000.0
4460,496410.9851987274,10.642839447876854,1000000.0,503589.0148012726,462,98000000.0
4461,538815.5294359113,9.944948336540667,961368.1516964036,422552.6222604923,462,98000000.0
4462,430904.18523282045,8.409587891601056,721613.4572362219,290709.2720034014,462,98000000.0
4463,452811.7079117608,7.292962113463156,484903.38939339336,32091.68148163258,462,98000000.0
4464,406881.86990634486,7.362751224596776,498554.1395311294,91672.26962478453,462,98000000.0
4465,334948.2559157135,7.711696780264869,572057.970370377,237109.71445466345,462,98000000.0
4466,348985.384589045,8.200220558200199,677646.3172220417,328660.93263299664,462,98000000.0
4467,353336.8135190924,7.8163804469652955,595130.2505111512,241793.43699205876,462,98000000.0
4468,330877.3632972595,7.397645780163584,505379.514599997,174502.15130273753,462,98000000.0
4469,326690.16121766384,7.502329446864012,525913.4100888282,199223.24887116434,462,98000000.0
4470,366587.9667045221,6.978911113361872,423989.5826075525,57401.61590303044,462,98000000.0
4471,418550.9111430613,6.629965557693778,364250.10347717477,-54300.80766588653,463,97945699.19233412
4472,388796.1020995942,6.071652668624828,278775.93388902454,-110020.16821056965,463,97835679.02412355
4473,367581.10098623385,5.618023446256307,217320.72304134,-150260.37794489384,463,97685418.64617866
4474,380344.749797426,5.373761557288642,187562.28517049697,-192782.46462692902,463,97492636.18155174
4475,365281.56248400535,5.024816001620548,148759.5393802049,-216522.02310380046,463,97276114.15844794
4476,358679.80981657264,5.199288779454595,168160.912275351,-190518.89754122164,463,97085595.26090671
4477,303350.54694037186,5.513339779555879,203376.85863684304,-99973.68830352882,463,96985621.57260318
4478,313672.8652225581,5.757601668523544,235912.5422473361,-77760.32297522199,463,96907861.24962796
4479,298507.93902301084,6.1414417797584475,289076.8066923469,-9431.132330663968,463,96898430.11729729
4480,984532.1030503904,6.874227446661443,406067.7388684391,-578464.3641819513,463,96319965.75311534
4481,443079.69198428496,7.8163804469652955,595130.2505111512,152050.5585268662,464,96472016.31164221
4482,451674.2623866868,7.8163804469652955,595130.2505111512,143455.98812446435,464,96615472.29976667
4483,429295.3643215536,7.851275002532106,602821.0105580763,173525.6462365227,464,96788997.9460032
4484,407249.1168611724,8.339798780467437,706957.7438981617,299708.62703698926,464,97088706.57304019
4485,450087.8956622777,7.467434891297203,519030.2647377329,68942.36907545518,464,97157648.94211565
4486,419444.8097471852,6.52528189099335,346328.2597380615,-73116.55000912369,465,97084532.39210653
4487,431985.43413984106,6.1414417797584475,289076.8066923469,-142908.6274474942,465,96941623.76465903
4488,350578.7834410828,5.792496224090355,240560.4970488353,-110018.28639224751,465,96831605.47826679
4489,338472.03359284013,5.443550668422261,195322.8343285554,-143149.19926428475,465,96688456.2790025
4490,309486.19701187016,5.234183335021404,172041.18685438015,-137445.01015749,465,96551011.268845
4491,310942.585461124,5.269077890588212,175921.46143340922,-135021.1240277148,465,96415990.1448173
4492,323261.994394467,5.234183335021404,172041.18685438015,-151220.80754008683,465,96264769.3372772
4493,344591.5384854127,4.501397668118408,100527.46733239877,-244064.07115301397,465,96020705.26612419
4494,344022.6168108814,4.536292223685217,103709.85080009176,-240312.76601078967,465,95780392.5001134
4495,422519.670466789,4.257135779150741,82233.75628047543,-340285.9141863136,465,95440106.58592708
4496,408049.8544237128,4.640975890385645,113257.00120317086,-294792.85322054196,465,95145313.73270655
4497,380623.2884603362,4.5711867792520255,106892.23426778473,-273731.05419255147,465,94871582.67851399
4498,395469.4050206119,5.059710557187357,152639.81395923407,-242829.5910613778,465,94628753.0874526
4499,342182.8728478464,5.164394223887786,164280.63769632182,-177902.2351515246,465,94450850.85230108
4500,340592.40682389267,6.03675811305802,273625.4974873637,-66966.90933652897,465,94383883.94296455
4501,274446.65192969894,6.350809113159303,319979.42510231317,45532.77317261422,466,94429416.71613717
4502,325052.73401340627,6.909122002228254,412041.6867814771,86988.95276807086,466,94516405.66890524
4503,308836.1372527899,7.502329446864012,525913.4100888282,217077.27283603826,466,94733482.94174129
4504,970690.6750026142,8.479377002734674,736269.1705742816,-234421.50442833256,467,94499061.43731296
4505,437432.9873694595,9.24705722520448,872451.5211211628,435018.53375170333,468,94934079.97106466
4506,465774.3891621583,9.665791892006192,929767.642175101,463993.2530129427,468,95398073.2240776
4507,452888.40738369327,9.107479002937243,851179.8000476358,398291.39266394253,468,95796364.61674154
4508,410235.2787707534,8.72363889170234,782733.5671967207,372498.28842596733,468,96168862.9051675
4509,451696.6843330157,8.79342800283596,795881.8357342947,344185.151401279,468,96513048.05656879
4510,462011.6058117637,8.863217113969577,809030.1042718684,347018.4984601047,468,96860066.55502889
4511,384101.6708823727,5.932074446357591,259152.31625483112,-124949.35462754159,469,96735117.20040135
4512,329182.88570281566,6.52528189099335,346328.2597380615,17145.374035245855,470,96752262.57443659
4513,328673.55490209215,7.572118557997631,541294.9301826778,212621.37528058566,470,96964883.94971718
4514,336504.9932853226,7.1882784467627285,464427.26418678975,127922.27090146713,470,97092806.22061865
4515,346141.9033356163,8.514271558301482,743288.7615839993,397146.858248383,470,97489953.07886703
4516,319928.86836642126,9.351740891904909,888405.3119263081,568476.4435598869,470,98000000.0
4517,307728.37603458087,8.060642335932963,648334.8905459222,340606.51451134135,470,98000000.0
4518,374582.2763064512,7.851275002532106,602821.0105580763,228238.73425162514,470,98000000.0
4519,418102.28928680846,7.990853224799343,633584.0507457752,215481.76145896676,470,98000000.0
4520,450605.3836804369,7.67680222469806,564367.2103234524,113761.82664301549,470,98000000.0
4521,412251.9439331496,7.1882784467627285,464427.26418678975,52175.32025364012,470,98000000.0
4522,395601.64091235376,7.572118557997631,541294.9301826778,145693.28927032405,470,98000000.0
4523,341383.4613395508,7.572118557997631,541294.9301826778,199911.46884312702,470,98000000.0
4524,333373.81318710704,7.921064113665725,618202.5306519258,284828.7174648188,470,98000000.0
4525,276273.4994918175,7.851275002532106,602821.0105580763,326547.5110662588,470,98000000.0
4526,278494.6406578548,7.8163804469652955,595130.2505111512,316635.60985329637,470,98000000.0
4527,281591.35483003093,7.292962113463156,484903.38939339336,203312.03456336242,470,98000000.0
4528,954042.6074374076,7.467434891297203,519030.2647377329,-435012.3426996747,471,97564987.65730032
4529,477987.980016196,7.048700224495491,437125.76391131803,-40862.21610487794,471,97524125.44119544
4530,473451.3502855211,7.2231730023295375,471252.6392556575,-2198.7110298636253,471,97521926.73016559
4531,451379.40461092646,6.978911113361872,423989.5826075525,-27389.822003373934,471,97494536.9081622
4532,436270.7369762788,6.804438335527826,394119.8430423639,-42150.89393391489,471,97452386.01422828
4533,462498.13911709073,6.769543779961015,388145.8951293258,-74352.24398776493,471,97378033.77024052
4534,391038.6845448048,6.490387335426542,340581.1707089576,-50457.5138358472,471,97327576.25640467
4535,397532.2732633285,5.792496224090355,240560.4970488353,-156971.77621449318,471,97170604.48019017
4536,330987.73751770763,6.595071002126969,358276.1555641371,27288.418046429462,472,97197892.8982366
4537,338768.3427023841,7.0835947800623,443951.13898018585,105182.79627780174,472,97303075.69451441
4538,295680.5189941238,6.909122002228254,412041.6867814771,116361.16778735333,472,97419436.86230177
4539,293657.1825812621,6.03675811305802,273625.4974873637,-20031.685093898384,473,97399405.17720787
4540,337078.40254989325,5.862285335223973,249856.4066518332,-87221.99589806003,473,97312183.18130982
4541,331937.5830734036,6.420598224292922,330280.29790563526,-1657.2851677683648,473,97310525.89614205
4542,367865.0552292605,6.03675811305802,273625.4974873637,-94239.55774189683,473,97216286.33840016
4543,394644.6704225796,5.897179890790781,254504.36145333204,-140140.3089692476,473,97076146.02943091
4544,403076.4787648785,5.897179890790781,254504.36145333204,-148572.1173115465,473,96927573.91211936
4545,399246.4867978998,6.03675811305802,273625.4974873637,-125620.98931053613,473,96801952.92280883
4546,368786.4098064555,6.1414417797584475,289076.8066923469,-79709.60311410861,473,96722243.31969471
4547,384899.9752891291,6.420598224292922,330280.29790563526,-54619.677383493865,473,96667623.64231122
4548,325033.184794804,6.978911113361872,423989.5826075525,98956.3978127485,474,96766580.04012397
4549,273238.40474511194,7.8163804469652955,595130.2505111512,321891.8457660392,474,97088471.88589
4550,314901.13398472755,8.409587891601056,721613.4572362219,406712.3232514943,474,97495184.20914151
4551,305163.00815714884,9.177268114070863,861815.6605843995,556652.6524272506,474,98000000.0
4552,945985.2319189432,9.944948336540667,961368.1516964036,15382.919777460396,474,98000000.0
4553,419702.2777071047,9.944948336540667,961368.1516964036,541665.8739892989,474,98000000.0
4554,434928.25561802107,9.526213669738956,913967.3874144498,479039.13179642876,474,98000000.0
4555,446912.0467524335,8.72363889170234,782733.5671967207,335821.5204442872,474,98000000.0
4556,476053.0915139513,9.107479002937243,851179.8000476358,375126.7085336845,474,98000000.0
4557,448859.9813537829,9.28195178077129,877769.4513895446,428909.47003576177,474,98000000.0
4558,427343.696423366,9.596002780872574,921867.5147947754,494523.8183714094,474,98000000.0
4559,362059.75414234673,8.72363889170234,782733.5671967207,420673.813054374,474,98000000.0
4560,360209.82520763326,8.549166113868294,749862.8958527866,389653.07064515335,474,98000000.0
4561,318294.6451849018,8.444482447167864,728941.3139052514,410646.66872034967,474,98000000.0
4562,325102.0960548198,8.409587891601056,721613.4572362219,396511.36118140206,474,98000000.0
4563,319885.1895958744,8.549166113868294,749862.8958527866,429977.7062569122,474,98000000.0
4564,307166.25519976165,8.304904224900628,699629.887229132,392463.63202937035,474,98000000.0
4565,331957.428517876,7.8163804469652955,595130.2505111512,263172.82199327514,474,98000000.0
4566,373304.860686401,8.060642335932963,648334.8905459222,275030.0298595212,474,98000000.0
4567,426776.6613560476,8.16532600263339,670318.4605530121,243541.79919696448,474,98000000.0
4568,404285.59357972414,8.304904224900628,699629.887229132,295344.29364940786,474,98000000.0
4569,330758.23901004845,8.409587891601056,721613.4572362219,390855.2182261734,474,98000000.0
4570,405510.556780327,8.72363889170234,782733.5671967207,377223.01041639375,474,98000000.0
4571,386058.3131062456,8.618955225001912,763011.1643903602,376952.85128411464,474,98000000.0
4572,340293.1834609375,9.142373558504051,856497.7303160174,516204.5468550799,474,98000000.0
4573,291416.27782381244,9.28195178077129,877769.4513895446,586353.1735657322,474,98000000.0
4574,294117.10836434434,9.526213669738956,913967.3874144498,619850.2790501055,474,98000000.0
4575,275698.9935325635,9.944948336540667,961368.1516964036,685669.1581638402,474,98000000.0
4576,922859.0933501484,10.39857755890919,993427.8258173156,70568.7324671672,474,98000000.0
4577,436087.3293510987,10.258999336641951,984383.1570143984,548295.8276632996,474,98000000.0
4578,451613.7290646244,10.503261225609617,1000000.0,548386.2709353756,474,98000000.0
4579,432545.2604591095,9.979842892107477,965318.2153865664,532772.9549274568,474,98000000.0
4580,445473.9600857176,8.933006225103197,822178.3728094423,376704.41272372473,474,98000000.0
4581,461395.77477829135,8.967900780670005,828752.507078229,367356.73229993763,474,98000000.0
4582,401562.8526175801,9.21216266963767,867133.5908527811,465570.738235201,474,98000000.0
4583,381883.1802886106,8.374693336034246,714285.6005671917,332402.42027858115,474,98000000.0
4584,369609.7818394011,8.653849780568722,769585.2986591471,399975.516819746,474,98000000.0
4585,461270.51517777104,8.79342800283596,795881.8357342947,334611.3205565237,474,98000000.0
4586,419838.28931191424,8.549166113868294,749862.8958527866,330024.60654087237,474,98000000.0
4587,366952.36639429216,9.456424558605336,904359.1027314533,537406.7363371612,474,98000000.0
4588,374513.547116802,9.24705722520448,872451.5211211628,497937.9740043608,474,98000000.0
4589,429844.93105952186,8.549166113868294,749862.8958527866,320017.96479326475,474,98000000.0
4590,380798.68700019707,8.514271558301482,743288.7615839993,362490.0745838022,474,98000000.0
4591,336358.95217846,8.967900780670005,828752.507078229,492393.55489976896,474,98000000.0
4592,366796.7820509557,8.653849780568722,769585.2986591471,402788.5166081914,474,98000000.0
4593,430133.6336741877,8.095536891499771,655662.7472149519,225529.1135407642,474,98000000.0
4594,403003.4801284695,8.444482447167864,728941.3139052514,325937.8337767819,474,98000000.0
4595,492556.94198333897,9.386635447471717,893723.2421946897,401166.3002113507,474,98000000.0
4596,444535.9439885696,9.84026466984024,949517.9606259152,504982.0166373456,474,98000000.0
4597,400591.11947465246,9.87515922540705,953468.024316078,552876.9048414256,474,98000000.0
4598,1234036.4223384524,10.084526558807905,973077.3210107522,-260959.1013277002,475,97739040.8986723
4599,565618.6321967732,10.39857755890919,993427.8258173156,427809.1936205424,476,98000000.0
4600,439510.50524965365,10.677734003443664,1000000.0,560489.4947503463,476,98000000.0
4601,438173.9656027769,10.014737447674285,968554.9866092937,530381.0210065169,476,98000000.0
4602,499794.93401435495,10.29389389220876,986644.3242151276,486849.3902007727,476,98000000.0
4603,517236.0225953356,9.77047555870662,941617.8332455894,424381.8106502538,476,98000000.0
4604,537283.2386233592,8.828322558402768,802455.9700030814,265172.7313797221,476,98000000.0
4605,552203.6621626475,8.618955225001912,763011.1643903602,210807.50222771277,476,98000000.0
4606,433526.8380000192,8.653849780568722,769585.2986591471,336058.4606591279,476,98000000.0
4607,448848.99700492015,8.863217113969577,809030.1042718684,360181.1072669482,476,98000000.0
4608,415048.00521288346,10.049632003241095,970816.153810023,555768.1485971395,476,98000000.0
4609,499558.3869388595,10.36368300334238,991166.6586165862,491608.27167772676,476,98000000.0
4610,456561.6005013487,9.84026466984024,949517.9606259152,492956.36012456653,476,98000000.0
4611,381014.879841814,9.561108225305764,917917.4511046124,536902.5712627985,476,98000000.0
4612,377025.4179791682,9.700686447573,933717.7058652636,556692.2878860955,476,98000000.0
4613,384701.5931374993,9.28195178077129,877769.4513895446,493067.85825204535,476,98000000.0
4614,412667.529670302,9.316846336338099,883087.3816579262,470419.85198762425,476,98000000.0
4615,355072.6735246213,8.967900780670005,828752.507078229,473679.8335536077,476,98000000.0
4616,354769.8039580345,9.491319114172146,909677.0329998351,554907.2290418006,476,98000000.0
4617,418503.776430507,10.119421114374713,975338.4882114815,556834.7117809744,476,98000000.0
4618,425850.9969043972,10.224104781075143,982121.9898136694,556270.9929092722,476,98000000.0
4619,557402.0091337343,10.468366670042808,997950.160218774,440548.1510850397,476,98000000.0
4620,511457.7455953213,10.642839447876854,1000000.0,488542.2544046787,476,98000000.0
4621,370625.5755584508,10.607944892310044,1000000.0,629374.4244415492,476,98000000.0
4622,1218435.2877854302,10.468366670042808,997950.160218774,-220485.1275666562,477,97779514.87243335
4623,677520.2844249111,10.433472114475999,995688.9930180447,318168.7085931336,478,98000000.0
4624,487453.0524379551,10.29389389220876,986644.3242151276,499191.2717771725,478,98000000.0
4625,485583.6250401077,9.979842892107477,965318.2153865664,479734.59034645866,478,98000000.0
4626,474631.1142019735,9.87515922540705,953468.024316078,478836.91011410457,478,98000000.0
4627,551396.3839076463,9.665791892006192,929767.642175101,378371.2582674547,478,98000000.0
4628,512650.58173366153,9.73558100313981,937667.7695554266,425017.187821765,478,98000000.0
4629,537590.604981949,9.526213669738956,913967.3874144498,376376.78243250086,478,98000000.0
4630,487498.0357333276,9.596002780872574,921867.5147947754,434369.4790614478,478,98000000.0
4631,437607.3147359286,9.73558100313981,937667.7695554266,500060.45481949794,478,98000000.0
4632,441027.7021244164,10.014737447674285,968554.9866092937,527527.2844848773,478,98000000.0
4633,308806.8728161954,11.096468670245377,1000000.0,691193.1271838045,478,98000000.0
4634,321490.0855573855,10.852206781277713,1000000.0,678509.9144426144,478,98000000.0
4635,322020.71569050255,11.44541422591347,1000000.0,677979.2843094975,478,98000000.0
4636,309682.7337752352,10.29389389220876,986644.3242151276,676961.5904398924,478,98000000.0
4637,320242.86297075445,11.096468670245377,1000000.0,679757.1370292455,478,98000000.0
4638,356409.5809166637,11.37562511477985,1000000.0,643590.4190833364,478,98000000.0
4639,426198.40754133626,11.270941448079421,1000000.0,573801.5924586637,478,98000000.0
4640,407155.44416984107,11.96883255941561,1000000.0,592844.555830159,478,98000000.0
4641,389883.95788540976,11.270941448079421,1000000.0,610116.0421145903,478,98000000.0
4642,369897.6960013848,10.503261225609617,1000000.0,630102.3039986151,478,98000000.0
4643,358379.5815543104,9.700686447573,933717.7058652636,575338.1243109532,478,98000000.0
4644,347424.88397443027,9.73558100313981,937667.7695554266,590242.8855809963,478,98000000.0
4645,284113.1714603278,10.119421114374713,975338.4882114815,691225.3167511537,478,98000000.0
4646,297289.4657269203,10.573050336743236,1000000.0,702710.5342730797,478,98000000.0
4647,314206.01898994733,11.201152336945805,1000000.0,685793.9810100526,478,98000000.0
4648,1052070.984218929,12.07351622611604,1000000.0,-52070.98421892896,479,97947929.01578107
4649,430112.6924906787,11.550097892613897,1000000.0,569887.3075093213,480,98000000.0
4650,471203.7662256938,10.95689044797814,1000000.0,528796.2337743063,480,98000000.0
4651,430516.1163040289,10.747523114577284,1000000.0,569483.8836959711,480,98000000.0
4652,441867.4147869488,10.642839447876854,1000000.0,558132.5852130512,480,98000000.0
4653,467019.1372021071,10.468366670042808,997950.160218774,530931.0230166669,480,98000000.0
4654,444842.30312845326,10.747523114577284,1000000.0,555157.6968715468,480,98000000.0
4655,406861.3537995274,8.653849780568722,769585.2986591471,362723.9448596197,480,98000000.0
4656,391621.8743180308,9.386635447471717,893723.2421946897,502101.3678766589,480,98000000.0
4657,328528.8075732992,9.491319114172146,909677.0329998351,581148.2254265358,480,98000000.0
4658,330546.7817584722,9.700686447573,933717.7058652636,603170.9241067914,480,98000000.0
4659,313934.0666805204,9.561108225305764,917917.4511046124,603983.384424092,480,98000000.0
4660,328493.3755848311,9.491319114172146,909677.0329998351,581183.657415004,480,98000000.0
4661,294731.9669915592,9.805370114273432,945567.8969357525,650835.9299441932,480,98000000.0
4662,368626.6356378717,9.84026466984024,949517.9606259152,580891.3249880435,480,98000000.0
4663,401271.9315877864,9.84026466984024,949517.9606259152,548246.0290381288,480,98000000.0
4664,424154.3102995936,9.84026466984024,949517.9606259152,525363.6503263216,480,98000000.0
4665,379395.9231866918,10.538155781176425,1000000.0,620604.0768133082,480,98000000.0
4666,377396.991616622,10.642839447876854,1000000.0,622603.0083833779,480,98000000.0
4667,341430.2244293647,9.665791892006192,929767.642175101,588337.4177457362,480,98000000.0
4668,304136.476005981,9.87515922540705,953468.024316078,649331.5483100971,480,98000000.0
4669,287619.5492531059,10.154315669941525,977599.6554122109,689980.106159105,480,98000000.0
4670,298041.1653982082,10.503261225609617,1000000.0,701958.8346017918,480,98000000.0
4671,297414.4179148861,10.712628559010474,1000000.0,702585.582085114,480,98000000.0
4672,1010241.2737233504,10.642839447876854,1000000.0,-10241.273723350372,481,97989758.72627665
4673,385755.44595196616,10.677734003443664,1000000.0,614244.5540480339,482,98000000.0
4674,437035.4182800322,11.201152336945805,1000000.0,562964.5817199678,482,98000000.0
4675,448841.0443940109,11.201152336945805,1000000.0,551158.9556059891,482,98000000.0
4676,460365.8064244132,10.782417670144092,1000000.0,539634.1935755868,482,98000000.0
4677,458129.442644978,10.852206781277713,1000000.0,541870.557355022,482,98000000.0
4678,450506.79018392274,11.410519670346659,1000000.0,549493.2098160773,482,98000000.0
4679,374919.91034813854,10.049632003241095,970816.153810023,595896.2434618844,482,98000000.0
4680,337118.5579404607,9.910053780973858,957418.0880062408,620299.53006578,482,98000000.0
4681,329445.0864023953,8.967900780670005,828752.507078229,499307.4206758337,482,98000000.0
4682,317821.30849036697,8.898111669536387,815604.2385406554,497782.9300502884,482,98000000.0
4683,322309.3572666439,9.421530003038528,899041.1724630716,576731.8151964277,482,98000000.0
4684,323138.3428440648,9.596002780872574,921867.5147947754,598729.1719507106,482,98000000.0
4685,323624.09550831845,10.29389389220876,986644.3242151276,663020.2287068092,482,98000000.0
4686,370709.3774118445,11.026679559111757,1000000.0,629290.6225881556,482,98000000.0
4687,416841.73006348615,10.991785003544948,1000000.0,583158.2699365139,482,98000000.0
4688,433105.97847038833,10.95689044797814,1000000.0,566894.0215296117,482,98000000.0
4689,345083.558173799,11.654781559314326,1000000.0,654916.441826201,482,98000000.0
4690,387540.8573558944,12.003727114982418,1000000.0,612459.1426441056,482,98000000.0
4691,336506.1019017112,12.03862167054923,1000000.0,663493.8980982888,482,98000000.0
4692,373221.44850113406,12.003727114982418,1000000.0,626778.5514988659,482,98000000.0
4693,279679.71319201594,12.003727114982418,1000000.0,720320.2868079841,482,98000000.0
4694,304353.4178066908,12.07351622611604,1000000.0,695646.5821933092,482,98000000.0
4695,317834.48912457767,11.96883255941561,1000000.0,682165.5108754223,482,98000000.0
4696,918466.147777156,12.317778115083703,1000000.0,81533.85222284403,482,98000000.0
4697,450692.9032319549,11.340730559213043,1000000.0,549307.0967680451,482,98000000.0
4698,432563.8565791483,11.44541422591347,1000000.0,567436.1434208517,482,98000000.0
4699,447273.90650335245,11.410519670346659,1000000.0,552726.0934966475,482,98000000.0
4700,424090.7595857934,11.480308781480279,1000000.0,575909.2404142066,482,98000000.0
4701,462069.4878031894,11.759465226014752,1000000.0,537930.5121968107,482,98000000.0
4702,438175.63425223104,11.759465226014752,1000000.0,561824.3657477689,482,98000000.0
4703,389449.5575019993,11.340730559213043,1000000.0,610550.4424980007,482,98000000.0
4704,329133.15884070005,11.515203337047089,1000000.0,670866.8411593,482,98000000.0
4705,319165.8090723836,11.236046892512613,1000000.0,680834.1909276163,482,98000000.0
4706,319840.0637330978,11.026679559111757,1000000.0,680159.9362669021,482,98000000.0
4707,350098.2117832651,11.166257781378995,1000000.0,649901.7882167349,482,98000000.0
4708,314311.30514377484,10.538155781176425,1000000.0,685688.6948562252,482,98000000.0
4709,332912.8835175303,9.979842892107477,965318.2153865664,632405.3318690361,482,98000000.0
4710,352315.70982746105,10.538155781176425,1000000.0,647684.290172539,482,98000000.0
4711,389043.4833743861,10.747523114577284,1000000.0,610956.5166256139,482,98000000.0
4712,439362.15143551753,10.712628559010474,1000000.0,560637.8485644825,482,98000000.0
4713,367632.7400038743,10.538155781176425,1000000.0,632367.2599961257,482,98000000.0
4714,363733.4209812958,10.817312225710902,1000000.0,636266.5790187041,482,98000000.0
4715,356688.27100650256,10.607944892310044,1000000.0,643311.7289934974,482,98000000.0
4716,339540.75411267264,10.852206781277713,1000000.0,660459.2458873274,482,98000000.0
4717,291760.09571159293,11.305836003646233,1000000.0,708239.9042884071,482,98000000.0
4718,294701.86047064414,11.37562511477985,1000000.0,705298.1395293558,482,98000000.0
4719,286162.92008094053,11.201152336945805,1000000.0,713837.0799190595,482,98000000.0
4720,861892.7585452443,11.026679559111757,1000000.0,138107.24145475565,482,98000000.0
4721,399590.1221974369,9.700686447573,933717.7058652636,534127.5836678266,482,98000000.0
4722,449041.18327075295,9.386635447471717,893723.2421946897,444682.05892393674,482,98000000.0
4723,425175.2614001596,8.653849780568722,769585.2986591471,344410.0372589875,482,98000000.0
4724,406248.5631244168,7.921064113665725,618202.5306519258,211953.96752750903,482,98000000.0
4725,423377.4634773677,7.607013113564441,548985.6902296027,125608.22675223503,482,98000000.0
4726,420303.2320179162,7.921064113665725,618202.5306519258,197899.2986340096,482,98000000.0
4727,393617.8702229617,8.200220558200199,677646.3172220417,284028.44699907996,482,98000000.0
4728,357749.51617909,8.479377002734674,736269.1705742816,378519.6543951916,482,98000000.0
4729,337640.52682437137,8.653849780568722,769585.2986591471,431944.77183477575,482,98000000.0
4730,304200.7130030627,8.479377002734674,736269.1705742816,432068.4575712189,482,98000000.0
4731,340363.75474172755,8.618955225001912,763011.1643903602,422647.4096486327,482,98000000.0
4732,308968.7748246097,8.933006225103197,822178.3728094423,513209.59798483265,482,98000000.0
4733,335668.0744256657,9.072584447370433,845861.869779254,510193.79535358824,482,98000000.0
4734,372145.76628261735,8.72363889170234,782733.5671967207,410587.8009141034,482,98000000.0
4735,411782.7220303663,8.549166113868294,749862.8958527866,338080.1738224203,482,98000000.0
4736,412852.7976526082,9.28195178077129,877769.4513895446,464916.65373693645,482,98000000.0
4737,365474.20124804863,9.28195178077129,877769.4513895446,512295.250141496,482,98000000.0
4738,387367.0175815675,9.037689891803623,840543.9395108721,453176.9219293046,482,98000000.0
4739,381080.8357254001,7.955958669232534,625893.2906988506,244812.45497345057,482,98000000.0
4740,350637.47570329293,8.270009669333819,692302.030560102,341664.55485680903,482,98000000.0
4741,288275.2515459829,8.584060669435102,756437.0301215732,468161.77857559035,482,98000000.0
4742,295268.0743961,9.107479002937243,851179.8000476358,555911.7256515358,482,98000000.0
4743,339251.95789102785,9.805370114273432,945567.8969357525,606315.9390447247,482,98000000.0
4744,983141.2013471674,10.224104781075143,982121.9898136694,-1019.211533498019,483,97998980.7884665
4745,436075.48775971367,9.456424558605336,904359.1027314533,468283.6149717396,484,98000000.0
4746,439370.50696654496,9.28195178077129,877769.4513895446,438398.9444229997,484,98000000.0
4747,439653.9793218293,8.967900780670005,828752.507078229,389098.5277563997,484,98000000.0
4748,475124.2942308898,8.72363889170234,782733.5671967207,307609.2729658309,484,98000000.0
4749,450403.5977714949,8.863217113969577,809030.1042718684,358626.5065003735,484,98000000.0
4750,426281.19169312,8.68874433613553,776159.4329279339,349878.2412348139,484,98000000.0
4751,407848.4330232032,7.641907669131249,556676.4502765272,148828.01725332398,484,98000000.0
4752,341989.7668553413,7.711696780264869,572057.970370377,230068.20351503562,484,98000000.0
4753,425391.28554627526,7.851275002532106,602821.0105580763,177429.72501180106,484,98000000.0
4754,516883.6218145967,7.955958669232534,625893.2906988506,109009.66888425394,484,98000000.0
4755,368755.97162734834,8.16532600263339,670318.4605530121,301562.48892566375,484,98000000.0
4756,341143.4638494193,8.444482447167864,728941.3139052514,387797.8500558321,484,98000000.0
4757,418922.99756261753,8.444482447167864,728941.3139052514,310018.3163426339,484,98000000.0
4758,416369.8815596535,8.339798780467437,706957.7438981617,290587.8623385082,484,98000000.0
4759,356298.76776614145,8.060642335932963,648334.8905459222,292036.12277978077,484,98000000.0
4760,356761.8140127837,8.967900780670005,828752.507078229,471990.6930654453,484,98000000.0
4761,417462.8076475922,9.700686447573,933717.7058652636,516254.8982176714,484,98000000.0
4762,461388.0121902457,10.084526558807905,973077.3210107522,511689.30882050656,484,98000000.0
4763,512943.3638637653,9.526213669738956,913967.3874144498,401024.0235506845,484,98000000.0
4764,525106.0054150337,9.87515922540705,953468.024316078,428362.0189010444,484,98000000.0
4765,383283.02499091154,10.014737447674285,968554.9866092937,585271.9616183823,484,98000000.0
4766,1267019.224281498,10.39857755890919,993427.8258173156,-273591.3984641824,485,97726408.60153581
4767,661809.7615979962,11.410519670346659,1000000.0,338190.2384020038,486,98000000.0
4768,455703.9752469012,11.58499244818071,1000000.0,544296.0247530988,486,98000000.0
4769,481061.72414733673,10.119421114374713,975338.4882114815,494276.76406414475,486,98000000.0
4770,467923.0207158307,9.944948336540667,961368.1516964036,493445.13098057295,486,98000000.0
4771,514207.0417588386,9.630897336439384,925817.5784849382,411610.5367260997,486,98000000.0
4772,560970.8854131214,9.316846336338099,883087.3816579262,322116.4962448048,486,98000000.0
4773,531683.7035405551,9.456424558605336,904359.1027314533,372675.39919089817,486,98000000.0
4774,457268.3924253214,9.177268114070863,861815.6605843995,404547.2681590781,486,98000000.0
4775,428369.0215942367,8.374693336034246,714285.6005671917,285916.578972955,486,98000000.0
4776,425613.690654496,8.270009669333819,692302.030560102,266688.33990560594,486,98000000.0
4777,459222.5741468882,7.851275002532106,602821.0105580763,143598.4364111881,486,98000000.0
4778,412792.4692997,8.339798780467437,706957.7438981617,294165.2745984617,486,98000000.0
4779,367573.3262911801,8.898111669536387,815604.2385406554,448030.91224947525,486,98000000.0
4780,405006.8729658642,8.72363889170234,782733.5671967207,377726.69423085655,486,98000000.0
4781,405681.9545220885,9.072584447370433,845861.869779254,440179.91525716544,486,98000000.0
4782,385114.6327050262,9.002795336236815,835226.0092424906,450111.37653746444,486,98000000.0
4783,368330.62446201855,9.316846336338099,883087.3816579262,514756.7571959077,486,98000000.0
4784,370565.0943950222,9.386635447471717,893723.2421946897,523158.1477996675,486,98000000.0
4785,376970.4626027176,9.421530003038528,899041.1724630716,522070.709860354,486,98000000.0
4786,464608.9776884414,9.73558100313981,937667.7695554266,473058.79186698515,486,98000000.0
4787,546175.3450391605,8.304904224900628,699629.887229132,153454.54218997154,486,98000000.0
4788,454128.1284222974,8.200220558200199,677646.3172220417,223518.18879974424,486,98000000.0
4789,382735.486348856,8.479377002734674,736269.1705742816,353533.6842254256,486,98000000.0
4790,1227992.036357707,9.037689891803623,840543.9395108721,-387448.096846835,487,97612551.90315317
4791,681349.5594093432,9.665791892006192,929767.642175101,248418.0827657578,488,97860969.98591892
4792,441467.65765647247,10.119421114374713,975338.4882114815,533870.830555009,488,98000000.0
4793,466845.1747326804,9.21216266963767,867133.5908527811,400288.4161201007,488,98000000.0
4794,487809.3441625452,9.142373558504051,856497.7303160174,368688.3861534722,488,98000000.0
4795,499452.2216723963,8.72363889170234,782733.5671967207,283281.34552432445,488,98000000.0
4796,504807.1309197632,8.095536891499771,655662.7472149519,150855.61629518872,488,98000000.0
4797,491785.9250989498,7.572118557997631,541294.9301826778,49509.005083728,488,98000000.0
4798,464026.8779500797,7.641907669131249,556676.4502765272,92649.57232644752,488,98000000.0
4799,465121.4453786618,6.734649224394207,382171.9472162883,-82949.4981623735,489,97917050.50183763
4800,461966.2499304906,6.769543779961015,388145.8951293258,-73820.35480116482,489,97843230.14703646
4801,340565.4992564572,6.909122002228254,412041.6867814771,71476.18752501992,490,97914706.33456148
4802,346022.7335378203,6.839332891094635,400093.79095540155,54071.057417581265,490,97968777.39197907
4803,293776.6250388829,7.048700224495491,437125.76391131803,143349.13887243514,490,98000000.0
4804,306572.7615545238,6.734649224394207,382171.9472162883,75599.18566176452,490,98000000.0
4805,340824.01997666,7.153383891195919,457601.8891179217,116777.86914126168,490,98000000.0
4806,381544.1803649289,7.467434891297203,519030.2647377329,137486.08437280398,490,98000000.0
4807,370501.530068753,7.572118557997631,541294.9301826778,170793.4001139248,490,98000000.0
4808,410115.86177171726,7.1882784467627285,464427.26418678975,54311.40241507249,490,98000000.0
4809,364743.8344069888,6.699754668827397,376197.9993032503,11454.16489626147,490,98000000.0
4810,384522.3829031048,6.315914557592494,314828.98870065215,-69693.39420245268,491,97930306.60579754
4811,334982.25943556905,4.152452112450315,74403.41801128357,-260578.8414242855,491,97669727.76437326
4812,344997.213687899,4.152452112450315,74403.41801128357,-270593.79567661544,491,97399133.96869664
4813,257718.64757913828,4.780554112652882,125986.53507394284,-131732.11250519543,491,97267401.85619144
4814,303465.60100522,6.176336335325257,294227.24309400795,-9238.357911212079,491,97258163.49828023
4815,273709.91782411933,6.699754668827397,376197.9993032503,102488.08147913095,492,97360651.57975936
4816,924752.224764939,8.270009669333819,692302.030560102,-232450.19420483708,493,97128201.38555452
4817,494098.8646399959,9.316846336338099,883087.3816579262,388988.51701793034,494,97517189.90257245
4818,440212.5932352521,9.491319114172146,909677.0329998351,469464.439764583,494,97986654.34233704
4819,480318.76215265854,9.107479002937243,851179.8000476358,370861.03789497726,494,98000000.0
4820,463070.2825815459,8.270009669333819,692302.030560102,229231.7479785561,494,98000000.0
4821,436134.2991379323,7.990853224799343,633584.0507457752,197449.75160784292,494,98000000.0
4822,419435.8459802311,7.432540335730394,512204.889668865,92769.04368863389,494,98000000.0
4823,395939.393208232,5.897179890790781,254504.36145333204,-141435.03175489997,495,97858564.9682451
4824,362426.9149549666,6.2461254464588745,304528.1158973299,-57898.7990576367,495,97800666.16918747
4825,308884.22374181275,6.56017644656016,352302.20765109936,43417.98390928662,496,97844084.15309677
4826,326246.80381963035,6.315914557592494,314828.98870065215,-11417.815118978207,497,97832666.33797778
4827,304827.52787684044,6.176336335325257,294227.24309400795,-10600.284782832488,497,97822066.05319495
4828,327229.4305057043,6.03675811305802,273625.4974873637,-53603.93301834061,497,97768462.12017661
4829,340466.5524487619,6.839332891094635,400093.79095540155,59627.23850663967,498,97828089.35868326
4830,381880.3677316221,6.6648601132605885,370224.0513902128,-11656.316341409285,499,97816433.04234184
4831,381082.83580164,6.420598224292922,330280.29790563526,-50802.53789600474,499,97765630.50444584
4832,380738.24989373086,6.176336335325257,294227.24309400795,-86511.0067997229,499,97679119.49764611
4833,365333.9577127126,6.490387335426542,340581.1707089576,-24752.787003754987,499,97654366.71064235
4834,376534.7109732325,7.048700224495491,437125.76391131803,60591.052938085515,500,97714957.76358044
4835,380533.7010546367,7.292962113463156,484903.38939339336,104369.68833875668,500,97819327.4519192
4836,381490.52070308966,7.746591335831678,579748.7304173018,198258.2097142121,500,98000000.0
4837,279440.20804145536,8.68874433613553,776159.4329279339,496719.2248864785,500,98000000.0
4838,330501.5707641071,9.177268114070863,861815.6605843995,531314.0898202923,500,98000000.0
4839,291342.88593080634,9.73558100313981,937667.7695554266,646324.8836246203,500,98000000.0
4840,1009748.8302210273,10.119421114374713,975338.4882114815,-34410.34200954577,501,97965589.65799046
4841,424164.9681195556,9.87515922540705,953468.024316078,529303.0561965224,502,98000000.0
4842,453405.1246436896,9.491319114172146,909677.0329998351,456271.9083561455,502,98000000.0
4843,443554.5331131699,8.79342800283596,795881.8357342947,352327.30262112484,502,98000000.0
4844,468267.77456704935,8.200220558200199,677646.3172220417,209378.5426549923,502,98000000.0
4845,458481.6273530019,7.851275002532106,602821.0105580763,144339.3832050744,502,98000000.0
4846,420384.13206539873,7.607013113564441,548985.6902296027,128601.558164204,502,98000000.0
4847,386837.9555648767,6.03675811305802,273625.4974873637,-113212.45807751303,503,97886787.54192248
4848,359055.94123080885,6.52528189099335,346328.2597380615,-12727.681492747332,503,97874059.86042973
4849,313992.6440518481,6.909122002228254,412041.6867814771,98049.04272962903,504,97972108.90315937
4850,358451.8849206486,7.2580675578963465,478078.0143245254,119626.12940387678,504,98000000.0
4851,325541.4855600014,7.432540335730394,512204.889668865,186663.40410886361,504,98000000.0
4852,356444.1003065602,7.467434891297203,519030.2647377329,162586.16443117266,504,98000000.0
4853,343913.93536520464,6.6648601132605885,370224.0513902128,26310.116025008145,504,98000000.0
4854,333983.59499335446,7.153383891195919,457601.8891179217,123618.29412456724,504,98000000.0
4855,407272.3594940696,6.6648601132605885,370224.0513902128,-37048.308103856805,505,97962951.69189614
4856,406381.6200571911,6.769543779961015,388145.8951293258,-18235.724927865318,505,97944715.96696827
4857,375022.76677621336,7.048700224495491,437125.76391131803,62102.99713510467,506,98000000.0
4858,370799.1084961928,6.909122002228254,412041.6867814771,41242.57828528434,506,98000000.0
4859,375183.8623458335,6.944016557795062,418015.6346945147,42831.772348681174,506,98000000.0
4860,341980.1840869668,7.362751224596776,498554.1395311294,156573.9554441626,506,98000000.0
4861,302937.7164537024,7.67680222469806,564367.2103234524,261429.49386974995,506,98000000.0
4862,289846.5283091848,8.200220558200199,677646.3172220417,387799.78891285683,506,98000000.0
4863,320017.051694238,8.339798780467437,706957.7438981617,386940.6922039237,506,98000000.0
4864,913602.4849674248,8.16532600263339,670318.4605530121,-243284.02441441268,507,97756715.97558558
4865,428260.1145214327,6.978911113361872,423989.5826075525,-4270.531913880201,507,97752445.4436717
4866,460221.84912557545,6.769543779961015,388145.8951293258,-72075.95399624965,507,97680369.48967545
4867,428203.0315592547,6.176336335325257,294227.24309400795,-133975.78846524673,507,97546393.7012102
4868,457391.01045899006,6.281020002025685,309678.5522989911,-147712.45815999893,507,97398681.2430502
4869,445657.7884875024,5.269077890588212,175921.46143340922,-269736.3270540931,507,97128944.9159961
4870,417394.8014790844,5.443550668422261,195322.8343285554,-222071.96715052903,507,96906872.94884558
4871,330566.7,4.9899214460537396,145080.83588010108,-185485.86411989894,507,96721387.08472568
4872,366834.8818728462,5.164394223887786,164280.63769632182,-202554.2441765244,507,96518832.84054916
4873,314847.2770452834,4.9899214460537396,145080.83588010108,-169766.44116518233,507,96349066.39938398
4874,299554.5439230039,5.164394223887786,164280.63769632182,-135273.90622668207,507,96213792.4931573
4875,344238.9777176271,5.827390779657163,245208.45185033412,-99030.52586729295,507,96114761.96729
4876,331054.0264268104,6.001863557491209,268475.0610857024,-62578.965341108036,507,96052183.0019489
4877,327373.59701347334,5.269077890588212,175921.46143340922,-151452.13558006412,507,95900730.86636883
4878,340825.60051645094,4.675870445952455,116439.38467086392,-224386.21584558702,507,95676344.65052325
4879,454311.3815380089,4.0128738901830765,63962.966985694125,-390348.4145523148,507,95285996.23597093
4880,389566.6581804823,4.0128738901830765,63962.966985694125,-325603.69119478815,507,94960392.54477614
4881,381609.5096144358,3.698822890081792,45290.78593680938,-336318.7236776264,507,94624073.82109852
4882,396736.158848569,3.6290337789481733,41187.18620215259,-355548.9726464164,507,94268524.8484521
4883,344962.9622697724,3.035826334312414,13176.358709746211,-331786.6035600262,507,93936738.24489208
4884,322886.6266767957,3.3847718899805077,28529.963159142342,-294356.66351765336,507,93642381.58137442
4885,286136.20122370915,1.1515203337047089,0.0,-286136.20122370915,507,93356245.3801507
4886,308770.89184082235,1.4306767782391838,0.0,-308770.89184082235,507,93047474.48830989
4887,290155.09202735533,3.9430847790494576,59653.38500810811,-230501.70701924723,507,92816972.78129064
4888,949622.0450026405,4.152452112450315,74403.41801128357,-875218.6269913568,507,91941754.15429927
4889,383467.4502196388,2.337935222976227,0.0,-383467.4502196388,507,91558286.70407963
4890,462985.3283855886,2.3030406674094177,0.0,-462985.3283855886,507,91095301.37569404
4891,422175.5297834063,2.512408000810274,287.86561879835267,-421887.66416460794,507,90673413.71152943
4892,442876.5822032787,2.791564445344749,6764.295131998172,-436112.28707128053,507,90237301.42445815
4893,464462.9640900242,2.582197111943893,1906.9729970983203,-462555.99109292583,507,89774745.43336523
4894,390605.7275030658,2.791564445344749,6764.295131998172,-383841.4323710676,507,89390904.00099416
4895,412424.6031132613,1.256204000405137,0.0,-412424.6031132613,507,88978479.3978809
4896,348280.6663055032,0.9072584447370433,0.0,-348280.6663055032,507,88630198.7315754
4897,347149.77060816623,0.45362922236852166,0.0,-347149.77060816623,507,88283048.96096723
4898,339895.6142964593,0.45362922236852166,0.0,-339895.6142964593,507,87943153.34667076
4899,332870.6673867212,1.5004658893728022,0.0,-332870.6673867212,507,87610282.67928404
4900,345297.1028192839,2.651986223077511,3526.0803753982573,-341771.0224438856,507,87268511.65684015
4901,325082.0852745782,3.5243501122477454,35031.78660016743,-290050.2986744108,507,86978461.35816574
4902,355340.11371486884,2.512408000810274,287.86561879835267,-355052.2480960705,507,86623409.11006968
4903,407639.7310500946,3.28008822328008,23923.881824323515,-383715.8492257711,507,86239693.2608439
4904,437184.9424126234,3.28008822328008,23923.881824323515,-413261.0605882999,507,85826432.2002556
4905,389777.47177436174,3.314982778846889,25459.242269263108,-364318.22950509866,507,85462113.97075051
4906,390270.9893411521,5.0946051127541665,156520.0885382633,-233750.90080288876,507,85228363.06994762
4907,354532.89505324373,9.456424558605336,904359.1027314533,549826.2076782095,508,85778189.27762583
4908,370658.4880078491,8.68874433613553,776159.4329279339,405500.9449200848,508,86183690.2225459
4909,268573.2902229139,8.68874433613553,776159.4329279339,507586.14270501997,508,86691276.36525093
4910,312425.9471648956,8.339798780467437,706957.7438981617,394531.7967332661,508,87085808.16198419
4911,279396.55837853753,7.1882784467627285,464427.26418678975,185030.7058082522,508,87270838.86779244
4912,922044.6459725972,6.176336335325257,294227.24309400795,-627817.4028785892,509,86643021.46491386
4913,448685.0866026283,6.03675811305802,273625.4974873637,-175059.5891152646,509,86467961.8757986
4914,443255.307034613,6.176336335325257,294227.24309400795,-149028.06394060503,509,86318933.811858
4915,436287.9729086013,5.548234335122689,208024.8134383421,-228263.15947025918,509,86090670.65238774
4916,448977.15626837534,5.269077890588212,175921.46143340922,-273055.6948349661,509,85817614.95755278
4917,438752.3156693623,5.373761557288642,187562.28517049697,-251190.03049886535,509,85566424.92705391
4918,429679.9712334721,5.443550668422261,195322.8343285554,-234357.13690491673,509,85332067.790149
4919,374228.8627443018,2.686880778644321,4335.634064548246,-369893.22867975355,509,84962174.56146926
4920,363911.3188816724,3.28008822328008,23923.881824323515,-339987.4370573489,509,84622187.12441191
4921,521252.0210718789,3.977979334616267,61705.1848754365,-459546.8361964424,509,84162640.28821547
4922,491175.2846413966,4.675870445952455,116439.38467086392,-374735.8999705327,509,83787904.38824494
4923,372304.48355124856,4.536292223685217,103709.85080009176,-268594.6327511568,509,83519309.75549379
4924,388996.4499906848,4.0477684457498855,66573.07974209143,-322423.3702485934,509,83196886.3852452
4925,377727.44394416566,4.117557556883505,71793.30525488619,-305934.13868927944,509,82890952.24655592
4926,417883.5831745988,3.3498773344136983,26994.602714202723,-390888.9804603961,509,82500063.26609553
4927,361920.7206494776,3.105615445446033,16247.079599625458,-345673.6410498522,509,82154389.62504569
4928,356654.9642388347,2.756669889777939,5954.7414428481825,-350700.2227959865,509,81803689.4022497
4929,431982.2795805218,3.035826334312414,13176.358709746211,-418805.9208707756,509,81384883.48137891
4930,417405.1619334683,4.257135779150741,82233.75628047543,-335171.4056529929,509,81049712.07572591
4931,550174.9972280164,3.3847718899805077,28529.963159142342,-521645.034068874,509,80528067.04165705
4932,484779.7784443074,4.8503432237865,132351.3020093288,-352428.4764349786,509,80175638.56522207
4933,412472.84034744,4.222241223583932,79623.64352407813,-332849.19682336185,509,79842789.36839871
4934,1217666.4512937109,4.292030334717551,84843.86903687281,-1132822.582256838,509,78709966.78614187
4935,666914.7682757138,4.187346668017123,77013.53076768082,-589901.2375080329,509,78120065.54863384
4936,470418.0206690096,4.466503112551599,97894.43281885957,-372523.58785015,509,77747541.96078369
4937,467689.1865779838,4.431608556984789,95284.3200624622,-372404.8665155216,509,77375137.09426817
4938,522029.8517627857,5.164394223887786,164280.63769632182,-357749.2140664639,509,77017387.88020171
4939,516792.93264941615,5.234183335021404,172041.18685438015,-344751.74579503597,509,76672636.13440667
4940,541346.7172985289,5.1294996683209755,160400.36311729247,-380946.3541812364,509,76291689.78022544
4941,525960.3121516001,4.8503432237865,132351.3020093288,-393609.01014227135,509,75898080.77008317
4942,429339.40727221454,4.8503432237865,132351.3020093288,-296988.10526288574,509,75601092.66482028
4943,437619.7750404199,3.698822890081792,45290.78593680938,-392328.9891036105,509,75208763.67571667
4944,424808.2570184707,4.117557556883505,71793.30525488619,-353014.9517635845,509,74855748.72395308
4945,441412.8924905098,3.9081902234826478,57601.58514077969,-383811.3073497301,509,74471937.41660336
4946,433135.86823318223,3.6639283345149827,43238.98606948098,-389896.88216370123,509,74082040.53443965
4947,377519.4537020681,2.826459000911558,7573.84882114815,-369945.6048809199,509,73712094.92955874
4948,384635.1377340296,2.1634624451421804,0.0,-384635.1377340296,509,73327459.79182471
4949,361185.5798531483,1.744727778340468,0.0,-361185.5798531483,509,72966274.21197157
4950,401141.6384733281,1.2910985559719466,0.0,-401141.6384733281,509,72565132.57349823
4951,325749.5698734125,1.186414889271518,0.0,-325749.5698734125,509,72239383.00362483
4952,339674.6541640085,1.7796223339072772,0.0,-339674.6541640085,509,71899708.34946083
4953,409826.01199015626,2.582197111943893,1906.9729970983203,-407919.0389930579,509,71491789.31046776
4954,410352.4408489999,3.7337174456486015,47342.58580413777,-363009.85504486214,509,71128779.45542291
4955,550526.8227609592,3.698822890081792,45290.78593680938,-505236.0368241498,509,70623543.41859876
4956,462070.99412345217,4.082663001316695,69183.1924984888,-392887.80162496335,509,70230655.61697379
4957,392310.668441135,4.606081334818835,110074.6177354778,-282236.0507056572,509,69948419.56626813
4958,1243948.2963280252,5.269077890588212,175921.46143340922,-1068026.834894616,509,68880392.73137352
4959,625773.0348288731,5.966969001924401,263800.2710563302,-361972.76377254294,509,68518419.96760097
4960,416565.2738773777,6.281020002025685,309678.5522989911,-106886.72157838655,509,68411533.24602258
4961,480877.7603703691,6.315914557592494,314828.98870065215,-166048.77166971698,509,68245484.47435287
4962,414759.3792695386,6.52528189099335,346328.2597380615,-68431.1195314771,509,68177053.35482138
4963,507666.0595259715,6.420598224292922,330280.29790563526,-177385.7616203362,509,67999667.59320104
4964,464595.06788647023,6.490387335426542,340581.1707089576,-124013.89717751264,509,67875653.69602352
4965,486985.48573055066,6.595071002126969,358276.1555641371,-128709.33016641357,509,67746944.36585711
4966,421239.346646836,6.629965557693778,364250.10347717477,-56989.24316966126,509,67689955.12268744
4967,445148.0636123928,4.36181944585117,90064.09454966751,-355083.9690627253,509,67334871.15362471
4968,433729.8224810663,4.745659557086072,122804.15160624978,-310925.6708748165,509,67023945.482749894
4969,333675.38213421905,4.8503432237865,132351.3020093288,-201324.08012489026,509,66822621.402625
4970,306737.25461439934,5.024816001620548,148759.5393802049,-157977.71523419445,509,66664643.687390804
4971,360299.87462175,5.059710557187357,152639.81395923407,-207660.0606625159,509,66456983.62672829
4972,327661.2142594,5.059710557187357,152639.81395923407,-175021.4003001659,509,66281962.22642812
4973,318085.893967185,4.780554112652882,125986.53507394284,-192099.35889324214,509,66089862.867534876
4974,352102.64449121006,4.815448668219692,129168.91854163593,-222933.72594957415,509,65866929.141585305
4975,424579.9636694399,4.88523777935331,135533.68547702185,-289046.27819241805,509,65577882.86339289
4976,418387.2908720691,5.618023446256307,217320.72304134,-201066.56783072907,509,65376816.29556216
4977,361031.9463049584,6.734649224394207,382171.9472162883,21140.00091132993,510,65397956.296473496
4978,364366.0969125627,7.292962113463156,484903.38939339336,120537.29248083069,510,65518493.58895433
4979,343485.21753987134,7.013805668928682,430300.3888424502,86815.17130257888,510,65605308.76025691
4980,320932.73931316414,7.641907669131249,556676.4502765272,235743.71096336306,510,65841052.47122027
4981,259832.0123843265,8.479377002734674,736269.1705742816,476437.1581899551,510,66317489.62941022
4982,305746.8375354664,9.037689891803623,840543.9395108721,534797.1019754057,510,66852286.731385626
4983,299270.5882101059,9.596002780872574,921867.5147947754,622596.9265846695,510,67474883.6579703
4984,879942.8645564433,10.154315669941525,977599.6554122109,97656.79085576755,510,67572540.44882606
4985,448168.7795290759,10.154315669941525,977599.6554122109,529430.875883135,510,68101971.32470919
4986,437643.9638829954,10.468366670042808,997950.160218774,560306.1963357786,510,68662277.52104497
4987,475964.770977228,10.573050336743236,1000000.0,524035.229022772,510,69186312.75006774
4988,443564.2594586524,10.677734003443664,1000000.0,556435.7405413475,510,69742748.4906091
4989,477529.7455790346,10.677734003443664,1000000.0,522470.2544209654,510,70265218.74503006
4990,391835.1403576693,10.747523114577284,1000000.0,608164.8596423307,510,70873383.60467239
4991,423537.84152705,10.677734003443664,1000000.0,576462.15847295,510,71449845.76314534
4992,374919.8076723955,11.061574114678566,1000000.0,625080.1923276045,510,72074925.95547295
4993,335000.50410156534,10.991785003544948,1000000.0,664999.4958984347,510,72739925.45137139
4994,325901.0028976821,11.410519670346659,1000000.0,674098.9971023179,510,73414024.4484737
4995,323776.9384877632,11.480308781480279,1000000.0,676223.0615122367,510,74090247.50998594
4996,328796.0191840289,11.236046892512613,1000000.0,671203.980815971,510,74761451.49080192
4997,303851.26311469014,10.538155781176425,1000000.0,696148.7368853099,510,75457600.22768722
4998,372236.8110180129,10.503261225609617,1000000.0,627763.1889819871,510,76085363.4166692
4999,380691.5664802114,10.189210225508333,979860.82261294,599169.2561327287,510,76684532.67280193
5000,431772.3613309978,10.887101336844522,1000000.0,568227.6386690022,510,77252760.31147093
5001,388103.9670542253,11.270941448079421,1000000.0,611896.0329457747,510,77864656.34441671
5002,369901.1493450948,11.654781559314326,1000000.0,630098.8506549052,510,78494755.19507161
5003,366022.6822843776,10.991785003544948,1000000.0,633977.3177156225,510,79128732.51278722
5004,346988.988200436,11.061574114678566,1000000.0,653011.011799564,510,79781743.52458678
5005,267958.91465493845,10.887101336844522,1000000.0,732041.0853450615,510,80513784.60993184
5006,283595.5258710488,10.782417670144092,1000000.0,716404.4741289512,510,81230189.08406079
5007,315074.6688850747,10.677734003443664,1000000.0,684925.3311149253,510,81915114.4151757
5008,873240.3384366418,10.852206781277713,1000000.0,126759.66156335815,510,82041874.07673906
5009,433495.3965761402,11.166257781378995,1000000.0,566504.6034238598,510,82608378.68016292
5010,464243.0109559746,11.480308781480279,1000000.0,535756.9890440254,510,83144135.66920695
5011,434524.6322001615,11.37562511477985,1000000.0,565475.3677998385,510,83709611.03700678
5012,466449.3594602312,10.991785003544948,1000000.0,533550.6405397689,510,84243161.67754655
5013,401180.199644664,11.480308781480279,1000000.0,598819.8003553359,510,84841981.47790188
5014,401525.32493779,11.096468670245377,1000000.0,598474.6750622101,510,85440456.15296409
5015,368893.913819294,11.201152336945805,1000000.0,631106.086180706,510,86071562.23914479
5016,366779.1009179892,11.096468670245377,1000000.0,633220.8990820108,510,86704783.13822679
5017,299158.2152782176,11.236046892512613,1000000.0,700841.7847217824,510,87405624.92294857
5018,287907.90718716074,11.550097892613897,1000000.0,712092.0928128392,510,88117717.0157614
5019,321430.3250816964,11.58499244818071,1000000.0,678569.6749183036,510,88796286.69067971
5020,314830.6724984798,11.550097892613897,1000000.0,685169.3275015203,510,89481456.01818123
5021,335864.72884212394,11.096468670245377,1000000.0,664135.2711578761,510,90145591.28933911
5022,376049.0144393536,10.538155781176425,1000000.0,623950.9855606464,510,90769542.27489975
5023,384949.6247964494,10.642839447876854,1000000.0,615050.3752035506,510,91384592.6501033
5024,423227.8868952733,11.236046892512613,1000000.0,576772.1131047267,510,91961364.76320803
5025,376426.1862849768,11.724570670447946,1000000.0,623573.8137150232,510,92584938.57692306
5026,365597.3230476372,12.07351622611604,1000000.0,634402.6769523628,510,93219341.25387542
5027,348856.3279636328,11.515203337047089,1000000.0,651143.6720363672,510,93870484.92591178
5028,344419.928243809,11.270941448079421,1000000.0,655580.0717561911,510,94526064.99766797
5029,298601.6172511556,11.096468670245377,1000000.0,701398.3827488443,510,95227463.38041681
5030,326494.1971989311,11.201152336945805,1000000.0,673505.8028010689,510,95900969.18321788
5031,298146.949583364,11.061574114678566,1000000.0,701853.050416636,510,96602822.23363452
5032,961960.469144649,11.096468670245377,1000000.0,38039.53085535101,510,96640861.76448987
5033,432574.394064733,11.061574114678566,1000000.0,567425.6059352669,510,97208287.37042513
5034,496365.4365435077,11.270941448079421,1000000.0,503634.5634564923,510,97711921.93388163
5035,498678.194865313,11.236046892512613,1000000.0,501321.805134687,510,98000000.0
5036,409110.356906784,11.37562511477985,1000000.0,590889.643093216,510,98000000.0
5037,448763.1843566462,11.619887003747515,1000000.0,551236.8156433539,510,98000000.0
5038,445027.5679781092,11.480308781480279,1000000.0,554972.4320218908,510,98000000.0
5039,378365.63934201736,11.96883255941561,1000000.0,621634.3606579826,510,98000000.0
5040,370692.3949379784,11.305836003646233,1000000.0,629307.6050620216,510,98000000.0
5041,353775.41936787043,11.131363225812185,1000000.0,646224.5806321296,510,98000000.0
5042,316806.7360237582,11.131363225812185,1000000.0,683193.2639762418,510,98000000.0
5043,331727.7365787833,10.29389389220876,986644.3242151276,654916.5876363444,510,98000000.0
5044,332893.04279943026,9.561108225305764,917917.4511046124,585024.4083051821,510,98000000.0
5045,314963.77702391805,8.549166113868294,749862.8958527866,434899.11882886855,510,98000000.0
5046,348348.942854969,8.68874433613553,776159.4329279339,427810.49007296487,510,98000000.0
5047,414981.0916044791,9.316846336338099,883087.3816579262,468106.2900534471,510,98000000.0
5048,394256.4554776878,11.201152336945805,1000000.0,605743.5445223122,510,98000000.0
5049,359597.35564201744,11.026679559111757,1000000.0,640402.6443579826,510,98000000.0
5050,396932.15559115045,10.92199589241133,1000000.0,603067.8444088495,510,98000000.0
5051,396684.14005642926,10.677734003443664,1000000.0,603315.8599435708,510,98000000.0
5052,326711.1639532595,10.607944892310044,1000000.0,673288.8360467404,510,98000000.0
5053,287974.056471143,10.29389389220876,986644.3242151276,698670.2677439847,510,98000000.0
5054,319206.3324379933,10.049632003241095,970816.153810023,651609.8213720296,510,98000000.0
5055,307568.69115514884,10.084526558807905,973077.3210107522,665508.6298556034,510,98000000.0
5056,936468.5602288338,10.014737447674285,968554.9866092937,32086.426380459918,510,98000000.0
5057,395395.4937382636,9.805370114273432,945567.8969357525,550172.4031974889,510,98000000.0
5058,467508.2553299154,9.87515922540705,953468.024316078,485959.7689861627,510,98000000.0
5059,451086.13236346457,9.24705722520448,872451.5211211628,421365.38875769824,510,98000000.0
5060,445352.7035118677,9.351740891904909,888405.3119263081,443052.6084144404,510,98000000.0
5061,447227.6139306707,9.072584447370433,845861.869779254,398634.25584858324,510,98000000.0
5062,412786.7848386065,9.805370114273432,945567.8969357525,532781.112097146,510,98000000.0
5063,398636.2959791037,9.107479002937243,851179.8000476358,452543.5040685321,510,98000000.0
5064,368887.6434938838,8.409587891601056,721613.4572362219,352725.8137423381,510,98000000.0
5065,306022.2697906168,8.200220558200199,677646.3172220417,371624.04743142484,510,98000000.0
5066,286044.59062343463,7.7814858913984875,587439.4904642267,301394.89984079206,510,98000000.0
5067,340739.5717853504,7.955958669232534,625893.2906988506,285153.71891350026,510,98000000.0
5068,330044.11814978806,8.270009669333819,692302.030560102,362257.9124103139,510,98000000.0
5069,367218.6883282853,9.386635447471717,893723.2421946897,526504.5538664043,510,98000000.0
5070,366917.8222689451,9.561108225305764,917917.4511046124,550999.6288356674,510,98000000.0
5071,402434.0727710072,9.21216266963767,867133.5908527811,464699.5180817739,510,98000000.0
5072,417108.5199980171,9.316846336338099,883087.3816579262,465978.86165990913,510,98000000.0
5073,368243.3066915783,9.73558100313981,937667.7695554266,569424.4628638483,510,98000000.0
5074,384965.9580052093,9.944948336540667,961368.1516964036,576402.1936911943,510,98000000.0
5075,371416.01426339376,9.561108225305764,917917.4511046124,546501.4368412187,510,98000000.0
5076,328864.8626631853,9.910053780973858,957418.0880062408,628553.2253430556,510,98000000.0
5077,284583.78524274426,10.119421114374713,975338.4882114815,690754.7029687372,510,98000000.0
5078,334469.87058302027,10.154315669941525,977599.6554122109,643129.7848291906,510,98000000.0
5079,298467.1321189132,9.910053780973858,957418.0880062408,658950.9558873276,510,98000000.0
5080,906448.098025375,9.456424558605336,904359.1027314533,-2088.995293921791,511,97997911.00470608
5081,448436.88476961874,9.421530003038528,899041.1724630716,450604.2876934529,512,98000000.0
5082,434208.801362348,9.491319114172146,909677.0329998351,475468.2316374871,512,98000000.0
5083,474091.7455964029,9.700686447573,933717.7058652636,459625.9602688607,512,98000000.0
5084,459898.8725296392,9.700686447573,933717.7058652636,473818.83333562437,512,98000000.0
5085,454771.9783732368,9.73558100313981,937667.7695554266,482895.7911821898,512,98000000.0
5086,463933.2913006763,9.24705722520448,872451.5211211628,408518.2298204865,512,98000000.0
5087,419010.7177782215,8.514271558301482,743288.7615839993,324278.0438057778,512,98000000.0
5088,388081.13746986457,9.177268114070863,861815.6605843995,473734.5231145349,512,98000000.0
5089,378922.9863205708,10.014737447674285,968554.9866092937,589632.0002887229,512,98000000.0
5090,326039.71868569247,10.154315669941525,977599.6554122109,651559.9367265184,512,98000000.0
5091,322825.1302249178,9.456424558605336,904359.1027314533,581533.9725065355,512,98000000.0
5092,350419.7603823816,9.21216266963767,867133.5908527811,516713.83047039947,512,98000000.0
5093,382311.2629584851,8.75853344726915,789307.7014655077,406996.4385070226,512,98000000.0
5094,371749.3973061015,9.421530003038528,899041.1724630716,527291.7751569701,512,98000000.0
5095,310793.4772863349,9.107479002937243,851179.8000476358,540386.322761301,512,98000000.0
5096,359400.97399136686,9.77047555870662,941617.8332455894,582216.8592542226,512,98000000.0
5097,422290.15828592255,10.014737447674285,968554.9866092937,546264.8283233712,512,98000000.0
5098,397131.1193659368,10.468366670042808,997950.160218774,600819.0408528373,512,98000000.0
5099,474762.047179239,9.944948336540667,961368.1516964036,486606.10451716464,512,98000000.0
5100,338753.61643360974,9.596002780872574,921867.5147947754,583113.8983611657,512,98000000.0
5101,334345.03288148594,9.665791892006192,929767.642175101,595422.609293615,512,98000000.0
5102,1202521.4700003762,10.084526558807905,973077.3210107522,-229444.148989624,513,97770555.85101038
5103,567126.0073025333,10.224104781075143,982121.9898136694,414995.9825111361,514,98000000.0
5104,451196.7495542684,10.189210225508333,979860.82261294,528664.0730586716,514,98000000.0
5105,422403.4779616329,10.049632003241095,970816.153810023,548412.6758483901,514,98000000.0
5106,439025.1588590093,9.84026466984024,949517.9606259152,510492.80176690593,514,98000000.0
5107,521156.34133183456,9.805370114273432,945567.8969357525,424411.5556039179,514,98000000.0
5108,553408.8696861753,9.87515922540705,953468.024316078,400059.1546299028,514,98000000.0
5109,485847.5845781154,10.224104781075143,982121.9898136694,496274.405235554,514,98000000.0
5110,453842.7221175748,10.503261225609617,1000000.0,546157.2778824251,514,98000000.0
5111,465636.6602319531,10.29389389220876,986644.3242151276,521007.66398317454,514,98000000.0
5112,415023.3208084084,10.049632003241095,970816.153810023,555792.8330016145,514,98000000.0
5113,397135.1132733111,9.87515922540705,953468.024316078,556332.9110427669,514,98000000.0
5114,305433.5895094947,9.87515922540705,953468.024316078,648034.4348065833,514,98000000.0
5115,303365.67042592535,10.433472114475999,995688.9930180447,692323.3225921195,514,98000000.0
5116,368586.5875704219,10.538155781176425,1000000.0,631413.4124295781,514,98000000.0
5117,366681.1091264101,11.166257781378995,1000000.0,633318.8908735899,514,98000000.0
5118,373019.7372215802,11.794359781581562,1000000.0,626980.2627784198,514,98000000.0
5119,320265.43902829057,11.550097892613897,1000000.0,679734.5609717094,514,98000000.0
5120,346173.45284059027,11.515203337047089,1000000.0,653826.5471594097,514,98000000.0
5121,405765.92790852,10.677734003443664,1000000.0,594234.07209148,514,98000000.0
5122,398746.530424546,10.573050336743236,1000000.0,601253.469575454,514,98000000.0
5123,441510.01938396384,11.201152336945805,1000000.0,558489.9806160361,514,98000000.0
5124,365475.9619905641,11.061574114678566,1000000.0,634524.0380094359,514,98000000.0
5125,369063.2429954067,11.026679559111757,1000000.0,630936.7570045933,514,98000000.0
5126,1164962.4231527206,12.07351622611604,1000000.0,-164962.42315272056,515,97835037.57684729
5127,635771.7799932484,12.143305337249656,1000000.0,364228.2200067516,516,98000000.0
5128,450869.33455924585,11.410519670346659,1000000.0,549130.6654407542,516,98000000.0
5129,463664.1789110376,10.642839447876854,1000000.0,536335.8210889624,516,98000000.0
5130,436042.14167594473,10.782417670144092,1000000.0,563957.8583240553,516,98000000.0
5131,525937.7402556599,11.131363225812185,1000000.0,474062.2597443401,516,98000000.0
5132,534992.6601365405,11.201152336945805,1000000.0,465007.33986345946,516,98000000.0
5133,523658.9956185981,10.852206781277713,1000000.0,476341.0043814019,516,98000000.0
5134,453956.6087902962,11.270941448079421,1000000.0,546043.3912097039,516,98000000.0
5135,427775.602076399,10.642839447876854,1000000.0,572224.397923601,516,98000000.0
5136,433264.1589693376,10.084526558807905,973077.3210107522,539813.1620414146,516,98000000.0
5137,251238.9787093116,10.049632003241095,970816.153810023,719577.1751007114,516,98000000.0
5138,262433.3490783955,10.433472114475999,995688.9930180447,733255.6439396492,516,98000000.0
5139,278776.83532833704,10.95689044797814,1000000.0,721223.164671663,516,98000000.0
5140,315320.77000803075,11.305836003646233,1000000.0,684679.2299919692,516,98000000.0
5141,358502.7417014057,10.189210225508333,979860.82261294,621358.0809115343,516,98000000.0
5142,324052.2458970077,10.014737447674285,968554.9866092937,644502.740712286,516,98000000.0
5143,344778.5294601483,10.712628559010474,1000000.0,655221.4705398517,516,98000000.0
5144,382271.7653294965,10.92199589241133,1000000.0,617728.2346705035,516,98000000.0
5145,392866.2472835384,10.677734003443664,1000000.0,607133.7527164617,516,98000000.0
5146,335076.723051433,11.305836003646233,1000000.0,664923.276948567,516,98000000.0
5147,334247.3604768107,10.95689044797814,1000000.0,665752.6395231893,516,98000000.0
5148,366286.26206131786,11.026679559111757,1000000.0,633713.7379386821,516,98000000.0
5149,279047.66859325906,11.619887003747515,1000000.0,720952.3314067409,516,98000000.0
5150,274874.92038721027,12.003727114982418,1000000.0,725125.0796127897,516,98000000.0
5151,276860.72272303747,11.759465226014752,1000000.0,723139.2772769625,516,98000000.0
5152,884443.5876646722,10.677734003443664,1000000.0,115556.41233532783,516,98000000.0
5153,413037.7673948697,9.87515922540705,953468.024316078,540430.2569212083,516,98000000.0
5154,392926.91029854864,9.700686447573,933717.7058652636,540790.795566715,516,98000000.0
5155,431434.087015564,9.072584447370433,845861.869779254,414427.78276369,516,98000000.0
5156,422088.04708726896,8.618955225001912,763011.1643903602,340923.1173030913,516,98000000.0
5157,425760.22568669904,7.921064113665725,618202.5306519258,192442.3049652268,516,98000000.0
5158,452314.4079613141,8.095536891499771,655662.7472149519,203348.33925363782,516,98000000.0
5159,310593.0597676577,7.886169558098915,610511.7706050009,299918.7108373432,516,98000000.0
5160,288670.7048339847,8.863217113969577,809030.1042718684,520359.39943788364,516,98000000.0
5161,251994.76329035164,8.653849780568722,769585.2986591471,517590.5353687955,516,98000000.0
5162,264922.1406156455,8.933006225103197,822178.3728094423,557256.2321937969,516,98000000.0
5163,255565.00325323464,9.596002780872574,921867.5147947754,666302.5115415407,516,98000000.0
5164,340260.50631257746,10.014737447674285,968554.9866092937,628294.4802967163,516,98000000.0
5165,325484.3516131679,9.561108225305764,917917.4511046124,592433.0994914445,516,98000000.0
5166,332073.36776144395,9.037689891803623,840543.9395108721,508470.57174942817,516,98000000.0
5167,399799.547360245,8.409587891601056,721613.4572362219,321813.90987597685,516,98000000.0
5168,411744.11373485246,8.653849780568722,769585.2986591471,357841.18492429465,516,98000000.0
5169,377850.6385993192,8.898111669536387,815604.2385406554,437753.59994133614,516,98000000.0
5170,334482.987097301,9.21216266963767,867133.5908527811,532650.6037554801,516,98000000.0
5171,364698.5735727752,8.72363889170234,782733.5671967207,418034.9936239456,516,98000000.0
5172,335236.65194775426,8.618955225001912,763011.1643903602,427774.512442606,516,98000000.0
5173,271874.9950570247,9.456424558605336,904359.1027314533,632484.1076744285,516,98000000.0
5174,283331.25984505453,10.328788447775572,988905.4914158571,705574.2315708026,516,98000000.0
5175,270608.7916345924,10.224104781075143,982121.9898136694,711513.1981790769,516,98000000.0
5176,927951.3281662862,9.596002780872574,921867.5147947754,-6083.813371510827,517,97993916.18662849
5177,437890.1363948321,8.270009669333819,692302.030560102,254411.89416526986,518,98000000.0
5178,452932.61228801054,7.711696780264869,572057.970370377,119125.35808236641,518,98000000.0
5179,481193.0277071674,7.432540335730394,512204.889668865,31011.861961697636,518,98000000.0
5180,448229.9901924689,7.467434891297203,519030.2647377329,70800.27454526396,518,98000000.0
5181,442111.22123856185,7.641907669131249,556676.4502765272,114565.22903796536,518,98000000.0
5182,391072.1921459753,7.641907669131249,556676.4502765272,165604.2581305519,518,98000000.0
5183,332395.0765101593,6.944016557795062,418015.6346945147,85620.55818435538,518,98000000.0
5184,291459.566983787,6.455492779859732,335430.73430729646,43971.167323509464,518,98000000.0
5185,282464.44886260165,6.490387335426542,340581.1707089576,58116.72184635594,518,98000000.0
5186,248455.6925417808,6.909122002228254,412041.6867814771,163585.99423969633,518,98000000.0
5187,246488.0362508584,7.572118557997631,541294.9301826778,294806.8939318194,518,98000000.0
5188,337320.8258678783,8.444482447167864,728941.3139052514,391620.4880373732,518,98000000.0
5189,315997.8770963651,8.933006225103197,822178.3728094423,506180.49571307725,518,98000000.0
5190,337877.655878245,9.386635447471717,893723.2421946897,555845.5863164447,518,98000000.0
5191,413171.4457818715,9.421530003038528,899041.1724630716,485869.72668120015,518,98000000.0
5192,393493.1399728498,9.421530003038528,899041.1724630716,505548.03249022184,518,98000000.0
5193,415942.5590207199,9.979842892107477,965318.2153865664,549375.6563658465,518,98000000.0
5194,357710.8191458332,10.154315669941525,977599.6554122109,619888.8362663777,518,98000000.0
5195,343202.1448253237,8.967900780670005,828752.507078229,485550.36225290527,518,98000000.0
5196,332321.8561118708,8.75853344726915,789307.7014655077,456985.84535363695,518,98000000.0
5197,253746.0186013998,8.863217113969577,809030.1042718684,555284.0856704686,518,98000000.0
5198,268041.4360510558,9.491319114172146,909677.0329998351,641635.5969487793,518,98000000.0
5199,280563.3571094954,10.189210225508333,979860.82261294,699297.4655034447,518,98000000.0
5200,876251.4368840302,10.712628559010474,1000000.0,123748.56311596977,518,98000000.0
5201,392479.9724465361,10.258999336641951,984383.1570143984,591903.1845678622,518,98000000.0
5202,444515.5311912815,10.154315669941525,977599.6554122109,533084.1242209293,518,98000000.0
5203,475496.2055243952,9.421530003038528,899041.1724630716,423544.9669386764,518,98000000.0
5204,434797.2335917429,8.060642335932963,648334.8905459222,213537.65695417934,518,98000000.0
5205,398121.0275031408,8.304904224900628,699629.887229132,301508.8597259912,518,98000000.0
5206,401211.7051239992,9.910053780973858,957418.0880062408,556206.3828822416,518,98000000.0
5207,308804.1579686035,9.910053780973858,957418.0880062408,648613.9300376372,518,98000000.0
5208,299045.14430490613,9.805370114273432,945567.8969357525,646522.7526308463,518,98000000.0
5209,269948.4246097809,9.87515922540705,953468.024316078,683519.5997062972,518,98000000.0
5210,265025.714147523,10.503261225609617,1000000.0,734974.285852477,518,98000000.0
5211,244714.05931063325,11.37562511477985,1000000.0,755285.9406893668,518,98000000.0
5212,320826.407795834,11.550097892613897,1000000.0,679173.592204166,518,98000000.0
5213,312516.0532830325,11.166257781378995,1000000.0,687483.9467169675,518,98000000.0
5214,337176.91451081634,12.07351622611604,1000000.0,662823.0854891837,518,98000000.0
5215,408550.8335613763,12.178199892816467,1000000.0,591449.1664386237,518,98000000.0
5216,372844.7327758441,12.876091004152652,1000000.0,627155.2672241558,518,98000000.0
5217,398549.9426255068,12.701618226318605,1000000.0,601450.0573744932,518,98000000.0
5218,310964.1715181312,13.190142004253937,1000000.0,689035.8284818688,518,98000000.0
5219,333382.5763797272,12.806301893019036,1000000.0,666617.4236202728,518,98000000.0
5220,327347.4928259942,12.876091004152652,1000000.0,672652.5071740057,518,98000000.0
5221,278232.9929250119,12.631829115184987,1000000.0,721767.0070749881,518,98000000.0
5222,271695.54624000005,12.59693455961818,1000000.0,728304.45376,518,98000000.0
5223,291992.2032860141,12.910985559719464,1000000.0,708007.796713986,518,98000000.0
5224,962691.4584969176,13.225036559820746,1000000.0,37308.54150308238,518,98000000.0
5225,406235.1896136548,13.504193004355221,1000000.0,593764.8103863453,518,98000000.0
5226,412241.0744439857,13.329720226521177,1000000.0,587758.9255560143,518,98000000.0
5227,455986.3619017109,13.0505637819867,1000000.0,544013.638098289,518,98000000.0
5228,478545.1187455212,13.0505637819867,1000000.0,521454.8812544788,518,98000000.0
5229,429564.5116073283,13.364614782087983,1000000.0,570435.4883926717,518,98000000.0
5230,415024.40231785766,13.225036559820746,1000000.0,584975.5976821424,518,98000000.0
5231,326261.86917204247,12.492250892917749,1000000.0,673738.1308279575,518,98000000.0
5232,301644.6493102453,12.562040004051367,1000000.0,698355.3506897547,518,98000000.0
5233,272292.7365286706,12.07351622611604,1000000.0,727707.2634713294,518,98000000.0
5234,258984.76358456665,11.550097892613897,1000000.0,741015.2364154333,518,98000000.0
5235,252167.96525078703,12.492250892917749,1000000.0,747832.0347492129,518,98000000.0
5236,310683.69143254467,12.492250892917749,1000000.0,689316.3085674553,518,98000000.0
5237,321858.74426196073,13.294825670954364,1000000.0,678141.2557380393,518,98000000.0
5238,341881.5554871962,13.085458337553508,1000000.0,658118.4445128038,518,98000000.0
5239,406423.3476596681,13.434403893221601,1000000.0,593576.6523403318,518,98000000.0
5240,370089.2459437156,13.01566922641989,1000000.0,629910.7540562844,518,98000000.0
5241,401676.0653357188,14.376556893525454,1000000.0,598323.9346642812,518,98000000.0
5242,354033.311124981,14.865080671460788,1000000.0,645966.6888750191,518,98000000.0
5243,326536.87935597444,15.144237115995262,1000000.0,673463.1206440255,518,98000000.0
5244,341899.28009207395,14.69060789362674,1000000.0,658100.719907926,518,98000000.0
5245,288711.38183280587,14.585924226926313,1000000.0,711288.6181671941,518,98000000.0
5246,267204.6709755257,14.236978671258218,1000000.0,732795.3290244744,518,98000000.0
5247,265040.0207682832,14.062505893424172,1000000.0,734959.9792317168,518,98000000.0
5248,844444.8706645537,14.446346004659073,1000000.0,155555.12933544628,518,98000000.0
5249,408810.2664247381,13.783349448889696,1000000.0,591189.7335752619,518,98000000.0
5250,443553.15218760975,13.399509337654793,1000000.0,556446.8478123902,518,98000000.0
5251,439725.9275635773,13.225036559820746,1000000.0,560274.0724364227,518,98000000.0
5252,447700.5212026683,12.910985559719464,1000000.0,552299.4787973317,518,98000000.0
5253,452568.69981968845,12.422461781784131,1000000.0,547431.3001803115,518,98000000.0
5254,384860.5720651941,11.794359781581562,1000000.0,615139.4279348059,518,98000000.0
5255,302961.77136452554,11.096468670245377,1000000.0,697038.2286354745,518,98000000.0
5256,305068.5116419224,11.410519670346659,1000000.0,694931.4883580776,518,98000000.0
5257,361427.5607978976,13.085458337553508,1000000.0,638572.4392021024,518,98000000.0
5258,322006.48930927925,13.748454893322887,1000000.0,677993.5106907208,518,98000000.0
5259,312043.7949619853,13.364614782087983,1000000.0,687956.2050380147,518,98000000.0
5260,357918.0655208414,13.155247448687128,1000000.0,642081.9344791586,518,98000000.0
5261,339616.15793247736,12.910985559719464,1000000.0,660383.8420675227,518,98000000.0
5262,341398.5324066372,12.841196448585844,1000000.0,658601.4675933628,518,98000000.0
5263,327856.41957770044,12.527145448484559,1000000.0,672143.5804222996,518,98000000.0
5264,357432.83484605624,12.701618226318605,1000000.0,642567.1651539437,518,98000000.0
5265,419690.9647888108,12.527145448484559,1000000.0,580309.0352111892,518,98000000.0
5266,426383.6761406437,13.434403893221601,1000000.0,573616.3238593563,518,98000000.0
5267,448322.8622100713,12.666723670751797,1000000.0,551677.1377899287,518,98000000.0
5268,363924.0182639334,12.771407337452224,1000000.0,636075.9817360665,518,98000000.0
5269,333997.45027179364,12.806301893019036,1000000.0,666002.5497282064,518,98000000.0
5270,1143910.0520503905,13.085458337553508,1000000.0,-143910.0520503905,519,97856089.9479496
5271,669105.4479709566,13.190142004253937,1000000.0,330894.55202904344,520,98000000.0
5272,425957.4096736735,13.0505637819867,1000000.0,574042.5903263264,520,98000000.0
5273,438023.17262749927,12.806301893019036,1000000.0,561976.8273725007,520,98000000.0
5274,429007.2988557205,12.352672670650511,1000000.0,570992.7011442794,520,98000000.0
5275,539744.5132712248,11.619887003747515,1000000.0,460255.4867287752,520,98000000.0
5276,553603.233882716,11.305836003646233,1000000.0,446396.76611728396,520,98000000.0
5277,494404.1661825532,10.468366670042808,997950.160218774,503545.99403622077,520,98000000.0
5278,431957.5191330627,9.77047555870662,941617.8332455894,509660.3141125267,520,98000000.0
5279,464428.3766104181,9.944948336540667,961368.1516964036,496939.77508598554,520,98000000.0
5280,390474.1557475761,10.084526558807905,973077.3210107522,582603.1652631762,520,98000000.0
5281,383103.537689847,10.258999336641951,984383.1570143984,601279.6193245514,520,98000000.0
5282,340036.53895182133,10.084526558807905,973077.3210107522,633040.782058931,520,98000000.0
5283,322420.2141511801,10.747523114577284,1000000.0,677579.7858488199,520,98000000.0
5284,385450.5633902727,11.236046892512613,1000000.0,614549.4366097273,520,98000000.0
5285,340353.86689379567,11.026679559111757,1000000.0,659646.1331062043,520,98000000.0
5286,347115.2575606156,10.712628559010474,1000000.0,652884.7424393843,520,98000000.0
5287,343964.9947896596,10.154315669941525,977599.6554122109,633634.6606225512,520,98000000.0
5288,331547.78094548854,10.084526558807905,973077.3210107522,641529.5400652636,520,98000000.0
5289,412909.5911359552,11.166257781378995,1000000.0,587090.4088640448,520,98000000.0
5290,381592.945933071,11.759465226014752,1000000.0,618407.054066929,520,98000000.0
5291,462789.5067814181,12.317778115083703,1000000.0,537210.4932185819,520,98000000.0
5292,371409.5320638468,12.980774670853084,1000000.0,628590.4679361532,520,98000000.0
5293,349767.1022279792,12.910985559719464,1000000.0,650232.8977720208,520,98000000.0
5294,1068187.7395013184,12.631829115184987,1000000.0,-68187.73950131843,521,97931812.26049869
5295,610904.2704459239,13.12035289312032,1000000.0,389095.7295540761,522,98000000.0
5296,448710.89459655376,13.469298448788415,1000000.0,551289.1054034462,522,98000000.0
5297,390575.59887816873,13.12035289312032,1000000.0,609424.4011218313,522,98000000.0
5298,402358.880986494,12.771407337452224,1000000.0,597641.119013506,522,98000000.0
5299,506128.3095175212,12.247989003950085,1000000.0,493871.6904824788,522,98000000.0
5300,541519.7326939912,11.82925433714837,1000000.0,458480.26730600884,522,98000000.0
5301,487897.3802659765,11.061574114678566,1000000.0,512102.6197340235,522,98000000.0
5302,422827.9356351176,10.991785003544948,1000000.0,577172.0643648824,522,98000000.0
5303,431601.6068997087,10.433472114475999,995688.9930180447,564087.3861183361,522,98000000.0
5304,381652.7034670024,10.782417670144092,1000000.0,618347.2965329976,522,98000000.0
5305,254258.05967243132,10.782417670144092,1000000.0,745741.9403275687,522,98000000.0
5306,265609.8052984596,10.747523114577284,1000000.0,734390.1947015404,522,98000000.0
5307,270037.79274633445,10.747523114577284,1000000.0,729962.2072536655,522,98000000.0
5308,326906.95980183245,11.166257781378995,1000000.0,673093.0401981676,522,98000000.0
5309,343638.95798419864,11.619887003747515,1000000.0,656361.0420158014,522,98000000.0
5310,345110.0834586976,11.82925433714837,1000000.0,654889.9165413023,522,98000000.0
5311,376428.37450307945,11.759465226014752,1000000.0,623571.6254969205,522,98000000.0
5312,414678.4940635838,12.247989003950085,1000000.0,585321.5059364162,522,98000000.0
5313,418901.2587763649,12.631829115184987,1000000.0,581098.7412236352,522,98000000.0
5314,308219.0317817068,12.59693455961818,1000000.0,691780.9682182933,522,98000000.0
5315,349566.40502082976,12.10841078168285,1000000.0,650433.5949791702,522,98000000.0
5316,322584.7794442101,12.317778115083703,1000000.0,677415.2205557899,522,98000000.0
5317,278342.07578259695,12.03862167054923,1000000.0,721657.924217403,522,98000000.0
5318,264669.9235573984,12.317778115083703,1000000.0,735330.0764426016,522,98000000.0
5319,285876.323710997,12.387567226217323,1000000.0,714123.676289003,522,98000000.0
5320,942220.105510676,12.178199892816467,1000000.0,57779.89448932395,522,98000000.0
5321,436459.25660694647,10.677734003443664,1000000.0,563540.7433930535,522,98000000.0
5322,417738.234953917,10.468366670042808,997950.160218774,580211.925264857,522,98000000.0
5323,450746.7472962877,9.910053780973858,957418.0880062408,506671.3407099531,522,98000000.0
5324,438350.2106101314,9.24705722520448,872451.5211211628,434101.3105110314,522,98000000.0
5325,403055.18896580365,9.21216266963767,867133.5908527811,464078.40188697743,522,98000000.0
5326,387779.4607447138,9.456424558605336,904359.1027314533,516579.6419867395,522,98000000.0
5327,373343.4035877064,9.630897336439384,925817.5784849382,552474.1748972319,522,98000000.0
5328,300470.67186517856,9.561108225305764,917917.4511046124,617446.7792394338,522,98000000.0
5329,267346.0600770519,9.24705722520448,872451.5211211628,605105.4610441108,522,98000000.0
5330,278394.0029958082,9.77047555870662,941617.8332455894,663223.8302497813,522,98000000.0
5331,269145.2945451077,10.92199589241133,1000000.0,730854.7054548922,522,98000000.0
5332,348029.36853880377,11.44541422591347,1000000.0,651970.6314611962,522,98000000.0
5333,330925.4534442315,11.654781559314326,1000000.0,669074.5465557685,522,98000000.0
5334,355253.1600941725,11.689676114881134,1000000.0,644746.8399058275,522,98000000.0
5335,403470.3829673824,11.550097892613897,1000000.0,596529.6170326176,522,98000000.0
5336,441692.0120768427,11.654781559314326,1000000.0,558307.9879231573,522,98000000.0
5337,403306.4217000486,11.689676114881134,1000000.0,596693.5782999514,522,98000000.0
5338,345678.0909144823,11.724570670447946,1000000.0,654321.9090855177,522,98000000.0
5339,311916.67753483664,11.270941448079421,1000000.0,688083.3224651634,522,98000000.0
5340,320667.91473064607,11.619887003747515,1000000.0,679332.0852693539,522,98000000.0
5341,271442.77098823705,10.92199589241133,1000000.0,728557.2290117629,522,98000000.0
5342,263868.2294782055,10.573050336743236,1000000.0,736131.7705217944,522,98000000.0
5343,296646.3934275657,10.573050336743236,1000000.0,703353.6065724343,522,98000000.0
5344,823505.1828973115,10.92199589241133,1000000.0,176494.81710268848,522,98000000.0
5345,388171.0264055765,10.084526558807905,973077.3210107522,584906.2946051757,522,98000000.0
5346,453785.4804496783,9.77047555870662,941617.8332455894,487832.3527959111,522,98000000.0
5347,468417.56600689713,9.596002780872574,921867.5147947754,453449.94878787827,522,98000000.0
5348,486692.5445729928,10.189210225508333,979860.82261294,493168.2780399472,522,98000000.0
5349,473839.0281371991,10.154315669941525,977599.6554122109,503760.62727501174,522,98000000.0
5350,393367.2740652768,10.014737447674285,968554.9866092937,575187.712544017,522,98000000.0
5351,301168.98524854856,9.944948336540667,961368.1516964036,660199.1664478551,522,98000000.0
5352,313854.79180017824,9.24705722520448,872451.5211211628,558596.7293209846,522,98000000.0
5353,267482.60529070685,9.561108225305764,917917.4511046124,650434.8458139056,522,98000000.0
5354,266886.6889783125,9.84026466984024,949517.9606259152,682631.2716476028,522,98000000.0
5355,264580.5666633922,10.712628559010474,1000000.0,735419.4333366079,522,98000000.0
5356,316289.93710756087,11.026679559111757,1000000.0,683710.0628924391,522,98000000.0
5357,340183.5389712083,11.061574114678566,1000000.0,659816.4610287917,522,98000000.0
5358,317258.69571492384,11.236046892512613,1000000.0,682741.3042850762,522,98000000.0
5359,392312.1028219576,11.410519670346659,1000000.0,607687.8971780424,522,98000000.0
5360,405009.8195254588,12.07351622611604,1000000.0,594990.1804745412,522,98000000.0
5361,416014.5593373895,12.10841078168285,1000000.0,583985.4406626106,522,98000000.0
5362,333166.07437033963,12.143305337249656,1000000.0,666833.9256296604,522,98000000.0
5363,343509.3069033287,12.631829115184987,1000000.0,656490.6930966713,522,98000000.0
5364,340197.367944281,13.259931115387555,1000000.0,659802.6320557189,522,98000000.0
5365,283280.30452447623,13.434403893221601,1000000.0,716719.6954755238,522,98000000.0
5366,287326.48132787104,13.434403893221601,1000000.0,712673.5186721289,522,98000000.0
5367,267974.46379106457,13.53908755992203,1000000.0,732025.5362089354,522,98000000.0
5368,876548.9411475288,13.608876671055652,1000000.0,123451.05885247118,522,98000000.0
5369,410272.78734142525,13.294825670954364,1000000.0,589727.2126585748,522,98000000.0
5370,424321.9907548893,12.980774670853084,1000000.0,575678.0092451107,522,98000000.0
5371,448142.7544325422,12.492250892917749,1000000.0,551857.2455674578,522,98000000.0
5372,478574.0678281018,12.03862167054923,1000000.0,521425.9321718982,522,98000000.0
5373,455826.35095452686,12.03862167054923,1000000.0,544173.6490454732,522,98000000.0
5374,439684.4749313192,11.480308781480279,1000000.0,560315.5250686808,522,98000000.0
5375,326559.4054270645,12.282883559516893,1000000.0,673440.5945729355,522,98000000.0
5376,305812.72679835814,12.143305337249656,1000000.0,694187.2732016419,522,98000000.0
5377,258569.49631564505,12.631829115184987,1000000.0,741430.503684355,522,98000000.0
5378,266465.8918607599,12.806301893019036,1000000.0,733534.1081392402,522,98000000.0
5379,268121.277338233,12.771407337452224,1000000.0,731878.7226617669,522,98000000.0
5380,302855.6161167585,12.736512781885416,1000000.0,697144.3838832416,522,98000000.0
5381,322597.9327865685,12.247989003950085,1000000.0,677402.0672134315,522,98000000.0
5382,300254.3281405176,11.933938003848802,1000000.0,699745.6718594824,522,98000000.0
5383,440058.8675587234,12.457356337350943,1000000.0,559941.1324412767,522,98000000.0
5384,407553.0333543511,13.259931115387555,1000000.0,592446.9666456489,522,98000000.0
5385,408474.05719569215,13.329720226521177,1000000.0,591525.9428043079,522,98000000.0
5386,324042.4748212767,13.573982115488839,1000000.0,675957.5251787233,522,98000000.0
5387,351993.17713666806,13.469298448788415,1000000.0,648006.822863332,522,98000000.0
5388,335092.53825981723,13.434403893221601,1000000.0,664907.4617401827,522,98000000.0
5389,282005.05569694954,13.225036559820746,1000000.0,717994.9443030504,522,98000000.0
5390,265111.8067522948,12.980774670853084,1000000.0,734888.1932477052,522,98000000.0
5391,277954.89746780874,12.876091004152652,1000000.0,722045.1025321912,522,98000000.0
5392,897938.4301418309,12.876091004152652,1000000.0,102061.56985816907,522,98000000.0
5393,415281.8656352397,11.759465226014752,1000000.0,584718.1343647602,522,98000000.0
5394,416937.0316363364,12.03862167054923,1000000.0,583062.9683636636,522,98000000.0
5395,456769.61590066657,11.201152336945805,1000000.0,543230.3840993334,522,98000000.0
5396,485076.3689673425,10.258999336641951,984383.1570143984,499306.7880470559,522,98000000.0
5397,473721.9448551943,9.910053780973858,957418.0880062408,483696.1431510465,522,98000000.0
5398,402970.0292431573,9.73558100313981,937667.7695554266,534697.7403122692,522,98000000.0
5399,339960.39540790056,9.316846336338099,883087.3816579262,543126.9862500257,522,98000000.0
5400,295765.62900911266,9.456424558605336,904359.1027314533,608593.4737223405,522,98000000.0
5401,410269.9914853841,9.700686447573,933717.7058652636,523447.7143798795,522,98000000.0
5402,440197.2713746978,9.84026466984024,949517.9606259152,509320.6892512174,522,98000000.0
5403,332276.6245439804,10.39857755890919,993427.8258173156,661151.2012733351,522,98000000.0
5404,338764.9841087453,10.468366670042808,997950.160218774,659185.1761100288,522,98000000.0
5405,334222.7153218077,10.782417670144092,1000000.0,665777.2846781923,522,98000000.0
5406,408662.7244036802,10.852206781277713,1000000.0,591337.2755963198,522,98000000.0
5407,418712.3554790209,10.95689044797814,1000000.0,581287.6445209791,522,98000000.0
5408,403059.4901530653,11.270941448079421,1000000.0,596940.5098469347,522,98000000.0
5409,398923.60817773815,11.619887003747515,1000000.0,601076.3918222619,522,98000000.0
5410,387565.7168481097,11.410519670346659,1000000.0,612434.2831518904,522,98000000.0
5411,546017.5292583333,11.131363225812185,1000000.0,453982.47074166674,522,98000000.0
5412,427820.3418612826,11.201152336945805,1000000.0,572179.6581387174,522,98000000.0
5413,417758.483260536,10.852206781277713,1000000.0,582241.516739464,522,98000000.0
5414,412797.7725089266,10.677734003443664,1000000.0,587202.2274910734,522,98000000.0
5415,434338.5172800968,10.95689044797814,1000000.0,565661.4827199031,522,98000000.0
5416,1191342.2430789818,11.410519670346659,1000000.0,-191342.24307898176,523,97808657.75692102
5417,485520.3520961264,10.95689044797814,1000000.0,514479.6479038736,524,98000000.0
5418,473541.6876629688,10.747523114577284,1000000.0,526458.3123370311,524,98000000.0
5419,472315.7011680116,10.39857755890919,993427.8258173156,521112.124649304,524,98000000.0
5420,396688.4774267591,10.154315669941525,977599.6554122109,580911.1779854518,524,98000000.0
5421,422079.7193173485,10.328788447775572,988905.4914158571,566825.7720985087,524,98000000.0
5422,386090.3245023439,9.77047555870662,941617.8332455894,555527.5087432455,524,98000000.0
5423,402351.41256792826,8.72363889170234,782733.5671967207,380382.1546287925,524,98000000.0
5424,418450.2763148188,7.607013113564441,548985.6902296027,130535.41391478392,524,98000000.0
5425,382319.6719439573,6.595071002126969,358276.1555641371,-24043.516379820183,525,97975956.48362018
5426,336166.1415106649,6.804438335527826,394119.8430423639,57953.701531698985,526,98000000.0
5427,337526.0858061831,7.0835947800623,443951.13898018585,106425.05317400274,526,98000000.0
5428,370508.388346388,7.572118557997631,541294.9301826778,170786.5418362898,526,98000000.0
5429,326407.312731647,7.921064113665725,618202.5306519258,291795.21792027884,526,98000000.0
5430,375128.9956009215,7.8163804469652955,595130.2505111512,220001.25491022965,526,98000000.0
5431,302612.5327322736,8.200220558200199,677646.3172220417,375033.78448976803,526,98000000.0
5432,376987.4080297012,8.828322558402768,802455.9700030814,425468.56197338016,526,98000000.0
5433,392412.8394737648,8.479377002734674,736269.1705742816,343856.3311005168,526,98000000.0
5434,408619.6557243475,8.304904224900628,699629.887229132,291010.2315047845,526,98000000.0
5435,426105.07750837225,6.769543779961015,388145.8951293258,-37959.182379046455,527,97962040.81762095
5436,362206.1765808584,7.502329446864012,525913.4100888282,163707.23350796977,528,98000000.0
5437,348309.5369809216,7.292962113463156,484903.38939339336,136593.85241247178,528,98000000.0
5438,1129971.5180722652,7.362751224596776,498554.1395311294,-631417.3785411358,529,97368582.62145886
5439,602759.6663589726,7.8163804469652955,595130.2505111512,-7629.415847821394,529,97360953.20561104
5440,425846.0768598164,7.572118557997631,541294.9301826778,115448.85332286143,530,97476402.0589339
5441,471654.4197041247,6.769543779961015,388145.8951293258,-83508.52457479888,531,97392893.5343591
5442,437142.23465067416,6.874227446661443,406067.7388684391,-31074.495782235055,531,97361819.03857686
5443,479410.24541747326,6.315914557592494,314828.98870065215,-164581.2567168211,531,97197237.78186004
5444,516718.2016871076,6.6648601132605885,370224.0513902128,-146494.15029689483,531,97050743.63156314
5445,512271.53629446897,6.734649224394207,382171.9472162883,-130099.58907818067,531,96920644.04248495
5446,432850.94317392376,6.6648601132605885,370224.0513902128,-62626.89178371098,531,96858017.15070124
5447,469039.627356385,6.2461254464588745,304528.1158973299,-164511.51145905512,531,96693505.63924219
5448,399443.6411107677,6.420598224292922,330280.29790563526,-69163.34320513246,531,96624342.29603705
5449,381115.5489831304,6.211230890892066,299377.67949566897,-81737.8694874614,531,96542604.42654958
5450,313148.08163740154,6.001863557491209,268475.0610857024,-44673.020551699155,531,96497931.40599789
5451,327405.5366230024,6.1065472241916385,283926.37029068585,-43479.16633231653,531,96454452.23966557
5452,349312.06077289744,6.281020002025685,309678.5522989911,-39633.50847390632,531,96414818.73119166
5453,355275.7158136292,5.792496224090355,240560.4970488353,-114715.21876479391,531,96300103.51242687
5454,367357.00244532665,5.932074446357591,259152.31625483112,-108204.68619049553,531,96191898.82623637
5455,346736.46314599813,6.1065472241916385,283926.37029068585,-62810.09285531228,531,96129088.73338105
5456,312272.2561712743,6.6648601132605885,370224.0513902128,57951.795218938496,532,96187040.52859999
5457,437796.6348344802,7.397645780163584,505379.514599997,67582.87976551685,532,96254623.4083655
5458,392060.594493691,7.711696780264869,572057.970370377,179997.37587668595,532,96434620.78424218
5459,433386.047364277,7.990853224799343,633584.0507457752,200198.00338149822,532,96634818.78762369
5460,358164.01279243216,8.75853344726915,789307.7014655077,431143.6886730756,532,97065962.47629677
5461,367134.6041007895,9.037689891803623,840543.9395108721,473409.3354100826,532,97539371.81170686
5462,1207984.923057712,9.630897336439384,925817.5784849382,-282167.34457277367,533,97257204.46713409
5463,550879.6820326598,9.456424558605336,904359.1027314533,353479.4206987935,534,97610683.88783288
5464,398781.2334563704,9.177268114070863,861815.6605843995,463034.42712802906,534,98000000.0
5465,413136.9359625508,8.339798780467437,706957.7438981617,293820.8079356109,534,98000000.0
5466,457334.45087817655,8.479377002734674,736269.1705742816,278934.71969610505,534,98000000.0
5467,511978.42985533946,8.444482447167864,728941.3139052514,216962.88404991198,534,98000000.0
5468,494331.6414851658,8.304904224900628,699629.887229132,205298.2457439662,534,98000000.0
5469,533978.8086100601,8.898111669536387,815604.2385406554,281625.4299305952,534,98000000.0
5470,470976.4975133158,9.386635447471717,893723.2421946897,422746.7446813739,534,98000000.0
5471,435962.97193082864,9.316846336338099,883087.3816579262,447124.4097270976,534,98000000.0
5472,401572.4354651596,9.142373558504051,856497.7303160174,454925.2948508578,534,98000000.0
5473,269905.1067206596,9.072584447370433,845861.869779254,575956.7630585944,534,98000000.0
5474,286232.39183566906,9.596002780872574,921867.5147947754,635635.1229591063,534,98000000.0
5475,283319.3093482273,10.642839447876854,1000000.0,716680.6906517728,534,98000000.0
5476,309184.5371872746,10.468366670042808,997950.160218774,688765.6230314993,534,98000000.0
5477,290215.3453326916,11.305836003646233,1000000.0,709784.6546673083,534,98000000.0
5478,350454.16814673983,11.44541422591347,1000000.0,649545.8318532602,534,98000000.0
5479,372872.0627030872,11.550097892613897,1000000.0,627127.9372969128,534,98000000.0
5480,411718.6587368633,12.178199892816467,1000000.0,588281.3412631367,534,98000000.0
5481,390762.5616988996,12.806301893019036,1000000.0,609237.4383011004,534,98000000.0
5482,312164.0412055349,13.713560337756078,1000000.0,687835.958794465,534,98000000.0
5483,355369.875966359,12.806301893019036,1000000.0,644630.1240336411,534,98000000.0
5484,328959.1790971006,12.876091004152652,1000000.0,671040.8209028994,534,98000000.0
5485,255257.52192832573,12.771407337452224,1000000.0,744742.4780716742,534,98000000.0
5486,247986.8099174424,12.945880115286274,1000000.0,752013.1900825576,534,98000000.0
5487,280551.4581731356,13.434403893221601,1000000.0,719448.5418268645,534,98000000.0
5488,869206.1680542865,13.573982115488839,1000000.0,130793.8319457135,534,98000000.0
5489,389212.14608321,12.701618226318605,1000000.0,610787.85391679,534,98000000.0
5490,397359.64935581776,12.701618226318605,1000000.0,602640.3506441822,534,98000000.0
5491,416700.5883623344,11.96883255941561,1000000.0,583299.4116376656,534,98000000.0
5492,426406.50046067446,11.689676114881134,1000000.0,573593.4995393255,534,98000000.0
5493,423429.3738385764,11.480308781480279,1000000.0,576570.6261614236,534,98000000.0
5494,364394.5432495772,11.201152336945805,1000000.0,635605.4567504227,534,98000000.0
5495,317706.533763742,11.480308781480279,1000000.0,682293.4662362579,534,98000000.0
5496,311738.8463553877,11.131363225812185,1000000.0,688261.1536446123,534,98000000.0
5497,260828.08957148503,12.387567226217323,1000000.0,739171.9104285149,534,98000000.0
5498,257503.8385482682,13.01566922641989,1000000.0,742496.1614517318,534,98000000.0
5499,251247.0101433348,13.608876671055652,1000000.0,748752.9898566653,534,98000000.0
5500,322081.1336487545,13.469298448788415,1000000.0,677918.8663512454,534,98000000.0
5501,312335.06176581985,12.213094448383275,1000000.0,687664.9382341802,534,98000000.0
5502,319912.61428165645,12.806301893019036,1000000.0,680087.3857183435,534,98000000.0
5503,365954.1313751912,13.329720226521177,1000000.0,634045.8686248087,534,98000000.0
5504,412273.6417780098,12.945880115286274,1000000.0,587726.3582219902,534,98000000.0
5505,400483.63055626943,12.806301893019036,1000000.0,599516.3694437306,534,98000000.0
5506,322659.46464435844,13.0505637819867,1000000.0,677340.5353556415,534,98000000.0
5507,336939.2200693833,12.841196448585844,1000000.0,663060.7799306167,534,98000000.0
5508,347539.22466367163,13.469298448788415,1000000.0,652460.7753363284,534,98000000.0
5509,292603.186325762,13.748454893322887,1000000.0,707396.813674238,534,98000000.0
5510,250964.19163688595,13.922927671156934,1000000.0,749035.808363114,534,98000000.0
5511,294020.5455753512,13.922927671156934,1000000.0,705979.4544246488,534,98000000.0
5512,902927.1217392004,13.922927671156934,1000000.0,97072.87826079957,534,98000000.0
5513,416993.6466929097,13.01566922641989,1000000.0,583006.3533070902,534,98000000.0
5514,423184.2893043505,12.562040004051367,1000000.0,576815.7106956495,534,98000000.0
5515,442483.4746684664,12.003727114982418,1000000.0,557516.5253315335,534,98000000.0
5516,488031.0250766253,11.026679559111757,1000000.0,511968.9749233747,534,98000000.0
5517,444436.33427482174,10.468366670042808,997950.160218774,553513.8259439522,534,98000000.0
5518,407729.4799412383,9.73558100313981,937667.7695554266,529938.2896141883,534,98000000.0
5519,352259.0063426272,9.561108225305764,917917.4511046124,565658.4447619852,534,98000000.0
5520,287704.15567810007,9.630897336439384,925817.5784849382,638113.4228068382,534,98000000.0
5521,253726.82127304215,9.700686447573,933717.7058652636,679990.8845922215,534,98000000.0
5522,264548.1335489728,10.747523114577284,1000000.0,735451.8664510272,534,98000000.0
5523,270566.6508144394,11.131363225812185,1000000.0,729433.3491855606,534,98000000.0
5524,286784.8464145996,10.573050336743236,1000000.0,713215.1535854004,534,98000000.0
5525,324357.44918149174,9.421530003038528,899041.1724630716,574683.7232815799,534,98000000.0
5526,348401.63136668905,9.28195178077129,877769.4513895446,529367.8200228557,534,98000000.0
5527,382397.7494210673,9.665791892006192,929767.642175101,547369.8927540337,534,98000000.0
5528,407794.64425867575,10.92199589241133,1000000.0,592205.3557413243,534,98000000.0
5529,403571.2455534897,11.82925433714837,1000000.0,596428.7544465102,534,98000000.0
5530,301095.4694610969,12.457356337350943,1000000.0,698904.5305389031,534,98000000.0
5531,360102.0825417632,11.550097892613897,1000000.0,639897.9174582368,534,98000000.0
5532,367825.587626097,11.550097892613897,1000000.0,632174.412373903,534,98000000.0
5533,281133.9167689513,11.305836003646233,1000000.0,718866.0832310487,534,98000000.0
5534,237716.10264050085,11.37562511477985,1000000.0,762283.8973594991,534,98000000.0
5535,270799.3209664915,11.096468670245377,1000000.0,729200.6790335085,534,98000000.0
5536,912864.8459279664,10.538155781176425,1000000.0,87135.15407203359,534,98000000.0
5537,390915.27830445865,9.665791892006192,929767.642175101,538852.3638706424,534,98000000.0
5538,443484.5912989919,9.142373558504051,856497.7303160174,413013.13901702553,534,98000000.0
5539,475586.7169670349,8.584060669435102,756437.0301215732,280850.31315453834,534,98000000.0
5540,452013.91300692834,8.13043144706658,662990.6038839819,210976.6908770536,534,98000000.0
5541,455243.6064478608,7.851275002532106,602821.0105580763,147577.40411021555,534,98000000.0
5542,388794.64899904426,8.828322558402768,802455.9700030814,413661.3210040371,534,98000000.0
5543,304185.1215547618,7.990853224799343,633584.0507457752,329398.92919101345,534,98000000.0
5544,294724.2108266486,8.479377002734674,736269.1705742816,441544.959747633,534,98000000.0
5545,259627.53223249703,9.072584447370433,845861.869779254,586234.337546757,534,98000000.0
5546,261160.1972486537,10.677734003443664,1000000.0,738839.8027513463,534,98000000.0
5547,273866.23767610965,11.166257781378995,1000000.0,726133.7623238903,534,98000000.0
5548,321418.1192139431,11.37562511477985,1000000.0,678581.8807860569,534,98000000.0
5549,313883.3627824096,10.607944892310044,1000000.0,686116.6372175904,534,98000000.0
5550,303945.77578102285,10.36368300334238,991166.6586165862,687220.8828355634,534,98000000.0
5551,414213.7036377511,10.119421114374713,975338.4882114815,561124.7845737303,534,98000000.0
5552,402245.39081834623,9.979842892107477,965318.2153865664,563072.8245682202,534,98000000.0
5553,404718.90443233424,9.456424558605336,904359.1027314533,499640.198299119,534,98000000.0
5554,329483.65213399974,9.316846336338099,883087.3816579262,553603.7295239265,534,98000000.0
5555,373702.4331723341,9.037689891803623,840543.9395108721,466841.506338538,534,98000000.0
5556,354148.67747294693,9.700686447573,933717.7058652636,579569.0283923167,534,98000000.0
5557,298119.27160655975,9.700686447573,933717.7058652636,635598.4342587038,534,98000000.0
5558,273102.79213693825,9.87515922540705,953468.024316078,680365.2321791397,534,98000000.0
5559,261759.2843280601,9.386635447471717,893723.2421946897,631963.9578666296,534,98000000.0
5560,862017.1755217105,9.28195178077129,877769.4513895446,15752.275867834105,534,98000000.0
5561,381740.482979311,9.037689891803623,840543.9395108721,458803.4565315611,534,98000000.0
5562,387863.4047069881,8.339798780467437,706957.7438981617,319094.3391911736,534,98000000.0
5563,417730.7106828892,7.711696780264869,572057.970370377,154327.25968748773,534,98000000.0
5564,441834.863350447,7.467434891297203,519030.2647377329,77195.4013872859,534,98000000.0
5565,434142.1266290562,7.990853224799343,633584.0507457752,199441.92411671905,534,98000000.0
5566,438261.3643635953,8.479377002734674,736269.1705742816,298007.8062106863,534,98000000.0
5567,326315.3889322674,6.56017644656016,352302.20765109936,25986.818718831986,534,98000000.0
5568,306888.8538870692,6.909122002228254,412041.6867814771,105152.83289440791,534,98000000.0
5569,238953.8623171872,6.769543779961015,388145.8951293258,149192.0328121386,534,98000000.0
5570,256315.87003955137,7.572118557997631,541294.9301826778,284979.0601431264,534,98000000.0
5571,258133.60941870103,8.898111669536387,815604.2385406554,557470.6291219543,534,98000000.0
5572,343222.80595083546,9.21216266963767,867133.5908527811,523910.7849019456,534,98000000.0
5573,349426.83423332457,9.700686447573,933717.7058652636,584290.871631939,534,98000000.0
5574,333945.07003567874,9.596002780872574,921867.5147947754,587922.4447590967,534,98000000.0
5575,403304.2941606098,9.805370114273432,945567.8969357525,542263.6027751428,534,98000000.0
5576,408607.7498105908,10.084526558807905,973077.3210107522,564469.5712001615,534,98000000.0
5577,393464.9800971405,10.119421114374713,975338.4882114815,581873.508114341,534,98000000.0
5578,344176.9617948694,10.154315669941525,977599.6554122109,633422.6936173415,534,98000000.0
5579,349073.64624332933,10.189210225508333,979860.82261294,630787.1763696107,534,98000000.0
5580,326809.8108231916,10.433472114475999,995688.9930180447,668879.1821948532,534,98000000.0
5581,275384.8971997781,10.573050336743236,1000000.0,724615.1028002219,534,98000000.0
5582,230359.9838118876,10.817312225710902,1000000.0,769640.0161881124,534,98000000.0
5583,281172.6813995618,10.747523114577284,1000000.0,718827.3186004382,534,98000000.0
5584,900799.150070038,10.677734003443664,1000000.0,99200.84992996196,534,98000000.0
5585,431919.23515728017,9.665791892006192,929767.642175101,497848.4070178208,534,98000000.0
5586,406930.2236667294,9.142373558504051,856497.7303160174,449567.506649288,534,98000000.0
5587,488551.54878382623,9.28195178077129,877769.4513895446,389217.9026057184,534,98000000.0
5588,434826.9954753645,8.72363889170234,782733.5671967207,347906.57172135625,534,98000000.0
5589,451968.432914019,7.886169558098915,610511.7706050009,158543.33769098192,534,98000000.0
5590,417324.0879609296,7.502329446864012,525913.4100888282,108589.32212789857,534,98000000.0
5591,316885.01273033046,7.467434891297203,519030.2647377329,202145.25200740242,534,98000000.0
5592,315906.2650349487,7.048700224495491,437125.76391131803,121219.49887636933,534,98000000.0
5593,358067.9900657896,6.769543779961015,388145.8951293258,30077.905063536193,534,98000000.0
5594,312967.5459669399,7.397645780163584,505379.514599997,192411.96863305714,534,98000000.0
5595,320353.10555378586,8.200220558200199,677646.3172220417,357293.2116682558,534,98000000.0
5596,351776.23492768256,8.514271558301482,743288.7615839993,391512.5266563167,534,98000000.0
5597,328105.29358796525,8.72363889170234,782733.5671967207,454628.2736087555,534,98000000.0
5598,325659.88278202526,8.967900780670005,828752.507078229,503092.6242962037,534,98000000.0
5599,350254.0118095674,8.933006225103197,822178.3728094423,471924.36099987495,534,98000000.0
5600,323120.17889537296,10.049632003241095,970816.153810023,647695.97491465,534,98000000.0
5601,435713.9560776838,11.37562511477985,1000000.0,564286.0439223163,534,98000000.0
5602,365515.5878581039,11.550097892613897,1000000.0,634484.4121418961,534,98000000.0
5603,433055.0575973195,11.061574114678566,1000000.0,566944.9424026805,534,98000000.0
5604,344059.2484338236,11.44541422591347,1000000.0,655940.7515661764,534,98000000.0
5605,344202.889488883,10.991785003544948,1000000.0,655797.1105111169,534,98000000.0
5606,1188023.6732729166,11.340730559213043,1000000.0,-188023.67327291658,535,97811976.32672708
5607,588372.459882666,11.724570670447946,1000000.0,411627.540117334,536,98000000.0
5608,423100.6527522473,11.864148892715182,1000000.0,576899.3472477527,536,98000000.0
5609,407981.09944398486,10.852206781277713,1000000.0,592018.9005560151,536,98000000.0
5610,413848.82867468207,10.92199589241133,1000000.0,586151.1713253179,536,98000000.0
5611,520482.44899199775,10.782417670144092,1000000.0,479517.55100800225,536,98000000.0
5612,497039.4320287912,10.084526558807905,973077.3210107522,476037.888981961,536,98000000.0
5613,539062.4260906039,9.805370114273432,945567.8969357525,406505.47084514855,536,98000000.0
5614,445244.27758236375,8.68874433613553,776159.4329279339,330915.1553455701,536,98000000.0
5615,486557.870865289,8.828322558402768,802455.9700030814,315898.09913779236,536,98000000.0
5616,440206.0144458285,9.386635447471717,893723.2421946897,453517.2277488612,536,98000000.0
5617,347081.3079946357,9.944948336540667,961368.1516964036,614286.843701768,536,98000000.0
5618,323530.3912132556,10.39857755890919,993427.8258173156,669897.43460406,536,98000000.0
5619,306435.24123717827,11.096468670245377,1000000.0,693564.7587628218,536,98000000.0
5620,337136.75419046264,11.44541422591347,1000000.0,662863.2458095374,536,98000000.0
5621,351232.86500601785,10.468366670042808,997950.160218774,646717.2952127561,536,98000000.0
5622,374115.2517550621,10.747523114577284,1000000.0,625884.748244938,536,98000000.0
5623,326292.5936945794,10.573050336743236,1000000.0,673707.4063054207,536,98000000.0
5624,342353.7510922696,11.131363225812185,1000000.0,657646.2489077304,536,98000000.0
5625,363305.30824030575,11.305836003646233,1000000.0,636694.6917596943,536,98000000.0
5626,411720.3728381317,11.550097892613897,1000000.0,588279.6271618684,536,98000000.0
5627,453314.0299935518,10.95689044797814,1000000.0,546685.9700064482,536,98000000.0
5628,360791.36029802094,11.061574114678566,1000000.0,639208.639701979,536,98000000.0
5629,367949.23213173496,11.305836003646233,1000000.0,632050.767868265,536,98000000.0
5630,1099701.268952431,10.852206781277713,1000000.0,-99701.26895243092,537,97900298.73104757
5631,605415.0408578523,10.852206781277713,1000000.0,394584.9591421477,538,98000000.0
5632,472212.509864329,10.468366670042808,997950.160218774,525737.650354445,538,98000000.0
5633,404887.1435584634,10.468366670042808,997950.160218774,593063.0166603106,538,98000000.0
5634,479914.41864654847,10.119421114374713,975338.4882114815,495424.069564933,538,98000000.0
5635,542390.2993506179,10.29389389220876,986644.3242151276,444254.0248645097,538,98000000.0
5636,515141.1167014138,9.107479002937243,851179.8000476358,336038.683346222,538,98000000.0
5637,543926.8947474955,8.095536891499771,655662.7472149519,111735.85246745637,538,98000000.0
5638,406384.96810123575,7.746591335831678,579748.7304173018,173363.76231606602,538,98000000.0
5639,439083.3779487458,7.67680222469806,564367.2103234524,125283.83237470657,538,98000000.0
5640,390456.0847591595,8.060642335932963,648334.8905459222,257878.80578676274,538,98000000.0
5641,265645.782491406,8.479377002734674,736269.1705742816,470623.3880828756,538,98000000.0
5642,271920.57072585647,8.967900780670005,828752.507078229,556831.9363523725,538,98000000.0
5643,288975.5620409071,9.491319114172146,909677.0329998351,620701.470958928,538,98000000.0
5644,285370.4501727847,10.189210225508333,979860.82261294,694490.3724401554,538,98000000.0
5645,317257.3690190028,10.154315669941525,977599.6554122109,660342.286393208,538,98000000.0
5646,321708.33840087027,9.84026466984024,949517.9606259152,627809.622225045,538,98000000.0
5647,380068.8103799404,9.73558100313981,937667.7695554266,557598.9591754861,538,98000000.0
5648,365798.2606726542,9.107479002937243,851179.8000476358,485381.5393749816,538,98000000.0
5649,387826.049484406,9.28195178077129,877769.4513895446,489943.4019051386,538,98000000.0
5650,333596.6999679104,10.92199589241133,1000000.0,666403.3000320896,538,98000000.0
5651,352633.30651896034,10.433472114475999,995688.9930180447,643055.6864990843,538,98000000.0
5652,341702.6420293974,11.480308781480279,1000000.0,658297.3579706026,538,98000000.0
5653,276871.8691078985,11.89904344828199,1000000.0,723128.1308921014,538,98000000.0
5654,252003.8624069084,11.58499244818071,1000000.0,747996.1375930916,538,98000000.0
5655,261019.58398799,11.619887003747515,1000000.0,738980.4160120101,538,98000000.0
5656,831114.9851104914,11.515203337047089,1000000.0,168885.0148895086,538,98000000.0
5657,430530.7667130576,10.573050336743236,1000000.0,569469.2332869424,538,98000000.0
5658,412069.7132734903,9.944948336540667,961368.1516964036,549298.4384229133,538,98000000.0
5659,443987.9846686512,9.24705722520448,872451.5211211628,428463.5364525116,538,98000000.0
5660,462068.6163221763,9.142373558504051,856497.7303160174,394429.1139938411,538,98000000.0
5661,413081.05510234594,8.618955225001912,763011.1643903602,349930.1092880143,538,98000000.0
5662,371165.5463452026,7.362751224596776,498554.1395311294,127388.59318592679,538,98000000.0
5663,322850.89917908894,7.1882784467627285,464427.26418678975,141576.3650077008,538,98000000.0
5664,293826.06438989664,6.909122002228254,412041.6867814771,118215.62239158049,538,98000000.0
5665,522832.78239935497,7.432540335730394,512204.889668865,-10627.892730489955,539,97989372.10726951
5666,504244.6805112018,8.16532600263339,670318.4605530121,166073.7800418103,540,98000000.0
5667,394631.08924886456,8.374693336034246,714285.6005671917,319654.51131832716,540,98000000.0
5668,395370.68773490255,8.75853344726915,789307.7014655077,393937.0137306052,540,98000000.0
5669,394555.5690026886,8.584060669435102,756437.0301215732,361881.4611188847,540,98000000.0
5670,1106725.5529410683,8.304904224900628,699629.887229132,-407095.6657119363,541,97592904.33428806
5671,467640.10121061787,8.618955225001912,763011.1643903602,295371.06317974237,542,97888275.3974678
5672,516068.0671266271,9.665791892006192,929767.642175101,413699.5750484739,542,98000000.0
5673,497562.2700378451,10.189210225508333,979860.82261294,482298.55257509486,542,98000000.0
5674,426400.67984379415,10.468366670042808,997950.160218774,571549.4803749798,542,98000000.0
5675,530571.1651483504,10.154315669941525,977599.6554122109,447028.49026386044,542,98000000.0
5676,484555.2750585516,10.782417670144092,1000000.0,515444.7249414484,542,98000000.0
5677,504719.0617985599,10.852206781277713,1000000.0,495280.9382014401,542,98000000.0
5678,505072.4042459541,10.573050336743236,1000000.0,494927.5957540459,542,98000000.0
5679,481806.12835423247,10.328788447775572,988905.4914158571,507099.36306162464,542,98000000.0
5680,550463.345678894,9.87515922540705,953468.024316078,403004.6786371841,542,98000000.0
5681,511307.503288872,9.77047555870662,941617.8332455894,430310.3299567174,542,98000000.0
5682,1418619.0615605055,9.072584447370433,845861.869779254,-572757.1917812516,543,97427242.80821875
5683,546928.2856656397,8.095536891499771,655662.7472149519,108734.46154931223,544,97535977.26976806
5684,517620.77414067736,7.67680222469806,564367.2103234524,46746.43618277501,544,97582723.70595084
5685,504505.8123520941,8.095536891499771,655662.7472149519,151156.9348628578,544,97733880.6408137
5686,510341.65022653865,7.2231730023295375,471252.6392556575,-39089.01097088115,545,97694791.62984282
5687,476743.86903678346,7.292962113463156,484903.38939339336,8159.5203566098935,546,97702951.15019943
5688,488322.282891882,7.292962113463156,484903.38939339336,-3418.8934984886437,547,97699532.25670093
5689,268392.950879702,7.2580675578963465,478078.0143245254,209685.06344482338,548,97909217.32014576
5690,249552.53135057903,6.909122002228254,412041.6867814771,162489.1554308981,548,98000000.0
5691,255445.6956634119,6.839332891094635,400093.79095540155,144648.09529198965,548,98000000.0
5692,322206.0303759165,6.56017644656016,352302.20765109936,30096.177275182854,548,98000000.0
5693,293324.4782728793,7.1882784467627285,464427.26418678975,171102.78591391043,548,98000000.0
5694,325471.83900750725,7.2231730023295375,471252.6392556575,145780.80024815025,548,98000000.0
5695,373506.0535246268,8.025747780366153,641007.0338768922,267500.98035226535,548,98000000.0
5696,402686.513929524,9.072584447370433,845861.869779254,443175.35584972997,548,98000000.0
5697,380750.1406960069,9.77047555870662,941617.8332455894,560867.6925495826,548,98000000.0
5698,314287.6336254509,10.39857755890919,993427.8258173156,679140.1921918647,548,98000000.0
5699,363601.6389204862,10.014737447674285,968554.9866092937,604953.3476888075,548,98000000.0
5700,329945.60072352755,10.573050336743236,1000000.0,670054.3992764724,548,98000000.0
5701,263279.8039894511,10.677734003443664,1000000.0,736720.1960105489,548,98000000.0
5702,262099.9712950575,10.36368300334238,991166.6586165862,729066.6873215288,548,98000000.0
5703,265687.02856782905,10.328788447775572,988905.4914158571,723218.462848028,548,98000000.0
5704,833740.3668640993,9.910053780973858,957418.0880062408,123677.7211421415,548,98000000.0
5705,391014.0928425255,9.526213669738956,913967.3874144498,522953.2945719243,548,98000000.0
5706,455029.9939231358,9.77047555870662,941617.8332455894,486587.8393224536,548,98000000.0
5707,428239.0195577687,9.456424558605336,904359.1027314533,476120.08317368454,548,98000000.0
5708,439966.5378093754,8.304904224900628,699629.887229132,259663.34941975662,548,98000000.0
5709,464293.9190265495,7.1882784467627285,464427.26418678975,133.34516024024924,548,98000000.0
5710,426773.075112917,7.467434891297203,519030.2647377329,92257.18962481589,548,98000000.0
5711,330521.2344007069,7.955958669232534,625893.2906988506,295372.05629814375,548,98000000.0
5712,309185.727006886,8.23511511376701,684974.1738910723,375788.4468841863,548,98000000.0
5713,251679.97907458947,8.933006225103197,822178.3728094423,570498.3937348529,548,98000000.0
5714,253442.62724661615,8.618955225001912,763011.1643903602,509568.53714374406,548,98000000.0
5715,259520.95405289656,8.584060669435102,756437.0301215732,496916.07606867666,548,98000000.0
5716,344108.4066666764,8.339798780467437,706957.7438981617,362849.3372314853,548,98000000.0
5717,293687.96065774205,8.304904224900628,699629.887229132,405941.92657138995,548,98000000.0
5718,336497.6898557443,8.23511511376701,684974.1738910723,348476.484035328,548,98000000.0
5719,375309.15185514645,7.921064113665725,618202.5306519258,242893.37879677938,548,98000000.0
5720,386713.21260218247,8.653849780568722,769585.2986591471,382872.08605696465,548,98000000.0
5721,362116.4570159217,9.73558100313981,937667.7695554266,575551.3125395048,548,98000000.0
5722,335875.90654834587,10.607944892310044,1000000.0,664124.0934516541,548,98000000.0
5723,349782.13061890175,10.36368300334238,991166.6586165862,641384.5279976844,548,98000000.0
5724,327702.57864748244,10.782417670144092,1000000.0,672297.4213525176,548,98000000.0
5725,254518.9967204439,10.747523114577284,1000000.0,745481.003279556,548,98000000.0
5726,233973.16735505252,10.573050336743236,1000000.0,766026.8326449475,548,98000000.0
5727,296296.1837293803,10.782417670144092,1000000.0,703703.8162706196,548,98000000.0
5728,852695.9048357527,10.95689044797814,1000000.0,147304.09516424732,548,98000000.0
5729,371153.45394507097,10.224104781075143,982121.9898136694,610968.5358685984,548,98000000.0
5730,419964.15857232537,9.526213669738956,913967.3874144498,494003.22884212446,548,98000000.0
5731,437038.65564873227,9.177268114070863,861815.6605843995,424777.0049356672,548,98000000.0
5732,452071.975729726,9.24705722520448,872451.5211211628,420379.5453914368,548,98000000.0
5733,458261.3337889604,8.444482447167864,728941.3139052514,270679.98011629103,548,98000000.0
5734,438086.5307361149,9.002795336236815,835226.0092424906,397139.47850637574,548,98000000.0
5735,309399.1494969432,9.910053780973858,957418.0880062408,648018.9385092976,548,98000000.0
5736,321178.6501376581,9.24705722520448,872451.5211211628,551272.8709835047,548,98000000.0
5737,267611.96041239606,8.967900780670005,828752.507078229,561140.5466658329,548,98000000.0
5738,241325.17198954689,9.072584447370433,845861.869779254,604536.6977897071,548,98000000.0
5739,251154.6895601212,9.316846336338099,883087.3816579262,631932.6920978051,548,98000000.0
5740,310386.3906415778,9.910053780973858,957418.0880062408,647031.697364663,548,98000000.0
5741,328969.6451080713,10.36368300334238,991166.6586165862,662197.013508515,548,98000000.0
5742,308572.47330955067,10.468366670042808,997950.160218774,689377.6869092233,548,98000000.0
5743,402846.4181308383,10.224104781075143,982121.9898136694,579275.571682831,548,98000000.0
5744,393378.4867603903,10.573050336743236,1000000.0,606621.5132396098,548,98000000.0
5745,389863.5628498997,11.340730559213043,1000000.0,610136.4371501002,548,98000000.0
5746,358002.63336572016,11.096468670245377,1000000.0,641997.3666342798,548,98000000.0
5747,319078.97444165795,11.44541422591347,1000000.0,680921.025558342,548,98000000.0
5748,336601.2647129034,11.724570670447946,1000000.0,663398.7352870966,548,98000000.0
5749,281395.88291220984,11.89904344828199,1000000.0,718604.1170877902,548,98000000.0
5750,256388.916700052,11.96883255941561,1000000.0,743611.083299948,548,98000000.0
5751,282881.01571753126,11.933938003848802,1000000.0,717118.9842824687,548,98000000.0
5752,766016.0517939805,12.317778115083703,1000000.0,233983.94820601947,548,98000000.0
5753,350500.5020408916,11.58499244818071,1000000.0,649499.4979591083,548,98000000.0
5754,411133.4275673518,11.410519670346659,1000000.0,588866.5724326482,548,98000000.0
5755,491508.0499488753,11.026679559111757,1000000.0,508491.9500511247,548,98000000.0
5756,444456.0876824049,10.95689044797814,1000000.0,555543.9123175951,548,98000000.0
5757,429953.6033357554,10.36368300334238,991166.6586165862,561213.0552808308,548,98000000.0
5758,368007.57239627343,9.87515922540705,953468.024316078,585460.4519198046,548,98000000.0
5759,329767.13505030674,8.75853344726915,789307.7014655077,459540.566415201,548,98000000.0
5760,307082.11576590565,8.16532600263339,670318.4605530121,363236.34478710644,548,98000000.0
5761,375020.0688851554,8.549166113868294,749862.8958527866,374842.82696763123,548,98000000.0
5762,330761.2065018688,8.304904224900628,699629.887229132,368868.6807272632,548,98000000.0
5763,319997.320429494,8.200220558200199,677646.3172220417,357648.99679254764,548,98000000.0
5764,387516.5443270286,9.665791892006192,929767.642175101,542251.0978480724,548,98000000.0
5765,396110.6259738516,9.979842892107477,965318.2153865664,569207.5894127148,548,98000000.0
5766,386378.5145536754,10.084526558807905,973077.3210107522,586698.8064570768,548,98000000.0
5767,333994.7659836727,9.421530003038528,899041.1724630716,565046.406479399,548,98000000.0
5768,357608.72237767134,9.072584447370433,845861.869779254,488253.1474015826,548,98000000.0
5769,402006.9662954399,9.596002780872574,921867.5147947754,519860.5484993355,548,98000000.0
5770,402496.6671734755,10.39857755890919,993427.8258173156,590931.1586438401,548,98000000.0
5771,437548.6155613968,8.75853344726915,789307.7014655077,351759.0859041109,548,98000000.0
5772,388233.46936709445,8.444482447167864,728941.3139052514,340707.844538157,548,98000000.0
5773,342754.49290142,8.060642335932963,648334.8905459222,305580.3976445022,548,98000000.0
5774,1155505.249663219,8.095536891499771,655662.7472149519,-499842.5024482672,549,97500157.49755174
5775,619017.3031015099,8.479377002734674,736269.1705742816,117251.86747277167,550,97617409.3650245
5776,418356.1375652668,8.514271558301482,743288.7615839993,324932.62401873246,550,97942341.98904324
5777,471569.9246092698,8.444482447167864,728941.3139052514,257371.38929598167,550,98000000.0
5778,453785.7971996008,8.444482447167864,728941.3139052514,275155.51670565066,550,98000000.0
5779,512330.9663816282,7.641907669131249,556676.4502765272,44345.48389489902,550,98000000.0
5780,473384.4457582775,7.118489335629109,450776.51404905366,-22607.931709223834,551,97977392.06829077
5781,501217.3919422041,6.03675811305802,273625.4974873637,-227591.8944548404,551,97749800.17383593
5782,440798.04154093337,5.687812557389925,226616.63264433807,-214181.4088965953,551,97535618.76493934
5783,483473.6192183663,5.1294996683209755,160400.36311729247,-323073.2561010738,551,97212545.50883827
5784,401992.6584443365,4.780554112652882,125986.53507394284,-276006.12337039365,551,96936539.38546787
5785,365942.2539402277,4.39671400141798,92674.20730606488,-273268.0466341628,551,96663271.3388337
5786,323802.1925598723,4.431608556984789,95284.3200624622,-228517.8724974101,551,96434753.4663363
5787,308765.3639552135,4.710765001519263,119621.76813855681,-189143.5958166567,551,96245609.87051964
5788,322958.75830374187,5.164394223887786,164280.63769632182,-158678.12060742005,551,96086931.74991222
5789,347275.91615900653,5.757601668523544,235912.5422473361,-111363.37391167044,551,95975568.37600055
5790,391543.72295964265,5.687812557389925,226616.63264433807,-164927.09031530458,551,95810641.28568526
5791,319807.9563754925,5.408656112855451,191442.55974952615,-128365.39662596636,551,95682275.88905929
5792,348342.071939571,5.408656112855451,191442.55974952615,-156899.51219004486,551,95525376.37686925
5793,379232.5649351877,5.932074446357591,259152.31625483112,-120080.24868035657,551,95405296.1281889
5794,416844.0821271072,7.048700224495491,437125.76391131803,20281.681784210843,552,95425577.8099731
5795,464978.2405122111,6.944016557795062,418015.6346945147,-46962.60581769643,553,95378615.20415542
5796,359896.10805682564,6.909122002228254,412041.6867814771,52145.57872465148,554,95430760.78288007
5797,311579.4584241959,6.874227446661443,406067.7388684391,94488.28044424322,554,95525249.06332432
5798,1168149.2978601933,7.432540335730394,512204.889668865,-655944.4081913283,555,94869304.655133
5799,601453.8500825369,7.851275002532106,602821.0105580763,1367.1604755393928,556,94870671.81560853
5800,436258.0354416409,8.374693336034246,714285.6005671917,278027.56512555084,556,95148699.38073409
5801,455325.812580778,8.339798780467437,706957.7438981617,251631.9313173837,556,95400331.31205148
5802,419343.2558714884,8.095536891499771,655662.7472149519,236319.49134346348,556,95636650.80339494
5803,480711.83342347824,7.362751224596776,498554.1395311294,17842.30610765115,556,95654493.1095026
5804,537952.1205137419,6.420598224292922,330280.29790563526,-207671.8226081066,557,95446821.28689449
5805,533671.3025683144,5.862285335223973,249856.4066518332,-283814.89591648115,557,95163006.39097801
5806,432700.4020747913,5.513339779555879,203376.85863684304,-229323.54343794828,557,94933682.84754007
5807,393562.6177436249,5.443550668422261,195322.8343285554,-198239.7834150695,557,94735443.064125
5808,391512.4174333231,4.955026890486929,141898.4524124079,-249613.9650209152,557,94485829.09910409
5809,253832.42567038533,5.1294996683209755,160400.36311729247,-93432.06255309287,557,94392397.036551
5810,274010.70568837534,4.8503432237865,132351.3020093288,-141659.40367904655,557,94250737.63287196
5811,292736.2683035447,4.745659557086072,122804.15160624978,-169932.11669729493,557,94080805.51617466
5812,320687.57187584846,5.1294996683209755,160400.36311729247,-160287.208758556,557,93920518.3074161
5813,323082.61556299624,5.687812557389925,226616.63264433807,-96465.98291865818,557,93824052.32449743
5814,341312.5698739872,5.303972446155022,179801.73601243846,-161510.83386154872,557,93662541.49063589
5815,420924.57350433024,4.815448668219692,129168.91854163593,-291755.65496269433,557,93370785.8356732
5816,406011.8479093993,4.955026890486929,141898.4524124079,-264113.3954969914,557,93106672.4401762
5817,409814.0732353064,5.966969001924401,263800.2710563302,-146013.80217897624,557,92960658.63799722
5818,341619.0035660363,6.839332891094635,400093.79095540155,58474.78738936526,558,93019133.4253866
5819,330735.52432140225,7.432540335730394,512204.889668865,181469.36534746276,558,93200602.79073405
5820,313391.39366410463,7.327856669029965,491728.7644622612,178337.3707981566,558,93378940.16153221
5821,271096.96486904786,7.292962113463156,484903.38939339336,213806.4245243455,558,93592746.58605656
5822,254499.2473199117,7.432540335730394,512204.889668865,257705.64234895332,558,93850452.22840552
5823,287448.84348517243,7.537224002430823,533604.1701357533,246155.32665058092,558,94096607.5550561
5824,878424.2591116204,7.537224002430823,533604.1701357533,-344820.088975867,559,93751787.46608023
5825,378039.1375115968,7.502329446864012,525913.4100888282,147874.2725772314,560,93899661.73865746
5826,418685.6662279119,7.0835947800623,443951.13898018585,25265.472752273956,560,93924927.21140973
5827,456693.44853715634,5.897179890790781,254504.36145333204,-202189.0870838243,561,93722738.1243259
5828,433781.5297633966,5.1294996683209755,160400.36311729247,-273381.16664610413,561,93449356.9576798
5829,447008.2356672896,4.466503112551599,97894.43281885957,-349113.80284843,561,93100243.15483136
5830,397085.7134211822,4.710765001519263,119621.76813855681,-277463.9452826254,561,92822779.20954874
5831,328120.0022289059,5.897179890790781,254504.36145333204,-73615.64077557388,561,92749163.56877317
5832,300723.5666565959,4.9899214460537396,145080.83588010108,-155642.73077649483,561,92593520.83799668
5833,267202.73752371885,4.955026890486929,141898.4524124079,-125304.28511131095,561,92468216.55288537
5834,274040.9559172499,4.39671400141798,92674.20730606488,-181366.748611185,561,92286849.80427419
5835,261168.2478921621,5.0946051127541665,156520.0885382633,-104648.15935389878,561,92182201.64492029
5836,333030.29765414144,5.792496224090355,240560.4970488353,-92469.80060530614,561,92089731.84431498
5837,331588.201985189,4.710765001519263,119621.76813855681,-211966.4338466322,561,91877765.41046834
5838,318017.7986217625,4.675870445952455,116439.38467086392,-201578.41395089857,561,91676186.99651743
5839,401605.7713824625,4.39671400141798,92674.20730606488,-308931.5640763976,561,91367255.43244104
5840,367271.9600759898,4.536292223685217,103709.85080009176,-263562.109275898,561,91103693.32316515
5841,377452.5839840538,5.338867001721832,183682.0105914677,-193770.5733925861,561,90909922.74977256
5842,312141.3491599523,5.513339779555879,203376.85863684304,-108764.49052310927,561,90801158.25924945
5843,341873.2827522266,5.338867001721832,183682.0105914677,-158191.27216075888,561,90642966.9870887
5844,357984.60766461684,5.443550668422261,195322.8343285554,-162661.77333606145,561,90480305.21375263
5845,248579.54819875857,5.827390779657163,245208.45185033412,-3371.096348424442,561,90476934.11740421
5846,282878.706659249,6.281020002025685,309678.5522989911,26799.845639742154,562,90503733.96304394
5847,295164.9348007832,6.595071002126969,358276.1555641371,63111.22076335392,562,90566845.1838073
5848,850854.4319261118,6.769543779961015,388145.8951293258,-462708.536796786,563,90104136.6470105
5849,404165.7683164585,6.6648601132605885,370224.0513902128,-33941.71692624572,563,90070194.93008426
5850,419861.3098552863,6.385703668726113,325129.86150397424,-94731.44835131208,563,89975463.48173295
5851,462112.6076390475,5.862285335223973,249856.4066518332,-212256.20098721428,563,89763207.28074573
5852,450932.386990695,5.722707112956735,231264.58744583713,-219667.7995448579,563,89543539.48120087
5853,421982.04541393457,5.513339779555879,203376.85863684304,-218605.18677709153,563,89324934.29442379
5854,404533.8967447879,5.443550668422261,195322.8343285554,-209211.06241623254,563,89115723.23200756
5855,304575.3995109686,5.618023446256307,217320.72304134,-87254.67646962858,563,89028468.55553794
5856,312559.03109278047,5.303972446155022,179801.73601243846,-132757.295080342,563,88895711.26045759
5857,280800.4773814475,5.164394223887786,164280.63769632182,-116519.83968512568,563,88779191.42077246
5858,250323.22312399396,5.164394223887786,164280.63769632182,-86042.58542767214,563,88693148.83534479
5859,254551.10246082908,5.303972446155022,179801.73601243846,-74749.36644839062,563,88618399.4688964
5860,355100.6196938662,5.652918001823116,221968.6778428391,-133131.94185102708,563,88485267.52704538
5861,339781.81121617503,5.652918001823116,221968.6778428391,-117813.13337333594,563,88367454.39367205
5862,351928.68545148056,6.03675811305802,273625.4974873637,-78303.18796411686,563,88289151.20570794
5863,331528.9,6.03675811305802,273625.4974873637,-57903.40251263633,563,88231247.8031953
5864,404420.2001865569,6.1414417797584475,289076.8066923469,-115343.39349421003,563,88115904.4097011
5865,392980.2877240472,6.909122002228254,412041.6867814771,19061.399057429924,564,88134965.80875853
5866,291091.4573383123,7.2231730023295375,471252.6392556575,180161.1819173452,564,88315126.99067587
5867,338907.0847402579,5.932074446357591,259152.31625483112,-79754.76848542676,565,88235372.22219044
5868,302333.24997535656,6.315914557592494,314828.98870065215,12495.738725295581,566,88247867.96091573
5869,297453.4232565278,6.804438335527826,394119.8430423639,96666.41978583607,566,88344534.38070157
5870,237971.0305628999,7.2580675578963465,478078.0143245254,240106.98376162548,566,88584641.3644632
5871,299298.1569691705,7.502329446864012,525913.4100888282,226615.2531196577,566,88811256.61758286
5872,878409.0569994965,7.8163804469652955,595130.2505111512,-283278.8064883454,567,88527977.81109451
5873,420619.5456972338,7.607013113564441,548985.6902296027,128366.14453236893,568,88656343.95562688
5874,427486.1952806308,7.711696780264869,572057.970370377,144571.77508974617,568,88800915.73071662
5875,423980.4846667807,7.502329446864012,525913.4100888282,101932.9254220475,568,88902848.65613866
5876,422534.864266421,7.292962113463156,484903.38939339336,62368.52512697235,568,88965217.18126564
5877,426483.8048496008,7.0835947800623,443951.13898018585,17467.33413058502,568,88982684.51539622
5878,436357.3353569544,6.420598224292922,330280.29790563526,-106077.03745131916,569,88876607.47794491
5879,332645.65494523506,5.862285335223973,249856.4066518332,-82789.24829340185,569,88793818.22965151
5880,321970.0771673572,6.595071002126969,358276.1555641371,36306.07839677989,570,88830124.3080483
5881,274837.24166724144,7.0835947800623,443951.13898018585,169113.8973129444,570,88999238.20536123
5882,270720.92010571266,6.769543779961015,388145.8951293258,117424.97502361314,570,89116663.18038484
5883,257603.85444497448,6.490387335426542,340581.1707089576,82977.31626398311,570,89199640.49664883
5884,323159.09399556887,6.56017644656016,352302.20765109936,29143.1136555305,570,89228783.61030437
5885,339778.553186993,6.978911113361872,423989.5826075525,84211.02942055953,570,89312994.63972493
5886,314362.22452731774,7.502329446864012,525913.4100888282,211551.18556151044,570,89524545.82528643
5887,389740.07689284266,7.990853224799343,633584.0507457752,243843.97385293257,570,89768389.79913937
5888,397780.72398644406,7.886169558098915,610511.7706050009,212731.04661855684,570,89981120.84575792
5889,407386.8714142109,8.025747780366153,641007.0338768922,233620.1624626813,570,90214741.0082206
5890,318416.811924931,9.351740891904909,888405.3119263081,569988.5000013771,570,90784729.50822197
5891,347780.8817680256,8.933006225103197,822178.3728094423,474397.49104141677,570,91259126.99926339
5892,332026.1751307484,9.491319114172146,909677.0329998351,577650.8578690867,570,91836777.85713248
5893,254707.50738747683,9.386635447471717,893723.2421946897,639015.7348072128,570,92475793.59193969
5894,297922.5338800825,9.456424558605336,904359.1027314533,606436.5688513708,570,93082230.16079105
5895,281050.1993669341,9.037689891803623,840543.9395108721,559493.740143938,570,93641723.900935
5896,995822.546243044,8.898111669536387,815604.2385406554,-180218.3077023886,571,93461505.5932326
5897,389537.2414866972,8.060642335932963,648334.8905459222,258797.649059225,572,93720303.24229182
5898,414482.3872030889,8.13043144706658,662990.6038839819,248508.21668089303,572,93968811.45897272
5899,417553.56825579127,7.921064113665725,618202.5306519258,200648.96239613456,572,94169460.42136885
5900,476110.89126912766,7.67680222469806,564367.2103234524,88256.3190543247,572,94257716.74042317
5901,455008.59993405256,7.851275002532106,602821.0105580763,147812.41062402376,572,94405529.1510472
5902,430784.4678727521,8.23511511376701,684974.1738910723,254189.70601832017,572,94659718.85706551
5903,318910.7606217354,8.200220558200199,677646.3172220417,358735.55660030624,572,95018454.41366582
5904,317633.8894319037,8.374693336034246,714285.6005671917,396651.711135288,572,95415106.1248011
5905,238320.0222113966,9.351740891904909,888405.3119263081,650085.2897149115,572,96065191.41451602
5906,264999.7221724437,9.28195178077129,877769.4513895446,612769.7292171009,572,96677961.14373311
5907,232831.53822538065,9.107479002937243,851179.8000476358,618348.2618222551,572,97296309.40555537
5908,321299.868245776,9.351740891904909,888405.3119263081,567105.443680532,572,97863414.84923589
5909,307059.1660850692,9.944948336540667,961368.1516964036,654308.9856113344,572,98000000.0
5910,360379.2391286041,9.596002780872574,921867.5147947754,561488.2756661712,572,98000000.0
5911,414557.8942216635,9.386635447471717,893723.2421946897,479165.3479730262,572,98000000.0
5912,413401.9308247945,9.87515922540705,953468.024316078,540066.0934912835,572,98000000.0
5913,400025.9359283906,10.503261225609617,1000000.0,599974.0640716094,572,98000000.0
5914,353885.2471314631,10.712628559010474,1000000.0,646114.7528685369,572,98000000.0
5915,368012.0323226472,11.410519670346659,1000000.0,631987.9676773527,572,98000000.0
5916,318949.3099831514,11.131363225812185,1000000.0,681050.6900168486,572,98000000.0
5917,261468.1974931339,10.607944892310044,1000000.0,738531.8025068662,572,98000000.0
5918,254562.3464564692,10.189210225508333,979860.82261294,725298.4761564708,572,98000000.0
5919,275143.1566053398,10.014737447674285,968554.9866092937,693411.830003954,572,98000000.0
5920,814906.6788597737,9.87515922540705,953468.024316078,138561.34545630438,572,98000000.0
5921,397767.22454461054,9.21216266963767,867133.5908527811,469366.36630817055,572,98000000.0
5922,432162.3350445434,9.177268114070863,861815.6605843995,429653.3255398561,572,98000000.0
5923,482773.720181753,8.967900780670005,828752.507078229,345978.786896476,572,98000000.0
5924,451081.1778519129,8.13043144706658,662990.6038839819,211909.42603206902,572,98000000.0
5925,448208.06571766926,7.67680222469806,564367.2103234524,116159.1446057831,572,98000000.0
5926,425393.3839125843,7.362751224596776,498554.1395311294,73160.75561854511,572,98000000.0
5927,333405.11725539074,7.572118557997631,541294.9301826778,207889.81292728707,572,98000000.0
5928,297059.0917200173,7.502329446864012,525913.4100888282,228854.31836881087,572,98000000.0
5929,347857.33075216966,7.2231730023295375,471252.6392556575,123395.30850348785,572,98000000.0
5930,335858.4216892805,7.118489335629109,450776.51404905366,114918.09235977317,572,98000000.0
5931,326456.0067203781,7.397645780163584,505379.514599997,178923.5078796189,572,98000000.0
5932,345316.84475308,7.886169558098915,610511.7706050009,265194.9258519209,572,98000000.0
5933,350364.8391966217,8.339798780467437,706957.7438981617,356592.90470154,572,98000000.0
5934,366773.3394899327,8.270009669333819,692302.030560102,325528.69107016927,572,98000000.0
5935,360705.2998941797,8.060642335932963,648334.8905459222,287629.59065174253,572,98000000.0
5936,309018.70822030894,8.304904224900628,699629.887229132,390611.17900882306,572,98000000.0
5937,391898.2891769277,8.549166113868294,749862.8958527866,357964.6066758589,572,98000000.0
5938,397042.8770148123,8.584060669435102,756437.0301215732,359394.15310676093,572,98000000.0
5939,473919.6800121008,7.990853224799343,633584.0507457752,159664.37073367444,572,98000000.0
5940,330037.4288910278,8.304904224900628,699629.887229132,369592.4583381042,572,98000000.0
5941,332237.150704119,8.584060669435102,756437.0301215732,424199.87941745424,572,98000000.0
5942,1181275.9402024518,8.828322558402768,802455.9700030814,-378819.9701993704,573,97621180.02980062
5943,584539.5759400416,8.270009669333819,692302.030560102,107762.4546200604,574,97728942.48442069
5944,446032.8023613489,7.851275002532106,602821.0105580763,156788.20819672744,574,97885730.69261742
5945,444719.30427157,7.537224002430823,533604.1701357533,88884.86586418335,574,97974615.5584816
5946,397842.2619967626,7.990853224799343,633584.0507457752,235741.78874901263,574,98000000.0
5947,507401.5408231361,7.886169558098915,610511.7706050009,103110.2297818648,574,98000000.0
5948,455415.29348874267,7.467434891297203,519030.2647377329,63614.971248990216,574,98000000.0
5949,543550.402617121,6.595071002126969,358276.1555641371,-185274.2470529839,575,97814725.75294702
5950,453909.2462863725,5.583128890689498,212672.76823984107,-241236.4780465314,575,97573489.27490048
5951,425265.0106051392,4.431608556984789,95284.3200624622,-329980.690542677,575,97243508.5843578
5952,409548.916363246,4.0128738901830765,63962.966985694125,-345585.94937755185,575,96897922.63498025
5953,380950.8823674816,3.9081902234826478,57601.58514077969,-323349.2972267019,575,96574573.33775355
5954,344827.7794802,4.152452112450315,74403.41801128357,-270424.36146891647,575,96304148.97628464
5955,301691.1317603623,4.640975890385645,113257.00120317086,-188434.13055719144,575,96115714.84572744
5956,355992.7429281606,5.024816001620548,148759.5393802049,-207233.2035479557,575,95908481.64217949
5957,360677.6906877909,4.780554112652882,125986.53507394284,-234691.15561384807,575,95673790.48656563
5958,365533.4431323208,5.024816001620548,148759.5393802049,-216773.90375211593,575,95457016.58281352
5959,322379.2695727108,4.815448668219692,129168.91854163593,-193210.35103107488,575,95263806.23178244
5960,371801.3799456096,5.269077890588212,175921.46143340922,-195879.91851220038,575,95067926.31327024
5961,413796.03515847167,6.2461254464588745,304528.1158973299,-109267.9192611418,575,94958658.3940091
5962,379123.7304613684,6.490387335426542,340581.1707089576,-38542.5597524108,575,94920115.8342567
5963,451077.5263631563,6.071652668624828,278775.93388902454,-172301.5924741318,575,94747814.24178256
5964,330003.6457859195,6.1065472241916385,283926.37029068585,-46077.275495233655,575,94701736.96628733
5965,347743.3797276865,6.1414417797584475,289076.8066923469,-58666.57303533965,575,94643070.39325199
5966,1056734.690516358,6.001863557491209,268475.0610857024,-788259.6294306556,575,93854810.76382133
5967,593270.3166100628,6.420598224292922,330280.29790563526,-262990.0187044276,575,93591820.7451169
5968,416342.8105941803,7.1882784467627285,464427.26418678975,48084.45359260944,576,93639905.19870952
5969,400951.8016093652,7.013805668928682,430300.3888424502,29348.58723308501,576,93669253.7859426
5970,417319.2721508344,6.944016557795062,418015.6346945147,696.3625436802977,576,93669950.14848629
5971,501411.93481566646,6.6648601132605885,370224.0513902128,-131187.88342545368,577,93538762.26506083
5972,469269.8935642855,6.281020002025685,309678.5522989911,-159591.34126529435,577,93379170.92379554
5973,487365.1756377572,6.385703668726113,325129.86150397424,-162235.31413378293,577,93216935.60966176
5974,487597.6562143186,6.734649224394207,382171.9472162883,-105425.70899803028,577,93111509.90066373
5975,469201.5798233752,6.281020002025685,309678.5522989911,-159523.0275243841,577,92951986.87313935
5976,408245.6548507829,6.6648601132605885,370224.0513902128,-38021.6034605701,577,92913965.26967879
5977,268309.3571726305,6.909122002228254,412041.6867814771,143732.32960884663,578,93057697.59928763
5978,281969.3799333065,6.699754668827397,376197.9993032503,94228.6193699438,578,93151926.21865757
5979,261263.7344152087,7.2580675578963465,478078.0143245254,216814.27990931668,578,93368740.49856688
5980,334179.41383035487,7.502329446864012,525913.4100888282,191733.99625847331,578,93560474.49482535
5981,339308.32036951906,7.432540335730394,512204.889668865,172896.56929934595,578,93733371.06412469
5982,308692.7894870824,7.8163804469652955,595130.2505111512,286437.46102406876,578,94019808.52514876
5983,400194.468763974,8.095536891499771,655662.7472149519,255468.27845097793,578,94275276.80359975
5984,407203.72438588383,8.23511511376701,684974.1738910723,277770.44950518844,578,94553047.25310494
5985,387093.44652580295,8.75853344726915,789307.7014655077,402214.2549397048,578,94955261.50804465
5986,313676.3324785803,9.037689891803623,840543.9395108721,526867.6070322918,578,95482129.11507694
5987,337024.525231383,8.584060669435102,756437.0301215732,419412.50489019026,578,95901541.61996713
5988,344934.0794053672,9.177268114070863,861815.6605843995,516881.5811790323,578,96418423.20114617
5989,301104.6710585948,9.665791892006192,929767.642175101,628662.9711165063,578,97047086.17226268
5990,241535.1588407113,9.665791892006192,929767.642175101,688232.4833343897,578,97735318.65559708
5991,267785.6739160185,9.805370114273432,945567.8969357525,677782.223019734,578,98000000.0
5992,883107.8839385485,9.73558100313981,937667.7695554266,54559.88561687805,578,98000000.0
5993,403875.5784499359,8.584060669435102,756437.0301215732,352561.45167163736,578,98000000.0
5994,396399.27615264925,8.584060669435102,756437.0301215732,360037.753968924,578,98000000.0
5995,468572.3313961565,7.7814858913984875,587439.4904642267,118867.15906807018,578,98000000.0
5996,449616.8782685789,7.327856669029965,491728.7644622612,42111.88619368232,578,98000000.0
5997,473161.2045035733,7.746591335831678,579748.7304173018,106587.52591372846,578,98000000.0
5998,439062.6957798665,8.025747780366153,641007.0338768922,201944.3380970257,578,98000000.0
5999,342023.7412354629,7.467434891297203,519030.2647377329,177006.52350227,578,98000000.0
6000,298644.9062548609,7.537224002430823,533604.1701357533,234959.26388089242,578,98000000.0
6001,284289.0409134519,8.060642335932963,648334.8905459222,364045.8496324703,578,98000000.0
6002,283168.0671138202,8.444482447167864,728941.3139052514,445773.2467914313,578,98000000.0
6003,253426.9962423521,8.933006225103197,822178.3728094423,568751.3765670903,578,98000000.0
6004,339057.27764760004,8.933006225103197,822178.3728094423,483121.0951618423,578,98000000.0
6005,309796.96753659355,8.828322558402768,802455.9700030814,492659.0024664878,578,98000000.0
6006,327083.7109440058,9.316846336338099,883087.3816579262,556003.6707139204,578,98000000.0
6007,371066.2142136602,9.456424558605336,904359.1027314533,533292.888517793,578,98000000.0
6008,392447.9329715656,10.084526558807905,973077.3210107522,580629.3880391866,578,98000000.0
6009,390744.68100663833,10.712628559010474,1000000.0,609255.3189933617,578,98000000.0
6010,333913.0138288505,10.95689044797814,1000000.0,666086.9861711494,578,98000000.0
6011,348472.103527271,9.979842892107477,965318.2153865664,616846.1118592953,578,98000000.0
6012,320071.6986432875,10.328788447775572,988905.4914158571,668833.7927725696,578,98000000.0
6013,263847.5642647634,10.189210225508333,979860.82261294,716013.2583481766,578,98000000.0
6014,257618.94816900545,10.189210225508333,979860.82261294,722241.8744439345,578,98000000.0
6015,258765.5205868777,10.049632003241095,970816.153810023,712050.6332231453,578,98000000.0
6016,901246.6662674836,10.258999336641951,984383.1570143984,83136.49074691476,578,98000000.0
6017,414346.8726760292,10.328788447775572,988905.4914158571,574558.6187398279,578,98000000.0
6018,429772.8151250911,10.433472114475999,995688.9930180447,565916.1778929536,578,98000000.0
6019,482125.0678407195,10.084526558807905,973077.3210107522,490952.25317003275,578,98000000.0
6020,470938.0920057313,9.630897336439384,925817.5784849382,454879.48647920694,578,98000000.0
6021,455213.374789702,9.596002780872574,921867.5147947754,466654.1400050734,578,98000000.0
6022,406320.1598067918,9.526213669738956,913967.3874144498,507647.227607658,578,98000000.0
6023,344832.5677472903,9.596002780872574,921867.5147947754,577034.947047485,578,98000000.0
6024,310600.0675067541,9.107479002937243,851179.8000476358,540579.7325408817,578,98000000.0
6025,259134.37928552605,9.177268114070863,861815.6605843995,602681.2812988735,578,98000000.0
6026,265326.0439904967,9.21216266963767,867133.5908527811,601807.5468622844,578,98000000.0
6027,260953.08315682737,9.979842892107477,965318.2153865664,704365.132229739,578,98000000.0
6028,306212.1748808486,10.084526558807905,973077.3210107522,666865.1461299036,578,98000000.0
6029,332864.12025024573,9.944948336540667,961368.1516964036,628504.031446158,578,98000000.0
6030,311073.35131169803,10.538155781176425,1000000.0,688926.6486883019,578,98000000.0
6031,402937.27345611353,10.817312225710902,1000000.0,597062.7265438865,578,98000000.0
6032,411681.2467513218,10.817312225710902,1000000.0,588318.7532486782,578,98000000.0
6033,386348.4682965896,10.677734003443664,1000000.0,613651.5317034104,578,98000000.0
6034,329427.0171012504,11.166257781378995,1000000.0,670572.9828987496,578,98000000.0
6035,348895.7109357376,10.433472114475999,995688.9930180447,646793.2820823072,578,98000000.0
6036,352876.6493588272,10.95689044797814,1000000.0,647123.3506411728,578,98000000.0
6037,277797.6752993343,11.096468670245377,1000000.0,722202.3247006657,578,98000000.0
6038,264398.5235304463,11.131363225812185,1000000.0,735601.4764695538,578,98000000.0
6039,283346.86966991425,10.817312225710902,1000000.0,716653.1303300858,578,98000000.0
6040,894785.2195411712,10.433472114475999,995688.9930180447,100903.77347687352,578,98000000.0
6041,392538.916315881,10.084526558807905,973077.3210107522,580538.4046948713,578,98000000.0
6042,417081.83626101713,9.77047555870662,941617.8332455894,524535.9969845723,578,98000000.0
6043,450091.0972437438,9.24705722520448,872451.5211211628,422360.42387741903,578,98000000.0
6044,445479.65606375487,8.898111669536387,815604.2385406554,370124.5824769005,578,98000000.0
6045,440806.0208113359,8.549166113868294,749862.8958527866,309056.8750414507,578,98000000.0
6046,410444.1849627876,8.618955225001912,763011.1643903602,352566.97942757263,578,98000000.0
6047,317626.43800836225,7.572118557997631,541294.9301826778,223668.49217431556,578,98000000.0
6048,328666.0275443774,8.23511511376701,684974.1738910723,356308.1463466949,578,98000000.0
6049,244070.3137147781,8.549166113868294,749862.8958527866,505792.5821380085,578,98000000.0
6050,266749.09095850284,8.409587891601056,721613.4572362219,454864.36627771903,578,98000000.0
6051,249355.8926538243,9.037689891803623,840543.9395108721,591188.0468570478,578,98000000.0
6052,338080.9757905306,10.049632003241095,970816.153810023,632735.1780194924,578,98000000.0
6053,297274.9796400538,9.665791892006192,929767.642175101,632492.6625350472,578,98000000.0
6054,332669.12626904936,9.700686447573,933717.7058652636,601048.5795962142,578,98000000.0
6055,355314.4401432791,9.73558100313981,937667.7695554266,582353.3294121474,578,98000000.0
6056,391490.3197991677,9.596002780872574,921867.5147947754,530377.1949956077,578,98000000.0
6057,398839.61858237366,8.79342800283596,795881.8357342947,397042.21715192107,578,98000000.0
6058,342073.4230968163,9.386635447471717,893723.2421946897,551649.8190978734,578,98000000.0
6059,332871.8870237789,10.049632003241095,970816.153810023,637944.266786244,578,98000000.0
6060,357706.59814827336,10.817312225710902,1000000.0,642293.4018517267,578,98000000.0
6061,272748.4980557777,10.817312225710902,1000000.0,727251.5019442223,578,98000000.0
6062,273579.692219665,10.92199589241133,1000000.0,726420.307780335,578,98000000.0
6063,283461.48063863296,10.817312225710902,1000000.0,716538.519361367,578,98000000.0
6064,847952.5397140663,10.782417670144092,1000000.0,152047.4602859337,578,98000000.0
6065,400409.3058811654,10.328788447775572,988905.4914158571,588496.1855346917,578,98000000.0
6066,390281.51207065606,9.700686447573,933717.7058652636,543436.1937946075,578,98000000.0
6067,455421.8969436659,8.79342800283596,795881.8357342947,340459.9387906288,578,98000000.0
6068,452486.1341525949,8.095536891499771,655662.7472149519,203176.613062357,578,98000000.0
6069,436496.1742837071,7.537224002430823,533604.1701357533,97107.99585204624,578,98000000.0
6070,387615.9615062775,8.025747780366153,641007.0338768922,253391.07237061468,578,98000000.0
6071,332032.74419406324,9.072584447370433,845861.869779254,513829.1255851907,578,98000000.0
6072,278456.8936278485,9.84026466984024,949517.9606259152,671061.0669980667,578,98000000.0
6073,260275.12900900017,10.189210225508333,979860.82261294,719585.6936039398,578,98000000.0
6074,261039.30817419928,10.92199589241133,1000000.0,738960.6918258007,578,98000000.0
6075,254498.91997985035,11.410519670346659,1000000.0,745501.0800201497,578,98000000.0
6076,305455.82227983826,12.03862167054923,1000000.0,694544.1777201617,578,98000000.0
6077,323692.804698998,11.96883255941561,1000000.0,676307.195301002,578,98000000.0
6078,308023.809287573,12.317778115083703,1000000.0,691976.190712427,578,98000000.0
6079,402011.6868956109,12.876091004152652,1000000.0,597988.3131043891,578,98000000.0
6080,398411.8310406026,12.631829115184987,1000000.0,601588.1689593974,578,98000000.0
6081,362305.68729704095,12.527145448484559,1000000.0,637694.312702959,578,98000000.0
6082,326165.9418105503,12.282883559516893,1000000.0,673834.0581894497,578,98000000.0
6083,352415.042403984,12.247989003950085,1000000.0,647584.957596016,578,98000000.0
6084,329236.46817058563,12.666723670751797,1000000.0,670763.5318294144,578,98000000.0
6085,294216.4097243368,12.806301893019036,1000000.0,705783.5902756632,578,98000000.0
6086,258511.49344372997,12.59693455961818,1000000.0,741488.5065562701,578,98000000.0
6087,274482.01024980616,12.213094448383275,1000000.0,725517.9897501939,578,98000000.0
6088,807673.686118806,12.07351622611604,1000000.0,192326.313881194,578,98000000.0
6089,442078.8525806269,10.328788447775572,988905.4914158571,546826.6388352301,578,98000000.0
6090,434758.8842782279,9.944948336540667,961368.1516964036,526609.2674181757,578,98000000.0
6091,454987.9853860764,9.21216266963767,867133.5908527811,412145.6054667047,578,98000000.0
6092,422026.8551610714,8.75853344726915,789307.7014655077,367280.84630443633,578,98000000.0
6093,443443.5688057236,8.72363889170234,782733.5671967207,339289.9983909971,578,98000000.0
6094,416512.5213409464,8.479377002734674,736269.1705742816,319756.6492333352,578,98000000.0
6095,327445.55204389273,8.72363889170234,782733.5671967207,455288.015152828,578,98000000.0
6096,304899.6456362675,9.87515922540705,953468.024316078,648568.3786798106,578,98000000.0
6097,394469.1941773478,10.258999336641951,984383.1570143984,589913.9628370506,578,98000000.0
6098,306221.0943450828,10.817312225710902,1000000.0,693778.9056549172,578,98000000.0
6099,330609.6568455516,11.131363225812185,1000000.0,669390.3431544483,578,98000000.0
6100,351853.2804984841,10.607944892310044,1000000.0,648146.7195015159,578,98000000.0
6101,342157.509480207,11.096468670245377,1000000.0,657842.490519793,578,98000000.0
6102,378321.09859784826,11.201152336945805,1000000.0,621678.9014021517,578,98000000.0
6103,314740.35555073514,11.864148892715182,1000000.0,685259.6444492649,578,98000000.0
6104,333612.83282441046,12.07351622611604,1000000.0,666387.1671755896,578,98000000.0
6105,389750.52077486034,12.422461781784131,1000000.0,610249.4792251396,578,98000000.0
6106,417494.4378897647,12.562040004051367,1000000.0,582505.5621102352,578,98000000.0
6107,453729.6230912554,11.096468670245377,1000000.0,546270.3769087447,578,98000000.0
6108,324045.2065266147,11.236046892512613,1000000.0,675954.7934733853,578,98000000.0
6109,339779.4345149665,10.92199589241133,1000000.0,660220.5654850334,578,98000000.0
6110,1152702.8565410036,10.92199589241133,1000000.0,-152702.85654100357,579,97847297.14345899
6111,607327.6661664364,10.747523114577284,1000000.0,392672.3338335636,580,98000000.0
6112,438835.5483632537,10.852206781277713,1000000.0,561164.4516367463,580,98000000.0
6113,448683.87639768806,10.573050336743236,1000000.0,551316.123602312,580,98000000.0
6114,428515.4489271992,10.189210225508333,979860.82261294,551345.3736857409,580,98000000.0
6115,481330.28247622336,9.526213669738956,913967.3874144498,432637.10493822646,580,98000000.0
6116,576689.0279785306,9.037689891803623,840543.9395108721,263854.9115323415,580,98000000.0
6117,504112.4215981972,9.24705722520448,872451.5211211628,368339.0995229656,580,98000000.0
6118,432456.48285682505,10.119421114374713,975338.4882114815,542882.0053546564,580,98000000.0
6119,406176.9530340418,10.119421114374713,975338.4882114815,569161.5351774397,580,98000000.0
6120,401891.0487589842,10.433472114475999,995688.9930180447,593797.9442590605,580,98000000.0
6121,384641.3900382657,11.026679559111757,1000000.0,615358.6099617344,580,98000000.0
6122,322886.93427924986,11.270941448079421,1000000.0,677113.0657207501,580,98000000.0
6123,312568.2451280671,11.410519670346659,1000000.0,687431.7548719329,580,98000000.0
6124,337646.45318934903,10.712628559010474,1000000.0,662353.546810651,580,98000000.0
6125,326507.1849126237,9.77047555870662,941617.8332455894,615110.6483329657,580,98000000.0
6126,349216.2791268249,9.421530003038528,899041.1724630716,549824.8933362467,580,98000000.0
6127,328677.85558610427,10.014737447674285,968554.9866092937,639877.1310231895,580,98000000.0
6128,327281.32040209504,10.468366670042808,997950.160218774,670668.839816679,580,98000000.0
6129,417203.9013345596,11.724570670447946,1000000.0,582796.0986654405,580,98000000.0
6130,399406.8474925047,11.794359781581562,1000000.0,600593.1525074954,580,98000000.0
6131,444224.7655213018,10.782417670144092,1000000.0,555775.2344786982,580,98000000.0
6132,360663.1949370856,10.39857755890919,993427.8258173156,632764.63088023,580,98000000.0
6133,360658.6562031645,9.87515922540705,953468.024316078,592809.3681129136,580,98000000.0
6134,1080586.6671996,9.177268114070863,861815.6605843995,-218771.00661520055,581,97781228.9933848
6135,603398.2297366919,8.584060669435102,756437.0301215732,153038.80038488132,582,97934267.79376967
6136,467206.616962279,8.618955225001912,763011.1643903602,295804.5474280812,582,98000000.0
6137,451737.2487434162,7.746591335831678,579748.7304173018,128011.48167388554,582,98000000.0
6138,462369.09937467024,7.292962113463156,484903.38939339336,22534.290018723113,582,98000000.0
6139,557079.3133970009,6.734649224394207,382171.9472162883,-174907.3661807126,583,97825092.63381928
6140,521454.6344684684,6.071652668624828,278775.93388902454,-242678.70057944383,583,97582413.93323983
6141,564643.9108207836,5.757601668523544,235912.5422473361,-328731.36857344746,583,97253682.56466639
6142,419435.6918793172,5.966969001924401,263800.2710563302,-155635.42082298704,583,97098047.1438434
6143,411347.1336530057,5.548234335122689,208024.8134383421,-203322.3202146636,583,96894724.82362874
6144,386691.4155612496,5.234183335021404,172041.18685438015,-214650.22870686944,583,96680074.59492187
6145,262951.5295950794,5.0946051127541665,156520.0885382633,-106431.44105681611,583,96573643.15386505
6146,269377.3765383176,5.652918001823116,221968.6778428391,-47408.698695478495,583,96526234.45516957
6147,264509.26528087386,6.176336335325257,294227.24309400795,29717.977813134086,584,96555952.43298271
6148,311318.99344273185,6.909122002228254,412041.6867814771,100722.69333874527,584,96656675.12632146
6149,331104.63219450373,6.909122002228254,412041.6867814771,80937.05458697339,584,96737612.18090844
6150,330690.00470912835,7.0835947800623,443951.13898018585,113261.1342710575,584,96850873.3151795
6151,373621.47581029887,7.432540335730394,512204.889668865,138583.41385856614,584,96989456.72903806
6152,421614.4307791689,7.1882784467627285,464427.26418678975,42812.83340762084,584,97032269.56244569
6153,410429.13062772056,7.921064113665725,618202.5306519258,207773.40002420527,584,97240042.96246989
6154,321878.4258275277,8.584060669435102,756437.0301215732,434558.60429404554,584,97674601.56676394
6155,345240.85948179,7.537224002430823,533604.1701357533,188363.31065396336,584,97862964.8774179
6156,360018.786195692,7.851275002532106,602821.0105580763,242802.2243623843,584,98000000.0
6157,253819.2378156357,8.095536891499771,655662.7472149519,401843.5093993162,584,98000000.0
6158,276133.3982379242,8.200220558200199,677646.3172220417,401512.91898411745,584,98000000.0
6159,284676.079148031,8.549166113868294,749862.8958527866,465186.8167047556,584,98000000.0
6160,847097.9846193093,8.16532600263339,670318.4605530121,-176779.52406629722,585,97823220.4759337
6161,392520.7525573449,6.490387335426542,340581.1707089576,-51939.581848387315,585,97771280.89408532
6162,416203.8005294224,5.757601668523544,235912.5422473361,-180291.25828208632,585,97590989.63580324
6163,417291.1813695888,4.745659557086072,122804.15160624978,-294487.02976333903,585,97296502.6060399
6164,441202.4860410588,4.257135779150741,82233.75628047543,-358968.7297605834,585,96937533.87627931
6165,439904.1075953908,3.9430847790494576,59653.38500810811,-380250.7225872827,585,96557283.15369202
6166,426890.97186514136,3.9081902234826478,57601.58514077969,-369289.3867243617,585,96187993.76696765
6167,318299.59238566464,3.4196664455473176,30065.323604081976,-288234.26878158265,585,95899759.49818607
6168,302670.6296979916,3.105615445446033,16247.079599625458,-286423.55009836616,585,95613335.9480877
6169,259700.8859594551,3.105615445446033,16247.079599625458,-243453.80635982964,585,95369882.14172788
6170,260490.82009386655,3.1405100010128426,17782.440044565075,-242708.3800493015,585,95127173.76167858
6171,269511.1378517845,3.314982778846889,25459.242269263108,-244051.89558252136,585,94883121.86609605
6172,317327.0904764379,3.5592446678145544,37083.5864674958,-280243.50400894205,585,94602878.3620871
6173,312992.5844026413,4.117557556883505,71793.30525488619,-241199.2791477551,585,94361679.08293934
6174,331109.3260458084,4.536292223685217,103709.85080009176,-227399.47524571663,585,94134279.60769363
6175,396234.8538921566,4.5711867792520255,106892.23426778473,-289342.6196243719,585,93844936.98806925
6176,378053.7062928456,4.536292223685217,103709.85080009176,-274343.85549275385,585,93570593.1325765
6177,380922.3069453441,5.583128890689498,212672.76823984107,-168249.53870550302,585,93402343.593871
6178,325682.99044976546,6.2461254464588745,304528.1158973299,-21154.87455243559,585,93381188.71931857
6179,347039.83124306303,6.281020002025685,309678.5522989911,-37361.278944071906,585,93343827.4403745
6180,334795.11465745093,6.52528189099335,346328.2597380615,11533.145080610586,586,93355360.5854551
6181,263626.9518453492,6.909122002228254,412041.6867814771,148414.7349361279,586,93503775.32039124
6182,261933.2690996593,6.944016557795062,418015.6346945147,156082.3655948554,586,93659857.68598609
6183,261541.699682008,7.118489335629109,450776.51404905366,189234.81436704565,586,93849092.50035313
6184,807819.8456897298,7.397645780163584,505379.514599997,-302440.33108973276,587,93546652.1692634
6185,392294.3208569253,7.7814858913984875,587439.4904642267,195145.16960730142,588,93741797.33887069
6186,406481.04886862816,7.292962113463156,484903.38939339336,78422.3405247652,588,93820219.67939545
6187,443054.8627270808,6.6648601132605885,370224.0513902128,-72830.81133686804,589,93747388.86805858
6188,464370.1079536365,6.420598224292922,330280.29790563526,-134089.81004800124,589,93613299.05801058
6189,462860.38903987216,6.176336335325257,294227.24309400795,-168633.1459458642,589,93444665.91206472
6190,383162.7019212674,6.176336335325257,294227.24309400795,-88935.45882725943,589,93355730.45323746
6191,314817.4914874585,5.687812557389925,226616.63264433807,-88200.85884312046,589,93267529.59439434
6192,305589.30070443504,5.443550668422261,195322.8343285554,-110266.46637587965,589,93157263.12801847
6193,351004.9182873842,5.338867001721832,183682.0105914677,-167322.9076959165,589,92989940.22032255
6194,357401.6919323417,5.0946051127541665,156520.0885382633,-200881.6033940784,589,92789058.61692847
6195,360445.6080846836,5.199288779454595,168160.912275351,-192284.6958093326,589,92596773.92111914
6196,398332.074805752,5.408656112855451,191442.55974952615,-206889.51505622588,589,92389884.40606292
6197,379868.2360100976,5.408656112855451,191442.55974952615,-188425.67626057146,589,92201458.72980234
6198,422595.0645438942,5.862285335223973,249856.4066518332,-172738.657892061,589,92028720.07191028
6199,415628.0071797295,5.792496224090355,240560.4970488353,-175067.51013089422,589,91853652.56177938
6200,405188.8821370292,6.52528189099335,346328.2597380615,-58860.62239896768,589,91794791.9393804
6201,391036.9137075014,7.048700224495491,437125.76391131803,46088.85020381666,590,91840880.78958422
6202,431609.6243790488,7.432540335730394,512204.889668865,80595.26528981619,590,91921476.05487403
6203,405367.863355162,7.432540335730394,512204.889668865,106837.02631370304,590,92028313.08118774
6204,373252.0847221053,7.7814858913984875,587439.4904642267,214187.4057421214,590,92242500.48692986
6205,340696.9911620766,7.921064113665725,618202.5306519258,277505.53948984924,590,92520006.02641971
6206,379968.64619630016,8.025747780366153,641007.0338768922,261038.38768059202,590,92781044.4141003
6207,432072.3012990742,8.514271558301482,743288.7615839993,311216.46028492507,590,93092260.87438522
6208,993215.5555669448,8.863217113969577,809030.1042718684,-184185.4512950764,591,92908075.42309014
6209,457153.2891417111,9.107479002937243,851179.8000476358,394026.5109059247,592,93302101.93399607
6210,514245.0133526172,8.444482447167864,728941.3139052514,214696.30055263423,592,93516798.2345487
6211,476600.15712668566,7.990853224799343,633584.0507457752,156983.89361908956,592,93673782.1281678
6212,507903.56171999953,7.641907669131249,556676.4502765272,48772.88855652767,592,93722555.01672432
6213,525427.0390406591,6.734649224394207,382171.9472162883,-143255.0918243708,593,93579299.92489995
6214,450335.5028935709,6.699754668827397,376197.9993032503,-74137.50359032064,593,93505162.42130964
6215,416642.7352622111,6.001863557491209,268475.0610857024,-148167.67417650874,593,93356994.74713312
6216,338928.47114114504,6.52528189099335,346328.2597380615,7399.788596916478,594,93364394.53573003
6217,365437.03069017833,5.897179890790781,254504.36145333204,-110932.6692368463,595,93253461.86649318
6218,335793.589593793,5.652918001823116,221968.6778428391,-113824.91175095388,595,93139636.95474222
6219,385068.7288668294,5.827390779657163,245208.45185033412,-139860.2770164953,595,92999776.67772573
6220,360688.7629394785,6.176336335325257,294227.24309400795,-66461.51984547055,595,92933315.15788026
6221,388429.293451164,5.932074446357591,259152.31625483112,-129276.97719633285,595,92804038.18068393
6222,419847.76021641673,6.071652668624828,278775.93388902454,-141071.8263273922,595,92662966.35435653
6223,405876.2546762725,5.687812557389925,226616.63264433807,-179259.62203193444,595,92483706.7323246
6224,419440.4191051183,5.408656112855451,191442.55974952615,-227997.85935559217,595,92255708.872969
6225,360287.50233155605,6.1414417797584475,289076.8066923469,-71210.69563920918,595,92184498.1773298
6226,406258.0722171628,6.909122002228254,412041.6867814771,5783.61456431431,596,92190281.79189411
6227,395358.0168960627,7.67680222469806,564367.2103234524,169009.19342738966,596,92359290.98532149
6228,414531.4913588621,8.304904224900628,699629.887229132,285098.3958702699,596,92644389.38119176
6229,349222.15590542846,8.933006225103197,822178.3728094423,472956.2169040139,596,93117345.59809577
6230,410857.4044050882,9.456424558605336,904359.1027314533,493501.69832636503,596,93610847.29642214
6231,431940.1162586752,9.979842892107477,965318.2153865664,533378.0991278912,596,94144225.39555003
6232,958066.050735411,10.014737447674285,968554.9866092937,10488.935873882729,596,94154714.33142391
6233,496507.3870084275,9.037689891803623,840543.9395108721,344036.5525024446,596,94498750.88392635
6234,528033.4613887834,8.828322558402768,802455.9700030814,274422.50861429796,596,94773173.39254065
6235,484961.74953547865,8.13043144706658,662990.6038839819,178028.8543485033,596,94951202.24688916
6236,544275.5805981022,7.0835947800623,443951.13898018585,-100324.44161791634,597,94850877.80527124
6237,477943.6946805463,6.420598224292922,330280.29790563526,-147663.39677491103,597,94703214.40849632
6238,478220.84977305256,5.932074446357591,259152.31625483112,-219068.53351822143,597,94484145.8749781
6239,362957.8687376967,6.944016557795062,418015.6346945147,55057.76595681795,598,94539203.64093491
6240,310787.9091658505,7.572118557997631,541294.9301826778,230507.02101682732,598,94769710.66195174
6241,356643.42523278034,7.537224002430823,533604.1701357533,176960.744902973,598,94946671.4068547
6242,362906.5330064653,7.67680222469806,564367.2103234524,201460.67731698707,598,95148132.0841717
6243,406538.1221707108,7.955958669232534,625893.2906988506,219355.16852813982,598,95367487.25269984
6244,343870.42797315697,8.060642335932963,648334.8905459222,304464.46257276525,598,95671951.7152726
6245,395340.9752995559,7.327856669029965,491728.7644622612,96387.7891627053,598,95768339.50443532
6246,425603.6290471365,7.921064113665725,618202.5306519258,192598.9016047893,598,95960938.4060401
6247,403752.1727776482,8.549166113868294,749862.8958527866,346110.7230751384,598,96307049.12911524
6248,414648.0808088776,8.409587891601056,721613.4572362219,306965.3764273443,598,96614014.50554258
6249,403093.67270456575,8.79342800283596,795881.8357342947,392788.163029729,598,97006802.6685723
6250,403823.8598865784,9.561108225305764,917917.4511046124,514093.59121803404,598,97520896.25979035
6251,413234.9906368806,10.29389389220876,986644.3242151276,573409.333578247,598,98000000.0
6252,370703.9633518976,10.189210225508333,979860.82261294,609156.8592610424,598,98000000.0
6253,342323.8793812622,10.049632003241095,970816.153810023,628492.2744287609,598,98000000.0
6254,372045.4278642063,10.677734003443664,1000000.0,627954.5721357937,598,98000000.0
6255,412955.08032338665,10.677734003443664,1000000.0,587044.9196766133,598,98000000.0
6256,885394.7601207999,11.236046892512613,1000000.0,114605.23987920012,598,98000000.0
6257,464151.7466263084,9.24705722520448,872451.5211211628,408299.7744948544,598,98000000.0
6258,428468.0652679188,8.095536891499771,655662.7472149519,227194.6819470331,598,98000000.0
6259,504763.8740029252,6.420598224292922,330280.29790563526,-174483.57609728992,599,97825516.4239027
6260,581125.3781903402,5.792496224090355,240560.4970488353,-340564.881141505,599,97484951.5427612
6261,446728.827734802,5.792496224090355,240560.4970488353,-206168.33068596668,599,97278783.21207523
6262,476023.2339792069,4.92013233492012,138716.0689447149,-337307.165034492,599,96941476.04704075
6263,382382.7576456897,5.47844522398907,199203.10890758454,-183179.64873810517,599,96758296.39830264
6264,339138.06141283776,5.932074446357591,259152.31625483112,-79985.74515800664,599,96678310.65314464
6265,445855.43096971686,5.932074446357591,259152.31625483112,-186703.11471488574,599,96491607.53842975
6266,330628.2541969729,5.932074446357591,259152.31625483112,-71475.93794214175,599,96420131.6004876
6267,383175.664318166,6.6648601132605885,370224.0513902128,-12951.612927953189,599,96407179.98755965
6268,359664.5503129807,7.955958669232534,625893.2906988506,266228.7403858699,600,96673408.72794552
6269,368861.6919715639,7.67680222469806,564367.2103234524,195505.51835188846,600,96868914.2462974
6270,387562.1733456593,8.060642335932963,648334.8905459222,260772.71720026294,600,97129686.96349767
6271,349698.3748683958,8.339798780467437,706957.7438981617,357259.3690297659,600,97486946.33252743
6272,363177.9785939696,8.79342800283596,795881.8357342947,432703.8571403251,600,97919650.18966776
6273,410099.4889554954,8.828322558402768,802455.9700030814,392356.48104758596,600,98000000.0
6274,524938.2865528436,8.16532600263339,670318.4605530121,145380.17400016845,600,98000000.0
6275,495936.4693964208,7.746591335831678,579748.7304173018,83812.26102088095,600,98000000.0
6276,515442.4979035646,8.514271558301482,743288.7615839993,227846.26368043467,600,98000000.0
6277,400316.3738943306,9.21216266963767,867133.5908527811,466817.2169584505,600,98000000.0
6278,1324231.0293796866,9.561108225305764,917917.4511046124,-406313.57827507413,601,97593686.42172493
6279,700948.968964244,9.805370114273432,945567.8969357525,244618.92797150847,602,97838305.34969644
6280,450320.7102817837,10.29389389220876,986644.3242151276,536323.6139333439,602,98000000.0
6281,459450.9876492828,9.596002780872574,921867.5147947754,462416.5271454926,602,98000000.0
6282,457182.391779496,9.456424558605336,904359.1027314533,447176.71095195727,602,98000000.0
6283,509333.95828201255,8.060642335932963,648334.8905459222,139000.93226390966,602,98000000.0
6284,527488.0818397864,6.6648601132605885,370224.0513902128,-157264.0304495736,603,97842735.96955043
6285,508720.08497013256,5.408656112855451,191442.55974952615,-317277.5252206064,603,97525458.44432983
6286,473293.6536275257,7.1882784467627285,464427.26418678975,-8866.389440735977,603,97516592.0548891
6287,403256.1625948529,7.467434891297203,519030.2647377329,115774.10214287997,604,97632366.15703198
6288,414607.6803888186,6.350809113159303,319979.42510231317,-94628.25528650545,605,97537737.90174548
6289,409997.4689273847,6.03675811305802,273625.4974873637,-136371.971440021,605,97401365.93030547
6290,349382.22028212616,6.211230890892066,299377.67949566897,-50004.54078645719,605,97351361.389519
6291,356016.6993991113,7.118489335629109,450776.51404905366,94759.81464994233,606,97446121.20416895
6292,368583.1885392604,7.746591335831678,579748.7304173018,211165.54187804135,606,97657286.74604699
6293,366007.6325071611,7.502329446864012,525913.4100888282,159905.77758166706,606,97817192.52362865
6294,410753.2309355314,7.921064113665725,618202.5306519258,207449.29971639445,606,98000000.0
6295,361166.7989913411,8.584060669435102,756437.0301215732,395270.23113023216,606,98000000.0
6296,341007.5639195345,8.339798780467437,706957.7438981617,365950.1799786272,606,98000000.0
6297,400172.91105127765,8.270009669333819,692302.030560102,292129.1195088243,606,98000000.0
6298,425955.4,7.7814858913984875,587439.4904642267,161484.09046422667,606,98000000.0
6299,489738.5744683018,6.1414417797584475,289076.8066923469,-200661.7677759549,607,97799338.23222405
6300,518652.42233567097,7.153383891195919,457601.8891179217,-61050.53321774927,607,97738287.6990063
6301,399718.8721488713,8.060642335932963,648334.8905459222,248616.0183970509,608,97986903.71740335
6302,1372730.5410744655,7.153383891195919,457601.8891179217,-915128.6519565438,609,97071775.06544681
6303,738002.1002038079,6.595071002126969,358276.1555641371,-379725.94463967084,609,96692049.12080714
6304,439407.6049339958,6.52528189099335,346328.2597380615,-93079.3451959343,609,96598969.7756112
6305,450571.1000834458,3.7337174456486015,47342.58580413777,-403228.51427930803,609,96195741.2613319
6306,468318.7589358879,3.035826334312414,13176.358709746211,-455142.4002261417,609,95740598.86110575
6307,492487.98268125486,3.1405100010128426,17782.440044565075,-474705.5426366898,609,95265893.31846906
6308,495665.5712550378,3.4196664455473176,30065.323604081976,-465600.2476509558,609,94800293.07081811
6309,470194.7403471428,3.6639283345149827,43238.98606948098,-426955.7542776618,609,94373337.31654045
6310,474334.3128015188,3.8035065567822204,51446.18553879456,-422888.1272627243,609,93950449.18927772
6311,470234.81077535055,5.164394223887786,164280.63769632182,-305954.1730790287,609,93644495.0161987
6312,458745.2691893,5.199288779454595,168160.912275351,-290584.356913949,609,93353910.65928474
6313,369008.8096290525,5.0946051127541665,156520.0885382633,-212488.72109078921,609,93141421.93819395
6314,365543.8904860969,4.9899214460537396,145080.83588010108,-220463.05460599583,609,92920958.88358796
6315,371969.8324232265,4.187346668017123,77013.53076768082,-294956.3016555457,609,92626002.58193241
6316,437421.48963387054,3.5592446678145544,37083.5864674958,-400337.9031663748,609,92225664.67876604
6317,378594.1241181773,3.5592446678145544,37083.5864674958,-341510.53765068145,609,91884154.14111537
6318,412692.4075826296,3.5592446678145544,37083.5864674958,-375608.8211151338,609,91508545.32000023
6319,433309.3553670123,2.756669889777939,5954.7414428481825,-427354.61392416415,609,91081190.70607607
6320,371407.85520334606,2.0238842228749427,0.0,-371407.85520334606,609,90709782.85087273
6321,441537.9237416164,1.64004411164004,0.0,-441537.9237416164,609,90268244.9271311
6322,414058.454936249,3.698822890081792,45290.78593680938,-368767.66899943963,609,89899477.25813167
6323,391767.9082205176,1.0468366670042808,0.0,-391767.9082205176,609,89507709.34991115
6324,378239.8591702103,3.0707208898792238,14711.719154685845,-363528.14001552446,609,89144181.20989563
6325,331149.84121885657,3.83840111234903,53497.98540612295,-277651.85581273364,609,88866529.3540829
6326,398135.67908567947,5.059710557187357,152639.81395923407,-245495.8651264454,609,88621033.48895645
6327,415911.528608961,6.1065472241916385,283926.37029068585,-131985.15831827512,609,88489048.33063817
6328,972038.454908682,6.699754668827397,376197.9993032503,-595840.4556054317,609,87893207.87503274
6329,497421.2493954029,5.513339779555879,203376.85863684304,-294044.39075855986,609,87599163.48427418
6330,531306.5014769878,6.281020002025685,309678.5522989911,-221627.94917799672,609,87377535.53509618
6331,484919.1896456433,4.8503432237865,132351.3020093288,-352567.8876363145,609,87024967.64745986
6332,491154.01673471,3.489455556680936,33136.044493961184,-458017.9722407488,609,86566949.67521912
6333,489381.6051607945,2.756669889777939,5954.7414428481825,-483426.86371794634,609,86083522.81150118
6334,437404.8019110165,2.337935222976227,0.0,-437404.8019110165,609,85646118.00959016
6335,378380.63888939033,1.5004658893728022,0.0,-378380.63888939033,609,85267737.37070078
6336,350364.6897150612,1.4306767782391838,0.0,-350364.6897150612,609,84917372.68098572
6337,371997.5637016867,2.2332515562757993,0.0,-371997.5637016867,609,84545375.11728403
6338,354748.5222029936,2.5473025563770832,1097.4193079483314,-353651.1028950453,609,84191724.01438898
6339,371794.56631182536,2.512408000810274,287.86561879835267,-371506.700693027,609,83820217.31369595
6340,421502.0700176671,2.0587787784417526,0.0,-421502.0700176671,609,83398715.24367829
6341,379734.3693620647,1.64004411164004,0.0,-379734.3693620647,609,83018980.87431622
6342,392318.21910485794,0.9072584447370433,0.0,-392318.21910485794,609,82626662.65521136
6343,390627.8756142205,1.0119421114374714,0.0,-390627.8756142205,609,82236034.77959713
6344,407145.96486337634,1.9540951117413239,0.0,-407145.96486337634,609,81828888.81473376
6345,371843.28843168274,2.651986223077511,3526.0803753982573,-368317.20805628446,609,81460571.60667747
6346,428930.6950812357,3.6290337789481733,41187.18620215259,-387743.50887908315,609,81072828.09779839
6347,396230.8123166123,3.7686120012154114,49394.38567146619,-346836.4266451461,609,80725991.67115325
6348,417387.6395173488,5.408656112855451,191442.55974952615,-225945.07976782264,609,80500046.59138542
6349,357655.78031112027,5.618023446256307,217320.72304134,-140335.05726978026,609,80359711.53411564
6350,418259.86860831926,6.281020002025685,309678.5522989911,-108581.31630932813,609,80251130.21780631
6351,410162.5100062061,7.048700224495491,437125.76391131803,26963.253905111924,610,80278093.47171143
6352,947138.62140492,7.921064113665725,618202.5306519258,-328936.0907529942,611,79949157.38095844
6353,475312.9836030746,6.315914557592494,314828.98870065215,-160483.99490242248,611,79788673.38605602
6354,460074.886290788,6.490387335426542,340581.1707089576,-119493.71558183042,611,79669179.67047419
6355,545415.6173188222,5.687812557389925,226616.63264433807,-318798.9846744841,611,79350380.6857997
6356,526908.4671619185,4.675870445952455,116439.38467086392,-410469.0824910546,611,78939911.60330865
6357,500884.0837594668,4.0477684457498855,66573.07974209143,-434311.0040173754,611,78505600.59929127
6358,486058.8014788154,3.6290337789481733,41187.18620215259,-444871.6152766628,611,78060728.9840146
6359,405990.1247964,3.035826334312414,13176.358709746211,-392813.7660866538,611,77667915.21792795
6360,361685.702246413,3.9430847790494576,59653.38500810811,-302032.3172383049,611,77365882.90068965
6361,370938.0653471263,4.326924890284361,87453.9817932702,-283484.08355385606,611,77082398.8171358
6362,353019.33584084426,4.536292223685217,103709.85080009176,-249309.4850407525,611,76833089.33209504
6363,391555.3964024272,4.39671400141798,92674.20730606488,-298881.18909636233,611,76534208.14299868
6364,394894.739068812,4.292030334717551,84843.86903687281,-310050.8700319392,611,76224157.27296674
6365,366165.7989674867,4.815448668219692,129168.91854163593,-236996.8804258508,611,75987160.39254089
6366,426785.05909393687,5.687812557389925,226616.63264433807,-200168.4264495988,611,75786991.96609129
6367,391179.49358178175,5.932074446357591,259152.31625483112,-132027.17732695062,611,75654964.78876434
6368,429688.6121627903,5.897179890790781,254504.36145333204,-175184.25070945828,611,75479780.53805488
6369,421103.0886235071,6.071652668624828,278775.93388902454,-142327.15473448258,611,75337453.3833204
6370,412756.8957665279,6.6648601132605885,370224.0513902128,-42532.84437631513,611,75294920.5389441
6371,403848.6696599433,5.792496224090355,240560.4970488353,-163288.17261110802,611,75131632.366333
6372,398831.2222864877,6.769543779961015,388145.8951293258,-10685.327157161897,611,75120947.03917584
6373,342060.8626409579,7.432540335730394,512204.889668865,170144.02702790714,612,75291091.06620374
6374,368007.638518616,8.16532600263339,670318.4605530121,302310.8220343961,612,75593401.88823813
6375,390907.0347549629,8.200220558200199,677646.3172220417,286739.28246707877,612,75880141.17070521
6376,1048013.6164701156,8.23511511376701,684974.1738910723,-363039.44257904333,613,75517101.72812617
6377,468314.71079263306,8.828322558402768,802455.9700030814,334141.2592104483,614,75851242.98733662
6378,487292.6110744805,8.933006225103197,822178.3728094423,334885.7617349618,614,76186128.74907158
6379,524400.8588171253,8.16532600263339,670318.4605530121,145917.60173588677,614,76332046.35080747
6380,508089.3256969159,6.420598224292922,330280.29790563526,-177809.02779128065,615,76154237.3230162
6381,501242.550442233,5.687812557389925,226616.63264433807,-274625.9177978949,615,75879611.4052183
6382,483614.4534482223,6.769543779961015,388145.8951293258,-95468.55831889651,615,75784142.8468994
6383,421755.2835313328,6.978911113361872,423989.5826075525,2234.2990762197296,616,75786377.14597562
6384,359686.578378759,7.432540335730394,512204.889668865,152518.31129010604,616,75938895.45726572
6385,323496.1842794976,7.362751224596776,498554.1395311294,175057.9552516318,616,76113953.41251735
6386,351035.0856158564,7.67680222469806,564367.2103234524,213332.12470759597,616,76327285.53722495
6387,371111.9680809513,7.292962113463156,484903.38939339336,113791.42131244205,616,76441076.95853738
6388,368999.30921360274,7.327856669029965,491728.7644622612,122729.45524865849,616,76563806.41378604
6389,360788.0860124164,7.013805668928682,430300.3888424502,69512.30283003382,616,76633318.71661608
6390,421130.0534249162,7.851275002532106,602821.0105580763,181690.95713316015,616,76815009.67374924
6391,422114.4587882028,7.432540335730394,512204.889668865,90090.43088066223,616,76905100.1046299
6392,376578.1408785238,7.711696780264869,572057.970370377,195479.82949185313,616,77100579.93412176
6393,420188.2586406796,7.851275002532106,602821.0105580763,182632.75191739673,616,77283212.68603915
6394,406731.1110796542,7.886169558098915,610511.7706050009,203780.6595253467,616,77486993.3455645
6395,427203.9840916224,7.7814858913984875,587439.4904642267,160235.5063726043,616,77647228.8519371
6396,353598.38714674546,7.921064113665725,618202.5306519258,264604.1435051804,616,77911832.99544229
6397,330365.3421288609,8.23511511376701,684974.1738910723,354608.8317622114,616,78266441.8272045
6398,365750.5058193873,8.409587891601056,721613.4572362219,355862.95141683455,616,78622304.77862133
6399,397627.83936138655,8.584060669435102,756437.0301215732,358809.1907601867,616,78981113.96938151
6400,885537.3443070196,8.828322558402768,802455.9700030814,-83081.37430393824,617,78898032.59507757
6401,514681.98445822,8.200220558200199,677646.3172220417,162964.33276382164,618,79060996.9278414
6402,481324.3400356821,8.339798780467437,706957.7438981617,225633.4038624796,618,79286630.33170387
6403,491948.0985139389,8.339798780467437,706957.7438981617,215009.6453842228,618,79501639.9770881
6404,441743.3858674007,8.270009669333819,692302.030560102,250558.6446927013,618,79752198.6217808
6405,504487.0360886058,8.095536891499771,655662.7472149519,151175.71112634608,618,79903374.33290714
6406,484130.3499974536,7.990853224799343,633584.0507457752,149453.7007483216,618,80052828.03365546
6407,403998.96675956046,7.711696780264869,572057.970370377,168059.0036108165,618,80220887.03726628
6408,375432.6091260221,7.7814858913984875,587439.4904642267,212006.8813382046,618,80432893.9186045
6409,364070.3941333493,7.537224002430823,533604.1701357533,169533.77600240405,618,80602427.6946069
6410,384647.303280541,6.52528189099335,346328.2597380615,-38319.043542479456,619,80564108.65106443
6411,394587.5897059988,5.932074446357591,259152.31625483112,-135435.27345116765,619,80428673.37761326
6412,383399.9269972015,6.211230890892066,299377.67949566897,-84022.24750153255,619,80344651.13011172
6413,418747.8365790312,6.978911113361872,423989.5826075525,5241.746028521331,620,80349892.87614025
6414,396410.02163794014,7.048700224495491,437125.76391131803,40715.742273377895,620,80390608.61841363
6415,408907.93923101446,7.292962113463156,484903.38939339336,75995.4501623789,620,80466604.06857601
6416,364491.6150733466,7.048700224495491,437125.76391131803,72634.14883797144,620,80539238.21741398
6417,393877.4528252777,6.839332891094635,400093.79095540155,6216.338130123855,620,80545454.5555441
6418,356496.08555653435,6.769543779961015,388145.8951293258,31649.809572791448,620,80577104.36511688
6419,379833.9305715344,6.03675811305802,273625.4974873637,-106208.43308417068,621,80470895.9320327
6420,356835.01784172986,6.350809113159303,319979.42510231317,-36855.592739416694,621,80434040.33929329
6421,329159.39916904893,6.52528189099335,346328.2597380615,17168.860569012584,622,80451209.1998623
6422,390509.30808761634,6.769543779961015,388145.8951293258,-2363.4129582905443,623,80448845.786904
6423,408664.1972044941,7.118489335629109,450776.51404905366,42112.316844559566,624,80490958.10374856
6424,969341.189641234,7.153383891195919,457601.8891179217,-511739.3005233123,625,79979218.80322525
6425,456955.3063937536,6.490387335426542,340581.1707089576,-116374.13568479603,625,79862844.66754045
6426,508777.5937292347,6.56017644656016,352302.20765109936,-156475.38607813534,625,79706369.28146231
6427,527115.9985235535,6.001863557491209,268475.0610857024,-258640.9374378511,625,79447728.34402446
6428,483358.5338186274,5.548234335122689,208024.8134383421,-275333.7203802853,625,79172394.62364417
6429,537832.2412860723,5.059710557187357,152639.81395923407,-385192.42732683825,625,78787202.19631733
6430,440655.5593496732,4.39671400141798,92674.20730606488,-347981.3520436083,625,78439220.84427372
6431,386085.4487725707,2.8962481120451775,9192.956199448117,-376892.4925731226,625,78062328.35170059
6432,364621.6941192029,2.512408000810274,287.86561879835267,-364333.82850040455,625,77697994.52320018
6433,417561.6467291826,1.9540951117413239,0.0,-417561.6467291826,625,77280432.876471
6434,396019.974172483,1.6749386672068491,0.0,-396019.974172483,625,76884412.90229851
6435,374897.2602212968,1.7796223339072772,0.0,-374897.2602212968,625,76509515.64207721
6436,381300.2695315636,1.4306767782391838,0.0,-381300.2695315636,625,76128215.37254564
6437,377159.7116415632,0.7676802224698059,0.0,-377159.7116415632,625,75751055.66090408
6438,392650.6125058127,0.48852377793533097,0.0,-392650.6125058127,625,75358405.04839827
6439,336943.32292557973,0.6629965557693778,0.0,-336943.32292557973,625,75021461.72547269
6440,336734.5404758083,1.5702550005064209,0.0,-336734.5404758083,625,74684727.18499687
6441,394933.4890061247,1.7796223339072772,0.0,-394933.4890061247,625,74289793.69599074
6442,538449.5614051834,2.582197111943893,1906.9729970983203,-536542.588408085,625,73753251.10758266
6443,477729.3199442335,3.4196664455473176,30065.323604081976,-447663.9963401515,625,73305587.1112425
6444,554171.7793356122,4.536292223685217,103709.85080009176,-450461.92853552045,625,72855125.18270698
6445,398607.2625618413,5.164394223887786,164280.63769632182,-234326.62486551946,625,72620798.55784146
6446,1221884.345454687,5.618023446256307,217320.72304134,-1004563.622413347,625,71616234.93542811
6447,647920.4460368567,6.1065472241916385,283926.37029068585,-363994.0757461709,625,71252240.85968195
6448,427105.67928177177,6.315914557592494,314828.98870065215,-112276.69058111962,625,71139964.16910084
6449,481755.3634526007,6.595071002126969,358276.1555641371,-123479.20788846363,625,71016484.96121237
6450,498764.0083053793,6.52528189099335,346328.2597380615,-152435.7485673178,625,70864049.21264505
6451,525570.6332123742,5.687812557389925,226616.63264433807,-298954.0005680361,625,70565095.21207702
6452,493710.1329195475,4.431608556984789,95284.3200624622,-398425.8128570853,625,70166669.39921993
6453,483271.2032739995,3.6290337789481733,41187.18620215259,-442084.01707184693,625,69724585.38214809
6454,495867.1260520397,3.28008822328008,23923.881824323515,-471943.2442277162,625,69252642.13792036
6455,432380.7262891742,2.3030406674094177,0.0,-432380.7262891742,625,68820261.4116312
6456,384022.42481571744,2.372829778543036,0.0,-384022.42481571744,625,68436238.98681548
6457,398984.7142185299,2.1285678895753706,0.0,-398984.7142185299,625,68037254.27259696
6458,389929.8614233218,2.19835700070899,0.0,-389929.8614233218,625,67647324.41117363
6459,365818.8401007022,2.756669889777939,5954.7414428481825,-359864.098657854,625,67287460.31251577
6460,354396.2841560544,3.3847718899805077,28529.963159142342,-325866.320996912,625,66961593.991518855
6461,355512.27184346074,3.454561001114127,31600.684049021587,-323911.58779443917,625,66637682.40372442
6462,369381.6535636513,3.454561001114127,31600.684049021587,-337780.96951462975,625,66299901.43420979
6463,340068.6070887182,2.756669889777939,5954.7414428481825,-334113.86564587004,625,65965787.568563916
6464,352614.3770458035,1.919200556174515,0.0,-352614.3770458035,625,65613173.19151811
6465,389766.4640619896,1.5004658893728022,0.0,-389766.4640619896,625,65223406.72745612
6466,467380.40764335264,2.19835700070899,0.0,-467380.40764335264,625,64756026.31981277
6467,498024.2072408151,2.19835700070899,0.0,-498024.2072408151,625,64258002.112571955
6468,532720.8046709348,4.222241223583932,79623.64352407813,-453097.16114685667,625,63804904.9514251
6469,413485.9159147864,5.548234335122689,208024.8134383421,-205461.1024764443,625,63599443.84894865
6470,1308384.8598127917,6.2461254464588745,304528.1158973299,-1003856.7439154618,625,62595587.10503319
6471,684349.1859828631,7.118489335629109,450776.51404905366,-233572.6719338094,625,62362014.43309938
6472,421425.9540217985,7.955958669232534,625893.2906988506,204467.33667705214,626,62566481.76977643
6473,495416.3276283196,7.292962113463156,484903.38939339336,-10512.93823492626,627,62555968.83154151
6474,467516.6853214949,6.978911113361872,423989.5826075525,-43527.10271394235,627,62512441.728827566
6475,493884.4709876669,5.792496224090355,240560.4970488353,-253323.97393883162,627,62259117.754888736
6476,502054.8359924447,5.024816001620548,148759.5393802049,-353295.2966122398,627,61905822.458276495
6477,502013.9752384736,4.8503432237865,132351.3020093288,-369662.6732291448,627,61536159.78504735
6478,470399.83304445865,4.745659557086072,122804.15160624978,-347595.68143820885,627,61188564.103609145
6479,435604.4732483853,4.5711867792520255,106892.23426778473,-328712.23898060055,627,60859851.864628546
6480,406593.057122968,4.92013233492012,138716.0689447149,-267876.9881782531,627,60591974.87645029
6481,334713.7448381462,5.687812557389925,226616.63264433807,-108097.11219380813,627,60483877.764256485
6482,355465.0772228556,5.583128890689498,212672.76823984107,-142792.30898301452,627,60341085.45527347
6483,377624.3789699137,5.059710557187357,152639.81395923407,-224984.56501067962,627,60116100.89026279
6484,401733.9318212092,4.117557556883505,71793.30525488619,-329940.626566323,627,59786160.26369647
6485,364370.47968371375,3.9081902234826478,57601.58514077969,-306768.8945429341,627,59479391.36915354
6486,431594.1800226313,4.257135779150741,82233.75628047543,-349360.4237421559,627,59130030.945411384
6487,392664.69685244304,4.640975890385645,113257.00120317086,-279407.6956492722,627,58850623.24976211
6488,390295.78245756665,4.780554112652882,125986.53507394284,-264309.2473836238,627,58586314.002378486
6489,408617.52142937866,5.932074446357591,259152.31625483112,-149465.20517454753,627,58436848.797203936
6490,404752.5411645423,6.071652668624828,278775.93388902454,-125976.60727551777,627,58310872.18992842
6491,388742.4851251071,4.88523777935331,135533.68547702185,-253208.79964808526,627,58057663.390280336
6492,415068.8251649694,5.792496224090355,240560.4970488353,-174508.32811613413,627,57883155.0621642
6493,338759.5331248515,6.420598224292922,330280.29790563526,-8479.235219216265,627,57874675.826944984
6494,407695.32314438897,6.874227446661443,406067.7388684391,-1627.5842759498628,627,57873048.24266903
6495,401201.7277259275,7.1882784467627285,464427.26418678975,63225.53646086226,628,57936273.77912989
6496,876771.0793085234,7.1882784467627285,464427.26418678975,-412343.8151217337,629,57523929.96400816
6497,446751.653243877,7.048700224495491,437125.76391131803,-9625.88933255896,629,57514304.074675605
6498,524758.8304566472,6.176336335325257,294227.24309400795,-230531.58736263926,629,57283772.487312965
6499,551164.9725744664,5.757601668523544,235912.5422473361,-315252.43032713025,629,56968520.05698583
6500,544657.5545480143,6.978911113361872,423989.5826075525,-120667.97194046178,629,56847852.08504537
6501,486880.3917007423,6.595071002126969,358276.1555641371,-128604.2361366052,629,56719247.84890876
6502,447960.972557024,5.792496224090355,240560.4970488353,-207400.47550818868,629,56511847.37340057
6503,435952.4188579232,5.199288779454595,168160.912275351,-267791.5065825722,629,56244055.866817996
6504,329679.8800751697,5.338867001721832,183682.0105914677,-145997.86948370203,629,56098057.997334294
6505,349069.40872057184,4.117557556883505,71793.30525488619,-277276.1034656856,629,55820781.89386861
6506,356441.1478925176,3.8035065567822204,51446.18553879456,-304994.96235372307,629,55515786.93151489
6507,374694.5703621355,4.0128738901830765,63962.966985694125,-310731.60337644134,629,55205055.32813845
6508,366375.44693462993,3.7686120012154114,49394.38567146619,-316981.06126316375,629,54888074.26687528
6509,369093.9375880976,4.0128738901830765,63962.966985694125,-305130.97060240345,629,54582943.29627288
6510,408116.3960884396,4.0128738901830765,63962.966985694125,-344153.4291027455,629,54238789.86717013
6511,402863.3875016468,3.9430847790494576,59653.38500810811,-343210.0024935387,629,53895579.864676595
6512,402204.4681784204,3.698822890081792,45290.78593680938,-356913.682241611,629,53538666.18243498
6513,400794.2260197368,3.7337174456486015,47342.58580413777,-353451.64021559904,629,53185214.542219386
6514,391549.9223079719,4.117557556883505,71793.30525488619,-319756.6170530857,629,52865457.9251663
6515,376796.2968895433,5.373761557288642,187562.28517049697,-189234.01171904634,629,52676223.91344725
6516,390789.07660342864,6.350809113159303,319979.42510231317,-70809.65150111547,629,52605414.261946134
6517,313061.89686611487,7.0835947800623,443951.13898018585,130889.24211407098,630,52736303.50406021
6518,367870.04241173447,7.502329446864012,525913.4100888282,158043.36767709372,630,52894346.8717373
6519,384549.44602028746,7.641907669131249,556676.4502765272,172127.00425623974,630,53066473.87599354
6520,993951.72047593,7.607013113564441,548985.6902296027,-444966.0302463273,631,52621507.84574722
6521,508946.0367041736,7.397645780163584,505379.514599997,-3566.5221041765762,631,52617941.32364304
6522,511696.7574157256,7.2231730023295375,471252.6392556575,-40444.118160068116,631,52577497.205482975
6523,520209.51023059565,6.699754668827397,376197.9993032503,-144011.51092734537,631,52433485.69455563
6524,498052.6752810523,5.059710557187357,152639.81395923407,-345412.8613218182,631,52088072.83323381
6525,511350.10791793256,3.977979334616267,61705.1848754365,-449644.9230424961,631,51638427.91019131
6526,475333.5452108944,4.222241223583932,79623.64352407813,-395709.90168681624,631,51242718.008504495
6527,391106.020253989,5.269077890588212,175921.46143340922,-215184.55882057975,631,51027533.44968391
6528,312118.46317836014,3.28008822328008,23923.881824323515,-288194.58135403664,631,50739338.868329875
6529,369964.8358763128,2.7217753342111304,5145.187753698225,-364819.6481226146,631,50374519.22020726
6530,388497.57790033583,3.8035065567822204,51446.18553879456,-337051.3923615413,631,50037467.827845715
6531,391874.5482735938,4.0128738901830765,63962.966985694125,-327911.5812878997,631,49709556.24655782
6532,421100.7642594588,4.257135779150741,82233.75628047543,-338867.0079789834,631,49370689.23857883
6533,382326.059181564,3.9081902234826478,57601.58514077969,-324724.47404078435,631,49045964.76453805
6534,405652.4590908784,3.9081902234826478,57601.58514077969,-348050.8739500987,631,48697913.89058795
6535,416039.1123575284,3.7686120012154114,49394.38567146619,-366644.72668606223,631,48331269.16390189
6536,401120.5108733196,3.0009317787456045,11640.998264806596,-389479.512608513,631,47941789.651293375
6537,403397.9979889602,2.407724334109846,0.0,-403397.9979889602,631,47538391.65330441
6538,405455.0945235212,2.372829778543036,0.0,-405455.0945235212,631,47132936.55878089
6539,347179.7927576753,5.1294996683209755,160400.36311729247,-186779.42964038282,631,46946157.12914051
6540,398489.4527428789,5.583128890689498,212672.76823984107,-185816.6845030378,631,46760340.44463747
6541,347960.4180132851,5.687812557389925,226616.63264433807,-121343.78536894702,631,46638996.65926852
6542,343553.8446065657,6.1414417797584475,289076.8066923469,-54477.03791421885,631,46584519.621354304
6543,381413.8315215509,6.6648601132605885,370224.0513902128,-11189.780131338106,631,46573329.841222964
6544,1031857.6573392326,6.944016557795062,418015.6346945147,-613842.022644718,631,45959487.81857824
6545,477675.2062725795,6.03675811305802,273625.4974873637,-204049.7087852158,631,45755438.10979303
6546,448521.5432032473,5.652918001823116,221968.6778428391,-226552.8653604082,631,45528885.24443262
6547,508907.42087163776,5.1294996683209755,160400.36311729247,-348507.0577543453,631,45180378.186678275
6548,488772.3812117877,4.536292223685217,103709.85080009176,-385062.53041169595,631,44795315.65626658
6549,483179.2708784567,3.8035065567822204,51446.18553879456,-431733.08533966215,631,44363582.57092691
6550,445472.38344645273,3.3847718899805077,28529.963159142342,-416942.4202873104,631,43946640.1506396
6551,398655.0920410585,3.6290337789481733,41187.18620215259,-357467.90583890595,631,43589172.244800694
6552,317186.70792153204,6.52528189099335,346328.2597380615,29141.551816529478,632,43618313.796617225
6553,368164.0678236308,5.0946051127541665,156520.0885382633,-211643.9792853675,633,43406669.81733186
6554,363754.9408140853,4.0128738901830765,63962.966985694125,-299791.9738283912,633,43106877.84350347
6555,389320.166182577,4.0477684457498855,66573.07974209143,-322747.0864404856,633,42784130.75706298
6556,383134.9172637609,3.5941392233813643,39135.386334824216,-343999.53092893667,633,42440131.22613404
6557,391292.249842413,1.919200556174515,0.0,-391292.249842413,633,42048838.97629163
6558,401429.1264781709,0.9072584447370433,0.0,-401429.1264781709,633,41647409.849813454
6559,397559.321257621,0.5234183335021404,0.0,-397559.321257621,633,41249850.52855583
6560,398329.6974868708,0.45362922236852166,0.0,-398329.6974868708,633,40851520.83106896
6561,447298.8721057957,0.3838401112349029,0.0,-447298.8721057957,633,40404221.95896317
6562,415644.3649323887,0.6978911113361872,0.0,-415644.3649323887,633,39988577.59403078
6563,380393.6469443944,1.8145168894740866,0.0,-380393.6469443944,633,39608183.94708639
6564,396260.8418854199,2.442618889676655,0.0,-396260.8418854199,633,39211923.10520097
6565,303420.3537887908,3.9081902234826478,57601.58514077969,-245818.76864801114,633,38966104.336552955
6566,392829.45449749485,5.269077890588212,175921.46143340922,-216907.99306408563,633,38749196.34348887
6567,376575.0706519969,5.897179890790781,254504.36145333204,-122070.70919866484,633,38627125.63429021
6568,1084873.595378555,6.420598224292922,330280.29790563526,-754593.2974729196,633,37872532.336817294
6569,471919.1301016446,6.211230890892066,299377.67949566897,-172541.45060597564,633,37699990.88621132
6570,542914.4653646009,6.03675811305802,273625.4974873637,-269288.9678772372,633,37430701.91833408
6571,501808.7838927819,5.966969001924401,263800.2710563302,-238008.5128364517,633,37192693.40549763
6572,518369.0734642815,5.513339779555879,203376.85863684304,-314992.21482743847,633,36877701.19067019
6573,450622.5940725409,5.338867001721832,183682.0105914677,-266940.58348107315,633,36610760.60718912
6574,464616.4549707401,5.757601668523544,235912.5422473361,-228703.91272340398,633,36382056.69446571
6575,391884.5755113583,3.035826334312414,13176.358709746211,-378708.2168016121,633,36003348.4776641
6576,356161.22757849365,2.0238842228749427,0.0,-356161.22757849365,633,35647187.25008561
6577,380371.0743776674,1.5353604449396119,0.0,-380371.0743776674,633,35266816.17570794
6578,322163.32042701874,1.744727778340468,0.0,-322163.32042701874,633,34944652.85528092
6579,393191.1906000303,1.64004411164004,0.0,-393191.1906000303,633,34551461.66468089
6580,397316.0364092034,1.3608876671055647,0.0,-397316.0364092034,633,34154145.628271684
6581,381793.233451924,2.407724334109846,0.0,-381793.233451924,633,33772352.39481976
6582,441292.2900387645,3.035826334312414,13176.358709746211,-428115.93132901826,633,33344236.46349074
6583,422331.0350169896,3.035826334312414,13176.358709746211,-409154.6763072434,633,32935081.787183497
6584,349950.5344734821,2.8962481120451775,9192.956199448117,-340757.578274034,633,32594324.208909463
6585,401875.5195344808,3.28008822328008,23923.881824323515,-377951.6377101573,633,32216372.571199305
6586,436316.61148141255,4.292030334717551,84843.86903687281,-351472.74244453973,633,31864899.828754764
6587,417866.9419006392,4.955026890486929,141898.4524124079,-275968.4894882313,633,31588931.33926653
6588,396184.7337225145,5.792496224090355,240560.4970488353,-155624.23667367917,633,31433307.102592852
6589,315111.58598571515,6.699754668827397,376197.9993032503,61086.41331753513,634,31494393.515910387
6590,445749.74914165016,7.607013113564441,548985.6902296027,103235.94108795258,634,31597629.45699834
6591,395829.0878510097,8.095536891499771,655662.7472149519,259833.65936394222,634,31857463.11636228
6592,965690.0681040912,8.270009669333819,692302.030560102,-273388.03754398925,635,31584075.07881829
6593,513880.74530841503,7.153383891195919,457601.8891179217,-56278.85619049333,635,31527796.222627796
6594,483703.0627000603,6.978911113361872,423989.5826075525,-59713.48009250779,635,31468082.74253529
6595,507925.98857789097,6.874227446661443,406067.7388684391,-101858.24970945186,635,31366224.492825836
6596,552884.6218838678,6.52528189099335,346328.2597380615,-206556.36214580626,635,31159668.13068003
6597,500433.7966122589,5.687812557389925,226616.63264433807,-273817.1639679208,635,30885850.966712106
6598,442884.664733305,4.675870445952455,116439.38467086392,-326445.2800624411,635,30559405.686649665
6599,400551.2784342824,2.0936733340085616,0.0,-400551.2784342824,635,30158854.40821538
6600,398198.8028479834,2.7217753342111304,5145.187753698225,-393053.61509428517,635,29765800.793121096
6601,415386.074009725,3.1405100010128426,17782.440044565075,-397603.63396515994,635,29368197.159155935
6602,370481.4050948626,3.7337174456486015,47342.58580413777,-323138.8192907249,635,29045058.33986521
6603,387962.07349771576,4.0128738901830765,63962.966985694125,-323999.1065120216,635,28721059.23335319
6604,371952.9973635477,3.977979334616267,61705.1848754365,-310247.8124881112,635,28410811.420865078
6605,358987.8876333148,3.873295667915839,55549.78527345132,-303438.1023598635,635,28107373.318505213
6606,404980.0933282475,3.83840111234903,53497.98540612295,-351482.10792212456,635,27755891.210583087
6607,381624.8962437949,3.5592446678145544,37083.5864674958,-344541.30977629905,635,27411349.90080679
6608,375320.9817757199,3.5592446678145544,37083.5864674958,-338237.39530822414,635,27073112.505498566
6609,431116.874866991,3.28008822328008,23923.881824323515,-407192.9930426675,635,26665919.5124559
6610,536105.2786411397,3.7337174456486015,47342.58580413777,-488762.692837002,635,26177156.819618896
6611,448093.58456231153,4.117557556883505,71793.30525488619,-376300.2793074254,635,25800856.54031147
6612,554546.3905503612,5.164394223887786,164280.63769632182,-390265.7528540394,635,25410590.787457433
6613,418823.3173636914,6.315914557592494,314828.98870065215,-103994.32866303925,635,25306596.458794393
6614,1317192.7183473252,7.1882784467627285,464427.26418678975,-852765.4541605355,635,24453831.00463386
6615,662403.3622965596,7.467434891297203,519030.2647377329,-143373.09755882673,635,24310457.907075033
6616,433420.7568507743,7.467434891297203,519030.2647377329,85609.5078869586,636,24396067.41496199
6617,491664.0163920145,7.153383891195919,457601.8891179217,-34062.12727409281,637,24362005.287687898
6618,504301.8039358848,6.874227446661443,406067.7388684391,-98234.06506744568,637,24263771.222620454
6619,504247.3215245816,6.52528189099335,346328.2597380615,-157919.06178652006,637,24105852.160833932
6620,503723.3771738988,5.443550668422261,195322.8343285554,-308400.5428453434,637,23797451.61798859
6621,525494.3575658138,4.710765001519263,119621.76813855681,-405872.589427257,637,23391579.02856133
6622,495357.3114443124,4.257135779150741,82233.75628047543,-413123.555163837,637,22978455.473397493
6623,417011.9201449722,4.36181944585117,90064.09454966751,-326947.8255953047,637,22651507.64780219
6624,434028.51619028905,4.326924890284361,87453.9817932702,-346574.53439701884,637,22304933.11340517
6625,421652.25108959054,2.9311426676119865,10002.509888598086,-411649.74120099243,637,21893283.37220418
6626,353577.2308532376,2.9311426676119865,10002.509888598086,-343574.7209646395,637,21549708.65123954
6627,372654.1455498318,3.7686120012154114,49394.38567146619,-323259.7598783656,637,21226448.891361173
6628,425386.2075504214,4.0477684457498855,66573.07974209143,-358813.12780833,637,20867635.763552845
6629,360246.7366333752,3.977979334616267,61705.1848754365,-298541.55175793875,637,20569094.211794905
6630,402319.9424723944,4.0477684457498855,66573.07974209143,-335746.86273030296,637,20233347.349064603
6631,343387.60599570186,4.222241223583932,79623.64352407813,-263763.96247162373,637,19969583.38659298
6632,359162.53768233885,4.606081334818835,110074.6177354778,-249087.91994686105,637,19720495.46664612
6633,372773.9544288256,4.9899214460537396,145080.83588010108,-227693.1185487245,637,19492802.348097395
6634,515621.8240237203,5.618023446256307,217320.72304134,-298301.1009823803,637,19194501.247115016
6635,462301.1322269252,6.455492779859732,335430.73430729646,-126870.39791962877,637,19067630.849195387
6636,499025.6397982062,7.118489335629109,450776.51404905366,-48249.12574915256,637,19019381.723446235
6637,414279.5258653525,7.641907669131249,556676.4502765272,142396.92441117472,638,19161778.64785741
6638,1365768.97253036,7.8163804469652955,595130.2505111512,-770638.722019209,639,18391139.9258382
6639,743334.8743462999,7.467434891297203,519030.2647377329,-224304.60960856703,639,18166835.31622963
6640,432022.5481159665,7.292962113463156,484903.38939339336,52880.841277426865,640,18219716.15750706
6641,430343.3387411207,6.6648601132605885,370224.0513902128,-60119.28735090792,641,18159596.87015615
6642,443648.8845287575,6.909122002228254,412041.6867814771,-31607.197747280356,641,18127989.67240887
6643,501214.8685307407,6.699754668827397,376197.9993032503,-125016.86922749045,641,18002972.80318138
6644,516899.0069748873,6.874227446661443,406067.7388684391,-110831.26810644817,641,17892141.53507493
6645,531725.3477499041,6.52528189099335,346328.2597380615,-185397.08801184263,641,17706744.44706309
6646,476531.48878388695,6.595071002126969,358276.1555641371,-118255.33321974985,641,17588489.113843337
6647,489694.60202195466,5.164394223887786,164280.63769632182,-325413.96432563284,641,17263075.149517704
6648,416974.0724120193,4.9899214460537396,145080.83588010108,-271893.2365319182,641,16991181.912985787
6649,356561.79575290065,4.955026890486929,141898.4524124079,-214663.34334049275,641,16776518.569645295
6650,362840.2966884801,4.780554112652882,125986.53507394284,-236853.76161453727,641,16539664.808030758
6651,374186.4207275586,4.815448668219692,129168.91854163593,-245017.5021859227,641,16294647.305844836
6652,377663.2759094934,5.164394223887786,164280.63769632182,-213382.63821317157,641,16081264.667631665
6653,350176.6955619369,5.548234335122689,208024.8134383421,-142151.88212359478,641,15939112.78550807
6654,421915.5896591728,5.548234335122689,208024.8134383421,-213890.7762208307,641,15725222.00928724
6655,415798.46840320376,5.827390779657163,245208.45185033412,-170590.01655286964,641,15554631.99273437
6656,415259.83064280736,6.2461254464588745,304528.1158973299,-110731.71474547748,641,15443900.277988894
6657,395621.9816952491,6.769543779961015,388145.8951293258,-7476.086565923295,641,15436424.191422971
6658,388644.77783666766,6.978911113361872,423989.5826075525,35344.80477088486,642,15471768.996193856
6659,394196.811892949,6.874227446661443,406067.7388684391,11870.926975490118,642,15483639.923169347
6660,402864.7323668405,7.641907669131249,556676.4502765272,153811.71790968673,642,15637451.641079033
6661,316954.77684889734,7.746591335831678,579748.7304173018,262793.9535684044,642,15900245.594647437
6662,374560.1991551269,8.13043144706658,662990.6038839819,288430.40472885506,642,16188675.999376293
6663,416870.182698138,8.549166113868294,749862.8958527866,332992.7131546486,642,16521668.712530943
6664,1003525.164439163,8.584060669435102,756437.0301215732,-247088.1343175898,643,16274580.578213353
6665,466478.43924279616,7.67680222469806,564367.2103234524,97888.77108065621,644,16372469.349294009
6666,504386.6415834748,7.292962113463156,484903.38939339336,-19483.25219008146,645,16352986.097103927
6667,503146.348821289,6.420598224292922,330280.29790563526,-172866.05091565376,645,16180120.046188274
6668,545047.1572889664,6.1414417797584475,289076.8066923469,-255970.35059661948,645,15924149.695591655
6669,492552.67172272655,6.385703668726113,325129.86150397424,-167422.8102187523,645,15756726.885372903
6670,446986.70709048805,6.629965557693778,364250.10347717477,-82736.60361331329,645,15673990.28175959
6671,388639.1393360519,6.1414417797584475,289076.8066923469,-99562.33264370501,645,15574427.949115885
6672,355024.9356860639,6.211230890892066,299377.67949566897,-55647.256190394924,645,15518780.69292549
6673,356641.21412662254,6.03675811305802,273625.4974873637,-83015.71663925884,645,15435764.976286232
6674,348187.9651931849,5.722707112956735,231264.58744583713,-116923.37774734778,645,15318841.598538885
6675,396564.2165326485,5.443550668422261,195322.8343285554,-201241.3822040931,645,15117600.216334792
6676,362867.7557797872,5.443550668422261,195322.8343285554,-167544.9214512318,645,14950055.29488356
6677,408290.4862109908,5.897179890790781,254504.36145333204,-153786.12475765878,645,14796269.170125902
6678,395796.3023604169,6.2461254464588745,304528.1158973299,-91268.18646308704,645,14705000.983662814
6679,428911.9981991894,6.420598224292922,330280.29790563526,-98631.70029355411,645,14606369.28336926
6680,376281.3969947016,7.048700224495491,437125.76391131803,60844.36691661645,646,14667213.650285877
6681,425163.6923971233,7.502329446864012,525913.4100888282,100749.71769170486,646,14767963.367977582
6682,401502.0137283937,8.025747780366153,641007.0338768922,239505.02014849847,646,15007468.38812608
6683,436123.2253051647,8.549166113868294,749862.8958527866,313739.6705476219,646,15321208.058673702
6684,384708.60096281767,8.618955225001912,763011.1643903602,378302.56342754257,646,15699510.622101245
6685,336463.1518309668,8.967900780670005,828752.507078229,492289.35524726217,646,16191799.977348508
6686,383713.3814073273,9.177268114070863,861815.6605843995,478102.27917707217,646,16669902.25652558
6687,393853.94201555935,9.421530003038528,899041.1724630716,505187.2304475123,646,17175089.486973092
6688,956401.6911777806,9.526213669738956,913967.3874144498,-42434.3037633308,647,17132655.183209762
6689,469581.40065169166,9.002795336236815,835226.0092424906,365644.608590799,648,17498299.791800562
6690,524287.7909412075,8.479377002734674,736269.1705742816,211981.3796330741,648,17710281.171433635
6691,467353.0779709518,8.025747780366153,641007.0338768922,173653.95590594038,648,17883935.127339575
6692,505660.7390189254,7.955958669232534,625893.2906988506,120232.55167992524,648,18004167.6790195
6693,514729.9861014171,7.7814858913984875,587439.4904642267,72709.50436280959,648,18076877.18338231
6694,459327.6905300752,7.2580675578963465,478078.0143245254,18750.323794450145,648,18095627.50717676
6695,399942.8492593003,8.16532600263339,670318.4605530121,270375.6112937118,648,18366003.11847047
6696,382618.5255608581,7.990853224799343,633584.0507457752,250965.52518491715,648,18616968.64365539
6697,329636.8095417876,8.025747780366153,641007.0338768922,311370.2243351046,648,18928338.867990494
6698,373734.8602762765,8.339798780467437,706957.7438981617,333222.8836218852,648,19261561.75161238
6699,338242.7488029469,8.095536891499771,655662.7472149519,317419.998412005,648,19578981.750024386
6700,381271.81240256765,7.641907669131249,556676.4502765272,175404.63787395955,648,19754386.387898345
6701,376932.0358329031,7.2580675578963465,478078.0143245254,101145.97849162226,648,19855532.366389968
6702,398937.4943865251,7.572118557997631,541294.9301826778,142357.43579615268,648,19997889.80218612
6703,388345.1842812229,7.990853224799343,633584.0507457752,245238.86646455235,648,20243128.66865067
6704,425872.8043292413,8.618955225001912,763011.1643903602,337138.36006111896,648,20580267.028711792
6705,413079.1730455645,8.898111669536387,815604.2385406554,402525.06549509085,648,20982792.094206885
6706,442928.80704347993,9.002795336236815,835226.0092424906,392297.2021990107,648,21375089.296405897
6707,425609.1557471671,9.24705722520448,872451.5211211628,446842.3653739957,648,21821931.66177989
6708,373779.2874716505,9.630897336439384,925817.5784849382,552038.2910132877,648,22373969.95279318
6709,333593.8987770522,9.84026466984024,949517.9606259152,615924.061848863,648,22989894.014642045
6710,413607.7104634493,10.189210225508333,979860.82261294,566253.1121494907,648,23556147.126791537
6711,396071.1899083406,9.84026466984024,949517.9606259152,553446.7707175746,648,24109593.897509113
6712,1009793.6782242104,9.21216266963767,867133.5908527811,-142660.0873714293,649,23966933.810137685
6713,481469.5708218906,9.456424558605336,904359.1027314533,422889.53190956265,650,24389823.342047248
6714,470238.1979904442,9.002795336236815,835226.0092424906,364987.81125204643,650,24754811.153299294
6715,529298.5565099847,8.304904224900628,699629.887229132,170331.33071914734,650,24925142.48401844
6716,507779.3247491866,7.362751224596776,498554.1395311294,-9225.185218057188,651,24915917.298800383
6717,466767.14640719385,7.292962113463156,484903.38939339336,18136.242986199504,652,24934053.54178658
6718,452283.9958521672,7.432540335730394,512204.889668865,59920.89381669782,652,24993974.43560328
6719,403642.0724134336,6.769543779961015,388145.8951293258,-15496.177284107776,653,24978478.258319173
6720,370141.5640830774,6.734649224394207,382171.9472162883,12030.383133210882,654,24990508.641452383
6721,369754.2093641468,6.1414417797584475,289076.8066923469,-80677.40267179994,655,24909831.238780584
6722,369462.3808331349,6.52528189099335,346328.2597380615,-23134.12109507341,655,24886697.11768551
6723,339275.38552619104,7.013805668928682,430300.3888424502,91025.00331625919,656,24977722.121001773
6724,388342.617300927,7.1882784467627285,464427.26418678975,76084.64688586275,656,25053806.767887637
6725,356426.6201199981,7.7814858913984875,587439.4904642267,231012.87034422858,656,25284819.638231866
6726,390451.55954517977,8.23511511376701,684974.1738910723,294522.6143458925,656,25579342.25257776
6727,396326.9300233,7.572118557997631,541294.9301826778,144968.0001593778,656,25724310.25273714
6728,381510.5304249984,8.200220558200199,677646.3172220417,296135.7867970433,656,26020446.03953418
6729,380245.00078932807,8.200220558200199,677646.3172220417,297401.3164327136,656,26317847.355966896
6730,414001.6259549776,8.409587891601056,721613.4572362219,307611.8312812443,656,26625459.18724814
6731,422776.80775696976,8.967900780670005,828752.507078229,405975.6993212592,656,27031434.8865694
6732,379372.6155098213,9.665791892006192,929767.642175101,550395.0266652796,656,27581829.91323468
6733,363445.4019627043,9.910053780973858,957418.0880062408,593972.6860435365,656,28175802.59927822
6734,382029.4414676629,10.154315669941525,977599.6554122109,595570.2139445479,656,28771372.813222766
6735,400468.2824278795,9.979842892107477,965318.2153865664,564849.9329586868,656,29336222.746181455
6736,1018910.3833744578,9.316846336338099,883087.3816579262,-135823.00171653158,657,29200399.744464923
6737,473905.7814803346,9.28195178077129,877769.4513895446,403863.66990921006,658,29604263.41437413
6738,485064.7653340077,8.72363889170234,782733.5671967207,297668.80186271307,658,29901932.216236845
6739,479430.6945123622,8.549166113868294,749862.8958527866,270432.2013404244,658,30172364.41757727
6740,519471.4771526486,8.479377002734674,736269.1705742816,216797.69342163298,658,30389162.110998902
6741,505788.2115877576,7.711696780264869,572057.970370377,66269.75878261932,658,30455431.86978152
6742,403836.89362898417,7.397645780163584,505379.514599997,101542.62097101286,658,30556974.490752533
6743,372717.4882817329,7.537224002430823,533604.1701357533,160886.68185402045,658,30717861.172606554
6744,370345.0874998095,7.8163804469652955,595130.2505111512,224785.16301134165,658,30942646.335617896
6745,352632.596447317,7.397645780163584,505379.514599997,152746.91815268004,658,31095393.253770575
6746,359861.9975346872,7.0835947800623,443951.13898018585,84089.14144549862,658,31179482.395216074
6747,376860.7911886112,7.1882784467627285,464427.26418678975,87566.47299817856,658,31267048.868214253
6748,371938.0908491527,7.292962113463156,484903.38939339336,112965.29854424065,658,31380014.166758493
6749,362230.8770322461,7.746591335831678,579748.7304173018,217517.85338505567,658,31597532.02014355
6750,413679.7807131169,7.851275002532106,602821.0105580763,189141.2298449594,658,31786673.249988507
6751,401008.54455326,8.060642335932963,648334.8905459222,247326.3459926622,658,32033999.59598117
6752,401936.74570134777,7.990853224799343,633584.0507457752,231647.30504442746,658,32265646.901025597
6753,446182.82922291686,8.270009669333819,692302.030560102,246119.2013371851,658,32511766.10236278
6754,394792.9536680418,8.618955225001912,763011.1643903602,368218.21072231844,658,32879984.3130851
6755,420618.9842486084,8.479377002734674,736269.1705742816,315650.1863256732,658,33195634.499410775
6756,373432.58291987714,9.002795336236815,835226.0092424906,461793.4263226135,658,33657427.92573339
6757,313333.6270189562,9.630897336439384,925817.5784849382,612483.951465982,658,34269911.87719937
6758,377692.9702708382,10.049632003241095,970816.153810023,593123.1835391847,658,34863035.06073855
6759,370466.2513576491,10.433472114475999,995688.9930180447,625222.7416603956,658,35488257.80239894
6760,1073862.590686158,10.468366670042808,997950.160218774,-75912.43046738405,659,35412345.37193156
6761,478286.06309405307,11.37562511477985,1000000.0,521713.93690594693,660,35934059.30883751
6762,525539.3923358019,10.817312225710902,1000000.0,474460.60766419815,660,36408519.91650171
6763,504943.87342406285,10.36368300334238,991166.6586165862,486222.7851925234,660,36894742.701694235
6764,488904.6929369919,8.898111669536387,815604.2385406554,326699.5456036634,660,37221442.2472979
6765,466778.5547202831,7.921064113665725,618202.5306519258,151423.97593164275,660,37372866.22322954
6766,495020.22106665047,7.955958669232534,625893.2906988506,130873.06963220017,660,37503739.292861745
6767,404496.52698983095,8.304904224900628,699629.887229132,295133.36023930105,660,37798872.65310105
6768,354870.65563621174,8.444482447167864,728941.3139052514,374070.6582690397,660,38172943.31137009
6769,421751.7368468552,8.444482447167864,728941.3139052514,307189.57705839624,660,38480132.88842849
6770,384151.59292433935,8.13043144706658,662990.6038839819,278839.0109596426,660,38758971.89938813
6771,379702.3349932812,8.549166113868294,749862.8958527866,370160.5608595054,660,39129132.460247636
6772,377976.6847977381,8.933006225103197,822178.3728094423,444201.68801170425,660,39573334.14825934
6773,357207.78043251403,9.142373558504051,856497.7303160174,499289.9498835034,660,40072624.09814285
6774,406595.1653570577,9.386635447471717,893723.2421946897,487128.076837632,660,40559752.17498048
6775,351707.7876798112,9.491319114172146,909677.0329998351,557969.245320024,660,41117721.4203005
6776,361831.9974047631,9.944948336540667,961368.1516964036,599536.1542916405,660,41717257.574592136
6777,411505.3073140116,11.270941448079421,1000000.0,588494.6926859884,660,42305752.26727813
6778,490782.5507993616,12.143305337249656,1000000.0,509217.4492006384,660,42814969.716478765
6779,468946.68556686566,10.991785003544948,1000000.0,531053.3144331344,660,43346023.0309119
6780,507219.2726715911,11.236046892512613,1000000.0,492780.7273284089,660,43838803.75824031
6781,394528.5626007656,10.642839447876854,1000000.0,605471.4373992344,660,44444275.19563954
6782,1309693.929887442,10.189210225508333,979860.82261294,-329833.10727450193,661,44114442.08836504
6783,657439.541618953,9.700686447573,933717.7058652636,276278.1642463106,662,44390720.252611354
6784,441196.9395351028,9.28195178077129,877769.4513895446,436572.51185444184,662,44827292.764465794
6785,500778.7684799281,8.444482447167864,728941.3139052514,228162.54542532336,662,45055455.30989112
6786,493062.7756473589,8.095536891499771,655662.7472149519,162599.971567593,662,45218055.28145871
6787,467523.4331987512,7.7814858913984875,587439.4904642267,119916.05726547551,662,45337971.33872419
6788,493983.3392318332,7.013805668928682,430300.3888424502,-63682.95038938295,663,45274288.3883348
6789,487820.6375771093,7.048700224495491,437125.76391131803,-50694.87366579124,663,45223593.51466901
6790,493832.2107745896,6.420598224292922,330280.29790563526,-163551.91286895436,663,45060041.601800054
6791,467364.10913656297,5.513339779555879,203376.85863684304,-263987.2504997199,663,44796054.35130034
6792,390141.8098210165,5.652918001823116,221968.6778428391,-168173.1319781774,663,44627881.21932216
6793,430510.9875216104,5.583128890689498,212672.76823984107,-217838.21928176933,663,44410043.00004039
6794,410447.4738430316,5.338867001721832,183682.0105914677,-226765.46325156392,663,44183277.53678883
6795,357792.564709654,5.059710557187357,152639.81395923407,-205152.75075041995,663,43978124.786038406
6796,398116.7302026908,4.536292223685217,103709.85080009176,-294406.87940259906,663,43683717.906635806
6797,376533.0696309595,5.164394223887786,164280.63769632182,-212252.43193463766,663,43471465.474701166
6798,405198.06699339167,4.780554112652882,125986.53507394284,-279211.5319194488,663,43192253.94278172
6799,368449.79853544326,4.39671400141798,92674.20730606488,-275775.59122937836,663,42916478.35155234
6800,332465.1361986395,4.431608556984789,95284.3200624622,-237180.81613617734,663,42679297.53541616
6801,412398.2415055984,5.443550668422261,195322.8343285554,-217075.40717704303,663,42462222.12823912
6802,500935.6747061282,5.792496224090355,240560.4970488353,-260375.1776572929,663,42201846.950581826
6803,494762.4868554851,5.757601668523544,235912.5422473361,-258849.94460814903,663,41942997.005973674
6804,507469.7640564611,6.176336335325257,294227.24309400795,-213242.52096245316,663,41729754.48501122
6805,413288.0342408575,6.385703668726113,325129.86150397424,-88158.17273688328,663,41641596.31227434
6806,1267335.072249844,7.118489335629109,450776.51404905366,-816558.5582007903,663,40825037.754073545
6807,746735.8297324189,7.537224002430823,533604.1701357533,-213131.65959666553,663,40611906.09447688
6808,471802.7461319782,7.990853224799343,633584.0507457752,161781.30461379705,664,40773687.39909068
6809,468404.0560486223,7.746591335831678,579748.7304173018,111344.67436867947,664,40885032.07345936
6810,455061.3730134481,6.874227446661443,406067.7388684391,-48993.63414500898,665,40836038.43931435
6811,556421.2109365723,6.1414417797584475,289076.8066923469,-267344.4042442254,665,40568694.03507013
6812,486761.167142829,6.315914557592494,314828.98870065215,-171932.17844217684,665,40396761.85662795
6813,471236.58977160114,6.874227446661443,406067.7388684391,-65168.850903162034,665,40331593.00572479
6814,517076.87352379214,6.455492779859732,335430.73430729646,-181646.13921649568,665,40149946.86650829
6815,465261.41787869774,6.1414417797584475,289076.8066923469,-176184.61118635087,665,39973762.25532194
6816,402580.4744008907,6.1414417797584475,289076.8066923469,-113503.66770854383,665,39860258.5876134
6817,344100.3502451138,5.47844522398907,199203.10890758454,-144897.24133752924,665,39715361.346275866
6818,349605.6598639987,4.955026890486929,141898.4524124079,-207707.2074515908,665,39507654.13882428
6819,368937.2890072983,4.780554112652882,125986.53507394284,-242950.75393335545,665,39264703.38489092
6820,392416.85343625577,4.815448668219692,129168.91854163593,-263247.93489461986,665,39001455.4499963
6821,406648.4521889028,4.640975890385645,113257.00120317086,-293391.45098573196,665,38708063.99901057
6822,395697.5622323751,4.536292223685217,103709.85080009176,-291987.71143228334,665,38416076.287578285
6823,402259.94189633377,4.292030334717551,84843.86903687281,-317416.07285946095,665,38098660.214718826
6824,440049.5582550916,4.0477684457498855,66573.07974209143,-373476.4785130002,665,37725183.73620582
6825,402477.81588369614,5.059710557187357,152639.81395923407,-249838.00192446206,665,37475345.73428136
6826,375226.5948671379,5.443550668422261,195322.8343285554,-179903.76053858252,665,37295441.973742776
6827,413752.15746632987,6.001863557491209,268475.0610857024,-145277.09638062748,665,37150164.87736215
6828,438097.7488733772,6.629965557693778,364250.10347717477,-73847.64539620245,665,37076317.231965944
6829,342556.69124984945,6.978911113361872,423989.5826075525,81432.89135770308,666,37157750.12332365
6830,391290.307983034,7.2580675578963465,478078.0143245254,86787.70634149137,666,37244537.82966514
6831,417156.3947137659,7.432540335730394,512204.889668865,95048.49495509913,666,37339586.32462024
6832,958928.5684751826,7.327856669029965,491728.7644622612,-467199.8040129214,667,36872386.520607315
6833,477097.7733519225,6.315914557592494,314828.98870065215,-162268.78465127037,667,36710117.73595604
6834,515329.030240791,5.966969001924401,263800.2710563302,-251528.7591844608,667,36458588.976771586
6835,469940.76200247474,5.513339779555879,203376.85863684304,-266563.9033656317,667,36192025.07340595
6836,515361.2021628938,5.0946051127541665,156520.0885382633,-358841.1136246305,667,35833183.95978132
6837,526090.0557182187,4.955026890486929,141898.4524124079,-384191.6033058108,667,35448992.35647551
6838,433234.69943307247,4.536292223685217,103709.85080009176,-329524.8486329807,667,35119467.507842526
6839,383765.80052582384,4.745659557086072,122804.15160624978,-260961.64891957404,667,34858505.85892295
6840,368200.1335885104,5.408656112855451,191442.55974952615,-176757.57383898424,667,34681748.285083964
6841,377193.9864384996,5.687812557389925,226616.63264433807,-150577.35379416152,667,34531170.9312898
6842,352745.7086387143,5.548234335122689,208024.8134383421,-144720.89520037218,667,34386450.03608943
6843,366324.3135837998,5.338867001721832,183682.0105914677,-182642.30299233212,667,34203807.7330971
6844,374457.2003373404,4.88523777935331,135533.68547702185,-238923.51486031857,667,33964884.21823678
6845,379942.2857252757,4.292030334717551,84843.86903687281,-295098.4166884029,667,33669785.80154838
6846,411004.7323132656,4.187346668017123,77013.53076768082,-333991.20154558483,667,33335794.60000279
6847,407521.3816382854,4.152452112450315,74403.41801128357,-333117.96362700185,667,33002676.63637579
6848,434517.5183440311,4.536292223685217,103709.85080009176,-330807.6675439394,667,32671868.96883185
6849,443909.84494220087,4.8503432237865,132351.3020093288,-311558.5429328721,667,32360310.425898977
6850,402819.0270276381,4.815448668219692,129168.91854163593,-273650.1084860022,667,32086660.317412976
6851,356555.84013985004,4.88523777935331,135533.68547702185,-221022.1546628282,667,31865638.162750147
6852,402948.28740582126,5.652918001823116,221968.6778428391,-180979.60956298216,667,31684658.553187165
6853,368191.9533633734,6.03675811305802,273625.4974873637,-94566.45587600971,667,31590092.097311154
6854,396552.4165965583,6.420598224292922,330280.29790563526,-66272.11869092303,667,31523819.97862023
6855,418325.1783895526,6.734649224394207,382171.9472162883,-36153.23117326427,667,31487666.747446965
6856,1041175.6699535346,6.909122002228254,412041.6867814771,-629133.9831720574,667,30858532.764274906
6857,473787.8866175328,6.350809113159303,319979.42510231317,-153808.46151521965,667,30704724.30275969
6858,465047.28503844165,6.315914557592494,314828.98870065215,-150218.2963377895,667,30554506.006421898
6859,486659.6420948924,6.2461254464588745,304528.1158973299,-182131.52619756252,667,30372374.480224334
6860,536862.072457505,6.176336335325257,294227.24309400795,-242634.8293634971,667,30129739.650860835
6861,536442.1436023128,6.001863557491209,268475.0610857024,-267967.0825166104,667,29861772.568344224
6862,441980.3716461008,6.315914557592494,314828.98870065215,-127151.38294544863,667,29734621.185398776
6863,357811.4139047295,5.234183335021404,172041.18685438015,-185770.22705034932,667,29548850.958348427
6864,348090.2574191965,5.199288779454595,168160.912275351,-179929.34514384548,667,29368921.61320458
6865,345032.62377215346,5.303972446155022,179801.73601243846,-165230.887759715,667,29203690.725444864
6866,394166.78115601325,5.548234335122689,208024.8134383421,-186141.96771767116,667,29017548.757727195
6867,410762.6635888745,5.548234335122689,208024.8134383421,-202737.8501505324,667,28814810.90757666
6868,366218.8958716613,5.827390779657163,245208.45185033412,-121010.44402132719,667,28693800.463555336
6869,390180.4351057882,5.199288779454595,168160.912275351,-222019.52283043717,667,28471780.940724898
6870,421542.54984184913,5.199288779454595,168160.912275351,-253381.63756649813,667,28218399.3031584
6871,399250.63821134745,5.199288779454595,168160.912275351,-231089.72593599645,667,27987309.577222403
6872,421068.2968969025,5.0946051127541665,156520.0885382633,-264548.20835863915,667,27722761.368863765
6873,442879.3008952253,5.652918001823116,221968.6778428391,-220910.62305238622,667,27501850.74581138
6874,418095.415382716,6.176336335325257,294227.24309400795,-123868.17228870804,667,27377982.573522672
6875,396957.1825602032,6.385703668726113,325129.86150397424,-71827.32105622895,667,27306155.252466444
6876,409334.0270685248,7.2231730023295375,471252.6392556575,61918.612187132705,668,27368073.864653576
6877,360219.06736348424,7.572118557997631,541294.9301826778,181075.86281919357,668,27549149.72747277
6878,423431.8777297517,7.7814858913984875,587439.4904642267,164007.612734475,668,27713157.340207245
6879,429331.3246715911,7.7814858913984875,587439.4904642267,158108.16579263558,668,27871265.50599988
6880,910787.3631058048,7.746591335831678,579748.7304173018,-331038.632688503,669,27540226.873311378
6881,484205.3708491615,7.537224002430823,533604.1701357533,49398.79928659182,670,27589625.67259797
6882,509319.7597899769,7.2580675578963465,478078.0143245254,-31241.745465451502,671,27558383.92713252
6883,477926.5681707003,6.909122002228254,412041.6867814771,-65884.88138922316,671,27492499.045743298
6884,530512.9088915448,6.874227446661443,406067.7388684391,-124445.17002310569,671,27368053.87572019
6885,502735.69670955074,6.595071002126969,358276.1555641371,-144459.54114541365,671,27223594.334574778
6886,448519.46506932814,6.490387335426542,340581.1707089576,-107938.29436037055,671,27115656.04021441
6887,377422.4192296687,6.03675811305802,273625.4974873637,-103796.92174230498,671,27011859.118472103
6888,370904.9839563321,6.385703668726113,325129.86150397424,-45775.12245235784,671,26966083.996019743
6889,386863.9172843607,6.56017644656016,352302.20765109936,-34561.709633261315,671,26931522.286386482
6890,379445.13280769176,6.909122002228254,412041.6867814771,32596.55397378537,672,26964118.84036027
6891,353688.4712048017,7.153383891195919,457601.8891179217,103913.41791312,672,27068032.25827339
6892,356750.9879203049,7.2231730023295375,471252.6392556575,114501.65133535262,672,27182533.90960874
6893,369404.753652943,7.013805668928682,430300.3888424502,60895.635189507215,672,27243429.544798248
6894,420846.4595379173,7.572118557997631,541294.9301826778,120448.47064476053,672,27363878.01544301
6895,397505.9325411476,8.060642335932963,648334.8905459222,250828.95800477464,672,27614706.973447785
6896,394882.2142941918,8.933006225103197,822178.3728094423,427296.15851525054,672,28042003.131963037
6897,424554.934570672,9.177268114070863,861815.6605843995,437260.7260137275,672,28479263.857976764
6898,424251.400592631,9.177268114070863,861815.6605843995,437564.25999176846,672,28916828.117968533
6899,401177.3355475079,9.386635447471717,893723.2421946897,492545.9066471818,672,29409374.024615716
6900,407522.5898203396,9.77047555870662,941617.8332455894,534095.2434252498,672,29943469.268040966
6901,354871.63740714395,9.421530003038528,899041.1724630716,544169.5350559277,672,30487638.803096894
6902,377273.0730103979,9.28195178077129,877769.4513895446,500496.37837914674,672,30988135.18147604
6903,426502.6972091208,9.316846336338099,883087.3816579262,456584.68444880546,672,31444719.865924846
6904,949102.2755746616,9.24705722520448,872451.5211211628,-76650.75445349875,673,31368069.111471348
6905,492691.1502506402,8.200220558200199,677646.3172220417,184955.1669714015,674,31553024.278442748
6906,496720.4455647742,7.502329446864012,525913.4100888282,29192.96452405397,674,31582217.2429668
6907,495210.5050701376,6.978911113361872,423989.5826075525,-71220.92246258509,675,31510996.320504215
6908,495465.4369191717,6.420598224292922,330280.29790563526,-165185.13901353645,675,31345811.18149068
6909,519962.9267221827,7.327856669029965,491728.7644622612,-28234.16225992149,675,31317577.019230757
6910,471782.5921133377,7.607013113564441,548985.6902296027,77203.09811626503,676,31394780.11734702
6911,420949.4971632182,7.886169558098915,610511.7706050009,189562.2734417827,676,31584342.390788805
6912,358040.8662370491,7.537224002430823,533604.1701357533,175563.30389870424,676,31759905.694687508
6913,362683.4305388302,7.432540335730394,512204.889668865,149521.45913003484,676,31909427.153817542
6914,379907.3600343425,7.432540335730394,512204.889668865,132297.5296345225,676,32041724.683452066
6915,366403.92218791175,7.2580675578963465,478078.0143245254,111674.09213661362,676,32153398.77558868
6916,394238.35689285473,7.746591335831678,579748.7304173018,185510.37352444703,676,32338909.149113126
6917,395163.0326269641,7.537224002430823,533604.1701357533,138441.13750878925,676,32477350.286621917
6918,401048.14531076007,7.711696780264869,572057.970370377,171009.82505961688,676,32648360.111681532
6919,393426.31342417287,7.886169558098915,610511.7706050009,217085.45718082803,676,32865445.56886236
6920,444618.0154817349,8.444482447167864,728941.3139052514,284323.29842351656,676,33149768.867285877
6921,379822.52728182223,9.386635447471717,893723.2421946897,513900.71491286746,676,33663669.58219875
6922,408146.9053182263,9.77047555870662,941617.8332455894,533470.9279273631,676,34197140.51012611
6923,389599.7255134254,9.28195178077129,877769.4513895446,488169.7258761192,676,34685310.23600223
6924,420300.201251383,9.142373558504051,856497.7303160174,436197.5290646344,676,35121507.76506686
6925,329166.1415699232,9.456424558605336,904359.1027314533,575192.9611615301,676,35696700.72622839
6926,382614.4861130655,9.28195178077129,877769.4513895446,495154.96527647914,676,36191855.69150487
6927,431046.1399556525,9.526213669738956,913967.3874144498,482921.2474587973,676,36674776.938963674
6928,969379.0975580822,9.73558100313981,937667.7695554266,-31711.328002655646,677,36643065.61096102
6929,454904.3735523832,9.944948336540667,961368.1516964036,506463.7781440204,678,37149529.38910504
6930,512107.3949447046,9.491319114172146,909677.0329998351,397569.6380551305,678,37547099.02716017
6931,536559.5227039745,9.28195178077129,877769.4513895446,341209.92868557014,678,37888308.955845736
6932,518984.2024643935,8.444482447167864,728941.3139052514,209957.11144085793,678,38098266.067286596
6933,490855.22145896096,7.432540335730394,512204.889668865,21349.668209904048,678,38119615.7354965
6934,470791.7017447821,6.734649224394207,382171.9472162883,-88619.7545284938,679,38030995.980968006
6935,405417.7229793625,7.362751224596776,498554.1395311294,93136.41655176692,680,38124132.397519775
6936,325188.1853550152,7.537224002430823,533604.1701357533,208415.98478073813,680,38332548.38230051
6937,420972.38170749374,6.978911113361872,423989.5826075525,3017.200900058786,680,38335565.58320057
6938,381097.8313305233,6.629965557693778,364250.10347717477,-16847.727853348537,681,38318717.855347216
6939,364998.5868577127,6.52528189099335,346328.2597380615,-18670.327119651192,681,38300047.52822757
6940,374667.7068178149,7.153383891195919,457601.8891179217,82934.1823001068,682,38382981.71052767
6941,354383.20853463345,6.595071002126969,358276.1555641371,3892.9470295036444,682,38386874.657557175
6942,434546.6498171834,7.327856669029965,491728.7644622612,57182.11464507785,682,38444056.77220225
6943,379179.7062165634,7.67680222469806,564367.2103234524,185187.50410688895,682,38629244.27630914
6944,386083.6231182468,8.23511511376701,684974.1738910723,298890.5507728255,682,38928134.82708196
6945,423215.2345264946,8.270009669333819,692302.030560102,269086.7960336074,682,39197221.62311557
6946,479564.4557108683,8.16532600263339,670318.4605530121,190754.0048421438,682,39387975.62795772
6947,527278.9794668878,7.397645780163584,505379.514599997,-21899.464866890747,683,39366076.163090825
6948,468122.4120921638,7.537224002430823,533604.1701357533,65481.758043589536,684,39431557.92113441
6949,396595.95522871456,7.7814858913984875,587439.4904642267,190843.53523551213,684,39622401.45636992
6950,1212287.4564340955,8.060642335932963,648334.8905459222,-563952.5658881733,685,39058448.89048175
6951,693192.1572206292,7.921064113665725,618202.5306519258,-74989.62656870333,685,38983459.26391304
6952,453134.7845256632,7.607013113564441,548985.6902296027,95850.90570393956,686,39079310.16961698
6953,530644.8233319926,7.2231730023295375,471252.6392556575,-59392.18407633511,687,39019917.98554065
6954,479313.02595715394,6.804438335527826,394119.8430423639,-85193.18291479006,687,38934724.80262586
6955,494365.00985717744,6.071652668624828,278775.93388902454,-215589.0759681529,687,38719135.7266577
6956,512942.7344859711,4.780554112652882,125986.53507394284,-386956.19941202825,687,38332179.52724568
6957,504797.0490022921,2.442618889676655,0.0,-504797.0490022921,687,37827382.47824339
6958,473770.6512056595,1.186414889271518,0.0,-473770.6512056595,687,37353611.82703773
6959,485177.9994772652,2.756669889777939,5954.7414428481825,-479223.25803441706,687,36874388.569003314
6960,397530.9438869644,2.9311426676119865,10002.509888598086,-387528.4339983663,687,36486860.135004945
6961,423423.022511776,2.651986223077511,3526.0803753982573,-419896.94213637774,687,36066963.19286857
6962,361499.5330462619,2.3030406674094177,0.0,-361499.5330462619,687,35705463.65982231
6963,379991.5140987224,2.2332515562757993,0.0,-379991.5140987224,687,35325472.14572359
6964,377265.4655111772,2.19835700070899,0.0,-377265.4655111772,687,34948206.68021241
6965,379934.2762255189,1.884306000607706,0.0,-379934.2762255189,687,34568272.403986886
6966,433382.8212818108,2.756669889777939,5954.7414428481825,-427428.07983896264,687,34140844.324147925
6967,365408.91662337177,3.0009317787456045,11640.998264806596,-353767.9183585652,687,33787076.40578936
6968,335860.372573532,2.8613535564783676,8383.402510298129,-327476.97006323386,687,33459599.435726125
6969,385184.1504072178,3.489455556680936,33136.044493961184,-352048.1059132566,687,33107551.32981287
6970,533355.6803111095,5.199288779454595,168160.912275351,-365194.7680357585,687,32742356.56177711
6971,456639.1536344546,5.199288779454595,168160.912275351,-288478.2413591036,687,32453878.320418008
6972,497536.3323980282,4.187346668017123,77013.53076768082,-420522.8016303474,687,32033355.51878766
6973,412273.7942655289,2.9311426676119865,10002.509888598086,-402271.2843769308,687,31631084.23441073
6974,1408023.0844726774,2.407724334109846,0.0,-1408023.0844726774,687,30223061.14993805
6975,691509.2186800791,2.9311426676119865,10002.509888598086,-681506.708791481,687,29541554.44114657
6976,445628.0676862564,5.966969001924401,263800.2710563302,-181827.79662992625,687,29359726.644516643
6977,476698.2566809967,6.315914557592494,314828.98870065215,-161869.26798034454,687,29197857.3765363
6978,498751.9428735668,5.164394223887786,164280.63769632182,-334471.305177245,687,28863386.071359053
6979,491108.8972488898,4.501397668118408,100527.46733239877,-390581.42991649103,687,28472804.641442563
6980,465870.8138787663,4.536292223685217,103709.85080009176,-362160.96307867457,687,28110643.67836389
6981,489687.1620268216,4.536292223685217,103709.85080009176,-385977.3112267298,687,27724666.36713716
6982,495666.7999651113,4.606081334818835,110074.6177354778,-385592.1822296335,687,27339074.184907526
6983,458613.2826333374,5.059710557187357,152639.81395923407,-305973.4686741034,687,27033100.71623342
6984,412716.8596981878,5.024816001620548,148759.5393802049,-263957.3203179829,687,26769143.395915437
6985,347112.36316406017,5.164394223887786,164280.63769632182,-182831.72546773835,687,26586311.6704477
6986,371702.9800046376,4.780554112652882,125986.53507394284,-245716.44493069476,687,26340595.225517005
6987,391709.2892980012,4.39671400141798,92674.20730606488,-299035.0819919363,687,26041560.143525068
6988,391028.67983171175,4.5711867792520255,106892.23426778473,-284136.445563927,687,25757423.69796114
6989,357398.4004902284,4.955026890486929,141898.4524124079,-215499.94807782047,687,25541923.74988332
6990,413019.51894967805,4.8503432237865,132351.3020093288,-280668.21694034926,687,25261255.53294297
6991,404234.6599344561,4.0128738901830765,63962.966985694125,-340271.692948762,687,24920983.839994207
6992,394177.1231962921,3.8035065567822204,51446.18553879456,-342730.93765749753,687,24578252.90233671
6993,424058.3949123842,3.7686120012154114,49394.38567146619,-374664.00924091804,687,24203588.89309579
6994,409547.3975828539,4.187346668017123,77013.53076768082,-332533.86681517307,687,23871055.02628062
6995,386972.4494891372,4.466503112551599,97894.43281885957,-289078.01667027763,687,23581977.00961034
6996,384499.02007972606,5.303972446155022,179801.73601243846,-204697.2840672876,687,23377279.725543052
6997,319121.9313163736,5.897179890790781,254504.36145333204,-64617.56986304154,687,23312662.155680012
6998,402227.08220570616,6.699754668827397,376197.9993032503,-26029.082902455877,687,23286633.072777554
6999,406585.3326954625,7.1882784467627285,464427.26418678975,57841.93149132724,688,23344475.00426888
7000,1026831.2706348086,7.711696780264869,572057.970370377,-454773.30026443163,689,22889701.704004448
7001,456091.2450088984,8.025747780366153,641007.0338768922,184915.7888679938,690,23074617.492872443
7002,500288.0562018289,7.432540335730394,512204.889668865,11916.833467036136,690,23086534.32633948
7003,525006.2486801085,6.595071002126969,358276.1555641371,-166730.09311597137,691,22919804.23322351
7004,487272.2773246624,5.618023446256307,217320.72304134,-269951.5542833224,691,22649852.67894019
7005,530810.6106570824,5.199288779454595,168160.912275351,-362649.6983817314,691,22287202.980558455
7006,457660.56363374647,5.234183335021404,172041.18685438015,-285619.3767793663,691,22001583.60377909
7007,351154.5680880989,5.652918001823116,221968.6778428391,-129185.8902452598,691,21872397.71353383
7008,331938.4371752123,5.164394223887786,164280.63769632182,-167657.7994788905,691,21704739.914054938
7009,390722.6994381428,5.164394223887786,164280.63769632182,-226442.061741821,691,21478297.852313116
7010,344532.4469643913,5.583128890689498,212672.76823984107,-131859.6787245502,691,21346438.173588566
7011,382027.9627648372,5.897179890790781,254504.36145333204,-127523.60131150516,691,21218914.57227706
7012,387745.128934517,5.373761557288642,187562.28517049697,-200182.84376402,691,21018731.728513043
7013,389003.5787557461,4.39671400141798,92674.20730606488,-296329.3714496812,691,20722402.35706336
7014,386904.1250019821,4.187346668017123,77013.53076768082,-309890.59423430124,691,20412511.762829058
7015,376643.5802369778,3.9081902234826478,57601.58514077969,-319041.9950961981,691,20093469.76773286
7016,411660.6553053563,3.83840111234903,53497.98540612295,-358162.6698992334,691,19735307.097833626
7017,394987.8374232707,3.489455556680936,33136.044493961184,-361851.7929293095,691,19373455.304904316
7018,396811.4852791028,3.4196664455473176,30065.323604081976,-366746.1616750208,691,19006709.143229295
7019,370064.3819026944,3.314982778846889,25459.242269263108,-344605.13963343133,691,18662104.003595863
7020,378748.7061822333,4.0477684457498855,66573.07974209143,-312175.6264401419,691,18349928.37715572
7021,358723.03231296747,4.8503432237865,132351.3020093288,-226371.73030363867,691,18123556.646852084
7022,377785.2745959938,5.687812557389925,226616.63264433807,-151168.64195165574,691,17972388.00490043
7023,403997.4215380356,6.455492779859732,335430.73430729646,-68566.68723073916,691,17903821.31766969
7024,1095238.383977607,6.874227446661443,406067.7388684391,-689170.6451091678,691,17214650.67256052
7025,505804.5517547173,6.769543779961015,388145.8951293258,-117658.65662539151,691,17096992.01593513
7026,521841.3248107997,5.792496224090355,240560.4970488353,-281280.8277619644,691,16815711.188173167
7027,511097.5059552927,5.932074446357591,259152.31625483112,-251945.1897004616,691,16563765.998472705
7028,481392.1509963107,5.932074446357591,259152.31625483112,-222239.83474147957,691,16341526.163731227
7029,459828.75705788296,5.548234335122689,208024.8134383421,-251803.94361954086,691,16089722.220111687
7030,491489.9676358964,4.466503112551599,97894.43281885957,-393595.5348170368,691,15696126.68529465
7031,371499.90845261456,3.6639283345149827,43238.98606948098,-328260.92238313355,691,15367865.762911517
7032,334841.71649291326,4.117557556883505,71793.30525488619,-263048.41123802704,691,15104817.35167349
7033,362023.69655334135,3.7337174456486015,47342.58580413777,-314681.1107492036,691,14790136.240924286
7034,324835.0516506147,3.6639283345149827,43238.98606948098,-281596.0655811337,691,14508540.175343152
7035,349015.68820904306,3.3498773344136983,26994.602714202723,-322021.08549484034,691,14186519.089848312
7036,399649.2057091784,2.582197111943893,1906.9729970983203,-397742.23271208006,691,13788776.85713623
7037,381010.4776857581,1.884306000607706,0.0,-381010.4776857581,691,13407766.379450472
7038,365816.55456627824,1.5004658893728022,0.0,-365816.55456627824,691,13041949.824884193
7039,428700.74271799455,1.186414889271518,0.0,-428700.74271799455,691,12613249.082166199
7040,369844.9485045768,1.186414889271518,0.0,-369844.9485045768,691,12243404.133661622
7041,384377.2533817704,1.186414889271518,0.0,-384377.2533817704,691,11859026.880279852
7042,436032.7940664778,0.9072584447370433,0.0,-436032.7940664778,691,11422994.086213375
7043,414377.30062850384,0.872363889170234,0.0,-414377.30062850384,691,11008616.78558487
7044,383457.33975510136,2.582197111943893,1906.9729970983203,-381550.366758003,691,10627066.418826867
7045,355301.8856802663,4.0128738901830765,63962.966985694125,-291338.9186945722,691,10335727.500132294
7046,399325.0646573196,4.92013233492012,138716.0689447149,-260608.99571260472,691,10075118.50441969
7047,427748.5247369979,5.47844522398907,199203.10890758454,-228545.41582941337,691,9846573.088590277
7048,980080.6187574536,5.618023446256307,217320.72304134,-762759.8957161136,691,9083813.192874163
7049,504314.6393210779,5.652918001823116,221968.6778428391,-282345.9614782388,691,8801467.231395924
7050,504297.9629920772,5.164394223887786,164280.63769632182,-340017.3252957554,691,8461449.906100169
7051,549043.7928991503,4.675870445952455,116439.38467086392,-432604.40822828637,691,8028845.497871882
7052,515328.9719870759,4.536292223685217,103709.85080009176,-411619.1211869842,691,7617226.3766848985
7053,491206.8982354555,4.292030334717551,84843.86903687281,-406363.0291985827,691,7210863.347486316
7054,440489.7971931257,4.082663001316695,69183.1924984888,-371306.6046946369,691,6839556.74279168
7055,395706.7318754208,1.7796223339072772,0.0,-395706.7318754208,691,6443850.010916259
7056,387598.9890943932,1.8145168894740866,0.0,-387598.9890943932,691,6056251.021821866
7057,355173.91649460694,1.7796223339072772,0.0,-355173.91649460694,691,5701077.105327259
7058,374114.5464304141,2.19835700070899,0.0,-374114.5464304141,691,5326962.558896845
7059,346646.6041371089,2.8613535564783676,8383.402510298129,-338263.20162681077,691,4988699.357270034
7060,370555.1089713677,3.28008822328008,23923.881824323515,-346631.2271470442,691,4642068.130122989
7061,395193.43236002425,3.5592446678145544,37083.5864674958,-358109.8458925284,691,4283958.284230461
7062,439722.5482081794,3.5592446678145544,37083.5864674958,-402638.96174068365,691,3881319.3224897776
7063,412714.07223705313,3.5592446678145544,37083.5864674958,-375630.4857695573,691,3505688.8367202203
7064,401487.676906038,3.3847718899805077,28529.963159142342,-372957.71374689566,691,3132731.1229733247
7065,440124.9600368071,3.7337174456486015,47342.58580413777,-392782.37423266936,691,2739948.7487406554
7066,399796.1856527885,3.5941392233813643,39135.386334824216,-360660.7993179643,691,2379287.949422691
7067,378508.0398831771,2.9660372231787955,10812.063577748055,-367695.976305429,691,2011591.9731172621
7068,370012.3230063499,3.9430847790494576,59653.38500810811,-310358.9379982418,691,1701233.0351190204
7069,320199.4354317176,4.88523777935331,135533.68547702185,-184665.74995469576,691,1516567.2851643246
7070,345816.1297980954,5.652918001823116,221968.6778428391,-123847.45195525629,691,1392719.8332090683
7071,387012.15717341856,5.966969001924401,263800.2710563302,-123211.88611708838,691,1269507.94709198
7072,1053306.821714981,6.420598224292922,330280.29790563526,-723026.5238093457,691,546481.4232826342
7073,447567.25413628167,5.932074446357591,259152.31625483112,-188414.93788145055,691,358066.4854011837
7074,510215.0549977719,5.548234335122689,208024.8134383421,-302190.2415594298,691,55876.24384175392
7075,462402.2092512218,4.92013233492012,138716.0689447149,-323686.1403065069,691,0.0
7076,512306.5555838256,4.955026890486929,141898.4524124079,-370408.1031714177,691,0.0
7077,489104.0916627674,4.815448668219692,129168.91854163593,-359935.1731211315,691,0.0
7078,481761.6864784159,4.39671400141798,92674.20730606488,-389087.479172351,691,0.0
7079,413835.3902032524,4.187346668017123,77013.53076768082,-336821.8594355716,691,0.0
7080,343622.6540185478,4.466503112551599,97894.43281885957,-245728.2211996882,691,0.0
7081,352408.9013921427,4.466503112551599,97894.43281885957,-254514.4685732831,691,0.0
7082,350987.83106532635,3.83840111234903,53497.98540612295,-297489.8456592034,691,0.0
7083,403092.3196730548,3.3847718899805077,28529.963159142342,-374562.35651391244,691,0.0
7084,418026.9115725284,3.245193667713271,22388.521379383918,-395638.3901931445,691,0.0
7085,372766.2551589921,2.617091667510702,2716.526686248289,-370049.72847274377,691,0.0
7086,422156.5417223349,2.9311426676119865,10002.509888598086,-412154.0318337368,691,0.0
7087,418674.0162507504,3.210299112146461,20853.160934444284,-397820.8553163061,691,0.0
7088,375366.269791519,3.28008822328008,23923.881824323515,-351442.3879671955,691,0.0
7089,426428.2799559002,3.210299112146461,20853.160934444284,-405575.11902145593,691,0.0
7090,415362.0685985466,2.756669889777939,5954.7414428481825,-409407.32715569844,691,0.0
7091,417065.2257115711,1.9889896673081333,0.0,-417065.2257115711,691,0.0
7092,386035.5908637735,2.651986223077511,3526.0803753982573,-382509.5104883752,691,0.0
7093,292774.46254752856,3.977979334616267,61705.1848754365,-231069.27767209205,691,0.0
7094,398938.6977832292,4.326924890284361,87453.9817932702,-311484.71598995896,691,0.0
7095,393218.9229241157,4.466503112551599,97894.43281885957,-295324.4901052561,691,0.0
7096,991129.0759470029,5.757601668523544,235912.5422473361,-755216.5336996667,691,0.0
7097,495970.9914649936,5.059710557187357,152639.81395923407,-343331.1775057595,691,0.0
7098,497129.2166866004,5.373761557288642,187562.28517049697,-309566.93151610345,691,0.0
7099,481424.1865988363,5.269077890588212,175921.46143340922,-305502.7251654271,691,0.0
7100,495535.4549863815,4.675870445952455,116439.38467086392,-379096.0703155176,691,0.0
7101,514911.7143721562,4.39671400141798,92674.20730606488,-422237.5070660913,691,0.0
7102,454089.2695459981,4.745659557086072,122804.15160624978,-331285.1179397483,691,0.0
7103,426156.9076885272,5.1294996683209755,160400.36311729247,-265756.5445712347,691,0.0
7104,365418.8595060607,4.536292223685217,103709.85080009176,-261709.00870596897,691,0.0
7105,414604.94198318775,4.222241223583932,79623.64352407813,-334981.2984591096,691,0.0
7106,355064.06484543934,4.501397668118408,100527.46733239877,-254536.5975130406,691,0.0
7107,381188.70294553536,4.082663001316695,69183.1924984888,-312005.51044704654,691,0.0
7108,394737.1790094704,3.6639283345149827,43238.98606948098,-351498.1929399894,691,0.0
7109,363492.18014142726,2.4775134452434644,0.0,-363492.18014142726,691,0.0
7110,388126.7586592429,2.1285678895753706,0.0,-388126.7586592429,691,0.0
7111,345632.591256989,2.0587787784417526,0.0,-345632.591256989,691,0.0
7112,355257.4895990656,1.7098332227736588,0.0,-355257.4895990656,691,0.0
7113,372659.6067541544,2.0238842228749427,0.0,-372659.6067541544,691,0.0
7114,478251.8267848875,2.2681461118426083,0.0,-478251.8267848875,691,0.0
7115,485566.1759894765,2.756669889777939,5954.7414428481825,-479611.4345466283,691,0.0
7116,532391.6508843077,3.8035065567822204,51446.18553879456,-480945.46534551313,691,0.0
7117,388166.2796055285,5.0946051127541665,156520.0885382633,-231646.1910672652,691,0.0
7118,1344133.030991505,5.757601668523544,235912.5422473361,-1108220.4887441688,691,0.0
7119,682855.9244406354,6.595071002126969,358276.1555641371,-324579.7688764983,691,0.0
7120,487021.3284352698,7.1882784467627285,464427.26418678975,-22594.064248480077,691,0.0
7121,440629.56318585767,7.118489335629109,450776.51404905366,10146.95086319599,692,10146.95086319599
7122,472094.90297576674,6.176336335325257,294227.24309400795,-177867.6598817588,693,0.0
7123,488825.89138886513,5.583128890689498,212672.76823984107,-276153.1231490241,693,0.0
7124,470823.3336616553,5.757601668523544,235912.5422473361,-234910.79141431922,693,0.0
7125,441382.181264739,5.164394223887786,164280.63769632182,-277101.5435684172,693,0.0
7126,452046.5912297584,4.675870445952455,116439.38467086392,-335607.2065588945,693,0.0
7127,450011.0346477472,2.8962481120451775,9192.956199448117,-440818.0784482991,693,0.0
7128,414844.69041379634,2.5473025563770832,1097.4193079483314,-413747.271105848,693,0.0
7129,375128.213488443,2.8613535564783676,8383.402510298129,-366744.8109781449,693,0.0
7130,382308.7904221164,3.3847718899805077,28529.963159142342,-353778.82726297405,693,0.0
7131,392269.1579520766,4.0128738901830765,63962.966985694125,-328306.19096638245,693,0.0
7132,393439.98604056746,3.7337174456486015,47342.58580413777,-346097.4002364297,693,0.0
7133,394239.2051330826,2.3030406674094177,0.0,-394239.2051330826,693,0.0
7134,381502.4980522744,2.512408000810274,287.86561879835267,-381214.63243347604,693,0.0
7135,326054.1100679616,2.651986223077511,3526.0803753982573,-322528.02969256334,693,0.0
7136,380320.6275505094,2.686880778644321,4335.634064548246,-375984.99348596117,693,0.0
7137,393042.2278988426,2.7217753342111304,5145.187753698225,-387897.0401451444,693,0.0
7138,499492.2082696128,3.489455556680936,33136.044493961184,-466356.1637756516,693,0.0
7139,520978.1877115904,3.9081902234826478,57601.58514077969,-463376.6025708107,693,0.0
7140,528846.8735641869,4.536292223685217,103709.85080009176,-425137.0227640951,693,0.0
7141,421412.3088123092,5.164394223887786,164280.63769632182,-257131.67111598735,693,0.0
7142,1165558.75247219,5.792496224090355,240560.4970488353,-924998.2554233547,693,0.0
7143,733318.0102090945,6.03675811305802,273625.4974873637,-459692.5127217308,693,0.0
7144,480170.0813906992,6.909122002228254,412041.6867814771,-68128.39460922207,693,0.0
7145,458910.952132406,7.153383891195919,457601.8891179217,-1309.0630144843017,693,0.0
7146,461638.0917434632,6.315914557592494,314828.98870065215,-146809.10304281104,693,0.0
7147,484739.0795169486,5.792496224090355,240560.4970488353,-244178.5824681133,693,0.0
7148,506188.1758717027,5.513339779555879,203376.85863684304,-302811.3172348597,693,0.0
7149,484324.228217664,4.466503112551599,97894.43281885957,-386429.7953988044,693,0.0
7150,474712.7953202912,4.152452112450315,74403.41801128357,-400309.3773090076,693,0.0
7151,475934.9885139346,4.710765001519263,119621.76813855681,-356313.2203753778,693,0.0
7152,429914.7827582387,4.710765001519263,119621.76813855681,-310293.0146196819,693,0.0
7153,363791.8561538436,4.5711867792520255,106892.23426778473,-256899.62188605883,693,0.0
7154,351551.001930623,4.675870445952455,116439.38467086392,-235111.6172597591,693,0.0
7155,407478.4008079066,5.059710557187357,152639.81395923407,-254838.5868486725,693,0.0
7156,368878.95911327255,5.338867001721832,183682.0105914677,-185196.94852180485,693,0.0
7157,362954.33810353297,4.257135779150741,82233.75628047543,-280720.58182305755,693,0.0
7158,410737.4222908889,3.698822890081792,45290.78593680938,-365446.6363540795,693,0.0
7159,423358.97902414587,3.0707208898792238,14711.719154685845,-408647.25986946,693,0.0
7160,398724.8029233312,2.9311426676119865,10002.509888598086,-388722.2930347331,693,0.0
7161,404525.3790707213,3.210299112146461,20853.160934444284,-383672.218136277,693,0.0
7162,376673.1077244069,3.977979334616267,61705.1848754365,-314967.9228489704,693,0.0
7163,405962.3153154336,3.9081902234826478,57601.58514077969,-348360.73017465393,693,0.0
7164,432769.6637064488,5.303972446155022,179801.73601243846,-252967.92769401034,693,0.0
7165,323670.7788545813,6.56017644656016,352302.20765109936,28631.42879651807,694,28631.42879651807
7166,383201.2264709752,6.909122002228254,412041.6867814771,28840.46031050192,694,57471.88910701999
7167,422391.2225575126,6.804438335527826,394119.8430423639,-28271.3795151487,695,29200.50959187129
7168,1001812.3387259974,7.432540335730394,512204.889668865,-489607.44905713235,695,0.0
7169,419131.6661862621,8.060642335932963,648334.8905459222,229203.22435966012,696,229203.22435966012
7170,470078.202980372,8.16532600263339,670318.4605530121,200240.25757264008,696,429443.4819323002
7171,495040.4130487493,7.432540335730394,512204.889668865,17164.47662011569,696,446607.9585524159
7172,507276.2194490978,6.839332891094635,400093.79095540155,-107182.42849369626,697,339425.5300587196
7173,442505.6978588707,5.862285335223973,249856.4066518332,-192649.29120703752,697,146776.2388516821
7174,430762.596847443,5.269077890588212,175921.46143340922,-254841.1354140338,697,0.0
7175,386446.7467034186,5.408656112855451,191442.55974952615,-195004.18695389247,697,0.0
7176,371451.7642643159,5.932074446357591,259152.31625483112,-112299.44800948477,697,0.0
7177,383075.827557258,6.6648601132605885,370224.0513902128,-12851.776167045231,697,0.0
7178,340118.1912783072,7.292962113463156,484903.38939339336,144785.19811508618,698,144785.19811508618
7179,366581.721074394,7.537224002430823,533604.1701357533,167022.44906135934,698,311807.6471764455
7180,397516.1946710641,7.67680222469806,564367.2103234524,166851.01565238828,698,478658.6628288338
7181,405176.2261515688,7.432540335730394,512204.889668865,107028.6635172962,698,585687.32634613
7182,422580.2944203288,7.2231730023295375,471252.6392556575,48672.344835328695,698,634359.6711814587
7183,407226.61278576514,7.467434891297203,519030.2647377329,111803.65195196774,698,746163.3231334265
7184,393076.7125345226,7.118489335629109,450776.51404905366,57699.80151453108,698,803863.1246479575
7185,421993.2474625229,6.420598224292922,330280.29790563526,-91712.94955688762,699,712150.1750910699
7186,418913.07037265145,6.420598224292922,330280.29790563526,-88632.77246701618,699,623517.4026240536
7187,404405.6974476479,6.281020002025685,309678.5522989911,-94727.1451486568,699,528790.2574753969
7188,408735.4149374696,6.769543779961015,388145.8951293258,-20589.519808143785,699,508200.73766725307
7189,340081.69126585824,7.153383891195919,457601.8891179217,117520.19785206346,700,625720.9355193165
7190,374468.0475251476,7.467434891297203,519030.2647377329,144562.21721258527,700,770283.1527319017
7191,419394.8058793201,6.281020002025685,309678.5522989911,-109716.25358032895,701,660566.8991515727
7192,991001.165785354,7.292962113463156,484903.38939339336,-506097.7763919606,701,154469.1227596121
7193,469810.57092948846,8.13043144706658,662990.6038839819,193180.03295449348,702,347649.1557141056
7194,506825.9795378413,8.13043144706658,662990.6038839819,156164.62434614066,702,503813.78006024624
7195,515798.6350153369,7.67680222469806,564367.2103234524,48568.575308115454,702,552382.3553683617
7196,551628.7986199583,7.1882784467627285,464427.26418678975,-87201.53443316859,703,465180.8209351931
7197,522551.8732981949,6.350809113159303,319979.42510231317,-202572.44819588173,703,262608.37273931137
7198,448416.9984065134,5.792496224090355,240560.4970488353,-207856.50135767812,703,54751.871381633246
7199,378803.176523141,5.1294996683209755,160400.36311729247,-218402.81340584852,703,0.0
7200,356733.1323649957,5.408656112855451,191442.55974952615,-165290.57261546957,703,0.0
7201,369800.64647783857,5.652918001823116,221968.6778428391,-147831.96863499947,703,0.0
7202,370581.7371952108,7.0835947800623,443951.13898018585,73369.40178497502,704,73369.40178497502
7203,371989.3628363648,6.944016557795062,418015.6346945147,46026.27185814991,704,119395.67364312493
7204,330387.9830352224,7.153383891195919,457601.8891179217,127213.90608269931,704,246609.57972582424
7205,379102.0813359701,6.944016557795062,418015.6346945147,38913.553358544596,704,285523.13308436883
7206,380223.39734510536,6.315914557592494,314828.98870065215,-65394.408644453215,705,220128.72443991562
7207,406995.6334626085,5.548234335122689,208024.8134383421,-198970.8200242664,705,21157.904415649216
7208,403499.79341539694,4.675870445952455,116439.38467086392,-287060.408744533,705,0.0
7209,420871.1622689479,5.234183335021404,172041.18685438015,-248829.97541456777,705,0.0
7210,441259.2794497657,4.815448668219692,129168.91854163593,-312090.3609081298,705,0.0
7211,401888.92861594335,5.897179890790781,254504.36145333204,-147384.56716261132,705,0.0
7212,428130.1379084394,5.373761557288642,187562.28517049697,-240567.85273794242,705,0.0
7213,355990.8729029851,5.932074446357591,259152.31625483112,-96838.55664815396,705,0.0
7214,383878.6801893711,6.629965557693778,364250.10347717477,-19628.576712196344,705,0.0
7215,362315.756564757,6.420598224292922,330280.29790563526,-32035.45865912171,705,0.0
7216,988143.9532740548,4.640975890385645,113257.00120317086,-874886.9520708839,705,0.0
7217,478870.5305894482,2.9311426676119865,10002.509888598086,-468868.02070085006,705,0.0
7218,538402.5707445203,3.5592446678145544,37083.5864674958,-501318.9842770245,705,0.0
7219,502017.5245707246,3.28008822328008,23923.881824323515,-478093.6427464011,705,0.0
7220,516492.430049228,3.4196664455473176,30065.323604081976,-486427.106445146,705,0.0
7221,483321.8360555441,3.4196664455473176,30065.323604081976,-453256.5124514621,705,0.0
7222,452273.3237498909,3.489455556680936,33136.044493961184,-419137.2792559297,705,0.0
7223,439545.703229095,2.791564445344749,6764.295131998172,-432781.4080970968,705,0.0
7224,371139.1575900174,2.512408000810274,287.86561879835267,-370851.29197121906,705,0.0
7225,348283.92854366783,2.4775134452434644,0.0,-348283.92854366783,705,0.0
7226,384513.0119181281,2.407724334109846,0.0,-384513.0119181281,705,0.0
7227,366893.96687695954,2.3030406674094177,0.0,-366893.96687695954,705,0.0
7228,394655.0245604327,2.1285678895753706,0.0,-394655.0245604327,705,0.0
7229,359687.04712835874,1.6051495560732305,0.0,-359687.04712835874,705,0.0
7230,391577.0716300701,1.919200556174515,0.0,-391577.0716300701,705,0.0
7231,364049.9014852552,1.9540951117413239,0.0,-364049.9014852552,705,0.0
7232,402045.4904675988,2.0238842228749427,0.0,-402045.4904675988,705,0.0
7233,398370.3649956648,1.64004411164004,0.0,-398370.3649956648,705,0.0
7234,383440.5121245537,2.1285678895753706,0.0,-383440.5121245537,705,0.0
7235,406537.51546863234,2.512408000810274,287.86561879835267,-406249.649849834,705,0.0
7236,360145.05379912205,2.8962481120451775,9192.956199448117,-350952.09759967396,705,0.0
7237,357005.8727181647,4.222241223583932,79623.64352407813,-277382.22919408657,705,0.0
7238,400978.0630839338,5.059710557187357,152639.81395923407,-248338.2491246997,705,0.0
7239,395727.98441363976,5.583128890689498,212672.76823984107,-183055.2161737987,705,0.0
7240,1064793.2055938556,6.350809113159303,319979.42510231317,-744813.7804915424,705,0.0
7241,497963.1237019632,6.6648601132605885,370224.0513902128,-127739.07231175044,705,0.0
7242,504985.6419487472,6.1065472241916385,283926.37029068585,-221059.27165806136,705,0.0
7243,484387.2245610915,5.303972446155022,179801.73601243846,-304585.4885486531,705,0.0
7244,528228.3027911682,4.39671400141798,92674.20730606488,-435554.0954851033,705,0.0
7245,521241.2775133264,3.698822890081792,45290.78593680938,-475950.491576517,705,0.0
7246,481988.292354534,3.210299112146461,20853.160934444284,-461135.1314200897,705,0.0
7247,406617.7544184318,2.791564445344749,6764.295131998172,-399853.4592864336,705,0.0
7248,348853.86966186995,3.5592446678145544,37083.5864674958,-311770.2831943742,705,0.0
7249,359898.06160717725,4.117557556883505,71793.30525488619,-288104.7563522911,705,0.0
7250,383117.7352597865,5.059710557187357,152639.81395923407,-230477.9213005524,705,0.0
7251,381185.4747397844,5.164394223887786,164280.63769632182,-216904.83704346255,705,0.0
7252,418556.8697153309,5.059710557187357,152639.81395923407,-265917.05575609684,705,0.0
7253,380924.18961236125,3.5243501122477454,35031.78660016743,-345892.40301219386,705,0.0
7254,436181.0464823151,3.314982778846889,25459.242269263108,-410721.80421305203,705,0.0
7255,388644.6229137585,2.826459000911558,7573.84882114815,-381070.77409261034,705,0.0
7256,399407.6123365423,2.791564445344749,6764.295131998172,-392643.3172045441,705,0.0
7257,355694.7304919312,3.175404556579651,19317.800489504647,-336376.93000242655,705,0.0
7258,366874.9085406964,4.082663001316695,69183.1924984888,-297691.71604220755,705,0.0
7259,384403.7693173859,2.0238842228749427,0.0,-384403.7693173859,705,0.0
7260,375520.1985394419,0.6629965557693778,0.0,-375520.1985394419,705,0.0
7261,344168.27218785434,2.826459000911558,7573.84882114815,-336594.4233667062,705,0.0
7262,396360.95333347947,6.350809113159303,319979.42510231317,-76381.5282311663,705,0.0
7263,409632.3358575693,6.52528189099335,346328.2597380615,-63304.07611950778,705,0.0
7264,951453.2136810878,3.6639283345149827,43238.98606948098,-908214.2276116068,705,0.0
7265,500945.7941960982,4.257135779150741,82233.75628047543,-418712.0379156228,705,0.0
7266,492494.304301833,4.39671400141798,92674.20730606488,-399820.0969957681,705,0.0
7267,545006.2840055986,4.0128738901830765,63962.966985694125,-481043.3170199045,705,0.0
7268,479948.8645943619,2.9311426676119865,10002.509888598086,-469946.3547057638,705,0.0
7269,494228.9325767412,2.686880778644321,4335.634064548246,-489893.29851219297,705,0.0
7270,429659.8722845087,3.6639283345149827,43238.98606948098,-386420.8862150277,705,0.0
7271,394678.6226874308,3.977979334616267,61705.1848754365,-332973.43781199434,705,0.0
7272,338317.8674144043,4.780554112652882,125986.53507394284,-212331.33234046143,705,0.0
7273,414157.8189105728,4.675870445952455,116439.38467086392,-297718.4342397089,705,0.0
7274,396033.34247530426,4.152452112450315,74403.41801128357,-321629.9244640207,705,0.0
7275,383571.98023893056,3.489455556680936,33136.044493961184,-350435.93574496935,705,0.0
7276,371821.34540079616,3.698822890081792,45290.78593680938,-326530.5594639868,705,0.0
7277,322317.8787605378,3.6290337789481733,41187.18620215259,-281130.6925583852,705,0.0
7278,349778.8570515629,3.5592446678145544,37083.5864674958,-312695.2705840671,705,0.0
7279,350383.1163454564,3.5243501122477454,35031.78660016743,-315351.32974528894,705,0.0
7280,348216.1388870355,3.9081902234826478,57601.58514077969,-290614.5537462558,705,0.0
7281,352168.1493958455,4.536292223685217,103709.85080009176,-248458.29859575373,705,0.0
7282,511985.59874833503,4.640975890385645,113257.00120317086,-398728.5975451642,705,0.0
7283,523202.36953306536,4.466503112551599,97894.43281885957,-425307.9367142058,705,0.0
7284,534926.9100812746,4.152452112450315,74403.41801128357,-460523.492069991,705,0.0
7285,374059.7124806522,3.035826334312414,13176.358709746211,-360883.353770906,705,0.0
7286,1286398.0127785243,2.19835700070899,0.0,-1286398.0127785243,705,0.0
7287,679671.6120396965,3.8035065567822204,51446.18553879456,-628225.4265009019,705,0.0
7288,474274.3752621385,6.734649224394207,382171.9472162883,-92102.42804585019,705,0.0
7289,472269.98436586256,5.932074446357591,259152.31625483112,-213117.66811103144,705,0.0
7290,485776.87713520974,5.862285335223973,249856.4066518332,-235920.47048337653,705,0.0
7291,526133.3403626623,4.710765001519263,119621.76813855681,-406511.57222410553,705,0.0
7292,448746.5221042728,4.5711867792520255,106892.23426778473,-341854.28783648805,705,0.0
7293,499613.3963776531,4.222241223583932,79623.64352407813,-419989.752853575,705,0.0
7294,456164.77328310494,3.0009317787456045,11640.998264806596,-444523.77501829836,705,0.0
7295,400516.6242989834,4.675870445952455,116439.38467086392,-284077.2396281195,705,0.0
7296,369575.249206846,3.698822890081792,45290.78593680938,-324284.4632700366,705,0.0
7297,453803.73186738434,3.3847718899805077,28529.963159142342,-425273.768708242,705,0.0
7298,419308.0966257957,3.5243501122477454,35031.78660016743,-384276.3100256283,705,0.0
7299,386973.703710445,3.175404556579651,19317.800489504647,-367655.9032209404,705,0.0
7300,375644.7229252392,2.651986223077511,3526.0803753982573,-372118.6425498409,705,0.0
7301,344440.2005048369,2.337935222976227,0.0,-344440.2005048369,705,0.0
7302,363962.1170096636,2.826459000911558,7573.84882114815,-356388.26818851545,705,0.0
7303,450647.0637378071,3.105615445446033,16247.079599625458,-434399.98413818167,705,0.0
7304,495563.4324929799,3.454561001114127,31600.684049021587,-463962.74844395835,705,0.0
7305,515028.6656850938,3.7337174456486015,47342.58580413777,-467686.07988095604,705,0.0
7306,468031.599133123,2.756669889777939,5954.7414428481825,-462076.85769027483,705,0.0
7307,610125.1299872164,4.152452112450315,74403.41801128357,-535721.7119759328,705,0.0
7308,478680.11492567736,2.512408000810274,287.86561879835267,-478392.249306879,705,0.0
7309,500610.3947292633,1.919200556174515,0.0,-500610.3947292633,705,0.0
7310,1290563.552870523,3.7686120012154114,49394.38567146619,-1241169.1671990568,705,0.0
7311,697264.8478259215,5.338867001721832,183682.0105914677,-513582.83723445376,705,0.0
7312,528645.8375864407,7.048700224495491,437125.76391131803,-91520.0736751227,705,0.0
7313,572983.1436905573,5.408656112855451,191442.55974952615,-381540.5839410312,705,0.0
7314,517880.2511421058,4.326924890284361,87453.9817932702,-430426.2693488356,705,0.0
7315,526948.8924830691,3.210299112146461,20853.160934444284,-506095.7315486248,705,0.0
7316,471997.023228018,1.9540951117413239,0.0,-471997.023228018,705,0.0
7317,480454.5833888186,0.5234183335021404,0.0,-480454.5833888186,705,0.0
7318,447151.4312212861,0.8374693336034246,0.0,-447151.4312212861,705,0.0
7319,455656.5612782562,2.1285678895753706,0.0,-455656.5612782562,705,0.0
7320,456871.6927231103,2.0238842228749427,0.0,-456871.6927231103,705,0.0
7321,289338.5744416218,1.919200556174515,0.0,-289338.5744416218,705,0.0
7322,291274.8986523889,1.744727778340468,0.0,-291274.8986523889,705,0.0
7323,317252.5469966008,1.64004411164004,0.0,-317252.5469966008,705,0.0
7324,332296.3805305476,1.919200556174515,0.0,-332296.3805305476,705,0.0
7325,326611.1088982673,1.9889896673081333,0.0,-326611.1088982673,705,0.0
7326,379857.8151521111,2.2681461118426083,0.0,-379857.8151521111,705,0.0
7327,405484.82016599353,2.3030406674094177,0.0,-405484.82016599353,705,0.0
7328,406642.0273128424,2.407724334109846,0.0,-406642.0273128424,705,0.0
7329,414228.13922658615,2.651986223077511,3526.0803753982573,-410702.0588511879,705,0.0
7330,387330.1192227402,2.3030406674094177,0.0,-387330.1192227402,705,0.0
7331,465143.5791520736,2.407724334109846,0.0,-465143.5791520736,705,0.0
7332,427586.545044018,2.826459000911558,7573.84882114815,-420012.69622286985,705,0.0
7333,369987.0350790103,4.082663001316695,69183.1924984888,-300803.8425805215,705,0.0
7334,346028.3105316901,6.420598224292922,330280.29790563526,-15748.012626054813,705,0.0
7335,358886.41584664886,7.153383891195919,457601.8891179217,98715.47327127284,706,98715.47327127284
7336,368887.9942118161,6.52528189099335,346328.2597380615,-22559.734473754594,707,76155.73879751825
7337,448418.8560893968,6.176336335325257,294227.24309400795,-154191.61299538886,707,0.0
7338,482070.2766456568,5.652918001823116,221968.6778428391,-260101.5988028177,707,0.0
7339,485215.32511306775,5.269077890588212,175921.46143340922,-309293.8636796585,707,0.0
7340,456207.0580643637,5.687812557389925,226616.63264433807,-229590.42542002565,707,0.0
7341,427530.4520837895,5.757601668523544,235912.5422473361,-191617.90983645341,707,0.0
7342,377876.6911712462,4.92013233492012,138716.0689447149,-239160.62222653127,707,0.0
7343,317966.488416014,4.326924890284361,87453.9817932702,-230512.5066227438,707,0.0
7344,294720.9349255694,3.8035065567822204,51446.18553879456,-243274.74938677484,707,0.0
7345,268107.163996284,3.9081902234826478,57601.58514077969,-210505.57885550434,707,0.0
7346,277401.35568889725,4.501397668118408,100527.46733239877,-176873.8883564985,707,0.0
7347,298896.69162692566,4.5711867792520255,106892.23426778473,-192004.4573591409,707,0.0
7348,317345.7000427513,3.977979334616267,61705.1848754365,-255640.51516731482,707,0.0
7349,326637.3285376391,4.082663001316695,69183.1924984888,-257454.1360391503,707,0.0
7350,378970.79153806425,4.187346668017123,77013.53076768082,-301957.2607703834,707,0.0
7351,411491.19578523,4.466503112551599,97894.43281885957,-313596.76296637044,707,0.0
7352,398110.108117146,4.5711867792520255,106892.23426778473,-291217.87384936126,707,0.0
7353,403008.9701739263,4.710765001519263,119621.76813855681,-283387.2020353695,707,0.0
7354,457440.4847196938,6.001863557491209,268475.0610857024,-188965.4236339914,707,0.0
7355,440895.935255296,6.315914557592494,314828.98870065215,-126066.94655464386,707,0.0
7356,450078.8682089774,6.001863557491209,268475.0610857024,-181603.807123275,707,0.0
7357,374486.2942408329,6.1414417797584475,289076.8066923469,-85409.48754848604,707,0.0
7358,381588.0946131014,5.862285335223973,249856.4066518332,-131731.68796126818,707,0.0
7359,350004.8754775172,5.652918001823116,221968.6778428391,-128036.1976346781,707,0.0
7360,362263.4238058484,5.583128890689498,212672.76823984107,-149590.65556600734,707,0.0
7361,491293.94746149005,5.966969001924401,263800.2710563302,-227493.67640515987,707,0.0
7362,470916.0381859084,6.420598224292922,330280.29790563526,-140635.74028027314,707,0.0
7363,486701.860566316,6.6648601132605885,370224.0513902128,-116477.80917610321,707,0.0
7364,460022.0561886336,7.118489335629109,450776.51404905366,-9245.54213957995,707,0.0
7365,447404.7783237829,6.909122002228254,412041.6867814771,-35363.091542305774,707,0.0
7366,379914.92577510286,7.048700224495491,437125.76391131803,57210.83813621517,708,57210.83813621517
7367,374213.5324264287,6.909122002228254,412041.6867814771,37828.154355048435,708,95038.9924912636
7368,308951.4597941058,6.595071002126969,358276.1555641371,49324.69577003131,708,144363.6882612949
7369,314173.5146091194,6.978911113361872,423989.5826075525,109816.06799843314,708,254179.75625972805
7370,297341.109642426,7.292962113463156,484903.38939339336,187562.27975096734,708,441742.0360106954
7371,347428.81794204377,6.6648601132605885,370224.0513902128,22795.23344816902,708,464537.2694588644
7372,315133.65506005887,6.315914557592494,314828.98870065215,-304.6663594067213,709,464232.6030994577
7373,344504.660463844,5.199288779454595,168160.912275351,-176343.74818849302,709,287888.85491096467
7374,383783.3154174666,4.780554112652882,125986.53507394284,-257796.78034352377,709,30092.074567440897
7375,372878.2450497072,4.257135779150741,82233.75628047543,-290644.4887692318,709,0.0
7376,408971.5926102551,4.0128738901830765,63962.966985694125,-345008.625624561,709,0.0
7377,372930.3584955132,4.39671400141798,92674.20730606488,-280256.1511894483,709,0.0
7378,382229.8996739547,5.059710557187357,152639.81395923407,-229590.08571472063,709,0.0
7379,487587.3723686029,5.164394223887786,164280.63769632182,-323306.7346722811,709,0.0
7380,439765.829630386,5.303972446155022,179801.73601243846,-259964.09361794757,709,0.0
7381,341666.0812074752,5.548234335122689,208024.8134383421,-133641.26776913312,709,0.0
7382,407098.3612987923,5.792496224090355,240560.4970488353,-166537.864249957,709,0.0
7383,361623.84500342375,6.1414417797584475,289076.8066923469,-72547.03831107687,709,0.0
7384,399895.0712648743,6.52528189099335,346328.2597380615,-53566.81152681279,709,0.0
7385,461551.6374677427,6.071652668624828,278775.93388902454,-182775.70357871818,709,0.0
7386,468704.6723063413,5.722707112956735,231264.58744583713,-237440.08486050417,709,0.0
7387,509279.6976367285,4.640975890385645,113257.00120317086,-396022.69643355766,709,0.0
7388,421860.2694054632,3.83840111234903,53497.98540612295,-368362.28399934026,709,0.0
7389,446668.8654637922,3.6290337789481733,41187.18620215259,-405481.6792616396,709,0.0
7390,393895.87379074807,3.9081902234826478,57601.58514077969,-336294.2886499684,709,0.0
7391,312432.2625625522,3.977979334616267,61705.1848754365,-250727.07768711567,709,0.0
7392,283832.5376902969,4.0477684457498855,66573.07974209143,-217259.45794820547,709,0.0
7393,310306.62133116927,4.0477684457498855,66573.07974209143,-243733.54158907785,709,0.0
7394,297594.09099331783,3.8035065567822204,51446.18553879456,-246147.90545452328,709,0.0
7395,320058.49146253284,3.175404556579651,19317.800489504647,-300740.6909730282,709,0.0
7396,308988.31670433906,3.035826334312414,13176.358709746211,-295811.95799459284,709,0.0
7397,347230.3462477192,2.791564445344749,6764.295131998172,-340466.051115721,709,0.0
7398,403018.5726096481,2.372829778543036,0.0,-403018.5726096481,709,0.0
7399,397180.94340265606,2.0587787784417526,0.0,-397180.94340265606,709,0.0
7400,416974.8886515302,2.0238842228749427,0.0,-416974.8886515302,709,0.0
7401,442160.9372719397,2.1285678895753706,0.0,-442160.9372719397,709,0.0
7402,389362.18074420665,2.651986223077511,3526.0803753982573,-385836.1003688084,709,0.0
7403,435383.3961459906,1.884306000607706,0.0,-435383.3961459906,709,0.0
7404,395213.6678075543,1.64004411164004,0.0,-395213.6678075543,709,0.0
7405,348590.27646121336,2.651986223077511,3526.0803753982573,-345064.1960858151,709,0.0
7406,374033.80123979575,4.0128738901830765,63962.966985694125,-310070.8342541016,709,0.0
7407,372741.3873537194,5.059710557187357,152639.81395923407,-220101.5733944853,709,0.0
7408,371268.45393936016,4.292030334717551,84843.86903687281,-286424.58490248735,709,0.0
7409,511310.6607218039,5.164394223887786,164280.63769632182,-347030.0230254821,709,0.0
7410,524090.1300413385,5.338867001721832,183682.0105914677,-340408.1194498708,709,0.0
7411,508613.398107546,4.780554112652882,125986.53507394284,-382626.8630336031,709,0.0
7412,423207.3465020677,3.9081902234826478,57601.58514077969,-365605.761361288,709,0.0
7413,433964.185925137,3.0707208898792238,14711.719154685845,-419252.46677045117,709,0.0
7414,418311.0775700246,2.8613535564783676,8383.402510298129,-409927.67505972646,709,0.0
7415,318397.3551361402,3.035826334312414,13176.358709746211,-305220.996426394,709,0.0
7416,279186.78022938606,2.8613535564783676,8383.402510298129,-270803.37771908793,709,0.0
7417,306944.3124800007,2.686880778644321,4335.634064548246,-302608.6784154525,709,0.0
7418,303189.99504140764,2.686880778644321,4335.634064548246,-298854.3609768594,709,0.0
7419,326584.3682867624,2.9311426676119865,10002.509888598086,-316581.8583981643,709,0.0
7420,332671.0137410297,3.210299112146461,20853.160934444284,-311817.85280658543,709,0.0
7421,322286.23799104174,3.035826334312414,13176.358709746211,-309109.8792812955,709,0.0
7422,417429.7699407514,3.9081902234826478,57601.58514077969,-359828.1847999717,709,0.0
7423,414166.16386899457,4.082663001316695,69183.1924984888,-344982.97137050575,709,0.0
7424,362185.3036484013,3.6290337789481733,41187.18620215259,-320998.1174462487,709,0.0
7425,417009.2842924024,2.5473025563770832,1097.4193079483314,-415911.86498445406,709,0.0
7426,392377.1781642118,1.6051495560732305,0.0,-392377.1781642118,709,0.0
7427,412758.2990836159,1.6749386672068491,0.0,-412758.2990836159,709,0.0
7428,475749.12692029023,1.3608876671055647,0.0,-475749.12692029023,709,0.0
7429,365648.93547117047,3.4196664455473176,30065.323604081976,-335583.6118670885,709,0.0
7430,348306.5488447717,4.536292223685217,103709.85080009176,-244596.69804467994,709,0.0
7431,386140.6886434693,4.431608556984789,95284.3200624622,-290856.3685810071,709,0.0
7432,391806.9701900885,4.92013233492012,138716.0689447149,-253090.9012453736,709,0.0
7433,494460.7216751537,4.710765001519263,119621.76813855681,-374838.9535365969,709,0.0
7434,467431.27677417727,4.955026890486929,141898.4524124079,-325532.82436176937,709,0.0
7435,523231.4767438787,4.780554112652882,125986.53507394284,-397244.9416699358,709,0.0
7436,429795.9974025834,3.873295667915839,55549.78527345132,-374246.2121291321,709,0.0
7437,414464.0341918253,2.9311426676119865,10002.509888598086,-404461.5243032272,709,0.0
7438,417968.7646694904,2.617091667510702,2716.526686248289,-415252.2379832421,709,0.0
7439,307296.532829343,1.884306000607706,0.0,-307296.532829343,709,0.0
7440,312311.448467659,2.0238842228749427,0.0,-312311.448467659,709,0.0
7441,443255.0563090673,2.0238842228749427,0.0,-443255.0563090673,709,0.0
7442,445465.2786465328,2.1634624451421804,0.0,-445465.2786465328,709,0.0
7443,412232.4542628787,2.2332515562757993,0.0,-412232.4542628787,709,0.0
7444,397670.5254812875,2.2332515562757993,0.0,-397670.5254812875,709,0.0
7445,383541.3566186618,1.919200556174515,0.0,-383541.3566186618,709,0.0
7446,356111.1138548092,2.3030406674094177,0.0,-356111.1138548092,709,0.0
7447,407995.6809017132,2.3030406674094177,0.0,-407995.6809017132,709,0.0
7448,490392.66883127287,2.2332515562757993,0.0,-490392.66883127287,709,0.0
7449,499699.6154553161,1.884306000607706,0.0,-499699.6154553161,709,0.0
7450,521929.95327658753,1.5353604449396119,0.0,-521929.95327658753,709,0.0
7451,532601.2639202013,2.2332515562757993,0.0,-532601.2639202013,709,0.0
7452,514500.6724748586,2.372829778543036,0.0,-514500.6724748586,709,0.0
7453,487588.0381819354,3.6639283345149827,43238.98606948098,-444349.0521124544,709,0.0
7454,1229219.9669718018,5.024816001620548,148759.5393802049,-1080460.427591597,709,0.0
7455,771264.201585445,4.92013233492012,138716.0689447149,-632548.1326407301,709,0.0
7456,517200.3303299758,4.780554112652882,125986.53507394284,-391213.79525603296,709,0.0
7457,527088.9258761201,2.9311426676119865,10002.509888598086,-517086.415987522,709,0.0
7458,585354.5007867226,3.28008822328008,23923.881824323515,-561430.6189623991,709,0.0
7459,508428.5312104424,2.756669889777939,5954.7414428481825,-502473.78976759425,709,0.0
7460,472344.2759781325,1.7098332227736588,0.0,-472344.2759781325,709,0.0
7461,481156.1719033399,3.489455556680936,33136.044493961184,-448020.1274093787,709,0.0
7462,446508.67518678616,4.292030334717551,84843.86903687281,-361664.80614991335,709,0.0
7463,460829.0870329817,4.117557556883505,71793.30525488619,-389035.7817780955,709,0.0
7464,466973.07170380105,4.536292223685217,103709.85080009176,-363263.2209037093,709,0.0
7465,458988.8417492309,5.059710557187357,152639.81395923407,-306349.0277899968,709,0.0
7466,416430.8066049466,4.8503432237865,132351.3020093288,-284079.5045956178,709,0.0
7467,424644.9907817986,4.536292223685217,103709.85080009176,-320935.13998170686,709,0.0
7468,378234.0112308682,4.431608556984789,95284.3200624622,-282949.691168406,709,0.0
7469,382529.0805037509,3.210299112146461,20853.160934444284,-361675.9195693066,709,0.0
7470,380103.6202111176,2.617091667510702,2716.526686248289,-377387.0935248693,709,0.0
7471,407135.5602237864,2.0587787784417526,0.0,-407135.5602237864,709,0.0
7472,492687.6716617124,1.64004411164004,0.0,-492687.6716617124,709,0.0
7473,506297.9558304864,1.8145168894740866,0.0,-506297.9558304864,709,0.0
7474,548278.0328205018,1.884306000607706,0.0,-548278.0328205018,709,0.0
7475,609760.1511354883,3.5941392233813643,39135.386334824216,-570624.764800664,709,0.0
7476,490268.9995186315,3.245193667713271,22388.521379383918,-467880.47813924757,709,0.0
7477,446688.45076663885,3.9081902234826478,57601.58514077969,-389086.8656258592,709,0.0
7478,1347382.4391358537,4.536292223685217,103709.85080009176,-1243672.5883357618,709,0.0
7479,780516.4093703228,4.745659557086072,122804.15160624978,-657712.2577640731,709,0.0
7480,497077.8208917295,5.024816001620548,148759.5393802049,-348318.2815115246,709,0.0
7481,545081.4037297078,4.675870445952455,116439.38467086392,-428642.0190588439,709,0.0
7482,592066.7970082562,3.9430847790494576,59653.38500810811,-532413.4120001481,709,0.0
7483,518888.8407165923,2.8613535564783676,8383.402510298129,-510505.4382062942,709,0.0
7484,549452.1345156238,2.1634624451421804,0.0,-549452.1345156238,709,0.0
7485,464173.1473222703,1.6051495560732305,0.0,-464173.1473222703,709,0.0
7486,476580.3231857556,1.884306000607706,0.0,-476580.3231857556,709,0.0
7487,480708.5281197215,1.1166257781378996,0.0,-480708.5281197215,709,0.0
7488,475594.6883064368,1.256204000405137,0.0,-475594.6883064368,709,0.0
7489,405088.85239175416,1.4655713338059932,0.0,-405088.85239175416,709,0.0
7490,423037.2622958492,1.884306000607706,0.0,-423037.2622958492,709,0.0
7491,356520.66193020105,2.0238842228749427,0.0,-356520.66193020105,709,0.0
7492,345685.4977325131,2.1285678895753706,0.0,-345685.4977325131,709,0.0
7493,352878.9589036392,2.5473025563770832,1097.4193079483314,-351781.5395956909,709,0.0
7494,397150.3324738803,2.9311426676119865,10002.509888598086,-387147.8225852822,709,0.0
7495,420561.0994563875,3.28008822328008,23923.881824323515,-396637.217632064,709,0.0
7496,408252.9508536152,3.035826334312414,13176.358709746211,-395076.59214386897,709,0.0
7497,389246.5702034143,2.4775134452434644,0.0,-389246.5702034143,709,0.0
7498,438645.9058621676,2.0238842228749427,0.0,-438645.9058621676,709,0.0
7499,491324.6495936301,2.1285678895753706,0.0,-491324.6495936301,709,0.0
7500,392705.4182218371,1.7098332227736588,0.0,-392705.4182218371,709,0.0
7501,483219.31415340153,2.512408000810274,287.86561879835267,-482931.4485346032,709,0.0
7502,464749.390469575,5.792496224090355,240560.4970488353,-224188.8934207397,709,0.0
7503,447625.19189071615,6.944016557795062,418015.6346945147,-29609.557196201466,709,0.0
7504,1239536.7566512378,5.652918001823116,221968.6778428391,-1017568.0788083987,709,0.0
7505,465774.517163892,5.234183335021404,172041.18685438015,-293733.33030951186,709,0.0
7506,456308.8308386221,5.199288779454595,168160.912275351,-288147.9185632711,709,0.0
7507,462176.3665713319,5.548234335122689,208024.8134383421,-254151.55313298982,709,0.0
7508,419955.737344522,5.827390779657163,245208.45185033412,-174747.28549418785,709,0.0
7509,427840.5473849135,5.548234335122689,208024.8134383421,-219815.7339465714,709,0.0
7510,452284.035052577,4.501397668118408,100527.46733239877,-351756.5677201782,709,0.0
7511,425589.2932603828,4.780554112652882,125986.53507394284,-299602.7581864399,709,0.0
7512,444292.19064776594,4.536292223685217,103709.85080009176,-340582.3398476742,709,0.0
7513,300123.340189995,5.897179890790781,254504.36145333204,-45618.978736662975,709,0.0
7514,325511.78718911915,4.9899214460537396,145080.83588010108,-180430.95130901807,709,0.0
7515,319530.77425926906,4.5711867792520255,106892.23426778473,-212638.53999148431,709,0.0
7516,328767.1597715865,4.39671400141798,92674.20730606488,-236092.95246552158,709,0.0
7517,306271.1481011448,3.489455556680936,33136.044493961184,-273135.1036071836,709,0.0
7518,379491.9996107574,3.489455556680936,33136.044493961184,-346355.9551167962,709,0.0
7519,387599.903557832,3.5592446678145544,37083.5864674958,-350516.31709033623,709,0.0
7520,439014.5536562036,3.9081902234826478,57601.58514077969,-381412.96851542394,709,0.0
7521,421780.3236546641,5.059710557187357,152639.81395923407,-269140.50969543005,709,0.0
7522,375583.9155979267,6.2461254464588745,304528.1158973299,-71055.79970059684,709,0.0
7523,430548.3739131406,6.629965557693778,364250.10347717477,-66298.27043596585,709,0.0
7524,448791.4133558909,6.52528189099335,346328.2597380615,-102463.15361782938,709,0.0
7525,360316.1811678947,5.966969001924401,263800.2710563302,-96515.9101115645,709,0.0
7526,367618.3985953968,5.722707112956735,231264.58744583713,-136353.81114955965,709,0.0
7527,382412.1396496031,5.687812557389925,226616.63264433807,-155795.50700526504,709,0.0
7528,373796.9981756999,5.408656112855451,191442.55974952615,-182354.43842617376,709,0.0
7529,454002.318892812,5.897179890790781,254504.36145333204,-199497.95743947997,709,0.0
7530,493145.4881058216,5.687812557389925,226616.63264433807,-266528.85546148353,709,0.0
7531,460874.2960801179,4.675870445952455,116439.38467086392,-344434.911409254,709,0.0
7532,421791.8628363866,3.9430847790494576,59653.38500810811,-362138.4778282785,709,0.0
7533,410143.2220570944,3.454561001114127,31600.684049021587,-378542.5380080728,709,0.0
7534,397599.084202854,3.3847718899805077,28529.963159142342,-369069.12104371167,709,0.0
7535,335155.3609146196,3.035826334312414,13176.358709746211,-321979.00220487337,709,0.0
7536,299912.30005002994,3.4196664455473176,30065.323604081976,-269846.97644594795,709,0.0
7537,311761.093593855,3.28008822328008,23923.881824323515,-287837.2117695315,709,0.0
7538,296160.3470317191,3.28008822328008,23923.881824323515,-272236.4652073956,709,0.0
7539,350404.17039854336,3.3847718899805077,28529.963159142342,-321874.207239401,709,0.0
7540,320001.80371548526,3.6639283345149827,43238.98606948098,-276762.81764600426,709,0.0
7541,298475.0216575898,3.28008822328008,23923.881824323515,-274551.1398332663,709,0.0
7542,386266.302876905,3.698822890081792,45290.78593680938,-340975.51694009564,709,0.0
7543,406754.73315129936,3.977979334616267,61705.1848754365,-345049.5482758629,709,0.0
7544,447752.06793785497,4.501397668118408,100527.46733239877,-347224.6006054562,709,0.0
7545,423897.7032528107,4.955026890486929,141898.4524124079,-281999.2508404028,709,0.0
7546,384080.70276313566,4.0128738901830765,63962.966985694125,-320117.7357774415,709,0.0
7547,426780.4184569075,4.780554112652882,125986.53507394284,-300793.88338296465,709,0.0
7548,412027.0057329187,4.780554112652882,125986.53507394284,-286040.4706589758,709,0.0
7549,364211.8068343673,3.873295667915839,55549.78527345132,-308662.021560916,709,0.0
7550,373495.4830368573,3.8035065567822204,51446.18553879456,-322049.2974980627,709,0.0
7551,326809.95738370257,3.035826334312414,13176.358709746211,-313633.59867395635,709,0.0
7552,365487.20216415374,1.5353604449396119,0.0,-365487.20216415374,709,0.0
7553,463216.9296148657,2.756669889777939,5954.7414428481825,-457262.1881720175,709,0.0
7554,501897.8105649666,4.5711867792520255,106892.23426778473,-395005.57629718183,709,0.0
7555,497370.8514605996,5.199288779454595,168160.912275351,-329209.9391852486,709,0.0
7556,460603.3517676875,3.3847718899805077,28529.963159142342,-432073.3886085451,709,0.0
7557,405729.76156247663,1.8145168894740866,0.0,-405729.76156247663,709,0.0
7558,354433.1579758971,1.0468366670042808,0.0,-354433.1579758971,709,0.0
7559,357246.83945773816,0.5583128890689498,0.0,-357246.83945773816,709,0.0
7560,300948.0480583185,1.1515203337047089,0.0,-300948.0480583185,709,0.0
7561,313632.8345452247,1.6749386672068491,0.0,-313632.8345452247,709,0.0
7562,291978.5208459195,2.0587787784417526,0.0,-291978.5208459195,709,0.0
7563,323612.5178693542,2.0238842228749427,0.0,-323612.5178693542,709,0.0
7564,331094.09262757224,2.651986223077511,3526.0803753982573,-327568.01225217397,709,0.0
7565,314305.23781816615,2.5473025563770832,1097.4193079483314,-313207.8185102178,709,0.0
7566,400474.1490588844,2.3030406674094177,0.0,-400474.1490588844,709,0.0
7567,431351.0342021985,1.9540951117413239,0.0,-431351.0342021985,709,0.0
7568,388951.5478286991,1.6749386672068491,0.0,-388951.5478286991,709,0.0
7569,388340.7216844764,1.64004411164004,0.0,-388340.7216844764,709,0.0
7570,423805.38939847786,1.64004411164004,0.0,-423805.38939847786,709,0.0
7571,479297.6537413931,0.6281020002025685,0.0,-479297.6537413931,709,0.0
7572,449058.7568527329,1.744727778340468,0.0,-449058.7568527329,709,0.0
7573,386796.26396838255,3.245193667713271,22388.521379383918,-364407.74258899863,709,0.0
7574,352021.3458954054,4.466503112551599,97894.43281885957,-254126.9130765458,709,0.0
7575,355790.6657892951,4.640975890385645,113257.00120317086,-242533.66458612424,709,0.0
7576,367487.4160679716,4.675870445952455,116439.38467086392,-251048.0313971077,709,0.0
7577,505907.6563319481,4.815448668219692,129168.91854163593,-376738.7377903122,709,0.0
7578,490483.6222593518,4.536292223685217,103709.85080009176,-386773.77145926,709,0.0
7579,440371.0043396681,4.152452112450315,74403.41801128357,-365967.5863283845,709,0.0
7580,451126.7388421029,3.6290337789481733,41187.18620215259,-409939.5526399503,709,0.0
7581,459481.00370494,3.245193667713271,22388.521379383918,-437092.4823255561,709,0.0
7582,375843.05368423177,3.28008822328008,23923.881824323515,-351919.17185990827,709,0.0
7583,326465.53482087684,2.512408000810274,287.86561879835267,-326177.6692020785,709,0.0
7584,280754.9486346643,1.9889896673081333,0.0,-280754.9486346643,709,0.0
7585,317055.3025557897,2.407724334109846,0.0,-317055.3025557897,709,0.0
7586,268332.5463649929,2.756669889777939,5954.7414428481825,-262377.80492214474,709,0.0
7587,340452.4794578175,2.4775134452434644,0.0,-340452.4794578175,709,0.0
7588,294943.7787060278,2.442618889676655,0.0,-294943.7787060278,709,0.0
7589,330515.7759806836,2.651986223077511,3526.0803753982573,-326989.69560528535,709,0.0
7590,401717.67621888977,2.2681461118426083,0.0,-401717.67621888977,709,0.0
7591,403710.954944908,1.884306000607706,0.0,-403710.954944908,709,0.0
7592,408186.3414756432,1.8145168894740866,0.0,-408186.3414756432,709,0.0
7593,414771.3482629312,2.0587787784417526,0.0,-414771.3482629312,709,0.0
7594,421589.8427115766,2.4775134452434644,0.0,-421589.8427115766,709,0.0
7595,414558.1299445885,0.27915644453447486,0.0,-414558.1299445885,709,0.0
7596,409317.28301990527,1.4655713338059932,0.0,-409317.28301990527,709,0.0
7597,400183.5224857116,2.8613535564783676,8383.402510298129,-391800.1199754135,709,0.0
7598,377830.12703805696,4.222241223583932,79623.64352407813,-298206.48351397883,709,0.0
7599,364038.8847729338,3.977979334616267,61705.1848754365,-302333.6998974973,709,0.0
7600,387936.5205835553,3.83840111234903,53497.98540612295,-334438.53517743235,709,0.0
7601,430584.64296263066,3.454561001114127,31600.684049021587,-398983.9589136091,709,0.0
7602,491541.4424183048,4.117557556883505,71793.30525488619,-419748.1371634186,709,0.0
7603,485166.5560855137,4.606081334818835,110074.6177354778,-375091.93835003587,709,0.0
7604,424703.8238494366,4.536292223685217,103709.85080009176,-320993.97304934484,709,0.0
7605,407231.4608258318,2.337935222976227,0.0,-407231.4608258318,709,0.0
7606,409784.60793171806,2.1285678895753706,0.0,-409784.60793171806,709,0.0
7607,305789.6604901117,0.9072584447370433,0.0,-305789.6604901117,709,0.0
7608,268575.3808598239,1.3259931115387555,0.0,-268575.3808598239,709,0.0
7609,460857.1053145712,1.3608876671055647,0.0,-460857.1053145712,709,0.0
7610,390873.9386496568,1.4306767782391838,0.0,-390873.9386496568,709,0.0
7611,404048.826638463,2.0587787784417526,0.0,-404048.826638463,709,0.0
7612,338285.3223915287,3.0707208898792238,14711.719154685845,-323573.60323684284,709,0.0
7613,393413.362115373,3.6290337789481733,41187.18620215259,-352226.17591322045,709,0.0
7614,377424.6944960193,4.36181944585117,90064.09454966751,-287360.5999463518,709,0.0
7615,427637.1645286314,4.640975890385645,113257.00120317086,-314380.1633254605,709,0.0
7616,495325.07313084736,4.9899214460537396,145080.83588010108,-350244.2372507463,709,0.0
7617,487542.6651943491,5.408656112855451,191442.55974952615,-296100.1054448229,709,0.0
7618,490984.3428420631,4.815448668219692,129168.91854163593,-361815.4243004272,709,0.0
7619,695557.4463381026,5.338867001721832,183682.0105914677,-511875.43574663484,709,0.0
7620,493875.1552640094,5.687812557389925,226616.63264433807,-267258.5226196713,709,0.0
7621,476317.49572666193,5.47844522398907,199203.10890758454,-277114.3868190774,709,0.0
7622,1371853.5224157376,5.164394223887786,164280.63769632182,-1207572.8847194158,709,0.0
7623,698960.7069261018,5.443550668422261,195322.8343285554,-503637.87259754643,709,0.0
7624,506736.4545389314,5.408656112855451,191442.55974952615,-315293.8947894052,709,0.0
7625,544730.6182745467,4.640975890385645,113257.00120317086,-431473.61707137583,709,0.0
7626,546547.209774941,4.88523777935331,135533.68547702185,-411013.5242979191,709,0.0
7627,513281.8383892769,5.932074446357591,259152.31625483112,-254129.52213444575,709,0.0
7628,467355.0575935824,6.909122002228254,412041.6867814771,-55313.37081210525,709,0.0
7629,429518.7588271097,7.607013113564441,548985.6902296027,119466.93140249304,710,119466.93140249304
7630,430126.8393195332,7.537224002430823,533604.1701357533,103477.33081622014,710,222944.26221871318
7631,416967.3890436816,8.025747780366153,641007.0338768922,224039.64483321056,710,446983.90705192374
7632,466568.1454590082,7.537224002430823,533604.1701357533,67036.02467674512,710,514019.93172866886
7633,449665.5796617057,7.153383891195919,457601.8891179217,7936.309456215997,710,521956.24118488486
7634,434692.19788161846,6.839332891094635,400093.79095540155,-34598.40692621691,711,487357.83425866795
7635,388558.5741492031,7.537224002430823,533604.1701357533,145045.59598655027,712,632403.4302452182
7636,351095.05093661626,7.921064113665725,618202.5306519258,267107.4797153096,712,899510.9099605278
7637,373124.3502449489,7.746591335831678,579748.7304173018,206624.3801723529,712,1106135.2901328807
7638,401419.7692098771,7.8163804469652955,595130.2505111512,193710.48130127403,712,1299845.7714341548
7639,416759.6734197159,8.13043144706658,662990.6038839819,246230.93046426604,712,1546076.701898421
7640,504965.4206996447,8.025747780366153,641007.0338768922,136041.61317724746,712,1682118.3150756685
7641,464255.6585151677,7.292962113463156,484903.38939339336,20647.730878225644,712,1702766.045953894
7642,509612.7613398108,7.013805668928682,430300.3888424502,-79312.37249736057,713,1623453.6734565333
7643,610787.1499801723,8.095536891499771,655662.7472149519,44875.59723477962,714,1668329.2706913128
7644,494927.7775834764,7.292962113463156,484903.38939339336,-10024.388190083031,715,1658304.8825012299
7645,471896.7901320026,6.2461254464588745,304528.1158973299,-167368.67423467274,715,1490936.2082665572
7646,1466703.7600413442,5.757601668523544,235912.5422473361,-1230791.217794008,715,260144.9904725491
7647,713752.211713057,5.338867001721832,183682.0105914677,-530070.2011215893,715,0.0
7648,479128.6435853938,4.815448668219692,129168.91854163593,-349959.7250437579,715,0.0
7649,501149.7453067253,3.28008822328008,23923.881824323515,-477225.8634824018,715,0.0
7650,531950.38599151,3.5243501122477454,35031.78660016743,-496918.5993913426,715,0.0
7651,535894.2433746224,4.640975890385645,113257.00120317086,-422637.24217145157,715,0.0
7652,476445.9288962369,5.687812557389925,226616.63264433807,-249829.2962518988,715,0.0
7653,457910.45329786936,6.385703668726113,325129.86150397424,-132780.59179389512,715,0.0
7654,441187.3232271692,6.978911113361872,423989.5826075525,-17197.7406196167,715,0.0
7655,499907.70133625285,6.56017644656016,352302.20765109936,-147605.4936851535,715,0.0
7656,453841.3372078077,6.839332891094635,400093.79095540155,-53747.546252406144,715,0.0
7657,327969.96160557674,6.804438335527826,394119.8430423639,66149.88143678714,716,66149.88143678714
7658,294138.47077844245,6.6648601132605885,370224.0513902128,76085.58061177033,716,142235.46204855747
7659,298143.7375358364,6.281020002025685,309678.5522989911,11534.814763154718,716,153770.2768117122
7660,319059.3808237932,6.315914557592494,314828.98870065215,-4230.392123141035,717,149539.88468857115
7661,335493.36001324706,7.467434891297203,519030.2647377329,183536.90472448582,718,333076.789413057
7662,358573.1369231087,7.572118557997631,541294.9301826778,182721.7932595691,718,515798.5826726261
7663,402077.29250799696,8.025747780366153,641007.0338768922,238929.74136889522,718,754728.3240415213
7664,411237.0530146922,8.060642335932963,648334.8905459222,237097.83753123,718,991826.1615727514
7665,438548.7606213944,7.502329446864012,525913.4100888282,87364.6494674338,718,1079190.8110401852
7666,378850.5373008337,7.048700224495491,437125.76391131803,58275.22661048436,718,1137466.0376506695
7667,421158.741867507,6.385703668726113,325129.86150397424,-96028.88036353275,719,1041437.1572871367
7668,450203.5853023058,5.1294996683209755,160400.36311729247,-289803.22218501335,719,751633.9351021233
7669,370948.9655676414,3.3498773344136983,26994.602714202723,-343954.3628534387,719,407679.5722486846
7670,367730.755614881,2.442618889676655,0.0,-367730.755614881,719,39948.816633803595
7671,400815.8308377552,2.4775134452434644,0.0,-400815.8308377552,719,0.0
7672,376375.6552492025,3.0009317787456045,11640.998264806596,-364734.65698439593,719,0.0
7673,457527.9319848704,2.582197111943893,1906.9729970983203,-455620.95898777206,719,0.0
7674,470733.33557454473,3.7686120012154114,49394.38567146619,-421338.94990307855,719,0.0
7675,499330.9656359706,4.815448668219692,129168.91854163593,-370162.0470943347,719,0.0
7676,410522.620995598,3.4196664455473176,30065.323604081976,-380457.297391516,719,0.0
7677,455683.0387003706,1.884306000607706,0.0,-455683.0387003706,719,0.0
7678,416947.896797982,1.884306000607706,0.0,-416947.896797982,719,0.0
7679,286647.1086646341,3.035826334312414,13176.358709746211,-273470.7499548879,719,0.0
7680,275627.5711119654,4.082663001316695,69183.1924984888,-206444.37861347658,719,0.0
7681,271856.8417168524,4.815448668219692,129168.91854163593,-142687.92317521648,719,0.0
7682,278046.58209355845,5.722707112956735,231264.58744583713,-46781.99464772132,719,0.0
7683,322917.41492855665,5.373761557288642,187562.28517049697,-135355.1297580597,719,0.0
7684,329791.4426515264,5.164394223887786,164280.63769632182,-165510.8049552046,719,0.0
7685,319122.95009543974,5.164394223887786,164280.63769632182,-154842.31239911792,719,0.0
7686,381292.763806492,5.687812557389925,226616.63264433807,-154676.1311621539,719,0.0
7687,424914.1200645328,6.03675811305802,273625.4974873637,-151288.6225771691,719,0.0
7688,402903.47369465645,6.420598224292922,330280.29790563526,-72623.17578902119,719,0.0
7689,396317.28964571015,6.839332891094635,400093.79095540155,3776.5013096914045,720,3776.5013096914045
7690,411130.3228504816,6.03675811305802,273625.4974873637,-137504.8253631179,721,0.0
7691,431305.67185773305,8.933006225103197,822178.3728094423,390872.7009517093,722,390872.7009517093
7692,437312.6949940722,9.002795336236815,835226.0092424906,397913.31424841844,722,788786.0152001277
7693,391101.9870703228,7.502329446864012,525913.4100888282,134811.4230185054,722,923597.4382186332
7694,363390.56548165553,6.52528189099335,346328.2597380615,-17062.305743594014,723,906535.1324750392
7695,409462.16073633445,6.385703668726113,325129.86150397424,-84332.29923236021,723,822202.833242679
7696,349559.41335831594,6.385703668726113,325129.86150397424,-24429.5518543417,723,797773.2813883373
7697,457474.263315004,4.8503432237865,132351.3020093288,-325122.9613056752,723,472650.32008266205
7698,448857.5286558046,6.03675811305802,273625.4974873637,-175232.03116844088,723,297418.28891422116
7699,481915.1662563761,6.944016557795062,418015.6346945147,-63899.5315618614,723,233518.75735235977
7700,416310.691071315,7.2231730023295375,471252.6392556575,54941.94818434247,724,288460.70553670224
7701,475924.1327340859,6.874227446661443,406067.7388684391,-69856.3938656468,725,218604.31167105545
7702,400642.0642839287,6.52528189099335,346328.2597380615,-54313.8045458672,725,164290.50712518825
7703,356577.1302896511,6.944016557795062,418015.6346945147,61438.504404863575,726,225729.01153005182
7704,311146.0165371613,6.804438335527826,394119.8430423639,82973.82650520257,726,308702.8380352544
7705,288874.8135317,6.629965557693778,364250.10347717477,75375.28994547477,726,384078.12798072916
7706,314871.62877620483,6.804438335527826,394119.8430423639,79248.21426615905,726,463326.3422468882
7707,310655.1995694859,6.944016557795062,418015.6346945147,107360.43512502877,726,570686.7773719169
7708,327310.5621344244,7.2231730023295375,471252.6392556575,143942.0771212331,726,714628.85449315
7709,317217.3012031598,8.095536891499771,655662.7472149519,338445.4460117921,726,1053074.3005049422
7710,422462.2480020404,8.200220558200199,677646.3172220417,255184.06922000129,726,1308258.3697249435
7711,450085.7262970554,8.23511511376701,684974.1738910723,234888.4475940169,726,1543146.8173189606
7712,388289.11632027326,7.851275002532106,602821.0105580763,214531.89423780306,726,1757678.7115567636
7713,400003.9557410586,6.978911113361872,423989.5826075525,23985.626866493898,726,1781664.3384232575
7714,427176.9590131356,6.455492779859732,335430.73430729646,-91746.22470583912,727,1689918.1137174184
7715,407051.2257448423,6.490387335426542,340581.1707089576,-66470.05503588472,727,1623448.0586815337
7716,467163.79888466565,5.443550668422261,195322.8343285554,-271840.96455611027,727,1351607.0941254233
7717,369231.2237966397,3.5941392233813643,39135.386334824216,-330095.8374618155,727,1021511.2566636079
7718,362009.7254386757,2.0936733340085616,0.0,-362009.7254386757,727,659501.5312249322
7719,366425.646955041,1.3608876671055647,0.0,-366425.646955041,727,293075.8842698912
7720,381137.3050853594,0.3838401112349029,0.0,-381137.3050853594,727,0.0
7721,493064.00185137487,3.8035065567822204,51446.18553879456,-441617.8163125803,727,0.0
7722,493011.94313403935,4.710765001519263,119621.76813855681,-373390.17499548255,727,0.0
7723,516896.0713450953,4.292030334717551,84843.86903687281,-432052.2023082225,727,0.0
7724,430493.1051556752,3.28008822328008,23923.881824323515,-406569.2233313517,727,0.0
7725,380135.3920022334,2.1285678895753706,0.0,-380135.3920022334,727,0.0
7726,382037.1596387058,1.64004411164004,0.0,-382037.1596387058,727,0.0
7727,316008.48334110784,1.64004411164004,0.0,-316008.48334110784,727,0.0
7728,300629.8458576943,2.0587787784417526,0.0,-300629.8458576943,727,0.0
7729,290721.2853897607,2.5473025563770832,1097.4193079483314,-289623.86608181236,727,0.0
7730,318626.4147971049,3.035826334312414,13176.358709746211,-305450.0560873587,727,0.0
7731,313596.822403254,3.28008822328008,23923.881824323515,-289672.9405789305,727,0.0
7732,320624.70987179707,3.6639283345149827,43238.98606948098,-277385.72380231606,727,0.0
7733,313087.6910532932,4.501397668118408,100527.46733239877,-212560.22372089443,727,0.0
7734,377840.43471324287,4.536292223685217,103709.85080009176,-274130.5839131511,727,0.0
7735,393470.50280605553,4.501397668118408,100527.46733239877,-292943.0354736568,727,0.0
7736,417322.131155296,4.36181944585117,90064.09454966751,-327258.0366056285,727,0.0
7737,399501.50557034375,4.222241223583932,79623.64352407813,-319877.8620462656,727,0.0
7738,420826.84932049527,3.210299112146461,20853.160934444284,-399973.688386051,727,0.0
7739,438273.4014002592,2.9311426676119865,10002.509888598086,-428270.89151166106,727,0.0
7740,421207.4382941659,1.919200556174515,0.0,-421207.4382941659,727,0.0
7741,389749.9445366578,1.0119421114374714,0.0,-389749.9445366578,727,0.0
7742,391172.0712511955,0.3838401112349029,0.0,-391172.0712511955,727,0.0
7743,397895.2479849794,0.9072584447370433,0.0,-397895.2479849794,727,0.0
7744,381582.6728166983,3.3498773344136983,26994.602714202723,-354588.0701024956,727,0.0
7745,482167.84900892025,3.6639283345149827,43238.98606948098,-438928.86293943925,727,0.0
7746,448068.6299466736,4.39671400141798,92674.20730606488,-355394.4226406087,727,0.0
7747,503212.3448382111,4.257135779150741,82233.75628047543,-420978.58855773567,727,0.0
7748,431971.19169908017,2.442618889676655,0.0,-431971.19169908017,727,0.0
7749,430254.2387495214,1.0119421114374714,0.0,-430254.2387495214,727,0.0
7750,422948.0097746239,1.186414889271518,0.0,-422948.0097746239,727,0.0
7751,320604.6953775233,4.082663001316695,69183.1924984888,-251421.5028790345,727,0.0
7752,283043.8860967548,4.606081334818835,110074.6177354778,-172969.268361277,727,0.0
7753,300039.3180499649,4.606081334818835,110074.6177354778,-189964.7003144871,727,0.0
7754,292989.64528235287,4.745659557086072,122804.15160624978,-170185.49367610307,727,0.0
7755,341963.3688744537,5.338867001721832,183682.0105914677,-158281.358282986,727,0.0
7756,287744.3689415962,6.420598224292922,330280.29790563526,42535.92896403908,728,42535.92896403908
7757,306121.50936764915,6.769543779961015,388145.8951293258,82024.38576167665,728,124560.31472571573
7758,414893.05292165896,7.292962113463156,484903.38939339336,70010.3364717344,728,194570.65119745012
7759,416756.191922293,7.502329446864012,525913.4100888282,109157.2181665352,728,303727.8693639853
7760,401883.896886425,7.746591335831678,579748.7304173018,177864.8335308768,728,481592.7028948621
7761,398300.778089513,7.292962113463156,484903.38939339336,86602.61130388035,728,568195.3141987424
7762,411008.7915408699,6.315914557592494,314828.98870065215,-96179.80284021777,729,472015.5113585246
7763,427876.9603685137,8.863217113969577,809030.1042718684,381153.14390335465,730,853168.6552618793
7764,437225.0421586605,8.68874433613553,776159.4329279339,338934.3907692734,730,1192103.0460311528
7765,337311.72766438767,8.095536891499771,655662.7472149519,318351.01955056423,730,1510454.065581717
7766,370079.17754932895,7.711696780264869,572057.970370377,201978.792821048,730,1712432.8584027651
7767,381463.462291402,7.432540335730394,512204.889668865,130741.42737746303,730,1843174.2857802282
7768,373429.2213471379,7.397645780163584,505379.514599997,131950.29325285915,730,1975124.5790330875
7769,489133.6484614083,7.467434891297203,519030.2647377329,29896.61627632461,730,2005021.1953094122
7770,487002.0819715751,8.13043144706658,662990.6038839819,175988.52191240684,730,2181009.717221819
7771,493361.0332692245,9.107479002937243,851179.8000476358,357818.7667784113,730,2538828.48400023
7772,412980.0098632258,9.002795336236815,835226.0092424906,422245.99937926483,730,2961074.483379495
7773,425472.0459607817,8.200220558200199,677646.3172220417,252174.27126125997,730,3213248.754640755
7774,385438.486782929,8.374693336034246,714285.6005671917,328847.11378426274,730,3542095.8684250177
7775,326079.3227041722,9.421530003038528,899041.1724630716,572961.8497588994,730,4115057.718183917
7776,296955.7006596744,9.456424558605336,904359.1027314533,607403.4020717789,730,4722461.120255696
7777,431882.62932132126,9.456424558605336,904359.1027314533,472476.473410132,730,5194937.593665828
7778,413976.15737199207,9.386635447471717,893723.2421946897,479747.0848226976,730,5674684.678488526
7779,390149.64142469456,9.24705722520448,872451.5211211628,482301.87969646824,730,6156986.558184993
7780,365692.0365566228,8.898111669536387,815604.2385406554,449912.2019840325,730,6606898.7601690255
7781,359600.43353869533,8.270009669333819,692302.030560102,332701.59702140663,730,6939600.357190432
7782,401789.9963948267,7.990853224799343,633584.0507457752,231794.05435094854,730,7171394.411541381
7783,379930.875526152,7.502329446864012,525913.4100888282,145982.53456267616,730,7317376.946104057
7784,450651.1892176147,7.292962113463156,484903.38939339336,34252.20017577865,730,7351629.146279836
7785,518002.62091875135,6.734649224394207,382171.9472162883,-135830.67370246304,731,7215798.472577373
7786,491726.4322569725,6.1414417797584475,289076.8066923469,-202649.6255646256,731,7013148.847012747
7787,641500.2232173745,6.874227446661443,406067.7388684391,-235432.48434893542,731,6777716.362663812
7788,521689.0861643132,6.350809113159303,319979.42510231317,-201709.66106200003,731,6576006.701601812
7789,465451.8956702037,4.675870445952455,116439.38467086392,-349012.5109993398,731,6226994.190602472
7790,1274288.426465521,3.698822890081792,45290.78593680938,-1228997.6405287117,731,4997996.550073761
7791,738209.2928631213,3.5243501122477454,35031.78660016743,-703177.5062629539,731,4294819.043810807
7792,524789.4063412647,3.210299112146461,20853.160934444284,-503936.24540682044,731,3790882.7984039867
7793,539734.3211160202,2.2681461118426083,0.0,-539734.3211160202,731,3251148.4772879668
7794,527847.4619270391,1.1515203337047089,0.0,-527847.4619270391,731,2723301.0153609277
7795,531263.2710389101,0.8025747780366153,0.0,-531263.2710389101,731,2192037.7443220178
7796,462208.5049210612,0.872363889170234,0.0,-462208.5049210612,731,1729829.2394009565
7797,410682.6,2.8962481120451775,9192.956199448117,-401489.6438005519,731,1328339.5956004048
7798,456703.2002305876,4.431608556984789,95284.3200624622,-361418.88016812544,731,966920.7154322793
7799,459467.2190675145,7.990853224799343,633584.0507457752,174116.8316782607,732,1141037.5471105399
7800,441880.36567816825,7.851275002532106,602821.0105580763,160940.64487990807,732,1301978.191990448
7801,399750.95689665806,7.851275002532106,602821.0105580763,203070.05366141826,732,1505048.2456518663
7802,397591.6485664182,7.711696780264869,572057.970370377,174466.32180395874,732,1679514.567455825
7803,434420.0415858608,7.2231730023295375,471252.6392556575,36832.59766979673,732,1716347.1651256217
7804,388276.0054491045,6.769543779961015,388145.8951293258,-130.11031977867242,733,1716217.0548058432
7805,361692.61857247184,6.2461254464588745,304528.1158973299,-57164.502675141965,733,1659052.5521307013
7806,358619.20434934826,5.513339779555879,203376.85863684304,-155242.34571250522,733,1503810.206418196
7807,366598.4922808171,4.88523777935331,135533.68547702185,-231064.80680379528,733,1272745.3996144007
7808,475514.9461827871,4.39671400141798,92674.20730606488,-382840.73887672223,733,889904.6607376784
7809,506297.11956860695,3.7337174456486015,47342.58580413777,-458954.5337644692,733,430950.1269732092
7810,517460.1384865889,2.442618889676655,0.0,-517460.1384865889,733,0.0
7811,642979.316712382,0.9072584447370433,0.0,-642979.316712382,733,0.0
7812,524726.5071708723,0.7676802224698059,0.0,-524726.5071708723,733,0.0
7813,462229.0780394469,2.756669889777939,5954.7414428481825,-456274.33659659873,733,0.0
7814,1295526.3452409816,4.39671400141798,92674.20730606488,-1202852.1379349167,733,0.0
7815,702605.2614213005,5.303972446155022,179801.73601243846,-522803.52540886204,733,0.0
7816,547356.4026776832,5.548234335122689,208024.8134383421,-339331.5892393411,733,0.0
7817,511641.39357599686,6.1065472241916385,283926.37029068585,-227715.023285311,733,0.0
7818,535627.8426851251,5.897179890790781,254504.36145333204,-281123.48123179306,733,0.0
7819,548649.8178119283,5.47844522398907,199203.10890758454,-349446.7089043438,733,0.0
7820,484474.4604858508,4.955026890486929,141898.4524124079,-342576.0080734429,733,0.0
7821,488125.1294447763,4.536292223685217,103709.85080009176,-384415.2786446845,733,0.0
7822,446370.6791896423,4.292030334717551,84843.86903687281,-361526.8101527695,733,0.0
7823,419153.0800013296,4.675870445952455,116439.38467086392,-302713.6953304657,733,0.0
7824,436718.7354898148,5.443550668422261,195322.8343285554,-241395.9011612594,733,0.0
7825,310165.96779317013,5.932074446357591,259152.31625483112,-51013.65153833901,733,0.0
7826,292564.2872538228,7.153383891195919,457601.8891179217,165037.60186409892,734,165037.60186409892
7827,320808.2464722054,7.851275002532106,602821.0105580763,282012.76408587093,734,447050.36594996986
7828,342561.01858417667,7.292962113463156,484903.38939339336,142342.3708092167,734,589392.7367591865
7829,313191.9999712806,6.455492779859732,335430.73430729646,22238.734336015885,734,611631.4710952024
7830,358176.06163934886,6.455492779859732,335430.73430729646,-22745.327332052402,735,588886.14376315
7831,454887.9540914386,6.350809113159303,319979.42510231317,-134908.52898912545,735,453977.6147740245
7832,426126.9229613103,6.1414417797584475,289076.8066923469,-137050.11626896344,735,316927.4985050611
7833,449379.187233311,5.234183335021404,172041.18685438015,-277338.0003789308,735,39589.49812613026
7834,393836.0420246857,5.269077890588212,175921.46143340922,-217914.5805912765,735,0.0
7835,421276.1608105183,3.9081902234826478,57601.58514077969,-363674.57566973864,735,0.0
7836,411959.2483412885,3.698822890081792,45290.78593680938,-366668.4624044791,735,0.0
7837,335309.93213162385,3.5941392233813643,39135.386334824216,-296174.54579679965,735,0.0
7838,390186.1367848724,3.105615445446033,16247.079599625458,-373939.05718524696,735,0.0
7839,377520.9671147752,4.292030334717551,84843.86903687281,-292677.0980779024,735,0.0
7840,355931.2981762437,5.687812557389925,226616.63264433807,-129314.66553190566,735,0.0
7841,460681.89452274446,5.199288779454595,168160.912275351,-292520.98224739346,735,0.0
7842,491830.9440398776,4.780554112652882,125986.53507394284,-365844.40896593477,735,0.0
7843,481097.1505390378,4.8503432237865,132351.3020093288,-348745.848529709,735,0.0
7844,400341.20286319446,4.292030334717551,84843.86903687281,-315497.33382632164,735,0.0
7845,448641.7864687989,2.8613535564783676,8383.402510298129,-440258.38395850075,735,0.0
7846,416780.3373390643,2.8962481120451775,9192.956199448117,-407587.3811396162,735,0.0
7847,331486.1515644979,2.3030406674094177,0.0,-331486.1515644979,735,0.0
7848,295265.1399201288,2.0238842228749427,0.0,-295265.1399201288,735,0.0
7849,287584.04363692,1.2910985559719466,0.0,-287584.04363692,735,0.0
7850,276253.4613507622,1.0817312225710902,0.0,-276253.4613507622,735,0.0
7851,329867.7135194734,1.2213094448383275,0.0,-329867.7135194734,735,0.0
7852,294409.00553278293,1.8145168894740866,0.0,-294409.00553278293,735,0.0
7853,323203.61820952344,2.756669889777939,5954.7414428481825,-317248.87676667527,735,0.0
7854,378708.6570118605,3.314982778846889,25459.242269263108,-353249.4147425974,735,0.0
7855,422080.0466177668,4.222241223583932,79623.64352407813,-342456.40309368866,735,0.0
7856,414128.230233196,4.640975890385645,113257.00120317086,-300871.22903002513,735,0.0
7857,413221.3686753147,4.640975890385645,113257.00120317086,-299964.36747214384,735,0.0
7858,374143.0207471776,3.977979334616267,61705.1848754365,-312437.8358717411,735,0.0
7859,417820.2087848829,6.52528189099335,346328.2597380615,-71491.94904682139,735,0.0
7860,434595.1634932366,6.874227446661443,406067.7388684391,-28527.42462479748,735,0.0
7861,356098.38055496523,6.6648601132605885,370224.0513902128,14125.670835247554,736,14125.670835247554
7862,362234.3797393244,6.350809113159303,319979.42510231317,-42254.95463701122,737,0.0
7863,338704.62726606807,6.1414417797584475,289076.8066923469,-49627.8205737212,737,0.0
7864,372457.5263918559,5.827390779657163,245208.45185033412,-127249.07454152178,737,0.0
7865,440424.37698196113,3.8035065567822204,51446.18553879456,-388978.1914431666,737,0.0
7866,460965.8063678871,3.977979334616267,61705.1848754365,-399260.62149245065,737,0.0
7867,478834.5055566851,5.164394223887786,164280.63769632182,-314553.8678603633,737,0.0
7868,442646.3621623272,8.72363889170234,782733.5671967207,340087.2050343935,738,340087.2050343935
7869,420526.9390750864,9.107479002937243,851179.8000476358,430652.8609725494,738,770740.0660069429
7870,387719.2768624282,9.28195178077129,877769.4513895446,490050.17452711647,738,1260790.2405340592
7871,356377.7239617013,11.44541422591347,1000000.0,643622.2760382986,738,1904412.5165723579
7872,303410.88303524413,11.654781559314326,1000000.0,696589.1169647558,738,2601001.6335371137
7873,271139.7038379756,12.03862167054923,1000000.0,728860.2961620244,738,3329861.929699138
7874,291234.7289865915,11.201152336945805,1000000.0,708765.2710134084,738,4038627.2007125462
7875,305022.82579530333,10.747523114577284,1000000.0,694977.1742046967,738,4733604.374917243
7876,298654.45555523207,10.084526558807905,973077.3210107522,674422.8654555201,738,5408027.240372763
7877,313900.4007197121,9.596002780872574,921867.5147947754,607967.1140750633,738,6015994.354447827
7878,413177.3069133936,10.119421114374713,975338.4882114815,562161.1812980878,738,6578155.535745915
7879,395439.3123632421,10.503261225609617,1000000.0,604560.687636758,738,7182716.223382673
7880,410030.1332667236,10.852206781277713,1000000.0,589969.8667332764,738,7772686.0901159495
7881,364882.4240671248,9.944948336540667,961368.1516964036,596485.7276292788,738,8369171.817745228
7882,387961.62803755474,11.131363225812185,1000000.0,612038.3719624453,738,8981210.189707674
7883,414417.4712442043,10.503261225609617,1000000.0,585582.5287557957,738,9566792.71846347
7884,434082.7622157013,9.73558100313981,937667.7695554266,503585.00733972527,738,10070377.725803195
7885,362558.4396692478,8.72363889170234,782733.5671967207,420175.12752747297,738,10490552.853330668
7886,359188.9680208482,7.921064113665725,618202.5306519258,259013.56263107766,738,10749566.415961746
7887,389516.01768209226,7.67680222469806,564367.2103234524,174851.1926413601,738,10924417.608603107
7888,369899.10002112406,7.7814858913984875,587439.4904642267,217540.39044310263,738,11141957.99904621
7889,495244.8278153319,8.444482447167864,728941.3139052514,233696.48608991952,738,11375654.485136129
7890,463707.34889342845,9.177268114070863,861815.6605843995,398108.311690971,738,11773762.7968271
7891,483473.27619074006,9.491319114172146,909677.0329998351,426203.75680909504,738,12199966.553636195
7892,444952.5515712036,9.386635447471717,893723.2421946897,448770.69062348607,738,12648737.244259682
7893,443411.2876316876,10.119421114374713,975338.4882114815,531927.2005797939,738,13180664.444839476
7894,425240.6124992428,10.29389389220876,986644.3242151276,561403.7117158847,738,13742068.15655536
7895,314555.50626771967,11.026679559111757,1000000.0,685444.4937322803,738,14427512.650287641
7896,298339.41992630734,7.990853224799343,633584.0507457752,335244.6308194679,738,14762757.281107109
7897,297314.0681436721,7.502329446864012,525913.4100888282,228599.3419451561,738,14991356.623052265
7898,273563.25074786483,9.665791892006192,929767.642175101,656204.3914272361,738,15647561.014479501
7899,320981.6547553534,10.852206781277713,1000000.0,679018.3452446465,738,16326579.359724147
7900,338192.0022502739,10.852206781277713,1000000.0,661807.997749726,738,16988387.357473873
7901,303451.41266813513,10.258999336641951,984383.1570143984,680931.7443462632,738,17669319.101820137
7902,400224.2543914096,11.37562511477985,1000000.0,599775.7456085904,738,18269094.847428728
7903,442072.1067780144,11.654781559314326,1000000.0,557927.8932219855,738,18827022.740650713
7904,427358.0233454973,10.677734003443664,1000000.0,572641.9766545027,738,19399664.717305217
7905,383974.4279740727,12.143305337249656,1000000.0,616025.5720259272,738,20015690.289331146
7906,398331.8937860653,10.677734003443664,1000000.0,601668.1062139347,738,20617358.39554508
7907,413138.8863754444,7.8163804469652955,595130.2505111512,181991.36413570674,738,20799349.759680785
7908,438388.1803280167,7.467434891297203,519030.2647377329,80642.08440971619,738,20879991.844090503
7909,361140.7406750316,6.629965557693778,364250.10347717477,3109.3628021431505,738,20883101.206892647
7910,343548.3303291567,6.001863557491209,268475.0610857024,-75073.26924345433,739,20808027.937649194
7911,378123.3787320016,6.281020002025685,309678.5522989911,-68444.82643301046,739,20739583.111216184
7912,382842.0641789389,6.699754668827397,376197.9993032503,-6644.064875688637,739,20732939.046340495
7913,471625.0746932833,6.315914557592494,314828.98870065215,-156796.08599263115,739,20576142.960347865
7914,472303.4809060788,6.874227446661443,406067.7388684391,-66235.74203763972,739,20509907.218310226
7915,470468.9549002973,6.769543779961015,388145.8951293258,-82323.05977097148,739,20427584.158539254
7916,443516.0593892719,6.315914557592494,314828.98870065215,-128687.07068861974,739,20298897.087850634
7917,408430.953149982,5.792496224090355,240560.4970488353,-167870.45610114667,739,20131026.63174949
7918,400659.4949186873,5.47844522398907,199203.10890758454,-201456.3860111028,739,19929570.245738387
7919,341710.486078729,4.39671400141798,92674.20730606488,-249036.27877266408,739,19680533.966965724
7920,297048.1325676125,2.9311426676119865,10002.509888598086,-287045.6226790144,739,19393488.34428671
7921,311564.33947249426,2.512408000810274,287.86561879835267,-311276.4738536959,739,19082211.870433014
7922,268149.8471593675,2.0238842228749427,0.0,-268149.8471593675,739,18814062.023273647
7923,297351.1041742568,2.0238842228749427,0.0,-297351.1041742568,739,18516710.91909939
7924,302759.0139875017,2.791564445344749,6764.295131998172,-295994.7188555035,739,18220716.200243887
7925,341749.30570986954,2.791564445344749,6764.295131998172,-334985.01057787135,739,17885731.189666014
7926,400419.0370082551,3.4196664455473176,30065.323604081976,-370353.7134041731,739,17515377.47626184
7927,406126.3778761862,3.7686120012154114,49394.38567146619,-356731.99220472004,739,17158645.48405712
7928,424128.4889795839,4.292030334717551,84843.86903687281,-339284.6199427111,739,16819360.86411441
7929,386673.9762510284,4.675870445952455,116439.38467086392,-270234.5915801645,739,16549126.272534247
7930,406046.7730455269,4.0477684457498855,66573.07974209143,-339473.69330343546,739,16209652.579230811
7931,460788.63926684606,6.001863557491209,268475.0610857024,-192313.57818114368,739,16017339.001049668
7932,442033.99598563,7.432540335730394,512204.889668865,70170.89368323499,740,16087509.894732902
7933,359909.1455462173,8.618955225001912,763011.1643903602,403102.01884414296,740,16490611.913577044
7934,369580.2245647404,9.107479002937243,851179.8000476358,481599.5754828954,740,16972211.48905994
7935,378510.6805884049,9.491319114172146,909677.0329998351,531166.3524114302,740,17503377.84147137
7936,391251.5646480007,9.421530003038528,899041.1724630716,507789.60781507095,740,18011167.449286442
7937,492753.60651616834,8.095536891499771,655662.7472149519,162909.14069878357,740,18174076.589985225
7938,470630.5921404101,7.746591335831678,579748.7304173018,109118.13827689167,740,18283194.728262115
7939,456000.0681862882,7.746591335831678,579748.7304173018,123748.66223101359,740,18406943.39049313
7940,433580.4416865813,7.292962113463156,484903.38939339336,51322.94770681206,740,18458266.33819994
7941,412972.5814724713,6.52528189099335,346328.2597380615,-66644.32173440978,741,18391622.01646553
7942,374069.2894721595,6.211230890892066,299377.67949566897,-74691.60997649055,741,18316930.40648904
7943,354889.8400468689,5.583128890689498,212672.76823984107,-142217.07180702782,741,18174713.334682014
7944,281596.2327143649,4.675870445952455,116439.38467086392,-165156.84804350097,741,18009556.486638512
7945,432171.1731706792,4.117557556883505,71793.30525488619,-360377.867915793,741,17649178.61872272
7946,356588.13867312635,4.082663001316695,69183.1924984888,-287404.94617463753,741,17361773.67254808
7947,383311.7693571164,4.466503112551599,97894.43281885957,-285417.33653825684,741,17076356.336009827
7948,373451.5276758875,5.059710557187357,152639.81395923407,-220811.71371665344,741,16855544.622293174
7949,372485.34105902375,5.059710557187357,152639.81395923407,-219845.52709978967,741,16635699.095193384
7950,422697.387251675,5.234183335021404,172041.18685438015,-250656.20039729486,741,16385042.89479609
7951,436706.8780278887,5.303972446155022,179801.73601243846,-256905.14201545026,741,16128137.75278064
7952,471902.30818837776,5.024816001620548,148759.5393802049,-323142.7688081729,741,15804994.983972467
7953,492894.14728384046,4.710765001519263,119621.76813855681,-373272.37914528366,741,15431722.604827184
7954,494026.2883045841,4.222241223583932,79623.64352407813,-414402.644780506,741,15017319.960046679
7955,609119.5249024538,4.501397668118408,100527.46733239877,-508592.057570055,741,14508727.902476624
7956,508570.6424670942,5.548234335122689,208024.8134383421,-300545.82902875205,741,14208182.073447872
7957,517561.0235443619,5.0946051127541665,156520.0885382633,-361040.9350060986,741,13847141.138441773
7958,1273977.0318343164,5.024816001620548,148759.5393802049,-1125217.4924541116,741,12721923.645987662
7959,650854.5468504503,5.059710557187357,152639.81395923407,-498214.7328912163,741,12223708.913096445
7960,557660.8009662421,5.1294996683209755,160400.36311729247,-397260.43784894963,741,11826448.475247495
7961,515995.1269132421,3.9081902234826478,57601.58514077969,-458393.5417724624,741,11368054.933475032
7962,541628.0532737247,3.3847718899805077,28529.963159142342,-513098.0901145824,741,10854956.84336045
7963,573110.0283578956,2.651986223077511,3526.0803753982573,-569583.9479824973,741,10285372.895377953
7964,477565.84040201874,3.3498773344136983,26994.602714202723,-450571.237687816,741,9834801.657690136
7965,531656.2329922192,4.292030334717551,84843.86903687281,-446812.36395534634,741,9387989.293734789
7966,445508.982805773,4.466503112551599,97894.43281885957,-347614.5499869134,741,9040374.743747875
7967,455630.7332866519,4.187346668017123,77013.53076768082,-378617.20251897105,741,8661757.541228903
7968,486067.5106694985,3.1405100010128426,17782.440044565075,-468285.0706249334,741,8193472.47060397
7969,431432.6856669366,2.372829778543036,0.0,-431432.6856669366,741,7762039.784937033
7970,397972.07070131047,2.1285678895753706,0.0,-397972.07070131047,741,7364067.714235723
7971,398094.5924757691,2.512408000810274,287.86561879835267,-397806.72685697075,741,6966260.987378752
7972,400571.9426868729,3.0009317787456045,11640.998264806596,-388930.9444220663,741,6577330.042956686
7973,359474.5708299103,2.9660372231787955,10812.063577748055,-348662.5072521622,741,6228667.535704523
7974,378137.0189939805,3.314982778846889,25459.242269263108,-352677.77672471735,741,5875989.758979806
7975,400576.2648641568,3.9081902234826478,57601.58514077969,-342974.6797233771,741,5533015.079256428
7976,471072.0525691604,4.187346668017123,77013.53076768082,-394058.5218014796,741,5138956.557454949
7977,518908.65068159584,4.292030334717551,84843.86903687281,-434064.781644723,741,4704891.775810226
7978,501965.9430625231,3.6639283345149827,43238.98606948098,-458726.9569930421,741,4246164.818817183
7979,585825.4296187422,3.5592446678145544,37083.5864674958,-548741.8431512464,741,3697422.975665937
7980,533338.7960071589,4.187346668017123,77013.53076768082,-456325.2652394781,741,3241097.710426459
7981,521244.9524851128,3.8035065567822204,51446.18553879456,-469798.76694631827,741,2771298.943480141
7982,1271896.1829425911,3.0009317787456045,11640.998264806596,-1260255.1846777846,741,1511043.7588023564
7983,714654.0732706889,2.512408000810274,287.86561879835267,-714366.2076518906,741,796677.5511504658
7984,512176.7738135749,2.9311426676119865,10002.509888598086,-502174.2639249768,741,294503.28722548904
7985,562391.4733129789,4.675870445952455,116439.38467086392,-445952.08864211495,741,0.0
7986,510409.5712927404,5.1294996683209755,160400.36311729247,-350009.20817544794,741,0.0
7987,543732.6421649185,4.536292223685217,103709.85080009176,-440022.7913648267,741,0.0
7988,508956.6392507654,2.1285678895753706,0.0,-508956.6392507654,741,0.0
7989,507035.0372611176,1.256204000405137,0.0,-507035.0372611176,741,0.0
7990,461501.3353394576,1.1515203337047089,0.0,-461501.3353394576,741,0.0
7991,460677.7295602672,1.0817312225710902,0.0,-460677.7295602672,741,0.0
7992,452079.342683923,1.186414889271518,0.0,-452079.342683923,741,0.0
7993,282803.579991418,1.3259931115387555,0.0,-282803.579991418,741,0.0
7994,306547.6903004844,2.4775134452434644,0.0,-306547.6903004844,741,0.0
7995,310174.8218407016,2.617091667510702,2716.526686248289,-307458.2951544533,741,0.0
7996,310714.75607515016,1.9889896673081333,0.0,-310714.75607515016,741,0.0
7997,342800.60544009204,1.6749386672068491,0.0,-342800.60544009204,741,0.0
7998,397286.8589058772,1.8145168894740866,0.0,-397286.8589058772,741,0.0
7999,443410.0534899712,2.0587787784417526,0.0,-443410.0534899712,741,0.0
8000,409941.9383803579,2.407724334109846,0.0,-409941.9383803579,741,0.0
8001,381065.82937363005,2.337935222976227,0.0,-381065.82937363005,741,0.0
8002,375635.39601332654,2.0587787784417526,0.0,-375635.39601332654,741,0.0
8003,391595.1682538182,1.919200556174515,0.0,-391595.1682538182,741,0.0
8004,401557.9352939981,2.9311426676119865,10002.509888598086,-391555.4254054,741,0.0
8005,382915.2181888448,3.5941392233813643,39135.386334824216,-343779.8318540206,741,0.0
8006,371170.8385098847,4.39671400141798,92674.20730606488,-278496.6312038198,741,0.0
8007,384563.7549188211,5.443550668422261,195322.8343285554,-189240.9205902657,741,0.0
8008,361794.9844760384,6.211230890892066,299377.67949566897,-62417.3049803694,741,0.0
8009,489976.2548777135,5.199288779454595,168160.912275351,-321815.3426023625,741,0.0
8010,464688.2783091506,4.152452112450315,74403.41801128357,-390284.86029786704,741,0.0
8011,474747.37302677584,2.9660372231787955,10812.063577748055,-463935.30944902776,741,0.0
8012,422909.99449750106,1.8145168894740866,0.0,-422909.99449750106,741,0.0
8013,407921.39185283246,0.9770475558706619,0.0,-407921.39185283246,741,0.0
8014,394898.56444900826,1.3957822226723744,0.0,-394898.56444900826,741,0.0
8015,294219.1772310298,0.6281020002025685,0.0,-294219.1772310298,741,0.0
8016,304030.1556482014,1.7098332227736588,0.0,-304030.1556482014,741,0.0
8017,310365.2009193088,2.442618889676655,0.0,-310365.2009193088,741,0.0
8018,307071.9756099161,2.9660372231787955,10812.063577748055,-296259.912032168,741,0.0
8019,341248.39183373825,3.314982778846889,25459.242269263108,-315789.14956447517,741,0.0
8020,318728.06161418743,3.7686120012154114,49394.38567146619,-269333.67594272125,741,0.0
8021,319352.4386909525,3.0707208898792238,14711.719154685845,-304640.71953626664,741,0.0
8022,392929.6859316458,3.175404556579651,19317.800489504647,-373611.88544214115,741,0.0
8023,414828.2468217523,3.5592446678145544,37083.5864674958,-377744.6603542565,741,0.0
8024,425628.3946138732,3.9081902234826478,57601.58514077969,-368026.80947309354,741,0.0
8025,410917.7945232214,4.431608556984789,95284.3200624622,-315633.4744607592,741,0.0
8026,376293.6683038113,4.5711867792520255,106892.23426778473,-269401.43403602653,741,0.0
8027,428344.4729125017,3.7686120012154114,49394.38567146619,-378950.08724103554,741,0.0
8028,419871.0583230031,4.0477684457498855,66573.07974209143,-353297.9785809117,741,0.0
8029,352926.6890262036,4.326924890284361,87453.9817932702,-265472.7072329334,741,0.0
8030,340714.03790745896,4.0128738901830765,63962.966985694125,-276751.0709217648,741,0.0
8031,335968.8787309748,4.0477684457498855,66573.07974209143,-269395.7989888834,741,0.0
8032,361332.1489259138,4.5711867792520255,106892.23426778473,-254439.91465812904,741,0.0
8033,456342.04241169424,3.4196664455473176,30065.323604081976,-426276.71880761225,741,0.0
8034,471292.7430686276,3.314982778846889,25459.242269263108,-445833.5007993645,741,0.0
8035,472577.0412598203,2.8962481120451775,9192.956199448117,-463384.0850603722,741,0.0
8036,420249.2546853185,3.3847718899805077,28529.963159142342,-391719.29152617615,741,0.0
8037,449429.8532151802,4.710765001519263,119621.76813855681,-329808.0850766234,741,0.0
8038,402880.89082126034,4.92013233492012,138716.0689447149,-264164.82187654544,741,0.0
8039,316717.1849112929,5.408656112855451,191442.55974952615,-125274.62516176677,741,0.0
8040,305340.1930937589,4.815448668219692,129168.91854163593,-176171.27455212298,741,0.0
8041,306204.03066833987,5.164394223887786,164280.63769632182,-141923.39297201805,741,0.0
8042,293003.9948689753,6.699754668827397,376197.9993032503,83194.00443427498,742,83194.00443427498
8043,303236.48985607404,7.2231730023295375,471252.6392556575,168016.14939958346,742,251210.15383385844
8044,323299.3337639729,6.734649224394207,382171.9472162883,58872.61345231539,742,310082.7672861738
8045,332461.7720920977,4.675870445952455,116439.38467086392,-216022.38742123375,743,94060.37986494007
8046,368792.29657596425,4.815448668219692,129168.91854163593,-239623.37803432834,743,0.0
8047,425504.30012724845,4.9899214460537396,145080.83588010108,-280423.4642471474,743,0.0
8048,400347.4231464397,5.338867001721832,183682.0105914677,-216665.41255497202,743,0.0
8049,345115.8175333012,5.443550668422261,195322.8343285554,-149792.9832047458,743,0.0
8050,427268.5314866796,4.745659557086072,122804.15160624978,-304464.3798804298,743,0.0
8051,404571.3842342703,5.897179890790781,254504.36145333204,-150067.02278093828,743,0.0
8052,443822.7817351992,6.909122002228254,412041.6867814771,-31781.094953722088,743,0.0
8053,327196.8390806934,7.153383891195919,457601.8891179217,130405.05003722833,744,130405.05003722833
8054,377351.1871089336,6.804438335527826,394119.8430423639,16768.655933430302,744,147173.70597065863
8055,407916.09423835593,6.874227446661443,406067.7388684391,-1848.355369916826,745,145325.3506007418
8056,378092.2740260375,6.978911113361872,423989.5826075525,45897.30858151504,746,191222.65918225684
8057,444840.23633683537,5.059710557187357,152639.81395923407,-292200.42237760127,747,0.0
8058,450333.5092487961,5.443550668422261,195322.8343285554,-255010.6749202407,747,0.0
8059,497078.8740757668,5.513339779555879,203376.85863684304,-293702.0154389238,747,0.0
8060,430310.9111600899,6.455492779859732,335430.73430729646,-94880.17685279343,747,0.0
8061,403007.38208487246,7.467434891297203,519030.2647377329,116022.88265286043,748,116022.88265286043
8062,400227.930607681,8.200220558200199,677646.3172220417,277418.3866143607,748,393441.2692672211
8063,360889.0026366621,8.304904224900628,699629.887229132,338740.8845924699,748,732182.153859691
8064,289456.06172489846,8.095536891499771,655662.7472149519,366206.68549005344,748,1098388.8393497444
8065,304909.8874975238,7.886169558098915,610511.7706050009,305601.8831074771,748,1403990.7224572215
8066,301756.2978293168,7.607013113564441,548985.6902296027,247229.39240028593,748,1651220.1148575074
8067,315101.06160039647,7.362751224596776,498554.1395311294,183453.07793073292,748,1834673.1927882403
8068,336547.98527835164,7.432540335730394,512204.889668865,175656.90439051337,748,2010330.0971787537
8069,301407.43806625245,7.0835947800623,443951.13898018585,142543.7009139334,748,2152873.798092687
8070,369317.55431901786,7.502329446864012,525913.4100888282,156595.85576981033,748,2309469.6538624973
8071,419592.3534116868,7.67680222469806,564367.2103234524,144774.8569117656,748,2454244.5107742627
8072,413787.8246670777,7.851275002532106,602821.0105580763,189033.18589099863,748,2643277.6966652614
8073,378438.3235644368,7.572118557997631,541294.9301826778,162856.606618241,748,2806134.3032835023
8074,378613.08333866525,6.52528189099335,346328.2597380615,-32284.823600603733,749,2773849.4796828986
8075,416079.6695648383,7.607013113564441,548985.6902296027,132906.02066476445,750,2906755.500347663
8076,435719.8354408789,7.851275002532106,602821.0105580763,167101.17511719745,750,3073856.6754648606
8077,369881.39420077263,7.362751224596776,498554.1395311294,128672.74533035676,750,3202529.420795217
8078,365378.87417233584,6.699754668827397,376197.9993032503,10819.125130914443,750,3213348.545926132
8079,380534.4530088664,6.52528189099335,346328.2597380615,-34206.193270804884,751,3179142.352655327
8080,376829.8145741986,6.52528189099335,346328.2597380615,-30501.554836137104,751,3148640.7978191897
8081,393857.1552680153,5.897179890790781,254504.36145333204,-139352.79381468325,751,3009288.0040045064
8082,524600.5631937453,6.071652668624828,278775.93388902454,-245824.6293047208,751,2763463.3746997854
8083,509036.8785591894,5.792496224090355,240560.4970488353,-268476.3815103541,751,2494986.9931894313
8084,443748.0186884032,6.420598224292922,330280.29790563526,-113467.72078276792,751,2381519.2724066633
8085,444197.5718345132,6.909122002228254,412041.6867814771,-32155.885053036094,751,2349363.387353627
8086,398476.90181900345,7.013805668928682,430300.3888424502,31823.487023446767,752,2381186.8743770737
8087,315446.4541639213,5.0946051127541665,156520.0885382633,-158926.36562565799,753,2222260.5087514156
8088,295138.7478092534,4.606081334818835,110074.6177354778,-185064.1300737756,753,2037196.37867764
8089,293618.6722770953,3.489455556680936,33136.044493961184,-260482.62778313414,753,1776713.750894506
8090,318890.2974284825,2.791564445344749,6764.295131998172,-312126.0022964843,753,1464587.7485980217
8091,319293.904593853,2.442618889676655,0.0,-319293.904593853,753,1145293.8440041686
8092,329586.52178683365,2.0936733340085616,0.0,-329586.52178683365,753,815707.322217335
8093,324632.8870968781,2.1634624451421804,0.0,-324632.8870968781,753,491074.4351204569
8094,346912.8784590495,3.1405100010128426,17782.440044565075,-329130.43841448444,753,161943.99670597247
8095,415730.7140586724,4.0477684457498855,66573.07974209143,-349157.634316581,753,0.0
8096,396839.84697289934,4.536292223685217,103709.85080009176,-293129.9961728076,753,0.0
8097,428519.6272411475,4.5711867792520255,106892.23426778473,-321627.39297336276,753,0.0
8098,435028.31698214775,4.292030334717551,84843.86903687281,-350184.44794527494,753,0.0
8099,391703.3458594106,2.8613535564783676,8383.402510298129,-383319.94334911247,753,0.0
8100,423514.1264258537,2.8962481120451775,9192.956199448117,-414321.1702264056,753,0.0
8101,355527.3976953604,2.756669889777939,5954.7414428481825,-349572.65625251224,753,0.0
8102,360520.4191539591,2.756669889777939,5954.7414428481825,-354565.6777111109,753,0.0
8103,389706.56325636414,2.3030406674094177,0.0,-389706.56325636414,753,0.0
8104,403566.33743031375,1.3608876671055647,0.0,-403566.33743031375,753,0.0
8105,487376.3445254381,0.3838401112349029,0.0,-487376.3445254381,753,0.0
8106,483283.6850405309,1.0119421114374714,0.0,-483283.6850405309,753,0.0
8107,491000.964981249,0.872363889170234,0.0,-491000.964981249,753,0.0
8108,445685.8182152397,1.7098332227736588,0.0,-445685.8182152397,753,0.0
8109,446792.4088981291,2.686880778644321,4335.634064548246,-442456.7748335809,753,0.0
8110,416792.95403858006,3.454561001114127,31600.684049021587,-385192.2699895585,753,0.0
8111,277905.8,3.1405100010128426,17782.440044565075,-260123.35995543492,753,0.0
8112,304872.9166907178,3.454561001114127,31600.684049021587,-273272.23264169623,753,0.0
8113,476860.3748527249,3.5592446678145544,37083.5864674958,-439776.78838522907,753,0.0
8114,419620.0731960974,3.83840111234903,53497.98540612295,-366122.08778997447,753,0.0
8115,401777.35984782944,4.39671400141798,92674.20730606488,-309103.15254176455,753,0.0
8116,376025.5160394376,5.024816001620548,148759.5393802049,-227265.97665923272,753,0.0
8117,355694.9757823993,5.234183335021404,172041.18685438015,-183653.78892801914,753,0.0
8118,387572.3912660217,4.780554112652882,125986.53507394284,-261585.85619207885,753,0.0
8119,381883.248473181,4.606081334818835,110074.6177354778,-271808.6307377032,753,0.0
8120,438999.80997472,4.606081334818835,110074.6177354778,-328925.1922392422,753,0.0
8121,478178.8050009811,4.745659557086072,122804.15160624978,-355374.6533947313,753,0.0
8122,530905.4623769368,4.326924890284361,87453.9817932702,-443451.4805836666,753,0.0
8123,581553.8093264685,2.651986223077511,3526.0803753982573,-578027.7289510702,753,0.0
8124,466562.8948514621,3.28008822328008,23923.881824323515,-442639.0130271386,753,0.0
8125,467748.09500949486,3.6290337789481733,41187.18620215259,-426560.9088073423,753,0.0
8126,1364430.3603749932,3.9081902234826478,57601.58514077969,-1306828.7752342136,753,0.0
8127,717310.3645269687,4.117557556883505,71793.30525488619,-645517.0592720825,753,0.0
8128,501256.24147681525,3.5243501122477454,35031.78660016743,-466224.4548766478,753,0.0
8129,525933.8390590365,1.8145168894740866,0.0,-525933.8390590365,753,0.0
8130,481001.3057399939,1.3957822226723744,0.0,-481001.3057399939,753,0.0
8131,528180.5247733041,1.1166257781378996,0.0,-528180.5247733041,753,0.0
8132,500148.5951497579,0.6629965557693778,0.0,-500148.5951497579,753,0.0
8133,463490.3517019607,1.256204000405137,0.0,-463490.3517019607,753,0.0
8134,455060.2136991808,1.8145168894740866,0.0,-455060.2136991808,753,0.0
8135,453892.5492148832,2.4775134452434644,0.0,-453892.5492148832,753,0.0
8136,429574.81020318734,2.512408000810274,287.86561879835267,-429286.944584389,753,0.0
8137,445465.1373248905,2.756669889777939,5954.7414428481825,-439510.3958820423,753,0.0
8138,418197.7497232121,3.105615445446033,16247.079599625458,-401950.67012358666,753,0.0
8139,386230.019548779,3.977979334616267,61705.1848754365,-324524.8346733425,753,0.0
8140,390302.8745043703,4.536292223685217,103709.85080009176,-286593.0237042786,753,0.0
8141,366965.8521776821,4.466503112551599,97894.43281885957,-269071.4193588225,753,0.0
8142,374670.6059631471,5.164394223887786,164280.63769632182,-210389.9682668253,753,0.0
8143,400388.9249281653,5.722707112956735,231264.58744583713,-169124.33748232815,753,0.0
8144,448805.1886448375,6.2461254464588745,304528.1158973299,-144277.0727475076,753,0.0
8145,494076.3503889757,6.6648601132605885,370224.0513902128,-123852.29899876291,753,0.0
8146,501808.87633481965,6.839332891094635,400093.79095540155,-101715.0853794181,753,0.0
8147,626207.9696766023,5.862285335223973,249856.4066518332,-376351.5630247691,753,0.0
8148,519090.3741766579,6.804438335527826,394119.8430423639,-124970.531134294,753,0.0
8149,486283.2595340398,6.176336335325257,294227.24309400795,-192056.01644003188,753,0.0
8150,1323104.9937507117,6.1414417797584475,289076.8066923469,-1034028.1870583647,753,0.0
8151,804375.8996409768,6.52528189099335,346328.2597380615,-458047.6399029153,753,0.0
8152,484202.46173125337,6.978911113361872,423989.5826075525,-60212.87912370084,753,0.0
8153,541206.130616592,7.397645780163584,505379.514599997,-35826.616016594984,753,0.0
8154,552755.6105607915,7.641907669131249,556676.4502765272,3920.839715735754,754,3920.839715735754
8155,546816.1740711129,8.270009669333819,692302.030560102,145485.85648898908,754,149406.69620472484
8156,444164.6251462225,7.572118557997631,541294.9301826778,97130.30503645533,754,246537.00124118017
8157,454898.0722406269,6.978911113361872,423989.5826075525,-30908.48963307438,755,215628.5116081058
8158,479165.6242084465,6.455492779859732,335430.73430729646,-143734.88990115002,755,71893.62170695578
8159,473480.20872346696,6.071652668624828,278775.93388902454,-194704.27483444242,755,0.0
8160,456111.6861357773,5.338867001721832,183682.0105914677,-272429.67554430955,755,0.0
8161,318108.5528027955,4.815448668219692,129168.91854163593,-188939.63426115958,755,0.0
8162,291138.10665366927,4.745659557086072,122804.15160624978,-168333.95504741947,755,0.0
8163,319239.915839345,4.9899214460537396,145080.83588010108,-174159.07995924394,755,0.0
8164,317561.3915288772,5.548234335122689,208024.8134383421,-109536.5780905351,755,0.0
8165,335081.2381364195,5.583128890689498,212672.76823984107,-122408.46989657843,755,0.0
8166,361313.3188006328,5.757601668523544,235912.5422473361,-125400.77655329669,755,0.0
8167,408085.758761,6.001863557491209,268475.0610857024,-139610.69767529762,755,0.0
8168,422054.7068939035,6.2461254464588745,304528.1158973299,-117526.59099657362,755,0.0
8169,426292.3327112938,6.6648601132605885,370224.0513902128,-56068.28132108104,755,0.0
8170,402490.95082954346,6.315914557592494,314828.98870065215,-87661.96212889132,755,0.0
8171,436274.327425721,6.490387335426542,340581.1707089576,-95693.15671676339,755,0.0
8172,459438.03587690106,6.804438335527826,394119.8430423639,-65318.192834537185,755,0.0
8173,383870.8865262867,6.490387335426542,340581.1707089576,-43289.715817329125,755,0.0
8174,369498.16695537406,6.385703668726113,325129.86150397424,-44368.30545139982,755,0.0
8175,375562.1929452007,6.211230890892066,299377.67949566897,-76184.51344953175,755,0.0
8176,355997.3915920554,5.966969001924401,263800.2710563302,-92197.1205357252,755,0.0
8177,502590.7578400323,5.338867001721832,183682.0105914677,-318908.7472485646,755,0.0
8178,445593.6907676543,4.39671400141798,92674.20730606488,-352919.4834615894,755,0.0
8179,473389.6674591067,3.0009317787456045,11640.998264806596,-461748.66919430014,755,0.0
8180,485458.1697521921,2.1285678895753706,0.0,-485458.1697521921,755,0.0
8181,432822.22432262887,2.407724334109846,0.0,-432822.22432262887,755,0.0
8182,375865.5429323457,2.9311426676119865,10002.509888598086,-365863.0330437476,755,0.0
8183,310581.34025616985,4.326924890284361,87453.9817932702,-223127.35846289963,755,0.0
8184,289426.946383331,4.187346668017123,77013.53076768082,-212413.41561565016,755,0.0
8185,314929.731925357,4.117557556883505,71793.30525488619,-243136.42667047083,755,0.0
8186,309597.8548989437,4.222241223583932,79623.64352407813,-229974.21137486555,755,0.0
8187,320621.06262635865,4.117557556883505,71793.30525488619,-248827.75737147246,755,0.0
8188,333387.0450718234,4.187346668017123,77013.53076768082,-256373.5143041426,755,0.0
8189,323652.83047207113,3.3847718899805077,28529.963159142342,-295122.8673129288,755,0.0
8190,351097.5903558782,3.7686120012154114,49394.38567146619,-301703.204684412,755,0.0
8191,425193.0235068972,3.5941392233813643,39135.386334824216,-386057.637172073,755,0.0
8192,441877.5873901631,3.7337174456486015,47342.58580413777,-394535.00158602535,755,0.0
8193,394801.5895234384,3.454561001114127,31600.684049021587,-363200.90547441685,755,0.0
8194,408648.6928441918,3.210299112146461,20853.160934444284,-387795.5319097475,755,0.0
8195,461987.9720237975,1.0817312225710902,0.0,-461987.9720237975,755,0.0
8196,404168.6721955851,0.7676802224698059,0.0,-404168.6721955851,755,0.0
8197,336640.9109209423,1.884306000607706,0.0,-336640.9109209423,755,0.0
8198,348674.3149930299,3.3847718899805077,28529.963159142342,-320144.3518338876,755,0.0
8199,338213.8916626838,4.675870445952455,116439.38467086392,-221774.5069918199,755,0.0
8200,357600.226427944,5.059710557187357,152639.81395923407,-204960.41246870995,755,0.0
8201,428259.8079803216,4.88523777935331,135533.68547702185,-292726.12250329973,755,0.0
8202,453852.4317137915,4.675870445952455,116439.38467086392,-337413.0470429276,755,0.0
8203,458273.2754981951,4.152452112450315,74403.41801128357,-383869.8574869115,755,0.0
8204,458488.6467470762,3.4196664455473176,30065.323604081976,-428423.3231429942,755,0.0
8205,391176.8516030979,3.28008822328008,23923.881824323515,-367252.9697787744,755,0.0
8206,395271.9469783335,3.1405100010128426,17782.440044565075,-377489.50693376845,755,0.0
8207,309976.0339923683,3.698822890081792,45290.78593680938,-264685.24805555894,755,0.0
8208,283286.43471849733,3.28008822328008,23923.881824323515,-259362.55289417383,755,0.0
8209,274859.3267683849,3.314982778846889,25459.242269263108,-249400.0844991218,755,0.0
8210,323634.60798509023,2.9660372231787955,10812.063577748055,-312822.54440734215,755,0.0
8211,305409.3220686863,2.756669889777939,5954.7414428481825,-299454.58062583813,755,0.0
8212,300981.2370684826,2.0238842228749427,0.0,-300981.2370684826,755,0.0
8213,338278.79800929665,3.314982778846889,25459.242269263108,-312819.5557400335,755,0.0
8214,371290.4437614456,2.651986223077511,3526.0803753982573,-367764.3633860473,755,0.0
8215,414333.2237279602,2.407724334109846,0.0,-414333.2237279602,755,0.0
8216,399128.26491156645,2.1285678895753706,0.0,-399128.26491156645,755,0.0
8217,360132.4113231923,1.884306000607706,0.0,-360132.4113231923,755,0.0
8218,410728.63105467847,1.5353604449396119,0.0,-410728.63105467847,755,0.0
8219,453357.0471285734,1.0119421114374714,0.0,-453357.0471285734,755,0.0
8220,398610.37336392456,1.3957822226723744,0.0,-398610.37336392456,755,0.0
8221,345045.3146980473,2.0238842228749427,0.0,-345045.3146980473,755,0.0
8222,333438.3690576156,2.512408000810274,287.86561879835267,-333150.5034388172,755,0.0
8223,393775.4267387829,3.175404556579651,19317.800489504647,-374457.62624927826,755,0.0
8224,353128.4965760479,3.977979334616267,61705.1848754365,-291423.31170061143,755,0.0
8225,432290.68214199226,4.780554112652882,125986.53507394284,-306304.1470680494,755,0.0
8226,462138.5005667316,4.257135779150741,82233.75628047543,-379904.7442862562,755,0.0
8227,545622.1904607029,3.5592446678145544,37083.5864674958,-508538.6039932071,755,0.0
8228,450606.2500363077,3.035826334312414,13176.358709746211,-437429.8913265615,755,0.0
8229,443257.066654226,1.4306767782391838,0.0,-443257.066654226,755,0.0
8230,384351.2885270626,0.6281020002025685,0.0,-384351.2885270626,755,0.0
8231,300146.6075203413,0.9072584447370433,0.0,-300146.6075203413,755,0.0
8232,276945.77993503126,0.27915644453447486,0.0,-276945.77993503126,755,0.0
8233,266159.60031725484,0.9072584447370433,0.0,-266159.60031725484,755,0.0
8234,294630.91768077284,1.5702550005064209,0.0,-294630.91768077284,755,0.0
8235,309637.9379271104,1.64004411164004,0.0,-309637.9379271104,755,0.0
8236,318937.6125999176,1.64004411164004,0.0,-318937.6125999176,755,0.0
8237,307126.1120196483,1.6749386672068491,0.0,-307126.1120196483,755,0.0
8238,352527.3009370052,1.8145168894740866,0.0,-352527.3009370052,755,0.0
8239,411160.96000080113,2.0238842228749427,0.0,-411160.96000080113,755,0.0
8240,427654.4704597627,1.849411445040896,0.0,-427654.4704597627,755,0.0
8241,408486.22314545786,1.919200556174515,0.0,-408486.22314545786,755,0.0
8242,383189.2747534627,1.884306000607706,0.0,-383189.2747534627,755,0.0
8243,446623.92930678144,0.6281020002025685,0.0,-446623.92930678144,755,0.0
8244,419611.3653855683,1.1515203337047089,0.0,-419611.3653855683,755,0.0
8245,369320.7369669677,2.651986223077511,3526.0803753982573,-365794.6565915694,755,0.0
8246,365474.2137432604,3.9081902234826478,57601.58514077969,-307872.62860248075,755,0.0
8247,388727.32579452015,4.39671400141798,92674.20730606488,-296053.11848845525,755,0.0
8248,382106.8736980889,4.292030334717551,84843.86903687281,-297263.0046612161,755,0.0
8249,456743.7147290531,4.39671400141798,92674.20730606488,-364069.5074229882,755,0.0
8250,501085.6013086074,4.292030334717551,84843.86903687281,-416241.73227173457,755,0.0
8251,472543.121771114,3.9081902234826478,57601.58514077969,-414941.53663033433,755,0.0
8252,456376.3529236036,3.454561001114127,31600.684049021587,-424775.66887458204,755,0.0
8253,418712.6925306275,3.175404556579651,19317.800489504647,-399394.89204112283,755,0.0
8254,382235.92153925786,3.245193667713271,22388.521379383918,-359847.40015987394,755,0.0
8255,313924.98758939607,2.1634624451421804,0.0,-313924.98758939607,755,0.0
8256,280687.1514321273,2.0587787784417526,0.0,-280687.1514321273,755,0.0
8257,325753.7701527414,2.19835700070899,0.0,-325753.7701527414,755,0.0
8258,310575.8355239432,2.442618889676655,0.0,-310575.8355239432,755,0.0
8259,315303.2322523697,2.582197111943893,1906.9729970983203,-313396.25925527135,755,0.0
8260,315298.26967667585,2.2332515562757993,0.0,-315298.26967667585,755,0.0
8261,276940.8756349497,2.3030406674094177,0.0,-276940.8756349497,755,0.0
8262,354903.7466047629,2.1285678895753706,0.0,-354903.7466047629,755,0.0
8263,440135.808614174,2.2681461118426083,0.0,-440135.808614174,755,0.0
8264,436239.5383617372,2.0936733340085616,0.0,-436239.5383617372,755,0.0
8265,400133.6407733193,2.2332515562757993,0.0,-400133.6407733193,755,0.0
8266,394115.3425488541,2.4775134452434644,0.0,-394115.3425488541,755,0.0
8267,410753.9693933073,4.326924890284361,87453.9817932702,-323299.9876000371,755,0.0
8268,447730.38150655,5.1294996683209755,160400.36311729247,-287330.01838925754,755,0.0
8269,372344.34175660944,5.652918001823116,221968.6778428391,-150375.66391377035,755,0.0
8270,359865.12578868406,5.897179890790781,254504.36145333204,-105360.76433535203,755,0.0
8271,378134.8989337452,5.932074446357591,259152.31625483112,-118982.5826789141,755,0.0
8272,381027.7719870807,5.897179890790781,254504.36145333204,-126523.41053374865,755,0.0
8273,452762.83489253646,6.2461254464588745,304528.1158973299,-148234.71899520658,755,0.0
8274,448686.04512065416,6.03675811305802,273625.4974873637,-175060.54763329047,755,0.0
8275,474467.6805837205,5.827390779657163,245208.45185033412,-229259.22873338638,755,0.0
8276,424668.4775405787,5.024816001620548,148759.5393802049,-275908.93816037383,755,0.0
8277,419282.22479371214,4.815448668219692,129168.91854163593,-290113.30625207623,755,0.0
8278,399698.13000875,4.8503432237865,132351.3020093288,-267346.8279994212,755,0.0
8279,333493.2779133524,4.501397668118408,100527.46733239877,-232965.81058095366,755,0.0
8280,286286.28370155103,3.8035065567822204,51446.18553879456,-234840.09816275648,755,0.0
8281,473575.0707944327,3.314982778846889,25459.242269263108,-448115.82852516964,755,0.0
8282,406458.922871703,1.9540951117413239,0.0,-406458.922871703,755,0.0
8283,383866.1022533711,1.3608876671055647,0.0,-383866.1022533711,755,0.0
8284,356088.0192913475,1.4306767782391838,0.0,-356088.0192913475,755,0.0
8285,362645.9196043993,1.5004658893728022,0.0,-362645.9196043993,755,0.0
8286,384657.2790361771,2.1634624451421804,0.0,-384657.2790361771,755,0.0
8287,385611.5801403984,2.7217753342111304,5145.187753698225,-380466.3923867002,755,0.0
8288,495673.2641334176,2.19835700070899,0.0,-495673.2641334176,755,0.0
8289,483793.90970191656,2.0238842228749427,0.0,-483793.90970191656,755,0.0
8290,481874.8819760808,2.512408000810274,287.86561879835267,-481587.01635728247,755,0.0
8291,661013.2621062541,1.849411445040896,0.0,-661013.2621062541,755,0.0
8292,495140.1652834677,2.407724334109846,0.0,-495140.1652834677,755,0.0
8293,426601.8684975275,2.0936733340085616,0.0,-426601.8684975275,755,0.0
8294,1378610.612610879,1.5353604449396119,0.0,-1378610.612610879,755,0.0
8295,783002.759688389,1.3957822226723744,0.0,-783002.759688389,755,0.0
8296,470502.9057213373,1.0119421114374714,0.0,-470502.9057213373,755,0.0
8297,540499.0359619972,3.245193667713271,22388.521379383918,-518110.5145826133,755,0.0
8298,574220.9130105604,3.698822890081792,45290.78593680938,-528930.1270737511,755,0.0
8299,524569.1447459995,4.222241223583932,79623.64352407813,-444945.50122192135,755,0.0
8300,516846.1415211386,4.222241223583932,79623.64352407813,-437222.4979970605,755,0.0
8301,487784.18051991,3.873295667915839,55549.78527345132,-432234.3952464587,755,0.0
8302,451739.9141748333,4.0477684457498855,66573.07974209143,-385166.83443274186,755,0.0
8303,471306.82916301984,4.222241223583932,79623.64352407813,-391683.1856389417,755,0.0
8304,450841.935991218,3.977979334616267,61705.1848754365,-389136.75111578155,755,0.0
8305,454411.2407099641,3.6290337789481733,41187.18620215259,-413224.05450781155,755,0.0
8306,429757.3733075716,3.28008822328008,23923.881824323515,-405833.4914832481,755,0.0
8307,451264.5355087702,3.83840111234903,53497.98540612295,-397766.5501026473,755,0.0
8308,345816.37707898585,4.39671400141798,92674.20730606488,-253142.16977292096,755,0.0
8309,339054.2627005737,3.873295667915839,55549.78527345132,-283504.4774271224,755,0.0
8310,373278.560844135,3.9430847790494576,59653.38500810811,-313625.1758360269,755,0.0
8311,377186.41118455166,3.6639283345149827,43238.98606948098,-333947.42511507066,755,0.0
8312,496553.3289618384,3.6639283345149827,43238.98606948098,-453314.3428923574,755,0.0
8313,509718.9637319407,3.6639283345149827,43238.98606948098,-466479.9776624597,755,0.0
8314,488933.04277998896,3.9430847790494576,59653.38500810811,-429279.65777188085,755,0.0
8315,581111.0978246216,2.9311426676119865,10002.509888598086,-571108.5879360235,755,0.0
8316,489820.66701488825,1.6051495560732305,0.0,-489820.66701488825,755,0.0
8317,491153.1450732256,1.3608876671055647,0.0,-491153.1450732256,755,0.0
8318,1307389.250883465,0.6978911113361872,0.0,-1307389.250883465,755,0.0
8319,713022.8672257218,0.24426188896766549,0.0,-713022.8672257218,755,0.0
8320,516285.82922077365,1.4306767782391838,0.0,-516285.82922077365,755,0.0
8321,559451.5602095125,1.186414889271518,0.0,-559451.5602095125,755,0.0
8322,519034.8207626364,1.884306000607706,0.0,-519034.8207626364,755,0.0
8323,547678.8054135811,1.884306000607706,0.0,-547678.8054135811,755,0.0
8324,467294.4890672081,1.3608876671055647,0.0,-467294.4890672081,755,0.0
8325,500557.73870141245,3.3847718899805077,28529.963159142342,-472027.7755422701,755,0.0
8326,469477.2193298352,4.536292223685217,103709.85080009176,-365767.36852974346,755,0.0
8327,468766.7269402244,6.420598224292922,330280.29790563526,-138486.42903458915,755,0.0
8328,444773.9321002475,6.281020002025685,309678.5522989911,-135095.37980125635,755,0.0
8329,304437.1880182899,6.420598224292922,330280.29790563526,25843.109887345345,756,25843.109887345345
8330,309182.5694391121,5.897179890790781,254504.36145333204,-54678.207985780056,757,0.0
8331,321806.29266100004,5.338867001721832,183682.0105914677,-138124.28206953235,757,0.0
8332,320801.3396792078,4.955026890486929,141898.4524124079,-178902.88726679992,757,0.0
8333,313924.092155272,4.675870445952455,116439.38467086392,-197484.7074844081,757,0.0
8334,380719.9597280589,5.164394223887786,164280.63769632182,-216439.32203173707,757,0.0
8335,423911.6386006532,5.234183335021404,172041.18685438015,-251870.45174627306,757,0.0
8336,394169.6171620986,5.1294996683209755,160400.36311729247,-233769.25404480612,757,0.0
8337,360013.49095936795,5.164394223887786,164280.63769632182,-195732.85326304613,757,0.0
8338,415790.3145577218,4.780554112652882,125986.53507394284,-289803.7794837789,757,0.0
8339,445042.4807741738,4.152452112450315,74403.41801128357,-370639.06276289024,757,0.0
8340,469144.3529972143,3.977979334616267,61705.1848754365,-407439.1681217778,757,0.0
8341,361968.6249988728,2.8962481120451775,9192.956199448117,-352775.6687994247,757,0.0
8342,363338.938214733,2.1634624451421804,0.0,-363338.938214733,757,0.0
8343,362035.6786436068,2.1285678895753706,0.0,-362035.6786436068,757,0.0
8344,347145.3110301748,2.651986223077511,3526.0803753982573,-343619.2306547765,757,0.0
8345,487369.1408027468,2.9311426676119865,10002.509888598086,-477366.6309141487,757,0.0
8346,482787.799155758,3.9430847790494576,59653.38500810811,-423134.4141476499,757,0.0
8347,471209.893117931,4.222241223583932,79623.64352407813,-391586.24959385284,757,0.0
8348,412485.7683312823,3.28008822328008,23923.881824323515,-388561.8865069588,757,0.0
8349,443461.4548605121,1.64004411164004,0.0,-443461.4548605121,757,0.0
8350,420764.16866777296,1.64004411164004,0.0,-420764.16866777296,757,0.0
8351,349660.51521132706,2.372829778543036,0.0,-349660.51521132706,757,0.0
8352,297633.98943309655,2.8613535564783676,8383.402510298129,-289250.5869227984,757,0.0
8353,317189.75711323775,3.4196664455473176,30065.323604081976,-287124.43350915576,757,0.0
8354,291741.40381143056,3.8035065567822204,51446.18553879456,-240295.218272636,757,0.0
8355,327851.5653352659,4.292030334717551,84843.86903687281,-243007.69629839307,757,0.0
8356,307008.2956918902,4.36181944585117,90064.09454966751,-216944.20114222268,757,0.0
8357,327038.9890615744,4.536292223685217,103709.85080009176,-223329.13826148264,757,0.0
8358,354039.1075772013,4.501397668118408,100527.46733239877,-253511.64024480258,757,0.0
8359,402411.4047989312,4.5711867792520255,106892.23426778473,-295519.17053114646,757,0.0
8360,386922.9367294972,4.431608556984789,95284.3200624622,-291638.61666703504,757,0.0
8361,396807.9230796879,4.536292223685217,103709.85080009176,-293098.0722795962,757,0.0
8362,439389.8862374266,4.117557556883505,71793.30525488619,-367596.5809825404,757,0.0
8363,449671.5040548439,3.035826334312414,13176.358709746211,-436495.1453450977,757,0.0
8364,434362.3689908786,2.372829778543036,0.0,-434362.3689908786,757,0.0
8365,381056.3143206325,1.8145168894740866,0.0,-381056.3143206325,757,0.0
8366,393168.8287089786,2.1285678895753706,0.0,-393168.8287089786,757,0.0
8367,368075.0890604088,3.0707208898792238,14711.719154685845,-353363.36990572297,757,0.0
8368,387076.83211140736,3.6639283345149827,43238.98606948098,-343837.84604192636,757,0.0
8369,439106.1498495731,2.651986223077511,3526.0803753982573,-435580.0694741748,757,0.0
8370,516774.3733673225,3.210299112146461,20853.160934444284,-495921.2124328782,757,0.0
8371,467740.0314465808,3.3847718899805077,28529.963159142342,-439210.0682874384,757,0.0
8372,456315.7065966903,3.5592446678145544,37083.5864674958,-419232.12012919446,757,0.0
8373,439495.0232415273,2.9660372231787955,10812.063577748055,-428682.95966377924,757,0.0
8374,372801.0712562004,2.5473025563770832,1097.4193079483314,-371703.65194825205,757,0.0
8375,314362.90161563666,2.0238842228749427,0.0,-314362.90161563666,757,0.0
8376,295462.6003126073,1.9540951117413239,0.0,-295462.6003126073,757,0.0
8377,295734.89055030094,2.2332515562757993,0.0,-295734.89055030094,757,0.0
8378,312785.0924072216,2.3030406674094177,0.0,-312785.0924072216,757,0.0
8379,304957.88524533826,2.442618889676655,0.0,-304957.88524533826,757,0.0
8380,308994.37804442947,2.651986223077511,3526.0803753982573,-305468.2976690312,757,0.0
8381,341568.1071758869,2.8962481120451775,9192.956199448117,-332375.15097643883,757,0.0
8382,355478.839202581,3.3498773344136983,26994.602714202723,-328484.23648837826,757,0.0
8383,406051.7653728385,3.7337174456486015,47342.58580413777,-358709.1795687007,757,0.0
8384,374035.2283649401,4.0128738901830765,63962.966985694125,-310072.26137924596,757,0.0
8385,354489.3721362608,4.0477684457498855,66573.07974209143,-287916.2923941694,757,0.0
8386,393555.34014076943,3.873295667915839,55549.78527345132,-338005.55486731813,757,0.0
8387,436015.8791436497,1.849411445040896,0.0,-436015.8791436497,757,0.0
8388,456783.3821568247,1.186414889271518,0.0,-456783.3821568247,757,0.0
8389,374292.3292621053,1.256204000405137,0.0,-374292.3292621053,757,0.0
8390,355268.918350904,3.28008822328008,23923.881824323515,-331345.0365265805,757,0.0
8391,397374.0416319173,4.0128738901830765,63962.966985694125,-333411.07464622316,757,0.0
8392,358728.897252265,3.5243501122477454,35031.78660016743,-323697.1106520976,757,0.0
8393,476149.19320029614,3.5592446678145544,37083.5864674958,-439065.60673280037,757,0.0
8394,491586.7324813092,3.9430847790494576,59653.38500810811,-431933.3474732011,757,0.0
8395,460905.33540389576,4.257135779150741,82233.75628047543,-378671.57912342035,757,0.0
8396,408543.1590891336,4.257135779150741,82233.75628047543,-326309.4028086582,757,0.0
8397,451777.0311812593,3.5592446678145544,37083.5864674958,-414693.44471376354,757,0.0
8398,388881.85888077295,2.1634624451421804,0.0,-388881.85888077295,757,0.0
8399,333213.42017584376,2.582197111943893,1906.9729970983203,-331306.4471787454,757,0.0
8400,299902.5418803037,3.3847718899805077,28529.963159142342,-271372.57872116135,757,0.0
8401,299708.34739972115,3.5243501122477454,35031.78660016743,-264676.56079955376,757,0.0
8402,328144.96462645504,3.7337174456486015,47342.58580413777,-280802.3788223173,757,0.0
8403,320383.9255811616,4.88523777935331,135533.68547702185,-184850.24010413972,757,0.0
8404,315626.2318470646,6.420598224292922,330280.29790563526,14654.066058570636,758,14654.066058570636
8405,295105.62863829394,6.211230890892066,299377.67949566897,4272.050857375027,758,18926.116915945662
8406,342449.26275019906,6.6648601132605885,370224.0513902128,27774.78864001372,758,46700.90555595938
8407,444580.25989385694,6.804438335527826,394119.8430423639,-50460.416851493064,759,0.0
8408,436044.0906504728,6.769543779961015,388145.8951293258,-47898.19552114699,759,0.0
8409,373578.7005876481,5.827390779657163,245208.45185033412,-128370.24873731396,759,0.0
8410,403759.3225799019,5.47844522398907,199203.10890758454,-204556.21367231736,759,0.0
8411,471894.7726825286,5.1294996683209755,160400.36311729247,-311494.4095652361,759,0.0
8412,454917.8388704354,4.606081334818835,110074.6177354778,-344843.22113495757,759,0.0
8413,376282.5467229376,3.6290337789481733,41187.18620215259,-335095.36052078503,759,0.0
8414,352717.6720022005,2.4775134452434644,0.0,-352717.6720022005,759,0.0
8415,383413.69768044783,1.5353604449396119,0.0,-383413.69768044783,759,0.0
8416,411060.1741981764,1.1515203337047089,0.0,-411060.1741981764,759,0.0
8417,442457.05314872926,1.2213094448383275,0.0,-442457.05314872926,759,0.0
8418,454612.929399741,2.512408000810274,287.86561879835267,-454325.06378094264,759,0.0
8419,466308.7802003895,4.082663001316695,69183.1924984888,-397125.5877019007,759,0.0
8420,392352.1715069601,7.153383891195919,457601.8891179217,65249.71761096158,760,65249.71761096158
8421,450609.0500814834,9.072584447370433,845861.869779254,395252.8196977706,760,460502.53730873216
8422,380705.73290602793,9.351740891904909,888405.3119263081,507699.57902028016,760,968202.1163290123
8423,333658.02700615634,8.13043144706658,662990.6038839819,329332.5768778256,760,1297534.6932068379
8424,286644.7961216073,7.990853224799343,633584.0507457752,346939.2546241679,760,1644473.9478310058
8425,289290.8786554256,8.13043144706658,662990.6038839819,373699.7252285563,760,2018173.6730595622
8426,297838.10933786246,8.584060669435102,756437.0301215732,458598.9207837108,760,2476772.593843273
8427,338212.71988006524,8.79342800283596,795881.8357342947,457669.1158542295,760,2934441.709697502
8428,296378.5159282263,8.79342800283596,795881.8357342947,499503.31980606844,760,3433945.029503571
8429,322758.5748358484,7.1882784467627285,464427.26418678975,141668.68935094133,760,3575613.718854512
8430,351410.80511420395,7.746591335831678,579748.7304173018,228337.9253030978,760,3803951.64415761
8431,447426.4110005599,7.921064113665725,618202.5306519258,170776.1196513659,760,3974727.763808976
8432,418575.61643453216,8.549166113868294,749862.8958527866,331287.27941825445,760,4306015.04322723
8433,416781.9969523056,8.898111669536387,815604.2385406554,398822.24158834975,760,4704837.28481558
8434,386764.3568042616,7.8163804469652955,595130.2505111512,208365.89370688953,760,4913203.1785224695
8435,453209.6059658516,8.444482447167864,728941.3139052514,275731.7079393999,760,5188934.886461869
8436,429500.5254786673,9.944948336540667,961368.1516964036,531867.6262177364,760,5720802.512679605
8437,379371.5777819516,10.39857755890919,993427.8258173156,614056.2480353641,760,6334858.760714969
8438,362302.4969977983,10.014737447674285,968554.9866092937,606252.4896114954,760,6941111.250326464
8439,387806.7227383236,9.316846336338099,883087.3816579262,495280.65891960263,760,7436391.909246067
8440,372112.5636967576,9.386635447471717,893723.2421946897,521610.6784979321,760,7958002.5877439985
8441,417855.0639052446,9.87515922540705,953468.024316078,535612.9604108335,760,8493615.548154833
8442,484766.95234654617,9.805370114273432,945567.8969357525,460800.9445892063,760,8954416.49274404
8443,502834.2015969404,9.561108225305764,917917.4511046124,415083.24950767204,760,9369499.742251711
8444,437415.5267040079,9.21216266963767,867133.5908527811,429718.0641487732,760,9799217.806400483
8445,441118.5039979038,8.933006225103197,822178.3728094423,381059.86881153856,760,10180277.675212022
8446,402300.484383048,9.77047555870662,941617.8332455894,539317.3488625414,760,10719595.024074564
8447,327825.87722311256,10.189210225508333,979860.82261294,652034.9453898275,760,11371629.969464391
8448,268441.0946856362,10.084526558807905,973077.3210107522,704636.226325116,760,12076266.195789507
8449,442078.5708044119,9.77047555870662,941617.8332455894,499539.2624411775,760,12575805.458230684
8450,406990.0887153668,9.77047555870662,941617.8332455894,534627.7445302226,760,13110433.202760907
8451,381115.5787056044,9.561108225305764,917917.4511046124,536801.872399008,760,13647235.075159915
8452,358266.4572393102,9.665791892006192,929767.642175101,571501.1849357907,760,14218736.260095706
8453,350328.3011295618,8.898111669536387,815604.2385406554,465275.93741109356,760,14684012.1975068
8454,370110.3253789767,8.374693336034246,714285.6005671917,344175.275188215,760,15028187.472695015
8455,411789.5166037528,8.444482447167864,728941.3139052514,317151.79730149865,760,15345339.269996515
8456,449701.25197622174,8.304904224900628,699629.887229132,249928.63525291026,760,15595267.905249424
8457,532877.0071633211,8.304904224900628,699629.887229132,166752.88006581087,760,15762020.785315234
8458,472459.4691797475,7.432540335730394,512204.889668865,39745.4204891175,760,15801766.205804352
8459,618755.5245761174,8.200220558200199,677646.3172220417,58890.79264592426,760,15860656.998450276
8460,498983.5883263505,8.75853344726915,789307.7014655077,290324.11313915724,760,16150981.111589434
8461,530298.2481826869,8.23511511376701,684974.1738910723,154675.92570838542,760,16305657.037297819
8462,1330347.351632225,7.327856669029965,491728.7644622612,-838618.5871699639,761,15467038.450127855
8463,735463.7764873942,6.350809113159303,319979.42510231317,-415484.35138508107,761,15051554.098742774
8464,493347.39743828087,5.618023446256307,217320.72304134,-276026.67439694086,761,14775527.424345832
8465,501921.435721082,5.059710557187357,152639.81395923407,-349281.62176184787,761,14426245.802583985
8466,542484.5172676195,6.2461254464588745,304528.1158973299,-237956.40137028962,761,14188289.401213696
8467,564281.6293053061,6.874227446661443,406067.7388684391,-158213.89043686702,761,14030075.510776829
8468,479528.5355769461,7.118489335629109,450776.51404905366,-28752.021527892444,761,14001323.489248937
8469,444346.276189209,6.874227446661443,406067.7388684391,-38278.537320769916,761,13963044.951928167
8470,444249.3162736841,6.350809113159303,319979.42510231317,-124269.89117137092,761,13838775.060756795
8471,442122.1085483386,6.909122002228254,412041.6867814771,-30080.42176686146,761,13808694.638989933
8472,476801.5561765492,6.978911113361872,423989.5826075525,-52811.97356899665,761,13755882.665420936
8473,445632.88668569794,6.978911113361872,423989.5826075525,-21643.30407814542,761,13734239.361342791
8474,406252.0233447744,7.153383891195919,457601.8891179217,51349.86577314732,762,13785589.227115938
8475,442589.94146126165,7.292962113463156,484903.38939339336,42313.447932131705,762,13827902.67504807
8476,360816.774797141,7.292962113463156,484903.38939339336,124086.61459625233,762,13951989.289644323
8477,371254.21601841046,7.048700224495491,437125.76391131803,65871.54789290758,762,14017860.83753723
8478,381456.2819328571,6.874227446661443,406067.7388684391,24611.456935581984,762,14042472.294472814
8479,393499.38082962384,6.1414417797584475,289076.8066923469,-104422.57413727697,763,13938049.720335536
8480,464830.9013274497,5.548234335122689,208024.8134383421,-256806.0878891076,763,13681243.632446429
8481,488263.4368803818,5.757601668523544,235912.5422473361,-252350.89463304568,763,13428892.737813383
8482,514078.5999188462,5.373761557288642,187562.28517049697,-326516.31474834925,763,13102376.423065035
8483,633095.3812886191,5.0946051127541665,156520.0885382633,-476575.2927503558,763,12625801.130314678
8484,512536.9318841361,5.408656112855451,191442.55974952615,-321094.37213460996,763,12304706.758180069
8485,511038.012910579,4.710765001519263,119621.76813855681,-391416.2447720222,763,11913290.513408046
8486,1296682.7143057825,3.9081902234826478,57601.58514077969,-1239081.1291650028,763,10674209.384243043
8487,832065.7240281863,3.5243501122477454,35031.78660016743,-797033.9374280189,763,9877175.446815025
8488,542742.8609664052,3.4196664455473176,30065.323604081976,-512677.53736232326,763,9364497.909452701
8489,571933.5045878767,2.651986223077511,3526.0803753982573,-568407.4242124785,763,8796090.485240223
8490,563975.1260719133,2.7217753342111304,5145.187753698225,-558829.9383182151,763,8237260.546922008
8491,543835.4472019889,3.035826334312414,13176.358709746211,-530659.0884922427,763,7706601.458429765
8492,441480.7260076202,4.152452112450315,74403.41801128357,-367077.30799633666,763,7339524.150433429
8493,528986.9442499039,5.024816001620548,148759.5393802049,-380227.40486969904,763,6959296.74556373
8494,457470.92502475367,5.199288779454595,168160.912275351,-289310.01274940267,763,6669986.732814327
8495,459214.28187367663,6.03675811305802,273625.4974873637,-185588.78438631294,763,6484397.948428014
8496,460512.9387754975,5.47844522398907,199203.10890758454,-261309.82986791295,763,6223088.118560101
8497,295212.78176874603,5.164394223887786,164280.63769632182,-130932.14407242421,763,6092155.974487676
8498,298642.27867217275,4.92013233492012,138716.0689447149,-159926.20972745784,763,5932229.764760219
8499,329301.3684400936,5.408656112855451,191442.55974952615,-137858.80869056744,763,5794370.956069651
8500,353671.3729421694,5.862285335223973,249856.4066518332,-103814.96629033616,763,5690555.989779315
8501,326216.18006241735,5.862285335223973,249856.4066518332,-76359.77341058414,763,5614196.216368731
8502,367732.8708652637,5.687812557389925,226616.63264433807,-141116.23822092562,763,5473079.978147806
8503,402845.7563742304,5.164394223887786,164280.63769632182,-238565.11867790855,763,5234514.859469897
8504,427655.5280837828,4.780554112652882,125986.53507394284,-301668.99300983996,763,4932845.866460057
8505,414351.2588836773,4.710765001519263,119621.76813855681,-294729.4907451205,763,4638116.375714936
8506,388102.7640625454,4.36181944585117,90064.09454966751,-298038.6695128779,763,4340077.706202058
8507,437662.164389804,2.756669889777939,5954.7414428481825,-431707.42294695583,763,3908370.283255102
8508,437408.19553387247,3.105615445446033,16247.079599625458,-421161.11593424703,763,3487209.167320855
8509,340410.3588183443,3.0009317787456045,11640.998264806596,-328769.3605535377,763,3158439.8067673175
8510,372892.90660965285,2.407724334109846,0.0,-372892.90660965285,763,2785546.9001576644
8511,379858.6851532055,1.884306000607706,0.0,-379858.6851532055,763,2405688.215004459
8512,387420.0858920003,0.45362922236852166,0.0,-387420.0858920003,763,2018268.1291124588
8513,477198.02650612046,1.9540951117413239,0.0,-477198.02650612046,763,1541070.1026063384
8514,417393.6122107476,2.4775134452434644,0.0,-417393.6122107476,763,1123676.490395591
8515,471501.9000327437,2.651986223077511,3526.0803753982573,-467975.8196573454,763,655700.6707382455
8516,429646.2046138533,1.7796223339072772,0.0,-429646.2046138533,763,226054.46612439217
8517,444924.0403064324,0.45362922236852166,0.0,-444924.0403064324,763,0.0
8518,360008.5371487492,1.1515203337047089,0.0,-360008.5371487492,763,0.0
8519,312445.6978115668,3.873295667915839,55549.78527345132,-256895.9125381155,763,0.0
8520,283383.00931295234,3.210299112146461,20853.160934444284,-262529.84837850806,763,0.0
8521,309091.9209921265,3.105615445446033,16247.079599625458,-292844.8413925011,763,0.0
8522,318148.5197432262,3.1405100010128426,17782.440044565075,-300366.0796986611,763,0.0
8523,288540.0152229654,3.28008822328008,23923.881824323515,-264616.1333986419,763,0.0
8524,303573.46296446334,3.4196664455473176,30065.323604081976,-273508.13936038135,763,0.0
8525,322802.64689718786,3.489455556680936,33136.044493961184,-289666.60240322666,763,0.0
8526,358359.3314222265,3.489455556680936,33136.044493961184,-325223.2869282653,763,0.0
8527,439754.59058225696,3.5592446678145544,37083.5864674958,-402671.00411476113,763,0.0
8528,409833.8533605992,3.6639283345149827,43238.98606948098,-366594.8672911182,763,0.0
8529,398062.19522945496,3.8035065567822204,51446.18553879456,-346616.0096906604,763,0.0
8530,419269.89315148775,3.6290337789481733,41187.18620215259,-378082.7069493352,763,0.0
8531,434242.188446031,2.686880778644321,4335.634064548246,-429906.55438148277,763,0.0
8532,385995.1366373823,2.372829778543036,0.0,-385995.1366373823,763,0.0
8533,385924.291495404,1.744727778340468,0.0,-385924.291495404,763,0.0
8534,384097.5909816142,1.3608876671055647,0.0,-384097.5909816142,763,0.0
8535,375421.2350652104,1.919200556174515,0.0,-375421.2350652104,763,0.0
8536,363528.6243920693,5.373761557288642,187562.28517049697,-175966.33922157233,763,0.0
8537,430813.5705698856,6.420598224292922,330280.29790563526,-100533.27266425034,763,0.0
8538,466258.9338792816,6.350809113159303,319979.42510231317,-146279.50877696846,763,0.0
8539,496743.446266401,5.199288779454595,168160.912275351,-328582.53399105,763,0.0
8540,462413.2046160512,3.83840111234903,53497.98540612295,-408915.2192099283,763,0.0
8541,426852.74207006063,2.756669889777939,5954.7414428481825,-420898.00062721246,763,0.0
8542,399288.32647537446,2.791564445344749,6764.295131998172,-392524.03134337626,763,0.0
8543,345794.44672701415,2.651986223077511,3526.0803753982573,-342268.36635161587,763,0.0
8544,281203.9367737665,2.372829778543036,0.0,-281203.9367737665,763,0.0
8545,299031.0292535144,2.372829778543036,0.0,-299031.0292535144,763,0.0
8546,331077.91376707074,2.5473025563770832,1097.4193079483314,-329980.4944591224,763,0.0
8547,316714.52762783936,3.0707208898792238,14711.719154685845,-302002.8084731535,763,0.0
8548,328744.3826795892,3.5243501122477454,35031.78660016743,-293712.5960794218,763,0.0
8549,332297.0265568196,4.187346668017123,77013.53076768082,-255283.4957891388,763,0.0
8550,360943.95939078525,4.710765001519263,119621.76813855681,-241322.19125222845,763,0.0
8551,394869.20298545394,5.059710557187357,152639.81395923407,-242229.38902621987,763,0.0
8552,376310.63287258026,5.164394223887786,164280.63769632182,-212029.99517625844,763,0.0
8553,406959.33145391423,5.583128890689498,212672.76823984107,-194286.56321407316,763,0.0
8554,388990.39793726,5.618023446256307,217320.72304134,-171669.67489591998,763,0.0
8555,442760.4527886448,3.83840111234903,53497.98540612295,-389262.4673825219,763,0.0
8556,423943.72197586816,4.606081334818835,110074.6177354778,-313869.10424039036,763,0.0
8557,371762.402435269,5.443550668422261,195322.8343285554,-176439.5681067136,763,0.0
8558,380011.3781895217,5.966969001924401,263800.2710563302,-116211.10713319154,763,0.0
8559,368601.2210671166,6.001863557491209,268475.0610857024,-100126.15998141421,763,0.0
8560,381636.1359057133,5.966969001924401,263800.2710563302,-117835.86484938313,763,0.0
8561,451324.8048901428,5.0946051127541665,156520.0885382633,-294804.7163518795,763,0.0
8562,462514.8534823953,6.944016557795062,418015.6346945147,-44499.218787880614,763,0.0
8563,477069.7115386754,9.526213669738956,913967.3874144498,436897.6758757744,764,436897.6758757744
8564,439260.59879392886,9.979842892107477,965318.2153865664,526057.6165926375,764,962955.2924684118
8565,393973.4085198747,8.653849780568722,769585.2986591471,375611.89013927244,764,1338567.1826076843
8566,373002.7925288914,8.270009669333819,692302.030560102,319299.23803121055,764,1657866.420638895
8567,322608.9283780625,7.362751224596776,498554.1395311294,175945.2111530669,764,1833811.6317919618
8568,320436.5478703916,6.839332891094635,400093.79095540155,79657.24308500998,764,1913468.8748769718
8569,284605.64244463417,6.734649224394207,382171.9472162883,97566.30477165413,764,2011035.179648626
8570,280177.6637904236,6.6648601132605885,370224.0513902128,90046.38759978919,764,2101081.567248415
8571,348107.0052560046,6.629965557693778,364250.10347717477,16143.098221170192,764,2117224.6654695855
8572,297072.545178576,6.455492779859732,335430.73430729646,38358.189128720434,764,2155582.854598306
8573,345615.1496307032,7.537224002430823,533604.1701357533,187989.02050505014,764,2343571.8751033563
8574,365850.4546085441,7.292962113463156,484903.38939339336,119052.93478484923,764,2462624.8098882055
8575,455337.8280243989,7.572118557997631,541294.9301826778,85957.10215827893,764,2548581.9120464846
8576,407641.2734932823,7.362751224596776,498554.1395311294,90912.86603784707,764,2639494.7780843317
8577,401260.1507175586,6.839332891094635,400093.79095540155,-1166.3597621570225,765,2638328.418322175
8578,412295.9414178531,5.408656112855451,191442.55974952615,-220853.38166832697,765,2417475.036653848
8579,421641.3441704338,8.304904224900628,699629.887229132,277988.5430586982,766,2695463.579712546
8580,395173.3728767914,8.863217113969577,809030.1042718684,413856.73139507696,766,3109320.311107623
8581,327578.6911540196,8.514271558301482,743288.7615839993,415710.07042997965,766,3525030.3815376027
8582,370628.2766832559,7.955958669232534,625893.2906988506,255265.01401559473,766,3780295.3955531977
8583,378329.1691248285,7.292962113463156,484903.38939339336,106574.22026856488,766,3886869.6158217625
8584,383943.61526413966,7.327856669029965,491728.7644622612,107785.14919812157,766,3994654.765019884
8585,458162.2717239545,6.6648601132605885,370224.0513902128,-87938.22033374169,767,3906716.5446861424
8586,480540.9644399073,8.060642335932963,648334.8905459222,167793.92610601493,768,4074510.470792157
8587,453993.7519664797,9.351740891904909,888405.3119263081,434411.5599598284,768,4508922.0307519855
8588,451379.7566771936,9.456424558605336,904359.1027314533,452979.34605425963,768,4961901.376806245
8589,450808.5482914763,9.177268114070863,861815.6605843995,411007.11229292315,768,5372908.489099168
8590,408731.066836288,9.177268114070863,861815.6605843995,453084.59374811145,768,5825993.0828472795
8591,298836.32737816294,8.653849780568722,769585.2986591471,470748.9712809842,768,6296742.054128264
8592,270356.511561188,8.304904224900628,699629.887229132,429273.375667944,768,6726015.429796208
8593,438426.3286512365,8.095536891499771,655662.7472149519,217236.41856371542,768,6943251.848359923
8594,412980.96249796666,7.711696780264869,572057.970370377,159077.0078724103,768,7102328.856232333
8595,319913.03084038955,7.048700224495491,437125.76391131803,117212.73307092849,768,7219541.589303262
8596,357029.37066831137,6.52528189099335,346328.2597380615,-10701.110930249852,769,7208840.478373012
8597,350143.05807676684,5.583128890689498,212672.76823984107,-137470.28983692577,769,7071370.188536086
8598,419513.5514519707,5.548234335122689,208024.8134383421,-211488.7380136286,769,6859881.450522457
8599,404910.78445575625,5.408656112855451,191442.55974952615,-213468.2247062301,769,6646413.2258162275
8600,423499.2087200916,5.583128890689498,212672.76823984107,-210826.44048025055,769,6435586.785335977
8601,387127.0590953784,5.338867001721832,183682.0105914677,-203445.0485039107,769,6232141.7368320655
8602,412980.5600127708,4.9899214460537396,145080.83588010108,-267899.72413266974,769,5964242.012699395
8603,503335.39308389,5.059710557187357,152639.81395923407,-350695.5791246559,769,5613546.43357474
8604,379056.7065325,5.897179890790781,254504.36145333204,-124552.34507916795,769,5488994.088495572
8605,432345.8354088228,5.408656112855451,191442.55974952615,-240903.27565929666,769,5248090.812836275
8606,466977.1544033533,4.92013233492012,138716.0689447149,-328261.0854586384,769,4919829.727377637
8607,457823.2869192327,4.152452112450315,74403.41801128357,-383419.86890794913,769,4536409.858469688
8608,1393845.6507984365,3.0707208898792238,14711.719154685845,-1379133.9316437508,769,3157275.926825938
8609,437425.9573095578,1.849411445040896,0.0,-437425.9573095578,769,2719849.9695163798
8610,479495.1335530215,0.5234183335021404,0.0,-479495.1335530215,769,2240354.835963358
8611,442633.375636606,0.3838401112349029,0.0,-442633.375636606,769,1797721.4603267522
8612,389827.8673525771,2.512408000810274,287.86561879835267,-389540.00173377874,769,1408181.4585929734
8613,419662.1623700688,4.292030334717551,84843.86903687281,-334818.29333319596,769,1073363.1652597776
8614,434196.99505316274,4.466503112551599,97894.43281885957,-336302.56223430316,769,737060.6030254744
8615,437399.16679039306,3.0707208898792238,14711.719154685845,-422687.4476357072,769,314373.15538976714
8616,425761.2917996753,2.756669889777939,5954.7414428481825,-419806.55035682715,769,0.0
8617,429103.8598798359,2.512408000810274,287.86561879835267,-428815.99426103756,769,0.0
8618,390921.5459122464,2.407724334109846,0.0,-390921.5459122464,769,0.0
8619,391543.2876185452,2.4775134452434644,0.0,-391543.2876185452,769,0.0
8620,363928.9117014056,2.2332515562757993,0.0,-363928.9117014056,769,0.0
8621,389973.0169516216,2.407724334109846,0.0,-389973.0169516216,769,0.0
8622,403411.3030022084,2.4775134452434644,0.0,-403411.3030022084,769,0.0
8623,425885.3647494958,2.582197111943893,1906.9729970983203,-423978.39175239747,769,0.0
8624,464643.8106775426,2.651986223077511,3526.0803753982573,-461117.7303021443,769,0.0
8625,517943.6705401218,2.7217753342111304,5145.187753698225,-512798.4827864236,769,0.0
8626,472576.4891906936,2.791564445344749,6764.295131998172,-465812.1940586954,769,0.0
8627,633552.3395643648,0.27915644453447486,0.0,-633552.3395643648,769,0.0
8628,524792.5453375863,1.5004658893728022,0.0,-524792.5453375863,769,0.0
8629,486149.8107220032,3.5592446678145544,37083.5864674958,-449066.22425450746,769,0.0
8630,1350504.5954289215,4.222241223583932,79623.64352407813,-1270880.9519048433,769,0.0
8631,733809.1441454947,4.36181944585117,90064.09454966751,-643745.0495958271,769,0.0
8632,501302.3406417302,4.431608556984789,95284.3200624622,-406018.020579268,769,0.0
8633,525356.4630657004,3.9430847790494576,59653.38500810811,-465703.07805759227,769,0.0
8634,551716.466542225,3.977979334616267,61705.1848754365,-490011.2816667885,769,0.0
8635,560990.8798540145,3.5592446678145544,37083.5864674958,-523907.2933865187,769,0.0
8636,493660.1442577931,2.3030406674094177,0.0,-493660.1442577931,769,0.0
8637,519373.4894325886,1.5004658893728022,0.0,-519373.4894325886,769,0.0
8638,456254.93112124415,1.5353604449396119,0.0,-456254.93112124415,769,0.0
8639,430977.88289284223,2.19835700070899,0.0,-430977.88289284223,769,0.0
8640,451025.8114715078,1.884306000607706,0.0,-451025.8114715078,769,0.0
8641,466083.0341978679,2.372829778543036,0.0,-466083.0341978679,769,0.0
8642,396536.9579829997,3.105615445446033,16247.079599625458,-380289.87838337425,769,0.0
8643,378877.1856659229,3.8035065567822204,51446.18553879456,-327431.0001271283,769,0.0
8644,359543.91939742543,3.8035065567822204,51446.18553879456,-308097.7338586309,769,0.0
8645,371727.0919077433,3.7686120012154114,49394.38567146619,-322332.7062362771,769,0.0
8646,392682.3759853749,4.187346668017123,77013.53076768082,-315668.84521769406,769,0.0
8647,396952.8676182579,4.431608556984789,95284.3200624622,-301668.5475557957,769,0.0
8648,471029.2564564875,4.606081334818835,110074.6177354778,-360954.6387210097,769,0.0
8649,493887.8296360221,4.5711867792520255,106892.23426778473,-386995.59536823735,769,0.0
8650,489224.1187860234,4.326924890284361,87453.9817932702,-401770.1369927532,769,0.0
8651,601652.0086236878,3.6639283345149827,43238.98606948098,-558413.0225542068,769,0.0
8652,522563.2444961875,3.977979334616267,61705.1848754365,-460858.059620751,769,0.0
8653,433416.6610675843,3.489455556680936,33136.044493961184,-400280.6165736231,769,0.0
8654,1248554.7956936506,3.314982778846889,25459.242269263108,-1223095.5534243875,769,0.0
8655,768364.0820024653,3.5941392233813643,39135.386334824216,-729228.695667641,769,0.0
8656,547302.6393274001,3.105615445446033,16247.079599625458,-531055.5597277747,769,0.0
8657,558897.508552233,2.582197111943893,1906.9729970983203,-556990.5355551346,769,0.0
8658,536519.5388207827,2.8962481120451775,9192.956199448117,-527326.5826213346,769,0.0
8659,505986.3574066889,4.536292223685217,103709.85080009176,-402276.50660659716,769,0.0
8660,499199.2413191469,5.443550668422261,195322.8343285554,-303876.4069905915,769,0.0
8661,496650.14846522425,5.932074446357591,259152.31625483112,-237497.83221039313,769,0.0
8662,483056.84764935455,6.071652668624828,278775.93388902454,-204280.91376033,769,0.0
8663,471571.0351754637,6.699754668827397,376197.9993032503,-95373.03587221343,769,0.0
8664,464762.7307891685,7.118489335629109,450776.51404905366,-13986.216740114847,769,0.0
8665,322862.1915815989,7.502329446864012,525913.4100888282,203051.2185072293,770,203051.2185072293
8666,323439.8113098243,7.292962113463156,484903.38939339336,161463.57808356907,770,364514.79659079836
8667,321552.2357531382,7.292962113463156,484903.38939339336,163351.15364025516,770,527865.9502310535
8668,288060.7170935199,7.502329446864012,525913.4100888282,237852.69299530826,770,765718.6432263618
8669,336816.44583935867,7.502329446864012,525913.4100888282,189096.9642494695,770,954815.6074758314
8670,351185.76675281883,7.641907669131249,556676.4502765272,205490.68352370837,770,1160306.2909995397
8671,429169.9289693453,7.851275002532106,602821.0105580763,173651.08158873103,770,1333957.3725882708
8672,378211.2272119052,8.060642335932963,648334.8905459222,270123.66333401704,770,1604081.035922288
8673,417845.3564131395,7.67680222469806,564367.2103234524,146521.85391031287,770,1750602.889832601
8674,365256.8937143867,6.874227446661443,406067.7388684391,40810.845154052426,770,1791413.7349866533
8675,426313.9347481148,6.350809113159303,319979.42510231317,-106334.50964580162,771,1685079.2253408516
8676,427101.219492601,7.048700224495491,437125.76391131803,10024.544418717036,772,1695103.7697595686
8677,368100.4902643494,7.292962113463156,484903.38939339336,116802.89912904397,772,1811906.6688886127
8678,348474.42806490767,6.769543779961015,388145.8951293258,39671.46706441813,772,1851578.1359530308
8679,357756.2442485805,6.281020002025685,309678.5522989911,-48077.69194958935,773,1803500.4440034414
8680,348388.71396136435,5.966969001924401,263800.2710563302,-84588.44290503417,773,1718912.0010984072
8681,418484.31167468993,5.966969001924401,263800.2710563302,-154684.04061835975,773,1564227.9604800474
8682,477601.8049778901,6.350809113159303,319979.42510231317,-157622.37987557694,773,1406605.5806044703
8683,460717.9277157716,7.711696780264869,572057.970370377,111340.04265460535,774,1517945.6232590757
8684,429482.5568685656,7.67680222469806,564367.2103234524,134884.65345488675,774,1652830.2767139624
8685,441783.54496464855,6.944016557795062,418015.6346945147,-23767.91027013387,775,1629062.3664438287
8686,380408.658958866,6.6648601132605885,370224.0513902128,-10184.607568653242,775,1618877.7588751754
8687,319419.951165246,6.595071002126969,358276.1555641371,38856.204398891074,776,1657733.9632740663
8688,309122.5337412085,6.909122002228254,412041.6867814771,102919.15304026863,776,1760653.116314335
8689,311375.2286496411,6.6648601132605885,370224.0513902128,58848.82274057169,776,1819501.9390549068
8690,307454.61394765985,6.839332891094635,400093.79095540155,92639.1770077417,776,1912141.1160626486
8691,305996.4941373607,7.327856669029965,491728.7644622612,185732.2703249005,776,2097873.3863875493
8692,312765.8433433573,7.502329446864012,525913.4100888282,213147.56674547086,776,2311020.95313302
8693,340400.20622875576,7.362751224596776,498554.1395311294,158153.93330237363,776,2469174.8864353937
8694,369777.62862316536,7.2231730023295375,471252.6392556575,101475.01063249214,776,2570649.897067886
8695,431333.4111993408,7.2231730023295375,471252.6392556575,39919.22805631673,776,2610569.1251242026
8696,437989.1223515348,7.362751224596776,498554.1395311294,60565.01717959461,776,2671134.1423037974
8697,396791.6707365869,7.1882784467627285,464427.26418678975,67635.59345020284,776,2738769.735754
8698,376599.2217465969,6.595071002126969,358276.1555641371,-18323.06618245982,777,2720446.6695715403
8699,430266.413485552,6.03675811305802,273625.4974873637,-156640.9159981883,777,2563805.753573352
8700,404366.9828257784,6.350809113159303,319979.42510231317,-84387.55772346526,777,2479418.1958498866
8701,347415.13849359844,5.862285335223973,249856.4066518332,-97558.73184176523,777,2381859.4640081213
8702,365736.3200494116,4.92013233492012,138716.0689447149,-227020.2511046967,777,2154839.2129034246
8703,391335.2316862951,4.466503112551599,97894.43281885957,-293440.79886743554,777,1861398.414035989
8704,402151.7876960512,4.152452112450315,74403.41801128357,-327748.3696847676,777,1533650.0443512213
8705,466578.80316734384,3.977979334616267,61705.1848754365,-404873.61829190736,777,1128776.426059314
8706,462054.3525144601,3.7337174456486015,47342.58580413777,-414711.76671032235,777,714064.6593489917
8707,467401.03145267424,5.338867001721832,183682.0105914677,-283719.0208612066,777,430345.6384877851
8708,449940.9724671421,7.607013113564441,548985.6902296027,99044.71776246064,778,529390.3562502458
8709,433511.7422389641,8.374693336034246,714285.6005671917,280773.8583282276,778,810164.2145784735
8710,391339.177090764,8.095536891499771,655662.7472149519,264323.5701241879,778,1074487.7847026614
8711,338677.49324740213,8.16532600263339,670318.4605530121,331640.96730560996,778,1406128.7520082714
8712,275217.45468473143,8.13043144706658,662990.6038839819,387773.1491992505,778,1793901.901207522
8713,274801.24811166135,7.851275002532106,602821.0105580763,328019.76244641497,778,2121921.663653937
8714,319717.2312443163,7.641907669131249,556676.4502765272,236959.21903221088,778,2358880.882686148
8715,317105.921489276,7.467434891297203,519030.2647377329,201924.3432484569,778,2560805.2259346046
8716,306935.1392465965,7.292962113463156,484903.38939339336,177968.25014679687,778,2738773.4760814016
8717,323819.7016645244,6.804438335527826,394119.8430423639,70300.14137783949,778,2809073.6174592413
8718,357268.9031233604,6.350809113159303,319979.42510231317,-37289.47802104725,779,2771784.139438194
8719,397809.9460114139,5.897179890790781,254504.36145333204,-143305.58455808184,779,2628478.5548801124
8720,409663.8486846359,5.443550668422261,195322.8343285554,-214341.0143560805,779,2414137.540524032
8721,386789.19502272445,5.0946051127541665,156520.0885382633,-230269.10648446114,779,2183868.434039571
8722,406329.670485749,4.536292223685217,103709.85080009176,-302619.8196856573,779,1881248.6143539136
8723,419025.4526142525,4.117557556883505,71793.30525488619,-347232.1473593663,779,1534016.4669945473
8724,425916.1405236364,3.5941392233813643,39135.386334824216,-386780.7541888122,779,1147235.712805735
8725,348561.73147055315,3.1405100010128426,17782.440044565075,-330779.2914259881,779,816456.4213797469
8726,374076.5633774112,3.105615445446033,16247.079599625458,-357829.4837777858,779,458626.9376019611
8727,367314.6273170479,3.3847718899805077,28529.963159142342,-338784.66415790556,779,119842.27344405552
8728,365627.70123277593,3.9430847790494576,59653.38500810811,-305974.3162246678,779,0.0
8729,481740.0275967359,4.9899214460537396,145080.83588010108,-336659.19171663484,779,0.0
8730,487767.832100553,4.222241223583932,79623.64352407813,-408144.18857647484,779,0.0
8731,505603.8654458027,2.9311426676119865,10002.509888598086,-495601.3555572046,779,0.0
8732,437749.6549890509,1.744727778340468,0.0,-437749.6549890509,779,0.0
8733,427455.8296980353,1.4306767782391838,0.0,-427455.8296980353,779,0.0
8734,389553.1718040624,2.442618889676655,0.0,-389553.1718040624,779,0.0
8735,352554.3711197032,3.3847718899805077,28529.963159142342,-324024.4079605609,779,0.0
8736,284686.88102912594,3.28008822328008,23923.881824323515,-260762.99920480244,779,0.0
8737,288185.76438856934,2.5473025563770832,1097.4193079483314,-287088.345080621,779,0.0
8738,318165.4294124709,2.372829778543036,0.0,-318165.4294124709,779,0.0
8739,313441.4686397205,2.791564445344749,6764.295131998172,-306677.1735077223,779,0.0
8740,340755.5285770033,3.6639283345149827,43238.98606948098,-297516.5425075223,779,0.0
8741,311224.83830538444,4.36181944585117,90064.09454966751,-221160.74375571695,779,0.0
8742,361884.6731325116,4.92013233492012,138716.0689447149,-223168.6041877967,779,0.0
8743,418122.70680717344,5.373761557288642,187562.28517049697,-230560.42163667647,779,0.0
8744,403050.63027939934,5.792496224090355,240560.4970488353,-162490.13323056404,779,0.0
8745,363525.599185827,5.862285335223973,249856.4066518332,-113669.1925339938,779,0.0
8746,379059.444182599,5.792496224090355,240560.4970488353,-138498.94713376372,779,0.0
8747,433264.73795110086,5.722707112956735,231264.58744583713,-202000.15050526374,779,0.0
8748,396531.01398861216,5.792496224090355,240560.4970488353,-155970.51693977686,779,0.0
8749,375853.3463583595,5.792496224090355,240560.4970488353,-135292.8493095242,779,0.0
8750,386558.0138904175,5.687812557389925,226616.63264433807,-159941.38124607946,779,0.0
8751,407377.946848244,5.513339779555879,203376.85863684304,-204001.08821140096,779,0.0
8752,368048.2360479143,5.443550668422261,195322.8343285554,-172725.40171935892,779,0.0
8753,482967.6163354246,5.687812557389925,226616.63264433807,-256350.98369108653,779,0.0
8754,529156.6432902146,6.490387335426542,340581.1707089576,-188575.472581257,779,0.0
8755,446883.07219198346,7.362751224596776,498554.1395311294,51671.06733914593,780,51671.06733914593
8756,423631.5488922464,7.921064113665725,618202.5306519258,194570.98175967945,780,246242.04909882537
8757,415766.3174190825,7.67680222469806,564367.2103234524,148600.89290436986,780,394842.94200319523
8758,381204.1856524067,6.909122002228254,412041.6867814771,30837.501129070413,780,425680.44313226565
8759,332042.5312597991,6.455492779859732,335430.73430729646,3388.2030474973726,780,429068.646179763
8760,300672.880271576,6.211230890892066,299377.67949566897,-1295.2007759070257,781,427773.445403856
